index,set
21557,train
39699,train
54359,train
33188,train
2870,train
51722,train
43385,train
39217,train
2708,train
37197,train
60917,train
13299,train
8337,train
65318,train
39680,train
50191,train
57989,train
15349,train
7508,train
16325,train
54972,train
59440,train
41861,train
56043,train
44981,train
44081,train
65856,train
37443,train
54920,train
49368,train
68917,train
29674,train
31793,train
49837,train
52515,train
25584,train
8601,train
56843,train
59852,train
17236,train
16424,train
33318,train
26955,train
64538,train
58966,train
41974,train
61852,train
21875,train
30723,train
58937,train
38488,train
64543,train
29809,train
63908,train
19344,train
50864,train
33510,train
43060,train
45737,train
25558,train
34997,train
58827,train
14906,train
10697,train
5089,train
14131,train
14668,train
2476,train
18590,train
59845,train
4459,train
8289,train
16528,train
57727,train
58809,train
53714,train
37151,train
61409,train
68723,train
26807,train
57504,train
34365,train
1713,train
11294,train
50421,train
52182,train
49407,train
28699,train
55553,train
50299,train
11973,train
26744,train
17787,train
37467,train
15889,train
64007,train
3141,train
15645,train
59663,train
27672,train
21744,train
39969,train
11143,train
37901,train
57268,train
29689,train
65926,train
26196,train
11486,train
18132,train
65017,train
52643,train
4206,train
8228,train
44563,train
61749,train
64645,train
11138,train
49606,train
65170,train
52644,train
50567,train
7066,train
22509,train
45918,train
65583,train
61240,train
29628,train
45165,train
6853,train
1283,train
33803,train
50553,train
23502,train
64742,train
45607,train
26252,train
66787,train
14099,train
62178,train
21257,train
60271,train
49334,train
758,train
41555,train
62613,train
65625,train
42316,train
22231,train
10647,train
32980,train
10980,train
4903,train
57971,train
35569,train
11893,train
31372,train
23469,train
57153,train
27413,train
70553,train
30381,train
46207,train
16034,train
41966,train
40487,train
45922,train
59659,train
46863,train
3082,train
52040,train
30815,train
61268,train
43239,train
42310,train
67004,train
7925,train
46300,train
61413,train
24660,train
38512,train
17018,train
12991,train
30458,train
34525,train
47445,train
115,train
25411,train
16465,train
63141,train
2562,train
37533,train
9511,train
30241,train
26480,train
2848,train
45231,train
65236,train
25340,train
38855,train
35510,train
52446,train
4917,train
13140,train
12435,train
9572,train
52537,train
61615,train
6254,train
5901,train
46170,train
63055,train
7213,train
17121,train
49907,train
8980,train
4932,train
4688,train
42996,train
69833,train
68506,train
32887,train
28033,train
5571,train
14441,train
27679,train
37825,train
18413,train
13157,train
11381,train
2882,train
32456,train
55955,train
32640,train
61645,train
52306,train
45391,train
4619,train
62839,train
13162,train
67167,train
65185,train
52686,train
31786,train
31099,train
55682,train
55604,train
14052,train
56294,train
57240,train
69684,train
36688,train
23348,train
63904,train
65875,train
31459,train
15215,train
22464,train
62627,train
70465,train
6343,train
22840,train
24012,train
10873,train
60065,train
72,train
57406,train
4436,train
14133,train
27773,train
38877,train
58447,train
58286,train
61280,train
69437,train
4526,train
25325,train
18516,train
11503,train
20206,train
37737,train
46453,train
48319,train
24050,train
58465,train
52857,train
57737,train
34187,train
61743,train
18767,train
52730,train
44537,train
66854,train
49796,train
19060,train
23352,train
37977,train
58433,train
62139,train
27921,train
16756,train
32207,train
24254,train
16485,train
37766,train
27606,train
20907,train
23315,train
48602,train
69339,train
2678,train
6275,train
56739,train
24585,train
48003,train
47461,train
21457,train
36504,train
11023,train
7780,train
35493,train
32375,train
68280,train
15846,train
65497,train
16696,train
11854,train
26302,train
20562,train
66502,train
53246,train
4979,train
70129,train
10234,train
33586,train
28186,train
20478,train
26437,train
68631,train
24543,train
63067,train
4328,train
58421,train
2257,train
12526,train
52090,train
35368,train
67356,train
47585,train
10122,train
59642,train
50053,train
21740,train
52081,train
9500,train
4631,train
16834,train
67676,train
32945,train
61914,train
10565,train
38759,train
49162,train
59020,train
8396,train
41341,train
43069,train
34893,train
9825,train
47440,train
16306,train
33295,train
54082,train
55357,train
13701,train
65087,train
68088,train
657,train
10448,train
60758,train
49191,train
28472,train
36672,train
58111,train
17839,train
21756,train
6328,train
21662,train
55808,train
41732,train
48339,train
25660,train
21747,train
6468,train
70284,train
60824,train
2380,train
43879,train
25170,train
67059,train
54599,train
13355,train
36282,train
37361,train
2704,train
41997,train
42402,train
38648,train
23381,train
36917,train
69474,train
25534,train
63128,train
59185,train
32073,train
67544,train
52825,train
45850,train
27664,train
5573,train
67574,train
4316,train
29368,train
52053,train
70380,train
58073,train
56993,train
36811,train
5229,train
59540,train
56130,train
39796,train
63108,train
32727,train
34017,train
41505,train
43018,train
30623,train
22873,train
26674,train
41623,train
15161,train
35664,train
10703,train
15136,train
14159,train
68437,train
28315,train
43614,train
21387,train
31944,train
47242,train
24817,train
25415,train
1230,train
29967,train
70022,train
64580,train
35916,train
38279,train
48824,train
10109,train
57885,train
6913,train
37003,train
11416,train
2948,train
28261,train
20517,train
41235,train
33138,train
24863,train
66616,train
489,train
35495,train
56119,train
40411,train
67834,train
27132,train
3350,train
17288,train
43154,train
38682,train
19607,train
35274,train
16779,train
48372,train
43916,train
7831,train
46053,train
44949,train
5064,train
16835,train
1040,train
5665,train
18517,train
3059,train
20332,train
42094,train
5427,train
9567,train
64071,train
30966,train
33537,train
10391,train
28983,train
45909,train
55798,train
55386,train
10336,train
2947,train
18275,train
16625,train
54858,train
62773,train
3994,train
18665,train
14283,train
17993,train
48337,train
13785,train
47841,train
46894,train
44575,train
36542,train
11334,train
32101,train
5210,train
21782,train
22443,train
48010,train
2906,train
23115,train
12706,train
54071,train
25533,train
44966,train
46182,train
35747,train
10193,train
69179,train
11487,train
14155,train
58712,train
39717,train
33361,train
44011,train
63117,train
64112,train
30738,train
46642,train
49282,train
47548,train
48197,train
69128,train
47564,train
35189,train
60229,train
6416,train
48118,train
49972,train
13932,train
34392,train
67968,train
3663,train
46743,train
60069,train
8415,train
18631,train
41427,train
20166,train
63486,train
7471,train
30270,train
61127,train
52201,train
58491,train
28459,train
42466,train
33744,train
35630,train
42581,train
13501,train
35068,train
16126,train
11982,train
16520,train
68721,train
44508,train
14451,train
57199,train
17509,train
61797,train
3051,train
32496,train
43492,train
48451,train
70109,train
44786,train
61423,train
18005,train
69280,train
23089,train
61897,train
64655,train
51862,train
53234,train
54263,train
45558,train
6800,train
35616,train
32558,train
65934,train
33291,train
53921,train
33178,train
60207,train
47997,train
56728,train
13702,train
11827,train
15501,train
38978,train
18353,train
34036,train
69289,train
14856,train
27832,train
50079,train
47512,train
4986,train
46404,train
57691,train
54638,train
34641,train
57514,train
42487,train
58461,train
49818,train
23296,train
38254,train
62657,train
14386,train
28537,train
39801,train
56785,train
67251,train
63190,train
27438,train
29370,train
61479,train
65749,train
28008,train
47584,train
56031,train
46879,train
57518,train
43812,train
57969,train
43794,train
69137,train
1445,train
19413,train
27154,train
11624,train
64774,train
46103,train
33566,train
60833,train
55939,train
24265,train
18929,train
27794,train
20379,train
15960,train
54386,train
56814,train
3646,train
67173,train
19091,train
69344,train
64950,train
51031,train
36330,train
57627,train
38747,train
31415,train
59614,train
27257,train
46539,train
3814,train
54105,train
46004,train
47986,train
27065,train
32012,train
21270,train
69769,train
33739,train
38931,train
68344,train
62575,train
58277,train
31872,train
5770,train
33545,train
23336,train
39134,train
10210,train
20404,train
41136,train
68438,train
25527,train
60552,train
63426,train
43835,train
22938,train
56794,train
28587,train
29593,train
39495,train
26328,train
11680,train
10245,train
51611,train
26522,train
63295,train
34929,train
8067,train
45280,train
18956,train
34780,train
7689,train
33330,train
34127,train
6405,train
28118,train
4154,train
16736,train
19993,train
53964,train
39661,train
65779,train
64122,train
26832,train
48838,train
35425,train
69514,train
62425,train
37002,train
1517,train
17130,train
35379,train
36099,train
12332,train
30128,train
49842,train
50718,train
60534,train
35304,train
63730,train
62917,train
65332,train
41533,train
28038,train
51089,train
39361,train
62521,train
11331,train
3560,train
41756,train
27416,train
5261,train
43286,train
60142,train
30076,train
67193,train
43169,train
65044,train
53687,train
11722,train
8277,train
38235,train
2998,train
16326,train
34726,train
23471,train
63985,train
1301,train
45631,train
60245,train
25690,train
6684,train
64454,train
39014,train
29373,train
67085,train
44872,train
57458,train
3821,train
14725,train
53580,train
43087,train
48699,train
52611,train
63640,train
57283,train
44963,train
51961,train
69342,train
4581,train
2554,train
18873,train
60272,train
25375,train
27743,train
61973,train
35423,train
24385,train
13600,train
17333,train
57548,train
53357,train
43204,train
4919,train
64682,train
56882,train
30353,train
31461,train
5418,train
22427,train
4673,train
34160,train
64661,train
3851,train
60365,train
4709,train
6680,train
66919,train
52186,train
57833,train
31781,train
65453,train
12009,train
22979,train
58357,train
10180,train
19349,train
44782,train
22701,train
22355,train
10291,train
45681,train
30183,train
42452,train
23556,train
57301,train
1103,train
48940,train
55493,train
32114,train
45941,train
68188,train
57273,train
54825,train
5978,train
12868,train
33091,train
240,train
7071,train
754,train
47176,train
50110,train
55062,train
41401,train
1461,train
35462,train
54680,train
57329,train
16678,train
8039,train
69125,train
51587,train
4397,train
3407,train
49245,train
23948,train
31753,train
22589,train
6438,train
42780,train
14542,train
18796,train
69864,train
60443,train
28478,train
65048,train
37839,train
26912,train
64872,train
60446,train
68483,train
37591,train
13562,train
36482,train
9697,train
25838,train
32627,train
62777,train
8429,train
1151,train
1414,train
361,train
50382,train
25564,train
43573,train
20485,train
26286,train
31975,train
10445,train
30674,train
66373,train
66828,train
5839,train
37359,train
59577,train
64986,train
19131,train
33741,train
30398,train
70135,train
64062,train
42467,train
43219,train
69846,train
55111,train
19253,train
27433,train
33888,train
17504,train
65257,train
24378,train
55656,train
61572,train
49618,train
62818,train
48665,train
36563,train
10118,train
40107,train
53880,train
13583,train
64282,train
53438,train
59005,train
21219,train
26002,train
46518,train
18848,train
22524,train
55825,train
56108,train
13724,train
64509,train
21836,train
19842,train
69480,train
55876,train
54371,train
50037,train
9408,train
44279,train
5447,train
35681,train
3159,train
48093,train
47784,train
65072,train
17833,train
22022,train
18305,train
37888,train
6875,train
3885,train
57662,train
69503,train
7833,train
21926,train
13084,train
15823,train
5683,train
59566,train
39211,train
45369,train
40861,train
22033,train
35520,train
18668,train
65884,train
47013,train
11082,train
53286,train
27869,train
39983,train
32463,train
58000,train
51551,train
66753,train
43586,train
944,train
120,train
38196,train
20413,train
65471,train
54692,train
26044,train
26538,train
59095,train
70449,train
3027,train
30233,train
2190,train
7542,train
57591,train
14008,train
15619,train
10463,train
1519,train
53610,train
11467,train
8792,train
6904,train
34404,train
34578,train
2080,train
41953,train
32786,train
69070,train
56642,train
45052,train
61285,train
34943,train
68250,train
38207,train
57081,train
35638,train
10593,train
45804,train
49114,train
315,train
51756,train
49892,train
30111,train
39913,train
24619,train
62751,train
58792,train
45756,train
46565,train
66359,train
38019,train
46285,train
40478,train
10712,train
8716,train
36403,train
32001,train
4965,train
28010,train
66906,train
11793,train
61003,train
17561,train
17066,train
50357,train
28605,train
46471,train
41961,train
4638,train
37578,train
59455,train
7662,train
51772,train
68217,train
70057,train
69477,train
24695,train
33103,train
49062,train
60936,train
10088,train
58517,train
9153,train
37560,train
56613,train
18731,train
45898,train
32714,train
16547,train
52986,train
63068,train
26645,train
49405,train
29108,train
39810,train
46098,train
14798,train
24890,train
38921,train
8983,train
37058,train
13261,train
47430,train
49649,train
32984,train
35724,train
31081,train
44814,train
18317,train
508,train
48173,train
48613,train
60918,train
43987,train
1031,train
19313,train
28292,train
220,train
9734,train
64903,train
49054,train
40188,train
21466,train
7466,train
42041,train
69791,train
70308,train
7719,train
68611,train
28597,train
24360,train
50791,train
15627,train
69841,train
23757,train
67409,train
41952,train
9248,train
17149,train
66019,train
18960,train
62219,train
24350,train
11365,train
29906,train
50091,train
4392,train
49155,train
12691,train
63602,train
21330,train
61775,train
37453,train
64039,train
20462,train
47945,train
67814,train
40840,train
26495,train
53987,train
68585,train
6634,train
65070,train
58791,train
12664,train
19293,train
49958,train
14470,train
13997,train
48765,train
54924,train
31735,train
67018,train
25035,train
50710,train
59912,train
37326,train
35976,train
57319,train
65604,train
49018,train
32881,train
49422,train
62395,train
35531,train
11830,train
34954,train
51813,train
32591,train
24661,train
42012,train
61292,train
23810,train
63838,train
37327,train
26546,train
19934,train
36553,train
28329,train
36730,train
12635,train
17816,train
40094,train
10761,train
16269,train
51807,train
32520,train
30437,train
29530,train
63515,train
20389,train
50505,train
5991,train
62237,train
17303,train
54658,train
16022,train
37738,train
48790,train
48761,train
24797,train
51071,train
23564,train
19942,train
64188,train
28280,train
24627,train
27241,train
57511,train
33759,train
65579,train
3888,train
6724,train
30413,train
32847,train
16667,train
34937,train
45486,train
39412,train
33997,train
42032,train
3534,train
39621,train
19693,train
41862,train
19763,train
5126,train
19492,train
54413,train
24857,train
47024,train
225,train
34708,train
42582,train
6718,train
64567,train
52403,train
15745,train
20613,train
18276,train
59909,train
7106,train
20177,train
69642,train
35906,train
8923,train
30492,train
69182,train
8050,train
46761,train
37048,train
2218,train
65050,train
4721,train
35057,train
13342,train
60452,train
30604,train
52404,train
36008,train
34579,train
23285,train
65587,train
65810,train
9552,train
53570,train
37742,train
10098,train
18328,train
35859,train
47255,train
65773,train
60950,train
3275,train
12445,train
69551,train
46015,train
35081,train
48345,train
21707,train
15032,train
50569,train
45298,train
16513,train
13595,train
57889,train
35285,train
24143,train
65309,train
39703,train
11759,train
53404,train
54026,train
1066,train
67742,train
36822,train
1397,train
29230,train
32499,train
7963,train
1323,train
57326,train
18378,train
49443,train
62360,train
45034,train
40762,train
70487,train
1672,train
61501,train
32746,train
36179,train
69443,train
14901,train
64657,train
8552,train
44235,train
32868,train
67524,train
37415,train
43405,train
42061,train
26246,train
1894,train
24605,train
23179,train
2569,train
50485,train
22667,train
38134,train
29265,train
26000,train
24480,train
16758,train
811,train
33766,train
40585,train
43043,train
53069,train
65667,train
14554,train
63867,train
20246,train
70054,train
21872,train
63019,train
24160,train
69965,train
36409,train
12177,train
48132,train
53636,train
46185,train
63916,train
50237,train
9100,train
65538,train
66742,train
54174,train
42923,train
56203,train
52391,train
67858,train
66622,train
9673,train
56275,train
67817,train
23811,train
42764,train
4642,train
14712,train
57807,train
26381,train
12085,train
68304,train
33204,train
22690,train
39881,train
19811,train
67886,train
19912,train
18613,train
8387,train
50658,train
35880,train
18266,train
28176,train
27275,train
59752,train
39225,train
63327,train
43138,train
26049,train
24800,train
25012,train
56687,train
29317,train
22649,train
32866,train
55617,train
51372,train
18601,train
64014,train
23540,train
16116,train
43081,train
20185,train
6937,train
36798,train
24204,train
58731,train
54588,train
70631,train
25396,train
53899,train
36820,train
64625,train
50537,train
61918,train
24073,train
37778,train
35748,train
10746,train
3804,train
24644,train
38587,train
17150,train
67888,train
37023,train
24133,train
57575,train
69988,train
1034,train
52816,train
39501,train
38318,train
48701,train
22184,train
35650,train
29281,train
47677,train
54243,train
20524,train
51904,train
56647,train
61995,train
9343,train
54320,train
21006,train
34139,train
57542,train
9602,train
42315,train
3291,train
35945,train
31457,train
59991,train
48728,train
70492,train
47293,train
6490,train
57846,train
54749,train
53383,train
55378,train
55555,train
3289,train
24748,train
17918,train
50595,train
30613,train
41302,train
7243,train
39795,train
55349,train
6026,train
4278,train
51426,train
27214,train
69256,train
2900,train
2453,train
26307,train
30378,train
10270,train
11577,train
26459,train
10629,train
60636,train
20345,train
60516,train
10254,train
46328,train
16446,train
38813,train
48204,train
65117,train
42397,train
51457,train
35852,train
61125,train
8451,train
54253,train
7058,train
42021,train
37598,train
9986,train
2495,train
16541,train
30461,train
65482,train
6265,train
47492,train
57451,train
30848,train
37733,train
26821,train
17147,train
55966,train
6236,train
4639,train
22875,train
5702,train
9733,train
44043,train
49230,train
4448,train
44558,train
50732,train
28534,train
52705,train
14329,train
6967,train
70662,train
61948,train
69672,train
61759,train
56255,train
20879,train
58013,train
29903,train
17053,train
29996,train
66026,train
11888,train
36308,train
10984,train
52107,train
54345,train
41487,train
10865,train
21964,train
42168,train
63918,train
29970,train
53662,train
21340,train
30935,train
9043,train
64579,train
61156,train
17298,train
53200,train
23029,train
31096,train
51002,train
9211,train
25735,train
39190,train
53615,train
66215,train
51692,train
25704,train
39,train
25921,train
5195,train
42015,train
29048,train
21664,train
10758,train
904,train
69665,train
5521,train
20547,train
31902,train
39246,train
46889,train
50054,train
42788,train
63507,train
52742,train
22834,train
57677,train
2254,train
35656,train
66236,train
5011,train
57300,train
56495,train
60464,train
7345,train
64387,train
13729,train
18065,train
67199,train
68455,train
50442,train
9184,train
69447,train
48667,train
13887,train
395,train
30414,train
19236,train
18555,train
26230,train
56136,train
37059,train
42531,train
12639,train
51986,train
38214,train
65057,train
40934,train
38516,train
17630,train
36233,train
1798,train
4264,train
37927,train
14773,train
21741,train
59643,train
53530,train
1963,train
52471,train
14036,train
6219,train
46598,train
66185,train
22912,train
35736,train
28544,train
69629,train
35340,train
31757,train
64080,train
49643,train
40524,train
52100,train
56995,train
65414,train
20143,train
51023,train
54780,train
29738,train
28991,train
11424,train
57021,train
14722,train
68960,train
24445,train
33286,train
48256,train
69238,train
34159,train
59298,train
13716,train
29516,train
9414,train
11344,train
66335,train
50350,train
23058,train
31555,train
16278,train
33338,train
65996,train
63570,train
69612,train
8522,train
9912,train
42528,train
43706,train
31662,train
21058,train
47667,train
47215,train
59657,train
40011,train
64048,train
6015,train
15857,train
28436,train
41558,train
52657,train
40612,train
62595,train
53083,train
52689,train
62782,train
35508,train
31352,train
48810,train
43158,train
61167,train
59638,train
54000,train
45833,train
37307,train
38023,train
51135,train
1112,train
59629,train
51196,train
19548,train
1737,train
39959,train
37678,train
48027,train
56372,train
41700,train
37668,train
54447,train
20973,train
65334,train
35538,train
20317,train
35745,train
13235,train
16973,train
53935,train
50106,train
40457,train
50838,train
16479,train
63860,train
37112,train
66343,train
17412,train
50839,train
58288,train
50047,train
48817,train
41189,train
40072,train
25064,train
15719,train
56601,train
16401,train
47963,train
59459,train
64024,train
62047,train
5203,train
4017,train
61996,train
24134,train
7474,train
16938,train
32899,train
51361,train
10559,train
67128,train
42275,train
11435,train
61994,train
34681,train
52189,train
53138,train
41395,train
69890,train
1706,train
31297,train
36902,train
13484,train
48015,train
17213,train
58619,train
57015,train
36590,train
48247,train
21907,train
3840,train
21307,train
63321,train
43387,train
66203,train
3539,train
2258,train
50701,train
15869,train
64993,train
26273,train
22090,train
61498,train
58663,train
20639,train
60163,train
66646,train
38021,train
26030,train
19819,train
56129,train
21820,train
43480,train
62942,train
8907,train
11361,train
64846,train
69168,train
68341,train
7539,train
21723,train
47174,train
4113,train
22113,train
12682,train
69625,train
26190,train
21829,train
23105,train
16828,train
58806,train
63482,train
43986,train
12964,train
56620,train
14784,train
53802,train
66109,train
48629,train
1755,train
49956,train
48479,train
29591,train
51601,train
26180,train
6635,train
62811,train
3136,train
28861,train
208,train
64783,train
63355,train
61689,train
48920,train
48449,train
63906,train
65401,train
59683,train
6915,train
55063,train
21798,train
6350,train
20301,train
11617,train
39979,train
51365,train
65762,train
61173,train
39347,train
25993,train
52842,train
30203,train
53918,train
24845,train
44613,train
58916,train
68568,train
49278,train
37759,train
39311,train
58709,train
39782,train
12253,train
12911,train
17799,train
3257,train
19594,train
13968,train
16405,train
1136,train
22187,train
6418,train
41336,train
31336,train
30360,train
13820,train
11415,train
32173,train
13543,train
47302,train
66969,train
36392,train
28621,train
38539,train
396,train
9177,train
6742,train
32683,train
42364,train
27277,train
70014,train
44630,train
55135,train
620,train
67530,train
6032,train
68743,train
22226,train
67799,train
68603,train
59261,train
63595,train
70502,train
66210,train
22188,train
33720,train
31394,train
48955,train
32377,train
34768,train
3618,train
21275,train
20594,train
27291,train
28175,train
42752,train
6166,train
47086,train
67129,train
46884,train
46980,train
28584,train
8266,train
16389,train
35075,train
40530,train
35330,train
53076,train
12304,train
6629,train
21852,train
39032,train
39025,train
68835,train
13193,train
61117,train
1915,train
64439,train
61493,train
50529,train
13201,train
38358,train
1848,train
26363,train
5540,train
55541,train
58965,train
70238,train
34106,train
64651,train
24994,train
4649,train
7720,train
49711,train
928,train
69699,train
8924,train
253,train
15107,train
28879,train
46579,train
55575,train
37300,train
41789,train
3991,train
43466,train
510,train
25474,train
54558,train
4167,train
29709,train
35271,train
35371,train
52629,train
51744,train
56735,train
9023,train
65218,train
40577,train
56015,train
18392,train
15872,train
36716,train
55709,train
20294,train
61932,train
20435,train
31756,train
6505,train
54491,train
67013,train
19068,train
54842,train
43241,train
4970,train
1540,train
17935,train
7090,train
53495,train
10190,train
7333,train
307,train
25201,train
26269,train
38934,train
7816,train
23854,train
1515,train
16656,train
21600,train
26685,train
55042,train
33565,train
50550,train
47545,train
67909,train
19751,train
65935,train
14022,train
60289,train
1324,train
14094,train
40093,train
26974,train
969,train
40384,train
25487,train
70188,train
66995,train
68927,train
55543,train
32729,train
52677,train
3670,train
35451,train
4024,train
54521,train
29114,train
58295,train
47249,train
9390,train
18530,train
18678,train
44807,train
28960,train
22000,train
15812,train
15485,train
65054,train
27220,train
60205,train
33086,train
69526,train
19446,train
59625,train
53449,train
51025,train
10040,train
16682,train
3763,train
3369,train
29006,train
31047,train
9020,train
50288,train
65147,train
66478,train
27247,train
60457,train
39161,train
56251,train
12127,train
52623,train
3200,train
38355,train
42688,train
63450,train
60068,train
49179,train
11306,train
27320,train
3794,train
53604,train
52616,train
49667,train
30165,train
36884,train
18708,train
41284,train
16718,train
13762,train
28381,train
12674,train
8581,train
9626,train
10839,train
21186,train
29475,train
23308,train
1220,train
30778,train
65786,train
7679,train
53483,train
48554,train
41036,train
37568,train
32942,train
27395,train
4977,train
12342,train
55254,train
20205,train
61628,train
23974,train
12981,train
69304,train
24732,train
65027,train
37239,train
24177,train
33040,train
35165,train
57030,train
65459,train
1288,train
68525,train
685,train
53743,train
37027,train
26206,train
21128,train
56845,train
55544,train
59443,train
46977,train
67716,train
2448,train
15935,train
5612,train
58608,train
53736,train
42952,train
59892,train
5202,train
18629,train
62506,train
48273,train
39236,train
34117,train
26150,train
4653,train
50463,train
22823,train
36028,train
57709,train
69247,train
23815,train
47504,train
23422,train
37655,train
69239,train
63446,train
62895,train
39046,train
70051,train
22445,train
60149,train
69911,train
41014,train
6256,train
34278,train
34789,train
56812,train
63713,train
6498,train
18764,train
48145,train
49328,train
18490,train
20716,train
53289,train
19218,train
33751,train
45847,train
6351,train
33572,train
36493,train
7210,train
16928,train
21933,train
15230,train
17441,train
49763,train
69050,train
45532,train
48260,train
13485,train
52032,train
51170,train
7009,train
69879,train
27341,train
51896,train
35201,train
24432,train
42625,train
11036,train
36396,train
2956,train
47574,train
47858,train
7771,train
44852,train
64545,train
65928,train
70508,train
44243,train
2423,train
30574,train
41603,train
48661,train
66765,train
39423,train
66770,train
4381,train
21706,train
65293,train
34050,train
45237,train
8424,train
62225,train
40579,train
20012,train
18977,train
25694,train
13361,train
52141,train
15254,train
61061,train
10069,train
67395,train
49960,train
63727,train
52206,train
16709,train
34231,train
42601,train
65690,train
10723,train
33941,train
21025,train
7637,train
68608,train
16852,train
46570,train
67434,train
11098,train
33790,train
48837,train
12560,train
62420,train
59822,train
15537,train
58473,train
2954,train
17020,train
66890,train
36163,train
862,train
1212,train
59070,train
50470,train
26631,train
64209,train
38861,train
61532,train
29126,train
57952,train
41371,train
13576,train
776,train
3154,train
58702,train
23771,train
56461,train
58206,train
40570,train
49893,train
53659,train
8759,train
22053,train
69596,train
8697,train
60243,train
41935,train
56060,train
11282,train
35996,train
17835,train
29700,train
28299,train
57096,train
37480,train
48331,train
1622,train
50114,train
19598,train
57078,train
34342,train
10928,train
55199,train
55719,train
67687,train
5215,train
24628,train
11310,train
47164,train
42519,train
52988,train
10077,train
37552,train
68383,train
25384,train
60999,train
8023,train
5047,train
7011,train
54622,train
37949,train
46801,train
48229,train
24697,train
38842,train
62922,train
61927,train
43766,train
67287,train
53049,train
3856,train
22141,train
57990,train
30470,train
41552,train
20856,train
47921,train
66513,train
51055,train
10625,train
68405,train
58096,train
43964,train
64659,train
5142,train
51673,train
25439,train
68411,train
12422,train
6431,train
57569,train
52184,train
56132,train
22259,train
62771,train
16160,train
2440,train
47367,train
60241,train
22747,train
39322,train
42955,train
2306,train
66482,train
13976,train
24862,train
65611,train
13759,train
39763,train
34024,train
47442,train
15525,train
48783,train
28705,train
27781,train
13479,train
13333,train
56145,train
25709,train
15616,train
54533,train
7338,train
51097,train
12657,train
5888,train
54921,train
35301,train
38769,train
47526,train
26278,train
3630,train
12736,train
30331,train
14778,train
43967,train
66860,train
69370,train
42991,train
60213,train
51075,train
64377,train
69800,train
28241,train
30819,train
10354,train
23270,train
28169,train
2429,train
52370,train
41388,train
61768,train
5242,train
58030,train
68618,train
36577,train
45039,train
11260,train
46862,train
70588,train
61053,train
29280,train
19269,train
23793,train
46415,train
4366,train
34747,train
50238,train
65944,train
20466,train
13542,train
16144,train
60866,train
30313,train
61106,train
9808,train
42613,train
33535,train
14706,train
57706,train
9302,train
6140,train
6033,train
6429,train
57747,train
1142,train
55340,train
37269,train
29790,train
30957,train
17472,train
31911,train
5322,train
18385,train
23307,train
39734,train
61886,train
30527,train
52673,train
52802,train
4183,train
14765,train
39068,train
50427,train
61322,train
43868,train
1802,train
10683,train
46883,train
50630,train
64139,train
902,train
52947,train
2524,train
31655,train
7683,train
25422,train
18968,train
49511,train
68260,train
16128,train
58185,train
28406,train
34769,train
69198,train
23537,train
4362,train
55786,train
51596,train
42600,train
60524,train
67818,train
33926,train
4872,train
2291,train
47611,train
9441,train
47229,train
35016,train
50374,train
35373,train
1727,train
43137,train
5170,train
42647,train
32728,train
12722,train
25199,train
63736,train
12058,train
62637,train
10277,train
9758,train
59595,train
4209,train
40963,train
32450,train
8538,train
30142,train
54742,train
68187,train
40945,train
3698,train
16360,train
53184,train
68547,train
37010,train
7848,train
45419,train
20924,train
47892,train
64731,train
31160,train
30211,train
20668,train
2410,train
35065,train
36494,train
39267,train
45534,train
52021,train
17837,train
6710,train
13263,train
31157,train
7405,train
6563,train
45728,train
69659,train
19985,train
1513,train
54737,train
42594,train
14042,train
63866,train
58221,train
60920,train
24841,train
23273,train
62837,train
27244,train
53799,train
36566,train
41489,train
33901,train
59275,train
58426,train
29946,train
16343,train
22027,train
54246,train
41458,train
60026,train
69470,train
35854,train
36996,train
9883,train
38253,train
55205,train
43110,train
56463,train
27486,train
50338,train
13940,train
39724,train
20433,train
8644,train
16838,train
10835,train
48058,train
61398,train
18756,train
47017,train
7547,train
66531,train
66781,train
17966,train
22958,train
65585,train
45055,train
67468,train
16206,train
18617,train
4270,train
65520,train
13592,train
34273,train
38961,train
38637,train
50832,train
34417,train
24289,train
46721,train
9839,train
44664,train
24834,train
26675,train
47692,train
24960,train
59259,train
61442,train
18137,train
15729,train
2799,train
67929,train
70396,train
36993,train
11368,train
54223,train
13448,train
34847,train
16426,train
29064,train
48076,train
28081,train
23261,train
28615,train
13782,train
2369,train
6304,train
21748,train
50168,train
60852,train
25875,train
58472,train
17557,train
49875,train
63276,train
31296,train
39060,train
58579,train
68658,train
65735,train
35156,train
38233,train
65143,train
39742,train
14685,train
6308,train
69868,train
2243,train
40673,train
9385,train
60314,train
23644,train
56181,train
17359,train
55375,train
65660,train
39986,train
52129,train
20778,train
44933,train
67569,train
41002,train
63223,train
3767,train
66863,train
1367,train
67706,train
28934,train
48435,train
58693,train
52120,train
41092,train
59646,train
30000,train
11523,train
66497,train
27746,train
20468,train
26673,train
59199,train
68311,train
52585,train
53769,train
27489,train
50663,train
59672,train
4664,train
38737,train
23096,train
33877,train
62385,train
42098,train
11663,train
34492,train
51794,train
46822,train
40009,train
48874,train
33059,train
1751,train
64958,train
40439,train
69414,train
66738,train
1516,train
60139,train
38076,train
23428,train
20614,train
67252,train
47823,train
24019,train
23351,train
70463,train
28463,train
60538,train
37910,train
61209,train
52814,train
66115,train
15462,train
65419,train
13758,train
32505,train
66698,train
22410,train
34166,train
40494,train
48457,train
21000,train
54851,train
31717,train
34165,train
1574,train
53151,train
29142,train
2680,train
63605,train
45722,train
13695,train
34813,train
46367,train
18405,train
12921,train
9108,train
47792,train
8984,train
22619,train
58614,train
14151,train
44451,train
9887,train
47766,train
50455,train
52376,train
6174,train
53085,train
63014,train
10610,train
55194,train
5057,train
5281,train
19096,train
42832,train
28881,train
49803,train
48056,train
49725,train
52588,train
27790,train
29484,train
9606,train
36076,train
49979,train
28662,train
9336,train
53216,train
3098,train
64373,train
39777,train
57764,train
22743,train
8051,train
39793,train
14313,train
55626,train
69054,train
68273,train
66240,train
43628,train
13183,train
27232,train
11897,train
34657,train
32660,train
15365,train
53522,train
50849,train
54586,train
14198,train
22740,train
18121,train
13067,train
44401,train
3668,train
34600,train
68710,train
10192,train
14642,train
70409,train
24856,train
67180,train
13554,train
6095,train
17016,train
14168,train
64707,train
24159,train
64899,train
30231,train
29856,train
68640,train
30682,train
64452,train
6784,train
23249,train
35907,train
46794,train
16962,train
29046,train
2153,train
18096,train
69950,train
11262,train
59896,train
8958,train
24183,train
63081,train
25636,train
16029,train
59438,train
55355,train
24888,train
56239,train
42887,train
2019,train
68306,train
54032,train
48857,train
138,train
53394,train
10169,train
13349,train
18814,train
67010,train
56410,train
12982,train
22178,train
19767,train
7628,train
43447,train
12414,train
54805,train
42299,train
12928,train
7627,train
57585,train
16965,train
38768,train
34683,train
22346,train
33432,train
21199,train
17219,train
18556,train
33779,train
43958,train
13057,train
60831,train
51389,train
49576,train
26947,train
53874,train
45175,train
67551,train
1014,train
9601,train
42816,train
10787,train
5656,train
12807,train
23252,train
33251,train
6736,train
49493,train
55490,train
2199,train
45572,train
6051,train
60512,train
20368,train
64226,train
38375,train
19115,train
66954,train
13659,train
23095,train
12958,train
10006,train
12625,train
13416,train
54734,train
31203,train
16203,train
52697,train
56462,train
21093,train
31022,train
12107,train
30274,train
9631,train
26158,train
53336,train
66609,train
46445,train
14687,train
44749,train
13394,train
22556,train
68878,train
65437,train
54623,train
32199,train
68619,train
26856,train
35457,train
44093,train
25056,train
51697,train
5395,train
22397,train
40375,train
7227,train
21394,train
69808,train
42099,train
879,train
67635,train
36812,train
22711,train
5831,train
16164,train
66499,train
65084,train
20032,train
15087,train
20341,train
20397,train
14858,train
66081,train
46694,train
2761,train
48908,train
14590,train
39103,train
43739,train
27011,train
17730,train
34539,train
419,train
56363,train
2026,train
61115,train
49924,train
59645,train
54618,train
29810,train
16985,train
49287,train
43712,train
13956,train
18675,train
33476,train
18791,train
32959,train
39117,train
49993,train
33990,train
10416,train
37064,train
48520,train
27882,train
32128,train
61315,train
31688,train
55819,train
17886,train
68706,train
43373,train
44540,train
68565,train
35415,train
29019,train
28814,train
35576,train
70258,train
52465,train
27126,train
40263,train
19040,train
43930,train
27315,train
47719,train
39051,train
44140,train
67896,train
53606,train
57439,train
4032,train
59929,train
14815,train
46261,train
249,train
27014,train
61851,train
60397,train
25181,train
41770,train
44993,train
18707,train
45884,train
12538,train
48677,train
62677,train
57718,train
51337,train
2455,train
57795,train
32243,train
29821,train
19571,train
17385,train
722,train
6661,train
18849,train
791,train
33123,train
59385,train
37345,train
8206,train
9119,train
27101,train
2519,train
18461,train
4790,train
12770,train
62453,train
21810,train
799,train
67118,train
3454,train
35649,train
16324,train
64438,train
45547,train
33596,train
27502,train
47612,train
59866,train
43348,train
28173,train
27735,train
69648,train
13680,train
55485,train
61499,train
40903,train
17664,train
50234,train
68379,train
44457,train
60688,train
48016,train
48483,train
23571,train
23561,train
20124,train
1669,train
42240,train
9700,train
686,train
45201,train
34424,train
14707,train
24469,train
27615,train
48785,train
4656,train
41587,train
48745,train
47090,train
44946,train
56457,train
45438,train
29559,train
32609,train
29389,train
28385,train
43911,train
30017,train
67124,train
19847,train
47705,train
10398,train
15019,train
41296,train
44667,train
68644,train
52476,train
52003,train
20994,train
67601,train
51333,train
66362,train
32973,train
3634,train
62169,train
33289,train
24655,train
64000,train
2792,train
55941,train
51824,train
19506,train
21799,train
48811,train
63661,train
69017,train
14828,train
63083,train
20403,train
15956,train
20661,train
68112,train
44458,train
18381,train
34208,train
29859,train
5717,train
68893,train
57478,train
61424,train
69928,train
28975,train
46621,train
13879,train
31894,train
65741,train
21742,train
70288,train
24714,train
12802,train
57010,train
33658,train
32155,train
35597,train
7140,train
26851,train
46187,train
1772,train
29065,train
45241,train
22803,train
55066,train
1951,train
17346,train
19984,train
41562,train
40401,train
15221,train
6474,train
6979,train
34155,train
44314,train
67182,train
1383,train
65200,train
30506,train
56842,train
59514,train
2699,train
59890,train
26028,train
61648,train
12585,train
40609,train
10704,train
36395,train
56875,train
59056,train
49588,train
47778,train
28346,train
68418,train
60318,train
17278,train
8405,train
35566,train
49693,train
27680,train
58337,train
11745,train
68571,train
34963,train
38294,train
63455,train
25382,train
55904,train
27807,train
28722,train
53732,train
48286,train
49748,train
11019,train
31008,train
32564,train
55260,train
29139,train
68014,train
47191,train
46654,train
17795,train
26889,train
70201,train
43013,train
41259,train
38936,train
44811,train
22264,train
34680,train
22394,train
3742,train
57697,train
3908,train
28933,train
19986,train
34393,train
30376,train
2233,train
7858,train
22842,train
63284,train
23456,train
23,train
65529,train
54061,train
44858,train
56442,train
56342,train
42521,train
8059,train
37091,train
17282,train
2696,train
29668,train
56260,train
3312,train
15943,train
22937,train
69043,train
17539,train
57801,train
61142,train
27049,train
48473,train
63333,train
53943,train
7157,train
68983,train
24962,train
60074,train
8096,train
43886,train
31225,train
59684,train
66306,train
13137,train
28545,train
11204,train
51928,train
22201,train
53102,train
49300,train
49498,train
16376,train
30509,train
37007,train
8468,train
36555,train
54368,train
554,train
19762,train
11436,train
67821,train
26373,train
22776,train
40980,train
32341,train
31538,train
21188,train
68671,train
60592,train
28812,train
34221,train
52580,train
48360,train
8645,train
65265,train
50642,train
93,train
23196,train
30340,train
28179,train
25557,train
9473,train
42825,train
31476,train
36974,train
57453,train
15979,train
66603,train
55669,train
4251,train
33096,train
53812,train
55839,train
58365,train
8555,train
39131,train
32785,train
6270,train
23032,train
6002,train
61159,train
51534,train
55267,train
54771,train
4937,train
78,train
64349,train
30763,train
24290,train
30387,train
12126,train
32947,train
8671,train
33167,train
40703,train
20286,train
22697,train
62798,train
45198,train
8692,train
31653,train
28917,train
32572,train
7778,train
39329,train
56041,train
28748,train
51795,train
64800,train
21478,train
57444,train
11999,train
8100,train
42488,train
26763,train
20074,train
57782,train
54942,train
10294,train
7509,train
52504,train
52222,train
8060,train
67209,train
66961,train
62739,train
59561,train
57557,train
36222,train
62707,train
25806,train
16008,train
69492,train
31416,train
3104,train
62736,train
30098,train
68487,train
22926,train
16759,train
31648,train
68057,train
63531,train
13088,train
27922,train
6943,train
45533,train
61858,train
12557,train
53847,train
57226,train
62331,train
37677,train
67081,train
44028,train
23842,train
61639,train
39757,train
17187,train
448,train
32708,train
4727,train
36627,train
6961,train
12514,train
36241,train
23386,train
21572,train
67438,train
30058,train
48364,train
23796,train
62305,train
49990,train
25935,train
34606,train
4116,train
50270,train
67870,train
23346,train
36351,train
2686,train
68954,train
52771,train
7391,train
68439,train
4608,train
18106,train
8690,train
65018,train
63919,train
47616,train
62273,train
45458,train
38809,train
51037,train
29714,train
9523,train
11054,train
64866,train
56948,train
19319,train
38923,train
28360,train
42051,train
45225,train
11427,train
30925,train
42694,train
7906,train
36933,train
44740,train
54021,train
39345,train
3595,train
19680,train
18788,train
31423,train
14254,train
16312,train
66104,train
57035,train
13136,train
27749,train
37682,train
10936,train
53005,train
42734,train
38762,train
17930,train
47982,train
15182,train
13389,train
17057,train
19514,train
13160,train
51810,train
793,train
58594,train
50508,train
44680,train
40767,train
13434,train
48200,train
52286,train
40736,train
31232,train
19199,train
57750,train
27795,train
13565,train
1474,train
63596,train
46306,train
69602,train
13244,train
61048,train
69706,train
51109,train
47278,train
28127,train
45070,train
55683,train
54490,train
59509,train
36681,train
56811,train
59583,train
58640,train
4238,train
40352,train
65333,train
7015,train
42626,train
112,train
62870,train
7756,train
17254,train
50852,train
55982,train
40901,train
60635,train
9488,train
58415,train
7815,train
65051,train
57344,train
43051,train
16097,train
68318,train
41819,train
52887,train
59444,train
41892,train
23748,train
9907,train
3309,train
59293,train
35022,train
63810,train
68410,train
46200,train
39601,train
54327,train
8438,train
32422,train
68517,train
40584,train
21112,train
36058,train
28520,train
63610,train
36232,train
58285,train
27160,train
1970,train
62435,train
24731,train
41703,train
53805,train
28972,train
66595,train
230,train
31141,train
3829,train
62279,train
48097,train
44584,train
3024,train
19043,train
1967,train
10889,train
40728,train
50961,train
69987,train
20279,train
10218,train
35181,train
2618,train
53201,train
13138,train
61755,train
6160,train
29667,train
21029,train
52164,train
11875,train
4068,train
14825,train
41190,train
24544,train
55765,train
19162,train
8442,train
53723,train
47720,train
57773,train
36290,train
27981,train
9305,train
57368,train
60570,train
56700,train
21273,train
28549,train
66141,train
37586,train
33389,train
41883,train
8772,train
26815,train
66438,train
25966,train
17898,train
13497,train
1347,train
65295,train
12101,train
60515,train
23590,train
2115,train
57340,train
26671,train
52398,train
3543,train
51324,train
50572,train
23331,train
4693,train
2103,train
11094,train
32960,train
57034,train
17445,train
64590,train
7372,train
49727,train
38142,train
7044,train
4651,train
8981,train
61959,train
69907,train
57395,train
66202,train
14114,train
5535,train
23762,train
35682,train
10378,train
15786,train
33933,train
41247,train
19426,train
39886,train
65627,train
31009,train
36382,train
64526,train
53147,train
28837,train
18583,train
57006,train
70569,train
48566,train
58831,train
61328,train
58091,train
20980,train
52249,train
63049,train
55642,train
740,train
68936,train
29104,train
4111,train
4091,train
2197,train
57498,train
35766,train
25716,train
9530,train
28092,train
38037,train
68249,train
68624,train
39579,train
30971,train
32990,train
3523,train
4378,train
70038,train
14744,train
54982,train
7913,train
59411,train
16933,train
19494,train
17748,train
36378,train
32765,train
57233,train
7186,train
22337,train
29062,train
19258,train
49879,train
60325,train
20511,train
823,train
41233,train
18262,train
59088,train
52855,train
40776,train
57365,train
37060,train
69595,train
27449,train
62772,train
49762,train
14875,train
32825,train
37276,train
7667,train
26535,train
12397,train
53643,train
40733,train
46299,train
33062,train
5796,train
64681,train
15693,train
64146,train
46847,train
25222,train
41981,train
12460,train
17079,train
24371,train
17113,train
50683,train
4522,train
33896,train
65168,train
55167,train
47979,train
52726,train
6691,train
64310,train
18567,train
20053,train
19397,train
31151,train
17299,train
44031,train
44709,train
14177,train
5475,train
29027,train
41674,train
56685,train
28954,train
16293,train
60302,train
48397,train
24610,train
17862,train
23071,train
16990,train
8255,train
63029,train
16213,train
54745,train
56637,train
53003,train
49915,train
68047,train
20705,train
67033,train
14652,train
61019,train
32219,train
64787,train
55092,train
41720,train
61561,train
18605,train
38094,train
37177,train
17552,train
2234,train
36195,train
26533,train
49857,train
36751,train
5232,train
19417,train
50261,train
28703,train
59615,train
70622,train
53020,train
33448,train
34227,train
45223,train
41633,train
24925,train
63702,train
37622,train
9233,train
50320,train
47779,train
49291,train
54171,train
2858,train
67205,train
6251,train
59256,train
8725,train
23425,train
25779,train
15106,train
19239,train
8887,train
714,train
42174,train
10478,train
45381,train
9207,train
3558,train
40790,train
10032,train
9080,train
32357,train
34832,train
49244,train
30252,train
17893,train
29850,train
51014,train
61985,train
35825,train
47507,train
47733,train
66020,train
47352,train
58599,train
19238,train
44794,train
29596,train
39162,train
33459,train
24287,train
70334,train
44548,train
43768,train
42616,train
53332,train
52560,train
61792,train
13195,train
6281,train
60856,train
49469,train
53835,train
39215,train
57522,train
28902,train
28450,train
27801,train
11692,train
53381,train
33893,train
55269,train
58957,train
10471,train
21284,train
52679,train
9084,train
23680,train
12658,train
42356,train
39222,train
13315,train
18047,train
46111,train
69258,train
14436,train
48419,train
65139,train
956,train
2392,train
13072,train
42464,train
69664,train
58894,train
62520,train
18750,train
60633,train
41394,train
27329,train
35116,train
62152,train
66403,train
39847,train
54759,train
13198,train
53704,train
14561,train
55426,train
32633,train
59521,train
4414,train
59827,train
62639,train
63245,train
4042,train
9687,train
63209,train
11778,train
59381,train
48592,train
27521,train
4956,train
39933,train
22624,train
31495,train
28730,train
44842,train
69368,train
68108,train
43246,train
39678,train
17945,train
33433,train
16489,train
65919,train
40299,train
16825,train
56834,train
28847,train
43521,train
27687,train
1924,train
26784,train
19659,train
70281,train
6096,train
40240,train
58021,train
1261,train
37477,train
38942,train
26226,train
1270,train
11816,train
19635,train
7748,train
38504,train
64334,train
13926,train
39145,train
55285,train
49697,train
9279,train
35843,train
12731,train
57039,train
4997,train
52899,train
70556,train
48904,train
2996,train
14136,train
33354,train
69917,train
63669,train
64588,train
41808,train
37376,train
48695,train
20231,train
19967,train
26669,train
27293,train
15214,train
3383,train
67975,train
34044,train
4624,train
62779,train
31175,train
49435,train
39914,train
60092,train
56436,train
67535,train
14306,train
18793,train
22640,train
19968,train
50203,train
34845,train
23958,train
37705,train
41807,train
2057,train
36784,train
66017,train
15767,train
27573,train
10601,train
45977,train
17369,train
45410,train
50462,train
44266,train
62987,train
22696,train
38534,train
42084,train
66397,train
17882,train
63541,train
27408,train
26992,train
20070,train
5841,train
63292,train
44293,train
5379,train
33374,train
70515,train
49560,train
58079,train
37761,train
27830,train
40490,train
6325,train
9896,train
19692,train
32810,train
43376,train
56262,train
67854,train
27102,train
52761,train
44265,train
18807,train
14766,train
22510,train
14320,train
57485,train
67703,train
63712,train
56503,train
56876,train
18985,train
4623,train
58971,train
56127,train
27833,train
37732,train
50242,train
36341,train
7282,train
36925,train
12636,train
52247,train
1885,train
63922,train
70565,train
65670,train
41255,train
20460,train
7529,train
33235,train
27411,train
1287,train
42478,train
60925,train
30283,train
22681,train
8839,train
43489,train
60970,train
66173,train
12403,train
19284,train
22024,train
32969,train
51137,train
11559,train
6233,train
9355,train
42219,train
41123,train
726,train
227,train
66400,train
32603,train
57337,train
24587,train
70271,train
39203,train
69411,train
68285,train
62323,train
14780,train
24231,train
46675,train
28613,train
13395,train
19982,train
36990,train
1348,train
36959,train
59066,train
65233,train
33068,train
49169,train
35384,train
2816,train
64719,train
58147,train
64712,train
21719,train
47872,train
2011,train
44995,train
47788,train
9158,train
54465,train
6470,train
50869,train
41680,train
319,train
18244,train
35492,train
48389,train
38763,train
49562,train
53488,train
62814,train
18820,train
63931,train
15450,train
10582,train
23763,train
37838,train
2362,train
46196,train
60127,train
27349,train
49122,train
17848,train
12230,train
14145,train
5846,train
3036,train
32424,train
21649,train
43788,train
27447,train
9871,train
26943,train
25342,train
30804,train
50340,train
7331,train
57741,train
45255,train
39911,train
28291,train
63349,train
15768,train
10777,train
45513,train
63086,train
24163,train
64330,train
14640,train
63365,train
46220,train
14492,train
56653,train
65946,train
28630,train
8900,train
13668,train
15425,train
1317,train
14302,train
7324,train
30866,train
66551,train
47348,train
9189,train
11736,train
49280,train
25307,train
35264,train
17276,train
12605,train
2122,train
4706,train
55666,train
50917,train
11671,train
24158,train
12363,train
5918,train
29808,train
57061,train
38365,train
67304,train
68857,train
46548,train
55775,train
6788,train
39846,train
192,train
57318,train
17621,train
26707,train
45053,train
54479,train
3221,train
36001,train
44058,train
47414,train
1809,train
23375,train
7179,train
21269,train
2079,train
10037,train
24234,train
11744,train
1729,train
16814,train
31325,train
26185,train
31068,train
50829,train
26864,train
27153,train
63323,train
39163,train
16346,train
22812,train
53288,train
41101,train
46728,train
27047,train
36712,train
20054,train
35433,train
33787,train
66693,train
11404,train
47209,train
3460,train
10170,train
23533,train
40769,train
1999,train
61208,train
60797,train
66504,train
31127,train
42025,train
29532,train
6203,train
12730,train
31310,train
58672,train
58777,train
68449,train
17388,train
56752,train
15312,train
49045,train
58270,train
39363,train
52407,train
5173,train
13984,train
7634,train
3711,train
16420,train
17460,train
42007,train
6039,train
31860,train
27821,train
2988,train
29435,train
20187,train
20724,train
33511,train
29155,train
56803,train
47967,train
38230,train
3525,train
41159,train
61148,train
13627,train
717,train
47064,train
48291,train
70399,train
4276,train
47965,train
51115,train
60327,train
70184,train
31646,train
9835,train
56098,train
64770,train
10868,train
51816,train
59858,train
20852,train
46273,train
23226,train
21248,train
64791,train
45625,train
33957,train
11483,train
8398,train
42823,train
925,train
9549,train
25486,train
66319,train
61953,train
69718,train
2066,train
22795,train
9139,train
31590,train
42262,train
32347,train
70290,train
57666,train
16873,train
32317,train
41178,train
22521,train
41718,train
6739,train
26098,train
10828,train
41585,train
23062,train
40261,train
66431,train
39751,train
55497,train
28065,train
65021,train
45318,train
36557,train
12478,train
44519,train
2078,train
52706,train
6427,train
45838,train
52966,train
2893,train
60809,train
26254,train
3178,train
27500,train
5149,train
52609,train
14382,train
9316,train
63362,train
43699,train
33551,train
7321,train
31139,train
64165,train
18457,train
61129,train
48984,train
68067,train
40184,train
58008,train
33356,train
64352,train
4066,train
23448,train
40043,train
23368,train
54932,train
9405,train
64204,train
24010,train
39130,train
70223,train
28633,train
44902,train
56777,train
17632,train
49201,train
61150,train
21482,train
37700,train
38016,train
6282,train
19973,train
34135,train
40898,train
47244,train
6603,train
40358,train
61818,train
41969,train
56649,train
62207,train
34762,train
32516,train
35460,train
25791,train
37849,train
45447,train
10854,train
5174,train
66423,train
33136,train
69042,train
23550,train
31263,train
36614,train
20776,train
42383,train
17143,train
56339,train
48340,train
13260,train
11291,train
37750,train
21205,train
15681,train
15533,train
44641,train
3292,train
47895,train
21959,train
29863,train
35145,train
26169,train
40919,train
26653,train
5788,train
33579,train
23513,train
43742,train
37957,train
28740,train
64754,train
43076,train
21715,train
64187,train
995,train
49150,train
45564,train
53906,train
23617,train
6779,train
24940,train
58061,train
57867,train
29703,train
68899,train
57360,train
33435,train
37505,train
50296,train
61935,train
22198,train
57653,train
60933,train
21214,train
26227,train
50819,train
26799,train
16345,train
62354,train
33336,train
38899,train
38058,train
3599,train
2208,train
44773,train
50566,train
27510,train
43774,train
9286,train
57295,train
25075,train
38570,train
6082,train
29342,train
20667,train
68966,train
22644,train
11785,train
29842,train
67090,train
36890,train
41979,train
33481,train
57306,train
55688,train
13798,train
28439,train
31351,train
6582,train
56489,train
32630,train
12503,train
70092,train
45932,train
1973,train
65525,train
60794,train
30621,train
24049,train
35783,train
50219,train
48952,train
32680,train
23004,train
53611,train
22396,train
15280,train
36725,train
58907,train
22300,train
49022,train
39457,train
8131,train
60017,train
22783,train
30210,train
8274,train
55273,train
47161,train
16226,train
64416,train
12285,train
25452,train
1374,train
43833,train
61000,train
13207,train
63651,train
65420,train
13385,train
9908,train
59865,train
48099,train
1316,train
52492,train
55505,train
22347,train
54264,train
22969,train
63742,train
18164,train
35915,train
19995,train
60265,train
31000,train
17731,train
25860,train
43278,train
23742,train
30995,train
53373,train
25544,train
21566,train
10732,train
3939,train
66577,train
32002,train
18352,train
13802,train
55907,train
51256,train
60135,train
68185,train
70658,train
14448,train
6777,train
2073,train
35092,train
59403,train
41142,train
36505,train
43557,train
14804,train
38260,train
64020,train
65606,train
26944,train
6151,train
18358,train
2407,train
64013,train
6701,train
29792,train
10460,train
16400,train
69745,train
49654,train
53724,train
37626,train
5699,train
9075,train
49660,train
51484,train
53816,train
7732,train
10290,train
63857,train
31458,train
42541,train
41743,train
34604,train
47026,train
32122,train
32384,train
17492,train
40625,train
21568,train
3144,train
60860,train
67471,train
5630,train
30097,train
875,train
57380,train
45706,train
38910,train
31531,train
14938,train
48633,train
50081,train
41097,train
35066,train
4075,train
23136,train
66793,train
17410,train
68991,train
70365,train
53364,train
64345,train
16143,train
41712,train
42045,train
43315,train
40795,train
8999,train
2775,train
49853,train
39453,train
3927,train
30077,train
19930,train
15647,train
42349,train
28062,train
47618,train
8752,train
5004,train
1028,train
42276,train
21208,train
34216,train
42591,train
5687,train
67217,train
2094,train
35446,train
69496,train
31616,train
17188,train
7343,train
8224,train
36624,train
64643,train
62310,train
20554,train
39080,train
47331,train
61753,train
11029,train
39929,train
9295,train
25362,train
43379,train
48653,train
20695,train
8484,train
15887,train
12201,train
44985,train
63530,train
11979,train
34004,train
33217,train
59755,train
40466,train
65287,train
20363,train
13573,train
55427,train
47277,train
39839,train
41909,train
30887,train
67996,train
34731,train
46026,train
10670,train
930,train
15367,train
54279,train
44552,train
63964,train
38496,train
50802,train
32568,train
45439,train
51217,train
29756,train
62962,train
39987,train
26537,train
57506,train
21654,train
42418,train
1943,train
36597,train
23987,train
59632,train
59143,train
4469,train
43940,train
47236,train
5924,train
45652,train
65368,train
42758,train
5640,train
35692,train
69293,train
58422,train
11798,train
61555,train
43486,train
29188,train
27501,train
52207,train
42914,train
68089,train
6751,train
60487,train
7012,train
60619,train
45786,train
64769,train
36223,train
48244,train
36246,train
30284,train
7370,train
5241,train
69975,train
29173,train
17423,train
10999,train
49489,train
16149,train
38238,train
53455,train
11290,train
38773,train
63271,train
65026,train
28064,train
28506,train
47369,train
38689,train
42199,train
42962,train
7814,train
3343,train
8437,train
8727,train
60015,train
52604,train
50844,train
59526,train
47701,train
4836,train
50676,train
61651,train
70424,train
46407,train
61846,train
1235,train
36303,train
62314,train
45049,train
5020,train
62484,train
17072,train
13708,train
41322,train
66700,train
41488,train
48358,train
47332,train
62745,train
31567,train
47173,train
15031,train
43883,train
58121,train
58565,train
6586,train
57879,train
4580,train
54489,train
21659,train
62449,train
59989,train
54874,train
41786,train
66974,train
68973,train
42197,train
49504,train
14812,train
33701,train
42319,train
46317,train
60536,train
61752,train
47626,train
29736,train
33908,train
30960,train
64700,train
23289,train
6385,train
40302,train
43679,train
47368,train
32525,train
41751,train
16723,train
70688,train
58842,train
54664,train
56357,train
45337,train
59469,train
63454,train
68241,train
7371,train
64324,train
22965,train
60343,train
69763,train
30092,train
46865,train
26464,train
45282,train
11588,train
58611,train
6062,train
5001,train
39120,train
55623,train
63177,train
70600,train
4613,train
858,train
514,train
38721,train
32779,train
48119,train
39406,train
3548,train
61250,train
28762,train
26144,train
23929,train
35499,train
3138,train
23476,train
51788,train
66374,train
19110,train
8330,train
26441,train
3647,train
24347,train
18487,train
9864,train
1816,train
29973,train
46245,train
37260,train
3093,train
2302,train
63912,train
44117,train
40335,train
54441,train
6190,train
26764,train
52016,train
32500,train
50593,train
14624,train
39756,train
20981,train
30839,train
30347,train
63013,train
8057,train
28504,train
17089,train
46132,train
55213,train
12916,train
67086,train
5910,train
29032,train
10876,train
59871,train
9998,train
46503,train
26217,train
44694,train
52255,train
61386,train
24115,train
62283,train
11397,train
63066,train
15323,train
10820,train
8311,train
19887,train
34321,train
57593,train
56039,train
50790,train
49227,train
42798,train
10292,train
70300,train
30959,train
22385,train
44703,train
53886,train
27455,train
67947,train
53395,train
41447,train
33709,train
61614,train
49142,train
19785,train
24369,train
50618,train
14251,train
143,train
34314,train
43844,train
24705,train
42903,train
18124,train
50217,train
64217,train
41658,train
40818,train
29459,train
40300,train
54841,train
68771,train
1468,train
32939,train
69768,train
47253,train
12846,train
57108,train
16333,train
50590,train
31067,train
48530,train
64569,train
11159,train
69242,train
20754,train
12043,train
204,train
1426,train
14363,train
18706,train
40291,train
17670,train
16925,train
31962,train
22077,train
794,train
39066,train
69605,train
60283,train
4452,train
23549,train
68385,train
67402,train
67542,train
52242,train
14791,train
48836,train
9648,train
570,train
63036,train
18026,train
43198,train
43983,train
49292,train
62604,train
35396,train
53741,train
9345,train
44987,train
26642,train
26790,train
45222,train
67460,train
62451,train
37452,train
50254,train
50186,train
32065,train
8786,train
68580,train
23986,train
24169,train
55031,train
39919,train
32414,train
30708,train
58852,train
17891,train
32256,train
51280,train
52264,train
4647,train
19282,train
7417,train
63046,train
47044,train
8579,train
33341,train
3196,train
67212,train
11964,train
32102,train
58418,train
32811,train
41613,train
55152,train
17915,train
51403,train
16857,train
55002,train
55494,train
59775,train
69196,train
1695,train
14611,train
56925,train
23328,train
60036,train
46742,train
68272,train
8864,train
40835,train
21425,train
32060,train
67629,train
62563,train
21433,train
46581,train
14226,train
35195,train
25829,train
16421,train
56321,train
31711,train
63012,train
5028,train
47919,train
23436,train
30986,train
67492,train
48903,train
24494,train
55256,train
64163,train
15438,train
41827,train
33966,train
57898,train
64725,train
42218,train
25847,train
10827,train
17540,train
49450,train
55306,train
65686,train
23002,train
54146,train
45266,train
46081,train
37795,train
17349,train
44322,train
15162,train
28405,train
68198,train
65162,train
11226,train
11968,train
24414,train
51839,train
11673,train
57805,train
5292,train
56980,train
65789,train
52460,train
3124,train
61261,train
60349,train
30536,train
57670,train
61425,train
16170,train
53644,train
13903,train
49800,train
34338,train
26048,train
37602,train
26746,train
70675,train
66864,train
44309,train
4908,train
7889,train
20638,train
28896,train
28977,train
17974,train
57277,train
31577,train
21591,train
61336,train
15243,train
29178,train
47041,train
13530,train
31194,train
22332,train
12475,train
54774,train
44448,train
46861,train
17901,train
27240,train
5801,train
30584,train
12670,train
1293,train
9451,train
13979,train
69936,train
56150,train
65978,train
33748,train
49004,train
54304,train
64303,train
14881,train
59415,train
47468,train
50152,train
51616,train
58839,train
8626,train
50523,train
43248,train
8643,train
29185,train
1985,train
69039,train
57695,train
19727,train
34520,train
4110,train
51586,train
18407,train
47665,train
14064,train
37124,train
22338,train
57712,train
11100,train
37041,train
64982,train
2690,train
3010,train
44827,train
9681,train
37650,train
52924,train
18316,train
31266,train
59150,train
62831,train
13995,train
44193,train
25296,train
14146,train
61548,train
2486,train
68944,train
35762,train
50957,train
8950,train
7826,train
35095,train
55843,train
3740,train
54831,train
23906,train
45111,train
4855,train
58453,train
41168,train
29111,train
49335,train
58681,train
41520,train
12321,train
46994,train
33679,train
34934,train
7431,train
45170,train
31197,train
44606,train
16290,train
7388,train
10959,train
25360,train
48472,train
34259,train
56029,train
9217,train
1480,train
32460,train
5623,train
41021,train
32829,train
59305,train
25724,train
58834,train
62552,train
45774,train
2735,train
13240,train
39040,train
7624,train
45975,train
13815,train
14237,train
27507,train
56468,train
47004,train
56076,train
32169,train
18257,train
24558,train
30700,train
17209,train
55872,train
9288,train
23031,train
27002,train
11326,train
6264,train
8612,train
69406,train
5006,train
15643,train
64831,train
33948,train
52167,train
47808,train
56159,train
48234,train
34666,train
25332,train
48913,train
41593,train
56352,train
42430,train
68034,train
27248,train
63038,train
15431,train
54262,train
3928,train
66222,train
50177,train
69760,train
4549,train
44808,train
37104,train
2991,train
14193,train
23017,train
810,train
59147,train
49483,train
66180,train
46695,train
16654,train
59124,train
4996,train
11531,train
43655,train
58264,train
64182,train
29957,train
33285,train
36285,train
55074,train
1196,train
56866,train
63528,train
33654,train
6692,train
4237,train
19301,train
19835,train
64898,train
41148,train
6938,train
64853,train
59110,train
5197,train
19508,train
4370,train
5101,train
16482,train
11839,train
21173,train
19473,train
15795,train
32554,train
67931,train
47592,train
977,train
56284,train
22695,train
45022,train
18268,train
15499,train
62051,train
14437,train
39554,train
46562,train
35209,train
9732,train
28678,train
52788,train
30899,train
27584,train
62610,train
68629,train
8994,train
45193,train
68488,train
56986,train
23139,train
64079,train
50922,train
60980,train
24948,train
25692,train
35080,train
38032,train
59576,train
63423,train
4805,train
31243,train
69905,train
51817,train
69186,train
31926,train
27432,train
50422,train
1494,train
3526,train
63392,train
40689,train
45953,train
56738,train
27808,train
27340,train
69005,train
29646,train
49380,train
47718,train
18212,train
23828,train
45501,train
29069,train
42155,train
42760,train
14262,train
56341,train
21805,train
9366,train
40427,train
3286,train
69777,train
44691,train
63384,train
17271,train
25568,train
63618,train
65958,train
55863,train
40974,train
24885,train
18657,train
66683,train
6689,train
34020,train
10602,train
12427,train
67788,train
17943,train
51731,train
29179,train
3107,train
63233,train
54119,train
31200,train
35283,train
10106,train
50335,train
14073,train
1521,train
38226,train
57913,train
21362,train
40715,train
35125,train
44602,train
9008,train
34745,train
62539,train
46626,train
7281,train
66469,train
68336,train
11118,train
1143,train
20865,train
29485,train
51502,train
41874,train
39257,train
47069,train
66077,train
68174,train
11411,train
47125,train
2099,train
50963,train
23979,train
19956,train
68626,train
28288,train
10922,train
39024,train
813,train
5152,train
65796,train
32734,train
32305,train
8263,train
70657,train
19025,train
60743,train
43222,train
8177,train
18068,train
22383,train
50143,train
30877,train
32921,train
70610,train
13177,train
35502,train
61954,train
49625,train
36503,train
61126,train
1259,train
18562,train
33631,train
62916,train
23941,train
30516,train
60685,train
10925,train
46662,train
50025,train
46500,train
27705,train
40475,train
10534,train
56809,train
4955,train
31196,train
11167,train
3046,train
69783,train
47177,train
24966,train
66885,train
62884,train
66623,train
18683,train
43425,train
62009,train
18092,train
32587,train
2926,train
60488,train
29092,train
39058,train
43961,train
68689,train
43932,train
48266,train
43971,train
2053,train
20014,train
7254,train
62188,train
33622,train
43775,train
56413,train
53749,train
22050,train
61361,train
23927,train
59640,train
61263,train
4818,train
2354,train
30394,train
65995,train
59061,train
25210,train
40801,train
44103,train
50515,train
22512,train
33187,train
46138,train
60581,train
18638,train
70684,train
13873,train
58652,train
15878,train
11046,train
8291,train
48511,train
64259,train
9540,train
62282,train
27751,train
49740,train
58911,train
17895,train
1471,train
65691,train
62959,train
28865,train
65067,train
7220,train
966,train
30253,train
39518,train
61706,train
4092,train
52070,train
31447,train
14138,train
36304,train
64607,train
70180,train
18444,train
47207,train
53569,train
69903,train
41450,train
6942,train
26466,train
12515,train
41108,train
12823,train
1591,train
47046,train
50895,train
56211,train
33512,train
31051,train
39178,train
31106,train
3828,train
64497,train
56910,train
8699,train
33469,train
6148,train
54098,train
31799,train
1775,train
43347,train
2461,train
20901,train
27403,train
56665,train
57239,train
41875,train
60926,train
44565,train
17868,train
43310,train
39023,train
70070,train
21369,train
67904,train
11056,train
30603,train
12464,train
59601,train
24435,train
60262,train
30609,train
37940,train
28939,train
24407,train
16057,train
3245,train
8600,train
41355,train
26066,train
45499,train
70451,train
8014,train
65294,train
7632,train
4584,train
39508,train
54590,train
35727,train
49835,train
48865,train
55084,train
32744,train
32528,train
65496,train
462,train
26616,train
26032,train
11718,train
64789,train
63301,train
33577,train
3836,train
55474,train
15918,train
55249,train
36743,train
67978,train
63502,train
61447,train
14540,train
25626,train
67942,train
871,train
10519,train
39510,train
37532,train
8988,train
41725,train
56081,train
22009,train
41532,train
11264,train
55333,train
15731,train
30792,train
18290,train
61110,train
68538,train
6668,train
56510,train
61101,train
17680,train
27973,train
17774,train
22733,train
35241,train
22474,train
56818,train
3251,train
42171,train
69826,train
64873,train
31138,train
70319,train
4001,train
17331,train
17231,train
2009,train
32846,train
25672,train
16457,train
26310,train
61728,train
40349,train
34425,train
5987,train
53305,train
53239,train
43576,train
6273,train
4336,train
36838,train
18584,train
29175,train
63071,train
21658,train
25162,train
16386,train
19801,train
67358,train
69431,train
8843,train
56709,train
33876,train
17482,train
40058,train
11748,train
26957,train
30816,train
69374,train
32453,train
48232,train
18526,train
30829,train
37563,train
48797,train
28004,train
31880,train
41393,train
54603,train
37989,train
35237,train
37879,train
29832,train
30296,train
42509,train
55933,train
10967,train
2096,train
7047,train
55978,train
57951,train
45418,train
5721,train
58158,train
2801,train
64393,train
10013,train
66038,train
3151,train
11001,train
29436,train
26710,train
19723,train
28505,train
63304,train
30384,train
30268,train
10760,train
1004,train
63325,train
59709,train
55988,train
69985,train
36776,train
27714,train
59382,train
52952,train
55210,train
2752,train
56361,train
38322,train
42499,train
61259,train
53917,train
65372,train
38410,train
20251,train
31877,train
44234,train
40035,train
17834,train
458,train
54205,train
58323,train
42181,train
51441,train
57192,train
16749,train
42042,train
61012,train
34518,train
47517,train
5282,train
36962,train
19440,train
21657,train
51863,train
1747,train
29419,train
48415,train
54868,train
6167,train
49403,train
66058,train
10649,train
33806,train
64946,train
69940,train
41755,train
68490,train
47972,train
45005,train
33089,train
50250,train
69194,train
42342,train
23369,train
40640,train
48452,train
14486,train
13364,train
3953,train
6125,train
37089,train
60190,train
53913,train
35164,train
41617,train
37088,train
70538,train
40499,train
7014,train
6146,train
46322,train
26612,train
8352,train
21388,train
8191,train
62274,train
41426,train
31976,train
47145,train
31624,train
26296,train
8471,train
55661,train
29005,train
13803,train
40946,train
62374,train
56603,train
35647,train
49068,train
46016,train
32223,train
53856,train
33799,train
28937,train
63339,train
68370,train
13833,train
68882,train
12727,train
10853,train
22094,train
43223,train
60279,train
10115,train
28378,train
27422,train
23504,train
15028,train
51514,train
58505,train
22342,train
47301,train
47863,train
17865,train
64097,train
25593,train
44453,train
65770,train
46788,train
17259,train
27778,train
57598,train
16341,train
67178,train
43659,train
23163,train
34758,train
12450,train
69649,train
63834,train
56602,train
16472,train
61313,train
27968,train
59465,train
50196,train
30967,train
67977,train
59900,train
32079,train
67666,train
21728,train
39256,train
20995,train
24852,train
867,train
10709,train
18549,train
39043,train
8882,train
46558,train
60132,train
55710,train
61491,train
21574,train
53256,train
56625,train
19262,train
23288,train
22480,train
17747,train
70169,train
4890,train
31002,train
22055,train
24822,train
29745,train
61632,train
39529,train
69894,train
69844,train
27169,train
59219,train
47764,train
43904,train
59302,train
16796,train
2184,train
25126,train
29527,train
66902,train
42549,train
49969,train
26924,train
54778,train
65071,train
68814,train
35102,train
18468,train
54879,train
60206,train
11871,train
35686,train
6839,train
66600,train
37928,train
15613,train
16167,train
13666,train
61255,train
60791,train
19917,train
45071,train
3379,train
53051,train
64440,train
66897,train
61086,train
57935,train
35697,train
1571,train
53446,train
12306,train
8753,train
54918,train
62756,train
64322,train
38863,train
15774,train
66193,train
42773,train
13804,train
54787,train
26858,train
15118,train
18287,train
10165,train
16054,train
68607,train
15415,train
475,train
10470,train
38218,train
61579,train
12294,train
50359,train
58001,train
5837,train
17327,train
50530,train
31689,train
49536,train
35152,train
48262,train
53745,train
7092,train
67741,train
53686,train
39560,train
43647,train
66822,train
64884,train
26366,train
23069,train
61607,train
37937,train
8881,train
59366,train
33304,train
18418,train
19080,train
42145,train
43442,train
55744,train
67564,train
55820,train
32153,train
61868,train
1117,train
10195,train
62436,train
18561,train
31729,train
17907,train
61052,train
68003,train
18913,train
61005,train
28142,train
30054,train
31258,train
38450,train
15686,train
20734,train
6310,train
50581,train
40374,train
7076,train
38569,train
3344,train
70245,train
10668,train
21675,train
36410,train
28776,train
59665,train
18508,train
43149,train
65500,train
41907,train
20085,train
25635,train
50224,train
10047,train
22273,train
36291,train
18925,train
64535,train
67842,train
42876,train
69792,train
34359,train
11987,train
5220,train
65131,train
3495,train
44177,train
26277,train
21051,train
7511,train
6673,train
48546,train
4567,train
7280,train
54310,train
63766,train
34220,train
18576,train
57500,train
54091,train
1698,train
5214,train
34551,train
62133,train
25418,train
34956,train
3167,train
56006,train
70125,train
58899,train
64337,train
5526,train
69292,train
3692,train
70211,train
25249,train
50004,train
35213,train
41599,train
66253,train
58645,train
12818,train
17994,train
21147,train
24384,train
29052,train
48687,train
24820,train
34774,train
59592,train
19274,train
15054,train
38246,train
52290,train
36373,train
9504,train
61942,train
33930,train
37353,train
302,train
10205,train
16090,train
40089,train
66581,train
44245,train
40468,train
67274,train
47609,train
19101,train
62195,train
21441,train
29711,train
33473,train
48689,train
28877,train
59539,train
17735,train
24074,train
63306,train
9419,train
58234,train
48487,train
4223,train
41982,train
35356,train
38243,train
62060,train
55198,train
57533,train
56953,train
16348,train
35402,train
12746,train
29066,train
1617,train
16585,train
38849,train
65898,train
12975,train
47097,train
12796,train
12811,train
47093,train
49683,train
3447,train
39397,train
48963,train
21076,train
7554,train
6398,train
25442,train
67247,train
47908,train
10178,train
19910,train
15432,train
2973,train
63786,train
52229,train
37150,train
21857,train
19491,train
54450,train
10064,train
26386,train
1400,train
30765,train
33613,train
10411,train
34670,train
3240,train
58503,train
36049,train
4541,train
6143,train
65563,train
11323,train
62537,train
39952,train
12075,train
45395,train
39626,train
41885,train
27700,train
38035,train
63445,train
26249,train
62705,train
61481,train
27168,train
30612,train
2859,train
28158,train
47187,train
62316,train
22931,train
7255,train
39234,train
17738,train
59528,train
36258,train
64220,train
67845,train
30396,train
46753,train
43876,train
30793,train
63811,train
70386,train
38729,train
1495,train
9686,train
34355,train
38316,train
67488,train
1044,train
68192,train
11481,train
36106,train
5399,train
45354,train
57679,train
36588,train
19970,train
5259,train
941,train
4013,train
8728,train
7057,train
69966,train
14511,train
64718,train
42457,train
68049,train
46063,train
57001,train
52599,train
23886,train
59878,train
61839,train
61990,train
63466,train
28530,train
54747,train
4444,train
66943,train
15048,train
43474,train
56990,train
31869,train
27702,train
46452,train
32571,train
66665,train
65376,train
47321,train
43852,train
40627,train
46042,train
37692,train
33128,train
19217,train
33214,train
409,train
17126,train
33589,train
10874,train
43162,train
4096,train
66204,train
50902,train
15406,train
5550,train
26116,train
56597,train
41959,train
52116,train
37170,train
11071,train
67513,train
51222,train
33412,train
35474,train
18752,train
16372,train
46526,train
49195,train
40592,train
32927,train
21977,train
24121,train
29426,train
65227,train
6699,train
13589,train
12153,train
30870,train
26681,train
64847,train
40395,train
42374,train
24353,train
25241,train
59805,train
3206,train
70007,train
61197,train
932,train
67559,train
51898,train
65609,train
23816,train
1853,train
5578,train
16558,train
56938,train
70349,train
59227,train
20828,train
5532,train
44769,train
62544,train
2570,train
33323,train
57943,train
44526,train
34530,train
46061,train
3255,train
36333,train
62766,train
12760,train
11286,train
35139,train
10108,train
58835,train
35829,train
64878,train
47051,train
64550,train
38345,train
54829,train
15702,train
24497,train
66737,train
64137,train
14034,train
39133,train
36843,train
25659,train
30760,train
29807,train
59925,train
45371,train
31215,train
42712,train
2399,train
62018,train
13757,train
37680,train
17142,train
36310,train
70557,train
1003,train
40990,train
16954,train
25536,train
8676,train
19542,train
36523,train
42257,train
43116,train
17106,train
56533,train
54889,train
48107,train
22468,train
15409,train
47514,train
51144,train
64763,train
15039,train
11650,train
24771,train
11728,train
46777,train
3947,train
18427,train
49890,train
16883,train
20499,train
22214,train
22856,train
50245,train
31020,train
39078,train
59057,train
21062,train
5008,train
42211,train
28447,train
22257,train
66449,train
17227,train
20635,train
46199,train
43430,train
64662,train
69586,train
39227,train
59930,train
13858,train
16640,train
7775,train
62462,train
56408,train
49768,train
35196,train
29620,train
12870,train
55625,train
46314,train
49780,train
63429,train
50620,train
58766,train
38031,train
47346,train
861,train
58457,train
39643,train
25949,train
44610,train
16440,train
16321,train
22278,train
45494,train
33447,train
1716,train
40016,train
32495,train
20807,train
60472,train
4988,train
67463,train
11484,train
5489,train
32724,train
5868,train
7264,train
27476,train
18030,train
10208,train
31362,train
11195,train
17941,train
5935,train
64230,train
44747,train
59215,train
68376,train
66542,train
33119,train
1214,train
5894,train
24503,train
67223,train
67508,train
6753,train
57550,train
110,train
52756,train
29851,train
13004,train
66785,train
59747,train
44804,train
45601,train
40648,train
68832,train
49098,train
14201,train
16416,train
59346,train
4827,train
44710,train
46269,train
50351,train
56354,train
15144,train
61136,train
66235,train
48648,train
59740,train
48182,train
20226,train
54478,train
33605,train
23985,train
13382,train
55694,train
11949,train
20344,train
56337,train
31765,train
49599,train
54216,train
33643,train
13381,train
55849,train
41607,train
45522,train
53059,train
5872,train
6010,train
20831,train
22015,train
30181,train
46592,train
44005,train
62502,train
6354,train
795,train
4358,train
9148,train
60884,train
64488,train
2950,train
47649,train
20314,train
30924,train
32009,train
24860,train
35358,train
31011,train
66493,train
42059,train
51028,train
19926,train
4327,train
10720,train
9955,train
51571,train
46867,train
3557,train
20640,train
7523,train
7843,train
52747,train
50812,train
39574,train
15465,train
67256,train
14865,train
6453,train
27520,train
7578,train
45641,train
67473,train
59623,train
65352,train
4838,train
45877,train
26093,train
65957,train
36051,train
51934,train
39916,train
43952,train
44975,train
12004,train
15196,train
65858,train
26361,train
27785,train
56828,train
49790,train
69366,train
14548,train
28599,train
55972,train
55837,train
51781,train
64233,train
58471,train
66754,train
6709,train
23577,train
3440,train
50764,train
60972,train
3356,train
69367,train
54256,train
21109,train
6722,train
42184,train
50768,train
50939,train
35113,train
16059,train
42182,train
45831,train
45878,train
35310,train
6074,train
42123,train
36982,train
25052,train
54486,train
61732,train
28761,train
47386,train
66713,train
58110,train
26967,train
22401,train
19989,train
4387,train
27012,train
25873,train
12218,train
16598,train
18389,train
54682,train
47444,train
56789,train
62160,train
20094,train
7576,train
21263,train
36420,train
1689,train
26633,train
20117,train
68578,train
10738,train
36490,train
19552,train
137,train
5156,train
6523,train
2131,train
30568,train
69549,train
68908,train
67386,train
60976,train
7455,train
49955,train
22183,train
54382,train
60407,train
68897,train
2480,train
12792,train
59931,train
12774,train
26827,train
1148,train
51804,train
69011,train
34863,train
51481,train
57112,train
62341,train
404,train
11713,train
40927,train
61060,train
38835,train
49257,train
13733,train
54557,train
30453,train
2185,train
16091,train
22056,train
44351,train
7749,train
36880,train
57243,train
9068,train
15426,train
2398,train
14697,train
1032,train
20043,train
31639,train
60788,train
66089,train
45983,train
39239,train
34501,train
67021,train
15540,train
19943,train
5997,train
5530,train
6201,train
19978,train
683,train
63997,train
8449,train
36857,train
24298,train
16539,train
11957,train
59759,train
36595,train
70672,train
65840,train
26662,train
41223,train
29798,train
49548,train
16675,train
16256,train
65989,train
49326,train
62894,train
7382,train
11144,train
15461,train
38179,train
40889,train
52483,train
625,train
4749,train
27097,train
54762,train
8087,train
61517,train
2222,train
54861,train
42142,train
31318,train
290,train
19337,train
6000,train
23080,train
57868,train
8990,train
41441,train
59541,train
24148,train
17626,train
50649,train
16178,train
8831,train
4497,train
69113,train
14422,train
21329,train
3135,train
14088,train
68898,train
59211,train
60263,train
34714,train
59257,train
3279,train
13094,train
66354,train
35940,train
23803,train
60717,train
45197,train
50207,train
30889,train
65814,train
11300,train
52213,train
40699,train
65088,train
68466,train
30189,train
11527,train
705,train
66196,train
44843,train
50967,train
31341,train
22939,train
20446,train
56236,train
13993,train
53889,train
28214,train
10651,train
60981,train
2537,train
36569,train
16731,train
57642,train
7953,train
53190,train
27854,train
17237,train
36637,train
1808,train
10424,train
13250,train
338,train
3687,train
38089,train
42871,train
3789,train
11625,train
40849,train
54068,train
67565,train
66846,train
37551,train
17382,train
54142,train
58920,train
34081,train
26058,train
12917,train
51119,train
25251,train
11108,train
36539,train
18972,train
60150,train
69279,train
11280,train
37874,train
34771,train
30803,train
55852,train
21200,train
28465,train
30322,train
10343,train
7774,train
12371,train
15806,train
21032,train
47582,train
2873,train
30518,train
16260,train
9518,train
15670,train
18649,train
53334,train
37020,train
4361,train
23768,train
65066,train
14871,train
5952,train
33310,train
30192,train
41290,train
34446,train
19142,train
45030,train
29029,train
16261,train
23807,train
24180,train
59784,train
25272,train
66434,train
65597,train
60228,train
64238,train
29747,train
59794,train
23465,train
40516,train
58844,train
68168,train
5596,train
58130,train
64636,train
69059,train
30882,train
59801,train
53487,train
12766,train
11522,train
26605,train
55038,train
39584,train
29562,train
55069,train
5416,train
48957,train
4957,train
50944,train
14793,train
62876,train
19252,train
22668,train
39036,train
33633,train
8862,train
56883,train
68090,train
57613,train
61581,train
68702,train
26436,train
46010,train
50541,train
69440,train
1982,train
58759,train
28536,train
28792,train
68033,train
56273,train
34597,train
45142,train
674,train
16148,train
16566,train
4952,train
6962,train
27326,train
35653,train
42465,train
13184,train
23182,train
7228,train
44202,train
14406,train
62822,train
25459,train
8749,train
21483,train
6637,train
52969,train
46857,train
56240,train
20611,train
13511,train
51669,train
46901,train
39865,train
18098,train
3345,train
26073,train
19396,train
69683,train
28840,train
47617,train
61391,train
49948,train
55676,train
55879,train
49056,train
23497,train
421,train
920,train
26260,train
9645,train
59886,train
41034,train
23269,train
17958,train
19714,train
26125,train
46823,train
16951,train
49862,train
47216,train
54127,train
27287,train
16538,train
35668,train
7936,train
21460,train
58824,train
10220,train
56344,train
34116,train
49096,train
39553,train
50033,train
40783,train
57267,train
48885,train
4867,train
58468,train
44624,train
5231,train
64913,train
40275,train
17967,train
393,train
13417,train
10561,train
56530,train
63821,train
1401,train
51943,train
11974,train
11353,train
61826,train
36904,train
60913,train
66252,train
70609,train
3696,train
32037,train
58487,train
68900,train
7695,train
26579,train
12236,train
13818,train
46915,train
7776,train
1896,train
66619,train
8007,train
27035,train
3158,train
57788,train
19962,train
66200,train
47089,train
59023,train
924,train
53270,train
58856,train
23193,train
23437,train
1440,train
18493,train
445,train
39434,train
4716,train
59328,train
29624,train
8650,train
55345,train
21763,train
3426,train
65968,train
5342,train
860,train
4791,train
27900,train
39005,train
62778,train
20430,train
20781,train
1879,train
34781,train
68246,train
4551,train
36013,train
35722,train
3411,train
15803,train
52631,train
42619,train
17387,train
28345,train
41890,train
33243,train
24749,train
14143,train
36431,train
51150,train
53302,train
1714,train
50111,train
59248,train
38713,train
66001,train
63351,train
59495,train
30677,train
50570,train
11845,train
62099,train
62534,train
3119,train
9103,train
46366,train
51146,train
40298,train
18336,train
6511,train
22904,train
26365,train
37562,train
1065,train
55409,train
14121,train
53729,train
36966,train
32885,train
61047,train
30417,train
70244,train
30776,train
7142,train
47119,train
70294,train
42458,train
65910,train
18125,train
35641,train
23435,train
54165,train
49664,train
47274,train
9426,train
14513,train
45688,train
15259,train
36435,train
45497,train
13336,train
4628,train
6344,train
36656,train
10316,train
1307,train
10989,train
67901,train
59079,train
7230,train
61198,train
57446,train
48676,train
16542,train
3401,train
19181,train
53154,train
5002,train
54443,train
22195,train
41057,train
1917,train
30110,train
52362,train
7336,train
5119,train
57332,train
26076,train
68482,train
32797,train
33984,train
49759,train
37402,train
18011,train
62167,train
44350,train
54649,train
7039,train
28046,train
16210,train
54035,train
64200,train
48407,train
41082,train
51181,train
14985,train
37458,train
61023,train
2551,train
2818,train
67465,train
38459,train
40051,train
10255,train
57005,train
50771,train
50713,train
63876,train
15910,train
39357,train
24538,train
64268,train
509,train
19641,train
57076,train
20552,train
12256,train
43673,train
27712,train
43715,train
5559,train
3866,train
64289,train
41032,train
43894,train
55033,train
11747,train
44270,train
33071,train
15049,train
27693,train
2683,train
5780,train
14219,train
34616,train
63252,train
48068,train
46096,train
65415,train
19464,train
55727,train
48211,train
36202,train
413,train
48506,train
25633,train
67627,train
26170,train
23861,train
55369,train
55040,train
20031,train
37318,train
68123,train
54632,train
61257,train
57665,train
42311,train
13770,train
14173,train
39655,train
17344,train
4760,train
51890,train
32684,train
33707,train
28317,train
224,train
22843,train
59287,train
15351,train
3954,train
22376,train
47175,train
30215,train
15149,train
48992,train
14591,train
52518,train
8395,train
9824,train
46390,train
99,train
18048,train
7031,train
43487,train
13978,train
41852,train
70198,train
68224,train
22041,train
52024,train
16135,train
46190,train
48278,train
22386,train
20159,train
30789,train
34994,train
18510,train
46515,train
66139,train
62361,train
4644,train
56093,train
19042,train
39341,train
4074,train
31059,train
18898,train
3114,train
15253,train
52521,train
36814,train
8979,train
14374,train
46109,train
36961,train
47487,train
5360,train
14003,train
54393,train
19370,train
34143,train
26077,train
6693,train
48568,train
59374,train
40877,train
23526,train
68126,train
48974,train
53700,train
58557,train
22362,train
41194,train
54087,train
5183,train
34237,train
69019,train
18269,train
53740,train
63846,train
51723,train
61644,train
36456,train
48803,train
34891,train
57743,train
42523,train
18360,train
25688,train
55523,train
34302,train
36460,train
3518,train
34061,train
65259,train
47978,train
20479,train
36433,train
56825,train
51681,train
45716,train
57701,train
22511,train
59551,train
55406,train
5,train
37758,train
19090,train
39379,train
50786,train
43182,train
52057,train
2555,train
16110,train
63369,train
44845,train
43085,train
12424,train
20439,train
23675,train
44724,train
55927,train
32366,train
40079,train
58575,train
61978,train
64578,train
30782,train
1776,train
39121,train
48180,train
56373,train
38098,train
31660,train
60542,train
26941,train
40417,train
62271,train
8298,train
3173,train
6626,train
7346,train
56504,train
20967,train
33260,train
21372,train
47475,train
68614,train
24671,train
57516,train
4245,train
66092,train
67052,train
2622,train
26247,train
35943,train
20352,train
69122,train
62742,train
48848,train
44197,train
27001,train
49771,train
19836,train
11002,train
52187,train
7364,train
69268,train
5850,train
48448,train
37691,train
58991,train
22679,train
21703,train
31884,train
60805,train
64327,train
54752,train
329,train
28230,train
2586,train
12662,train
11281,train
48584,train
19233,train
68757,train
59899,train
47987,train
36579,train
64255,train
64558,train
7390,train
17691,train
49220,train
67753,train
59894,train
56527,train
63281,train
48650,train
10475,train
33563,train
35360,train
34788,train
11357,train
35778,train
5969,train
66826,train
1508,train
27468,train
47416,train
17418,train
17766,train
21239,train
13510,train
67075,train
49696,train
1425,train
42597,train
42505,train
15138,train
21538,train
64410,train
56050,train
25744,train
22243,train
760,train
43666,train
58330,train
37948,train
66364,train
15809,train
41314,train
33200,train
14186,train
26229,train
13103,train
62039,train
64376,train
37063,train
40833,train
43538,train
53503,train
60953,train
47786,train
10805,train
34661,train
23132,train
53526,train
23005,train
19831,train
22168,train
60588,train
44998,train
38905,train
16478,train
34178,train
54049,train
16923,train
67218,train
36283,train
15610,train
67294,train
52245,train
34533,train
57257,train
15158,train
22533,train
51228,train
45726,train
53407,train
20603,train
14414,train
13363,train
23788,train
20287,train
64365,train
17096,train
53439,train
54578,train
26046,train
61986,train
19302,train
2259,train
4437,train
31335,train
68446,train
66968,train
58290,train
1491,train
67958,train
15193,train
55495,train
65591,train
63958,train
61495,train
62830,train
50399,train
24859,train
65880,train
17912,train
28032,train
32076,train
61043,train
1362,train
68456,train
61044,train
8029,train
474,train
55275,train
56100,train
37811,train
19186,train
46699,train
37037,train
58597,train
28110,train
38922,train
60391,train
6228,train
19018,train
67763,train
56912,train
62700,train
33947,train
5129,train
62108,train
33173,train
13963,train
25707,train
8343,train
29560,train
63516,train
26781,train
48321,train
46461,train
18883,train
55171,train
2764,train
17199,train
68536,train
60690,train
2050,train
44384,train
30395,train
5329,train
41689,train
36112,train
6377,train
22268,train
18666,train
8687,train
46104,train
59582,train
11295,train
5686,train
12175,train
9225,train
69778,train
8423,train
58246,train
11564,train
46361,train
53043,train
39292,train
31891,train
55651,train
22552,train
42248,train
15285,train
430,train
31053,train
40135,train
4490,train
29495,train
48433,train
20798,train
48889,train
47825,train
61135,train
56539,train
27402,train
28134,train
32006,train
69202,train
25775,train
16100,train
20437,train
11658,train
21667,train
21416,train
39904,train
65977,train
15056,train
56781,train
2477,train
49379,train
70155,train
64216,train
12448,train
65063,train
58521,train
10619,train
46378,train
68156,train
14009,train
3966,train
5230,train
7864,train
50339,train
6283,train
21701,train
48164,train
14645,train
6106,train
10914,train
3858,train
23638,train
7799,train
34301,train
13045,train
54634,train
40200,train
6376,train
9392,train
23283,train
63424,train
33451,train
29183,train
67944,train
67442,train
6381,train
63270,train
20360,train
19614,train
39156,train
21580,train
44188,train
47375,train
47959,train
9938,train
64448,train
3217,train
59189,train
9705,train
36920,train
2627,train
70530,train
15788,train
45299,train
45035,train
61374,train
10340,train
69700,train
4921,train
48416,train
31539,train
38409,train
65160,train
2061,train
63830,train
9395,train
30242,train
23581,train
69360,train
44186,train
8865,train
14141,train
43596,train
40606,train
7635,train
66282,train
29684,train
1403,train
69803,train
50383,train
33924,train
56591,train
39797,train
22250,train
62189,train
36137,train
13435,train
41210,train
56586,train
47005,train
19782,train
53264,train
24227,train
68253,train
26378,train
31091,train
9485,train
21815,train
36981,train
25789,train
26848,train
46645,train
63058,train
14284,train
7601,train
1530,train
12466,train
61206,train
17550,train
16902,train
60707,train
26999,train
40317,train
52461,train
26413,train
31586,train
613,train
40350,train
19070,train
60202,train
58748,train
28591,train
19325,train
54691,train
7907,train
28692,train
56280,train
59035,train
59173,train
64129,train
49477,train
49885,train
8508,train
45600,train
60423,train
25842,train
2657,train
1568,train
65842,train
37779,train
6027,train
7863,train
21322,train
65729,train
66283,train
54001,train
60359,train
9533,train
38645,train
52341,train
61066,train
48673,train
52959,train
48964,train
17983,train
45247,train
2228,train
68804,train
19084,train
65149,train
46888,train
60842,train
35202,train
60719,train
51224,train
32751,train
13955,train
10229,train
32355,train
41628,train
45610,train
60987,train
48373,train
39679,train
46992,train
54217,train
61050,train
16302,train
65250,train
63898,train
49312,train
35601,train
61773,train
44907,train
53744,train
27893,train
46585,train
11463,train
5209,train
48328,train
25747,train
66630,train
2759,train
7641,train
8188,train
21886,train
38213,train
61655,train
44940,train
12759,train
27727,train
36607,train
39673,train
21261,train
62326,train
52915,train
18196,train
24299,train
66707,train
67382,train
56146,train
15488,train
38447,train
22165,train
11022,train
12046,train
39951,train
12467,train
58750,train
44862,train
34027,train
26134,train
40931,train
58304,train
58168,train
65577,train
69178,train
63625,train
45341,train
24452,train
27752,train
23714,train
1592,train
15614,train
58052,train
9115,train
26824,train
19323,train
46922,train
7330,train
32798,train
13429,train
6660,train
9939,train
10500,train
58209,train
62105,train
10339,train
21696,train
31356,train
68668,train
27417,train
9164,train
21768,train
55479,train
2747,train
61017,train
27171,train
32936,train
70444,train
44128,train
27156,train
70318,train
43550,train
62793,train
19309,train
14392,train
43002,train
4119,train
59224,train
8290,train
49841,train
32690,train
48130,train
29947,train
63250,train
25831,train
21231,train
63089,train
69573,train
33400,train
61754,train
60214,train
49938,train
19562,train
51105,train
7765,train
43637,train
58231,train
33610,train
64168,train
36932,train
30749,train
19246,train
59291,train
30457,train
63165,train
20103,train
70655,train
63655,train
27371,train
20277,train
27978,train
47567,train
18598,train
8967,train
34251,train
66725,train
56849,train
17629,train
26509,train
69784,train
28363,train
28209,train
60319,train
7938,train
32215,train
41929,train
15727,train
64867,train
9121,train
62887,train
32363,train
17311,train
67270,train
62937,train
29570,train
27179,train
42428,train
27516,train
26199,train
21921,train
27604,train
39907,train
7952,train
13041,train
33076,train
48412,train
70593,train
28600,train
27911,train
47706,train
70414,train
25868,train
51705,train
68492,train
67981,train
6268,train
27653,train
27300,train
53217,train
51195,train
33814,train
33302,train
57567,train
69656,train
24676,train
23412,train
1128,train
15924,train
59558,train
42172,train
48972,train
22986,train
45682,train
24973,train
63138,train
18279,train
20944,train
59453,train
38341,train
9930,train
62780,train
63235,train
61143,train
37658,train
63765,train
63483,train
14872,train
26438,train
22424,train
30657,train
28603,train
11007,train
43572,train
45470,train
36463,train
69191,train
49901,train
65273,train
57505,train
79,train
44561,train
35389,train
70392,train
48464,train
46764,train
21319,train
8151,train
41880,train
7342,train
9442,train
28922,train
26173,train
48711,train
69924,train
8406,train
46916,train
69023,train
55858,train
8502,train
32845,train
26638,train
16666,train
21039,train
9534,train
56386,train
212,train
60558,train
11552,train
24987,train
11884,train
59810,train
3328,train
18546,train
6872,train
26581,train
68450,train
28617,train
54342,train
27603,train
44073,train
7928,train
65780,train
32368,train
35834,train
18188,train
29151,train
824,train
55662,train
17595,train
66331,train
44961,train
6746,train
17580,train
5617,train
66627,train
10747,train
33937,train
2795,train
29561,train
63350,train
8935,train
38356,train
62896,train
45510,train
11026,train
6499,train
53287,train
26549,train
2289,train
46406,train
34552,train
44138,train
69464,train
1478,train
13744,train
45106,train
16463,train
67479,train
48409,train
38620,train
17399,train
54667,train
4265,train
18592,train
9428,train
66794,train
65730,train
1483,train
46307,train
69896,train
53891,train
19425,train
65317,train
47420,train
10019,train
36035,train
31110,train
6999,train
53119,train
23646,train
16572,train
31181,train
42323,train
1419,train
16347,train
31069,train
12973,train
7506,train
17982,train
36056,train
34901,train
4860,train
47774,train
57638,train
64470,train
27816,train
57760,train
3936,train
66231,train
38781,train
56024,train
31354,train
63032,train
42910,train
7510,train
40677,train
30329,train
36155,train
17979,train
12584,train
36236,train
14354,train
20691,train
67174,train
50016,train
24810,train
67475,train
3090,train
67161,train
3739,train
44468,train
19789,train
50187,train
26667,train
67425,train
35211,train
4145,train
26431,train
68054,train
17229,train
20541,train
68110,train
54602,train
56905,train
39115,train
68269,train
24770,train
30023,train
49926,train
25625,train
20986,train
27184,train
26893,train
40571,train
45788,train
8095,train
23014,train
33326,train
56095,train
37315,train
26012,train
36441,train
21787,train
45583,train
42728,train
33073,train
6425,train
2867,train
53682,train
35266,train
34334,train
29768,train
54957,train
22910,train
5823,train
17568,train
67169,train
57594,train
13531,train
16216,train
27071,train
2467,train
37755,train
45472,train
31847,train
46535,train
56265,train
58477,train
20777,train
40802,train
38251,train
28756,train
43832,train
7283,train
28426,train
37662,train
41932,train
32078,train
35963,train
67048,train
19472,train
55385,train
2989,train
30734,train
26964,train
59546,train
20311,train
28999,train
6547,train
23250,train
18740,train
42459,train
172,train
60790,train
62008,train
22880,train
52869,train
52005,train
42141,train
58092,train
50252,train
42185,train
46653,train
57963,train
27141,train
47059,train
19556,train
42386,train
52309,train
34277,train
52225,train
62590,train
44096,train
403,train
22972,train
59318,train
59964,train
38843,train
64118,train
25014,train
55771,train
46797,train
60304,train
63748,train
57443,train
37187,train
39485,train
30885,train
45215,train
50904,train
356,train
6005,train
15789,train
25068,train
23552,train
18024,train
17843,train
12531,train
37120,train
34583,train
57647,train
7077,train
32809,train
35427,train
29827,train
8610,train
17681,train
8246,train
69737,train
50636,train
31822,train
4022,train
36425,train
10268,train
1423,train
7315,train
24924,train
41438,train
69941,train
14534,train
17855,train
46814,train
6297,train
44688,train
6737,train
53839,train
38270,train
16986,train
50647,train
34976,train
29479,train
738,train
44461,train
49421,train
18895,train
32110,train
20374,train
29463,train
52075,train
42308,train
69018,train
29741,train
57181,train
44547,train
39537,train
43476,train
17978,train
59600,train
64870,train
26991,train
58293,train
54732,train
44595,train
26917,train
33956,train
13557,train
65199,train
49453,train
50545,train
53420,train
46908,train
66993,train
24720,train
27559,train
58688,train
62720,train
37156,train
44586,train
38876,train
54701,train
44285,train
47309,train
9644,train
19564,train
51805,train
44752,train
37945,train
39608,train
67722,train
54790,train
26810,train
14658,train
53145,train
57169,train
1526,train
23419,train
69773,train
21182,train
49947,train
49406,train
68109,train
48527,train
39675,train
48767,train
63642,train
40437,train
34381,train
46330,train
18789,train
7402,train
51662,train
62474,train
4125,train
7505,train
46230,train
8933,train
9903,train
1240,train
17127,train
49468,train
69486,train
62568,train
1721,train
18761,train
49039,train
28932,train
2804,train
40105,train
66291,train
12133,train
43633,train
35932,train
51518,train
46790,train
38852,train
52065,train
8201,train
8919,train
29929,train
31938,train
68643,train
16773,train
14105,train
66981,train
15360,train
67606,train
44049,train
24840,train
10502,train
29392,train
25300,train
32518,train
20842,train
3373,train
13035,train
8653,train
33404,train
28475,train
46545,train
5036,train
31797,train
33939,train
41411,train
52682,train
60374,train
9410,train
17375,train
62281,train
14170,train
56374,train
41241,train
36367,train
21028,train
60447,train
17786,train
39353,train
66928,train
45797,train
4576,train
63580,train
51826,train
38359,train
2336,train
14433,train
51676,train
2862,train
58420,train
8598,train
35947,train
51248,train
43559,train
28986,train
16209,train
54269,train
51857,train
65785,train
65454,train
13767,train
29761,train
62581,train
66325,train
65210,train
45348,train
40463,train
52076,train
12542,train
60905,train
31846,train
13052,train
68527,train
23000,train
5409,train
14108,train
29496,train
50815,train
42479,train
50810,train
48357,train
22491,train
69500,train
4451,train
17030,train
14560,train
48715,train
69963,train
60351,train
53660,train
37425,train
18400,train
24108,train
17225,train
43957,train
16273,train
31387,train
26979,train
9793,train
30010,train
27811,train
6386,train
14227,train
29036,train
61816,train
3642,train
38349,train
16859,train
7088,train
44281,train
51651,train
47662,train
14300,train
70084,train
59004,train
56391,train
68590,train
18923,train
31267,train
53779,train
52079,train
64856,train
46619,train
40626,train
31442,train
43902,train
42220,train
38177,train
49148,train
14340,train
37797,train
35999,train
12210,train
54370,train
234,train
30404,train
14310,train
52507,train
40379,train
66309,train
44296,train
51591,train
56367,train
28646,train
46860,train
23512,train
39089,train
9314,train
67060,train
8326,train
16229,train
16851,train
38758,train
52929,train
63273,train
50402,train
34635,train
68197,train
14852,train
26834,train
2412,train
42550,train
37833,train
42242,train
39480,train
2189,train
4169,train
36833,train
12024,train
22381,train
34992,train
65676,train
50035,train
4913,train
4508,train
46668,train
19913,train
60664,train
37393,train
5270,train
70181,train
57707,train
7115,train
31803,train
34434,train
40624,train
29933,train
19052,train
52999,train
10049,train
695,train
54527,train
54876,train
45642,train
16514,train
53185,train
9558,train
67418,train
11239,train
49267,train
6488,train
19502,train
61171,train
62177,train
1484,train
47928,train
49965,train
32668,train
28281,train
25044,train
53170,train
32434,train
64306,train
44650,train
67812,train
19453,train
15473,train
7340,train
69120,train
64554,train
30801,train
17036,train
60421,train
69099,train
70210,train
65635,train
239,train
48626,train
40721,train
38848,train
18525,train
17250,train
14210,train
32705,train
61781,train
24823,train
66649,train
16663,train
4575,train
2606,train
23812,train
55482,train
37200,train
8299,train
55145,train
29274,train
40297,train
13255,train
60293,train
21685,train
49035,train
47322,train
20414,train
4291,train
68990,train
7181,train
39691,train
67346,train
17827,train
35418,train
37344,train
64214,train
41345,train
18202,train
58980,train
54902,train
28112,train
46890,train
58018,train
8485,train
34414,train
4499,train
45644,train
17055,train
47980,train
6006,train
61834,train
25958,train
12598,train
10493,train
9605,train
19452,train
25581,train
25376,train
45670,train
48805,train
40496,train
66626,train
25109,train
56935,train
66926,train
2205,train
8868,train
5091,train
67923,train
35431,train
30951,train
9843,train
10071,train
57517,train
12020,train
63973,train
60894,train
55302,train
31231,train
12148,train
42768,train
17876,train
9716,train
51984,train
12214,train
63373,train
23913,train
35553,train
18975,train
21448,train
29555,train
53651,train
21732,train
18466,train
8897,train
21988,train
44240,train
32257,train
42440,train
39394,train
1349,train
47137,train
45323,train
15900,train
49819,train
28386,train
50199,train
60564,train
21851,train
13738,train
22750,train
33174,train
31189,train
50891,train
52534,train
25492,train
33630,train
23169,train
25500,train
20079,train
27249,train
8652,train
25764,train
29438,train
3005,train
32271,train
9150,train
46522,train
13192,train
20527,train
59182,train
68844,train
26617,train
48346,train
57429,train
44007,train
21045,train
66532,train
40047,train
60276,train
56726,train
36828,train
51655,train
8908,train
66453,train
23211,train
12413,train
63837,train
64061,train
41329,train
51958,train
12632,train
33137,train
40028,train
27659,train
5251,train
12490,train
38926,train
45832,train
30230,train
48327,train
61550,train
24548,train
14689,train
917,train
61503,train
30579,train
42112,train
33967,train
34668,train
23687,train
39094,train
13710,train
24837,train
48877,train
54605,train
60042,train
66688,train
12117,train
2544,train
65619,train
70602,train
4538,train
64964,train
17294,train
5295,train
54434,train
17900,train
70450,train
36318,train
37093,train
32548,train
26409,train
12299,train
41283,train
28924,train
27837,train
11042,train
23107,train
19711,train
1810,train
23254,train
48534,train
15571,train
35528,train
21060,train
28942,train
52685,train
57555,train
64678,train
61833,train
14327,train
1626,train
23246,train
39525,train
1528,train
63591,train
10581,train
47419,train
38175,train
41777,train
56878,train
25333,train
53101,train
49809,train
19627,train
46603,train
27578,train
69469,train
26813,train
7018,train
53188,train
20839,train
6525,train
12301,train
2220,train
36131,train
68598,train
69478,train
45073,train
15100,train
68639,train
40186,train
59667,train
18300,train
55585,train
49613,train
28947,train
26168,train
46684,train
13466,train
37670,train
70330,train
44030,train
20556,train
45965,train
64775,train
28005,train
10352,train
9503,train
15929,train
29381,train
26470,train
47954,train
42718,train
49583,train
22805,train
35670,train
13507,train
60402,train
40237,train
54013,train
65091,train
40365,train
33044,train
28531,train
64207,train
56868,train
68774,train
65769,train
42909,train
36247,train
40131,train
35822,train
29544,train
21922,train
34133,train
37432,train
10584,train
2654,train
7160,train
30302,train
906,train
50773,train
50973,train
24086,train
34990,train
7744,train
14178,train
57621,train
34059,train
40590,train
63334,train
12955,train
25710,train
6997,train
27351,train
4776,train
5965,train
56661,train
7967,train
29605,train
36048,train
56561,train
38374,train
17291,train
48589,train
18200,train
3970,train
2934,train
1188,train
41459,train
44036,train
33582,train
22384,train
47933,train
67094,train
65371,train
7101,train
57757,train
47081,train
3500,train
56862,train
50326,train
50639,train
12708,train
65151,train
35704,train
9280,train
51460,train
49449,train
69820,train
44553,train
1487,train
24868,train
49623,train
47010,train
14165,train
12384,train
17400,train
47466,train
47849,train
67347,train
36453,train
36924,train
67905,train
706,train
17367,train
24441,train
42512,train
5187,train
37325,train
65906,train
55795,train
58310,train
13636,train
44778,train
7909,train
20066,train
52516,train
50582,train
38378,train
27758,train
53937,train
60604,train
51920,train
47591,train
54092,train
60362,train
65350,train
12712,train
64861,train
36905,train
65698,train
4894,train
12329,train
64828,train
64544,train
27671,train
59042,train
66339,train
49390,train
17218,train
68818,train
36761,train
4353,train
45076,train
29983,train
39441,train
49072,train
59956,train
22554,train
8360,train
49436,train
12913,train
6884,train
23689,train
6959,train
15510,train
44731,train
53870,train
21144,train
11546,train
44189,train
65659,train
56753,train
18627,train
7089,train
45568,train
55824,train
30745,train
46829,train
6968,train
3964,train
10991,train
53953,train
4224,train
44884,train
4679,train
41519,train
56318,train
68403,train
50087,train
52955,train
37542,train
22687,train
68422,train
30726,train
28451,train
11312,train
12783,train
7146,train
45974,train
14460,train
27181,train
31412,train
67994,train
53988,train
35807,train
53703,train
23858,train
6420,train
25927,train
25036,train
52665,train
36394,train
59771,train
49184,train
37923,train
4554,train
57798,train
25314,train
30490,train
16038,train
69951,train
24814,train
18025,train
14526,train
58464,train
59024,train
45417,train
5097,train
33993,train
53111,train
10695,train
48859,train
2137,train
21581,train
8252,train
65028,train
14680,train
10023,train
9195,train
56441,train
28626,train
17078,train
62643,train
30368,train
21825,train
20771,train
2757,train
38827,train
53938,train
50109,train
63681,train
559,train
67617,train
61872,train
66884,train
13019,train
35085,train
53666,train
61132,train
64776,train
62688,train
36499,train
46564,train
59397,train
55542,train
39057,train
19645,train
42027,train
63885,train
39113,train
36408,train
60535,train
64036,train
4330,train
21610,train
9535,train
60025,train
50397,train
28037,train
49874,train
51578,train
12554,train
341,train
59798,train
49590,train
2231,train
34678,train
45249,train
56799,train
37547,train
14415,train
4920,train
20336,train
43697,train
64527,train
43761,train
56229,train
19749,train
31518,train
17526,train
39514,train
48166,train
6105,train
47926,train
62275,train
14962,train
46672,train
70162,train
46960,train
40249,train
68107,train
69970,train
66991,train
37468,train
61059,train
37046,train
30328,train
5296,train
44316,train
60237,train
50953,train
42057,train
14829,train
31211,train
21670,train
21941,train
62823,train
38461,train
11917,train
67572,train
55443,train
52791,train
13237,train
42892,train
13602,train
52397,train
67348,train
36095,train
7796,train
60471,train
61903,train
45126,train
54817,train
49626,train
53893,train
17962,train
36995,train
27423,train
51132,train
44297,train
3758,train
28670,train
46493,train
12011,train
52539,train
28471,train
69958,train
69711,train
26060,train
521,train
6912,train
59905,train
20608,train
60338,train
47374,train
38744,train
52538,train
31109,train
17429,train
53107,train
57115,train
16292,train
67487,train
32483,train
51400,train
28839,train
44421,train
44873,train
46137,train
41376,train
41203,train
22784,train
68478,train
653,train
4720,train
38071,train
23659,train
1437,train
68447,train
17662,train
33532,train
50781,train
31493,train
15491,train
934,train
40010,train
62115,train
14343,train
7214,train
57028,train
4523,train
45011,train
46057,train
11737,train
7475,train
64734,train
61682,train
48960,train
39228,train
35777,train
5608,train
38425,train
44071,train
8669,train
12165,train
62444,train
23726,train
5933,train
14089,train
27083,train
1086,train
33042,train
38542,train
33417,train
20756,train
39487,train
46044,train
35511,train
6924,train
23313,train
25477,train
332,train
3810,train
48813,train
37943,train
62429,train
30627,train
11509,train
48110,train
63562,train
21502,train
26574,train
58010,train
65002,train
61466,train
28516,train
4648,train
52156,train
892,train
69641,train
38970,train
62535,train
39124,train
38764,train
34148,train
22859,train
15750,train
63855,train
21681,train
63604,train
28007,train
48718,train
1447,train
26576,train
33704,train
5891,train
36552,train
43,train
3643,train
724,train
67511,train
19391,train
15173,train
43513,train
12567,train
34869,train
37720,train
70301,train
27982,train
60151,train
6357,train
67229,train
151,train
31129,train
48970,train
25187,train
41248,train
63116,train
46091,train
42217,train
12738,train
12068,train
46713,train
65970,train
25446,train
33067,train
7231,train
14383,train
65301,train
61525,train
48352,train
35417,train
31420,train
64010,train
58928,train
6856,train
6491,train
70395,train
46817,train
66033,train
47676,train
25019,train
19210,train
60793,train
64635,train
66016,train
41475,train
37773,train
45629,train
40710,train
69006,train
56668,train
44771,train
40891,train
9476,train
15930,train
56884,train
26025,train
14738,train
34628,train
21218,train
22868,train
12493,train
7046,train
50730,train
14261,train
42277,train
11288,train
29160,train
26449,train
47569,train
25855,train
4467,train
46441,train
44289,train
65969,train
54559,train
60554,train
68499,train
9009,train
15381,train
35105,train
1845,train
34658,train
47660,train
35441,train
49830,train
49389,train
44124,train
3776,train
60626,train
29360,train
13671,train
762,train
50212,train
35933,train
19326,train
1560,train
6213,train
36662,train
31098,train
47888,train
62960,train
28383,train
16867,train
7589,train
2740,train
10911,train
69600,train
13635,train
4363,train
55026,train
55602,train
16778,train
24366,train
40296,train
12251,train
44488,train
29158,train
32131,train
32270,train
21384,train
48245,train
19994,train
20349,train
737,train
11193,train
59715,train
7305,train
66161,train
19222,train
66575,train
46805,train
49152,train
45938,train
39654,train
57167,train
55376,train
59456,train
23106,train
16007,train
58622,train
29220,train
58432,train
6659,train
28053,train
24792,train
37968,train
66107,train
9053,train
33031,train
8482,train
3101,train
7682,train
66843,train
37013,train
7610,train
63095,train
60943,train
13170,train
30205,train
562,train
62119,train
48422,train
5616,train
61111,train
64915,train
68528,train
2229,train
36381,train
897,train
59442,train
18382,train
2067,train
450,train
61298,train
40333,train
57026,train
53765,train
24674,train
8467,train
46150,train
18716,train
64740,train
43189,train
51881,train
23862,train
2682,train
30380,train
4625,train
9474,train
10451,train
38124,train
9109,train
32593,train
51158,train
38621,train
69748,train
54467,train
61830,train
35729,train
28171,train
61431,train
64374,train
20303,train
8770,train
55451,train
28409,train
37531,train
58049,train
21979,train
35920,train
66680,train
65173,train
19544,train
5605,train
49126,train
6171,train
57703,train
60320,train
30641,train
59468,train
68522,train
9539,train
58064,train
26324,train
25517,train
26051,train
66000,train
25674,train
59765,train
22288,train
52822,train
24016,train
23620,train
57217,train
70497,train
45471,train
46787,train
28470,train
45127,train
55814,train
6458,train
5457,train
52522,train
17438,train
60310,train
11723,train
35544,train
70067,train
40909,train
34154,train
41645,train
22139,train
15778,train
26309,train
3416,train
45579,train
21915,train
69361,train
26570,train
48355,train
10769,train
32579,train
34706,train
5587,train
14964,train
24359,train
52320,train
43735,train
43240,train
33264,train
40717,train
43091,train
46030,train
40208,train
61616,train
1640,train
40551,train
31981,train
44775,train
518,train
54209,train
66848,train
1664,train
69220,train
52285,train
48084,train
7124,train
66673,train
41294,train
38163,train
53620,train
16613,train
35954,train
24917,train
6539,train
10789,train
67029,train
29450,train
67177,train
39623,train
11975,train
42757,train
15594,train
55272,train
54438,train
65083,train
31988,train
5470,train
14820,train
63540,train
52463,train
22105,train
60322,train
68872,train
8310,train
7595,train
19529,train
49358,train
18248,train
11249,train
47642,train
47559,train
30532,train
2,train
2600,train
57255,train
34204,train
29340,train
33624,train
61894,train
32808,train
62667,train
40103,train
12942,train
68406,train
40664,train
31305,train
69732,train
13270,train
8830,train
18136,train
6734,train
53577,train
16114,train
54288,train
6407,train
41869,train
25942,train
62624,train
53379,train
644,train
17689,train
32196,train
64963,train
30442,train
34612,train
6365,train
64016,train
29136,train
22486,train
15952,train
32251,train
66255,train
50546,train
5244,train
62034,train
64571,train
62752,train
15898,train
56106,train
46283,train
4255,train
10992,train
4202,train
5913,train
54470,train
61006,train
36898,train
54850,train
65223,train
61922,train
22606,train
6826,train
20765,train
19720,train
46720,train
39452,train
62325,train
30016,train
58655,train
6815,train
6905,train
36915,train
9560,train
56268,train
64299,train
17538,train
4194,train
50539,train
65038,train
37824,train
3620,train
63400,train
1232,train
70025,train
18308,train
39997,train
36658,train
15650,train
35335,train
10086,train
11788,train
40169,train
40158,train
39488,train
62068,train
35161,train
6932,train
25815,train
19904,train
11904,train
19855,train
2178,train
35673,train
27137,train
7908,train
12213,train
15000,train
67496,train
13522,train
4945,train
7861,train
26040,train
7211,train
66691,train
54183,train
13626,train
64587,train
62247,train
12279,train
22807,train
14928,train
46534,train
34197,train
10365,train
24208,train
41760,train
36189,train
31904,train
52109,train
34065,train
66113,train
58007,train
29349,train
2175,train
16476,train
48246,train
45400,train
19716,train
27820,train
56772,train
56801,train
29897,train
36701,train
66950,train
67363,train
40816,train
2615,train
60476,train
18840,train
25819,train
64223,train
1095,train
8102,train
9125,train
45328,train
31385,train
32096,train
1980,train
29252,train
22729,train
34973,train
45923,train
2617,train
29164,train
1488,train
40390,train
55207,train
28788,train
57050,train
8756,train
54397,train
43703,train
59285,train
20912,train
34483,train
2969,train
30709,train
51570,train
23915,train
33515,train
56004,train
56749,train
36999,train
13533,train
23674,train
20516,train
59768,train
53378,train
61083,train
70140,train
62077,train
60699,train
44003,train
34563,train
21152,train
31626,train
49644,train
39356,train
13191,train
42444,train
60179,train
19256,train
44131,train
17292,train
60874,train
40078,train
29692,train
31989,train
47935,train
61864,train
70132,train
8556,train
27776,train
35332,train
12192,train
29600,train
5198,train
20215,train
43686,train
50898,train
31974,train
57508,train
26993,train
6048,train
43075,train
19224,train
66643,train
67519,train
24331,train
28507,train
55854,train
48586,train
3174,train
32032,train
7048,train
25503,train
6071,train
32780,train
4732,train
67873,train
41517,train
41949,train
34167,train
31301,train
62785,train
33830,train
4157,train
63961,train
21779,train
10990,train
26379,train
42927,train
50356,train
55323,train
20791,train
53992,train
20895,train
27374,train
62505,train
30001,train
28129,train
40819,train
14525,train
10243,train
31945,train
17467,train
61599,train
32773,train
33139,train
24878,train
55809,train
30576,train
68678,train
38506,train
247,train
56558,train
67286,train
22079,train
34712,train
16186,train
47901,train
34339,train
35765,train
2565,train
48216,train
19346,train
46505,train
13728,train
62496,train
16036,train
55556,train
67987,train
29443,train
41280,train
59317,train
48011,train
18401,train
67619,train
43541,train
49197,train
66585,train
5979,train
69647,train
51820,train
8124,train
20526,train
20647,train
18700,train
68817,train
38109,train
43290,train
41012,train
25252,train
8894,train
31050,train
59130,train
57819,train
18270,train
52339,train
7136,train
64896,train
30120,train
28242,train
44683,train
25257,train
16701,train
9723,train
25761,train
1121,train
2324,train
67441,train
63799,train
18429,train
17139,train
67887,train
66520,train
23472,train
18630,train
27635,train
70231,train
15665,train
8896,train
52621,train
14373,train
65526,train
38114,train
17518,train
46612,train
42126,train
58252,train
49350,train
60332,train
3414,train
32800,train
10223,train
68464,train
66134,train
46235,train
23572,train
51843,train
49262,train
41535,train
11923,train
13624,train
14137,train
26562,train
54423,train
60929,train
69376,train
26919,train
58009,train
11942,train
38093,train
55838,train
13249,train
4064,train
31644,train
22269,train
67305,train
57823,train
58338,train
19308,train
50513,train
27917,train
39915,train
67353,train
24846,train
46913,train
64164,train
18909,train
16239,train
59071,train
4793,train
39853,train
23276,train
26389,train
13405,train
17897,train
38754,train
46827,train
44498,train
39922,train
42848,train
53902,train
8217,train
64487,train
9532,train
10956,train
24943,train
26482,train
11180,train
11073,train
1226,train
54226,train
18008,train
32280,train
42540,train
12521,train
14372,train
28749,train
69467,train
52593,train
50969,train
30259,train
39991,train
57059,train
29081,train
65746,train
49104,train
48843,train
55743,train
22209,train
39896,train
48839,train
26527,train
10644,train
27025,train
56590,train
13326,train
16816,train
53342,train
68166,train
11185,train
9531,train
32575,train
30903,train
40482,train
57307,train
23935,train
48682,train
31861,train
21655,train
38643,train
17933,train
12086,train
58162,train
10941,train
64308,train
21595,train
36357,train
35699,train
22363,train
16836,train
33524,train
51199,train
63234,train
40747,train
32583,train
14953,train
42205,train
29891,train
53836,train
2493,train
8952,train
34694,train
45552,train
52239,train
36789,train
60382,train
45267,train
2004,train
59513,train
17132,train
17122,train
29186,train
22303,train
5256,train
67238,train
60060,train
42690,train
28379,train
63367,train
56448,train
28252,train
58886,train
46716,train
17690,train
40548,train
19134,train
25737,train
34230,train
67327,train
32894,train
38511,train
53905,train
35833,train
32438,train
36209,train
24370,train
48727,train
34489,train
31289,train
14879,train
4493,train
41704,train
16732,train
65141,train
3047,train
68662,train
24199,train
66120,train
37836,train
22541,train
14355,train
63097,train
22308,train
16593,train
4714,train
31993,train
5391,train
22419,train
44144,train
61371,train
69410,train
47975,train
67955,train
13216,train
29261,train
5318,train
41561,train
48776,train
35551,train
51864,train
12728,train
31154,train
5495,train
18616,train
16774,train
21822,train
46364,train
9310,train
10228,train
12246,train
40336,train
13971,train
27984,train
34911,train
69030,train
56906,train
58006,train
67311,train
50604,train
14952,train
66249,train
38495,train
19501,train
1518,train
55050,train
33977,train
31170,train
69055,train
61330,train
35816,train
13118,train
37995,train
65967,train
45693,train
26267,train
53338,train
44008,train
59722,train
23635,train
25555,train
14522,train
34877,train
40831,train
1710,train
60900,train
69425,train
24346,train
56534,train
63498,train
56370,train
7940,train
31340,train
48103,train
40847,train
14855,train
255,train
40533,train
59840,train
2593,train
47576,train
51247,train
2252,train
46209,train
36220,train
48703,train
8472,train
36502,train
68234,train
69288,train
21661,train
59937,train
67400,train
8025,train
32933,train
60684,train
23546,train
37694,train
31276,train
14017,train
31074,train
43106,train
7401,train
40576,train
38750,train
49447,train
10570,train
54877,train
8655,train
8997,train
45567,train
11677,train
62904,train
68581,train
57654,train
69281,train
8962,train
58248,train
35655,train
64967,train
42845,train
5482,train
10542,train
6573,train
17710,train
32541,train
23621,train
43577,train
27313,train
56464,train
55591,train
44539,train
2941,train
17146,train
38805,train
2516,train
38583,train
1017,train
68298,train
1155,train
26593,train
21328,train
26463,train
68106,train
41428,train
2515,train
65010,train
15183,train
33928,train
63721,train
49589,train
40144,train
55614,train
41263,train
17715,train
21765,train
2613,train
15378,train
18934,train
17592,train
18344,train
70420,train
6796,train
5189,train
37706,train
66972,train
11229,train
8558,train
58318,train
34833,train
26404,train
12629,train
43667,train
58256,train
57599,train
11333,train
14909,train
48519,train
21471,train
41653,train
58905,train
27579,train
31210,train
51778,train
53533,train
57082,train
36468,train
66912,train
54597,train
23460,train
22909,train
70134,train
13579,train
15391,train
39478,train
8351,train
31947,train
56624,train
10551,train
3741,train
60186,train
2511,train
10166,train
28489,train
28709,train
64148,train
24317,train
67501,train
35015,train
22343,train
14772,train
10078,train
65574,train
2327,train
45912,train
20072,train
47291,train
67324,train
24418,train
55364,train
58134,train
25233,train
2431,train
55277,train
5565,train
56401,train
52699,train
43305,train
28528,train
63175,train
48521,train
51351,train
60845,train
21916,train
48847,train
67125,train
38339,train
33757,train
837,train
35978,train
6807,train
56723,train
17279,train
69579,train
55653,train
23918,train
52562,train
63162,train
53054,train
66490,train
69332,train
57276,train
37823,train
54955,train
51103,train
48934,train
42293,train
17156,train
52866,train
19193,train
51227,train
23791,train
37600,train
42273,train
6193,train
70336,train
53630,train
6831,train
29197,train
60733,train
40763,train
20239,train
14244,train
52113,train
44431,train
18503,train
42278,train
11279,train
44674,train
55829,train
41484,train
46473,train
54736,train
33975,train
5153,train
37744,train
57092,train
37566,train
11268,train
65505,train
43019,train
68479,train
31456,train
18377,train
64108,train
68826,train
13765,train
23942,train
10155,train
63588,train
17265,train
24869,train
70470,train
38654,train
48978,train
67876,train
52847,train
49770,train
61721,train
29072,train
49567,train
10562,train
70495,train
21437,train
69593,train
20920,train
59347,train
66446,train
4501,train
47142,train
36009,train
41988,train
26458,train
61407,train
56064,train
25069,train
7167,train
41793,train
47620,train
20785,train
20612,train
22951,train
18866,train
2667,train
10661,train
6965,train
65337,train
22993,train
68811,train
682,train
18004,train
8890,train
64167,train
13613,train
27092,train
24236,train
24123,train
50520,train
47462,train
65277,train
56390,train
10444,train
2288,train
61633,train
58812,train
4901,train
18674,train
131,train
41557,train
65921,train
70263,train
25136,train
56900,train
14398,train
30214,train
53036,train
10935,train
38786,train
57921,train
29928,train
18455,train
35380,train
20323,train
4987,train
2395,train
34909,train
40228,train
5584,train
7308,train
60125,train
15043,train
26932,train
64703,train
16968,train
2919,train
39467,train
18865,train
37726,train
4640,train
11419,train
40789,train
53046,train
38079,train
52260,train
29548,train
2767,train
33617,train
31658,train
37427,train
32580,train
34516,train
24211,train
4658,train
25065,train
16810,train
17306,train
15112,train
22223,train
65519,train
4537,train
62936,train
37802,train
23612,train
11958,train
27309,train
4071,train
62988,train
48518,train
10645,train
442,train
57085,train
41354,train
6279,train
12891,train
64113,train
29535,train
46460,train
9923,train
3315,train
40846,train
40814,train
52637,train
41174,train
34983,train
5049,train
45504,train
42662,train
7023,train
20670,train
11131,train
13083,train
70523,train
9915,train
40563,train
10491,train
1820,train
59241,train
17049,train
44283,train
45258,train
19681,train
8241,train
57576,train
18539,train
14630,train
35980,train
8004,train
50068,train
68162,train
6592,train
23155,train
13360,train
14891,train
62035,train
68085,train
48625,train
7395,train
59169,train
36675,train
22623,train
24189,train
42177,train
32126,train
32236,train
48037,train
59201,train
66805,train
61087,train
38556,train
61896,train
15140,train
65184,train
4527,train
2191,train
26110,train
46597,train
65001,train
32992,train
32239,train
7792,train
54964,train
38955,train
43779,train
53800,train
69001,train
23294,train
14482,train
1871,train
49829,train
6170,train
60729,train
54896,train
34423,train
9792,train
45452,train
45738,train
41251,train
45118,train
14737,train
23781,train
1577,train
14010,train
36894,train
6553,train
28094,train
33028,train
25506,train
27116,train
55154,train
731,train
22839,train
64281,train
12353,train
44990,train
37492,train
69206,train
43588,train
54943,train
8593,train
55100,train
52228,train
26568,train
56869,train
63550,train
184,train
45970,train
63546,train
26353,train
24151,train
66994,train
58145,train
2160,train
36680,train
34867,train
25854,train
66411,train
4181,train
48268,train
43199,train
11646,train
3729,train
41853,train
58203,train
8175,train
29934,train
60562,train
47264,train
55973,train
46295,train
64294,train
61445,train
69038,train
47285,train
20091,train
5290,train
12763,train
36081,train
17904,train
18446,train
33955,train
64820,train
37947,train
47573,train
64895,train
20087,train
231,train
21938,train
23126,train
19017,train
523,train
24054,train
65166,train
38696,train
57663,train
70651,train
23981,train
17902,train
41369,train
45861,train
62908,train
5704,train
49726,train
63074,train
11099,train
16010,train
70594,train
66809,train
12777,train
28139,train
23260,train
67755,train
20329,train
1945,train
43626,train
18158,train
38245,train
50617,train
13344,train
59174,train
64111,train
28049,train
5254,train
47838,train
43642,train
1707,train
14421,train
66790,train
24306,train
24077,train
61940,train
63436,train
43997,train
5024,train
29585,train
26052,train
4413,train
58371,train
14259,train
17009,train
28419,train
55547,train
57346,train
1855,train
21831,train
12739,train
18480,train
5741,train
68270,train
23234,train
44354,train
14593,train
57454,train
37876,train
16487,train
26938,train
33063,train
34292,train
65813,train
69519,train
26212,train
14545,train
67805,train
45285,train
68128,train
15853,train
22089,train
68988,train
6211,train
11047,train
9522,train
1114,train
22132,train
24553,train
14420,train
29200,train
64901,train
19781,train
19275,train
49921,train
69401,train
24253,train
39694,train
28119,train
29082,train
57860,train
28295,train
46455,train
20590,train
39285,train
4095,train
16316,train
9677,train
2913,train
21213,train
19,train
6369,train
20514,train
64642,train
38557,train
59412,train
9389,train
13745,train
52541,train
15781,train
32957,train
56600,train
69221,train
14894,train
62716,train
55164,train
42547,train
30878,train
5468,train
24535,train
42592,train
26508,train
6013,train
26700,train
35140,train
20192,train
33663,train
6406,train
35540,train
4738,train
47406,train
59101,train
58941,train
31604,train
58949,train
26255,train
50291,train
57049,train
34186,train
54250,train
48440,train
55818,train
10008,train
16032,train
38048,train
14443,train
40514,train
48818,train
46359,train
25259,train
54509,train
8873,train
66644,train
29405,train
37638,train
58942,train
9077,train
2590,train
54116,train
3075,train
57397,train
6522,train
44251,train
30430,train
52366,train
56622,train
10785,train
43893,train
21900,train
49088,train
52852,train
29199,train
25322,train
14101,train
38887,train
67503,train
35086,train
7721,train
6447,train
34164,train
27222,train
19393,train
31671,train
10869,train
68830,train
52042,train
32220,train
70031,train
15890,train
12939,train
68824,train
27955,train
26758,train
35873,train
34595,train
11639,train
32890,train
47224,train
27947,train
6223,train
69300,train
68593,train
9339,train
344,train
9550,train
30585,train
36854,train
21148,train
40552,train
29094,train
53120,train
63409,train
50738,train
20645,train
16430,train
19667,train
27110,train
49206,train
68837,train
62413,train
8860,train
50641,train
69565,train
33470,train
37899,train
8283,train
30216,train
14388,train
27387,train
31873,train
47469,train
11392,train
1512,train
25620,train
543,train
70522,train
45880,train
7151,train
24775,train
43314,train
40899,train
28978,train
62845,train
11811,train
47527,train
55073,train
65582,train
35286,train
67917,train
33032,train
30814,train
2051,train
26740,train
21120,train
1572,train
58260,train
66159,train
21674,train
66387,train
63992,train
10689,train
28108,train
23373,train
9888,train
35208,train
44965,train
67692,train
14289,train
60973,train
66986,train
53115,train
59472,train
55749,train
55657,train
49239,train
69731,train
48764,train
42824,train
39879,train
69385,train
59721,train
10252,train
68800,train
68401,train
69117,train
12660,train
6648,train
24757,train
15831,train
61435,train
43831,train
41137,train
49671,train
15577,train
28362,train
15705,train
44759,train
18942,train
41380,train
62457,train
8173,train
16970,train
17846,train
65548,train
13779,train
30459,train
6862,train
25998,train
18906,train
56142,train
60911,train
68519,train
68787,train
48313,train
53471,train
19482,train
55994,train
10107,train
15906,train
25390,train
54740,train
4035,train
66667,train
70558,train
34856,train
49180,train
68850,train
52933,train
69127,train
15538,train
19223,train
62013,train
58887,train
53628,train
29740,train
34162,train
60591,train
5257,train
5892,train
70115,train
33317,train
21161,train
12714,train
16606,train
57720,train
69056,train
61456,train
18157,train
17483,train
16484,train
17297,train
36084,train
26586,train
52719,train
22956,train
15976,train
49095,train
67900,train
28305,train
48275,train
13498,train
45469,train
34415,train
38862,train
52025,train
43098,train
64824,train
49971,train
58413,train
66167,train
63149,train
54497,train
45066,train
16253,train
23665,train
69960,train
30539,train
65393,train
6291,train
65406,train
60420,train
8002,train
12555,train
40355,train
36074,train
17073,train
26380,train
57162,train
40294,train
30482,train
16289,train
58516,train
38875,train
17525,train
7866,train
24788,train
32838,train
51636,train
18633,train
46755,train
52589,train
25743,train
52350,train
69032,train
28666,train
45219,train
55181,train
21879,train
44802,train
9928,train
53584,train
65476,train
64186,train
13548,train
14870,train
69436,train
56509,train
8353,train
20964,train
22152,train
52097,train
28328,train
50903,train
9037,train
51036,train
30408,train
31492,train
61275,train
21668,train
21648,train
35008,train
23739,train
114,train
25703,train
453,train
27217,train
53242,train
54075,train
31569,train
31329,train
41672,train
61657,train
27424,train
59464,train
70482,train
9575,train
17086,train
37383,train
63592,train
32188,train
40691,train
67771,train
66346,train
50220,train
10954,train
7698,train
28248,train
9624,train
45751,train
37375,train
46425,train
67,train
64803,train
14350,train
32743,train
50555,train
69112,train
17566,train
41639,train
3981,train
68760,train
46238,train
18577,train
69912,train
25469,train
58303,train
22670,train
1654,train
6600,train
39424,train
38951,train
43328,train
40832,train
29815,train
21244,train
41156,train
25454,train
18492,train
69457,train
62775,train
29878,train
52614,train
591,train
1339,train
45666,train
29727,train
49707,train
36096,train
42747,train
66048,train
34763,train
449,train
17617,train
12904,train
35409,train
21417,train
45507,train
21727,train
21122,train
15370,train
47647,train
42739,train
20908,train
49641,train
28851,train
59470,train
69921,train
40939,train
12633,train
13960,train
17500,train
52800,train
16850,train
42660,train
48299,train
51606,train
41811,train
65599,train
52936,train
4152,train
9852,train
30739,train
70278,train
61434,train
51130,train
33148,train
18781,train
45945,train
59885,train
37072,train
53572,train
52968,train
13449,train
43477,train
46253,train
45969,train
45183,train
52853,train
21908,train
62432,train
5995,train
19649,train
32200,train
4192,train
26994,train
30642,train
45594,train
66699,train
26163,train
54548,train
8367,train
43917,train
68540,train
22037,train
3508,train
36078,train
12081,train
67541,train
1161,train
7854,train
16046,train
31768,train
19105,train
641,train
8659,train
32615,train
13727,train
68353,train
180,train
20506,train
66049,train
38209,train
23150,train
65466,train
31348,train
53447,train
28058,train
18551,train
169,train
67452,train
46831,train
38698,train
64502,train
14552,train
16549,train
53795,train
28559,train
1149,train
14845,train
60837,train
24641,train
44409,train
58861,train
39090,train
50107,train
61319,train
57539,train
15423,train
68825,train
45065,train
62095,train
56961,train
28622,train
34620,train
29599,train
13316,train
14260,train
61396,train
50231,train
29403,train
5390,train
29047,train
13197,train
8061,train
40075,train
26782,train
24971,train
25499,train
22014,train
49668,train
38977,train
19954,train
17341,train
5709,train
40406,train
60526,train
48486,train
8407,train
32300,train
44405,train
6816,train
33039,train
3465,train
29249,train
17013,train
25699,train
27549,train
65819,train
45112,train
31326,train
10525,train
25464,train
32325,train
37121,train
59474,train
42393,train
67936,train
24072,train
40724,train
52092,train
21499,train
1801,train
66568,train
49348,train
1697,train
36594,train
15393,train
56033,train
10186,train
46184,train
51908,train
52958,train
47486,train
36605,train
2558,train
1823,train
19229,train
55940,train
69152,train
6437,train
20370,train
67410,train
43945,train
66170,train
66584,train
70596,train
57190,train
67804,train
15021,train
58249,train
62483,train
58414,train
5484,train
7147,train
19111,train
3775,train
8469,train
12512,train
62681,train
50982,train
2471,train
5431,train
10242,train
14408,train
58428,train
51785,train
17604,train
17081,train
12348,train
65105,train
48126,train
49301,train
33525,train
258,train
617,train
21225,train
47313,train
52473,train
16999,train
22699,train
15676,train
49967,train
50971,train
18507,train
12073,train
17255,train
25079,train
45698,train
67757,train
6339,train
59427,train
3394,train
56154,train
19787,train
25016,train
1327,train
61970,train
35320,train
24162,train
16895,train
11210,train
23535,train
64459,train
22766,train
64598,train
13371,train
27459,train
31742,train
54515,train
13577,train
50685,train
30740,train
31169,train
8354,train
29819,train
32336,train
24768,train
28976,train
21508,train
13281,train
64924,train
63080,train
16028,train
33951,train
13353,train
39671,train
6927,train
58101,train
44260,train
52918,train
35061,train
68742,train
10665,train
22110,train
64534,train
27003,train
24563,train
22245,train
22284,train
40453,train
53304,train
15170,train
58833,train
26920,train
61763,train
52093,train
20651,train
68338,train
59449,train
4215,train
9999,train
13901,train
20539,train
27157,train
49852,train
52606,train
31005,train
49717,train
51497,train
49221,train
8866,train
27252,train
27111,train
16281,train
43700,train
50162,train
65127,train
48174,train
26375,train
68828,train
25691,train
2007,train
66548,train
17470,train
16747,train
6043,train
41839,train
36950,train
68137,train
20820,train
60480,train
23749,train
30881,train
18660,train
66003,train
24464,train
44983,train
51684,train
43656,train
59299,train
35459,train
7763,train
43568,train
6009,train
12582,train
55862,train
9756,train
45036,train
10482,train
35998,train
1258,train
38154,train
37101,train
3081,train
54815,train
36759,train
33011,train
1006,train
50072,train
25015,train
17037,train
7350,train
43271,train
29502,train
62062,train
63145,train
66668,train
35982,train
17723,train
32767,train
49029,train
13514,train
31879,train
59918,train
1700,train
26301,train
23553,train
28992,train
53600,train
3636,train
35403,train
26825,train
58602,train
65465,train
7836,train
48552,train
44212,train
51169,train
65763,train
55891,train
13388,train
44023,train
43931,train
54100,train
67354,train
33810,train
20813,train
16870,train
30401,train
24692,train
9325,train
43217,train
44914,train
40177,train
53565,train
7737,train
10253,train
46203,train
16243,train
3417,train
25940,train
57297,train
42945,train
20625,train
15815,train
15456,train
44167,train
41446,train
46226,train
63258,train
12018,train
61321,train
13006,train
57602,train
4599,train
64911,train
19198,train
8992,train
21245,train
49434,train
18502,train
24871,train
18990,train
55049,train
18886,train
62621,train
13012,train
42305,train
37719,train
49012,train
33764,train
62406,train
38789,train
13308,train
848,train
47400,train
828,train
53717,train
14494,train
49845,train
39313,train
33463,train
54729,train
63437,train
25295,train
38027,train
52555,train
62351,train
70597,train
13851,train
34829,train
69260,train
19448,train
65707,train
57848,train
25419,train
53789,train
18677,train
14502,train
2729,train
29888,train
30752,train
741,train
63674,train
38398,train
60346,train
6114,train
12339,train
13524,train
48060,train
66620,train
55711,train
38437,train
57849,train
49925,train
29731,train
31706,train
56245,train
5298,train
56974,train
52472,train
2241,train
45872,train
54123,train
24431,train
22762,train
51674,train
24026,train
48137,train
49838,train
68320,train
40461,train
7588,train
42481,train
2031,train
51740,train
6531,train
26573,train
6559,train
52624,train
26981,train
7447,train
584,train
50215,train
25147,train
29457,train
18361,train
54341,train
46462,train
21308,train
29007,train
27166,train
19447,train
277,train
29446,train
68664,train
38080,train
40798,train
68651,train
49587,train
44733,train
55511,train
47324,train
16664,train
44809,train
33778,train
17242,train
34134,train
59436,train
58261,train
48272,train
25950,train
65445,train
11049,train
37665,train
39791,train
2966,train
12149,train
28312,train
1393,train
64966,train
17181,train
26911,train
60284,train
10435,train
67862,train
63363,train
65307,train
33655,train
50206,train
20116,train
14905,train
44894,train
4409,train
14886,train
24547,train
57875,train
55089,train
31117,train
39522,train
52861,train
70202,train
52043,train
41746,train
46571,train
878,train
39689,train
49111,train
31477,train
9947,train
51812,train
14965,train
2286,train
22302,train
27950,train
5071,train
39884,train
62857,train
51061,train
26215,train
64055,train
9400,train
28390,train
24043,train
9679,train
61552,train
19964,train
26961,train
43231,train
5878,train
6888,train
58634,train
55788,train
69265,train
10437,train
56384,train
14157,train
32178,train
61236,train
16919,train
12659,train
28594,train
3033,train
21687,train
1692,train
7223,train
63102,train
37837,train
35784,train
29078,train
60698,train
43900,train
12021,train
57669,train
58771,train
56022,train
63388,train
31808,train
68680,train
3781,train
978,train
221,train
60627,train
39265,train
61697,train
10962,train
60356,train
59880,train
27768,train
12611,train
36,train
21682,train
8416,train
61335,train
23299,train
22233,train
44110,train
27605,train
37649,train
38714,train
30913,train
50733,train
43073,train
53012,train
65696,train
15121,train
6209,train
57623,train
4046,train
14483,train
39547,train
32476,train
46348,train
45451,train
15334,train
31167,train
13519,train
48916,train
65993,train
34072,train
60533,train
1857,train
42911,train
64926,train
63202,train
19536,train
26852,train
3162,train
62173,train
61958,train
66208,train
68251,train
31695,train
35596,train
38660,train
69852,train
23003,train
30072,train
70047,train
19704,train
42708,train
65682,train
36361,train
7051,train
30500,train
18787,train
56174,train
46043,train
23968,train
30440,train
5538,train
8214,train
29377,train
25414,train
61554,train
15362,train
29732,train
24197,train
50934,train
32379,train
67359,train
6552,train
16483,train
40850,train
411,train
22846,train
45750,train
57289,train
32051,train
63358,train
57428,train
24309,train
9863,train
13921,train
22896,train
55079,train
1866,train
49578,train
65821,train
52296,train
42451,train
7646,train
28948,train
69550,train
67266,train
64180,train
42301,train
62903,train
69709,train
59491,train
64205,train
64593,train
30146,train
16020,train
14322,train
33811,train
28910,train
1760,train
66126,train
65501,train
35514,train
49487,train
7240,train
56913,train
46640,train
62213,train
62655,train
67377,train
29214,train
47846,train
41318,train
14144,train
28527,train
58699,train
6609,train
19839,train
50128,train
10381,train
64511,train
9798,train
44100,train
4271,train
2886,train
44339,train
36486,train
11659,train
31740,train
11473,train
41196,train
70209,train
56615,train
20591,train
39690,train
20144,train
53092,train
53161,train
61393,train
52930,train
55538,train
44982,train
33775,train
57941,train
6863,train
31862,train
39807,train
41790,train
57488,train
67721,train
11045,train
33052,train
5483,train
17831,train
58591,train
14208,train
50660,train
30169,train
47870,train
26251,train
11919,train
1021,train
3444,train
53631,train
18437,train
32085,train
7095,train
10164,train
45542,train
11252,train
4474,train
62808,train
14075,train
3613,train
16652,train
26473,train
1883,train
67683,train
49549,train
58114,train
56187,train
36537,train
10700,train
11939,train
38030,train
4909,train
21094,train
15621,train
65580,train
10384,train
58374,train
50278,train
60663,train
4983,train
20927,train
44569,train
24372,train
44697,train
43826,train
27551,train
49413,train
32245,train
22734,train
67257,train
18622,train
66433,train
70476,train
48138,train
16244,train
59089,train
11507,train
2478,train
41109,train
53227,train
6138,train
48316,train
33127,train
57271,train
44482,train
20945,train
25387,train
38183,train
61329,train
21500,train
20903,train
24262,train
32162,train
25932,train
33653,train
35796,train
44305,train
66355,train
66876,train
38001,train
23531,train
54669,train
54863,train
36196,train
10171,train
32557,train
47381,train
67933,train
66218,train
65283,train
61246,train
51474,train
8711,train
57828,train
24190,train
54688,train
27767,train
62832,train
35526,train
62650,train
60431,train
33377,train
60952,train
4050,train
49289,train
57612,train
50440,train
67844,train
64716,train
1071,train
788,train
64627,train
45455,train
23340,train
25750,train
4002,train
30011,train
4947,train
17818,train
3195,train
31977,train
28105,train
32045,train
33014,train
12286,train
18528,train
2084,train
19959,train
991,train
168,train
13231,train
53225,train
27164,train
62478,train
40187,train
19360,train
52415,train
27988,train
14317,train
6394,train
36513,train
29522,train
18759,train
4407,train
58589,train
20275,train
17047,train
67023,train
7414,train
38075,train
44091,train
29715,train
7612,train
43551,train
44601,train
1224,train
20860,train
44754,train
39725,train
28022,train
65225,train
3301,train
33825,train
57572,train
9635,train
16340,train
60062,train
3693,train
45108,train
7894,train
5936,train
9582,train
16060,train
18104,train
29452,train
25268,train
15777,train
39019,train
50950,train
3951,train
10538,train
4342,train
37994,train
43552,train
1265,train
46297,train
23806,train
45824,train
61416,train
8848,train
23832,train
52279,train
38851,train
21665,train
24600,train
69895,train
48348,train
12215,train
33449,train
53477,train
11256,train
38180,train
55133,train
32701,train
69992,train
22698,train
65212,train
27892,train
65576,train
46332,train
66351,train
5334,train
38165,train
38509,train
10660,train
24129,train
29739,train
48277,train
40362,train
7615,train
54189,train
48658,train
205,train
9430,train
55120,train
53221,train
54609,train
4489,train
50564,train
48886,train
7287,train
32725,train
45660,train
45658,train
44380,train
40111,train
69851,train
31611,train
40128,train
35946,train
30920,train
33697,train
10408,train
23355,train
7827,train
37438,train
57341,train
3528,train
24711,train
55469,train
53634,train
36660,train
40532,train
23011,train
27763,train
9227,train
25341,train
52956,train
40351,train
59246,train
10781,train
19383,train
69654,train
49261,train
605,train
61731,train
15530,train
23506,train
12296,train
61916,train
32276,train
62194,train
36334,train
5890,train
66065,train
26748,train
29478,train
16582,train
28675,train
12709,train
47120,train
13373,train
36650,train
23809,train
69804,train
54857,train
59985,train
48203,train
9266,train
19923,train
45503,train
40485,train
14807,train
18027,train
10161,train
41096,train
18552,train
15827,train
30029,train
16233,train
23655,train
53244,train
36906,train
58998,train
11789,train
36860,train
55082,train
45849,train
60988,train
12995,train
18851,train
33593,train
40753,train
31530,train
70474,train
9039,train
60023,train
62224,train
37261,train
38228,train
62854,train
64761,train
1647,train
17530,train
66992,train
39704,train
16783,train
66709,train
10299,train
12212,train
40207,train
10370,train
17173,train
54090,train
59133,train
63508,train
13054,train
55576,train
69116,train
10495,train
40535,train
63934,train
53613,train
34764,train
42595,train
37294,train
67401,train
64323,train
22508,train
56014,train
4815,train
55112,train
9326,train
881,train
47958,train
1105,train
32275,train
67449,train
66323,train
35369,train
63000,train
29803,train
38964,train
7329,train
3264,train
48168,train
339,train
39967,train
33467,train
57218,train
57630,train
41149,train
55977,train
2014,train
39746,train
13451,train
11512,train
63169,train
3550,train
53451,train
61819,train
52147,train
40112,train
11615,train
52819,train
22571,train
47524,train
36034,train
12265,train
16602,train
15522,train
15642,train
58678,train
41666,train
16808,train
55118,train
21692,train
37513,train
32693,train
38984,train
38389,train
37500,train
38317,train
70112,train
66607,train
513,train
27912,train
4193,train
44423,train
63410,train
36615,train
64336,train
23707,train
49987,train
20333,train
57857,train
51415,train
17611,train
33629,train
65911,train
40657,train
2145,train
12822,train
36094,train
19707,train
68994,train
13132,train
2273,train
15262,train
53135,train
6645,train
31831,train
27745,train
51112,train
6124,train
70524,train
28821,train
63734,train
16777,train
7643,train
12915,train
32084,train
1735,train
25329,train
12190,train
32482,train
23667,train
68259,train
41234,train
64201,train
58103,train
57018,train
53942,train
33321,train
51581,train
24738,train
16914,train
1932,train
43103,train
16282,train
59954,train
55009,train
28249,train
20160,train
50354,train
18935,train
8553,train
48719,train
30153,train
12269,train
10447,train
44113,train
45377,train
48899,train
54097,train
6277,train
61516,train
43926,train
39739,train
68970,train
18867,train
41577,train
50300,train
63266,train
66106,train
28283,train
36648,train
38566,train
29887,train
69555,train
9506,train
17520,train
43789,train
22100,train
24658,train
18063,train
41260,train
1793,train
15669,train
62625,train
45769,train
59641,train
48213,train
13721,train
65998,train
66648,train
17880,train
9544,train
49653,train
41975,train
9769,train
15497,train
53393,train
33890,train
16123,train
19444,train
21767,train
49103,train
65878,train
61307,train
62132,train
50821,train
33588,train
17981,train
61822,train
9868,train
33595,train
33584,train
7191,train
28114,train
46047,train
43499,train
48222,train
15075,train
42733,train
10496,train
33652,train
3021,train
28368,train
44911,train
42437,train
470,train
14884,train
11299,train
18625,train
41103,train
49264,train
21404,train
46293,train
16856,train
7751,train
47205,train
7841,train
63937,train
64724,train
67651,train
16024,train
6698,train
2675,train
8589,train
44149,train
49943,train
68688,train
12653,train
29021,train
46625,train
7419,train
51331,train
64551,train
57171,train
12562,train
18620,train
34746,train
67283,train
45827,train
38765,train
61079,train
13058,train
58401,train
7731,train
13677,train
63240,train
40248,train
46249,train
35117,train
17646,train
6554,train
11388,train
47916,train
65803,train
38438,train
7516,train
7998,train
57188,train
65612,train
24405,train
23800,train
264,train
5531,train
19064,train
58732,train
61584,train
47380,train
70008,train
52416,train
30133,train
3938,train
51715,train
30962,train
37520,train
55752,train
44783,train
38406,train
50318,train
44002,train
5266,train
53173,train
29494,train
2352,train
1205,train
38838,train
33910,train
34702,train
42101,train
33021,train
5136,train
5549,train
11191,train
17192,train
41115,train
8824,train
91,train
5689,train
41983,train
3689,train
25323,train
35994,train
19046,train
53550,train
46704,train
41161,train
52085,train
41420,train
61454,train
14484,train
33440,train
20245,train
47842,train
67798,train
22916,train
21011,train
63806,train
57143,train
10092,train
59358,train
43323,train
34073,train
57676,train
54819,train
26826,train
32896,train
69676,train
2087,train
38104,train
6843,train
17639,train
37073,train
6814,train
54309,train
54003,train
13314,train
55991,train
2604,train
56244,train
41498,train
66847,train
44530,train
16890,train
69932,train
62541,train
32118,train
58094,train
22334,train
66677,train
8797,train
28523,train
42280,train
25406,train
22831,train
6020,train
64100,train
61656,train
21472,train
46075,train
31401,train
24699,train
57659,train
14334,train
27698,train
36073,train
34548,train
9157,train
9264,train
45294,train
17864,train
54249,train
23470,train
26401,train
39559,train
41081,train
8682,train
27889,train
23889,train
50008,train
50980,train
9797,train
45312,train
66883,train
17801,train
62486,train
7537,train
38668,train
4432,train
64053,train
17810,train
21463,train
3798,train
68753,train
6761,train
56094,train
21511,train
11516,train
35477,train
40556,train
56667,train
64302,train
49193,train
25896,train
50193,train
67962,train
42300,train
59716,train
27265,train
49320,train
15412,train
46252,train
7212,train
9188,train
44707,train
45253,train
68934,train
15569,train
66428,train
20779,train
15246,train
55887,train
37549,train
8098,train
37922,train
3357,train
13272,train
27891,train
35984,train
7562,train
33390,train
45996,train
6920,train
64591,train
64073,train
29205,train
36000,train
30403,train
3388,train
46517,train
49250,train
32782,train
32858,train
25543,train
17056,train
69548,train
43575,train
2179,train
51891,train
34269,train
69416,train
16942,train
41711,train
19432,train
33642,train
64441,train
25675,train
18256,train
35646,train
9196,train
4329,train
6861,train
58902,train
55339,train
36166,train
27804,train
69824,train
3499,train
45029,train
34360,train
67980,train
5962,train
4454,train
22395,train
8296,train
8806,train
21007,train
48383,train
1609,train
65613,train
36646,train
43950,train
62094,train
67843,train
48627,train
53879,train
43097,train
49036,train
42862,train
15859,train
26756,train
11872,train
9406,train
36041,train
65894,train
30852,train
44112,train
19655,train
32972,train
36519,train
70049,train
14447,train
7459,train
13178,train
11833,train
68798,train
57423,train
14298,train
39563,train
43147,train
8109,train
10219,train
36881,train
34064,train
42699,train
32274,train
68858,train
50517,train
66856,train
42746,train
62990,train
13904,train
54235,train
68567,train
8805,train
41546,train
66238,train
41598,train
7441,train
39333,train
33445,train
1246,train
62293,train
1701,train
34322,train
8045,train
8309,train
62503,train
19461,train
47075,train
51225,train
64353,train
69904,train
67309,train
33002,train
41199,train
27478,train
34618,train
546,train
50901,train
28358,train
10074,train
47310,train
57292,train
51624,train
15700,train
47305,train
30431,train
70167,train
67820,train
13098,train
60919,train
25317,train
38147,train
60461,train
28146,train
63322,train
18009,train
18234,train
64023,train
28925,train
25835,train
16763,train
69822,train
10548,train
25167,train
52170,train
43371,train
25929,train
18207,train
17859,train
65961,train
66747,train
1225,train
33960,train
100,train
52905,train
54635,train
24712,train
37544,train
25063,train
8221,train
20615,train
24037,train
24617,train
11667,train
43363,train
10364,train
52723,train
69488,train
56476,train
8810,train
53563,train
63220,train
35755,train
11589,train
51626,train
31499,train
19178,train
42783,train
6494,train
39536,train
42743,train
38736,train
39805,train
56535,train
16900,train
44033,train
67155,train
20467,train
61472,train
20579,train
3581,train
11373,train
51179,train
50823,train
30629,train
53192,train
31355,train
51800,train
30447,train
38470,train
35974,train
29835,train
39409,train
18085,train
14758,train
13774,train
8115,train
40761,train
17407,train
30940,train
39870,train
20027,train
24024,train
13848,train
31963,train
12871,train
46546,train
42113,train
53993,train
16742,train
61717,train
8634,train
18045,train
50221,train
34478,train
64764,train
36689,train
46450,train
54539,train
60137,train
15066,train
39974,train
16334,train
45295,train
25383,train
53271,train
44512,train
36507,train
49665,train
21848,train
32309,train
22811,train
31184,train
21163,train
7135,train
36562,train
31954,train
27508,train
27006,train
10591,train
20909,train
33683,train
57536,train
42622,train
3709,train
50579,train
60200,train
29914,train
56760,train
32316,train
50652,train
35452,train
69075,train
61253,train
53443,train
41708,train
61233,train
17479,train
22118,train
41098,train
45874,train
63769,train
20259,train
62911,train
32513,train
62670,train
14463,train
54854,train
2390,train
4740,train
57832,train
7237,train
60108,train
39692,train
31176,train
54350,train
57236,train
13446,train
42908,train
21031,train
51136,train
47495,train
33672,train
21414,train
63607,train
23438,train
30540,train
52223,train
28418,train
3566,train
68847,train
36305,train
24045,train
37363,train
21903,train
63520,train
56172,train
42194,train
5714,train
22560,train
59898,train
14029,train
22794,train
26661,train
41591,train
53602,train
11028,train
58424,train
61439,train
15663,train
58155,train
10975,train
2046,train
47068,train
24977,train
55310,train
69,train
24066,train
2475,train
65795,train
66270,train
65811,train
6571,train
27602,train
21686,train
64714,train
64600,train
6666,train
38510,train
57664,train
5644,train
59155,train
10679,train
21479,train
27100,train
18211,train
59077,train
46650,train
55948,train
12420,train
32533,train
40537,train
25528,train
44274,train
11003,train
22914,train
41516,train
70044,train
33843,train
68377,train
46873,train
56358,train
63442,train
2421,train
55833,train
20036,train
13467,train
51538,train
61765,train
958,train
4014,train
49749,train
19665,train
13264,train
69203,train
14950,train
45624,train
44178,train
3841,train
32852,train
43714,train
47679,train
8754,train
40749,train
30562,train
63575,train
15541,train
54112,train
11924,train
10425,train
54063,train
40591,train
55649,train
60746,train
64002,train
5708,train
16609,train
20440,train
17103,train
55190,train
63496,train
34330,train
7696,train
34288,train
60928,train
167,train
27233,train
55922,train
1181,train
65873,train
34439,train
57177,train
24959,train
14129,train
38232,train
47939,train
17614,train
55595,train
17485,train
42462,train
63031,train
46435,train
67117,train
6503,train
25765,train
50964,train
70163,train
67823,train
3774,train
64391,train
70484,train
2237,train
60424,train
51263,train
42865,train
19728,train
13165,train
16617,train
5548,train
38606,train
18753,train
59808,train
6730,train
64929,train
31543,train
44027,train
69176,train
8237,train
57843,train
37056,train
5885,train
34451,train
32770,train
12530,train
7207,train
26723,train
24794,train
23778,train
3475,train
9050,train
62693,train
37494,train
30716,train
48821,train
312,train
54709,train
20584,train
42677,train
52374,train
53614,train
47762,train
37216,train
23429,train
5925,train
7415,train
29737,train
56437,train
40017,train
67151,train
3617,train
45980,train
65447,train
12344,train
45653,train
44205,train
33880,train
23076,train
34730,train
4431,train
52994,train
25,train
45790,train
17957,train
21980,train
38062,train
35832,train
63070,train
35773,train
38072,train
28625,train
69228,train
69780,train
63347,train
5889,train
42828,train
14063,train
45714,train
8677,train
7808,train
2677,train
48782,train
59719,train
27824,train
56507,train
57716,train
9059,train
68387,train
59075,train
47694,train
52237,train
2265,train
1227,train
49247,train
44490,train
53109,train
23978,train
50612,train
9972,train
5102,train
16806,train
8139,train
60610,train
19462,train
41201,train
28548,train
24271,train
54480,train
33480,train
36694,train
29876,train
69886,train
20536,train
69542,train
25627,train
40226,train
54107,train
1673,train
52812,train
39007,train
4274,train
8686,train
52598,train
60449,train
63344,train
12910,train
21702,train
47848,train
8455,train
24976,train
54911,train
22002,train
50511,train
46481,train
6037,train
24701,train
45957,train
33437,train
16993,train
16662,train
42573,train
57285,train
50837,train
11398,train
19290,train
423,train
51992,train
63913,train
27361,train
47538,train
36039,train
22267,train
50211,train
5606,train
22283,train
46887,train
2498,train
41064,train
68104,train
35671,train
340,train
39368,train
32269,train
55322,train
48446,train
53351,train
42954,train
43266,train
28125,train
13200,train
55952,train
54834,train
14407,train
6869,train
61709,train
14690,train
4506,train
56757,train
54145,train
27658,train
55996,train
4698,train
39513,train
60489,train
11008,train
12734,train
46395,train
69422,train
5752,train
53307,train
25615,train
39034,train
60404,train
60502,train
65076,train
59946,train
43758,train
24783,train
2589,train
4938,train
34574,train
56227,train
1355,train
24110,train
43015,train
37781,train
32614,train
11065,train
60019,train
42686,train
48956,train
30736,train
15111,train
40071,train
35067,train
55766,train
53689,train
53206,train
42925,train
1463,train
843,train
47287,train
64730,train
25031,train
19800,train
23128,train
25947,train
35137,train
70320,train
42195,train
66146,train
6349,train
46809,train
60583,train
53042,train
66307,train
31685,train
29862,train
2620,train
45795,train
46723,train
52236,train
41454,train
17347,train
46320,train
4902,train
2093,train
21476,train
5248,train
18133,train
54348,train
57775,train
4971,train
19071,train
50585,train
28688,train
21843,train
19719,train
46358,train
55756,train
49760,train
13799,train
43250,train
5095,train
2120,train
44585,train
38428,train
50653,train
69776,train
57316,train
5597,train
40223,train
49288,train
9482,train
19368,train
41288,train
43815,train
24557,train
53829,train
59963,train
4761,train
5877,train
66632,train
12222,train
7702,train
59828,train
40096,train
43928,train
59842,train
21247,train
69508,train
44307,train
49128,train
42763,train
33504,train
42265,train
7078,train
53349,train
32405,train
55760,train
56003,train
60577,train
27929,train
31316,train
35410,train
41482,train
38084,train
42484,train
54845,train
44053,train
70571,train
6721,train
67774,train
19863,train
13686,train
647,train
48020,train
24352,train
12341,train
24411,train
65827,train
29563,train
63417,train
40727,train
47615,train
22129,train
1030,train
37589,train
44435,train
42024,train
14882,train
35874,train
55535,train
35617,train
40604,train
61589,train
33237,train
4755,train
33344,train
7473,train
2672,train
48513,train
59767,train
31120,train
23982,train
24181,train
59479,train
11740,train
44410,train
30855,train
15390,train
37029,train
19868,train
48255,train
3160,train
22744,train
52159,train
20475,train
41754,train
60174,train
28724,train
67321,train
7781,train
58175,train
3361,train
64736,train
40123,train
38215,train
9299,train
56502,train
24438,train
56943,train
54951,train
30487,train
61304,train
25294,train
20434,train
215,train
26106,train
49031,train
28501,train
66328,train
38869,train
41099,train
8719,train
17253,train
29028,train
14975,train
59489,train
9744,train
65572,train
30890,train
68879,train
60661,train
36799,train
54198,train
33261,train
59745,train
5893,train
37087,train
781,train
63932,train
67794,train
40040,train
13290,train
5643,train
55841,train
3601,train
68529,train
66194,train
44564,train
9984,train
53649,train
9178,train
37953,train
36851,train
14360,train
58643,train
45171,train
28047,train
5346,train
19708,train
3524,train
4257,train
64826,train
11477,train
37180,train
42800,train
12032,train
20726,train
42150,train
67361,train
69721,train
54009,train
51125,train
1304,train
43760,train
46514,train
49846,train
50413,train
12122,train
2702,train
11396,train
59109,train
37964,train
35044,train
59654,train
14776,train
53301,train
65470,train
47974,train
39858,train
37657,train
57815,train
62983,train
42143,train
22039,train
2360,train
52324,train
16706,train
44803,train
35127,train
66076,train
63909,train
47447,train
7870,train
62517,train
45854,train
24829,train
48384,train
70432,train
52132,train
60594,train
29480,train
18940,train
18006,train
61778,train
46950,train
32308,train
52394,train
50803,train
39077,train
6401,train
43818,train
30790,train
65641,train
43543,train
3669,train
45993,train
62180,train
33760,train
45836,train
61210,train
54781,train
62722,train
57960,train
69356,train
25455,train
38755,train
63684,train
24216,train
30157,train
62890,train
21111,train
27553,train
47412,train
64843,train
66025,train
51524,train
46942,train
16525,train
53758,train
9446,train
6848,train
53980,train
39496,train
17354,train
33801,train
27263,train
59018,train
45133,train
59028,train
19653,train
57208,train
25263,train
47336,train
44463,train
33203,train
16069,train
17919,train
63757,train
40246,train
40415,train
57887,train
68229,train
51727,train
36234,train
11485,train
28712,train
14066,train
31241,train
42987,train
67546,train
28612,train
45272,train
50130,train
2868,train
16173,train
70643,train
21560,train
46869,train
68358,train
19576,train
28466,train
60247,train
25089,train
23701,train
4054,train
55791,train
60765,train
62210,train
16454,train
56392,train
56498,train
21061,train
6572,train
37148,train
50243,train
41788,train
65481,train
66910,train
69299,train
64780,train
19165,train
12947,train
14523,train
35730,train
6954,train
42148,train
36927,train
42804,train
33277,train
3180,train
23604,train
33043,train
10403,train
1971,train
45761,train
61033,train
30977,train
35108,train
51635,train
13664,train
26394,train
41635,train
5169,train
52002,train
14986,train
33688,train
51648,train
28075,train
33334,train
10083,train
16543,train
53159,train
6658,train
9584,train
35442,train
23010,train
34315,train
4355,train
13606,train
28558,train
55413,train
22011,train
44514,train
69424,train
6463,train
38394,train
12864,train
7393,train
28546,train
39336,train
50343,train
54231,train
9022,train
29609,train
21507,train
6471,train
14162,train
64777,train
15584,train
5753,train
32147,train
21349,train
37107,train
66101,train
43608,train
54446,train
24909,train
61840,train
22003,train
32441,train
35069,train
35206,train
21048,train
45263,train
12121,train
64301,train
21755,train
5777,train
44793,train
5648,train
40117,train
7063,train
14080,train
42290,train
45798,train
4544,train
5860,train
20783,train
41382,train
14587,train
24895,train
21613,train
34599,train
64087,train
46126,train
58342,train
3140,train
60912,train
57129,train
23949,train
8533,train
70517,train
35228,train
9013,train
46268,train
25476,train
11345,train
36786,train
42073,train
44341,train
37623,train
28738,train
3645,train
40508,train
52625,train
47295,train
27019,train
15475,train
19416,train
10948,train
15086,train
13444,train
16404,train
8208,train
13934,train
16393,train
54466,train
36279,train
38074,train
23111,train
43388,train
37075,train
45084,train
44019,train
25597,train
44598,train
17452,train
29026,train
31775,train
56798,train
30308,train
55238,train
25883,train
63161,train
20523,train
8775,train
21361,train
48876,train
64991,train
48024,train
2773,train
66349,train
55890,train
31006,train
70003,train
18994,train
39745,train
57420,train
31453,train
50230,train
8465,train
25697,train
28161,train
25381,train
7197,train
29100,train
29920,train
39602,train
68686,train
27494,train
4941,train
55271,train
64794,train
17887,train
30565,train
16745,train
32040,train
34397,train
11349,train
50468,train
54005,train
29506,train
25059,train
39002,train
2110,train
69962,train
26717,train
6598,train
42856,train
25080,train
34540,train
274,train
23912,train
28255,train
19661,train
19600,train
24824,train
1650,train
18566,train
48201,train
28321,train
62246,train
21734,train
26017,train
19403,train
44089,train
50481,train
59329,train
17906,train
10798,train
31235,train
35236,train
64144,train
16408,train
31238,train
62067,train
68596,train
56425,train
5034,train
59522,train
54073,train
34185,train
19484,train
8912,train
25742,train
15759,train
5319,train
42878,train
33253,train
3835,train
49097,train
17884,train
58514,train
62204,train
33465,train
46079,train
12462,train
50861,train
25234,train
27264,train
30359,train
55864,train
50884,train
68083,train
52151,train
18080,train
70045,train
54325,train
29088,train
7802,train
20847,train
47239,train
3,train
21101,train
15090,train
34456,train
65732,train
30491,train
57674,train
19289,train
57780,train
40864,train
17762,train
52257,train
5157,train
16480,train
52590,train
14195,train
3510,train
28751,train
9265,train
34949,train
44708,train
20720,train
49919,train
31525,train
48911,train
40222,train
45273,train
15493,train
32653,train
65435,train
35216,train
48202,train
25733,train
62348,train
50627,train
59433,train
34713,train
22599,train
9622,train
53594,train
32918,train
44988,train
28905,train
65886,train
48491,train
58146,train
4585,train
66879,train
367,train
57032,train
18921,train
43393,train
12178,train
58268,train
68555,train
10399,train
191,train
42979,train
16905,train
59731,train
69088,train
60491,train
64528,train
10153,train
13897,train
43378,train
39098,train
17770,train
35031,train
31312,train
60947,train
51087,train
12480,train
59531,train
48637,train
69433,train
59221,train
47814,train
63816,train
65298,train
42624,train
66852,train
40361,train
66069,train
16221,train
56412,train
23628,train
18095,train
33306,train
10652,train
25588,train
62711,train
67590,train
65802,train
18226,train
63847,train
5497,train
14839,train
16655,train
55918,train
42527,train
31952,train
2238,train
53261,train
48585,train
31357,train
59772,train
31309,train
59763,train
10595,train
58955,train
60357,train
59206,train
38004,train
35792,train
46851,train
21373,train
33208,train
35541,train
67222,train
3506,train
21778,train
51620,train
2785,train
17668,train
69294,train
65771,train
27737,train
29206,train
21726,train
65546,train
38237,train
28076,train
34902,train
65271,train
2138,train
58569,train
9861,train
21717,train
30787,train
20489,train
67322,train
51666,train
41236,train
46021,train
51530,train
33612,train
17363,train
10116,train
36332,train
29757,train
21869,train
4912,train
19441,train
70220,train
63774,train
3795,train
20356,train
58189,train
8140,train
61269,train
53100,train
4822,train
57723,train
19656,train
33982,train
43200,train
38524,train
60358,train
15955,train
46006,train
25250,train
46978,train
57088,train
30250,train
54726,train
52804,train
13813,train
32094,train
42115,train
55648,train
16371,train
1281,train
11403,train
46139,train
37290,train
23939,train
25301,train
45672,train
64305,train
29686,train
67216,train
50117,train
6847,train
68976,train
50842,train
29523,train
40500,train
30523,train
17405,train
53348,train
20449,train
21201,train
56855,train
70404,train
44300,train
33457,train
35790,train
57043,train
65633,train
60851,train
31779,train
52877,train
24304,train
4792,train
17508,train
68206,train
5155,train
48350,train
20535,train
41648,train
45902,train
70632,train
52202,train
47312,train
4239,train
58789,train
40152,train
50305,train
12049,train
62760,train
20822,train
53210,train
8545,train
49513,train
1763,train
347,train
27962,train
58336,train
52962,train
11834,train
20988,train
43623,train
39754,train
50843,train
28479,train
12167,train
1507,train
24222,train
30306,train
61727,train
26295,train
53414,train
13617,train
68233,train
17579,train
59647,train
14303,train
65736,train
44671,train
70325,train
55696,train
28375,train
34723,train
63001,train
32864,train
46815,train
19663,train
59249,train
54870,train
61635,train
28728,train
70027,train
40782,train
1208,train
61158,train
9372,train
931,train
46032,train
46034,train
56840,train
50814,train
3726,train
49445,train
54330,train
49472,train
10809,train
40770,train
29187,train
66598,train
43612,train
5350,train
61857,train
44795,train
40757,train
66467,train
55574,train
38761,train
65068,train
19633,train
56135,train
34765,train
65341,train
22975,train
10964,train
16921,train
65433,train
54201,train
50456,train
67113,train
21041,train
11910,train
15808,train
8613,train
61139,train
17872,train
13817,train
49975,train
36485,train
16846,train
23567,train
27704,train
32457,train
44321,train
49508,train
38404,train
596,train
28187,train
43471,train
18180,train
34607,train
68475,train
21638,train
27878,train
36366,train
46687,train
56570,train
6380,train
24083,train
37407,train
35716,train
67679,train
3483,train
55616,train
52205,train
70006,train
46676,train
68731,train
53174,train
31937,train
48181,train
51052,train
68886,train
5764,train
67008,train
412,train
24288,train
62084,train
40705,train
43981,train
31905,train
34673,train
67268,train
61199,train
51670,train
54801,train
7823,train
4061,train
14296,train
17699,train
18951,train
10320,train
7020,train
23704,train
5970,train
12978,train
62236,train
51557,train
22101,train
44174,train
59194,train
34835,train
12491,train
797,train
43500,train
69774,train
51209,train
43683,train
21735,train
4151,train
43049,train
20769,train
22353,train
10615,train
20498,train
8708,train
43233,train
23698,train
32174,train
40339,train
20620,train
703,train
68100,train
62897,train
21746,train
62781,train
63680,train
40239,train
30091,train
6476,train
44282,train
51911,train
53397,train
40454,train
65251,train
7565,train
55022,train
62473,train
65807,train
32760,train
65700,train
45575,train
70390,train
41444,train
11247,train
66740,train
5417,train
35532,train
58226,train
33211,train
47033,train
18166,train
10737,train
66525,train
70157,train
56754,train
47732,train
59359,train
960,train
6651,train
40509,train
29364,train
19690,train
66639,train
35261,train
66758,train
22984,train
26531,train
70123,train
11083,train
6513,train
66878,train
31315,train
33199,train
20371,train
19828,train
1329,train
64546,train
17172,train
30362,train
7947,train
14584,train
45007,train
21253,train
30426,train
20402,train
41528,train
63673,train
54579,train
68007,train
17159,train
43853,train
28319,train
23114,train
53215,train
2308,train
60599,train
46448,train
43141,train
13777,train
1450,train
19171,train
66128,train
31368,train
25461,train
11420,train
2758,train
26713,train
57479,train
20267,train
22933,train
4543,train
63603,train
57866,train
51802,train
68024,train
54994,train
65744,train
6921,train
43268,train
70275,train
33740,train
42791,train
63011,train
32761,train
8959,train
50113,train
24079,train
45664,train
37404,train
56290,train
8158,train
59533,train
36153,train
40354,train
51315,train
21623,train
63124,train
6371,train
70352,train
46440,train
31452,train
65308,train
55128,train
53275,train
19407,train
41572,train
37880,train
67307,train
17102,train
29083,train
50975,train
23359,train
54891,train
55857,train
17444,train
65312,train
2940,train
58218,train
23007,train
46438,train
58607,train
15920,train
2282,train
11695,train
33363,train
5966,train
38143,train
60879,train
49135,train
37960,train
44994,train
1918,train
13095,train
56238,train
26334,train
66491,train
28616,train
63938,train
13942,train
23440,train
4049,train
4874,train
35872,train
58717,train
45490,train
45896,train
68195,train
51271,train
55673,train
22415,train
14465,train
66769,train
6960,train
2857,train
51963,train
44233,train
8213,train
51621,train
14876,train
45235,train
40232,train
69417,train
15512,train
35911,train
69347,train
20850,train
6262,train
37237,train
42859,train
56128,train
59235,train
69404,train
22955,train
40165,train
23174,train
54832,train
53599,train
69412,train
33280,train
44829,train
19759,train
9789,train
53579,train
13247,train
35030,train
8261,train
11244,train
9633,train
30341,train
8344,train
20080,train
60386,train
69272,train
10181,train
66274,train
27940,train
19882,train
17987,train
25298,train
34709,train
14686,train
50271,train
52091,train
33585,train
10915,train
56388,train
65032,train
15997,train
33478,train
52922,train
13639,train
3766,train
48405,train
25938,train
12772,train
43800,train
32473,train
60301,train
1417,train
2187,train
57705,train
61938,train
21077,train
63666,train
59575,train
26001,train
12651,train
22176,train
31520,train
66023,train
58387,train
18186,train
48666,train
18149,train
54640,train
31637,train
34910,train
7073,train
18896,train
16676,train
10908,train
67036,train
68999,train
42246,train
61234,train
8607,train
47600,train
11325,train
32739,train
50941,train
12646,train
37419,train
17152,train
64213,train
32479,train
26896,train
1900,train
23156,train
23130,train
26591,train
51452,train
40353,train
35927,train
60967,train
45332,train
65694,train
7951,train
68621,train
10302,train
7381,train
2136,train
52227,train
47159,train
53712,train
32515,train
17577,train
49678,train
31084,train
47184,train
59395,train
69285,train
28816,train
23736,train
24645,train
60771,train
40631,train
21141,train
7809,train
22816,train
42992,train
36443,train
51892,train
15570,train
21145,train
44695,train
11861,train
22013,train
3722,train
20897,train
64547,train
19856,train
21794,train
20207,train
1279,train
37328,train
57013,train
3330,train
44578,train
22237,train
49013,train
51317,train
14330,train
44292,train
42289,train
29157,train
19205,train
28416,train
27347,train
45999,train
38272,train
37293,train
44918,train
31448,train
14676,train
36444,train
15776,train
37760,train
22769,train
31549,train
37914,train
56124,train
69658,train
12852,train
65621,train
44284,train
478,train
22045,train
69165,train
69091,train
15265,train
41958,train
31929,train
26769,train
34875,train
68396,train
61683,train
38055,train
50473,train
13776,train
2413,train
57481,train
69254,train
6149,train
49865,train
44367,train
13685,train
44957,train
19062,train
15313,train
46422,train
26518,train
42542,train
53113,train
69983,train
40276,train
28973,train
17449,train
14118,train
22413,train
42384,train
8648,train
46442,train
43846,train
38265,train
55176,train
56450,train
25489,train
8204,train
19078,train
67787,train
22086,train
55874,train
9112,train
47758,train
12249,train
66570,train
5327,train
8624,train
18728,train
56516,train
23703,train
31373,train
16703,train
62135,train
33500,train
16762,train
23547,train
67622,train
20471,train
20120,train
11122,train
22207,train
1704,train
61141,train
26187,train
28398,train
3501,train
20806,train
66888,train
26151,train
45713,train
50952,train
22228,train
33135,train
9499,train
36863,train
12380,train
21739,train
14127,train
5452,train
53521,train
42005,train
68266,train
38042,train
40911,train
53371,train
27470,train
7411,train
43565,train
12566,train
9060,train
14452,train
26382,train
19235,train
24470,train
51698,train
19255,train
14806,train
31408,train
25501,train
27063,train
35570,train
8055,train
70128,train
51604,train
36342,train
7472,train
60769,train
61276,train
45344,train
4040,train
3505,train
20026,train
41729,train
56241,train
30599,train
64347,train
1987,train
43600,train
38725,train
23558,train
58723,train
8397,train
59493,train
10402,train
67652,train
10285,train
45858,train
5301,train
4856,train
31997,train
23345,train
52700,train
36228,train
62840,train
33239,train
60500,train
48768,train
68134,train
51235,train
4525,train
59407,train
54643,train
38785,train
57234,train
52331,train
70560,train
61568,train
33724,train
11881,train
7248,train
42815,train
16604,train
12310,train
69378,train
21861,train
728,train
41249,train
47646,train
66315,train
1120,train
35220,train
19844,train
67745,train
53032,train
40686,train
3490,train
29796,train
55588,train
7638,train
22802,train
3985,train
22279,train
30655,train
5519,train
47393,train
27920,train
47993,train
50704,train
55389,train
30150,train
2771,train
11172,train
32116,train
25003,train
53035,train
6248,train
53391,train
20718,train
64106,train
54431,train
26770,train
8149,train
47923,train
32805,train
31178,train
39072,train
58969,train
64092,train
69466,train
66798,train
49448,train
37807,train
21053,train
38115,train
2213,train
36237,train
35593,train
68633,train
63272,train
29371,train
23991,train
22632,train
26611,train
30835,train
60754,train
11664,train
20630,train
54999,train
7028,train
51073,train
56742,train
57394,train
64026,train
7457,train
7004,train
20505,train
43631,train
51630,train
40269,train
4476,train
50192,train
45334,train
27624,train
29765,train
15244,train
59907,train
45683,train
18023,train
13374,train
43057,train
58404,train
49580,train
12026,train
37579,train
58989,train
44956,train
38807,train
69104,train
25358,train
29059,train
54230,train
36136,train
53406,train
63845,train
32508,train
10486,train
60002,train
31925,train
20673,train
19242,train
45199,train
57364,train
20969,train
66941,train
28245,train
51583,train
39640,train
26258,train
9884,train
66736,train
22583,train
60208,train
30660,train
52910,train
67341,train
34055,train
2406,train
12331,train
20898,train
25017,train
39000,train
27234,train
65874,train
25287,train
42520,train
47034,train
42167,train
9882,train
18758,train
4514,train
62828,train
59955,train
27707,train
55206,train
38630,train
31500,train
57927,train
49235,train
23378,train
8092,train
28829,train
32837,train
598,train
9831,train
57835,train
44142,train
4023,train
53141,train
67549,train
31437,train
20766,train
35466,train
9989,train
20377,train
28985,train
20654,train
29988,train
67665,train
58167,train
7206,train
11335,train
36514,train
26841,train
58705,train
11618,train
27044,train
3318,train
55875,train
2666,train
46095,train
15036,train
70249,train
9963,train
47554,train
20009,train
14055,train
11197,train
67336,train
50088,train
61226,train
31955,train
26494,train
50592,train
66936,train
66229,train
33671,train
15951,train
37175,train
67877,train
63803,train
10465,train
54070,train
25995,train
16166,train
2309,train
63123,train
64690,train
69608,train
62333,train
68040,train
5929,train
20182,train
3989,train
29718,train
35684,train
55319,train
55984,train
43036,train
4595,train
34293,train
59254,train
46644,train
23131,train
14191,train
38439,train
64507,train
43622,train
55065,train
9925,train
3171,train
23051,train
37204,train
46833,train
69742,train
37426,train
7767,train
53341,train
854,train
69061,train
5460,train
6652,train
61809,train
14356,train
32623,train
21616,train
62702,train
12023,train
59674,train
46468,train
34410,train
23479,train
15399,train
44383,train
20326,train
12243,train
33644,train
24221,train
62074,train
61067,train
64506,train
29874,train
5968,train
20596,train
50890,train
30271,train
65339,train
1536,train
1421,train
55584,train
49931,train
80,train
27673,train
44889,train
69633,train
23700,train
60477,train
70483,train
39594,train
65939,train
37147,train
37139,train
19266,train
46078,train
47002,train
56813,train
18910,train
38810,train
28029,train
18967,train
30291,train
42036,train
58522,train
65832,train
67892,train
50102,train
31687,train
7118,train
36951,train
28916,train
41858,train
24333,train
54194,train
21106,train
2751,train
6423,train
41579,train
51523,train
41431,train
59118,train
702,train
10216,train
5786,train
47443,train
31618,train
53617,train
58986,train
21688,train
13506,train
5022,train
11015,train
28415,train
47340,train
11132,train
43419,train
1657,train
21537,train
41125,train
61352,train
6886,train
17522,train
61475,train
40364,train
26686,train
41110,train
17695,train
54255,train
57890,train
33087,train
43640,train
39238,train
20636,train
49786,train
1,train
14472,train
48002,train
30567,train
29586,train
49346,train
26456,train
28647,train
7703,train
28307,train
67378,train
4535,train
5805,train
70233,train
9312,train
59107,train
61675,train
17814,train
19925,train
24068,train
47583,train
40544,train
52012,train
56320,train
52479,train
26395,train
47623,train
69567,train
19522,train
54472,train
27829,train
4746,train
14904,train
31642,train
58025,train
9826,train
62715,train
9076,train
36437,train
21653,train
39500,train
5583,train
30445,train
18221,train
17644,train
20422,train
16498,train
60253,train
43698,train
35112,train
26865,train
56366,train
28887,train
51978,train
21352,train
11515,train
66191,train
65922,train
68093,train
36498,train
65039,train
47522,train
10209,train
27292,train
51629,train
51797,train
58639,train
10701,train
64398,train
11857,train
29959,train
32112,train
55021,train
68434,train
42103,train
732,train
8660,train
31367,train
14832,train
43527,train
7626,train
68904,train
25745,train
7517,train
13146,train
55807,train
50602,train
29263,train
57582,train
65288,train
67427,train
28036,train
63386,train
55,train
43839,train
7691,train
11223,train
1603,train
10993,train
57,train
20925,train
15077,train
11977,train
38000,train
48588,train
48257,train
5490,train
30656,train
3959,train
16051,train
57136,train
2652,train
38657,train
15722,train
37463,train
64923,train
33399,train
31113,train
22490,train
43390,train
32455,train
3990,train
60855,train
67746,train
14992,train
3235,train
47144,train
42508,train
34389,train
23522,train
7134,train
60006,train
24257,train
46467,train
1986,train
65758,train
5432,train
9946,train
31162,train
41980,train
1363,train
34783,train
25622,train
3367,train
12040,train
49428,train
27378,train
4344,train
38590,train
30350,train
28341,train
56078,train
779,train
65914,train
55691,train
53519,train
48311,train
47702,train
38429,train
14677,train
1394,train
67736,train
25590,train
31424,train
32197,train
67458,train
13951,train
33857,train
27316,train
62735,train
3935,train
33730,train
13593,train
25943,train
59195,train
56082,train
58002,train
52919,train
24229,train
46262,train
42190,train
2890,train
14370,train
35679,train
4685,train
38247,train
62434,train
47476,train
13652,train
58584,train
41913,train
25639,train
53641,train
44555,train
3940,train
23838,train
42474,train
29785,train
58915,train
11458,train
35235,train
69528,train
6819,train
32840,train
68914,train
19794,train
43206,train
17707,train
57152,train
36108,train
65292,train
67663,train
32193,train
6090,train
53894,train
41185,train
66880,train
45068,train
42203,train
49,train
42445,train
38784,train
25219,train
46164,train
24245,train
69789,train
52441,train
6764,train
33124,train
65234,train
62587,train
44521,train
67718,train
31475,train
32876,train
37451,train
7640,train
65121,train
32517,train
70452,train
45210,train
17890,train
27718,train
28155,train
12634,train
64474,train
45015,train
37714,train
9684,train
39698,train
39207,train
37367,train
51960,train
32351,train
24773,train
58257,train
23866,train
38528,train
39006,train
10309,train
52703,train
23054,train
18838,train
55636,train
14671,train
64243,train
25668,train
15653,train
66286,train
51653,train
67910,train
65443,train
68789,train
24394,train
29147,train
59125,train
49002,train
60143,train
63660,train
13784,train
12681,train
52652,train
51887,train
44313,train
61351,train
37645,train
43731,train
67429,train
44921,train
18515,train
51173,train
64904,train
64011,train
58849,train
66625,train
66767,train
65222,train
69287,train
7499,train
52661,train
9538,train
44206,train
6618,train
29977,train
54769,train
66766,train
20029,train
20461,train
6084,train
18648,train
32740,train
51937,train
22917,train
66526,train
26270,train
483,train
43343,train
3968,train
27286,train
54228,train
18999,train
57719,train
5274,train
40829,train
64370,train
69015,train
12131,train
14167,train
36897,train
17726,train
17517,train
13838,train
35472,train
15417,train
36178,train
55929,train
11782,train
11203,train
48414,train
30090,train
60744,train
24365,train
17633,train
45123,train
53084,train
52627,train
41504,train
39337,train
40567,train
16177,train
43645,train
28019,train
60523,train
22034,train
23349,train
55725,train
11024,train
35733,train
36464,train
47685,train
13476,train
48338,train
58057,train
21154,train
21195,train
20749,train
17070,train
29677,train
58555,train
20503,train
62096,train
66558,train
6212,train
42866,train
10163,train
59172,train
70434,train
38898,train
31161,train
38870,train
32622,train
62450,train
19123,train
69475,train
5838,train
45560,train
64313,train
57717,train
15013,train
39925,train
34254,train
4326,train
39213,train
4910,train
29912,train
60518,train
40933,train
43681,train
33099,train
24529,train
67943,train
46974,train
31121,train
31782,train
36587,train
188,train
1490,train
6597,train
19691,train
5667,train
54856,train
33574,train
56874,train
18950,train
44273,train
64008,train
55219,train
60171,train
21906,train
41448,train
2638,train
37074,train
5810,train
14834,train
44787,train
51924,train
13356,train
58626,train
51746,train
4334,train
42297,train
15687,train
58743,train
32222,train
12411,train
27805,train
59527,train
67673,train
11574,train
35244,train
28133,train
31028,train
66182,train
64885,train
51117,train
67988,train
31342,train
9166,train
42562,train
19758,train
3488,train
68589,train
36020,train
69405,train
29213,train
53274,train
10417,train
35376,train
60701,train
57422,train
5184,train
17959,train
39289,train
34479,train
6387,train
26024,train
6851,train
14667,train
44362,train
1365,train
61576,train
53191,train
51595,train
70087,train
12350,train
12983,train
23499,train
40252,train
4873,train
34053,train
39259,train
544,train
25304,train
4519,train
57831,train
46356,train
31666,train
62584,train
13488,train
2017,train
69876,train
24520,train
32388,train
15547,train
37835,train
58335,train
57198,train
60609,train
28276,train
65033,train
51486,train
56371,train
10274,train
64782,train
51528,train
55898,train
15515,train
26236,train
8385,train
49855,train
62109,train
67446,train
23384,train
13585,train
28284,train
66192,train
4402,train
14911,train
31217,train
841,train
13440,train
3813,train
66796,train
41111,train
32582,train
52674,train
34477,train
69409,train
36847,train
42653,train
11962,train
12699,train
7903,train
19575,train
44925,train
70513,train
54628,train
8138,train
11354,train
67000,train
14746,train
25025,train
51739,train
68042,train
62682,train
32914,train
22458,train
25008,train
29014,train
8434,train
61737,train
18229,train
254,train
68165,train
3948,train
42070,train
13750,train
47042,train
66190,train
51478,train
9285,train
55402,train
28860,train
36350,train
56890,train
30418,train
55731,train
67138,train
18003,train
34737,train
69869,train
32041,train
4347,train
60089,train
34387,train
4865,train
38471,train
52903,train
64339,train
42706,train
56416,train
70486,train
40683,train
34226,train
63683,train
34654,train
61152,train
17314,train
27526,train
57452,train
61112,train
12545,train
45040,train
57000,train
64423,train
9641,train
70117,train
3912,train
29743,train
55477,train
3977,train
38476,train
62498,train
9461,train
41127,train
55233,train
40397,train
46115,train
45151,train
50380,train
5081,train
10297,train
36061,train
46136,train
16875,train
20127,train
3983,train
2311,train
52595,train
37660,train
59282,train
6162,train
48034,train
13262,train
38992,train
27669,train
61668,train
39086,train
47105,train
12883,train
65262,train
64480,train
28926,train
26311,train
58620,train
39186,train
67500,train
4006,train
438,train
39172,train
6845,train
37764,train
24670,train
19997,train
46984,train
67603,train
38567,train
6769,train
30108,train
28389,train
44017,train
42448,train
18614,train
53335,train
29152,train
70540,train
4967,train
64759,train
26135,train
60892,train
16161,train
63959,train
4211,train
29513,train
56453,train
34138,train
3662,train
29137,train
7659,train
60379,train
43884,train
55769,train
64246,train
55745,train
49168,train
36509,train
5551,train
46623,train
31691,train
21943,train
23190,train
11332,train
11868,train
44522,train
62898,train
61036,train
52973,train
9944,train
49659,train
5654,train
27029,train
36584,train
34341,train
47266,train
15602,train
18783,train
30081,train
19873,train
10249,train
32449,train
66599,train
62806,train
42691,train
26238,train
58779,train
34056,train
16155,train
41455,train
8376,train
13860,train
35687,train
62146,train
13229,train
45956,train
51151,train
5869,train
45582,train
32830,train
891,train
46551,train
26548,train
52799,train
2781,train
18224,train
68833,train
27205,train
38935,train
52892,train
9951,train
47604,train
51335,train
49321,train
52740,train
68803,train
2543,train
49864,train
30450,train
70122,train
60730,train
31366,train
66075,train
26202,train
53571,train
50039,train
12283,train
21559,train
63548,train
65680,train
10524,train
36177,train
40195,train
12389,train
48032,train
10574,train
32206,train
20269,train
60352,train
9450,train
7711,train
44352,train
39861,train
32716,train
27370,train
30179,train
45478,train
11395,train
32569,train
4500,train
37409,train
49438,train
44649,train
50216,train
10311,train
51975,train
16730,train
15150,train
21927,train
28217,train
15932,train
64727,train
33646,train
55429,train
55629,train
1906,train
13953,train
61812,train
38833,train
63387,train
27750,train
56381,train
61972,train
7087,train
54150,train
66367,train
20837,train
68856,train
17783,train
6581,train
57772,train
45948,train
26323,train
48901,train
63835,train
15567,train
10225,train
4621,train
67194,train
58069,train
41735,train
67015,train
47082,train
7645,train
32897,train
41575,train
49372,train
46218,train
13276,train
28753,train
7921,train
62726,train
23478,train
20195,train
27675,train
30928,train
44556,train
18689,train
13335,train
63463,train
52203,train
18058,train
24688,train
15744,train
51310,train
48297,train
31070,train
61024,train
41841,train
11205,train
61952,train
69615,train
61877,train
17555,train
9224,train
3131,train
64430,train
24991,train
12780,train
4389,train
18349,train
62856,train
24201,train
25058,train
67584,train
32302,train
29960,train
22304,train
66040,train
44312,train
45232,train
10568,train
15689,train
62861,train
28097,train
28884,train
69630,train
63537,train
60520,train
57552,train
46457,train
15071,train
5769,train
38468,train
61708,train
20597,train
42965,train
52671,train
59335,train
65740,train
33531,train
68730,train
6754,train
38612,train
22865,train
36592,train
68763,train
12421,train
45814,train
54020,train
20809,train
45691,train
28958,train
69345,train
70368,train
5052,train
52672,train
436,train
35287,train
41951,train
22382,train
20146,train
23317,train
44111,train
59511,train
30694,train
18421,train
52618,train
56901,train
42360,train
2186,train
57145,train
5085,train
52506,train
60024,train
61786,train
31444,train
6744,train
33218,train
48100,train
27546,train
48008,train
45107,train
41873,train
12620,train
52526,train
59981,train
51764,train
40166,train
40872,train
11570,train
9221,train
44450,train
48851,train
10338,train
25061,train
56821,train
21856,train
2871,train
2964,train
26995,train
16766,train
35702,train
45570,train
15518,train
55344,train
26952,train
31734,train
56104,train
17392,train
10066,train
32451,train
48525,train
56209,train
18113,train
45436,train
17794,train
67089,train
28196,train
62229,train
26946,train
10359,train
55221,train
17058,train
30006,train
11558,train
25999,train
65126,train
13773,train
33621,train
12408,train
49263,train
66762,train
54665,train
35214,train
65666,train
39099,train
49676,train
50640,train
15986,train
14454,train
37283,train
34324,train
21663,train
65405,train
57486,train
45742,train
51768,train
10783,train
30999,train
31115,train
51039,train
43155,train
18074,train
4728,train
9015,train
6555,train
1300,train
52862,train
17997,train
50992,train
34019,train
66922,train
67983,train
7314,train
27885,train
65791,train
44655,train
70690,train
49361,train
61829,train
42152,train
58379,train
16131,train
23238,train
50678,train
59627,train
26800,train
46795,train
2118,train
38635,train
56962,train
6675,train
62571,train
17450,train
11079,train
61179,train
61764,train
55037,train
28486,train
18278,train
10969,train
15841,train
4198,train
46385,train
47433,train
22655,train
26787,train
19460,train
63573,train
35758,train
20415,train
49299,train
36345,train
56981,train
48033,train
17358,train
67691,train
68316,train
21125,train
65253,train
61249,train
49167,train
5992,train
65022,train
55637,train
50779,train
49722,train
4187,train
62106,train
11703,train
16556,train
11779,train
30474,train
59945,train
35299,train
37015,train
65857,train
62656,train
5016,train
29129,train
36273,train
17064,train
5263,train
29425,train
42498,train
57657,train
10910,train
38116,train
31596,train
49751,train
37265,train
62358,train
61251,train
47210,train
68091,train
53106,train
67428,train
47715,train
61928,train
2719,train
20862,train
10248,train
36424,train
25184,train
20115,train
41995,train
21013,train
6022,train
64247,train
37688,train
32386,train
23205,train
11496,train
19535,train
25335,train
46820,train
9775,train
64931,train
11581,train
154,train
46767,train
59168,train
6064,train
11993,train
36235,train
62303,train
61055,train
18214,train
51845,train
10303,train
68862,train
11469,train
21444,train
46046,train
20748,train
69479,train
2283,train
18809,train
70456,train
69007,train
55513,train
65446,train
31481,train
16469,train
17205,train
28147,train
65297,train
53559,train
56733,train
46931,train
5288,train
16215,train
61504,train
47007,train
911,train
8514,train
5808,train
19877,train
41731,train
9386,train
65410,train
70680,train
68210,train
43785,train
43875,train
15928,train
24877,train
16860,train
26809,train
28596,train
2557,train
1502,train
29254,train
18326,train
53499,train
6708,train
22753,train
68952,train
35076,train
18521,train
7937,train
30873,train
56987,train
13312,train
29375,train
37783,train
65991,train
51316,train
18827,train
26628,train
67796,train
23664,train
69790,train
4395,train
1929,train
484,train
60510,train
17510,train
4602,train
62285,train
1141,train
58076,train
50757,train
53276,train
26159,train
60029,train
15888,train
3236,train
35169,train
60910,train
42286,train
49277,train
53056,train
10099,train
45067,train
12785,train
5005,train
4942,train
2733,train
41430,train
53297,train
59014,train
574,train
69613,train
33509,train
56042,train
56765,train
30980,train
23694,train
41834,train
1670,train
70159,train
21849,train
24571,train
36240,train
27307,train
7180,train
17373,train
1353,train
57363,train
34421,train
47970,train
30602,train
1719,train
28354,train
41693,train
59370,train
67638,train
62290,train
38574,train
283,train
63330,train
23970,train
26162,train
46630,train
69589,train
1905,train
25893,train
25667,train
35719,train
29505,train
17755,train
36206,train
51695,train
45994,train
30397,train
15558,train
9739,train
27366,train
13657,train
49756,train
40601,train
11918,train
59708,train
56011,train
16953,train
67641,train
65668,train
52658,train
54455,train
8192,train
52357,train
50883,train
54949,train
52927,train
26424,train
57949,train
47162,train
48131,train
30672,train
53971,train
48645,train
37926,train
31670,train
29991,train
61272,train
67682,train
13807,train
39344,train
52253,train
26602,train
4751,train
20412,train
33160,train
58979,train
67331,train
25197,train
40878,train
69163,train
38533,train
12488,train
4786,train
59902,train
69982,train
51905,train
69325,train
4741,train
20157,train
25523,train
30918,train
39939,train
29789,train
18771,train
57696,train
63665,train
22723,train
18485,train
9867,train
62196,train
125,train
12469,train
9613,train
35953,train
26338,train
46655,train
38408,train
23157,train
13391,train
27875,train
42252,train
30371,train
52569,train
61093,train
28579,train
69169,train
15957,train
62689,train
32330,train
10909,train
52636,train
65522,train
85,train
52721,train
26397,train
8855,train
39582,train
64221,train
8486,train
63448,train
49674,train
63792,train
25762,train
45776,train
10063,train
47826,train
3635,train
39713,train
36478,train
5110,train
37391,train
57987,train
8698,train
42559,train
47284,train
22587,train
46423,train
37302,train
57011,train
12563,train
25722,train
1601,train
16767,train
14336,train
24032,train
24634,train
56864,train
48381,train
50717,train
39144,train
62072,train
67303,train
19027,train
7416,train
16,train
54158,train
29427,train
12320,train
56099,train
29295,train
68420,train
30750,train
4463,train
57822,train
12432,train
21408,train
17468,train
20263,train
10434,train
35412,train
63389,train
41424,train
22488,train
14093,train
14231,train
37240,train
36887,train
2580,train
64076,train
54051,train
54585,train
46227,train
4859,train
51665,train
33974,train
51851,train
9818,train
23634,train
33409,train
10599,train
26855,train
70466,train
34335,train
52990,train
3004,train
69371,train
9822,train
43887,train
26033,train
21243,train
7743,train
40356,train
59604,train
46040,train
52547,train
14600,train
7608,train
13532,train
5916,train
18671,train
69953,train
39197,train
57229,train
67009,train
33817,train
57401,train
34121,train
60887,train
31677,train
38421,train
25183,train
34211,train
57512,train
24,train
45668,train
29242,train
38957,train
9238,train
48869,train
27631,train
48706,train
58696,train
16098,train
49502,train
58443,train
68244,train
27283,train
69556,train
64121,train
14197,train
37813,train
15283,train
50251,train
55593,train
64805,train
17248,train
46436,train
28446,train
26816,train
1583,train
52835,train
23717,train
46730,train
60164,train
38229,train
40325,train
12815,train
54094,train
38853,train
9011,train
11787,train
57762,train
6019,train
61787,train
17645,train
22084,train
6792,train
8243,train
23135,train
63783,train
29467,train
26242,train
14794,train
40883,train
60653,train
32182,train
4098,train
28392,train
8949,train
14701,train
60373,train
38831,train
61748,train
9313,train
10114,train
35144,train
37976,train
70341,train
15479,train
58219,train
64251,train
47376,train
45224,train
6957,train
59660,train
1402,train
68713,train
41404,train
48359,train
51157,train
30140,train
55363,train
31361,train
18150,train
8322,train
42063,train
24450,train
15675,train
50365,train
66386,train
53647,train
842,train
28353,train
62352,train
31399,train
57871,train
33917,train
36808,train
42336,train
28870,train
37503,train
42943,train
20350,train
5659,train
7714,train
7225,train
26130,train
42532,train
34986,train
59337,train
52417,train
65712,train
13029,train
43764,train
11077,train
14673,train
43825,train
38036,train
32997,train
46039,train
45430,train
6662,train
49690,train
40324,train
33528,train
52938,train
36862,train
51747,train
3258,train
70131,train
6134,train
66322,train
69002,train
68553,train
58814,train
36109,train
34682,train
33573,train
49157,train
16305,train
64944,train
53429,train
27297,train
21126,train
69650,train
61097,train
22661,train
40574,train
53116,train
35669,train
25771,train
49051,train
25348,train
17572,train
35504,train
45227,train
2717,train
60541,train
16815,train
12507,train
27428,train
54300,train
864,train
46278,train
9537,train
62182,train
59995,train
68026,train
47855,train
49624,train
60147,train
61172,train
50494,train
22074,train
54674,train
3992,train
35411,train
54748,train
36533,train
58536,train
63763,train
32859,train
45851,train
17435,train
3865,train
44298,train
48866,train
5875,train
68748,train
51250,train
34498,train
6091,train
37017,train
20770,train
33959,train
13644,train
16916,train
17952,train
214,train
14603,train
63864,train
9054,train
4752,train
17000,train
9492,train
52080,train
18078,train
296,train
7153,train
26057,train
15587,train
3996,train
5661,train
4904,train
63079,train
29202,train
17823,train
21282,train
38629,train
58618,train
5848,train
5446,train
13840,train
55054,train
61698,train
47654,train
5951,train
65565,train
16734,train
40692,train
25172,train
24406,train
28835,train
49442,train
35897,train
14595,train
2325,train
11297,train
5151,train
26706,train
58361,train
59013,train
18227,train
16969,train
57790,train
20646,train
15185,train
59123,train
69902,train
28490,train
44741,train
49120,train
36415,train
29207,train
54592,train
18714,train
5611,train
39632,train
10136,train
5276,train
66393,train
16600,train
44200,train
43968,train
21994,train
67208,train
62813,train
37756,train
50651,train
33335,train
68169,train
34243,train
20869,train
41045,train
31446,train
29297,train
63510,train
6012,train
31684,train
34844,train
53025,train
21982,train
17318,train
41237,train
34289,train
50479,train
56823,train
51359,train
70046,train
64254,train
9282,train
42818,train
58499,train
23633,train
12405,train
36119,train
2502,train
55481,train
62005,train
15652,train
57668,train
16878,train
64052,train
39629,train
29156,train
26126,train
46900,train
69989,train
60961,train
34352,train
369,train
42117,train
4689,train
12797,train
70321,train
19879,train
46561,train
31906,train
66314,train
3782,train
32179,train
58466,train
65413,train
33950,train
15061,train
2961,train
20266,train
64844,train
69666,train
4832,train
54989,train
44543,train
50118,train
47589,train
64074,train
3719,train
20050,train
67112,train
41383,train
66188,train
13650,train
61716,train
34825,train
22270,train
44158,train
19768,train
13174,train
65290,train
1843,train
34948,train
1332,train
9873,train
31850,train
28222,train
18746,train
12034,train
41733,train
55414,train
30703,train
35314,train
13030,train
17659,train
5465,train
33935,train
24076,train
9711,train
61917,train
54952,train
42225,train
30755,train
12202,train
24747,train
13453,train
66305,train
42206,train
30683,train
57280,train
24238,train
64462,train
5836,train
63553,train
56546,train
41204,train
26368,train
55211,train
43152,train
6925,train
53122,train
17313,train
1280,train
32769,train
51339,train
57715,train
57825,train
57356,train
4636,train
65872,train
40022,train
49553,train
8809,train
65140,train
52198,train
52456,train
17234,train
15105,train
38007,train
19902,train
64679,train
49241,train
55892,train
54666,train
16490,train
2545,train
32826,train
47644,train
67057,train
36720,train
65701,train
27812,train
38912,train
6404,train
26280,train
47012,train
69572,train
49052,train
4261,train
16693,train
52111,train
35009,train
14479,train
11810,train
30332,train
6221,train
21837,train
5940,train
8198,train
46532,train
7245,train
12945,train
4907,train
62137,train
32629,train
39404,train
41177,train
41877,train
7563,train
13068,train
60201,train
33735,train
32221,train
30670,train
3002,train
60121,train
60236,train
63710,train
8097,train
41074,train
38565,train
16266,train
55782,train
9773,train
65833,train
23514,train
70118,train
17804,train
51613,train
31843,train
26595,train
33866,train
29553,train
16099,train
36757,train
41212,train
12535,train
19518,train
50284,train
26731,train
59993,train
53654,train
68699,train
7265,train
70235,train
18039,train
60522,train
66299,train
53081,train
42697,train
66914,train
6787,train
67971,train
30190,train
25104,train
21169,train
48933,train
60813,train
65240,train
51837,train
1319,train
3952,train
11557,train
10861,train
57931,train
18881,train
55078,train
5389,train
44656,train
27282,train
66690,train
38673,train
3963,train
7187,train
9071,train
36708,train
44277,train
12328,train
37090,train
12957,train
53130,train
51433,train
41544,train
18409,train
7323,train
60309,train
53697,train
40306,train
12077,train
12171,train
951,train
25270,train
10298,train
15572,train
25885,train
17836,train
8575,train
61381,train
20819,train
45396,train
2915,train
41224,train
33003,train
60012,train
1202,train
8710,train
61075,train
54485,train
36745,train
921,train
25260,train
37881,train
70570,train
735,train
51353,train
13931,train
19014,train
53936,train
51938,train
50329,train
19117,train
37343,train
35882,train
13918,train
56921,train
41310,train
9996,train
53474,train
48662,train
28627,train
13303,train
70378,train
57055,train
53972,train
12979,train
2256,train
19778,train
24156,train
59949,train
21920,train
63616,train
70268,train
60585,train
23946,train
57185,train
70030,train
32331,train
34499,train
33686,train
19395,train
60154,train
53279,train
25085,train
24436,train
53408,train
49715,train
25760,train
54339,train
49598,train
70158,train
13309,train
33517,train
68324,train
33647,train
65930,train
58695,train
30099,train
11838,train
25738,train
52062,train
40243,train
65316,train
2650,train
22285,train
49159,train
28043,train
5411,train
43396,train
28343,train
5143,train
18012,train
34662,train
58845,train
45859,train
38268,train
54966,train
19436,train
42766,train
46134,train
39055,train
46859,train
16190,train
61559,train
4529,train
50707,train
57168,train
64312,train
70510,train
3420,train
45732,train
1262,train
2832,train
61279,train
69891,train
56524,train
16462,train
49752,train
40874,train
50434,train
43553,train
61284,train
20457,train
42329,train
33472,train
5338,train
22125,train
61058,train
25123,train
62969,train
23961,train
39829,train
15377,train
57327,train
18527,train
28443,train
8371,train
40168,train
34614,train
15338,train
63315,train
31603,train
39125,train
6419,train
63649,train
51500,train
60305,train
21181,train
66764,train
65615,train
11726,train
12940,train
8063,train
21174,train
59450,train
41309,train
39349,train
57936,train
18285,train
28254,train
25328,train
59019,train
31501,train
6707,train
51453,train
36516,train
43842,train
18183,train
8091,train
64619,train
22471,train
23814,train
51058,train
53876,train
45857,train
38366,train
14324,train
11301,train
1942,train
69373,train
64788,train
58496,train
30019,train
42957,train
16842,train
62686,train
27419,train
5533,train
14723,train
14375,train
16907,train
17356,train
55097,train
19608,train
14318,train
24172,train
24375,train
12679,train
22565,train
70237,train
53817,train
42369,train
16560,train
48492,train
50428,train
63967,train
6989,train
55699,train
43903,train
61837,train
1983,train
17335,train
12565,train
20340,train
36617,train
29774,train
2670,train
44760,train
62104,train
6340,train
15448,train
3153,train
67082,train
63996,train
31079,train
22417,train
63503,train
53489,train
14864,train
43024,train
21774,train
20752,train
40077,train
10053,train
46211,train
11376,train
8318,train
68667,train
67187,train
47025,train
1168,train
58417,train
56526,train
59136,train
64229,train
68549,train
48116,train
25090,train
60165,train
47989,train
2303,train
36402,train
6224,train
67609,train
25042,train
46778,train
22702,train
63025,train
62369,train
1449,train
21634,train
66390,train
48490,train
35956,train
62747,train
66527,train
5797,train
68903,train
45587,train
67938,train
46117,train
37920,train
24684,train
1566,train
69459,train
7249,train
58508,train
66628,train
50304,train
50064,train
32285,train
26651,train
59523,train
12050,train
10087,train
56368,train
41831,train
21235,train
59695,train
55914,train
53746,train
15909,train
17656,train
19538,train
25009,train
866,train
13793,train
5030,train
11614,train
21909,train
35210,train
31715,train
60937,train
64833,train
31708,train
55030,train
9151,train
21252,train
34998,train
53782,train
55473,train
67997,train
57047,train
6770,train
16974,train
52846,train
16646,train
48975,train
20030,train
53150,train
41843,train
53021,train
50635,train
63217,train
24642,train
66778,train
30198,train
43186,train
69544,train
57029,train
9203,train
21318,train
40376,train
59518,train
39235,train
5354,train
54197,train
43727,train
67780,train
12599,train
60853,train
3346,train
3625,train
66414,train
14153,train
60466,train
46400,train
49772,train
51100,train
57869,train
8136,train
34144,train
18363,train
5139,train
806,train
39497,train
59314,train
45520,train
41291,train
19286,train
44338,train
15835,train
23204,train
58375,train
32788,train
37071,train
31046,train
8818,train
15605,train
10368,train
20237,train
5125,train
40869,train
44690,train
36338,train
58500,train
64362,train
36451,train
3503,train
4000,train
33429,train
21841,train
35042,train
20151,train
50789,train
9973,train
69623,train
55157,train
29144,train
103,train
41665,train
26844,train
12372,train
69375,train
22952,train
5148,train
65313,train
8032,train
51852,train
57565,train
54765,train
46981,train
14539,train
63693,train
27096,train
6173,train
24354,train
37631,train
8577,train
42888,train
4043,train
12896,train
51634,train
42183,train
53207,train
35619,train
22725,train
7244,train
42501,train
32028,train
50560,train
65204,train
59030,train
49839,train
41805,train
26666,train
67807,train
8361,train
38917,train
28039,train
34843,train
60637,train
4833,train
64424,train
16158,train
22374,train
50822,train
2938,train
29493,train
53238,train
38701,train
48860,train
50785,train
43609,train
2532,train
41200,train
31042,train
62472,train
15284,train
33808,train
66541,train
55903,train
17758,train
5240,train
28892,train
25780,train
38015,train
64090,train
12140,train
22145,train
65299,train
35534,train
42471,train
51758,train
23840,train
9049,train
1997,train
55832,train
43912,train
21891,train
17372,train
16189,train
28074,train
46403,train
33095,train
47716,train
5386,train
6727,train
66466,train
12354,train
47001,train
18060,train
43245,train
20024,train
69131,train
32552,train
45960,train
8329,train
33434,train
4931,train
53223,train
49374,train
68121,train
3934,train
440,train
27202,train
20917,train
8884,train
6774,train
12158,train
10240,train
66681,train
47066,train
17014,train
38460,train
14940,train
41154,train
37878,train
2323,train
42496,train
14731,train
20108,train
53997,train
48693,train
43525,train
3853,train
37723,train
28944,train
45743,train
876,train
30843,train
3197,train
37974,train
10160,train
2059,train
20232,train
10095,train
29041,train
20021,train
42851,train
22808,train
36260,train
19157,train
27499,train
54547,train
53367,train
24590,train
29055,train
7551,train
37219,train
24453,train
56271,train
28836,train
30707,train
42134,train
38170,train
51932,train
41923,train
18626,train
54699,train
32777,train
25156,train
45475,train
43462,train
27199,train
11475,train
55471,train
26683,train
63431,train
59851,train
40323,train
55297,train
34037,train
53693,train
17316,train
53396,train
17274,train
58603,train
19195,train
6865,train
47547,train
30055,train
59648,train
51931,train
32315,train
68133,train
18765,train
44014,train
69394,train
23024,train
51480,train
30806,train
15527,train
46183,train
54712,train
66641,train
19299,train
64637,train
28314,train
29877,train
60173,train
9715,train
18073,train
31760,train
4694,train
32745,train
16922,train
4660,train
41910,train
24496,train
22605,train
12474,train
9853,train
46490,train
17711,train
47171,train
7740,train
44953,train
5740,train
42255,train
5473,train
68339,train
58830,train
10215,train
33294,train
33733,train
21530,train
12255,train
35587,train
5920,train
58423,train
56443,train
26806,train
54066,train
63157,train
45546,train
4548,train
42495,train
69064,train
48893,train
43207,train
6899,train
37288,train
34526,train
4473,train
22377,train
51259,train
41008,train
49622,train
27138,train
39139,train
8181,train
26768,train
18782,train
43765,train
25781,train
27299,train
56923,train
6970,train
35450,train
48868,train
53808,train
11829,train
32795,train
61217,train
8511,train
34679,train
30933,train
46110,train
32005,train
1418,train
21037,train
36949,train
37791,train
42238,train
31800,train
68676,train
33691,train
67538,train
64212,train
37701,train
13827,train
23989,train
54039,train
42412,train
55222,train
63173,train
62479,train
42380,train
30537,train
26211,train
17396,train
53968,train
26792,train
24902,train
49457,train
52676,train
46707,train
15696,train
28441,train
898,train
2212,train
67225,train
25232,train
8769,train
28984,train
5445,train
19322,train
30407,train
25897,train
58347,train
58294,train
7285,train
69142,train
56398,train
65662,train
57409,train
31313,train
37676,train
51906,train
53623,train
3120,train
52359,train
28061,train
47503,train
13399,train
26635,train
45479,train
43090,train
54830,train
68551,train
5766,train
11567,train
52664,train
33581,train
37014,train
54292,train
834,train
35623,train
32111,train
32889,train
55161,train
936,train
59813,train
17571,train
46212,train
55672,train
10926,train
37252,train
26248,train
70179,train
14610,train
20957,train
30421,train
1203,train
61438,train
36331,train
2587,train
49385,train
629,train
56573,train
36319,train
30705,train
36059,train
15792,train
20948,train
50324,train
49412,train
19234,train
60904,train
60099,train
52831,train
3069,train
38073,train
49949,train
69694,train
52277,train
43190,train
8141,train
27460,train
36388,train
10976,train
21296,train
49602,train
43933,train
48069,train
56288,train
14362,train
44365,train
15816,train
44155,train
24730,train
70239,train
39505,train
70178,train
59463,train
8202,train
69274,train
14650,train
55741,train
21904,train
1247,train
47528,train
21430,train
28715,train
65503,train
66783,train
17946,train
4109,train
37410,train
37985,train
37131,train
23027,train
26155,train
34427,train
40311,train
47643,train
44859,train
70543,train
70005,train
4662,train
11620,train
28778,train
27598,train
68348,train
28858,train
67451,train
66285,train
25538,train
4088,train
12455,train
35533,train
15566,train
416,train
12334,train
4453,train
45526,train
19734,train
1646,train
28535,train
3169,train
56434,train
24186,train
11600,train
3259,train
62085,train
17453,train
47818,train
17046,train
21996,train
8409,train
19335,train
49555,train
49637,train
31722,train
50478,train
256,train
9603,train
68178,train
20313,train
39437,train
8905,train
64495,train
17894,train
30318,train
21046,train
13503,train
28593,train
14068,train
45630,train
20572,train
50878,train
45435,train
64771,train
64683,train
30996,train
13648,train
47905,train
11241,train
3607,train
47555,train
14608,train
30769,train
44275,train
8846,train
65279,train
1077,train
56313,train
39686,train
31382,train
15836,train
31454,train
58567,train
45866,train
64649,train
15810,train
27420,train
43914,train
30455,train
11434,train
2384,train
39747,train
5222,train
5146,train
25631,train
33328,train
40880,train
63379,train
52382,train
27490,train
10081,train
51095,train
49440,train
8578,train
5843,train
33547,train
63377,train
50482,train
59915,train
33949,train
38313,train
55718,train
11562,train
40121,train
29323,train
67860,train
57711,train
22656,train
20703,train
35464,train
14281,train
16329,train
55266,train
28183,train
35028,train
1482,train
14499,train
38328,train
37851,train
24867,train
65674,train
44839,train
3472,train
4411,train
19567,train
3686,train
13334,train
443,train
24272,train
4949,train
10096,train
40491,train
32361,train
64622,train
49181,train
21854,train
61069,train
22966,train
66587,train
30005,train
60840,train
18135,train
56027,train
10707,train
59762,train
58881,train
25377,train
175,train
1209,train
23142,train
22016,train
67998,train
31914,train
6346,train
150,train
8665,train
44898,train
31761,train
63015,train
609,train
23033,train
66402,train
18554,train
27085,train
36157,train
49423,train
31572,train
64868,train
43943,train
51405,train
7981,train
32856,train
64072,train
67579,train
58088,train
69976,train
10330,train
56264,train
54398,train
46733,train
19089,train
6795,train
53554,train
63425,train
51074,train
17025,train
40917,train
16157,train
30572,train
3421,train
46141,train
24403,train
64647,train
8625,train
64953,train
69619,train
24894,train
18033,train
66160,train
26613,train
5700,train
50280,train
66916,train
2396,train
68776,train
23113,train
37142,train
54381,train
9237,train
48265,train
11773,train
15503,train
29801,train
43823,train
21086,train
49651,train
29836,train
18189,train
45554,train
31434,train
8225,train
67116,train
35535,train
10917,train
51396,train
13043,train
24515,train
58963,train
6241,train
50900,train
33396,train
1256,train
2725,train
487,train
16285,train
33176,train
55289,train
41702,train
57945,train
19742,train
43555,train
51343,train
68561,train
61856,train
41297,train
27899,train
11666,train
27840,train
21227,train
19204,train
52001,train
47136,train
25231,train
69399,train
34272,train
6207,train
62982,train
44417,train
14831,train
14467,train
38885,train
37584,train
52480,train
28581,train
27464,train
52797,train
52466,train
63682,train
52683,train
67467,train
12989,train
24880,train
43738,train
8816,train
26272,train
24622,train
13090,train
69739,train
70221,train
29492,train
5114,train
2072,train
27518,train
70421,train
15972,train
49429,train
49082,train
10281,train
25656,train
805,train
20816,train
39403,train
49352,train
57179,train
2316,train
4292,train
36734,train
39366,train
18958,train
18304,train
8636,train
7985,train
49186,train
67984,train
62214,train
48480,train
50619,train
12115,train
22879,train
58497,train
59869,train
13601,train
15,train
37523,train
51082,train
51949,train
25145,train
38703,train
45226,train
28275,train
31347,train
1752,train
953,train
21629,train
19906,train
59939,train
54782,train
12771,train
673,train
68416,train
69429,train
62662,train
60192,train
59331,train
6591,train
55686,train
15507,train
47844,train
40231,train
21586,train
46352,train
60607,train
70585,train
66717,train
46206,train
55183,train
64508,train
41167,train
56618,train
68569,train
11732,train
9519,train
67806,train
64193,train
41016,train
35364,train
19896,train
31427,train
13756,train
18663,train
8226,train
33355,train
13795,train
43272,train
10577,train
12417,train
3335,train
32358,train
56429,train
69939,train
28547,train
65289,train
28952,train
51821,train
10636,train
21997,train
59838,train
43485,train
26516,train
56426,train
55366,train
67934,train
980,train
37501,train
25041,train
33649,train
16785,train
33320,train
57970,train
23639,train
45028,train
37165,train
40019,train
64202,train
15233,train
22320,train
70430,train
15241,train
42431,train
23075,train
63695,train
64469,train
63590,train
67055,train
41432,train
887,train
4766,train
29787,train
27741,train
65432,train
65976,train
19003,train
67648,train
1787,train
34785,train
62313,train
8239,train
57166,train
12272,train
23221,train
18978,train
15419,train
56121,train
53368,train
11211,train
35800,train
388,train
42147,train
24910,train
25021,train
70185,train
17734,train
50591,train
37133,train
26026,train
11114,train
34621,train
14412,train
14628,train
15030,train
39753,train
14711,train
10663,train
28373,train
38974,train
2055,train
38543,train
41181,train
14124,train
13329,train
18981,train
2810,train
67784,train
42405,train
64369,train
10356,train
52739,train
45608,train
26819,train
64922,train
12575,train
13468,train
59555,train
31582,train
65555,train
5405,train
37254,train
60977,train
25951,train
25246,train
18535,train
21406,train
34482,train
32574,train
43221,train
43125,train
534,train
37295,train
20391,train
63732,train
14580,train
55188,train
69986,train
12854,train
47670,train
67547,train
54655,train
31899,train
7968,train
51844,train
26105,train
14869,train
30542,train
62676,train
45990,train
51728,train
41821,train
28237,train
14194,train
49313,train
49160,train
51876,train
19694,train
32484,train
36005,train
57258,train
21870,train
952,train
16003,train
44853,train
41749,train
25891,train
61529,train
622,train
3448,train
19788,train
51273,train
67786,train
55783,train
49828,train
22780,train
62164,train
3644,train
42794,train
54011,train
54698,train
33848,train
27809,train
69133,train
9850,train
46940,train
40856,train
17336,train
68625,train
34091,train
37595,train
65508,train
8744,train
28088,train
66726,train
42969,train
55582,train
7726,train
54328,train
13766,train
41728,train
44303,train
36050,train
62121,train
16687,train
8504,train
44472,train
19285,train
50700,train
62784,train
27086,train
13214,train
46573,train
50662,train
43134,train
65484,train
10419,train
23420,train
3731,train
33131,train
9854,train
12391,train
19130,train
9960,train
21758,train
6587,train
46897,train
65733,train
56786,train
43819,train
23940,train
34233,train
40130,train
31693,train
65395,train
22010,train
9321,train
48134,train
2965,train
19079,train
798,train
3877,train
16677,train
48336,train
69825,train
47362,train
58795,train
34022,train
63990,train
12956,train
35545,train
46826,train
1267,train
3507,train
44344,train
24408,train
66444,train
28044,train
9516,train
45623,train
28671,train
2738,train
34088,train
64806,train
7289,train
655,train
30022,train
57128,train
4696,train
66748,train
54280,train
25110,train
47014,train
68459,train
44978,train
47478,train
40696,train
20324,train
12773,train
32928,train
939,train
5238,train
63579,train
13612,train
59388,train
39429,train
41457,train
51865,train
43840,train
68016,train
68256,train
45009,train
1277,train
10521,train
31863,train
31958,train
6889,train
67042,train
54016,train
55130,train
65562,train
53760,train
51691,train
14679,train
29843,train
28124,train
55347,train
61309,train
23591,train
45012,train
20381,train
29672,train
58537,train
9456,train
16202,train
51326,train
70617,train
42810,train
4055,train
17828,train
6113,train
3823,train
33101,train
13307,train
55436,train
14188,train
15977,train
67235,train
62007,train
64539,train
52790,train
53919,train
6231,train
69502,train
41206,train
43747,train
29584,train
37394,train
7528,train
13536,train
67563,train
43478,train
7307,train
51792,train
40929,train
48794,train
14444,train
17028,train
1666,train
50115,train
55803,train
61984,train
55467,train
56804,train
33092,train
17114,train
29915,train
44836,train
11851,train
45822,train
58485,train
27073,train
16204,train
59609,train
63901,train
67135,train
33834,train
58615,train
20935,train
7098,train
47704,train
27757,train
34005,train
38669,train
25695,train
6799,train
62923,train
15931,train
57265,train
59542,train
51942,train
19467,train
44974,train
46201,train
54532,train
32848,train
19915,train
46340,train
30206,train
60055,train
60864,train
48109,train
18432,train
33920,train
55796,train
63679,train
51543,train
52430,train
51519,train
57321,train
63489,train
66342,train
64956,train
20926,train
17029,train
66806,train
25000,train
21070,train
62512,train
56550,train
44536,train
52496,train
64095,train
20034,train
43281,train
1115,train
38969,train
50226,train
46349,train
63218,train
47834,train
69859,train
3832,train
1968,train
32523,train
26976,train
10796,train
37725,train
58520,train
36259,train
25078,train
26838,train
20902,train
51640,train
58253,train
62046,train
34625,train
18408,train
3083,train
47365,train
61945,train
7982,train
42819,train
2074,train
26418,train
3110,train
1504,train
25926,train
58440,train
62002,train
31505,train
69805,train
36622,train
17832,train
1033,train
9251,train
56140,train
47000,train
28138,train
24806,train
29524,train
134,train
11701,train
61262,train
18319,train
44766,train
21957,train
7518,train
12573,train
47055,train
26539,train
38056,train
17457,train
55532,train
12617,train
45675,train
43811,train
35341,train
26670,train
66971,train
886,train
33662,train
50680,train
52885,train
36774,train
55503,train
22389,train
20870,train
8562,train
15534,train
37230,train
20566,train
2361,train
29195,train
54621,train
65892,train
3824,train
23148,train
68443,train
63447,train
27537,train
18309,train
19951,train
48459,train
18294,train
64356,train
15550,train
6678,train
56673,train
15517,train
60467,train
48031,train
32248,train
34848,train
42180,train
44412,train
6245,train
1546,train
22563,train
15591,train
30941,train
20916,train
20522,train
42309,train
64715,train
33332,train
18944,train
43040,train
38918,train
30997,train
39482,train
69184,train
41570,train
64790,train
10765,train
52096,train
60014,train
40779,train
32445,train
35858,train
12516,train
68055,train
43119,train
8048,train
28611,train
35637,train
3304,train
380,train
23922,train
23544,train
4281,train
57946,train
748,train
12378,train
49284,train
51753,train
62244,train
2624,train
63977,train
23710,train
46756,train
33141,train
32404,train
33192,train
37703,train
64075,train
43037,train
5932,train
8463,train
67226,train
42826,train
60602,train
18056,train
63747,train
40557,train
48021,train
41569,train
39841,train
69071,train
63941,train
49705,train
51332,train
46236,train
67688,train
44476,train
33358,train
50048,train
67922,train
51258,train
3382,train
34023,train
15692,train
50279,train
688,train
43127,train
6842,train
61892,train
67881,train
37911,train
38480,train
24332,train
3438,train
56557,train
13042,train
65581,train
44952,train
38081,train
47544,train
10718,train
65885,train
65081,train
3721,train
49888,train
48160,train
30357,train
17208,train
33860,train
17406,train
41133,train
49774,train
45062,train
37587,train
29103,train
4961,train
16415,train
34305,train
70471,train
30868,train
3889,train
34667,train
17118,train
18260,train
20678,train
62158,train
4645,train
68340,train
43648,train
33407,train
2052,train
30828,train
5819,train
68103,train
2028,train
4182,train
14405,train
28882,train
58174,train
24650,train
42170,train
696,train
26948,train
3166,train
19773,train
33840,train
61723,train
3847,train
20399,train
66471,train
10244,train
56633,train
44388,train
38647,train
49918,train
1862,train
20118,train
48067,train
54914,train
36429,train
46899,train
64269,train
66178,train
6163,train
24244,train
14980,train
32863,train
67993,train
40723,train
28674,train
33667,train
65252,train
63714,train
69190,train
51948,train
52045,train
46602,train
50960,train
12906,train
70377,train
23305,train
37800,train
60341,train
16794,train
37844,train
39945,train
33872,train
14326,train
57769,train
15186,train
68612,train
25240,train
68627,train
64028,train
9627,train
67897,train
35595,train
59671,train
16946,train
39287,train
24344,train
64372,train
57095,train
3664,train
40622,train
25327,train
45124,train
50827,train
62118,train
56983,train
47233,train
16353,train
47629,train
68940,train
16781,train
68953,train
27505,train
22895,train
12401,train
5161,train
66894,train
20008,train
34058,train
29568,train
36277,train
8197,train
66468,train
69323,train
42836,train
20864,train
8293,train
39385,train
44597,train
14246,train
39828,train
10046,train
28117,train
22781,train
63942,train
44187,train
27732,train
25787,train
16996,train
9303,train
8195,train
50945,train
4861,train
69971,train
10127,train
64723,train
29536,train
27934,train
21027,train
40046,train
58657,train
13055,train
19545,train
27593,train
54069,train
8837,train
27069,train
32886,train
19603,train
24339,train
40412,train
22163,train
9173,train
39299,train
43355,train
19590,train
70634,train
49303,train
24854,train
44331,train
13941,train
64456,train
18618,train
67073,train
22,train
66417,train
28845,train
68170,train
66963,train
46228,train
6712,train
18897,train
5954,train
58744,train
36174,train
5121,train
65567,train
28971,train
6558,train
39044,train
43236,train
34219,train
63983,train
4939,train
30945,train
54122,train
8262,train
68184,train
56471,train
35987,train
45393,train
42333,train
31774,train
55550,train
53926,train
29458,train
18745,train
8282,train
53873,train
8938,train
28067,train
52023,train
36628,train
35222,train
34497,train
7917,train
32047,train
57729,train
14716,train
37918,train
23133,train
40175,train
3541,train
16336,train
64656,train
40260,train
1910,train
39521,train
36988,train
25389,train
65618,train
49337,train
186,train
2529,train
15635,train
22830,train
14319,train
5172,train
49561,train
20153,train
41456,train
9525,train
5196,train
64234,train
24039,train
56631,train
28063,train
3715,train
23433,train
7462,train
15065,train
46165,train
41083,train
43092,train
34445,train
19287,train
30698,train
20219,train
43708,train
4510,train
62053,train
31445,train
25900,train
32706,train
48878,train
11320,train
17343,train
8165,train
36603,train
50928,train
304,train
28793,train
47425,train
53171,train
4234,train
50809,train
1234,train
63313,train
24005,train
46167,train
52991,train
1039,train
18860,train
16064,train
2318,train
67040,train
68268,train
45404,train
53719,train
12150,train
56446,train
33284,train
21113,train
24117,train
41626,train
44336,train
494,train
36151,train
58985,train
40167,train
68718,train
33343,train
45102,train
67625,train
16915,train
9044,train
13541,train
56958,train
54788,train
62824,train
54950,train
2695,train
14555,train
808,train
68006,train
23414,train
5854,train
56857,train
2914,train
35128,train
28820,train
39395,train
62258,train
47523,train
69969,train
30379,train
15782,train
56517,train
51210,train
7019,train
55924,train
63122,train
58746,train
7226,train
9346,train
5886,train
70572,train
11513,train
34676,train
33134,train
52528,train
44877,train
5297,train
38710,train
26524,train
18138,train
39660,train
35971,train
20959,train
61600,train
42698,train
58358,train
45614,train
11882,train
37304,train
24379,train
17191,train
51167,train
2522,train
21539,train
64936,train
9507,train
4618,train
18609,train
13075,train
1306,train
61095,train
15656,train
30292,train
57355,train
7850,train
41994,train
62228,train
1898,train
8473,train
65158,train
55826,train
48453,train
3106,train
577,train
37993,train
18301,train
45483,train
68413,train
47389,train
43444,train
29387,train
53510,train
32259,train
2300,train
50259,train
69465,train
20276,train
28260,train
2056,train
38551,train
15045,train
37545,train
44474,train
26488,train
52146,train
46628,train
42807,train
11908,train
27661,train
49307,train
39989,train
63164,train
31630,train
22375,train
20348,train
58994,train
36295,train
18505,train
62495,train
29598,train
30323,train
32643,train
42473,train
2693,train
27162,train
5698,train
53823,train
41416,train
65556,train
17138,train
67357,train
49909,train
56773,train
24473,train
22883,train
57865,train
5123,train
57383,train
9432,train
38956,train
50002,train
59447,train
55925,train
41363,train
1179,train
21783,train
38225,train
37309,train
53598,train
56928,train
23599,train
17116,train
68504,train
13704,train
21276,train
55919,train
44105,train
31809,train
12113,train
414,train
21771,train
7665,train
117,train
48572,train
38018,train
63798,train
10961,train
52563,train
23247,train
58906,train
44214,train
54338,train
45113,train
55083,train
19488,train
57048,train
40522,train
5527,train
18247,train
59373,train
46982,train
8370,train
23836,train
63668,train
1370,train
48528,train
9155,train
3249,train
21544,train
27666,train
50840,train
25649,train
49043,train
10802,train
34700,train
40001,train
3559,train
53586,train
20394,train
30497,train
31866,train
28904,train
56378,train
13998,train
27064,train
44184,train
1991,train
42120,train
59012,train
68203,train
53431,train
56285,train
56327,train
36693,train
34252,train
3491,train
4773,train
60354,train
13104,train
32423,train
67293,train
2496,train
38564,train
28424,train
37805,train
4089,train
20707,train
48159,train
17661,train
12895,train
33182,train
29415,train
50190,train
47597,train
24451,train
4878,train
66473,train
66009,train
69849,train
32168,train
42993,train
59102,train
23597,train
13811,train
19717,train
21265,train
41077,train
53327,train
29854,train
51083,train
45705,train
54002,train
38526,train
50295,train
29546,train
26658,train
66735,train
33366,train
30335,train
19807,train
22592,train
54508,train
40185,train
35759,train
30261,train
23264,train
23022,train
70519,train
55560,train
49833,train
624,train
68563,train
67664,train
27207,train
32635,train
59969,train
47653,train
32987,train
52410,train
2038,train
955,train
62428,train
55035,train
65434,train
4781,train
25204,train
58292,train
45401,train
24546,train
46556,train
11885,train
24580,train
6088,train
17151,train
2204,train
48274,train
47061,train
36900,train
41870,train
8104,train
26597,train
62192,train
26201,train
12768,train
3404,train
2778,train
27218,train
5718,train
2653,train
25619,train
62569,train
13898,train
2734,train
54064,train
41542,train
68732,train
55846,train
12855,train
21713,train
44518,train
44190,train
65818,train
31240,train
54965,train
38475,train
4570,train
42069,train
41660,train
18495,train
34419,train
24179,train
29907,train
17167,train
21115,train
66533,train
42929,train
20721,train
26405,train
37588,train
39201,train
29652,train
4103,train
43293,train
18524,train
42359,train
55822,train
33723,train
23451,train
30729,train
37487,train
13805,train
50414,train
53254,train
9625,train
64290,train
40456,train
57883,train
27334,train
13182,train
6313,train
53486,train
365,train
29616,train
15914,train
55910,train
11134,train
55137,train
13106,train
47639,train
22248,train
58772,train
33998,train
7901,train
38293,train
25271,train
42737,train
21080,train
52426,train
11422,train
66566,train
66909,train
9683,train
51540,train
61096,train
47981,train
46639,train
42128,train
18374,train
55399,train
64318,train
56303,train
15695,train
68363,train
36767,train
42961,train
34390,train
37558,train
13964,train
35599,train
32878,train
42389,train
10977,train
37990,train
17754,train
60188,train
63314,train
37430,train
26743,train
41373,train
36423,train
22193,train
62762,train
1797,train
67509,train
27139,train
51207,train
10301,train
67352,train
13869,train
15478,train
27723,train
45426,train
39425,train
7278,train
44901,train
53411,train
60859,train
57376,train
46429,train
43039,train
13105,train
66489,train
41762,train
3855,train
31460,train
2201,train
31838,train
9632,train
61734,train
47358,train
68077,train
51969,train
35760,train
17829,train
63299,train
30608,train
22007,train
6995,train
61306,train
7649,train
38733,train
19586,train
10666,train
19351,train
16214,train
49470,train
59001,train
34854,train
19047,train
47500,train
41274,train
20588,train
64043,train
30743,train
27068,train
70024,train
4769,train
70189,train
21191,train
60865,train
58680,train
67600,train
55692,train
41298,train
3157,train
52741,train
9107,train
20102,train
15860,train
59009,train
31882,train
4339,train
69726,train
60669,train
56178,train
68560,train
19903,train
55496,train
50577,train
37313,train
33725,train
49988,train
60681,train
1525,train
55303,train
37941,train
26958,train
67946,train
21894,train
4678,train
201,train
9590,train
35056,train
15730,train
27254,train
10128,train
20184,train
21024,train
25092,train
44943,train
62835,train
27405,train
70455,train
59307,train
29618,train
48540,train
12502,train
26068,train
31029,train
2774,train
26120,train
22093,train
56996,train
43377,train
18954,train
52828,train
36536,train
66005,train
10405,train
54892,train
49986,train
12914,train
61831,train
66976,train
23405,train
55231,train
25696,train
28927,train
68409,train
23627,train
45487,train
51456,train
4593,train
36738,train
66696,train
4777,train
64570,train
35359,train
10104,train
5366,train
16863,train
10650,train
27384,train
33026,train
32145,train
69529,train
67168,train
45770,train
49038,train
31876,train
69096,train
53398,train
59692,train
23477,train
13292,train
1952,train
65903,train
30330,train
29070,train
14757,train
47790,train
68649,train
330,train
17451,train
57789,train
40090,train
46318,train
57053,train
62452,train
37241,train
28243,train
58939,train
18594,train
9591,train
3826,train
55962,train
26160,train
61564,train
15680,train
38655,train
34596,train
24423,train
35001,train
5948,train
62157,train
39319,train
22899,train
39589,train
36300,train
25243,train
11733,train
67908,train
65473,train
28300,train
21217,train
13186,train
31956,train
29122,train
68696,train
48503,train
27780,train
49030,train
16396,train
7959,train
20880,train
29221,train
56630,train
10526,train
9866,train
58142,train
69635,train
34029,train
64021,train
69093,train
29633,train
41425,train
26011,train
57888,train
58686,train
20469,train
58329,train
55331,train
49706,train
48470,train
37401,train
2819,train
39706,train
17355,train
6561,train
69954,train
4118,train
20039,train
39160,train
36397,train
11674,train
69729,train
48210,train
59026,train
7257,train
671,train
32950,train
68008,train
47117,train
10826,train
37169,train
44378,train
20921,train
44219,train
9810,train
14199,train
35131,train
31615,train
69403,train
18854,train
50161,train
27236,train
48544,train
22114,train
44326,train
35347,train
44460,train
16030,train
32553,train
54147,train
28069,train
17698,train
42956,train
11338,train
5684,train
12735,train
10741,train
31546,train
14033,train
34385,train
7713,train
46222,train
27670,train
65717,train
45937,train
38413,train
20931,train
3372,train
25585,train
52358,train
31730,train
66217,train
16522,train
53626,train
67310,train
56699,train
11400,train
26588,train
34244,train
12943,train
9642,train
32083,train
40987,train
57681,train
54705,train
53112,train
35965,train
31576,train
97,train
42079,train
51704,train
50527,train
7623,train
58184,train
22928,train
10436,train
25060,train
70507,train
43026,train
37916,train
61758,train
58182,train
26794,train
22019,train
47156,train
6475,train
58900,train
34487,train
4486,train
13496,train
18162,train
1359,train
33315,train
58592,train
57473,train
13210,train
15763,train
22642,train
5072,train
32628,train
62644,train
29318,train
25032,train
24311,train
25532,train
20810,train
21795,train
13528,train
65242,train
27461,train
6521,train
4962,train
23894,train
61588,train
58769,train
63192,train
61565,train
63296,train
49141,train
9847,train
10358,train
60603,train
44393,train
39854,train
1389,train
3554,train
37185,train
47791,train
32387,train
56016,train
67277,train
9706,train
50225,train
61016,train
60803,train
28518,train
46572,train
67369,train
39837,train
25097,train
67330,train
814,train
21925,train
8101,train
67332,train
40501,train
5622,train
17140,train
58236,train
25018,train
62684,train
36264,train
63103,train
6061,train
7005,train
58450,train
25700,train
29344,train
34011,train
53323,train
45801,train
58077,train
15468,train
43923,train
6024,train
16822,train
43624,train
70156,train
59855,train
45457,train
954,train
61859,train
29439,train
34209,train
13016,train
52972,train
62000,train
34798,train
8718,train
64875,train
46622,train
40371,train
28491,train
33771,train
17440,train
33079,train
59177,train
47183,train
10576,train
23924,train
21877,train
44612,train
7477,train
16319,train
38593,train
31788,train
31467,train
12485,train
25640,train
67491,train
42692,train
38159,train
39174,train
1830,train
38505,train
38171,train
50344,train
49143,train
67783,train
26649,train
45544,train
2923,train
8366,train
63088,train
504,train
13720,train
8766,train
25662,train
46930,train
44342,train
14594,train
60323,train
44164,train
22354,train
19127,train
1025,train
45919,train
47501,train
39352,train
29107,train
57036,train
58954,train
61824,train
2484,train
37830,train
67046,train
48932,train
67038,train
65052,train
55304,train
358,train
5855,train
6946,train
63444,train
64355,train
7453,train
28454,train
5591,train
47682,train
14371,train
30510,train
65861,train
34372,train
37050,train
56632,train
32687,train
7636,train
54826,train
32027,train
56277,train
27636,train
68959,train
23019,train
17190,train
36387,train
23194,train
63039,train
34611,train
32676,train
58742,train
50605,train
53460,train
57900,train
6112,train
15119,train
18914,train
18475,train
3316,train
49091,train
33681,train
34917,train
31339,train
10623,train
54583,train
61885,train
47796,train
13651,train
56295,train
70204,train
30298,train
22127,train
2739,train
9289,train
35035,train
14890,train
57398,train
12041,train
46,train
56779,train
63101,train
69197,train
11246,train
4802,train
13584,train
23214,train
17744,train
27647,train
55580,train
40113,train
16503,train
29617,train
69927,train
37597,train
53785,train
50155,train
51615,train
63407,train
60048,train
17717,train
58921,train
36003,train
14838,train
32306,train
39421,train
3584,train
60721,train
2036,train
62066,train
58478,train
56331,train
6293,train
1562,train
65314,train
59076,train
44120,train
63613,train
33311,train
35609,train
67662,train
43234,train
38013,train
49426,train
52976,train
55212,train
3471,train
67951,train
22572,train
65643,train
39776,train
66589,train
16530,train
17683,train
62048,train
61235,train
12453,train
370,train
25867,train
47821,train
28289,train
3906,train
26734,train
21761,train
62017,train
38988,train
53424,train
50887,train
22987,train
11336,train
1352,train
14842,train
20250,train
37250,train
28216,train
56695,train
63652,train
45780,train
65363,train
31365,train
15326,train
35026,train
47700,train
39995,train
44469,train
61484,train
60445,train
45443,train
57590,train
40780,train
5822,train
34347,train
21642,train
6206,train
22247,train
23657,train
19237,train
60682,train
66144,train
68460,train
30406,train
38040,train
14050,train
65034,train
18822,train
55352,train
17397,train
12136,train
50825,train
38309,train
33257,train
9995,train
9827,train
23586,train
66702,train
24541,train
51815,train
43604,train
21190,train
33919,train
46909,train
45717,train
40702,train
56694,train
16507,train
38290,train
46842,train
8757,train
42028,train
10172,train
6910,train
38749,train
67319,train
38352,train
24572,train
11883,train
66179,train
36968,train
53313,train
21960,train
52738,train
35033,train
24989,train
37381,train
59466,train
19328,train
25313,train
47019,train
46267,train
18564,train
55612,train
66424,train
36633,train
54333,train
6295,train
41649,train
7939,train
10262,train
11438,train
59815,train
63126,train
1315,train
12315,train
47243,train
66492,train
6445,train
1860,train
63555,train
63645,train
67412,train
24214,train
11858,train
36473,train
12437,train
56924,train
35331,train
4306,train
22703,train
11850,train
27560,train
13069,train
21510,train
28177,train
20058,train
22281,train
58632,train
3979,train
21229,train
6101,train
16005,train
50834,train
43333,train
54025,train
27826,train
20512,train
58051,train
48504,train
62825,train
21819,train
6565,train
70615,train
24937,train
40251,train
39814,train
12977,train
43660,train
22032,train
48461,train
59268,train
21254,train
67649,train
14453,train
26339,train
40709,train
34480,train
50417,train
64408,train
16486,train
20549,train
64629,train
19434,train
59145,train
33670,train
43067,train
49057,train
63028,train
64553,train
4008,train
66370,train
32425,train
66472,train
33780,train
17905,train
26432,train
51430,train
6508,train
2447,train
37035,train
29243,train
24509,train
31852,train
64729,train
16087,train
49484,train
60209,train
11011,train
30197,train
31364,train
50218,train
48784,train
4830,train
13354,train
30631,train
27435,train
44227,train
592,train
57605,train
40178,train
44734,train
8418,train
70454,train
40675,train
21366,train
27190,train
49134,train
24362,train
23321,train
25953,train
46216,train
4783,train
25934,train
27180,train
32100,train
67435,train
12851,train
21348,train
59068,train
47897,train
14930,train
64612,train
55830,train
24004,train
14754,train
44545,train
8447,train
3680,train
61145,train
10187,train
10560,train
26469,train
39859,train
35751,train
23588,train
43816,train
21881,train
40926,train
51959,train
31207,train
39427,train
30772,train
64149,train
44657,train
46740,train
37859,train
51787,train
17682,train
46420,train
51035,train
18992,train
63892,train
35815,train
45361,train
32766,train
53314,train
25353,train
13895,train
24556,train
56044,train
53597,train
54270,train
32249,train
11441,train
33864,train
35162,train
52386,train
12129,train
12648,train
62504,train
63667,train
16568,train
37820,train
36534,train
29095,train
10238,train
65472,train
39312,train
25708,train
50490,train
26540,train
68810,train
36570,train
48073,train
10261,train
52115,train
7133,train
43443,train
50415,train
10535,train
52274,train
65455,train
57611,train
26971,train
873,train
25132,train
52175,train
70511,train
68912,train
32776,train
70663,train
38387,train
18185,train
25114,train
10698,train
48564,train
47724,train
5337,train
55390,train
17820,train
8356,train
32802,train
30580,train
14249,train
1548,train
21382,train
60460,train
19376,train
40962,train
38724,train
42918,train
3456,train
27399,train
38792,train
39772,train
35590,train
6467,train
251,train
1956,train
3425,train
26786,train
42325,train
63966,train
37245,train
46122,train
47830,train
57896,train
23358,train
6607,train
57471,train
25778,train
29093,train
10050,train
54121,train
37636,train
63335,train
64836,train
56276,train
14840,train
35298,train
32420,train
60932,train
19493,train
69543,train
32399,train
39872,train
14240,train
38968,train
26034,train
25946,train
47080,train
2571,train
15275,train
42224,train
48438,train
34846,train
65533,train
29016,train
56025,train
45378,train
59606,train
55997,train
36067,train
34850,train
13605,train
26428,train
16259,train
44139,train
6577,train
46161,train
66078,train
61692,train
12289,train
25805,train
22848,train
56032,train
38467,train
10786,train
52406,train
54746,train
26504,train
48740,train
68334,train
48636,train
41114,train
50724,train
40220,train
29145,train
56852,train
32955,train
7034,train
20808,train
30191,train
17953,train
63599,train
51689,train
24952,train
53536,train
32775,train
34944,train
13618,train
27652,train
14488,train
4307,train
56965,train
51672,train
17486,train
68276,train
11959,train
43564,train
9911,train
48575,train
19087,train
32522,train
62162,train
51005,train
19559,train
31327,train
48298,train
29285,train
50465,train
66638,train
32089,train
35806,train
22216,train
9994,train
1012,train
61783,train
58933,train
14337,train
69162,train
50,train
40830,train
18479,train
37955,train
29404,train
42641,train
45523,train
12874,train
18719,train
7736,train
53235,train
26372,train
43882,train
44746,train
4159,train
4268,train
13494,train
67335,train
68219,train
40063,train
40768,train
8519,train
4279,train
111,train
18676,train
57873,train
4174,train
53421,train
5182,train
61957,train
69860,train
54199,train
52600,train
61513,train
33212,train
22175,train
28997,train
9669,train
12578,train
2644,train
61030,train
45875,train
3087,train
61782,train
61081,train
51428,train
43520,train
48294,train
66007,train
21528,train
39398,train
55460,train
5568,train
6827,train
48221,train
11471,train
54810,train
8365,train
52345,train
15658,train
29011,train
45474,train
32181,train
9168,train
12174,train
14956,train
19496,train
44704,train
55894,train
4104,train
41205,train
35475,train
14586,train
53281,train
61265,train
42650,train
9968,train
24107,train
57137,train
65183,train
375,train
36850,train
44642,train
25112,train
56778,train
53205,train
62724,train
15596,train
16791,train
1090,train
11763,train
35820,train
66030,train
31353,train
56195,train
53843,train
11314,train
4216,train
67466,train
8628,train
60617,train
11540,train
9459,train
52283,train
36477,train
40938,train
51667,train
33648,train
31413,train
4509,train
23887,train
36827,train
63105,train
67865,train
31472,train
66162,train
45843,train
14959,train
34749,train
63506,train
16294,train
6069,train
54344,train
43284,train
66818,train
35199,train
2071,train
12880,train
57374,train
37896,train
33717,train
57333,train
37111,train
36601,train
25278,train
15373,train
37983,train
10121,train
14862,train
26797,train
53251,train
7779,train
60032,train
6464,train
66232,train
12754,train
42,train
28068,train
64977,train
21364,train
41471,train
29645,train
25385,train
19918,train
38029,train
50942,train
59400,train
60076,train
1190,train
62016,train
64475,train
5065,train
25906,train
9163,train
26403,train
5117,train
56208,train
43260,train
66708,train
39255,train
66269,train
44076,train
41266,train
21193,train
62447,train
27799,train
29312,train
28333,train
50045,train
43109,train
70636,train
21830,train
27870,train
18874,train
46780,train
19486,train
68477,train
29116,train
20520,train
56196,train
46583,train
27324,train
23521,train
9703,train
49937,train
49425,train
51020,train
21316,train
27961,train
23907,train
11846,train
67720,train
65425,train
14248,train
48612,train
67727,train
11095,train
61446,train
33607,train
28323,train
22779,train
33415,train
896,train
21412,train
62731,train
57487,train
24131,train
29000,train
8594,train
68876,train
28795,train
70026,train
7574,train
33784,train
2525,train
30706,train
37747,train
42750,train
52860,train
20322,train
43230,train
68920,train
38828,train
3976,train
68391,train
36355,train
34111,train
52048,train
49899,train
9486,train
53705,train
8822,train
37870,train
12281,train
53346,train
47752,train
19261,train
68916,train
48923,train
49332,train
8957,train
28957,train
25562,train
7918,train
43847,train
27013,train
26289,train
20561,train
36038,train
18819,train
29846,train
66563,train
24911,train
61452,train
6411,train
2949,train
29919,train
52944,train
13266,train
17270,train
68852,train
56898,train
7933,train
18044,train
29448,train
24293,train
26423,train
5134,train
68819,train
25751,train
44958,train
41717,train
64779,train
14273,train
63872,train
64017,train
15439,train
48954,train
23240,train
40447,train
50747,train
40070,train
20628,train
68190,train
12305,train
9636,train
57180,train
62869,train
15376,train
30460,train
37190,train
36549,train
59793,train
30831,train
56377,train
37809,train
67360,train
19940,train
16752,train
8658,train
3058,train
21421,train
51871,train
28391,train
41640,train
28743,train
55912,train
7021,train
22691,train
49886,train
43006,train
12118,train
52172,train
1537,train
26684,train
54283,train
11147,train
65424,train
67160,train
59054,train
67183,train
21123,train
29788,train
15484,train
47037,train
985,train
38458,train
35754,train
19620,train
6825,train
35233,train
4428,train
21211,train
56439,train
45087,train
46686,train
11087,train
4821,train
9334,train
59803,train
51292,train
50921,train
6379,train
50337,train
27725,train
17602,train
41716,train
21168,train
31982,train
31449,train
25053,train
51126,train
9940,train
66751,train
69111,train
51825,train
38818,train
40279,train
9675,train
62226,train
22821,train
19341,train
8421,train
61301,train
25154,train
11784,train
11582,train
51597,train
15649,train
68011,train
979,train
68691,train
62993,train
38054,train
16136,train
22351,train
8993,train
27522,train
6269,train
67430,train
20155,train
51033,train
42951,train
52882,train
32164,train
17684,train
3950,train
11635,train
3734,train
63481,train
7376,train
64056,train
54426,train
5377,train
17275,train
67253,train
34265,train
11549,train
61902,train
65942,train
50995,train
55237,train
44327,train
27949,train
24870,train
49398,train
8534,train
30891,train
7493,train
5581,train
33386,train
8346,train
68404,train
57366,train
65608,train
18209,train
64810,train
28498,train
38963,train
971,train
12843,train
31144,train
68813,train
35239,train
45951,train
6222,train
42919,train
35004,train
22158,train
8517,train
38742,train
18735,train
12741,train
3882,train
8068,train
43691,train
40900,train
30610,train
8820,train
45014,train
11985,train
50092,train
4288,train
63664,train
43613,train
12999,train
43830,train
30057,train
51680,train
17493,train
7600,train
1948,train
33969,train
7820,train
64738,train
7445,train
60410,train
2552,train
59605,train
30690,train
29581,train
9367,train
41406,train
18937,train
46284,train
65136,train
10345,train
634,train
61842,train
34367,train
32893,train
52696,train
68972,train
25670,train
65402,train
12376,train
38267,train
2027,train
31060,train
18542,train
44295,train
58055,train
25205,train
43501,train
4771,train
33996,train
58441,train
36698,train
43856,train
64972,train
17764,train
9660,train
50437,train
64086,train
53479,train
8927,train
39638,train
20739,train
24873,train
30632,train
69973,train
55806,train
68052,train
39887,train
56164,train
4992,train
68493,train
66927,train
60551,train
23706,train
41271,train
17803,train
54045,train
70149,train
46433,train
3084,train
19509,train
61566,train
54571,train
24300,train
30127,train
21052,train
70481,train
4195,train
46392,train
39936,train
61662,train
4925,train
24377,train
13003,train
45122,train
55834,train
21754,train
20940,train
65458,train
4512,train
22675,train
565,train
33875,train
3409,train
41118,train
60786,train
50061,train
36750,train
27050,train
10903,train
61664,train
67550,train
5914,train
47678,train
55248,train
66774,train
5690,train
59859,train
3778,train
4883,train
3585,train
38065,train
45293,train
20709,train
21590,train
42030,train
14299,train
12217,train
4034,train
39503,train
18192,train
68328,train
25347,train
9014,train
69352,train
9974,train
23813,train
56956,train
59809,train
2884,train
3764,train
40803,train
52433,train
9240,train
20216,train
3564,train
43176,train
13219,train
19365,train
38289,train
48082,train
27632,train
12980,train
8312,train
16660,train
50439,train
6610,train
15187,train
61184,train
50453,train
46001,train
5986,train
42668,train
33485,train
47932,train
27850,train
11104,train
23610,train
10985,train
9757,train
10940,train
50637,train
5680,train
51086,train
70498,train
35344,train
7666,train
55835,train
30451,train
44485,train
27231,train
69853,train
2063,train
59877,train
20509,train
32227,train
5444,train
14445,train
2970,train
34261,train
8374,train
17913,train
51057,train
12356,train
18402,train
2762,train
67616,train
24460,train
31855,train
40142,train
39566,train
65442,train
48815,train
66506,train
1322,train
23850,train
9777,train
51814,train
42270,train
24161,train
23722,train
25397,train
26474,train
8130,train
29367,train
9273,train
40887,train
41588,train
31578,train
35660,train
25964,train
28393,train
52102,train
11115,train
54421,train
50426,train
70166,train
56243,train
67119,train
67088,train
5778,train
10021,train
46128,train
36756,train
32689,train
1111,train
9292,train
29408,train
16569,train
29611,train
9819,train
18235,train
31168,train
3803,train
39461,train
381,train
62592,train
19056,train
52766,train
61899,train
39610,train
3962,train
51842,train
14609,train
56989,train
46877,train
20987,train
16805,train
26751,train
40164,train
44507,train
61685,train
58483,train
62261,train
41783,train
56266,train
10341,train
7960,train
13351,train
26766,train
34859,train
25880,train
29905,train
7653,train
53969,train
26862,train
19549,train
13570,train
24157,train
58410,train
27694,train
13588,train
68351,train
24760,train
35680,train
36793,train
1676,train
68714,train
15607,train
49593,train
18141,train
67773,train
62256,train
58173,train
32804,train
14770,train
41313,train
46738,train
60156,train
10934,train
68929,train
35430,train
18064,train
53883,train
12071,train
44850,train
11901,train
20824,train
34797,train
36855,train
3205,train
44025,train
1470,train
7932,train
51318,train
8073,train
27028,train
59029,train
62140,train
27863,train
16821,train
23500,train
40460,train
43704,train
61583,train
15834,train
25936,train
47449,train
24396,train
20687,train
43354,train
44386,train
47534,train
49913,train
37506,train
47689,train
34157,train
43872,train
49145,train
48059,train
40264,train
48754,train
44097,train
44181,train
40879,train
13450,train
11408,train
58271,train
55979,train
25202,train
23006,train
69750,train
36281,train
30939,train
62380,train
14569,train
21326,train
29012,train
47279,train
37387,train
42228,train
8215,train
13241,train
57928,train
15674,train
59823,train
48314,train
66186,train
11075,train
10771,train
66177,train
54349,train
6953,train
17998,train
47104,train
47727,train
4243,train
50378,train
32158,train
57619,train
9467,train
40310,train
25904,train
29837,train
27637,train
8295,train
26244,train
226,train
54110,train
12203,train
50381,train
13301,train
38486,train
44908,train
44534,train
41818,train
2656,train
37776,train
48887,train
46680,train
8799,train
28433,train
66163,train
711,train
17419,train
32674,train
26929,train
8133,train
58896,train
57907,train
34291,train
29337,train
58216,train
57388,train
51999,train
55527,train
51321,train
52103,train
31818,train
62804,train
3274,train
32642,train
57682,train
48426,train
22614,train
8680,train
47471,train
1200,train
65059,train
45803,train
40888,train
33114,train
17618,train
59571,train
53668,train
9182,train
25723,train
67308,train
23083,train
35900,train
52607,train
33256,train
26820,train
7764,train
33965,train
46852,train
48965,train
21424,train
46789,train
33297,train
53844,train
32566,train
52884,train
3293,train
68395,train
67490,train
619,train
66369,train
28576,train
40423,train
13115,train
27970,train
25767,train
25026,train
18053,train
1002,train
3720,train
64658,train
37267,train
9019,train
52031,train
4188,train
65685,train
41202,train
12399,train
20910,train
11063,train
1054,train
43195,train
4494,train
45420,train
30668,train
34413,train
32098,train
26883,train
7250,train
1060,train
54442,train
49338,train
22442,train
39335,train
61705,train
35250,train
15355,train
20347,train
17506,train
62382,train
15573,train
3529,train
42497,train
4571,train
42453,train
8888,train
45519,train
13267,train
23035,train
47698,train
24758,train
35248,train
26335,train
31697,train
50536,train
8259,train
20851,train
41415,train
36276,train
9521,train
69397,train
35106,train
23483,train
52487,train
26663,train
63534,train
5213,train
23385,train
37414,train
44249,train
23670,train
46013,train
33427,train
63820,train
22407,train
4131,train
69920,train
58556,train
57814,train
70406,train
55381,train
28810,train
53862,train
5821,train
40729,train
61175,train
3783,train
22836,train
23943,train
15357,train
26177,train
67759,train
22350,train
13912,train
46142,train
19750,train
61305,train
1874,train
63160,train
4750,train
27062,train
22380,train
38357,train
12887,train
66730,train
8713,train
13010,train
43829,train
7893,train
18356,train
38894,train
33202,train
40706,train
29356,train
19029,train
33324,train
3323,train
4424,train
60876,train
15668,train
11547,train
10440,train
59158,train
13346,train
2088,train
56895,train
39071,train
65994,train
41887,train
12831,train
11602,train
37437,train
13324,train
63743,train
63010,train
33829,train
40005,train
5494,train
58298,train
59045,train
51220,train
19722,train
18100,train
62064,train
23760,train
10620,train
1154,train
61900,train
1677,train
25514,train
66965,train
33805,train
28945,train
38481,train
45004,train
35050,train
34327,train
31228,train
15963,train
41440,train
63722,train
31641,train
52517,train
32208,train
62967,train
33822,train
5520,train
52241,train
38983,train
18879,train
29488,train
47199,train
44611,train
6078,train
23952,train
36344,train
52810,train
4158,train
3988,train
38644,train
6614,train
65868,train
19180,train
14438,train
6620,train
41344,train
48430,train
43972,train
38362,train
28619,train
57510,train
2251,train
872,train
68986,train
17534,train
2684,train
12084,train
66166,train
9727,train
38285,train
57207,train
46050,train
16862,train
7288,train
22036,train
19324,train
5998,train
41776,train
39944,train
10458,train
51177,train
68783,train
3675,train
2276,train
2274,train
2287,train
42159,train
5401,train
13868,train
42972,train
40573,train
60586,train
40992,train
32068,train
34442,train
40422,train
31334,train
7777,train
50698,train
30154,train
51450,train
20302,train
47836,train
63298,train
52477,train
55393,train
65755,train
3533,train
11250,train
11385,train
20133,train
34946,train
32750,train
21198,train
40620,train
8953,train
56771,train
26091,train
50792,train
16156,train
60458,train
23607,train
9604,train
10791,train
64142,train
11676,train
4895,train
53237,train
24685,train
3155,train
8892,train
10199,train
20530,train
58071,train
1385,train
1551,train
58666,train
58301,train
5235,train
6410,train
66197,train
15434,train
70100,train
16026,train
9763,train
64815,train
30103,train
1369,train
44135,train
10841,train
28202,train
49194,train
16950,train
7842,train
21859,train
4866,train
1990,train
29680,train
21399,train
5873,train
53440,train
16659,train
65783,train
60269,train
23354,train
46779,train
11644,train
1358,train
21672,train
12898,train
29695,train
57404,train
63185,train
24014,train
38491,train
58658,train
22255,train
66066,train
65971,train
65657,train
60968,train
54313,train
16053,train
20833,train
949,train
25311,train
49419,train
44057,train
57064,train
36135,train
11433,train
68331,train
21598,train
7362,train
47519,train
1612,train
29766,train
14748,train
55641,train
38297,train
4959,train
6409,train
11431,train
19270,train
40469,train
41564,train
41062,train
853,train
22494,train
60906,train
70418,train
18924,train
68539,train
36780,train
20134,train
33278,train
3833,train
5349,train
59239,train
3705,train
61672,train
68167,train
32075,train
15341,train
44892,train
41643,train
35721,train
57274,train
67374,train
64641,train
46341,train
59151,train
26400,train
20361,train
10079,train
59545,train
36713,train
42504,train
58811,train
20845,train
20459,train
63940,train
46241,train
11302,train
44368,train
3891,train
34085,train
69336,train
42670,train
15223,train
16616,train
43783,train
29189,train
7585,train
58402,train
1321,train
29772,train
7880,train
51803,train
47085,train
10554,train
4850,train
52841,train
35812,train
47543,train
54803,train
49327,train
20513,train
70291,train
10899,train
20099,train
7622,train
57041,train
49132,train
33668,train
50131,train
21983,train
17443,train
47065,train
44640,train
48896,train
21014,train
50808,train
57938,train
9762,train
16105,train
2504,train
59873,train
50038,train
32048,train
43457,train
42605,train
44822,train
19054,train
59987,train
68866,train
64604,train
49929,train
43748,train
70361,train
55687,train
22294,train
22160,train
19013,train
27851,train
53903,train
6414,train
20787,train
7396,train
20229,train
60781,train
24471,train
31669,train
28610,train
58215,train
63259,train
63093,train
35497,train
34103,train
43813,train
69845,train
59311,train
46215,train
3555,train
16121,train
46251,train
12808,train
43730,train
28493,train
22866,train
28644,train
65320,train
31019,train
41514,train
62699,train
39730,train
59608,train
20482,train
4086,train
64089,train
62445,train
41170,train
68046,train
366,train
54591,train
36244,train
19611,train
46076,train
12609,train
12781,train
31796,train
51194,train
35334,train
56070,train
48377,train
38946,train
15398,train
64032,train
56322,train
70391,train
10829,train
39966,train
18110,train
67043,train
48832,train
52144,train
56282,train
3396,train
14967,train
45584,train
33606,train
47339,train
66399,train
44955,train
18815,train
26584,train
12439,train
6694,train
23501,train
57163,train
49794,train
28876,train
2005,train
21953,train
54172,train
48454,train
39332,train
25371,train
28963,train
43426,train
25634,train
25141,train
53776,train
3442,train
16318,train
40154,train
42700,train
6849,train
67583,train
37405,train
39956,train
16043,train
67536,train
485,train
26798,train
46239,train
5941,train
42100,train
18970,train
54813,train
8026,train
64990,train
44607,train
67898,train
68129,train
39449,train
15714,train
11655,train
21897,train
29595,train
18161,train
20607,train
56810,train
6287,train
64751,train
56607,train
29445,train
30143,train
64082,train
54706,train
63226,train
25914,train
56047,train
3040,train
13293,train
4504,train
43970,train
38522,train
53068,train
5632,train
36984,train
43542,train
25380,train
2198,train
23467,train
22130,train
70113,train
17481,train
63359,train
32756,train
444,train
14028,train
7235,train
65941,train
29101,train
45209,train
57441,train
5761,train
3362,train
18593,train
43865,train
48075,train
62125,train
9048,train
44830,train
43988,train
27196,train
13628,train
31094,train
39061,train
70403,train
26021,train
6332,train
33155,train
31386,train
37141,train
22756,train
31035,train
56515,train
10480,train
9012,train
56071,train
27239,train
59737,train
20390,train
58425,train
67034,train
21150,train
49718,train
46312,train
68582,train
43034,train
39218,train
37286,train
30554,train
59271,train
67811,train
14269,train
46904,train
22008,train
21375,train
38068,train
5736,train
46154,train
64646,train
34613,train
31529,train
68566,train
58352,train
32143,train
15212,train
34590,train
62142,train
66676,train
7688,train
7839,train
61194,train
59119,train
30809,train
25407,train
34528,train
56831,train
28476,train
42269,train
32013,train
42373,train
4617,train
24618,train
49854,train
63699,train
40568,train
30471,train
66933,train
12036,train
7406,train
52007,train
63443,train
10385,train
15556,train
10133,train
34562,train
54940,train
4828,train
4513,train
7022,train
56059,train
50055,train
52292,train
27070,train
27716,train
22919,train
5602,train
22950,train
39639,train
51189,train
15369,train
64823,train
65379,train
34760,train
4958,train
41721,train
13317,train
57983,train
22282,train
39155,train
55989,train
29974,train
8453,train
29414,train
28808,train
19609,train
14082,train
18321,train
35173,train
59193,train
43214,train
35621,train
3659,train
3214,train
70660,train
61437,train
32217,train
38715,train
9024,train
66739,train
9069,train
42982,train
3718,train
17105,train
43978,train
27290,train
31224,train
67455,train
58613,train
24576,train
32195,train
36752,train
47837,train
28099,train
47789,train
26928,train
34639,train
43216,train
69097,train
65778,train
17719,train
7205,train
923,train
18582,train
53354,train
23651,train
25753,train
26553,train
6622,train
40745,train
45741,train
573,train
49573,train
45359,train
55928,train
15467,train
25105,train
20297,train
3969,train
50709,train
30888,train
54730,train
47757,train
41893,train
35788,train
33678,train
29694,train
17582,train
60294,train
45228,train
44145,train
57450,train
55421,train
24500,train
11148,train
6272,train
11013,train
3580,train
55373,train
34752,train
61494,train
9721,train
69423,train
58233,train
29780,train
27089,train
19149,train
66727,train
51791,train
33856,train
16439,train
51327,train
62186,train
37621,train
20711,train
57553,train
547,train
2921,train
51752,train
32738,train
70366,train
4795,train
29663,train
2980,train
16179,train
1376,train
43619,train
14446,train
26592,train
13265,train
61838,train
49133,train
68701,train
22731,train
47306,train
32735,train
14927,train
15288,train
22408,train
46729,train
58774,train
65888,train
61667,train
53326,train
47230,train
62179,train
56536,train
58910,train
49020,train
19356,train
48083,train
55867,train
26988,train
51829,train
22862,train
29871,train
28438,train
37915,train
41437,train
47198,train
33885,train
31389,train
23326,train
57392,train
6791,train
50406,train
65062,train
66278,train
10634,train
34524,train
14083,train
34515,train
15052,train
60511,train
59841,train
15879,train
2235,train
7828,train
43646,train
51159,train
65537,train
17134,train
66494,train
25664,train
40316,train
32088,train
20198,train
49411,train
27362,train
18574,train
34633,train
59058,train
38201,train
32183,train
20171,train
64596,train
26171,train
50355,train
31201,train
5051,train
20710,train
23201,train
9116,train
14379,train
46402,train
16338,train
50253,train
7501,train
61777,train
1410,train
62524,train
60146,train
60858,train
34787,train
41612,train
24654,train
56713,train
30186,train
34715,train
44427,train
40433,train
32176,train
325,train
63111,train
16738,train
38101,train
56729,train
36183,train
45379,train
28309,train
19305,train
3716,train
15247,train
7946,train
59581,train
48717,train
37403,train
16089,train
26780,train
61225,train
294,train
44926,train
47083,train
50275,train
48072,train
9445,train
44129,train
25372,train
29238,train
9159,train
46688,train
30172,train
47202,train
53702,train
22473,train
55598,train
3439,train
6185,train
13796,train
14183,train
69267,train
2994,train
14818,train
55533,train
69106,train
36602,train
48039,train
33954,train
68092,train
46479,train
21456,train
16929,train
25166,train
45095,train
15498,train
65891,train
28219,train
58932,train
68491,train
64585,train
43093,train
25790,train
6195,train
46762,train
70170,train
69187,train
59121,train
17424,train
34952,train
55445,train
39718,train
19004,train
68836,train
5369,train
3714,train
27980,train
70514,train
39233,train
52409,train
16412,train
16337,train
46048,train
21015,train
43409,train
9806,train
50066,train
3060,train
63119,train
21194,train
12484,train
12083,train
18152,train
41256,train
59766,train
12693,train
63519,train
48863,train
26119,train
51477,train
40391,train
5084,train
5035,train
63380,train
49252,train
40865,train
44055,train
19076,train
54185,train
9171,train
36123,train
65467,train
11316,train
35894,train
14365,train
56835,train
19657,train
70055,train
22038,train
21221,train
41791,train
41091,train
57345,train
20411,train
7596,train
9324,train
1998,train
1176,train
13221,train
51976,train
56640,train
47043,train
19459,train
68777,train
29172,train
31837,train
42981,train
20082,train
4701,train
29033,train
52010,train
19083,train
51713,train
58993,train
26520,train
32671,train
46342,train
51129,train
20385,train
35482,train
48108,train
22339,train
32833,train
60965,train
33881,train
16076,train
37543,train
25547,train
28936,train
50956,train
48402,train
18587,train
16939,train
53982,train
4129,train
67661,train
66729,train
5804,train
51823,train
70628,train
63148,train
6785,train
15685,train
55609,train
14265,train
61098,train
47417,train
5025,train
27173,train
68792,train
25759,train
44063,train
19169,train
18029,train
3053,train
65541,train
56418,train
25912,train
5911,train
67392,train
7994,train
300,train
8078,train
60724,train
47248,train
4767,train
63784,train
61977,train
2643,train
64069,train
23026,train
26544,train
33689,train
54677,train
34935,train
45016,train
39270,train
36134,train
11932,train
66201,train
50012,train
34510,train
41739,train
58914,train
18254,train
2765,train
32935,train
23955,train
42802,train
56126,train
65178,train
14085,train
70110,train
43096,train
15072,train
23329,train
9129,train
24681,train
21769,train
57232,train
56215,train
26090,train
12370,train
14648,train
68001,train
46793,train
16165,train
32979,train
24342,train
37894,train
6695,train
51798,train
2659,train
68189,train
26519,train
29881,train
2901,train
12343,train
22204,train
29338,train
11704,train
8297,train
13965,train
10450,train
10968,train
5012,train
20234,train
18236,train
65064,train
12583,train
29883,train
43282,train
27377,train
33824,train
33406,train
21760,train
43593,train
30571,train
63874,train
50311,train
50899,train
933,train
67611,train
37736,train
55036,train
20210,train
7961,train
16251,train
33008,train
30555,train
34550,train
67388,train
26863,train
25646,train
12349,train
48167,train
18702,train
45020,train
49308,train
15604,train
13806,train
61035,train
56617,train
69964,train
121,train
30018,train
40386,train
26348,train
11130,train
61274,train
51554,train
7394,train
46418,train
25827,train
25832,train
12806,train
63262,train
4764,train
61230,train
20248,train
43677,train
3848,train
39128,train
28206,train
14348,train
31698,train
64902,train
5592,train
24524,train
65516,train
36133,train
43688,train
13206,train
30338,train
69967,train
4320,train
34488,train
65394,train
6720,train
52183,train
25185,train
5824,train
19729,train
13387,train
55902,train
26558,train
9655,train
53860,train
24295,train
56323,train
69603,train
10100,train
51338,train
15637,train
12259,train
18919,train
28970,train
52059,train
9728,train
12986,train
66140,train
18168,train
17502,train
20696,train
50672,train
16853,train
60468,train
54113,train
51979,train
19591,train
52865,train
45454,train
51598,train
14053,train
25971,train
36992,train
39083,train
6646,train
41884,train
64280,train
30051,train
41141,train
57135,train
28873,train
8583,train
61549,train
69929,train
60848,train
66462,train
53343,train
66198,train
55404,train
10847,train
46502,train
13581,train
22913,train
59916,train
68496,train
22462,train
35445,train
53148,train
28618,train
63329,train
16129,train
3869,train
8513,train
5364,train
10757,train
3203,train
10280,train
55540,train
47709,train
27783,train
11597,train
31998,train
17266,train
65672,train
53491,train
68646,train
49831,train
34870,train
43029,train
35193,train
65725,train
56856,train
47289,train
46410,train
50936,train
1174,train
37868,train
14543,train
4756,train
23959,train
23057,train
19712,train
11084,train
65904,train
1241,train
64260,train
34313,train
19113,train
36205,train
44854,train
4100,train
15758,train
57033,train
48199,train
12229,train
2002,train
28236,train
11841,train
48371,train
46240,train
22161,train
37455,train
34075,train
66987,train
39583,train
36772,train
46145,train
16342,train
33093,train
56075,train
69333,train
70302,train
56283,train
18323,train
903,train
12463,train
68588,train
61282,train
14653,train
32266,train
40892,train
1201,train
58128,train
3461,train
1636,train
53675,train
28468,train
9101,train
53904,train
56830,train
29380,train
69930,train
31435,train
37095,train
34147,train
55470,train
65215,train
1909,train
17956,train
22192,train
62198,train
69509,train
20573,train
62907,train
23090,train
57700,train
52662,train
41596,train
61595,train
58552,train
22886,train
70037,train
25213,train
67398,train
37828,train
20375,train
64119,train
33961,train
31287,train
34337,train
18963,train
23631,train
61546,train
7432,train
17535,train
49823,train
47143,train
25924,train
23379,train
59697,train
20531,train
56540,train
23333,train
68762,train
11110,train
56001,train
35752,train
24363,train
41270,train
23592,train
46029,train
33250,train
65602,train
26100,train
31173,train
24659,train
54577,train
1688,train
38599,train
22208,train
65031,train
29398,train
16377,train
56012,train
1260,train
26117,train
34531,train
10866,train
44748,train
58529,train
54204,train
38258,train
12946,train
29955,train
43992,train
2144,train
4668,train
6566,train
34634,train
69687,train
49027,train
45054,train
266,train
50021,train
46848,train
18780,train
11963,train
67510,train
4025,train
14084,train
64390,train
50116,train
32287,train
28449,train
65784,train
31718,train
27388,train
40087,train
48906,train
36269,train
46449,train
4881,train
14023,train
55457,train
23220,train
20650,train
57673,train
60949,train
38423,train
34295,train
67602,train
19615,train
54898,train
58026,train
12678,train
36841,train
57094,train
17616,train
37935,train
54166,train
12559,train
36991,train
23291,train
66546,train
15881,train
30563,train
25148,train
20616,train
56330,train
48434,train
70633,train
18463,train
30267,train
12623,train
44407,train
22212,train
25701,train
8937,train
32261,train
63033,train
43949,train
66415,train
23988,train
70638,train
52154,train
19278,train
30115,train
64044,train
34707,train
52940,train
65703,train
36349,train
23452,train
16680,train
18101,train
6097,train
60290,train
23487,train
16453,train
62471,train
62448,train
37980,train
70289,train
24125,train
25047,train
58848,train
33391,train
34429,train
11137,train
28320,train
41928,train
67338,train
28894,train
15429,train
58763,train
68342,train
19886,train
13345,train
34648,train
20518,train
12569,train
34193,train
8731,train
11219,train
46499,train
48368,train
21210,train
35083,train
3307,train
2700,train
58609,train
67605,train
3704,train
29980,train
67295,train
15868,train
46233,train
53352,train
46487,train
46566,train
22716,train
47132,train
48417,train
35899,train
38127,train
40321,train
34779,train
29424,train
53831,train
25072,train
5815,train
48672,train
55506,train
4737,train
34820,train
51208,train
23423,train
8929,train
59216,train
13147,train
62497,train
5594,train
35375,train
826,train
4814,train
44714,train
47038,train
10473,train
13091,train
26564,train
58662,train
11735,train
48418,train
1448,train
49373,train
58649,train
43495,train
70555,train
29369,train
6424,train
39866,train
12054,train
23802,train
1373,train
61219,train
37793,train
60011,train
43428,train
22953,train
49656,train
52310,train
23936,train
5370,train
15883,train
38160,train
6335,train
57730,train
66944,train
59848,train
30196,train
67024,train
28589,train
25265,train
62599,train
16154,train
27585,train
50758,train
44942,train
68524,train
46784,train
988,train
32489,train
36002,train
14236,train
23718,train
36301,train
66999,train
27865,train
22505,train
18816,train
48928,train
62373,train
25529,train
69000,train
66745,train
37292,train
68102,train
65362,train
34490,train
51284,train
29270,train
13874,train
36185,train
37079,train
49384,train
9377,train
35205,train
24568,train
15203,train
3924,train
23724,train
30485,train
28413,train
60770,train
10726,train
31137,train
70078,train
56751,train
65530,train
50379,train
29958,train
28030,train
19765,train
51759,train
6366,train
29352,train
66720,train
9794,train
13425,train
27995,train
50835,train
21812,train
65280,train
16608,train
21604,train
10830,train
24897,train
54885,train
32458,train
29034,train
55243,train
36871,train
50926,train
25011,train
51266,train
70605,train
36255,train
13608,train
22234,train
61887,train
39111,train
63910,train
9664,train
40615,train
28189,train
24337,train
1925,train
27620,train
15047,train
29153,train
40916,train
12368,train
52596,train
43312,train
54285,train
6617,train
10983,train
51903,train
37557,train
13117,train
28106,train
59166,train
49333,train
60273,train
63376,train
2366,train
14515,train
65834,train
50514,train
25519,train
49375,train
60628,train
9828,train
59953,train
13771,train
31745,train
15738,train
4713,train
49545,train
32321,train
21222,train
35047,train
17004,train
10271,train
30548,train
23292,train
22151,train
29909,train
46928,train
19684,train
35212,train
16108,train
41677,train
8970,train
37066,train
43726,train
51078,train
17221,train
62203,train
60328,train
68834,train
68523,train
29335,train
44633,train
20899,train
61793,train
62098,train
45195,train
21709,train
15172,train
13764,train
7286,train
61557,train
3752,train
4162,train
41340,train
27937,train
40000,train
43203,train
69309,train
63943,train
10979,train
8008,train
30131,train
52836,train
65624,train
32370,train
28514,train
46397,train
48595,train
35723,train
63002,train
59375,train
48081,train
65282,train
26996,train
60593,train
4443,train
18223,train
9440,train
57308,train
50488,train
50623,train
14638,train
19953,train
6060,train
43921,train
60752,train
66353,train
13144,train
38305,train
44126,train
62801,train
63848,train
35133,train
33978,train
3479,train
49744,train
66014,train
43280,train
23124,train
25939,train
3973,train
34603,train
19378,train
53684,train
29307,train
4845,train
46258,train
15352,train
49586,train
22191,train
45991,train
45411,train
69150,train
23304,train
48949,train
54873,train
23388,train
47558,train
52622,train
14048,train
44824,train
44000,train
44098,train
48946,train
62680,train
33820,train
8305,train
26131,train
28655,train
28395,train
31281,train
33013,train
35969,train
18386,train
52897,train
16139,train
17599,train
10938,train
3552,train
52531,train
48707,train
28521,train
66923,train
29259,train
13359,train
33661,train
35598,train
29343,train
2595,train
18729,train
61170,train
14841,train
52939,train
31533,train
25981,train
62740,train
1754,train
62004,train
32514,train
7717,train
19213,train
54541,train
11012,train
26472,train
32364,train
58716,train
26714,train
68264,train
63312,train
43668,train
42046,train
28012,train
18172,train
4388,train
53222,train
28731,train
12637,train
29378,train
5394,train
53409,train
62586,train
59742,train
69531,train
28172,train
14233,train
25491,train
45782,train
39934,train
52118,train
70093,train
32348,train
23804,train
67272,train
40589,train
3920,train
9272,train
54693,train
12022,train
19435,train
9543,train
31123,train
11943,train
54126,train
38295,train
32821,train
767,train
58149,train
38310,train
68111,train
40338,train
33266,train
20051,train
69290,train
3978,train
8532,train
49330,train
37459,train
25894,train
38642,train
6583,train
53804,train
6230,train
42097,train
49473,train
28638,train
55799,train
39447,train
15765,train
18834,train
2877,train
30134,train
42010,train
27983,train
890,train
3754,train
46483,train
16803,train
62027,train
54494,train
16739,train
53179,train
57996,train
28021,train
11843,train
44820,train
31254,train
53318,train
67756,train
66361,train
53475,train
22390,train
28056,train
68252,train
68779,train
22518,train
34509,train
410,train
6830,train
40751,train
30137,train
61397,train
30779,train
51044,train
65863,train
62929,train
4973,train
34817,train
33543,train
41586,train
46369,train
44976,train
2012,train
51473,train
43321,train
68707,train
12647,train
12918,train
13836,train
41452,train
21896,train
53416,train
43319,train
58181,train
23953,train
61702,train
69427,train
14035,train
46530,train
725,train
59252,train
36531,train
34182,train
1545,train
18585,train
15682,train
43482,train
43484,train
40935,train
27022,train
44897,train
9829,train
51330,train
39346,train
8637,train
1237,train
17903,train
36029,train
3861,train
53212,train
18857,train
16271,train
67836,train
3737,train
44039,train
45114,train
54789,train
36060,train
15483,train
24130,train
42546,train
45413,train
39869,train
10142,train
6697,train
63771,train
1377,train
61245,train
55433,train
25573,train
24965,train
1660,train
63557,train
66044,train
2931,train
43676,train
57774,train
2008,train
35848,train
26536,train
61700,train
36472,train
47988,train
52848,train
54065,train
63862,train
25299,train
19660,train
48710,train
18282,train
36079,train
43441,train
64047,train
33072,train
12987,train
68144,train
65438,train
66962,train
59106,train
37905,train
24649,train
69866,train
25673,train
33426,train
59649,train
4060,train
23409,train
26262,train
44116,train
10236,train
40991,train
30235,train
46370,train
7246,train
8909,train
24912,train
43356,train
59598,train
9383,train
67670,train
2701,train
27867,train
8275,train
2802,train
9149,train
15085,train
34384,train
19044,train
39538,train
38465,train
41079,train
11686,train
44968,train
14703,train
12825,train
44246,train
66219,train
33305,train
15101,train
47827,train
67850,train
23482,train
53673,train
29793,train
70412,train
47077,train
62418,train
5624,train
4262,train
31439,train
34203,train
19437,train
20056,train
31142,train
56222,train
43989,train
22930,train
52821,train
12383,train
29336,train
15436,train
61729,train
38793,train
36446,train
25684,train
66243,train
65986,train
48753,train
51589,train
61383,train
20550,train
51512,train
65095,train
60757,train
62905,train
25689,train
13407,train
41810,train
51594,train
447,train
29333,train
7209,train
62970,train
6452,train
11797,train
49902,train
29603,train
61032,train
52019,train
27075,train
23225,train
35295,train
40804,train
42707,train
49773,train
35628,train
50158,train
18798,train
60239,train
38376,train
45168,train
9541,train
5691,train
15721,train
22935,train
7812,train
46386,train
54919,train
1800,train
50929,train
64298,train
16023,train
26879,train
18036,train
66484,train
65588,train
45119,train
34684,train
8667,train
18974,train
53985,train
46660,train
5629,train
55487,train
30305,train
21514,train
7677,train
30714,train
22453,train
42890,train
28411,train
28265,train
62488,train
55449,train
58538,train
535,train
56819,train
70413,train
26396,train
6885,train
9003,train
58377,train
42231,train
22066,train
56513,train
58829,train
41001,train
8319,train
19730,train
49392,train
67184,train
12443,train
27960,train
65956,train
43295,train
20148,train
30118,train
19631,train
22083,train
48388,train
701,train
34626,train
16793,train
36130,train
5747,train
13227,train
67424,train
40546,train
31704,train
5245,train
41747,train
28781,train
32429,train
58940,train
67866,train
47212,train
55562,train
67717,train
21040,train
1728,train
41311,train
38091,train
3868,train
3993,train
29716,train
27643,train
757,train
5040,train
52916,train
4372,train
21766,train
13482,train
7694,train
30130,train
13781,train
4225,train
44838,train
18242,train
61480,train
63268,train
31649,train
6731,train
34544,train
25616,train
62900,train
1584,train
69546,train
27641,train
52849,train
38220,train
57228,train
64586,train
2424,train
17696,train
66448,train
29460,train
13252,train
3187,train
46135,train
10687,train
13925,train
10111,train
50120,train
8147,train
60694,train
29794,train
2642,train
26392,train
61299,train
45373,train
55961,train
69158,train
33894,train
42151,train
27107,train
47878,train
38717,train
44484,train
32698,train
33053,train
9668,train
50093,train
31295,train
997,train
522,train
67399,train
54006,train
364,train
26425,train
37565,train
34916,train
17934,train
56737,train
8639,train
60429,train
30441,train
54299,train
51344,train
45437,train
7383,train
19532,train
12799,train
65384,train
19780,train
44676,train
67288,train
9970,train
56440,train
4578,train
35889,train
51537,train
66561,train
56257,train
26029,train
19961,train
43382,train
46092,train
43226,train
68307,train
51622,train
5561,train
16913,train
28153,train
6748,train
56663,train
17465,train
15508,train
21930,train
47551,train
53382,train
70343,train
19969,train
69209,train
64278,train
53375,train
47824,train
46003,train
11035,train
27209,train
10988,train
6261,train
58328,train
1977,train
63422,train
57130,train
6030,train
65281,train
22224,train
54946,train
20359,train
2908,train
47680,train
4201,train
39317,train
13283,train
43870,train
24623,train
3611,train
23393,train
29665,train
21492,train
33983,train
15769,train
57242,train
15359,train
22772,train
61890,train
69560,train
5867,train
46488,train
26056,train
16082,train
69025,train
28657,train
8159,train
61536,train
57089,train
25364,train
30987,train
41022,train
23658,train
19140,train
21021,train
65097,train
14223,train
22707,train
44896,train
42872,train
48958,train
47439,train
27527,train
32298,train
22528,train
62564,train
53945,train
13215,train
48615,train
54125,train
1469,train
306,train
50937,train
26507,train
60317,train
38388,train
38125,train
33698,train
26563,train
14801,train
67610,train
6370,train
59834,train
12454,train
9809,train
62957,train
65825,train
5140,train
54652,train
29154,train
38193,train
57980,train
48293,train
42264,train
67105,train
67464,train
11355,train
49363,train
6292,train
66363,train
16438,train
68963,train
56732,train
17283,train
13181,train
46112,train
2295,train
34256,train
30754,train
70119,train
29604,train
7502,train
39790,train
48574,train
45537,train
22745,train
60116,train
637,train
1191,train
63402,train
56494,train
49388,train
55520,train
45234,train
68236,train
22911,train
62344,train
68509,train
20672,train
53738,train
54625,train
45153,train
30551,train
68546,train
55283,train
56795,train
11153,train
11006,train
41449,train
1159,train
5344,train
23541,train
54884,train
39606,train
18218,train
48698,train
57124,train
52208,train
60117,train
42119,train
14710,train
40198,train
42318,train
40867,train
22999,train
45090,train
48250,train
19225,train
51774,train
49591,train
7853,train
60094,train
26530,train
48344,train
31966,train
7316,train
54883,train
40653,train
60862,train
11805,train
8070,train
59713,train
58227,train
22738,train
3485,train
49872,train
67835,train
8148,train
49666,train
47464,train
29884,train
70604,train
50122,train
7650,train
31713,train
7567,train
45578,train
69640,train
43292,train
36666,train
17054,train
52961,train
47455,train
25165,train
7344,train
45842,train
67484,train
10477,train
40596,train
33560,train
20238,train
64874,train
42963,train
31150,train
66352,train
5637,train
54835,train
45783,train
27084,train
44582,train
6850,train
4398,train
24559,train
22157,train
45189,train
35592,train
18014,train
46962,train
41216,train
57303,train
25721,train
28891,train
39568,train
53456,train
35141,train
23219,train
71,train
23606,train
24569,train
1854,train
52579,train
36802,train
238,train
59393,train
65507,train
13318,train
59515,train
6501,train
14426,train
58506,train
51833,train
59543,train
34281,train
53730,train
6029,train
40159,train
23413,train
23615,train
3321,train
47893,train
63405,train
42958,train
64127,train
9349,train
60071,train
65655,train
42326,train
13223,train
10014,train
33077,train
11683,train
3302,train
56644,train
26290,train
10039,train
764,train
5165,train
58566,train
37154,train
42567,train
24006,train
5486,train
24381,train
56216,train
55103,train
65592,train
19854,train
50915,train
53146,train
50979,train
5814,train
15818,train
5163,train
14636,train
24454,train
54425,train
48356,train
20746,train
16397,train
17499,train
9235,train
8064,train
21266,train
23933,train
61471,train
55847,train
48936,train
2290,train
42237,train
24233,train
14785,train
17531,train
5205,train
6129,train
16579,train
24603,train
6975,train
2450,train
44580,train
42779,train
10907,train
52063,train
27078,train
37554,train
54254,train
53513,train
45179,train
25206,train
26606,train
30074,train
58191,train
38674,train
61722,train
22792,train
57592,train
27357,train
59336,train
33272,train
21731,train
44511,train
18604,train
36193,train
22580,train
53950,train
51388,train
26376,train
17194,train
58214,train
20139,train
63785,train
70324,train
43175,train
27782,train
29987,train
41560,train
24564,train
43296,train
59507,train
38889,train
25076,train
26287,train
16686,train
6352,train
9805,train
801,train
44068,train
38231,train
56040,train
50464,train
63879,train
40018,train
56676,train
47456,train
3537,train
7996,train
69241,train
20954,train
5359,train
31031,train
55478,train
66791,train
14069,train
21986,train
65844,train
56147,train
10295,train
4214,train
60000,train
68374,train
48983,train
60473,train
14015,train
57645,train
31395,train
33601,train
38053,train
52234,train
40714,train
44834,train
57117,train
55632,train
10891,train
56605,train
14991,train
11953,train
33170,train
69981,train
21360,train
7673,train
47114,train
23744,train
69758,train
407,train
2499,train
42831,train
45638,train
1333,train
31333,train
64809,train
3310,train
42236,train
36823,train
9750,train
46717,train
41976,train
45386,train
28832,train
46917,train
15079,train
9592,train
34464,train
23994,train
23055,train
48716,train
12188,train
37347,train
5308,train
7869,train
53578,train
63662,train
3883,train
50551,train
61679,train
5516,train
33569,train
69382,train
41993,train
38582,train
298,train
38632,train
6169,train
22177,train
13958,train
60667,train
36227,train
19738,train
60660,train
34218,train
50149,train
40766,train
53315,train
41312,train
55351,train
20978,train
54200,train
3873,train
39844,train
8720,train
51682,train
57531,train
52620,train
2039,train
289,train
1573,train
39770,train
46213,train
23191,train
16995,train
39136,train
39338,train
27744,train
64382,train
41176,train
38819,train
32669,train
22194,train
1803,train
60735,train
61002,train
15375,train
30773,train
612,train
31095,train
29181,train
10943,train
25237,train
22485,train
32397,train
26965,train
2838,train
67426,train
52499,train
68125,train
39264,train
45946,train
431,train
12290,train
63269,train
13822,train
10833,train
18908,train
53355,train
42406,train
57626,train
4671,train
19640,train
30526,train
51084,train
69331,train
66631,train
48378,train
27817,train
4189,train
58877,train
60891,train
34039,train
23852,train
29870,train
6549,train
7002,train
17808,train
5832,train
48562,train
50909,train
41275,train
18965,train
3761,train
69696,train
34630,train
2550,train
43537,train
23977,train
11565,train
1550,train
34452,train
56068,train
45731,train
8483,train
28994,train
58317,train
15128,train
10532,train
66437,train
53671,train
12316,train
61507,train
36510,train
2953,train
35253,train
66225,train
24361,train
65119,train
32803,train
39506,train
59380,train
45709,train
53181,train
42973,train
7557,train
13930,train
63045,train
40474,train
58785,train
52572,train
1911,train
7684,train
62727,train
12821,train
69067,train
61458,train
42361,train
14713,train
48603,train
52710,train
40682,train
50146,train
18926,train
54136,train
55328,train
31052,train
11960,train
37179,train
44805,train
1587,train
18595,train
37913,train
9917,train
17977,train
51565,train
18943,train
63865,train
21365,train
34388,train
60914,train
23879,train
28484,train
56646,train
43979,train
42241,train
23883,train
69264,train
26901,train
34801,train
1543,train
15156,train
18154,train
57979,train
1631,train
62882,train
21929,train
4718,train
27651,train
37061,train
48392,train
33976,train
23746,train
54804,train
46758,train
63180,train
69244,train
13630,train
41319,train
9920,train
26263,train
13212,train
62721,train
19108,train
68851,train
6844,train
22923,train
53824,train
66960,train
63063,train
62299,train
59538,train
14125,train
28639,train
24126,train
6186,train
47151,train
38424,train
6139,train
40732,train
9423,train
19119,train
46344,train
41726,train
64675,train
41576,train
25180,train
38837,train
22857,train
57286,train
3549,train
61343,train
19009,train
194,train
43752,train
30872,train
19733,train
50073,train
43456,train
15588,train
17736,train
15422,train
67447,train
44045,train
1001,train
58923,train
40543,train
11010,train
59324,train
70098,train
10418,train
29813,train
27879,train
9596,train
49657,train
56704,train
41605,train
3482,train
10544,train
50985,train
16075,train
45659,train
25037,train
7476,train
19167,train
1734,train
34701,train
29690,train
36321,train
48725,train
6805,train
20848,train
34814,train
17929,train
69351,train
47397,train
27325,train
30160,train
21564,train
7584,train
46088,train
32059,train
25861,train
34253,train
62576,train
48189,train
47847,train
10790,train
57954,train
59276,train
51295,train
28673,train
25610,train
60129,train
51564,train
49090,train
17203,train
51141,train
61861,train
24155,train
15762,train
17669,train
26884,train
38370,train
50448,train
61643,train
52217,train
10842,train
26777,train
43837,train
8024,train
66031,train
10659,train
36942,train
39540,train
39587,train
55603,train
43460,train
37745,train
42482,train
28693,train
51749,train
35666,train
2549,train
52462,train
14574,train
41413,train
57016,train
27695,train
27266,train
59228,train
65055,train
45926,train
27200,train
32961,train
3556,train
21323,train
46706,train
47655,train
36192,train
52856,train
62336,train
39469,train
41806,train
55873,train
13130,train
70419,train
54866,train
26647,train
53955,train
31946,train
65284,train
8604,train
9113,train
680,train
62292,train
39769,train
30168,train
1242,train
58118,train
63311,train
29339,train
8627,train
9083,train
32362,train
54529,train
14113,train
1663,train
15363,train
50007,train
34223,train
55701,train
30264,train
61598,train
54482,train
43915,train
32209,train
5727,train
67213,train
4730,train
4930,train
43331,train
32417,train
7794,train
56985,train
3415,train
40726,train
8735,train
41559,train
30062,train
25345,train
68508,train
19156,train
51859,train
49415,train
67828,train
8144,train
4882,train
46911,train
23732,train
10,train
30578,train
21480,train
7594,train
45287,train
14211,train
2874,train
551,train
29321,train
67672,train
24018,train
24348,train
54308,train
39771,train
42157,train
65359,train
52923,train
59233,train
14771,train
60883,train
18986,train
10881,train
62384,train
46023,train
38420,train
1852,train
65354,train
50798,train
2619,train
34593,train
739,train
54476,train
46301,train
14200,train
59297,train
34104,train
44269,train
60016,train
52564,train
65889,train
66145,train
15933,train
594,train
66043,train
22658,train
2584,train
36033,train
25977,train
40953,train
8569,train
33716,train
30348,train
30333,train
42579,train
10569,train
61523,train
56658,train
59191,train
67642,train
10587,train
2648,train
2363,train
33578,train
54928,train
44333,train
31575,train
5284,train
50583,train
22538,train
39941,train
49871,train
11308,train
20659,train
43548,train
43163,train
58192,train
15166,train
17185,train
46513,train
16603,train
7143,train
57372,train
47128,train
12547,train
64341,train
70647,train
22758,train
938,train
59973,train
15936,train
37525,train
28264,train
2674,train
22025,train
57872,train
27511,train
68572,train
31709,train
14693,train
68431,train
36764,train
43602,train
35677,train
48549,train
5926,train
43791,train
11476,train
2707,train
29908,train
48320,train
44721,train
15565,train
52152,train
57338,train
22359,train
14889,train
57126,train
46896,train
14830,train
18428,train
33590,train
54080,train
63159,train
6971,train
46412,train
19963,train
36208,train
13692,train
18545,train
69571,train
64749,train
40637,train
69504,train
7871,train
12063,train
1764,train
46891,train
55387,train
62191,train
58126,train
15919,train
12628,train
24767,train
37335,train
49784,train
25923,train
4542,train
25192,train
38097,train
3272,train
11689,train
66377,train
47218,train
64453,train
16980,train
62379,train
11030,train
46434,train
14821,train
3819,train
47867,train
36211,train
43530,train
2583,train
12456,train
2310,train
9138,train
35478,train
28767,train
62055,train
25784,train
5725,train
41226,train
9176,train
26179,train
60787,train
50433,train
19786,train
56598,train
38580,train
19203,train
29636,train
49922,train
53681,train
15379,train
14888,train
51720,train
16531,train
25256,train
36669,train
52108,train
11742,train
47441,train
1229,train
62302,train
43194,train
36082,train
57523,train
4295,train
43311,train
65760,train
3846,train
11691,train
57839,train
46567,train
34047,train
13713,train
63393,train
68171,train
47011,train
57756,train
65132,train
36639,train
39526,train
19901,train
4231,train
54887,train
8576,train
9433,train
10054,train
15608,train
32163,train
44343,train
44127,train
16885,train
13040,train
50400,train
12631,train
12894,train
59394,train
11622,train
65688,train
31594,train
31359,train
68849,train
26970,train
2817,train
61658,train
19093,train
23719,train
14256,train
62075,train
29831,train
33892,train
64155,train
66338,train
5104,train
26565,train
14092,train
19816,train
25138,train
29440,train
47877,train
19124,train
11442,train
60915,train
650,train
55051,train
28856,train
14843,train
16800,train
67894,train
29805,train
60557,train
15671,train
58616,train
65907,train
19147,train
30638,train
26796,train
24693,train
30900,train
40392,train
46751,train
55282,train
3886,train
42569,train
48143,train
47793,train
33233,train
60189,train
20528,train
47805,train
44506,train
46657,train
54673,train
34719,train
5462,train
3399,train
3532,train
15169,train
29071,train
46766,train
29300,train
16402,train
10653,train
64263,train
47657,train
43455,train
55776,train
23647,train
4012,train
6854,train
3797,train
45686,train
20682,train
33126,train
48194,train
20755,train
56909,train
7152,train
8234,train
17131,train
67130,train
59084,train
23335,train
45870,train
24995,train
8845,train
9191,train
32650,train
69618,train
51469,train
59179,train
50845,train
12477,train
22639,train
17641,train
58419,train
5950,train
16225,train
44353,train
61863,train
48523,train
62086,train
58729,train
56393,train
52737,train
25048,train
59486,train
65103,train
1901,train
34120,train
28238,train
1046,train
54581,train
499,train
10432,train
53292,train
11304,train
37447,train
69787,train
62961,train
32983,train
63981,train
46498,train
45006,train
8079,train
26318,train
45402,train
47711,train
39906,train
63076,train
47185,train
27957,train
30126,train
24058,train
915,train
57186,train
69856,train
58325,train
7526,train
435,train
46022,train
34462,train
2020,train
43424,train
7879,train
44374,train
29811,train
3811,train
65171,train
36641,train
14602,train
26419,train
41927,train
53177,train
57249,train
31889,train
42928,train
30640,train
56452,train
35126,train
62757,train
4897,train
28554,train
48590,train
69908,train
49176,train
14087,train
64975,train
58802,train
57123,train
27201,train
62174,train
24013,train
16127,train
27684,train
4485,train
41051,train
63644,train
52375,train
53016,train
38975,train
14037,train
30853,train
59807,train
43684,train
58230,train
31411,train
22324,train
4710,train
28414,train
35183,train
21392,train
11233,train
4630,train
18755,train
70599,train
60945,train
67312,train
1522,train
68910,train
10131,train
37522,train
4155,train
44415,train
44887,train
59410,train
49174,train
23309,train
1178,train
32403,train
39460,train
24315,train
58691,train
56616,train
42442,train
29461,train
64819,train
60199,train
65154,train
30311,train
27793,train
69031,train
67580,train
59773,train
61474,train
46714,train
23046,train
18311,train
61186,train
23920,train
36678,train
40756,train
57955,train
42401,train
30030,train
43953,train
38348,train
53657,train
7798,train
23636,train
60264,train
42354,train
69077,train
38778,train
59117,train
60857,train
17224,train
20315,train
21781,train
45524,train
34754,train
11642,train
63464,train
4126,train
53664,train
23990,train
13604,train
5488,train
38954,train
70315,train
39534,train
48747,train
2888,train
23848,train
16456,train
33247,train
43083,train
27318,train
18449,train
64686,train
23108,train
7747,train
30307,train
62519,train
25702,train
34375,train
68308,train
362,train
51796,train
55484,train
51063,train
33058,train
3922,train
15754,train
25570,train
5448,train
557,train
16300,train
59567,train
61389,train
30171,train
59074,train
9359,train
10308,train
63222,train
28156,train
63399,train
57075,train
13076,train
22499,train
68750,train
19024,train
60994,train
67233,train
33392,train
17937,train
66057,train
21267,train
44204,train
68053,train
19088,train
2796,train
43951,train
16901,train
38432,train
69166,train
59062,train
63255,train
23043,train
61073,train
45243,train
16242,train
28430,train
43834,train
59957,train
32721,train
31112,train
19373,train
41947,train
49746,train
36893,train
44377,train
52628,train
44880,train
54101,train
30008,train
11770,train
35129,train
17637,train
44237,train
19621,train
14696,train
17741,train
30078,train
46609,train
13596,train
30858,train
61987,train
18062,train
12166,train
69588,train
63194,train
40402,train
47450,train
1123,train
33879,train
44201,train
49324,train
67419,train
16843,train
69714,train
22271,train
15536,train
31939,train
59790,train
6833,train
63728,train
33078,train
41481,train
69089,train
25763,train
9364,train
50208,train
30798,train
54023,train
22665,train
50298,train
27445,train
37332,train
22602,train
61678,train
68864,train
1913,train
15732,train
21975,train
55148,train
56743,train
36722,train
34496,train
36797,train
42726,train
43736,train
15279,train
17718,train
23524,train
25082,train
48243,train
18054,train
70568,train
63187,train
34688,train
22646,train
64799,train
14417,train
17260,train
34912,train
37583,train
37342,train
5975,train
27457,train
37667,train
36352,train
34433,train
23356,train
36787,train
5874,train
51659,train
44262,train
53143,train
42367,train
18691,train
571,train
17969,train
62985,train
45489,train
63648,train
34507,train
36753,train
14481,train
11995,train
17494,train
67765,train
48046,train
59160,train
17207,train
52474,train
10355,train
66391,train
69547,train
62296,train
3099,train
17593,train
69136,train
460,train
2533,train
9526,train
495,train
53567,train
30938,train
30515,train
53309,train
42770,train
62516,train
69723,train
48858,train
39720,train
44996,train
6049,train
498,train
14478,train
30697,train
67874,train
2640,train
39180,train
26313,train
55633,train
14691,train
16978,train
55660,train
24855,train
52485,train
32801,train
39310,train
17166,train
11821,train
65191,train
41545,train
24128,train
20427,train
44299,train
29688,train
59757,train
49089,train
47712,train
70566,train
14789,train
48212,train
44010,train
13305,train
58139,train
68537,train
18667,train
16220,train
58935,train
25062,train
60634,train
15295,train
26186,train
55226,train
30481,train
58093,train
6510,train
4536,train
24324,train
64199,train
27730,train
42396,train
60196,train
54922,train
23485,train
61608,train
28560,train
20662,train
3269,train
26140,train
39433,train
62653,train
10715,train
26496,train
65838,train
22894,train
58237,train
66858,train
26836,train
53669,train
27425,train
49861,train
38334,train
41246,train
668,train
12544,train
58547,train
8582,train
66430,train
4871,train
7555,train
33290,train
32741,train
4574,train
31422,train
3130,train
9618,train
27430,train
2372,train
30136,train
64166,train
41960,train
27364,train
511,train
31739,train
44232,train
27871,train
37341,train
23244,train
60141,train
64855,train
61596,train
51929,train
14018,train
4588,train
60417,train
53754,train
24228,train
45636,train
42537,train
35498,train
42655,train
62634,train
1825,train
21509,train
31484,train
70504,train
60696,train
34205,train
59445,train
65924,train
720,train
18020,train
55382,train
31980,train
24338,train
34705,train
67681,train
9242,train
48170,train
56125,train
16395,train
22126,train
61390,train
59104,train
3538,train
58490,train
66379,train
68261,train
21863,train
47658,train
33268,train
10848,train
27701,train
38801,train
30795,train
38943,train
55652,train
61353,train
45276,train
6728,train
42064,train
56465,train
14057,train
18736,train
16419,train
40076,train
15672,train
6255,train
42820,train
52925,train
62921,train
36699,train
17841,train
3132,train
59617,train
35500,train
33488,train
34965,train
64581,train
34988,train
37280,train
66689,train
45188,train
11413,train
53739,train
34113,train
34409,train
42091,train
29923,train
57808,train
43099,train
1621,train
170,train
34180,train
61124,train
11568,train
5464,train
27814,train
35382,train
23569,train
20656,train
11967,train
42382,train
22366,train
13907,train
50195,train
56670,train
25423,train
41292,train
31131,train
7875,train
53497,train
38472,train
12416,train
55197,train
11088,train
11702,train
49087,train
3929,train
44542,train
5093,train
41232,train
506,train
43749,train
42018,train
68078,train
70256,train
44736,train
4817,train
38379,train
763,train
18870,train
13676,train
766,train
51612,train
29742,train
1927,train
60983,train
54894,train
17944,train
35325,train
42949,train
22435,train
11757,train
49703,train
61931,train
33475,train
20280,train
50293,train
7297,train
20309,train
2946,train
65513,train
3391,train
2013,train
29587,train
30096,train
42885,train
38575,train
38017,train
21722,train
32061,train
14861,train
65512,train
48726,train
15704,train
30452,train
56096,train
42083,train
20627,train
58959,train
22809,train
23034,train
40436,train
12385,train
63238,train
12550,train
18684,train
8596,train
54925,train
30149,train
50933,train
11309,train
21650,train
58623,train
43857,train
40328,train
14079,train
51107,train
1989,train
53298,train
65734,train
37961,train
38952,train
46508,train
5649,train
30633,train
39642,train
46975,train
37371,train
48220,train
3231,train
3648,train
50981,train
5957,train
59432,train
12394,train
55047,train
48736,train
55705,train
57215,train
20738,train
51899,train
28239,train
30073,train
8189,train
7017,train
70398,train
31908,train
25910,train
59917,train
46005,train
301,train
33513,train
22566,train
43581,train
1475,train
27951,train
36362,train
15629,train
39707,train
55932,train
35560,train
1018,train
10009,train
41830,train
43467,train
54761,train
5722,train
19152,train
20083,train
10334,train
6208,train
58573,train
12524,train
16712,train
56800,train
29222,train
15666,train
58710,train
65296,train
70490,train
66006,train
45289,train
20179,train
3392,train
67592,train
21005,train
64367,train
22295,train
24047,train
60579,train
67937,train
70575,train
7099,train
63288,train
41038,train
17169,train
4899,train
4629,train
21356,train
61804,train
37390,train
31823,train
45566,train
19048,train
41512,train
4141,train
30915,train
63755,train
1730,train
65651,train
4420,train
46188,train
46806,train
39286,train
49005,train
28500,train
41513,train
17024,train
36127,train
59903,train
34892,train
3265,train
67445,train
9096,train
42371,train
502,train
24646,train
28278,train
54838,train
52984,train
70146,train
55668,train
56555,train
1725,train
36677,train
48748,train
67540,train
67148,train
19394,train
2147,train
8199,train
44557,train
48779,train
15559,train
55572,train
58056,train
28685,train
62619,train
19021,train
9598,train
50856,train
62930,train
17807,train
30109,train
23052,train
51504,train
4893,train
38120,train
68985,train
54225,train
59176,train
20353,train
34876,train
26410,train
24657,train
60614,train
27634,train
17315,train
63285,train
57631,train
56077,train
17870,train
5729,train
70541,train
67715,train
39442,train
26047,train
20474,train
69262,train
47413,train
9833,train
13682,train
28103,train
22429,train
64096,train
49203,train
69843,train
7204,train
65829,train
52270,train
67469,train
38296,train
34967,train
52708,train
34519,train
70671,train
25919,train
13225,train
38559,train
65480,train
60153,train
30732,train
22617,train
6568,train
47811,train
45904,train
65122,train
55729,train
63385,train
23713,train
61687,train
70253,train
62574,train
68531,train
50418,train
39290,train
39282,train
21336,train
32519,train
37356,train
42026,train
35626,train
27189,train
32917,train
10788,train
26887,train
5937,train
61146,train
69545,train
34317,train
70534,train
18396,train
46947,train
18786,train
21002,train
48411,train
59072,train
21547,train
34838,train
12028,train
17916,train
64955,train
66137,train
18448,train
18993,train
56028,train
34296,train
8934,train
69218,train
4566,train
37581,train
62417,train
23140,train
67297,train
31471,train
7055,train
50145,train
16760,train
61202,train
47664,train
67964,train
44085,train
30912,train
62855,train
66844,train
35891,train
5423,train
31562,train
38441,train
7990,train
10905,train
59655,train
48254,train
40450,train
21700,train
64601,train
36545,train
68495,train
13856,train
23300,train
36526,train
55551,train
55459,train
65929,train
40650,train
1947,train
57837,train
67658,train
28121,train
60230,train
66181,train
24114,train
34222,train
63524,train
51289,train
65920,train
67093,train
20138,train
59321,train
55546,train
7256,train
47052,train
15709,train
62545,train
22941,train
378,train
20241,train
17484,train
5317,train
67525,train
69901,train
61744,train
51574,train
33057,train
59494,train
11852,train
55737,train
7460,train
63791,train
49565,train
62006,train
57528,train
63360,train
27354,train
56051,train
26317,train
48148,train
58456,train
66138,train
2601,train
44161,train
68023,train
2045,train
16769,train
4441,train
3582,train
5451,train
199,train
20979,train
26276,train
223,train
23390,train
61585,train
41182,train
41849,train
69225,train
14760,train
48096,train
62594,train
58870,train
6696,train
1886,train
45954,train
9493,train
51556,train
53423,train
60908,train
32783,train
58996,train
51190,train
50989,train
17899,train
65180,train
37450,train
7926,train
62979,train
55508,train
13486,train
39823,train
62294,train
48688,train
55114,train
32338,train
34837,train
14885,train
32166,train
32299,train
46368,train
60835,train
63493,train
15995,train
14419,train
45096,train
575,train
50574,train
69229,train
28841,train
43566,train
24446,train
42104,train
1506,train
50395,train
9665,train
5710,train
10974,train
6763,train
56552,train
61177,train
50042,train
20937,train
30722,train
6732,train
24501,train
27328,train
14924,train
30771,train
64631,train
50932,train
3432,train
31943,train
64415,train
5615,train
23361,train
14606,train
19618,train
37997,train
52176,train
36025,train
59200,train
33963,train
14566,train
4798,train
23256,train
69052,train
9074,train
66685,train
59322,train
64957,train
50746,train
7550,train
21958,train
50126,train
32871,train
59288,train
10897,train
35678,train
590,train
53956,train
20142,train
59402,train
12621,train
39552,train
49745,train
6919,train
52418,train
783,train
39901,train
55502,train
39895,train
27091,train
37138,train
32699,train
19740,train
11769,train
39762,train
468,train
9764,train
70529,train
52744,train
27999,train
37496,train
10392,train
67243,train
67482,train
53505,train
62206,train
9573,train
29641,train
19931,train
69710,train
55747,train
69581,train
4433,train
22030,train
46439,train
60957,train
11983,train
51846,train
11278,train
40007,train
39923,train
4380,train
63435,train
65356,train
28773,train
48423,train
30201,train
9353,train
31814,train
40407,train
40458,train
64608,train
41325,train
49581,train
1204,train
31878,train
57462,train
22715,train
927,train
27683,train
60064,train
47372,train
30615,train
25443,train
62668,train
28003,train
39855,train
32682,train
7727,train
37812,train
7773,train
34078,train
8773,train
28462,train
42897,train
17776,train
46059,train
60238,train
68782,train
58826,train
20846,train
7443,train
33868,train
58741,train
29346,train
26045,train
14995,train
67752,train
20906,train
40416,train
25024,train
15242,train
28240,train
15989,train
31043,train
20675,train
65545,train
1166,train
36632,train
32478,train
60923,train
66213,train
48086,train
6218,train
42376,train
35824,train
64560,train
49736,train
61603,train
61056,train
1766,train
68939,train
58489,train
61220,train
47304,train
14464,train
66862,train
10995,train
51625,train
21850,train
18920,train
63873,train
4383,train
10632,train
44134,train
5915,train
64710,train
24596,train
59082,train
23669,train
56745,train
67507,train
5670,train
34158,train
22722,train
51917,train
6108,train
49785,train
32754,train
9309,train
51838,train
67824,train
30846,train
22088,train
33074,train
49677,train
31672,train
35290,train
26443,train
11081,train
1680,train
41067,train
1892,train
26742,train
39755,train
50256,train
67885,train
41540,train
18894,train
40942,train
20191,train
2446,train
39908,train
24325,train
17100,train
15691,train
16940,train
19589,train
51874,train
63372,train
44166,train
24069,train
24367,train
63631,train
4948,train
36696,train
26833,train
5066,train
8730,train
3435,train
23817,train
68486,train
64105,train
31304,train
55906,train
60934,train
68468,train
50755,train
55431,train
55085,train
67864,train
64132,train
40305,train
13062,train
20992,train
16743,train
45143,train
10207,train
35813,train
30319,train
34691,train
25318,train
61089,train
58572,train
27571,train
41987,train
69245,train
3030,train
70348,train
55403,train
48455,train
43264,train
45305,train
54511,train
67754,train
53832,train
9608,train
31635,train
62415,train
39645,train
368,train
26697,train
2340,train
50858,train
17971,train
50656,train
1881,train
1619,train
34453,train
5673,train
48758,train
3111,train
47577,train
55486,train
35605,train
15560,train
70266,train
59699,train
49883,train
36805,train
26859,train
10571,train
11017,train
34066,train
14046,train
65003,train
11541,train
64191,train
58232,train
32645,train
13357,train
70367,train
58159,train
21676,train
7053,train
21730,train
42352,train
38456,train
33964,train
17201,train
8807,train
7103,train
3474,train
30673,train
20932,train
65569,train
41634,train
64244,train
55088,train
36027,train
22739,train
29515,train
12824,train
44768,train
3031,train
58858,train
13837,train
46616,train
61551,train
57484,train
45428,train
28911,train
56155,train
24900,train
29140,train
66488,train
51505,train
50075,train
37338,train
62597,train
39284,train
25420,train
18021,train
4670,train
9823,train
58153,train
57012,train
55430,train
11274,train
39275,train
209,train
43139,train
10618,train
25845,train
21189,train
6579,train
19519,train
24206,train
40617,train
30207,train
25449,train
49942,train
32503,train
27610,train
45264,train
61107,train
4247,train
9078,train
32710,train
17705,train
62304,train
1126,train
18996,train
57991,train
56848,train
11576,train
45935,train
63474,train
49648,train
19384,train
4161,train
1743,train
38940,train
27769,train
52688,train
18917,train
8022,train
35883,train
15723,train
53925,train
33603,train
10800,train
33576,train
61433,train
49675,train
34079,train
18979,train
52284,train
9857,train
61090,train
58341,train
48922,train
61151,train
19602,train
49185,train
19810,train
65859,train
59676,train
60082,train
49371,train
51412,train
47098,train
64989,train
58444,train
37264,train
29050,train
29657,train
32289,train
22399,train
51219,train
34549,train
22576,train
21420,train
49034,train
17235,train
10462,train
8940,train
51471,train
28210,train
31058,train
40301,train
29099,train
57299,train
70219,train
42875,train
19578,train
47556,train
7512,train
49891,train
3708,train
5897,train
52818,train
19303,train
47920,train
43733,train
1124,train
62442,train
26672,train
29010,train
70276,train
8597,train
52781,train
9520,train
57102,train
58860,train
40122,train
31259,train
8280,train
20357,train
41650,train
60335,train
30583,train
63260,train
14614,train
64914,train
24934,train
63944,train
7117,train
3984,train
47482,train
9817,train
41497,train
55504,train
30503,train
47307,train
51314,train
23975,train
68502,train
855,train
46107,train
59320,train
51468,train
21184,train
3062,train
62651,train
18174,train
52508,train
59338,train
2166,train
29994,train
68820,train
18331,train
51104,train
556,train
69047,train
7699,train
39245,train
38122,train
49692,train
3252,train
33970,train
25465,train
66308,train
46244,train
60054,train
35338,train
20011,train
30559,train
66332,train
57912,train
46985,train
19196,train
3370,train
58721,train
59631,train
2097,train
14532,train
58544,train
66259,train
46998,train
41872,train
5310,train
40293,train
43063,train
33493,train
58762,train
11192,train
25856,train
43605,train
40977,train
52344,train
25116,train
21099,train
29771,train
12090,train
21279,train
46614,train
7366,train
52985,train
57965,train
69915,train
23960,train
34809,train
10036,train
62349,train
15311,train
63833,train
14683,train
9780,train
44647,train
59557,train
38044,train
58736,train
66266,train
33462,train
50654,train
23509,train
45408,train
56774,train
33736,train
15034,train
56467,train
34173,train
4007,train
47850,train
38338,train
70359,train
42998,train
8003,train
70018,train
52072,train
39380,train
59703,train
69796,train
7715,train
34594,train
43133,train
63868,train
69230,train
8986,train
7399,train
391,train
55458,train
55424,train
22994,train
26491,train
2955,train
24319,train
20736,train
25125,train
67485,train
3677,train
50483,train
7795,train
8903,train
46845,train
15783,train
63691,train
43526,train
40886,train
26274,train
60789,train
38588,train
9091,train
65110,train
44810,train
30026,train
68381,train
22907,train
34962,train
33626,train
34447,train
57494,train
50435,train
14160,train
65506,train
2244,train
25467,train
20623,train
32971,train
5175,train
68997,train
49732,train
67967,train
52698,train
30476,train
34089,train
6958,train
43254,train
66174,train
15617,train
64143,train
39684,train
36315,train
35797,train
51566,train
10129,train
45335,train
27895,train
39564,train
64745,train
61108,train
69468,train
318,train
30761,train
24750,train
51376,train
21049,train
52267,train
19629,train
46659,train
56158,train
3070,train
56315,train
67573,train
20621,train
7755,train
33375,train
59560,train
15177,train
428,train
25463,train
3363,train
37877,train
7572,train
1036,train
41719,train
63804,train
15892,train
122,train
70076,train
29132,train
22439,train
70653,train
67702,train
54613,train
54552,train
54969,train
14625,train
41844,train
61373,train
16623,train
45136,train
65198,train
21691,train
48563,train
19015,train
69636,train
46582,train
58393,train
52215,train
57886,train
67557,train
38187,train
35903,train
23286,train
16690,train
15526,train
34107,train
27404,train
24946,train
46944,train
62090,train
26493,train
22778,train
4496,train
63636,train
5930,train
37821,train
53136,train
7290,train
32194,train
11580,train
24898,train
6457,train
12972,train
3032,train
4561,train
34582,train
65865,train
57216,train
29135,train
38435,train
11078,train
64689,train
62470,train
59611,train
67350,train
60232,train
37796,train
39806,train
36212,train
10327,train
18261,train
55590,train
48085,train
13275,train
17769,train
43220,train
47887,train
7577,train
20811,train
11648,train
40773,train
61913,train
50132,train
20123,train
13432,train
33638,train
16502,train
22155,train
36777,train
65116,train
36943,train
13660,train
37484,train
55768,train
32652,train
50077,train
55166,train
15620,train
36011,train
59693,train
50003,train
67568,train
7144,train
59333,train
21098,train
59055,train
20240,train
65261,train
3859,train
34631,train
19500,train
7006,train
5384,train
56584,train
19870,train
69881,train
43790,train
10388,train
48161,train
10965,train
20708,train
10545,train
11216,train
3901,train
63294,train
68705,train
29685,train
13500,train
69377,train
6372,train
36877,train
52832,train
68148,train
66477,train
47865,train
43610,train
29247,train
49408,train
19634,train
59093,train
28802,train
57282,train
2003,train
37469,train
45164,train
42548,train
55255,train
846,train
54824,train
4250,train
57405,train
33534,train
51775,train
19606,train
64466,train
69119,train
27187,train
42599,train
25728,train
34900,train
16017,train
42577,train
36671,train
33800,train
34569,train
64348,train
33357,train
46282,train
67838,train
25493,train
45719,train
46486,train
52820,train
13009,train
26959,train
21056,train
49100,train
45048,train
48315,train
46254,train
23012,train
57855,train
23481,train
37188,train
16323,train
37164,train
29322,train
54576,train
49604,train
2632,train
28672,train
12406,train
3562,train
37287,train
27176,train
38985,train
13271,train
23387,train
44418,train
37284,train
47515,train
42338,train
5993,train
22791,train
21834,train
3786,train
26435,train
11146,train
38121,train
36598,train
19194,train
68373,train
20037,train
59342,train
11190,train
21443,train
5768,train
42881,train
54057,train
39224,train
43237,train
42239,train
42188,train
52130,train
18720,train
2454,train
63415,train
63051,train
22869,train
14718,train
21630,train
60225,train
52399,train
14892,train
10770,train
44875,train
3256,train
13816,train
68058,train
34202,train
40217,train
5927,train
975,train
9832,train
16975,train
66320,train
68284,train
59524,train
29962,train
24866,train
9006,train
60598,train
24140,train
16715,train
33193,train
12992,train
33048,train
2539,train
43397,train
70168,train
11608,train
63166,train
5866,train
20015,train
19979,train
38354,train
41641,train
39035,train
21271,train
14895,train
60469,train
53605,train
44960,train
42244,train
31965,train
68675,train
42774,train
5726,train
32244,train
35674,train
62579,train
24475,train
16332,train
2692,train
23466,train
14263,train
17431,train
15474,train
40434,train
7291,train
40054,train
65219,train
56692,train
29251,train
37457,train
3614,train
54335,train
46421,train
63936,train
13558,train
21281,train
39154,train
37253,train
42593,train
43448,train
58135,train
58032,train
53040,train
63289,train
49579,train
61178,train
37070,train
68711,train
28566,train
4594,train
38987,train
58166,train
14230,train
24624,train
67985,train
31331,train
59046,train
37801,train
7130,train
11235,train
49982,train
61367,train
9985,train
11719,train
60419,train
23376,train
14258,train
10855,train
31262,train
26114,train
61300,train
2800,train
53619,train
26875,train
27883,train
19960,train
18995,train
22042,train
23853,train
64018,train
58667,train
7929,train
36115,train
66247,train
32303,train
52809,train
69237,train
60003,train
38009,train
34043,train
11337,train
8108,train
47070,train
60800,train
63403,train
53178,train
51971,train
50348,train
38547,train
45907,train
15895,train
2105,train
26812,train
13011,train
70577,train
24084,train
58020,train
986,train
55959,train
976,train
70217,train
48163,train
12596,train
6444,train
48442,train
2451,train
62078,train
17701,train
54812,train
11575,train
33889,train
47944,train
1606,train
21068,train
54716,train
6656,train
60130,train
68703,train
32677,train
4989,train
28452,train
25208,train
21597,train
52158,train
53556,train
22525,train
33238,train
56122,train
29058,train
34968,train
62485,train
66080,train
47835,train
1328,train
15625,train
44176,train
66169,train
24255,train
27831,train
49465,train
14692,train
66010,train
2174,train
59315,train
23715,train
24761,train
14234,train
10864,train
56805,train
43224,train
38192,train
44665,train
22700,train
20875,train
44218,train
5003,train
6674,train
34605,train
7485,train
49118,train
146,train
56976,train
1122,train
3738,train
38325,train
58395,train
10175,train
4087,train
43599,train
25427,train
8620,train
33443,train
47029,train
41785,train
4813,train
60742,train
55868,train
59677,train
43506,train
42343,train
33147,train
17309,train
41936,train
65211,train
47407,train
11437,train
2104,train
6225,train
67474,train
44015,train
62327,train
67555,train
23160,train
69271,train
15590,train
399,train
62511,train
39860,train
35771,train
16288,train
61724,train
60964,train
17911,train
5864,train
67520,train
4430,train
50667,train
47614,train
34857,train
45330,train
18869,train
33826,train
10410,train
58108,train
44013,train
24283,train
54406,train
16378,train
9297,train
11450,train
32532,train
62093,train
68956,train
33562,train
51178,train
28279,train
39271,train
8550,train
14110,train
5243,train
43665,train
50737,train
36487,train
21496,train
59910,train
46838,train
11945,train
3422,train
19433,train
50540,train
6767,train
64326,train
35155,train
1709,train
30046,train
69680,train
40484,train
23170,train
11920,train
67431,train
42863,train
23018,train
42490,train
58581,train
32600,train
55536,train
24651,train
56988,train
18107,train
18339,train
64447,train
67960,train
40320,train
17119,train
59428,train
8334,train
52308,train
52864,train
57564,train
67397,train
4105,train
11621,train
28429,train
10135,train
49042,train
40387,train
52655,train
43695,train
61041,train
53658,train
48040,train
69761,train
38915,train
4569,train
13102,train
56554,train
2172,train
46520,train
69493,train
14835,train
17489,train
30742,train
54908,train
47415,train
26145,train
59777,train
52448,train
3212,train
19164,train
45987,train
42193,train
10120,train
33348,train
36006,train
4208,train
53034,train
55492,train
28227,train
25917,train
40192,train
31164,train
7708,train
16516,train
26074,train
48285,train
14182,train
57371,train
26234,train
28721,train
47391,train
52498,train
31972,train
54251,train
32022,train
13218,train
43498,train
57176,train
12184,train
18887,train
12591,train
5443,train
50531,train
58171,train
28831,train
35917,train
18790,train
38257,train
44890,train
19900,train
6988,train
27596,train
43157,train
26640,train
25220,train
63340,train
54584,train
5554,train
39188,train
19354,train
22452,train
18856,train
8229,train
17186,train
26699,train
69716,train
1045,train
48171,train
18470,train
35950,train
52321,train
51062,train
8591,train
59033,train
6633,train
65138,train
22455,train
9691,train
49099,train
63658,train
27055,train
17721,train
18205,train
34834,train
50169,train
41991,train
37400,train
59244,train
57200,train
34336,train
17095,train
27880,train
28211,train
70614,train
49131,train
59884,train
3270,train
40129,train
54708,train
16150,train
19159,train
20983,train
48113,train
30712,train
13821,train
14745,train
54671,train
42055,train
24621,train
38892,train
19916,train
14999,train
11322,train
49217,train
60612,train
9102,train
7433,train
22728,train
64124,train
63877,train
30464,train
51045,train
8257,train
46932,train
62394,train
55396,train
70480,train
65096,train
15344,train
30239,train
60217,train
20201,train
3232,train
65020,train
38709,train
31556,train
6462,train
33694,train
68484,train
60286,train
68685,train
28342,train
46309,train
53097,train
48982,train
51253,train
9256,train
67808,train
1940,train
59284,train
64267,train
18375,train
38198,train
22982,train
41898,train
60693,train
58999,train
10347,train
40119,train
56940,train
58289,train
973,train
30907,train
58495,train
46914,train
12057,train
69337,train
61636,train
51784,train
14996,train
40247,train
49296,train
5582,train
62669,train
12899,train
30052,train
47354,train
69984,train
36580,train
33906,train
3351,train
21860,train
23648,train
4853,train
40785,train
11472,train
12764,train
23258,train
53340,train
54085,train
65824,train
54738,train
56730,train
21484,train
2378,train
13107,train
49478,train
54399,train
8847,train
46028,train
3121,train
42204,train
11097,train
12216,train
60172,train
65699,train
3233,train
20521,train
63006,train
33458,train
16058,train
54551,train
46731,train
69026,train
62513,train
25961,train
41152,train
58960,train
16529,train
55573,train
28754,train
47868,train
65654,train
55321,train
7464,train
60670,train
52758,train
326,train
39300,train
18766,train
36024,train
2329,train
64428,train
12224,train
26407,train
45163,train
40896,train
69771,train
34057,train
165,train
5504,train
66032,train
43939,train
31122,train
68355,train
32374,train
18342,train
10872,train
35088,train
10426,train
54114,train
23876,train
70228,train
39663,train
35221,train
41722,train
38210,train
68669,train
39358,train
44060,train
11708,train
23491,train
46808,train
19677,train
16464,train
8426,train
29517,train
19945,train
10970,train
53196,train
14358,train
12012,train
5798,train
56433,train
69957,train
12461,train
2698,train
14563,train
5402,train
29500,train
60611,train
41554,train
36913,train
52110,train
46221,train
55218,train
55491,train
40781,train
68408,train
10043,train
70582,train
17583,train
52870,train
17439,train
27540,train
16510,train
40969,train
23909,train
5931,train
65937,train
39109,train
34275,train
27280,train
19864,train
62350,train
56641,train
34733,train
42229,train
59376,train
1544,train
56144,train
56087,train
52750,train
8832,train
15117,train
48226,train
35293,train
13296,train
5038,train
53576,train
24327,train
24164,train
18710,train
35252,train
4146,train
4350,train
12618,train
40984,train
35979,train
53512,train
3192,train
9760,train
51918,train
44123,train
13563,train
51517,train
38363,train
29468,train
25255,train
53806,train
645,train
23392,train
38204,train
33845,train
3896,train
27728,train
24922,train
40959,train
59240,train
61808,train
66935,train
59508,train
63770,train
33055,train
28113,train
13961,train
9529,train
17578,train
51380,train
15901,train
65743,train
51205,train
33833,train
10550,train
69058,train
16104,train
51956,train
35370,train
37198,train
35585,train
8740,train
57178,train
4521,train
19753,train
69181,train
47881,train
31534,train
17017,train
59959,train
62116,train
12716,train
56686,train
27400,train
5509,train
36583,train
10597,train
44221,train
36685,train
14391,train
37609,train
21974,train
35394,train
57463,train
27409,train
23983,train
15001,train
33152,train
28747,train
26245,train
8084,train
838,train
11643,train
21334,train
8341,train
69149,train
65165,train
14364,train
63930,train
12587,train
54753,train
65502,train
38829,train
49322,train
14264,train
41501,train
61879,train
5435,train
59944,train
4348,train
53897,train
62578,train
4204,train
31924,train
57646,train
30202,train
25168,train
48500,train
44551,train
46271,train
63197,train
32497,train
47334,train
60280,train
44397,train
3867,train
61191,train
58692,train
53582,train
43544,train
64300,train
10387,train
49028,train
45697,train
36314,train
38613,train
6930,train
9226,train
10919,train
40734,train
51967,train
67006,train
66118,train
30528,train
34796,train
36908,train
60958,train
851,train
9649,train
23178,train
13786,train
13751,train
26123,train
90,train
50315,train
39804,train
36287,train
55441,train
32565,train
54572,train
35218,train
19947,train
63963,train
749,train
1882,train
27538,train
49139,train
41072,train
53973,train
70298,train
16471,train
58097,train
62240,train
63263,train
14516,train
65043,train
14802,train
16467,train
67387,train
47749,train
11133,train
33869,train
34576,train
70295,train
42651,train
39291,train
69134,train
42947,train
42108,train
17052,train
18332,train
12725,train
30436,train
35667,train
35614,train
63956,train
45139,train
64091,train
12876,train
39123,train
5746,train
25796,train
57182,train
48962,train
12606,train
19761,train
47327,train
32016,train
68238,train
54052,train
7171,train
14605,train
19049,train
8737,train
10454,train
58988,train
44075,train
64969,train
50601,train
17290,train
33020,train
16924,train
26240,train
45984,train
6440,train
41824,train
36203,train
21828,train
8527,train
35374,train
48755,train
50027,train
67366,train
2881,train
69933,train
26880,train
67080,train
39012,train
21497,train
30552,train
70606,train
40201,train
9904,train
30434,train
13226,train
18388,train
5192,train
5200,train
30864,train
29051,train
7724,train
68157,train
63142,train
12234,train
62591,train
35714,train
28359,train
41228,train
19316,train
46511,train
39054,train
45023,train
34649,train
57244,train
6294,train
49940,train
45415,train
1097,train
60256,train
8688,train
52845,train
51111,train
25100,train
24908,train
55778,train
66333,train
9332,train
69051,train
39274,train
23859,train
47588,train
50723,train
53528,train
3982,train
34505,train
62725,train
68659,train
50892,train
34663,train
26471,train
10585,train
57103,train
66348,train
52303,train
70659,train
62723,train
35230,train
25337,train
38561,train
43406,train
56628,train
11955,train
29277,train
47106,train
5498,train
61162,train
56214,train
4299,train
24719,train
50416,train
48621,train
16061,train
48912,train
46611,train
21984,train
40641,train
49903,train
8340,train
22854,train
64832,train
7922,train
52695,train
31830,train
53890,train
50144,train
32283,train
42915,train
7766,train
4318,train
55179,train
14032,train
13023,train
19333,train
59996,train
17693,train
5368,train
54130,train
51067,train
66760,train
43358,train
38484,train
68120,train
3812,train
34473,train
14588,train
33708,train
41193,train
14434,train
37889,train
31583,train
46632,train
17323,train
18203,train
68004,train
28495,train
11359,train
63037,train
52266,train
31015,train
70337,train
25865,train
27434,train
17065,train
60799,train
63244,train
31787,train
22364,train
48744,train
3125,train
18176,train
10688,train
55024,train
3198,train
69955,train
22584,train
31187,train
43247,train
46953,train
4122,train
67027,train
24420,train
27278,train
64206,train
34933,train
6543,train
36372,train
6870,train
59441,train
30237,train
17092,train
29268,train
66233,train
8462,train
59426,train
36497,train
27312,train
37408,train
63018,train
12138,train
17430,train
23928,train
38242,train
40027,train
66757,train
68045,train
58200,train
52429,train
37384,train
46828,train
58458,train
24153,train
147,train
51476,train
59990,train
39955,train
13726,train
70417,train
4085,train
51076,train
25524,train
26560,train
67045,train
56657,train
27844,train
34430,train
13607,train
15321,train
40086,train
2117,train
14808,train
58163,train
12200,train
44796,train
40224,train
24400,train
43273,train
38972,train
51463,train
43796,train
43326,train
48871,train
35329,train
52293,train
51461,train
44012,train
8844,train
2379,train
53538,train
20316,train
13693,train
40562,train
33090,train
22897,train
8969,train
1542,train
34669,train
39283,train
60751,train
19359,train
59530,train
48651,train
18459,train
69454,train
69838,train
32237,train
935,train
62623,train
23542,train
45103,train
7605,train
7797,train
15206,train
34108,train
23822,train
14857,train
18013,train
55464,train
54157,train
59269,train
57110,train
94,train
13398,train
61806,train
1779,train
3679,train
20023,train
20451,train
16947,train
51602,train
35708,train
9327,train
4799,train
57515,train
7970,train
57759,train
1271,train
60426,train
46813,train
43300,train
52909,train
53152,train
8654,train
29543,train
6644,train
62649,train
58003,train
4427,train
7367,train
46027,train
2356,train
22202,train
56832,train
11892,train
56083,train
11498,train
2280,train
42251,train
32560,train
3068,train
63815,train
6514,train
38727,train
66334,train
11649,train
4176,train
68390,train
59720,train
18390,train
59569,train
30258,train
35012,train
67413,train
1253,train
56973,train
33891,train
52149,train
27969,train
56645,train
64962,train
2232,train
44248,train
25050,train
13575,train
59265,train
59760,train
11236,train
422,train
8693,train
32726,train
52027,train
26210,train
3175,train
360,train
15405,train
62977,train
38426,train
14742,train
17109,train
18930,train
43452,train
50681,train
3633,train
70242,train
13469,train
27860,train
55537,train
59602,train
41550,train
31016,train
1844,train
9814,train
28311,train
38082,train
25844,train
8176,train
22531,train
15240,train
59087,train
42842,train
67381,train
33598,train
65311,train
22197,train
17376,train
46298,train
13124,train
4774,train
567,train
5374,train
52594,train
62455,train
45712,train
31403,train
51974,train
16455,train
6976,train
29913,train
14810,train
51,train
65193,train
11225,train
8314,train
4532,train
37030,train
67273,train
761,train
47948,train
28786,train
5410,train
32912,train
44080,train
44715,train
34727,train
57675,train
61776,train
26097,train
41208,train
5577,train
62001,train
4047,train
25409,train
46496,train
9958,train
25190,train
65652,train
1589,train
14896,train
49378,train
64599,train
25111,train
60774,train
46593,train
53621,train
54714,train
21450,train
25174,train
55292,train
41967,train
53193,train
13232,train
12162,train
54060,train
46417,train
54589,train
49781,train
46171,train
41615,train
36354,train
24974,train
11585,train
68778,train
9274,train
53974,train
37211,train
48852,train
51982,train
48025,train
35159,train
52875,train
36661,train
17761,train
13564,train
69257,train
46843,train
36582,train
42432,train
61821,train
5996,train
31441,train
8932,train
33083,train
54530,train
51470,train
8872,train
58504,train
46485,train
13857,train
35960,train
61756,train
25315,train
28928,train
22108,train
36097,train
54564,train
46234,train
32709,train
51329,train
35604,train
33943,train
663,train
11824,train
52323,train
63777,train
27226,train
57077,train
32036,train
41996,train
21116,train
39701,train
37431,train
11492,train
38767,train
22516,train
10335,train
51131,train
29483,train
38571,train
6436,train
26303,train
53819,train
22799,train
20758,train
56056,train
67237,train
21023,train
13384,train
4820,train
58823,train
35354,train
31907,train
43411,train
46443,train
37108,train
60689,train
41757,train
44699,train
45154,train
63836,train
62826,train
45903,train
30004,train
42461,train
56968,train
19339,train
39994,train
56058,train
51776,train
57802,train
60705,train
52412,train
4180,train
65344,train
7054,train
26977,train
42133,train
3796,train
49681,train
56333,train
60573,train
352,train
37199,train
33339,train
28716,train
56741,train
52950,train
13852,train
63643,train
70407,train
17178,train
12644,train
13134,train
38130,train
66672,train
69538,train
25613,train
43357,train
67035,train
50260,train
49009,train
64287,train
57224,train
44419,train
61470,train
67448,train
51304,train
64687,train
57974,train
64501,train
53826,train
20362,train
8117,train
16460,train
17822,train
13572,train
56690,train
50778,train
5141,train
4284,train
5881,train
3802,train
65400,train
57087,train
65369,train
34472,train
15748,train
2736,train
8530,train
7154,train
59850,train
11324,train
70370,train
52997,train
13409,train
12948,train
11506,train
30963,train
12275,train
17069,train
27954,train
36184,train
9136,train
62608,train
43185,train
17960,train
10823,train
46631,train
23084,train
32130,train
58733,train
25398,train
8009,train
34299,train
15908,train
59743,train
10767,train
17007,train
21461,train
46866,train
34573,train
53452,train
49614,train
43151,train
44332,train
30498,train
50136,train
32043,train
50089,train
16106,train
23932,train
49386,train
57579,train
49881,train
4622,train
49458,train
40739,train
11856,train
58023,train
18072,train
11844,train
42067,train
37018,train
13884,train
50371,train
21561,train
50322,train
54757,train
15505,train
22673,train
47508,train
15305,train
10749,train
44713,train
10804,train
26209,train
1053,train
42313,train
47342,train
29705,train
34903,train
42932,train
65104,train
29433,train
64562,train
46846,train
48051,train
66303,train
17649,train
20270,train
46702,train
46507,train
46641,train
15122,train
58526,train
44069,train
66881,train
39097,train
13538,train
70089,train
8729,train
27339,train
61617,train
21835,train
5376,train
19190,train
36818,train
12069,train
38146,train
618,train
35643,train
60828,train
42936,train
54358,train
66895,train
6933,train
60590,train
50754,train
19803,train
15135,train
51024,train
22450,train
2444,train
65631,train
41268,train
53695,train
23410,train
23740,train
6838,train
70267,train
44115,train
47947,train
44256,train
45696,train
27151,train
22996,train
41490,train
12447,train
70464,train
52523,train
70580,train
35546,train
60676,train
17345,train
10635,train
20693,train
57093,train
6540,train
60897,train
52920,train
32762,train
28417,train
11106,train
2730,train
18007,train
64331,train
56428,train
29602,train
34300,train
47946,train
37827,train
11067,train
48543,train
59258,train
21167,train
61166,train
44662,train
19651,train
55958,train
58698,train
68257,train
57349,train
59171,train
59501,train
57468,train
39413,train
64677,train
24312,train
31265,train
34546,train
61378,train
3064,train
9399,train
21797,train
25028,train
15757,train
553,train
4426,train
12710,train
25551,train
24984,train
63887,train
19174,train
825,train
18748,train
51592,train
22368,train
6428,train
61008,train
38474,train
30355,train
25915,train
32205,train
45852,train
9615,train
37472,train
44263,train
32080,train
25254,train
18826,train
32156,train
64739,train
10038,train
46744,train
3450,train
55332,train
29358,train
68248,train
5137,train
52806,train
26088,train
43621,train
10198,train
33676,train
9771,train
12892,train
1978,train
17183,train
47408,train
23534,train
22012,train
14827,train
57031,train
10676,train
68130,train
26402,train
55177,train
8372,train
13661,train
57818,train
57391,train
24782,train
60266,train
56488,train
3377,train
21423,train
49061,train
54302,train
12193,train
11889,train
26632,train
58883,train
39681,train
7173,train
58434,train
7945,train
1533,train
34828,train
62892,train
9804,train
64190,train
45588,train
41121,train
29402,train
46194,train
10627,train
28262,train
10214,train
46198,train
32314,train
57288,train
18273,train
38041,train
66505,train
52136,train
36626,train
10304,train
7819,train
64537,train
56421,train
24171,train
46051,train
12863,train
15382,train
9766,train
56896,train
37834,train
60672,train
7097,train
61619,train
17992,train
66254,train
60182,train
11966,train
9901,train
12813,train
1388,train
52026,train
40425,train
55371,train
68199,train
20292,train
69359,train
20538,train
57903,train
5604,train
54014,train
22051,train
40655,train
42016,train
31249,train
48760,train
30662,train
43100,train
33934,train
19202,train
28515,train
60777,train
11978,train
14575,train
46177,train
63698,train
33094,train
67597,train
31749,train
65370,train
11989,train
63345,train
36852,train
7857,train
26608,train
53961,train
26503,train
26062,train
6334,train
39573,train
69606,train
33024,train
39528,train
25907,train
22985,train
29898,train
27198,train
31507,train
55169,train
6443,train
52195,train
59296,train
1514,train
778,train
27592,train
11423,train
29217,train
47286,train
55313,train
56007,train
41990,train
17917,train
49712,train
21293,train
47422,train
16645,train
20086,train
48281,train
56867,train
35438,train
16125,train
15372,train
50846,train
60650,train
37541,train
18621,train
63219,train
64101,train
31912,train
4611,train
39253,train
7718,train
42450,train
16544,train
24570,train
69801,train
43528,train
49463,train
36165,train
14570,train
27845,train
13787,train
15800,train
5367,train
15200,train
51693,train
70015,train
39182,train
70286,train
70443,train
50265,train
65812,train
41768,train
64366,train
40649,train
12803,train
38552,train
55976,train
43851,train
30014,train
63336,train
24743,train
41571,train
32171,train
39499,train
20735,train
9841,train
19798,train
42643,train
9373,train
13594,train
23614,train
25006,train
8646,train
19481,train
33172,train
46559,train
64910,train
21567,train
42555,train
59785,train
66792,train
36874,train
50562,train
35488,train
37853,train
45390,train
5275,train
46544,train
40662,train
67839,train
49992,train
32192,train
53539,train
20423,train
63257,train
63132,train
35490,train
55850,train
13194,train
10369,train
17850,train
6288,train
64421,train
39792,train
35840,train
16443,train
21946,train
31805,train
45517,train
22717,train
9099,train
17875,train
20855,train
32333,train
49827,train
26767,train
58776,train
25726,train
2608,train
39307,train
6312,train
40907,train
53500,train
50968,train
2481,train
55476,train
53004,train
67800,train
32144,train
43652,train
53792,train
7852,train
69523,train
53855,train
34126,train
70641,train
6178,train
4345,train
62190,train
19317,train
16550,train
27944,train
28642,train
38477,train
64516,train
55159,train
2422,train
15532,train
44334,train
8010,train
32570,train
41964,train
50342,train
26427,train
51382,train
48259,train
29418,train
40357,train
29134,train
26665,train
9094,train
6526,train
32909,train
840,train
34319,train
16056,train
6595,train
67891,train
64680,train
56389,train
51736,train
45665,train
46175,train
51003,train
24282,train
57425,train
27170,train
57342,train
19215,train
61512,train
39206,train
8808,train
54453,train
34366,train
65390,train
18863,train
25115,train
59478,train
42535,train
51038,train
58170,train
17212,train
55901,train
1842,train
56424,train
14288,train
9308,train
30220,train
43508,train
63239,train
63004,train
55659,train
68514,train
44290,train
24437,train
45160,train
39323,train
46667,train
43649,train
56604,train
49543,train
19534,train
34800,train
47113,train
51185,train
44179,train
45221,train
16512,train
19772,train
44318,train
21966,train
36815,train
10612,train
16344,train
25374,train
25734,train
27186,train
56316,train
55823,train
19095,train
18366,train
53094,train
56931,train
47810,train
59198,train
54096,train
15315,train
56232,train
17844,train
25214,train
13847,train
56306,train
63672,train
50784,train
17091,train
4143,train
48494,train
55383,train
57107,train
43975,train
68283,train
14969,train
53861,train
18265,train
48670,train
23575,train
61502,train
9914,train
12990,train
51362,train
63789,train
8478,train
23303,train
51733,train
22404,train
58668,train
59816,train
16757,train
37429,train
25344,train
8433,train
4286,train
433,train
12059,train
57358,train
12719,train
15208,train
30991,train
48361,train
57091,train
6616,train
67956,train
64042,train
44910,train
54786,train
61334,train
51241,train
69234,train
67121,train
8142,train
34217,train
20863,train
16611,train
59129,train
4724,train
45315,train
52675,train
54360,train
3347,train
9599,train
43808,train
46553,train
23798,train
62054,train
21427,train
15433,train
16523,train
47036,train
29818,train
4172,train
53963,train
68875,train
21751,train
20784,train
13175,train
8212,train
40764,train
66898,train
11681,train
36085,train
39065,train
62037,train
3423,train
14243,train
65239,train
12963,train
46371,train
53168,train
64728,train
42896,train
70173,train
4282,train
47401,train
62572,train
42722,train
62220,train
43318,train
60415,train
37673,train
69451,train
16711,train
58612,train
18094,train
63419,train
4697,train
6229,train
45635,train
63972,train
25163,train
54840,train
14349,train
60367,train
47262,train
32639,train
18000,train
67379,train
38659,train
32898,train
30013,train
68797,train
67537,train
68679,train
27884,train
24901,train
22936,train
41491,train
18737,train
21390,train
54686,train
18018,train
50811,train
30628,train
5790,train
40204,train
50273,train
31421,train
37474,train
38879,train
58654,train
41179,train
20254,train
18071,train
36007,train
63224,train
17724,train
47968,train
43410,train
21876,train
66257,train
22506,train
9725,train
17252,train
25545,train
54044,train
34971,train
3484,train
42997,train
1455,train
60631,train
13168,train
22028,train
6740,train
48394,train
51186,train
4394,train
61364,train
57019,train
46926,train
21517,train
31886,train
26143,train
6500,train
37616,train
44588,train
11657,train
28634,train
58349,train
7824,train
33112,train
52780,train
7705,train
63342,train
37031,train
36180,train
6484,train
39411,train
22299,train
42486,train
58356,train
60180,train
8663,train
45989,train
160,train
55708,train
49914,train
54818,train
42777,train
34101,train
10523,train
52981,train
3667,train
27810,train
70521,train
3551,train
68360,train
56759,train
9611,train
8107,train
23063,train
36721,train
70101,train
51164,train
44950,train
55943,train
37784,train
53932,train
6034,train
50321,train
43235,train
57964,train
60040,train
40720,train
44774,train
51579,train
4165,train
22874,train
11795,train
60589,train
43638,train
24146,train
41691,train
59590,train
2161,train
53622,train
9480,train
4753,train
8985,train
48505,train
44753,train
68947,train
42588,train
23151,train
47672,train
3497,train
33296,train
60109,train
34077,train
11696,train
24777,train
31890,train
15268,train
69172,train
38492,train
33922,train
48217,train
57792,train
63517,train
60768,train
68141,train
46219,train
12273,train
10152,train
57317,train
26973,train
20922,train
55372,train
23568,train
16335,train
31220,train
53713,train
3137,train
48845,train
58188,train
41536,train
37972,train
54848,train
61802,train
69076,train
58235,train
37856,train
37996,train
66942,train
10085,train
37279,train
29423,train
2047,train
15736,train
38222,train
14678,train
35231,train
51588,train
2083,train
28023,train
16263,train
68254,train
66337,train
45250,train
11756,train
37619,train
9674,train
34959,train
10035,train
18844,train
21224,train
16009,train
4725,train
67654,train
63656,train
35489,train
36113,train
46810,train
48732,train
39367,train
10671,train
60869,train
26624,train
27343,train
24560,train
5247,train
7253,train
53507,train
44398,train
58047,train
5826,train
56089,train
37577,train
26785,train
37695,train
30213,train
22844,train
37683,train
57587,train
11319,train
53333,train
52746,train
50341,train
39954,train
37218,train
36454,train
68329,train
66857,train
47009,train
15876,train
53000,train
54516,train
20167,train
15471,train
22321,train
53091,train
20293,train
66710,train
34095,train
44855,train
37442,train
30626,train
66827,train
65205,train
52983,train
63703,train
51760,train
25602,train
69743,train
54422,train
12003,train
14378,train
31468,train
31119,train
13256,train
42710,train
55895,train
27052,train
53766,train
16982,train
15070,train
45620,train
58898,train
59573,train
68159,train
42135,train
39903,train
45695,train
2803,train
9304,train
6993,train
5802,train
30906,train
61733,train
26954,train
8947,train
25800,train
33971,train
8704,train
44730,train
56977,train
8776,train
30577,train
32613,train
65871,train
3065,train
31033,train
53815,train
15535,train
8281,train
35238,train
39664,train
14292,train
38353,train
39672,train
48762,train
39108,train
1933,train
68880,train
39205,train
46469,train
18550,train
15004,train
41825,train
59484,train
39662,train
36600,train
25444,train
57017,train
36054,train
55736,train
16284,train
67107,train
37534,train
25320,train
5712,train
48061,train
7734,train
41050,train
36015,train
1722,train
56525,train
29944,train
43374,train
176,train
25706,train
54022,train
25281,train
36788,train
33365,train
17141,train
40792,train
51274,train
8304,train
70603,train
44324,train
14990,train
22814,train
27849,train
10590,train
10239,train
46033,train
60597,train
41549,train
53548,train
2247,train
54807,train
25892,train
11822,train
57937,train
60440,train
34201,train
57574,train
11059,train
43055,train
43880,train
33827,train
52014,train
32279,train
1908,train
65517,train
32312,train
13462,train
68896,train
49761,train
22167,train
4803,train
54155,train
23624,train
14347,train
48663,train
62365,train
44095,train
19132,train
36524,train
39766,train
9795,train
7029,train
49222,train
36711,train
62849,train
11157,train
38700,train
24097,train
14833,train
23344,train
12661,train
43412,train
16198,train
42250,train
69449,train
11305,train
18568,train
28120,train
70,train
22522,train
28736,train
55732,train
32874,train
45736,train
33487,train
49559,train
12264,train
24091,train
69552,train
58700,train
41502,train
3163,train
32930,train
12865,train
69712,train
33029,train
1481,train
21862,train
48240,train
9695,train
7061,train
67729,train
67262,train
26250,train
15098,train
36879,train
56919,train
51305,train
53827,train
3628,train
64897,train
20802,train
59893,train
60716,train
23363,train
62776,train
8393,train
25194,train
39604,train
44475,train
35172,train
4222,train
46540,train
2142,train
2279,train
59409,train
28421,train
26018,train
81,train
60436,train
23545,train
39737,train
17455,train
10058,train
32530,train
45442,train
8260,train
36589,train
62741,train
38393,train
45432,train
42327,train
50753,train
30591,train
53837,train
20417,train
55012,train
35683,train
67778,train
32867,train
27015,train
20717,train
22409,train
42080,train
54378,train
3773,train
47800,train
33393,train
31747,train
23489,train
26182,train
60745,train
11548,train
38148,train
53133,train
38095,train
30883,train
29893,train
29161,train
21919,train
15175,train
52854,train
2897,train
67889,train
45947,train
42388,train
25196,train
34344,train
4735,train
40314,train
47532,train
27288,train
35862,train
56520,train
66094,train
41797,train
70550,train
68081,train
3547,train
58368,train
3429,train
22540,train
29211,train
8306,train
42357,train
61686,train
29545,train
40975,train
54492,train
26940,train
53388,train
7384,train
62527,train
2789,train
10497,train
42001,train
6986,train
27330,train
60438,train
19920,train
33349,train
13825,train
9424,train
54377,train
17501,train
43515,train
25720,train
12262,train
32231,train
35959,train
58859,train
41374,train
56538,train
32258,train
1746,train
22595,train
52188,train
51303,train
40943,train
59547,train
63460,train
35577,train
54268,train
12412,train
31451,train
38796,train
45569,train
41124,train
15281,train
4300,train
27046,train
32842,train
20585,train
9916,train
51762,train
1771,train
61366,train
42735,train
31398,train
20122,train
57467,train
28746,train
70469,train
47027,train
38579,train
21515,train
66070,train
20757,train
38745,train
8066,train
65553,train
34899,train
16726,train
46821,train
32501,train
36724,train
42822,train
34358,train
41934,train
23603,train
47964,train
12732,train
58345,train
15083,train
58947,train
10333,train
57141,train
39677,train
8333,train
35326,train
30204,train
31881,train
45355,train
3389,train
65111,train
43252,train
53603,train
59138,train
60191,train
56256,train
21942,train
53457,train
1788,train
31268,train
54987,train
38651,train
17034,train
9082,train
54998,train
65440,train
5424,train
51539,train
44821,train
6175,train
68766,train
42563,train
3658,train
9287,train
15104,train
14775,train
12258,train
38854,train
40519,train
47907,train
8568,train
52914,train
31801,train
18852,train
19988,train
4227,train
7651,train
159,train
24508,train
53435,train
39237,train
50189,train
9354,train
61462,train
50561,train
34872,train
7904,train
5378,train
63988,train
34799,train
54820,train
13063,train
56219,train
42583,train
44980,train
64768,train
68708,train
13428,train
42447,train
56311,train
16230,train
59889,train
15174,train
15146,train
54437,train
55871,train
17402,train
5607,train
59844,train
23699,train
1452,train
70305,train
26189,train
27856,train
39705,train
30850,train
49409,train
751,train
6202,train
18855,train
15222,train
48591,train
23767,train
38996,train
19745,train
58090,train
19705,train
22544,train
5580,train
37129,train
30049,train
1608,train
53402,train
65912,train
56,train
65007,train
42413,train
20291,train
31414,train
21519,train
38867,train
68559,train
60268,train
30921,train
25952,train
56470,train
54273,train
55010,train
32537,train
43497,train
27488,train
11253,train
52732,train
63210,train
9350,train
10734,train
12486,train
45908,train
40837,train
56360,train
30932,train
58908,train
30033,train
12471,train
19185,train
8279,train
22070,train
39184,train
21609,train
50833,train
48853,train
7975,train
54783,train
36640,train
46881,train
49684,train
10415,train
11393,train
40170,train
21527,train
41781,train
62708,train
45882,train
66615,train
59416,train
60755,train
48280,train
22855,train
16672,train
52392,train
30701,train
30449,train
48408,train
1476,train
66845,train
3317,train
49219,train
23629,train
46663,train
18109,train
1411,train
32097,train
30295,train
25429,train
21680,train
6650,train
49980,train
31625,train
27532,train
49074,train
58263,train
67477,train
51355,train
3942,train
31537,train
58964,train
56998,train
24395,train
6829,train
21712,train
34034,train
25451,train
33770,train
12237,train
3957,train
36428,train
6541,train
18779,train
63401,train
9770,train
16889,train
66521,train
29844,train
50721,train
66746,train
21089,train
25279,train
50644,train
22622,train
34416,train
26626,train
39269,train
64050,train
32293,train
4700,train
61102,train
45982,train
38925,train
38307,train
33145,train
62469,train
69622,train
1856,train
45265,train
26191,train
7184,train
40057,train
26703,train
29177,train
37299,train
13294,train
63456,train
54153,train
27039,train
32555,train
22582,train
37556,train
44347,train
41798,train
33587,train
19058,train
4606,train
50962,train
55882,train
24928,train
60160,train
65080,train
8724,train
47351,train
29409,train
10862,train
8269,train
46646,train
13870,train
64908,train
70350,train
34541,train
23488,train
55147,train
67028,train
70473,train
60827,train
2984,train
42716,train
69673,train
36937,train
36194,train
11145,train
29437,train
50309,train
24447,train
11055,train
8316,train
12239,train
54731,train
14647,train
41267,train
27118,train
20915,train
6532,train
58756,train
40250,train
13882,train
20624,train
67713,train
24899,train
5045,train
48427,train
15291,train
43362,train
36278,train
25992,train
10971,train
9193,train
19300,train
3089,train
62372,train
61695,train
10400,train
57650,train
64812,train
48643,train
37769,train
2095,train
52262,train
63851,train
1817,train
43948,train
5793,train
8849,train
6384,train
40486,train
69515,train
54364,train
20272,train
56317,train
63181,train
11179,train
49856,train
16750,train
44389,train
1035,train
41939,train
53345,train
7386,train
3449,train
43450,train
1299,train
13739,train
16948,train
42044,train
31061,train
16658,train
28691,train
36055,train
30188,train
36043,train
52004,train
32621,train
34361,train
35355,train
3009,train
51444,train
64816,train
41838,train
45794,train
59377,train
36861,train
36834,train
43042,train
24764,train
18489,train
11425,train
36154,train
44402,train
50086,train
55384,train
2180,train
53928,train
28034,train
35082,train
3244,train
65831,train
20365,train
35589,train
30927,train
13431,train
9463,train
41300,train
32432,train
34922,train
11379,train
6455,train
12654,train
2127,train
18225,train
66317,train
20078,train
5557,train
20137,train
58247,train
50748,train
22527,train
40378,train
48153,train
10528,train
29035,train
27109,train
43496,train
68151,train
60847,train
14518,train
23608,train
34093,train
62403,train
34,train
59804,train
25367,train
48793,train
287,train
28388,train
57412,train
52640,train
3619,train
23239,train
25189,train
47371,train
57891,train
21439,train
6608,train
44761,train
29073,train
13950,train
20788,train
14934,train
30124,train
54059,train
34455,train
21618,train
63041,train
12801,train
57408,train
25746,train
49505,train
60370,train
12072,train
1342,train
62254,train
58445,train
38563,train
31285,train
37320,train
33395,train
63026,train
32880,train
30764,train
23925,train
16802,train
30221,train
58624,train
29030,train
54741,train
49775,train
27555,train
8777,train
45808,train
67790,train
53442,train
8470,train
36417,train
37792,train
48951,train
4027,train
69578,train
58190,train
57361,train
33224,train
28931,train
23468,train
22327,train
46305,train
18274,train
38667,train
9358,train
40730,train
69014,train
25238,train
8466,train
29984,train
28669,train
3224,train
46902,train
63525,train
1718,train
59011,train
29778,train
28686,train
50999,train
66534,train
67766,train
3303,train
7613,train
37569,train
47396,train
34340,train
17615,train
44594,train
713,train
48193,train
15452,train
38451,train
20126,train
13332,train
14972,train
37984,train
16228,train
56655,train
49076,train
30854,train
35362,train
55702,train
50927,train
29995,train
35124,train
4296,train
42904,train
54193,train
64617,train
9616,train
10808,train
47040,train
47091,train
8074,train
33303,train
32855,train
62069,train
33776,train
35245,train
2426,train
54727,train
44954,train
43327,train
45888,train
55559,train
37067,train
42673,train
55201,train
38914,train
19061,train
48236,train
49801,train
30065,train
27770,train
7369,train
25908,train
26420,train
45916,train
66183,train
51287,train
61634,train
26916,train
29921,train
47713,train
64292,train
50450,train
19517,train
55515,train
18639,train
31841,train
22885,train
3311,train
6482,train
60815,train
16753,train
65851,train
3182,train
33271,train
66771,train
52782,train
55023,train
67764,train
27789,train
55926,train
50046,train
6359,train
23218,train
8190,train
68274,train
51855,train
27229,train
38529,train
35964,train
30080,train
59006,train
70176,train
16124,train
8135,train
60197,train
820,train
31494,train
47157,train
46202,train
51966,train
25373,train
39112,train
17574,train
42071,train
56103,train
48304,train
27942,train
27016,train
45677,train
56537,train
45269,train
47101,train
10782,train
15012,train
2023,train
10921,train
13473,train
14020,train
417,train
70214,train
2064,train
29518,train
3874,train
45676,train
64542,train
22988,train
24215,train
34784,train
19388,train
69701,train
43014,train
9643,train
27627,train
59966,train
8501,train
65349,train
24906,train
67198,train
42683,train
68861,train
44137,train
60808,train
45762,train
57534,train
34411,train
59220,train
37234,train
4343,train
54160,train
9058,train
64620,train
46837,train
19625,train
18486,train
64153,train
49456,train
27079,train
15659,train
30972,train
26882,train
62424,train
25561,train
916,train
66837,train
62102,train
44891,train
47994,train
22991,train
9001,train
31206,train
6296,train
13539,train
62879,train
37599,train
8948,train
166,train
56469,train
9330,train
63096,train
1144,train
24065,train
25976,train
24383,train
1594,train
34329,train
45521,train
50281,train
67966,train
66116,train
24329,train
50249,train
24203,train
34080,train
57038,train
43113,train
62709,train
61248,train
19637,train
51490,train
50751,train
41912,train
63962,train
37743,train
5899,train
16858,train
54206,train
27711,train
47571,train
47123,train
8996,train
63395,train
41921,train
15110,train
40788,train
57908,train
60550,train
10658,train
67623,train
7267,train
26857,train
24167,train
33721,train
3514,train
57417,train
18693,train
54274,train
56635,train
39871,train
68634,train
23366,train
68821,train
21001,train
10624,train
36564,train
50633,train
27965,train
30309,train
39082,train
59312,train
24740,train
67626,train
56184,train
4528,train
47955,train
26385,train
4020,train
13590,train
45740,train
15329,train
70154,train
41698,train
21291,train
59580,train
68684,train
20273,train
8235,train
25144,train
22180,train
25290,train
23391,train
50078,train
40643,train
40141,train
25574,train
37504,train
16354,train
22323,train
4906,train
65305,train
37135,train
39374,train
11451,train
27010,train
57956,train
27543,train
49700,train
56975,train
47953,train
56927,train
29327,train
48238,train
34671,train
84,train
40697,train
67769,train
70537,train
9185,train
49059,train
23690,train
70544,train
13204,train
57325,train
63969,train
54124,train
20789,train
2400,train
62343,train
27295,train
40799,train
40808,train
34013,train
54502,train
5450,train
51989,train
31030,train
30375,train
43859,train
15236,train
18818,train
2408,train
47127,train
1720,train
52570,train
54159,train
17240,train
9067,train
45212,train
16264,train
28233,train
56459,train
10266,train
1884,train
37464,train
26344,train
62342,train
13376,train
20519,train
25350,train
12961,train
49733,train
54637,train
56614,train
48053,train
29432,train
67115,train
6632,train
31288,train
49521,train
53520,train
60595,train
52511,train
11710,train
32581,train
27496,train
45508,train
50364,train
17789,train
49533,train
587,train
42047,train
23709,train
13141,train
31244,train
25038,train
58062,train
55738,train
18861,train
48089,train
16237,train
9128,train
4137,train
55905,train
40550,train
53082,train
11127,train
32490,train
28428,train
56259,train
59156,train
10628,train
39646,train
5467,train
35867,train
27146,train
23271,train
57313,train
39622,train
62156,train
28574,train
49205,train
31825,train
59251,train
20982,train
19972,train
40464,train
3623,train
39314,train
11524,train
12436,train
654,train
4458,train
45317,train
44770,train
49605,train
58482,train
60652,train
4887,train
44846,train
49242,train
15459,train
34928,train
1724,train
47879,train
18035,train
37042,train
26111,train
26831,train
7873,train
10877,train
3014,train
47931,train
24380,train
30075,train
32359,train
27482,train
33882,train
698,train
9267,train
7876,train
41384,train
52421,train
61574,train
28308,train
27367,train
18488,train
68687,train
3932,train
15293,train
13754,train
46476,train
37238,train
20658,train
48290,train
5907,train
2821,train
24932,train
61118,train
45448,train
52634,train
25393,train
61091,train
54620,train
59460,train
11820,train
29621,train
38181,train
2960,train
68992,train
29631,train
29224,train
8399,train
30079,train
66061,train
26676,train
20096,train
45942,train
69135,train
66983,train
55192,train
50955,train
8702,train
52384,train
53149,train
5060,train
5388,train
38216,train
68005,train
13447,train
39591,train
37710,train
49789,train
44527,train
70388,train
66407,train
13938,train
60750,train
6,train
31497,train
42088,train
10246,train
34282,train
32371,train
35850,train
5944,train
20854,train
32649,train
14477,train
42880,train
58429,train
61869,train
21545,train
14435,train
4382,train
68375,train
17226,train
25813,train
59948,train
10994,train
37782,train
45632,train
6873,train
14912,train
41381,train
54169,train
42571,train
34529,train
44999,train
9073,train
64114,train
12103,train
44663,train
32154,train
16317,train
40619,train
23721,train
16358,train
42676,train
17704,train
70679,train
15325,train
50083,train
29858,train
40080,train
18443,train
1893,train
4483,train
24815,train
37396,train
35312,train
62851,train
30727,train
48675,train
44871,train
50070,train
20874,train
70303,train
2726,train
55113,train
67228,train
44934,train
63144,train
51092,train
57291,train
16526,train
34860,train
14277,train
37606,train
60713,train
50188,train
3961,train
52891,train
14860,train
17307,train
28629,train
26430,train
60817,train
10630,train
37909,train
66264,train
51677,train
30358,train
3354,train
69217,train
25033,train
25552,train
22274,train
4173,train
22483,train
45284,train
23823,train
41943,train
47502,train
11727,train
36488,train
65322,train
18088,train
18296,train
66004,train
51191,train
42468,train
50493,train
16414,train
15811,train
10189,train
50993,train
16349,train
19865,train
64477,train
50687,train
3933,train
57434,train
46935,train
24784,train
56293,train
55865,train
1465,train
59452,train
54420,train
29262,train
22944,train
35728,train
26783,train
38995,train
21753,train
23008,train
48638,train
44360,train
14344,train
3109,train
59091,train
50535,train
22828,train
67393,train
45441,train
34894,train
15319,train
18350,train
45791,train
3651,train
3563,train
47054,train
7188,train
11044,train
44496,train
601,train
42433,train
21936,train
16971,train
30759,train
27133,train
54244,train
22414,train
2962,train
45268,train
66621,train
37611,train
27260,train
24307,train
16896,train
1072,train
11389,train
64431,train
14622,train
40930,train
49569,train
16991,train
49192,train
35518,train
26641,train
42978,train
46151,train
36760,train
7363,train
22757,train
27191,train
39067,train
47250,train
2068,train
1520,train
22026,train
20163,train
6562,train
156,train
5775,train
8327,train
54793,train
66579,train
26718,train
44546,train
64577,train
43798,train
25540,train
67050,train
57323,train
2200,train
68545,train
17466,train
29112,train
18808,train
43368,train
12941,train
1416,train
1454,train
20401,train
36957,train
38874,train
29901,train
46705,train
55142,train
35114,train
44625,train
33120,train
56252,train
5074,train
2963,train
59843,train
3707,train
17892,train
34908,train
53039,train
43334,train
39558,train
46225,train
13383,train
11198,train
40066,train
6823,train
162,train
52251,train
56482,train
68749,train
52582,train
4940,train
39977,train
29886,train
1610,train
8044,train
66288,train
70085,train
35602,train
1251,train
29966,train
21873,train
1467,train
6210,train
15739,train
39448,train
65933,train
12381,train
11760,train
20483,train
25117,train
9448,train
39873,train
66148,train
49354,train
33791,train
51282,train
59723,train
9213,train
47356,train
23677,train
67589,train
42781,train
54880,train
29393,train
57111,train
4403,train
49471,train
31628,train
13911,train
53670,train
63107,train
33322,train
18644,train
65124,train
49935,train
12235,train
31360,train
68172,train
4417,train
11662,train
36370,train
38578,train
46327,train
42620,train
49572,train
49750,train
2911,train
24988,train
10202,train
42137,train
47158,train
19367,train
23623,train
17642,train
66298,train
58390,train
68785,train
35289,train
32910,train
46477,train
39436,train
25378,train
31041,train
8265,train
56705,train
43183,train
24858,train
8963,train
23645,train
48342,train
42709,train
1132,train
60008,train
48835,train
30282,train
2125,train
33711,train
23158,train
68378,train
32031,train
16869,train
39609,train
11990,train
32655,train
1928,train
6821,train
64192,train
2987,train
58383,train
26127,train
24351,train
66511,train
59476,train
29184,train
30618,train
39302,train
746,train
31086,train
34880,train
59063,train
32415,train
35120,train
53672,train
50390,train
48230,train
38802,train
5398,train
1185,train
65835,train
21512,train
49311,train
36400,train
57601,train
9524,train
34537,train
7420,train
70686,train
17077,train
22502,train
56324,train
9812,train
38850,train
62935,train
21379,train
42307,train
13665,train
5534,train
70255,train
54912,train
47045,train
41478,train
34555,train
9342,train
12812,train
32915,train
68515,train
50108,train
49360,train
33486,train
67775,train
40095,train
8871,train
51521,train
19596,train
15688,train
45480,train
65716,train
31432,train
28403,train
15188,train
49147,train
38741,train
18210,train
30121,train
13504,train
20386,train
68964,train
42679,train
28780,train
31595,train
9983,train
35973,train
19002,train
278,train
35503,train
29951,train
16548,train
50484,train
65788,train
4691,train
7024,train
46179,train
50745,train
43654,train
52276,train
11899,train
42198,train
33027,train
16849,train
56173,train
57821,train
41107,train
26660,train
45185,train
20991,train
68888,train
37488,train
63984,train
28338,train
29551,train
68950,train
64379,train
59492,train
13074,train
42797,train
52122,train
9997,train
36659,train
10743,train
32072,train
2612,train
34026,train
48456,train
61980,train
24498,train
11356,train
60648,train
47497,train
10729,train
15631,train
21955,train
18412,train
33765,train
32327,train
45176,train
66440,train
14708,train
52482,train
36994,train
66018,train
53674,train
27515,train
45463,train
56167,train
66451,train
23164,train
64160,train
50236,train
8973,train
2358,train
3072,train
17442,train
63404,train
23463,train
9502,train
11218,train
53245,train
38024,train
62409,train
61009,train
39838,train
56301,train
10549,train
53637,train
19479,train
21699,train
22451,train
50346,train
60389,train
38158,train
11950,train
56889,train
34777,train
22760,train
66996,train
62492,train
4477,train
36853,train
48532,train
31910,train
22099,train
13236,train
14654,train
25045,train
17170,train
9198,train
28026,train
50228,train
45813,train
7438,train
51133,train
2010,train
54570,train
36768,train
41926,train
35049,train
59044,train
13322,train
19593,train
39359,train
61699,train
48474,train
6892,train
67615,train
35170,train
730,train
66817,train
42976,train
38136,train
12528,train
28432,train
41496,train
30144,train
12336,train
62556,train
36864,train
44346,train
34168,train
31633,train
41692,train
70667,train
41402,train
62264,train
36896,train
25083,train
37967,train
4831,train
12750,train
3041,train
47150,train
63248,train
47182,train
61489,train
32611,train
25119,train
34021,train
40678,train
29395,train
46343,train
37772,train
7,train
52566,train
1296,train
37051,train
23554,train
62636,train
20704,train
41709,train
43422,train
7389,train
33699,train
34161,train
66172,train
39399,train
36567,train
64623,train
63522,train
46140,train
47995,train
28737,train
63946,train
30317,train
56369,train
67278,train
63598,train
25988,train
28993,train
31741,train
39001,train
17093,train
64701,train
1459,train
16102,train
21072,train
5732,train
46345,train
23728,train
15519,train
43094,train
44970,train
37815,train
25505,train
9830,train
21124,train
4743,train
50931,train
13791,train
7966,train
64786,train
38782,train
58363,train
39171,train
10508,train
49202,train
16096,train
37423,train
14369,train
23681,train
38816,train
8794,train
2815,train
6183,train
35781,train
63951,train
69369,train
45082,train
39761,train
11972,train
43922,train
67593,train
25450,train
44973,train
9796,train
11638,train
58837,train
36218,train
10849,train
5756,train
44442,train
1593,train
49397,train
8982,train
32103,train
46316,train
17471,train
28382,train
58098,train
41904,train
39247,train
53667,train
4465,train
9661,train
30511,train
55149,train
43522,train
9105,train
17386,train
34476,train
11900,train
59831,train
40685,train
3281,train
40937,train
8796,train
65980,train
10144,train
28031,train
50323,train
65962,train
20989,train
27113,train
2935,train
46354,train
1396,train
46388,train
2043,train
17145,train
13037,train
33015,train
32296,train
26550,train
33274,train
42398,train
63420,train
60226,train
34349,train
58770,train
58711,train
57138,train
67122,train
45320,train
9420,train
51000,train
58154,train
38919,train
519,train
11610,train
16976,train
37799,train
70453,train
15733,train
27563,train
20533,train
53312,train
18703,train
14116,train
12789,train
32753,train
21383,train
1249,train
34704,train
21987,train
66474,train
6983,train
23287,train
48517,train
36075,train
18560,train
3128,train
33599,train
31311,train
44505,train
21183,train
24512,train
66915,train
35343,train
3875,train
60448,train
65554,train
64954,train
51525,train
31323,train
45538,train
41851,train
28869,train
60084,train
26445,train
45766,train
29629,train
16182,train
19449,train
28889,train
68205,train
50826,train
44570,train
46841,train
33241,train
67992,train
31114,train
50666,train
26007,train
57600,train
35219,train
27262,train
62635,train
49246,train
14257,train
41736,train
22774,train
60278,train
21047,train
24322,train
33887,train
39483,train
31783,train
50830,train
66819,train
676,train
14503,train
27007,train
19948,train
49395,train
61719,train
12327,train
69590,train
42596,train
53954,train
70372,train
36506,train
44739,train
30892,train
25229,train
50204,train
18337,train
9170,train
11542,train
13077,train
69990,train
12901,train
54232,train
39524,train
50824,train
13419,train
53419,train
59506,train
29726,train
3880,train
15554,train
69855,train
55228,train
58186,train
482,train
49663,train
54294,train
1770,train
8227,train
20393,train
23134,train
36616,train
57973,train
42913,train
39548,train
22422,train
25658,train
33312,train
53484,train
8835,train
8739,train
16624,train
59710,train
16351,train
27542,train
31512,train
38554,train
18194,train
48999,train
54118,train
8609,train
21377,train
31277,train
36253,train
21999,train
10680,train
65837,train
1286,train
16657,train
54498,train
37904,train
44494,train
63980,train
44533,train
29717,train
41335,train
35318,train
50876,train
15358,train
31792,train
56026,train
14332,train
40025,train
68745,train
46836,train
29411,train
4190,train
37001,train
42156,train
10102,train
60218,train
14218,train
64371,train
22456,train
45531,train
12318,train
57993,train
5773,train
15307,train
57841,train
2264,train
46554,train
19921,train
45013,train
55296,train
13662,train
55428,train
42585,train
58804,train
45310,train
30423,train
63287,train
14203,train
36839,train
13302,train
9783,train
12284,train
23093,train
61164,train
51216,train
20242,train
57610,train
21165,train
67065,train
55193,train
14504,train
13179,train
48828,train
61160,train
3735,train
46166,train
38,train
15302,train
53553,train
37497,train
63921,train
24648,train
67064,train
8456,train
40642,train
63601,train
27143,train
67680,train
16881,train
27373,train
62944,train
61604,train
10735,train
45871,train
18140,train
57359,train
52715,train
39811,train
68532,train
37674,train
17746,train
51765,train
26484,train
17447,train
13014,train
23415,train
68239,train
62507,train
6415,train
47268,train
7957,train
61021,train
55539,train
57530,train
13297,train
64178,train
9370,train
8811,train
46094,train
57381,train
25794,train
6706,train
4918,train
67109,train
28935,train
68322,train
25677,train
58540,train
8499,train
2918,train
11200,train
55435,train
41651,train
45585,train
20546,train
54191,train
6189,train
5771,train
10794,train
44480,train
53494,train
13093,train
35912,train
8755,train
24765,train
8134,train
56414,train
18653,train
48734,train
29541,train
63663,train
63729,train
12522,train
60899,train
3666,train
70274,train
53698,train
66924,train
30861,train
38826,train
51702,train
35612,train
7911,train
47084,train
29922,train
23025,train
41391,train
27668,train
60901,train
28467,train
33673,train
9318,train
43418,train
21901,train
2102,train
38812,train
65153,train
12330,train
18769,train
50179,train
607,train
11330,train
12830,train
35357,train
63098,train
48576,train
16411,train
49927,train
10390,train
16927,train
58331,train
9546,train
65598,train
52684,train
41480,train
63485,train
5723,train
67333,train
16277,train
60872,train
13369,train
2387,train
55947,train
46084,train
28084,train
2512,train
69143,train
3757,train
62888,train
65916,train
35802,train
58029,train
26888,train
61688,train
1658,train
66330,train
29476,train
37433,train
40504,train
33351,train
21793,train
59701,train
1015,train
8902,train
35902,train
40638,train
58648,train
8889,train
43728,train
26801,train
49014,train
14491,train
58053,train
16546,train
24970,train
34770,train
69139,train
1371,train
6507,train
23377,train
55007,train
63670,train
23849,train
35405,train
7670,train
40541,train
9031,train
25040,train
50009,train
25176,train
35516,train
10852,train
33423,train
3838,train
16537,train
55500,train
69570,train
25895,train
56678,train
62202,train
52319,train
67165,train
8294,train
30547,train
29264,train
49101,train
18697,train
32000,train
39902,train
3403,train
43193,train
38014,train
51127,train
19878,train
46746,train
34377,train
10603,train
21353,train
11997,train
3700,train
18803,train
25468,train
9449,train
41433,train
59680,train
23750,train
10376,train
3655,train
26332,train
43453,train
48142,train
35591,train
3096,train
46118,train
47257,train
27346,train
47734,train
68299,train
14423,train
29324,train
7769,train
43690,train
41113,train
6778,train
35458,train
7969,train
47169,train
40505,train
39350,train
42476,train
30847,train
14024,train
65775,train
69199,train
7811,train
17955,train
19485,train
1585,train
38367,train
38824,train
50885,train
60212,train
7127,train
6504,train
68498,train
19588,train
31579,train
57562,train
23830,train
39780,train
30278,train
50935,train
34675,train
21451,train
37822,train
16722,train
45557,train
69392,train
36046,train
30478,train
39651,train
59549,train
64851,train
64434,train
40957,train
36728,train
29855,train
61001,train
9844,train
20281,train
44224,train
6860,train
30911,train
32470,train
32661,train
53742,train
28396,train
46588,train
53,train
48577,train
57939,train
24230,train
38794,train
20767,train
44776,train
44904,train
3997,train
7252,train
11096,train
25388,train
47361,train
67342,train
9162,train
21601,train
28337,train
68101,train
59242,train
12016,train
9122,train
40197,train
1826,train
21121,train
25866,train
10646,train
14016,train
14006,train
36836,train
8726,train
34972,train
17569,train
6883,train
35804,train
64726,train
42274,train
46966,train
13521,train
7738,train
46333,train
11155,train
729,train
10930,train
19698,train
39150,train
40309,train
13187,train
29558,train
26716,train
8273,train
54615,train
54633,train
45964,train
64085,train
6232,train
56702,train
5505,train
58765,train
67443,train
50000,train
56017,train
38740,train
4097,train
56827,train
11175,train
56191,train
63779,train
15761,train
63578,train
46590,train
11370,train
26064,train
47078,train
21066,train
11347,train
69010,train
18911,train
69621,train
27513,train
11532,train
46257,train
27487,train
8348,train
24387,train
65550,train
28899,train
8171,train
29853,train
44464,train
49832,train
21413,train
38131,train
23262,train
13520,train
62976,train
37521,train
50286,train
70664,train
18070,train
56808,train
14646,train
30969,train
44652,train
4723,train
66395,train
1243,train
14613,train
67450,train
1233,train
49916,train
57920,train
35568,train
5743,train
23394,train
6775,train
22567,train
34570,train
47299,train
44702,train
63297,train
40029,train
58327,train
59167,train
17124,train
22103,train
47983,train
68365,train
22820,train
68919,train
55106,train
34290,train
35742,train
1702,train
1236,train
49691,train
52443,train
52834,train
70626,train
6914,train
7337,train
49170,train
67191,train
43225,train
38156,train
681,train
55465,train
43464,train
61358,train
45349,train
62153,train
33242,train
1774,train
32787,train
16428,train
10101,train
58380,train
23072,train
9595,train
55455,train
47737,train
58701,train
9205,train
66865,train
51300,train
7582,train
35428,train
54556,train
32510,train
32241,train
27036,train
28205,train
15123,train
64748,train
70273,train
52889,train
33017,train
24184,train
51832,train
31856,train
52615,train
58590,train
57967,train
39647,train
1840,train
17654,train
35819,train
53609,train
47330,train
49719,train
68333,train
9165,train
60668,train
44725,train
5278,train
37898,train
41998,train
6939,train
46208,train
9932,train
64500,train
33088,train
2313,train
53517,train
54657,train
43985,train
54672,train
4590,train
65650,train
19527,train
17564,train
15794,train
7987,train
21422,train
17422,train
5964,train
34941,train
35089,train
22185,train
62396,train
8547,train
51767,train
765,train
64357,train
18792,train
55735,train
54175,train
41011,train
19420,train
68892,train
12333,train
23637,train
28059,train
21628,train
13690,train
9950,train
17258,train
11230,train
8414,train
31473,train
50185,train
39808,train
49084,train
8222,train
47303,train
22817,train
53241,train
16578,train
59961,train
14531,train
5674,train
41621,train
20936,train
39102,train
41942,train
64140,train
48133,train
22677,train
10103,train
6771,train
7559,train
15496,train
21405,train
38752,train
34250,train
54796,train
45825,train
15263,train
43132,train
42912,train
54306,train
65843,train
20121,train
31970,train
39079,train
26719,train
7096,train
374,train
9183,train
16255,train
34735,train
65568,train
16088,train
24978,train
39509,train
15132,train
69520,train
15413,train
24709,train
643,train
60567,train
52390,train
49441,train
66977,train
26648,train
40312,train
13641,train
66436,train
47206,train
56116,train
67279,train
59639,train
62958,train
70312,train
12438,train
5090,train
3602,train
45551,train
2350,train
52444,train
17080,train
15801,train
58245,train
27857,train
51663,train
55125,train
54648,train
30104,train
41753,train
38422,train
36214,train
56249,train
56582,train
39719,train
54997,train
4135,train
19412,train
52214,train
15345,train
24781,train
9437,train
24802,train
21970,train
64380,train
59036,train
20172,train
45290,train
35339,train
17136,train
26646,train
22068,train
40483,train
13854,train
19220,train
5576,train
3079,train
50394,train
30904,train
65804,train
35725,train
34513,train
35163,train
11105,train
27140,train
48597,train
47856,train
43849,train
5352,train
1671,train
47899,train
52704,train
22748,train
9147,train
33555,train
67439,train
36323,train
35780,train
18519,train
22645,train
16039,train
10314,train
54028,train
17727,train
55930,train
64999,train
66093,train
67743,train
24531,train
44948,train
57732,train
36124,train
11996,train
63203,train
62049,train
3277,train
43173,train
21333,train
43283,train
36432,train
61571,train
52166,train
47833,train
59825,train
17083,train
62126,train
62466,train
55172,train
19259,train
17380,train
56863,train
56343,train
60508,train
48781,train
56114,train
35864,train
6364,train
54675,train
30781,train
262,train
20557,train
70328,train
52769,train
13418,train
7111,train
29456,train
12472,train
25171,train
14763,train
36445,train
22236,train
18784,train
7200,train
41135,train
9051,train
532,train
42068,train
69662,train
31732,train
33702,train
23137,train
20701,train
19424,train
44047,train
32284,train
55610,train
51536,train
52333,train
44742,train
11440,train
14389,train
17111,train
3622,train
19386,train
61542,train
4462,train
34736,train
25130,train
29964,train
53543,train
68476,train
11217,train
44376,train
60657,train
18722,train
27272,train
19619,train
52437,train
50255,train
23278,train
52656,train
49551,train
2114,train
67991,train
5528,train
9553,train
67084,train
57586,train
36398,train
36931,train
46972,train
17304,train
18061,train
30032,train
18559,train
7885,train
52200,train
5625,train
58790,train
56579,train
25239,train
59578,train
37389,train
53908,train
26702,train
7943,train
21912,train
9580,train
46085,train
70627,train
14799,train
12951,train
22507,train
25685,train
42124,train
69522,train
68412,train
44226,train
885,train
691,train
36086,train
815,train
12441,train
7042,train
18658,train
52577,train
40998,train
34458,train
63130,train
43724,train
57551,train
9416,train
21102,train
35805,train
40668,train
50542,train
13810,train
47247,train
49119,train
57382,train
17328,train
26559,train
7358,train
9774,train
46398,train
30084,train
3656,train
61652,train
14366,train
51091,train
16137,train
10457,train
11212,train
6137,train
15579,train
5784,train
60678,train
10076,train
48565,train
36057,train
54257,train
1446,train
15342,train
14704,train
63739,train
47628,train
4605,train
56289,train
53030,train
61509,train
58992,train
69765,train
62770,train
62280,train
20686,train
68564,train
61189,train
69291,train
46941,train
36778,train
48185,train
12929,train
67545,train
29361,train
24051,train
19254,train
54836,train
31668,train
23708,train
20308,train
12208,train
49542,train
59761,train
66629,train
2846,train
42216,train
29953,train
63565,train
32875,train
54678,train
42771,train
48959,train
49515,train
50137,train
21409,train
32125,train
7427,train
1170,train
32454,train
14672,train
20154,train
27192,train
15327,train
48258,train
62050,train
45500,train
33461,train
11616,train
19764,train
29080,train
30898,train
68867,train
46394,train
61547,train
2561,train
44239,train
68737,train
24002,train
68945,train
15051,train
27462,train
18216,train
3288,train
15131,train
11890,train
19699,train
44495,train
53372,train
10250,train
21149,train
17027,train
64671,train
44399,train
11213,train
67067,train
56383,train
30836,train
38269,train
56951,train
1624,train
39354,train
52084,train
23325,train
44615,train
10533,train
37666,train
37113,train
34918,train
15055,train
39676,train
58385,train
48115,train
67171,train
15644,train
58891,train
25882,train
1027,train
57806,train
40253,train
50157,train
3112,train
10351,train
56691,train
17677,train
1477,train
6168,train
982,train
13298,train
62301,train
14377,train
3208,train
61991,train
20076,train
50058,train
60288,train
66669,train
34560,train
15941,train
31536,train
37663,train
25817,train
59914,train
4213,train
14661,train
21678,train
36311,train
16275,train
61582,train
23457,train
67770,train
61207,train
15366,train
54,train
2723,train
46752,train
69554,train
17334,train
29253,train
45259,train
21347,train
52049,train
27335,train
60221,train
39819,train
38448,train
30582,train
35801,train
3080,train
59563,train
55274,train
45597,train
20358,train
48570,train
43535,train
267,train
61137,train
750,train
68995,train
2334,train
61730,train
13288,train
46304,train
23230,train
21636,train
34440,train
42576,train
35037,train
7980,train
6305,train
29730,train
50543,train
11774,train
65208,train
13552,train
65656,train
12219,train
70536,train
48196,train
53655,train
47398,train
18962,train
11407,train
63822,train
61680,train
41326,train
62807,train
32230,train
5730,train
60509,train
18532,train
62468,train
15551,train
27391,train
60613,train
50222,train
4669,train
58600,train
41835,train
30043,train
66211,train
24578,train
32988,train
22239,train
38224,train
58411,train
47960,train
21079,train
51573,train
38090,train
33873,train
65130,train
61905,train
32820,train
48106,train
2527,train
22550,train
67945,train
27720,train
38288,train
58631,train
12506,train
41377,train
41901,train
1100,train
9872,train
46197,train
54668,train
45019,train
37845,train
58545,train
27561,train
9637,train
10282,train
55423,train
15804,train
13190,train
61519,train
20131,train
36021,train
41358,train
70259,train
39613,train
27905,train
12070,train
51110,train
3225,train
29753,train
6832,train
28826,train
29166,train
65457,train
47607,train
33362,train
43251,train
4140,train
10806,train
66199,train
44163,train
29203,train
9439,train
42022,train
26364,train
4266,train
45385,train
7882,train
45502,train
41941,train
46775,train
25663,train
38576,train
5922,train
40067,train
15057,train
36955,train
69473,train
16926,train
26221,train
20235,train
3246,train
63858,train
39883,train
37998,train
45806,train
44991,train
52633,train
70111,train
23001,train
68327,train
31193,train
9214,train
34190,train
17653,train
36348,train
10479,train
28412,train
3593,train
57385,train
5044,train
1887,train
30768,train
32313,train
63841,train
3152,train
24914,train
35949,train
480,train
34356,train
15820,train
14631,train
15611,train
43433,train
38847,train
23595,train
21666,train
52442,train
26084,train
67724,train
50477,train
5118,train
35868,train
15217,train
50184,train
55058,train
45303,train
2464,train
34150,train
34328,train
20022,train
46807,train
57768,train
24178,train
25046,train
21884,train
70563,train
55356,train
18456,train
61163,train
9848,train
10840,train
54798,train
69592,train
36655,train
43346,train
11780,train
37062,train
34547,train
26205,train
69415,train
62012,train
18142,train
65766,train
41816,train
29590,train
12537,train
28492,train
69085,train
65951,train
25404,train
34105,train
7274,train
13358,train
12588,train
10955,train
65348,train
55121,train
12540,train
27697,train
45839,train
63819,train
58207,train
34454,train
18119,train
34006,train
61623,train
35990,train
38064,train
19774,train
70489,train
65799,train
26652,train
26421,train
34966,train
63979,train
13420,train
1920,train
25479,train
17658,train
32824,train
60703,train
40389,train
19451,train
69909,train
8588,train
18354,train
59159,train
25864,train
63381,train
8487,train
13529,train
57328,train
4065,train
62878,train
27023,train
34738,train
43947,train
42249,train
17950,train
21533,train
56199,train
20745,train
23900,train
28131,train
29925,train
47168,train
69109,train
59690,train
45138,train
49163,train
10307,train
34556,train
7174,train
11599,train
47134,train
54144,train
61281,train
19623,train
63974,train
6046,train
39204,train
119,train
3892,train
17330,train
44001,train
27933,train
7236,train
63118,train
64354,train
33221,train
53561,train
51254,train
29390,train
38735,train
20887,train
23068,train
67478,train
19414,train
43174,train
51547,train
27766,train
50209,train
30679,train
44304,train
36998,train
27308,train
14119,train
49048,train
47937,train
15516,train
39249,train
30281,train
20062,train
49196,train
45637,train
51914,train
32834,train
18102,train
24703,train
58675,train
30499,train
14951,train
56123,train
20803,train
31012,train
4854,train
27465,train
9411,train
31634,train
6116,train
55528,train
53854,train
68807,train
38060,train
55703,train
28698,train
49019,train
18842,train
7277,train
12888,train
44194,train
48686,train
2814,train
33213,train
45324,train
23417,train
61993,train
51065,train
46925,train
16240,train
56005,train
37689,train
3672,train
1009,train
49323,train
40114,train
18890,train
21789,train
57755,train
30756,train
44040,train
59913,train
57160,train
30349,train
65387,train
34176,train
69794,train
30477,train
26945,train
27080,train
31034,train
52099,train
59319,train
32597,train
12698,train
34271,train
33436,train
59446,train
26514,train
21807,train
13481,train
29354,train
10641,train
16431,train
23236,train
68143,train
29171,train
28257,train
15926,train
46924,train
60261,train
6066,train
6342,train
57310,train
45277,train
62332,train
34656,train
69994,train
7062,train
45826,train
55259,train
52282,train
4922,train
67007,train
2714,train
21902,train
60479,train
64359,train
66100,train
2943,train
14461,train
45327,train
56300,train
36731,train
23074,train
55960,train
42420,train
53067,train
47891,train
64185,train
32977,train
25400,train
59920,train
48038,train
58439,train
32817,train
38151,train
12499,train
785,train
8895,train
30519,train
49766,train
33931,train
51148,train
21934,train
19318,train
42533,train
32307,train
62675,train
49485,train
70200,train
30229,train
51880,train
30616,train
37282,train
17032,train
60691,train
51278,train
56023,train
49314,train
4796,train
28955,train
7302,train
28510,train
25541,train
57847,train
14506,train
12589,train
65927,train
15384,train
9379,train
7378,train
18959,train
19415,train
59049,train
60984,train
58240,train
34174,train
16567,train
46446,train
63397,train
37413,train
69661,train
64174,train
61570,train
3022,train
27926,train
29795,train
41688,train
65759,train
13989,train
16519,train
55836,train
32904,train
1812,train
24492,train
69646,train
41741,train
2401,train
54535,train
67586,train
29865,train
13763,train
48496,train
40895,train
7962,train
57132,train
60830,train
23625,train
10564,train
53534,train
34766,train
51515,train
40149,train
26902,train
24276,train
29063,train
3126,train
38418,train
60677,train
12207,train
67470,train
44157,train
62397,train
50616,train
4960,train
23147,train
20223,train
47181,train
60826,train
50274,train
7494,train
25098,train
35694,train
32982,train
63939,train
58918,train
11753,train
30775,train
65230,train
14266,train
61659,train
17972,train
20005,train
61344,train
3975,train
36971,train
64022,train
39020,train
70535,train
12930,train
7993,train
42292,train
2861,train
30370,train
34858,train
66662,train
23951,train
44099,train
21716,train
34523,train
67221,train
21310,train
8315,train
48910,train
42340,train
4573,train
30366,train
24145,train
5758,train
38396,train
36479,train
66882,train
69809,train
40467,train
18231,train
5453,train
26677,train
48195,train
67608,train
20952,train
30981,train
60020,train
68853,train
67328,train
68615,train
44330,train
20033,train
39926,train
54318,train
45961,train
49534,train
11826,train
15343,train
49847,train
47108,train
17785,train
65326,train
64879,train
48036,train
23408,train
39208,train
29791,train
64818,train
46652,train
26582,train
70136,train
11453,train
66246,train
1961,train
19622,train
69703,train
6569,train
46464,train
45356,train
55670,train
11251,train
20256,train
11804,train
70009,train
38140,train
44930,train
39542,train
58543,train
42475,train
64198,train
36889,train
60549,train
28951,train
18081,train
45913,train
50994,train
52233,train
48235,train
57537,train
15991,train
70467,train
46274,train
27630,train
3148,train
10090,train
5421,train
8031,train
26942,train
32542,train
30534,train
6432,train
36442,train
69910,train
1534,train
35685,train
9779,train
32214,train
52497,train
65089,train
13985,train
45360,train
43864,train
70293,train
46519,train
54218,train
48004,train
35291,train
57644,train
34241,train
37065,train
29004,train
60403,train
27925,train
49793,train
31570,train
24064,train
4739,train
17706,train
45244,train
48652,train
63495,train
21034,train
18460,train
43737,train
44864,train
46143,train
46131,train
12452,train
7075,train
16473,train
31694,train
47490,train
13559,train
27337,train
24979,train
64126,train
57728,train
28394,train
52722,train
26166,train
24727,train
69880,train
47058,train
49276,train
67952,train
45300,train
17671,train
28163,train
4869,train
23622,train
51585,train
13251,train
54222,train
16122,train
65439,train
56775,train
18097,train
4502,train
47731,train
39183,train
60347,train
21035,train
60456,train
895,train
30508,train
42642,train
61072,train
38865,train
15829,train
54763,train
16296,train
34864,train
42968,train
58950,train
51618,train
59774,train
60381,train
20500,train
13794,train
64418,train
8332,train
54202,train
65495,train
42212,train
19338,train
60624,train
48919,train
65702,train
9508,train
12826,train
14981,train
69533,train
50049,train
50831,train
49033,train
24666,train
69535,train
22889,train
54604,train
10217,train
31450,train
26583,train
45809,train
12761,train
17852,train
29619,train
68073,train
6768,train
69527,train
37399,train
9382,train
65984,train
42031,train
52544,train
21355,train
32123,train
21469,train
57796,train
3227,train
517,train
28107,train
23432,train
37507,train
7064,train
12548,train
49779,train
63065,train
3639,train
66207,train
32531,train
50013,train
46921,train
42419,train
38395,train
44286,train
24608,train
25070,train
68726,train
26416,train
82,train
2811,train
11020,train
1294,train
8899,train
43607,train
5208,train
37963,train
2048,train
58530,train
20570,train
44106,train
41814,train
36512,train
20447,train
67846,train
51939,train
45929,train
49758,train
15356,train
67234,train
9879,train
40716,train
36150,train
52760,train
54186,train
13330,train
13295,train
48425,train
1895,train
26283,train
37734,train
40145,train
12536,train
44086,train
20325,train
31300,train
46052,train
49462,train
55899,train
41303,train
66675,train
39765,train
3531,train
18178,train
47049,train
8404,train
64203,train
46393,train
36729,train
50715,train
62239,train
63720,train
28914,train
4772,train
54134,train
59618,train
16501,train
32994,train
59853,train
58116,train
26771,train
14164,train
27547,train
24853,train
35944,train
35242,train
67365,train
17171,train
30226,train
30543,train
12786,train
22631,train
56677,train
23215,train
41337,train
16241,train
63707,train
37314,train
66082,train
52906,train
20222,train
15760,train
56807,train
2712,train
17175,train
53916,train
62270,train
68296,train
2337,train
33792,train
10664,train
39741,train
13230,train
8345,train
24950,train
27130,train
40396,train
11636,train
15199,train
20768,train
26949,train
51809,train
70081,train
28965,train
12482,train
58205,train
65399,train
62287,train
49851,train
34112,train
28020,train
63805,train
69817,train
64951,train
29735,train
22286,train
8819,train
37176,train
24593,train
12347,train
46757,train
56770,train
18341,train
66855,train
24851,train
1430,train
56394,train
24574,train
13959,train
8461,train
19347,train
64808,train
5080,train
13280,train
48248,train
64045,train
45233,train
67921,train
6267,train
44870,train
66209,train
12862,train
27258,train
65722,train
61646,train
68295,train
21220,train
39950,train
45450,train
11755,train
52490,train
12695,train
9041,train
10759,train
58446,train
70277,train
8248,train
271,train
66055,train
57905,train
31798,train
24819,train
26477,train
30479,train
1936,train
50389,train
7069,train
46783,train
8974,train
25661,train
43121,train
43038,train
69013,train
36813,train
13366,train
70493,train
65850,train
37664,train
1167,train
20162,train
42294,train
35741,train
46192,train
961,train
38817,train
14396,train
64890,train
40527,train
69180,train
52591,train
38947,train
52432,train
34325,train
23227,train
25368,train
8287,train
6935,train
52783,train
45425,train
33895,train
12002,train
36535,train
42948,train
13458,train
41029,train
8651,train
15264,train
8185,train
59002,train
39419,train
65176,train
50034,train
9249,train
70280,train
61176,train
22287,train
17921,train
43511,train
48966,train
63582,train
39033,train
4080,train
61637,train
13502,train
7380,train
25157,train
13173,train
36306,train
22333,train
20161,train
32667,train
50854,train
67220,train
66659,train
11685,train
69604,train
70225,train
15796,train
57027,train
2182,train
42723,train
16956,train
45931,train
37160,train
18393,train
31108,train
37861,train
9306,train
49571,train
18086,train
68117,train
53164,train
19990,train
65936,train
28637,train
52536,train
11525,train
30678,train
64274,train
35689,train
44426,train
38538,train
58866,train
70224,train
55408,train
1648,train
27577,train
19757,train
65498,train
60311,train
61387,train
51204,train
46854,train
26288,train
3052,train
40740,train
61213,train
19701,train
20441,train
20481,train
28024,train
34171,train
16748,train
9478,train
42034,train
32521,train
62559,train
53448,train
12242,train
65820,train
23216,train
6533,train
23980,train
32543,train
67255,train
31007,train
41117,train
17462,train
40393,train
66406,train
38688,train
41946,train
30152,train
15539,train
31605,train
13049,train
7449,train
33108,train
59499,train
10300,train
49302,train
39192,train
28864,train
38633,train
34137,train
47684,train
37193,train
13109,train
44230,train
59015,train
9277,train
44763,train
19601,train
52368,train
3515,train
38244,train
59630,train
29245,train
20431,train
19007,train
937,train
7741,train
17076,train
23149,train
10880,train
20545,train
54083,train
55163,train
66002,train
38661,train
63184,train
52654,train
36869,train
19630,train
60836,train
27977,train
4310,train
23508,train
13158,train
39992,train
36430,train
28532,train
5265,train
50258,train
44632,train
31541,train
63556,train
11886,train
30955,train
38592,train
32160,train
33490,train
36363,train
20196,train
57655,train
10950,train
29309,train
68946,train
44311,train
57165,train
50019,train
3918,train
29693,train
64389,train
4063,train
50886,train
58251,train
48678,train
40256,train
53639,train
12362,train
2979,train
66344,train
47325,train
44510,train
52908,train
22330,train
42201,train
11238,train
36837,train
55552,train
43144,train
41638,train
6336,train
13438,train
16517,train
32793,train
39050,train
64762,train
27529,train
20366,train
27390,train
5697,train
45555,train
65197,train
22925,train
62797,train
28197,train
31859,train
49782,train
44844,train
67099,train
20101,train
18494,train
35695,train
70316,train
39615,train
37076,train
24465,train
7259,train
48750,train
64,train
29001,train
25074,train
33844,train
62306,train
67577,train
37231,train
9038,train
6011,train
68445,train
62113,train
61368,train
69311,train
30162,train
13015,train
27557,train
13599,train
26387,train
1602,train
9017,train
58718,train
68138,train
10105,train
36501,train
47048,train
41896,train
49950,train
67847,train
18522,train
1443,train
11961,train
59751,train
17320,train
45446,train
44440,train
7890,train
27474,train
68069,train
11277,train
13920,train
49518,train
3037,train
24491,train
232,train
39768,train
45879,train
63005,train
64974,train
14512,train
26839,train
2469,train
15454,train
70494,train
9381,train
25890,train
59818,train
6593,train
46357,train
42793,train
36612,train
44466,train
3615,train
7158,train
39781,train
20224,train
3629,train
46638,train
70344,train
38685,train
42837,train
48737,train
63654,train
23295,train
49115,train
50655,train
8430,train
43510,train
65777,train
37518,train
17129,train
34522,train
42874,train
52581,train
4905,train
33387,train
69036,train
61345,train
5806,train
17433,train
45721,train
41338,train
14485,train
42213,train
69644,train
65658,train
29273,train
36976,train
56466,train
59146,train
6331,train
39545,train
63470,train
37249,train
64433,train
28620,train
45855,train
58388,train
68724,train
29834,train
28898,train
49777,train
17414,train
7785,train
9765,train
48763,train
12094,train
26422,train
66132,train
3863,train
9275,train
38572,train
58333,train
34000,train
45256,train
2724,train
465,train
51293,train
62880,train
14040,train
14779,train
30177,train
37161,train
26890,train
48012,train
22845,train
58685,train
29097,train
19880,train
53679,train
37502,train
63572,train
70314,train
37654,train
67959,train
68812,train
11176,train
61955,train
40588,train
7450,train
62872,train
7165,train
11412,train
11265,train
5779,train
14898,train
11971,train
67314,train
60720,train
4357,train
22547,train
40203,train
37925,train
59286,train
24754,train
49652,train
4984,train
47006,train
46101,train
16373,train
51860,train
19423,train
13039,train
34177,train
9181,train
16792,train
42460,train
9337,train
8169,train
43519,train
38991,train
64615,train
55831,train
55942,train
55913,train
69807,train
27619,train
40344,train
7377,train
55245,train
57219,train
17490,train
4609,train
64848,train
25200,train
30676,train
35153,train
5233,train
46465,train
59874,train
44020,train
58027,train
38558,train
58882,train
45846,train
59306,train
45236,train
21313,train
66824,train
16880,train
10706,train
67677,train
44306,train
56141,train
17337,train
65385,train
57210,train
1748,train
12404,train
66835,train
59612,train
43077,train
55630,train
31716,train
51242,train
66949,train
67618,train
9396,train
59325,train
31836,train
3943,train
20893,train
57312,train
62972,train
63090,train
61770,train
55086,train
17168,train
4164,train
56793,train
39627,train
44762,train
5763,train
61490,train
51483,train
40449,train
29625,train
33706,train
38878,train
34512,train
14184,train
36914,train
46082,train
68500,train
61919,train
35258,train
33753,train
51577,train
36645,train
6413,train
12123,train
42306,train
62375,train
21704,train
47418,train
7036,train
59999,train
21523,train
23616,train
16041,train
5340,train
4577,train
46774,train
65229,train
36072,train
48988,train
20170,train
59439,train
15383,train
37005,train
19063,train
25355,train
51716,train
53359,train
48842,train
28519,train
45647,train
2106,train
42076,train
46939,train
47282,train
7354,train
2123,train
7479,train
48443,train
45357,train
7989,train
52041,train
26953,train
42492,train
7621,train
45384,train
27931,train
14276,train
60501,train
37729,train
65386,train
541,train
38144,train
20977,train
70567,train
50805,train
55812,train
44016,train
28331,train
41472,train
32019,train
41324,train
34123,train
12179,train
20063,train
15064,train
22421,train
32328,train
55124,train
50384,train
37235,train
53946,train
64699,train
51568,train
2997,train
23380,train
18422,train
64179,train
31920,train
42689,train
33236,train
30719,train
2425,train
33484,train
1859,train
51870,train
30488,train
33911,train
13096,train
38096,train
18115,train
50528,train
17589,train
20136,train
53426,train
8441,train
39932,train
40973,train
12233,train
20392,train
33380,train
56376,train
48551,train
53283,train
55110,train
40213,train
14058,train
46754,train
60940,train
61968,train
24843,train
50729,train
60944,train
49747,train
36525,train
59184,train
64110,train
53095,train
31806,train
8857,train
7912,train
6994,train
37324,train
42870,train
27363,train
22428,train
33382,train
45862,train
39648,train
53575,train
54266,train
24137,train
1505,train
57804,train
28801,train
1595,train
59904,train
39898,train
59204,train
12476,train
8278,train
61541,train
6978,train
23037,train
48042,train
67031,train
7353,train
30648,train
56547,train
53547,train
21867,train
56037,train
35895,train
21344,train
16280,train
12857,train
10147,train
10594,train
26233,train
65347,train
68352,train
57710,train
18228,train
8701,train
68474,train
27454,train
64253,train
48063,train
16224,train
56918,train
13850,train
25426,train
31887,train
28002,train
36848,train
14577,train
68136,train
6177,train
20445,train
29260,train
54033,train
58863,train
25576,train
68337,train
15016,train
47781,train
22835,train
10608,train
69317,train
45543,train
16638,train
30372,train
34096,train
55992,train
67735,train
66768,train
58039,train
48935,train
41992,train
54429,train
55200,train
59820,train
70073,train
3694,train
16418,train
59283,train
40137,train
67259,train
26331,train
50584,train
20665,train
31037,train
19987,train
15469,train
27938,train
64104,train
21343,train
51166,train
62443,train
38384,train
48436,train
67961,train
67939,train
24425,train
5934,train
64702,train
14215,train
66779,train
5032,train
64078,train
32869,train
70376,train
5199,train
19443,train
14294,train
62881,train
43150,train
18079,train
27134,train
42404,train
45382,train
60220,train
32539,train
44276,train
69387,train
56411,train
67012,train
59396,train
26878,train
42803,train
57324,train
49454,train
45900,train
22217,train
26322,train
35157,train
25606,train
1789,train
40082,train
49026,train
15204,train
16493,train
51306,train
14049,train
21288,train
43469,train
36268,train
66931,train
44077,train
59309,train
66256,train
45805,train
26351,train
31990,train
33084,train
9436,train
60951,train
25343,train
51935,train
34987,train
8488,train
21367,train
37902,train
12425,train
38532,train
18928,train
9842,train
69611,train
9657,train
60687,train
7660,train
54343,train
26371,train
43669,train
9628,train
51312,train
52663,train
21197,train
29024,train
50487,train
38259,train
42163,train
61252,train
29725,train
68641,train
30293,train
27158,train
49741,train
9731,train
35776,train
54659,train
51118,train
18246,train
53871,train
20609,train
24224,train
28422,train
48335,train
27713,train
37679,train
55240,train
15862,train
5601,train
33342,train
66653,train
10000,train
12106,train
31728,train
27523,train
30880,train
16141,train
29215,train
19350,train
25811,train
6004,train
48288,train
1113,train
3801,train
4258,train
64429,train
68068,train
66079,train
39938,train
48330,train
14846,train
21342,train
51526,train
39266,train
62392,train
49620,train
39127,train
10394,train
25542,train
9124,train
29869,train
12993,train
27441,train
1310,train
58430,train
44136,train
23302,train
21905,train
46290,train
31554,train
46038,train
64228,train
21306,train
62044,train
1738,train
37728,train
48578,train
56589,train
30910,train
7598,train
52524,train
68267,train
13679,train
157,train
16118,train
64888,train
68998,train
3522,train
58799,train
59349,train
61624,train
70147,train
49500,train
34149,train
10110,train
23945,train
3430,train
66248,train
34471,train
4356,train
22052,train
41863,train
36242,train
25402,train
4207,train
40214,train
37718,train
6323,train
63861,train
14154,train
34655,train
39471,train
19823,train
46250,train
24499,train
49528,train
44152,train
51094,train
40428,train
7856,train
10727,train
8069,train
50739,train
4133,train
40676,train
18197,train
48907,train
66300,train
8856,train
38795,train
23903,train
6544,train
46615,train
20047,train
1715,train
48349,train
44430,train
26849,train
47320,train
25122,train
11499,train
3640,train
42667,train
44328,train
8339,train
35885,train
63627,train
54992,train
66135,train
50432,train
9990,train
32226,train
6243,train
4160,train
63143,train
18636,train
55900,train
15787,train
24314,train
9651,train
65421,train
49815,train
31829,train
1890,train
35307,train
39165,train
2673,train
27918,train
9698,train
12104,train
47062,train
34608,train
29250,train
67154,train
68039,train
65029,train
10075,train
64083,train
11255,train
26112,train
957,train
19827,train
39360,train
24341,train
66459,train
45674,train
42506,train
44920,train
28313,train
6749,train
36093,train
41397,train
30799,train
40432,train
19700,train
12533,train
32625,train
39619,train
23971,train
10744,train
17619,train
29650,train
46724,train
60629,train
65532,train
33100,train
30620,train
51941,train
213,train
47801,train
6040,train
12903,train
42320,train
58598,train
56619,train
57829,train
57962,train
29454,train
61260,train
8717,train
50722,train
24152,train
24038,train
69098,train
6075,train
19585,train
69346,train
24552,train
12111,train
23112,train
13688,train
10318,train
59599,train
70442,train
37570,train
69997,train
17272,train
4256,train
70629,train
24918,train
4472,train
59081,train
31514,train
21400,train
14663,train
68507,train
29291,train
21233,train
48533,train
49628,train
13489,train
56566,train
40694,train
29043,train
31540,train
25526,train
53125,train
12686,train
16941,train
14788,train
54751,train
65753,train
5791,train
41495,train
40515,train
56400,train
34481,train
32294,train
37775,train
36440,train
2957,train
54849,train
32255,train
17927,train
7541,train
62738,train
4927,train
30625,train
42534,train
54245,train
1762,train
8164,train
4004,train
48681,train
40914,train
69918,train
48466,train
13257,train
54700,train
62542,train
31645,train
40554,train
55442,train
3283,train
29676,train
46035,train
33464,train
65860,train
29614,train
55621,train
38321,train
60321,train
37086,train
63206,train
63167,train
64877,train
66666,train
31820,train
268,train
9228,train
37711,train
40410,train
17767,train
62148,train
5439,train
51770,train
25874,train
54545,train
36565,train
19875,train
22963,train
58494,train
11860,train
41285,train
50504,train
25216,train
55800,train
38772,train
59038,train
14922,train
51637,train
48773,train
67585,train
69027,train
17854,train
58442,train
32277,train
49728,train
9045,train
11607,train
54505,train
17488,train
20190,train
13842,train
11587,train
26214,train
7033,train
60045,train
16727,train
56110,train
25522,train
30315,train
60375,train
4587,train
69205,train
34566,train
44927,train
44922,train
30566,train
26554,train
29610,train
33903,train
18171,train
56576,train
44562,train
65452,train
68775,train
52232,train
56577,train
35703,train
5946,train
5844,train
69395,train
6611,train
37580,train
18015,train
11591,train
25772,train
54976,train
25960,train
40345,train
45952,train
52086,train
65238,train
50499,train
70232,train
12431,train
57209,train
67696,train
64128,train
27338,train
17883,train
69634,train
32577,train
28874,train
41525,train
26543,train
15844,train
60353,train
52457,train
25084,train
31491,train
47889,train
6044,train
56992,train
21289,train
64621,train
52789,train
33773,train
10474,train
7085,train
69320,train
39786,train
60960,train
59050,train
45248,train
36418,train
1785,train
54277,train
30851,train
13331,train
56917,train
10022,train
65854,train
21434,train
43227,train
21855,train
49318,train
3405,train
24308,train
743,train
41972,train
5162,train
44213,train
486,train
5179,train
44566,train
26627,train
22254,train
54018,train
23784,train
56170,train
51889,train
25957,train
6506,train
40997,train
39702,train
42087,train
22534,train
57187,train
19431,train
63236,train
58822,train
17280,train
472,train
65490,train
27005,train
3498,train
62974,train
2332,train
10879,train
61508,train
49316,train
58208,train
4503,train
58787,train
51421,train
46711,train
30176,train
36458,train
24417,train
5193,train
57246,train
69383,train
58990,train
40048,train
3177,train
35690,train
43814,train
58641,train
59496,train
39316,train
43307,train
13426,train
6574,train
38227,train
22138,train
25754,train
57464,train
53459,train
28769,train
36679,train
198,train
30082,train
64925,train
42502,train
3770,train
16112,train
3000,train
62143,train
32152,train
18289,train
8738,train
18288,train
37221,train
12110,train
2718,train
69458,train
46064,train
16647,train
28201,train
50918,train
22529,train
45121,train
132,train
21402,train
1213,train
10611,train
43337,train
67320,train
16684,train
30336,train
39220,train
70661,train
39260,train
23319,train
49093,train
11538,train
41219,train
68343,train
37266,train
4058,train
20900,train
64603,train
48127,train
14721,train
65593,train
24357,train
48827,train
5767,train
52299,train
26468,train
43398,train
45306,train
5286,train
25485,train
49107,train
59497,train
53678,train
54792,train
25903,train
6588,train
27103,train
41750,train
39016,train
64311,train
13070,train
35853,train
7037,train
5037,train
65547,train
22973,train
68672,train
65475,train
50907,train
7070,train
53248,train
69991,train
4303,train
19092,train
37574,train
22441,train
40821,train
22344,train
58242,train
6152,train
55640,train
53869,train
41826,train
23573,train
58507,train
64549,train
61855,train
9988,train
62754,train
42926,train
44909,train
70531,train
35288,train
59833,train
63701,train
16643,train
44986,train
14086,train
34538,train
47697,train
27355,train
57999,train
59748,train
51026,train
56067,train
68720,train
36100,train
32719,train
18441,train
2688,train
42140,train
51513,train
55534,train
42285,train
12319,train
48087,train
62862,train
36571,train
45003,train
14720,train
44406,train
52355,train
3688,train
18051,train
5108,train
55264,train
19411,train
26050,train
35265,train
41848,train
67792,train
14920,train
4547,train
38332,train
51407,train
48680,train
50005,train
12010,train
50085,train
3784,train
35863,train
33402,train
34598,train
1420,train
10031,train
65681,train
12014,train
66122,train
4393,train
16595,train
7068,train
27993,train
29163,train
5305,train
25572,train
30132,train
27032,train
46739,train
30693,train
19166,train
16813,train
43995,train
50867,train
15971,train
45892,train
15328,train
58193,train
8112,train
12919,train
33936,train
36800,train
859,train
28641,train
34646,train
64240,train
20885,train
65216,train
35036,train
1745,train
44591,train
30343,train
15163,train
56806,train
6601,train
42738,train
46627,train
62122,train
3413,train
23996,train
61594,train
14282,train
9736,train
47349,train
28690,train
54151,train
15506,train
56274,train
64978,train
59656,train
34588,train
56176,train
46365,train
12687,train
27638,train
35296,train
3410,train
68354,train
51897,train
11927,train
8666,train
9559,train
6158,train
12266,train
21839,train
47178,train
62528,train
38746,train
42006,train
64125,train
60878,train
38436,train
12291,train
29728,train
26102,train
26340,train
2377,train
29799,train
33329,train
51623,train
46065,train
23931,train
7428,train
4708,train
42933,train
26075,train
48536,train
55434,train
61677,train
40894,train
38797,train
23868,train
1876,train
18868,train
58081,train
38331,train
39935,train
29125,train
58132,train
45978,train
12501,train
12326,train
25152,train
47659,train
22825,train
30262,train
13915,train
26461,train
53761,train
64876,train
19145,train
37373,train
50018,train
25990,train
46537,train
51221,train
66538,train
40928,train
2285,train
8574,train
70150,train
572,train
14399,train
22636,train
18217,train
7356,train
5167,train
2786,train
21393,train
34591,train
50908,train
6433,train
54321,train
46362,train
9250,train
56654,train
55695,train
57667,train
68510,train
9263,train
4875,train
29310,train
55828,train
37365,train
41102,train
37613,train
23642,train
64386,train
32919,train
20733,train
44693,train
47952,train
20141,train
47998,train
64270,train
35798,train
16308,train
29320,train
55003,train
64927,train
38292,train
42727,train
21389,train
10279,train
27738,train
14768,train
42132,train
28766,train
37697,train
63850,train
16207,train
8833,train
23441,train
20150,train
3340,train
35420,train
17947,train
6855,train
42719,train
35764,train
1950,train
62144,train
1557,train
56559,train
63007,train
68584,train
42125,train
52343,train
36335,train
13638,train
38541,train
24198,train
53262,train
70248,train
28512,train
25054,train
38694,train
11150,train
57816,train
68788,train
65378,train
41899,train
29918,train
68181,train
46649,train
38589,train
6520,train
30651,train
69537,train
58934,train
28247,train
51951,train
49149,train
55772,train
45078,train
62324,train
14592,train
54703,train
21973,train
36401,train
29704,train
64865,train
50294,train
37987,train
61288,train
67761,train
20300,train
66171,train
49294,train
64753,train
50141,train
69448,train
1399,train
5903,train
27594,train
65269,train
61653,train
16441,train
26124,train
46685,train
44175,train
38028,train
19592,train
48909,train
61690,train
34989,train
60120,train
49991,train
2917,train
69697,train
26589,train
60344,train
34543,train
38779,train
2193,train
45043,train
70152,train
30841,train
11772,train
648,train
67376,train
55975,train
29348,train
7470,train
53791,train
31274,train
38466,train
25642,train
12525,train
54977,train
39476,train
38360,train
35019,train
69782,train
2614,train
56870,train
2520,train
11866,train
12971,train
46008,train
37610,train
14439,train
67049,train
37514,train
28126,train
44881,train
13954,train
51850,train
37028,train
65206,train
20618,train
38732,train
30961,train
5693,train
13551,train
16729,train
13893,train
39988,train
39084,train
52000,train
39297,train
35039,train
53911,train
28302,train
67906,train
63762,train
41429,train
14403,train
62476,train
5128,train
19241,train
33483,train
18619,train
46936,train
64319,train
61801,train
34511,train
57761,train
9971,train
52926,train
19404,train
3234,train
37944,train
14946,train
68786,train
44207,train
8520,train
58828,train
7887,train
48310,train
3926,train
59664,train
46634,train
21091,train
60428,train
5733,train
57008,train
49964,train
52951,train
35552,train
31778,train
7762,train
9957,train
49843,train
52313,train
50600,train
19297,train
21864,train
11196,train
27294,train
51160,train
29120,train
5906,train
44359,train
19636,train
63589,train
52709,train
38514,train
70408,train
18757,train
57495,train
64744,train
26715,train
15741,train
32323,train
39562,train
21095,train
22557,train
59115,train
45427,train
69301,train
9719,train
64242,train
67948,train
41442,train
20697,train
6492,train
18957,train
67982,train
26566,train
68839,train
47951,train
28212,train
59292,train
67054,train
1415,train
44499,train
8358,train
35715,train
26915,train
24284,train
62712,train
28364,train
56338,train
68574,train
24278,train
15657,train
49836,train
61204,train
41043,train
68790,train
70478,train
61324,train
3736,train
19876,train
26183,train
23416,train
13597,train
54799,train
54432,train
58885,train
52199,train
63212,train
9418,train
51741,train
46955,train
57884,train
32099,train
9255,train
35203,train
25601,train
51174,train
53711,train
11187,train
15332,train
68082,train
10722,train
25221,train
50797,train
3800,train
17634,train
54361,train
65709,train
70175,train
41386,train
53055,train
11160,train
14351,train
70683,train
57933,train
46882,train
47578,train
65361,train
26580,train
12045,train
21386,train
9587,train
49455,train
29924,train
42736,train
5669,train
25618,train
27825,train
34097,train
1597,train
51451,train
4482,train
39596,train
51580,train
30909,train
17625,train
60093,train
23593,train
47812,train
49000,train
64015,train
46437,train
66,train
48292,train
46157,train
49514,train
45628,train
40179,train
63131,train
38904,train
940,train
46169,train
40665,train
21838,train
2835,train
23202,train
3753,train
26922,train
57062,train
34896,train
52724,train
24031,train
8377,train
10937,train
63150,train
32462,train
40607,train
22159,train
26923,train
52224,train
66555,train
54287,train
53680,train
60875,train
23538,train
59650,train
30363,train
43021,train
5333,train
63564,train
43102,train
7701,train
47710,train
12897,train
600,train
38686,train
51272,train
37247,train
30926,train
47815,train
69016,train
15232,train
61558,train
45829,train
54373,train
2506,train
46189,train
60658,train
21516,train
34460,train
23082,train
37640,train
7520,train
36215,train
44050,train
65175,train
69222,train
19732,train
33347,train
4583,train
23557,train
66396,train
22819,train
33197,train
24812,train
14357,train
55618,train
66966,train
61971,train
49541,train
12324,train
52163,train
68969,train
68996,train
63725,train
39636,train
52134,train
397,train
36575,train
66312,train
39101,train
30786,train
10140,train
16605,train
13445,train
24285,train
49214,train
61418,train
47640,train
4729,train
53492,train
38962,train
12689,train
25321,train
7525,train
14665,train
1613,train
40523,train
41551,train
6918,train
41175,train
24669,train
56072,train
19107,train
32722,train
35983,train
28909,train
26085,train
25274,train
11448,train
61399,train
8157,train
14279,train
20098,train
6187,train
36404,train
59099,train
27480,train
66614,train
55160,train
62980,train
45460,train
38607,train
21578,train
21878,train
42553,train
62023,train
13691,train
31656,train
69850,train
11307,train
47513,train
34819,train
56009,train
22352,train
51819,train
70460,train
11991,train
39656,train
55314,train
59461,train
18201,train
5289,train
17409,train
32975,train
44531,train
51354,train
3641,train
899,train
9638,train
57386,train
4534,train
37975,train
67738,train
42391,train
31101,train
18299,train
57861,train
18410,train
22277,train
28956,train
14617,train
10310,train
54219,train
29797,train
22170,train
6067,train
14792,train
15564,train
59060,train
14823,train
26870,train
25611,train
46474,train
60646,train
57197,train
45174,train
11631,train
65133,train
55300,train
60249,train
43817,train
24534,train
10775,train
20838,train
55716,train
3115,train
19201,train
55545,train
55746,train
2933,train
62107,train
46501,train
68262,train
56916,train
32491,train
52387,train
29031,train
1500,train
35696,train
33823,train
1580,train
36654,train
3278,train
26873,train
54281,train
50598,train
36692,train
68846,train
38052,train
34465,train
12615,train
62231,train
49353,train
31986,train
13368,train
35,train
40981,train
58637,train
568,train
37008,train
51313,train
24861,train
42977,train
55967,train
65456,train
36682,train
69140,train
34373,train
37329,train
40268,train
53627,train
62405,train
27862,train
40932,train
34213,train
18177,train
63870,train
15677,train
6302,train
68924,train
37895,train
55526,train
54606,train
69472,train
51683,train
19148,train
70247,train
13683,train
24154,train
46447,train
3712,train
42425,train
50401,train
493,train
28355,train
5598,train
28883,train
51861,train
66989,train
66574,train
29699,train
39096,train
6585,train
66371,train
8599,train
6121,train
9133,train
29486,train
47721,train
12893,train
57116,train
11171,train
33905,train
56908,train
56347,train
38722,train
63003,train
25757,train
7304,train
42720,train
40859,train
4156,train
28912,train
13086,train
24200,train
43050,train
26732,train
8220,train
31664,train
68921,train
53523,train
50974,train
42394,train
52231,train
42556,train
46265,train
30382,train
57330,train
49293,train
19026,train
16673,train
65203,train
55917,train
64375,train
20156,train
47587,train
38890,train
52883,train
48162,train
34345,train
65403,train
39697,train
66797,train
18612,train
58656,train
30721,train
38152,train
58754,train
23228,train
7458,train
39877,train
38662,train
49077,train
18773,train
35739,train
20312,train
26104,train
47387,train
24468,train
25188,train
63114,train
34728,train
24305,train
2603,train
4273,train
63418,train
6786,train
46679,train
39052,train
25911,train
22293,train
2224,train
64284,train
41049,train
52749,train
3894,train
8417,train
15967,train
34351,train
63608,train
53041,train
58625,train
30048,train
11394,train
8446,train
46020,train
47579,train
13760,train
55757,train
35191,train
53013,train
52838,train
61074,train
3305,train
9993,train
69008,train
49754,train
25548,train
19099,train
26178,train
45573,train
5552,train
10674,train
18059,train
29296,train
41080,train
68573,train
15220,train
27034,train
27754,train
7185,train
70262,train
13396,train
41435,train
1216,train
5765,train
59205,train
25598,train
53796,train
25899,train
37168,train
1804,train
60425,train
5492,train
44744,train
2798,train
28298,train
20725,train
29115,train
53399,train
48989,train
26300,train
7442,train
45661,train
32996,train
28979,train
46432,train
23168,train
69892,train
65366,train
38896,train
60128,train
63099,train
63059,train
14921,train
49645,train
40120,train
27708,train
62531,train
46855,train
51679,train
33337,train
57919,train
45485,train
23492,train
60531,train
3001,train
51576,train
12756,train
55446,train
42038,train
7348,train
49331,train
7521,train
11101,train
5757,train
40635,train
57433,train
25285,train
54435,train
19059,train
57090,train
21874,train
50160,train
61703,train
7341,train
55039,train
39038,train
11061,train
661,train
4379,train
50629,train
27904,train
38941,train
28741,train
41088,train
31609,train
8320,train
5879,train
33883,train
36201,train
22211,train
48599,train
38445,train
15574,train
57378,train
59687,train
52932,train
14589,train
24023,train
38047,train
16381,train
2226,train
401,train
59923,train
67653,train
6928,train
45351,train
30400,train
41518,train
3165,train
26023,train
6345,train
17319,train
37486,train
54926,train
37832,train
65448,train
16573,train
38871,train
41172,train
25686,train
66838,train
27759,train
37826,train
40295,train
22548,train
43944,train
60140,train
42379,train
68258,train
17060,train
10567,train
31380,train
20010,train
47828,train
19806,train
19790,train
40681,train
21350,train
1252,train
24786,train
36340,train
70654,train
59756,train
2164,train
30473,train
20145,train
39095,train
61022,train
40497,train
3113,train
14043,train
45080,train
1655,train
19891,train
45261,train
13546,train
54806,train
23322,train
28656,train
66277,train
9934,train
7001,train
61725,train
5859,train
12271,train
28996,train
58476,train
22164,train
59603,train
56982,train
59424,train
42524,train
43408,train
20933,train
3445,train
49212,train
63378,train
27142,train
3631,train
56120,train
66722,train
54587,train
22721,train
41468,train
63439,train
61461,train
9199,train
9881,train
68530,train
44062,train
35849,train
47717,train
66220,train
28473,train
58140,train
10859,train
712,train
37222,train
39971,train
41706,train
38891,train
51714,train
18458,train
7862,train
50589,train
38634,train
25509,train
96,train
35633,train
68462,train
15494,train
27446,train
216,train
43032,train
27528,train
32784,train
1108,train
22613,train
32911,train
21346,train
61354,train
15651,train
46697,train
12613,train
38858,train
43675,train
63326,train
46769,train
38046,train
53818,train
68286,train
17257,train
19983,train
44577,train
51830,train
13176,train
47133,train
17383,train
10520,train
53197,train
12908,train
41867,train
30377,train
53259,train
4505,train
65011,train
3384,train
52578,train
7553,train
52135,train
39949,train
47681,train
49710,train
41625,train
54259,train
64291,train
7597,train
56820,train
4964,train
22657,train
48991,train
8272,train
39570,train
8182,train
61817,train
68461,train
38303,train
5131,train
1992,train
25338,train
42483,train
13101,train
6654,train
61506,train
10762,train
24358,train
40597,train
21698,train
14853,train
945,train
48176,train
30867,train
22813,train
471,train
69575,train
50142,train
50889,train
31667,train
67995,train
37675,train
299,train
62998,train
51237,train
25203,train
47435,train
3147,train
28057,train
16855,train
41752,train
66964,train
45311,train
17437,train
24981,train
65536,train
17033,train
58407,train
6194,train
9262,train
69722,train
63533,train
42192,train
6896,train
53047,train
36634,train
21599,train
45671,train
2828,train
60395,train
16107,train
3520,train
5845,train
22365,train
69752,train
47071,train
1098,train
46093,train
21738,train
61951,train
53589,train
25803,train
9397,train
34504,train
32879,train
1731,train
12850,train
61318,train
42590,train
35071,train
6214,train
31680,train
57294,train
53927,train
3588,train
52586,train
43404,train
8804,train
34258,train
36299,train
12402,train
42456,train
52612,train
25228,train
25596,train
60622,train
7522,train
5671,train
28846,train
37273,train
51910,train
14730,train
64676,train
20271,train
20470,train
53450,train
66112,train
17609,train
49688,train
4877,train
45110,train
54156,train
22315,train
12252,train
51544,train
10858,train
14816,train
37040,train
6271,train
60442,train
42446,train
29372,train
25644,train
53224,train
51102,train
6257,train
70342,train
8603,train
9945,train
41352,train
31100,train
45286,train
65727,train
43074,train
5664,train
45784,train
1384,train
61521,train
36197,train
27105,train
62940,train
11598,train
11390,train
11952,train
33477,train
47890,train
40212,train
58820,train
63471,train
24847,train
66590,train
20264,train
37512,train
64476,train
2585,train
35828,train
56151,train
51955,train
28533,train
964,train
31769,train
36638,train
16536,train
5908,train
41195,train
54670,train
56701,train
51688,train
36062,train
57281,train
48306,train
33819,train
50643,train
55563,train
59829,train
55525,train
42455,train
29143,train
33907,train
27662,train
8143,train
12446,train
66242,train
47359,train
57950,train
24741,train
35188,train
54043,train
23152,train
44337,train
63629,train
11801,train
45182,train
63,train
22517,train
54475,train
26745,train
53401,train
29180,train
61441,train
40330,train
759,train
48600,train
363,train
23864,train
42033,train
31853,train
44888,train
35522,train
26271,train
18656,train
15387,train
25057,train
41321,train
25654,train
66164,train
6182,train
24313,train
4888,train
44738,train
48495,train
12610,train
36298,train
16222,train
28906,train
6217,train
40373,train
54487,train
12019,train
39280,train
22144,train
47494,train
47481,train
6755,train
15922,train
65590,train
41198,train
59368,train
34191,train
52138,train
57763,train
5655,train
64796,train
40988,train
60157,train
8389,train
36964,train
13155,train
67631,train
37385,train
53415,train
7988,train
179,train
60832,train
54754,train
69263,train
13719,train
54346,train
27061,train
46224,train
7746,train
45976,train
10350,train
34568,train
20578,train
2463,train
33619,train
43558,train
61510,train
9954,train
58661,train
41007,train
57584,train
24951,train
25604,train
20853,train
33575,train
64094,train
10719,train
48628,train
38600,train
46637,train
25209,train
45867,train
32146,train
10017,train
57460,train
34718,train
31083,train
45347,train
68961,train
24139,train
53405,train
12757,train
5115,train
24034,train
3587,train
17403,train
34379,train
27108,train
13545,train
35003,train
69667,train
51915,train
11125,train
52549,train
21549,train
12102,train
52610,train
30664,train
59405,train
64852,train
44459,train
26010,train
2669,train
14459,train
55554,train
5574,train
22650,train
2756,train
23248,train
59316,train
10041,train
11518,train
26337,train
60363,train
2219,train
35281,train
23395,train
65765,train
5361,train
11887,train
21802,train
37191,train
68208,train
25236,train
42302,train
17851,train
14458,train
28981,train
28208,train
30605,train
11660,train
29566,train
32658,train
31810,train
14247,train
57172,train
17068,train
41773,train
12037,train
63061,train
46734,train
8991,train
45459,train
8783,train
38730,train
12396,train
45064,train
33660,train
62853,train
64065,train
23769,train
45891,train
11734,train
29087,train
26157,train
34318,train
8700,train
31967,train
20057,train
59769,train
52185,train
1289,train
6253,train
69513,train
36004,train
23923,train
45894,train
55499,train
6426,train
49930,train
29162,train
45358,train
47496,train
7910,train
32039,train
49255,train
69996,train
12953,train
4471,train
62183,train
25556,train
43960,train
35448,train
8879,train
27345,train
32412,train
63542,train
6054,train
6092,train
35926,train
39141,train
33125,train
21018,train
69675,train
5876,train
17160,train
2968,train
6258,train
30483,train
24202,train
9931,train
36773,train
28352,train
40621,train
64862,train
61941,train
8893,train
60478,train
15008,train
21625,train
16138,train
50405,train
64123,train
5862,train
40679,train
66117,train
48156,train
44629,train
59334,train
11181,train
68513,train
24633,train
51302,train
51464,train
7425,train
67454,train
34376,train
11207,train
38616,train
32138,train
16911,train
3329,train
15487,train
54833,train
51201,train
27398,train
13678,train
35313,train
11758,train
10487,train
5696,train
36739,train
35072,train
46533,train
67533,train
30901,train
53866,train
25802,train
42283,train
59344,train
62087,train
10001,train
56681,train
56298,train
57438,train
22048,train
15350,train
3872,train
63717,train
19141,train
1988,train
64419,train
58115,train
42602,train
27155,train
18069,train
44216,train
35634,train
39891,train
12649,train
50500,train
69510,train
66578,train
3333,train
371,train
7770,train
3937,train
9276,train
58287,train
65444,train
60169,train
3186,train
12935,train
64046,train
48556,train
18603,train
23676,train
66741,train
61114,train
51877,train
4044,train
61379,train
40189,train
13943,train
35543,train
68544,train
5870,train
10174,train
16417,train
25833,train
14102,train
35501,train
2605,train
35563,train
12534,train
31516,train
66605,train
30834,train
16183,train
41578,train
48833,train
58972,train
60572,train
63968,train
5619,train
52751,train
47610,train
26778,train
19754,train
8852,train
47971,train
31190,train
27663,train
56952,train
11090,train
69066,train
8750,train
30844,train
246,train
19173,train
11117,train
58873,train
25161,train
64564,train
1485,train
33878,train
34964,train
30982,train
16474,train
20255,train
17317,train
15947,train
5280,train
51479,train
12769,train
39030,train
22604,train
35675,train
13748,train
24721,train
15062,train
64811,train
49199,train
61,train
37659,train
63788,train
22360,train
21082,train
8019,train
20042,train
12937,train
61820,train
50783,train
33804,train
51424,train
62033,train
68503,train
18812,train
35168,train
16997,train
56422,train
7010,train
20643,train
55936,train
29989,train
60969,train
28590,train
54148,train
38479,train
26266,train
67489,train
36651,train
40370,train
68909,train
45218,train
36293,train
24597,train
455,train
10817,train
1618,train
64891,train
9471,train
4478,train
56907,train
6901,train
905,train
1683,train
25933,train
3097,train
59988,train
26326,train
10430,train
35734,train
35306,train
13455,train
22379,train
1457,train
48064,train
865,train
10814,train
15780,train
37152,train
38927,train
45345,train
51206,train
60050,train
2098,train
42893,train
59906,train
18111,train
15825,train
43349,train
28109,train
32662,train
35992,train
5392,train
2602,train
66356,train
20130,train
50430,train
52269,train
51214,train
23053,train
56679,train
47383,train
12382,train
50333,train
47996,train
59983,train
8976,train
38186,train
29130,train
30301,train
68552,train
65187,train
44203,train
68473,train
42267,train
11537,train
30741,train
30139,train
54647,train
22559,train
62465,train
36098,train
65867,train
69402,train
39965,train
7657,train
51927,train
2564,train
28710,train
5858,train
42687,train
32799,train
29042,train
38728,train
51645,train
30420,train
13587,train
47593,train
56854,train
7487,train
5144,train
26031,train
14312,train
12006,train
56837,train
44784,train
66559,train
46594,train
15766,train
31048,train
49783,train
9232,train
8877,train
37908,train
8662,train
34284,train
4936,train
27525,train
40488,train
48822,train
32665,train
27806,train
68554,train
8709,train
37418,train
56449,train
7788,train
52455,train
6840,train
28066,train
43146,train
41828,train
2572,train
69380,train
33177,train
59666,train
37255,train
21639,train
55293,train
2156,train
13505,train
8126,train
69170,train
2217,train
30365,train
36714,train
68028,train
27966,train
43000,train
38888,train
13619,train
69269,train
3746,train
65232,train
24196,train
3209,train
70525,train
30324,train
54488,train
11089,train
60056,train
49912,train
43591,train
34276,train
14250,train
1275,train
51229,train
54391,train
63113,train
4847,train
67265,train
55368,train
4217,train
24422,train
45621,train
59568,train
15737,train
1008,train
25962,train
35639,train
7177,train
52844,train
20114,train
25223,train
7884,train
29930,train
33750,train
55734,train
38872,train
57651,train
13547,train
65594,train
62197,train
42609,train
43263,train
59520,train
30064,train
17587,train
15713,train
50631,train
34623,train
14014,train
49525,train
28783,train
49522,train
19465,train
66442,train
68655,train
50084,train
46956,train
65756,train
36878,train
52728,train
8827,train
39328,train
37033,train
6056,train
5078,train
29634,train
15260,train
60675,train
8408,train
43689,train
38252,train
16561,train
44937,train
52061,train
42850,train
16728,train
26866,train
18770,train
14430,train
13949,train
26529,train
33205,train
30820,train
4037,train
5642,train
17692,train
53784,train
29355,train
31620,train
63752,train
30762,train
42489,train
57909,train
20990,train
62918,train
40684,train
3185,train
52793,train
31248,train
33379,train
49369,train
6550,train
4391,train
35654,train
25217,train
8621,train
15304,train
8116,train
10221,train
5459,train
25821,train
25140,train
32850,train
21234,train
36248,train
60571,train
65952,train
37863,train
8493,train
59832,train
43062,train
51411,train
43401,train
28561,train
63084,train
68220,train
15408,train
60737,train
6818,train
59579,train
44587,train
45760,train
8617,train
3660,train
53989,train
20227,train
5158,train
60764,train
31612,train
8072,train
11374,train
67190,train
67292,train
948,train
33611,train
61860,train
56013,train
37364,train
39708,train
20632,train
15710,train
22967,train
23528,train
52680,train
62184,train
31532,train
67667,train
44228,train
17023,train
39727,train
35043,train
7413,train
24147,train
43556,train
15679,train
39494,train
64829,train
66498,train
35904,train
25774,train
30504,train
28784,train
69948,train
11510,train
57174,train
64521,train
61774,train
22920,train
49695,train
69598,train
10772,train
41940,train
14132,train
9588,train
63021,train
56165,train
4404,train
29985,train
26072,train
46360,train
38342,train
41089,train
31571,train
32393,train
18383,train
45992,train
50597,train
27846,train
44728,train
36561,train
22881,train
20892,train
26817,train
51582,train
11593,train
22500,train
41396,train
5536,train
6947,train
47630,train
52123,train
37308,train
5781,train
24704,train
64030,train
21008,train
40031,train
58222,train
6688,train
10313,train
646,train
492,train
49596,train
8632,train
8425,train
61359,train
9137,train
12314,train
64426,train
19776,train
41317,train
19208,train
54909,train
7558,train
3542,train
41845,train
40970,train
44860,train
33153,train
12726,train
8166,train
9210,train
57483,train
56599,train
5799,train
14333,train
13465,train
37303,train
45307,train
21817,train
22087,train
64773,train
47631,train
47537,train
61027,train
46068,train
13404,train
66528,train
19647,train
26837,train
22326,train
39735,train
2214,train
7693,train
5658,train
36337,train
66892,train
40731,train
55250,train
41609,train
63933,train
37125,train
66050,train
46542,train
63135,train
39880,train
30102,train
21677,train
29932,train
34170,train
999,train
43257,train
35143,train
17312,train
5676,train
15992,train
27952,train
12872,train
51853,train
41042,train
26720,train
2629,train
62070,train
64821,train
62165,train
54007,train
50888,train
6758,train
65601,train
45663,train
55358,train
49190,train
832,train
11688,train
3360,train
38520,train
25991,train
41856,train
61627,train
23242,train
36766,train
8013,train
56483,train
59097,train
49999,train
59883,train
11493,train
42102,train
33871,train
9055,train
36104,train
22444,train
18650,train
24052,train
43529,train
882,train
63462,train
52464,train
52553,train
55758,train
35772,train
32612,train
14106,train
53444,train
2790,train
70613,train
52881,train
59372,train
37140,train
34163,train
5880,train
14915,train
4924,train
43809,train
68558,train
63316,train
22872,train
20794,train
16641,train
34386,train
53608,train
26614,train
25621,train
66557,train
39173,train
40656,train
52044,train
20432,train
23298,train
33687,train
58977,train
23829,train
31622,train
24805,train
64158,train
58194,train
34306,train
37627,train
19476,train
31185,train
31935,train
65752,train
63894,train
12882,train
9785,train
63249,train
2272,train
48395,train
58258,train
2482,train
38716,train
40304,train
41095,train
38841,train
68427,train
63243,train
64883,train
1783,train
18949,train
333,train
22709,train
14844,train
57387,train
1162,train
20004,train
58436,train
50925,train
9933,train
54963,train
10227,train
21890,train
32108,train
49870,train
8153,train
61772,train
52859,train
57375,train
28601,train
31198,train
4712,train
20938,train
70296,train
27246,train
43741,train
42721,train
12656,train
57275,train
7202,train
18471,train
26027,train
6131,train
12282,train
19128,train
11721,train
55071,train
21646,train
14666,train
24990,train
1914,train
7614,train
63438,train
36158,train
37644,train
13863,train
24429,train
61488,train
10030,train
57251,train
66721,train
41769,train
62518,train
6527,train
23947,train
66206,train
46965,train
1183,train
8641,train
28645,train
34571,train
25968,train
20420,train
56213,train
69243,train
32394,train
42614,train
42564,train
35104,train
68469,train
31951,train
44798,train
40999,train
1681,train
67457,train
16782,train
31941,train
46475,train
32901,train
1559,train
29170,train
1535,train
68424,train
57101,train
29514,train
25587,train
32498,train
65915,train
15141,train
8121,train
24424,train
8869,train
6242,train
7730,train
35901,train
8244,train
1058,train
29471,train
47364,train
50976,train
13347,train
53453,train
5641,train
58320,train
59181,train
65899,train
44264,train
50171,train
30138,train
30507,train
42799,train
62628,train
36207,train
197,train
20327,train
43753,train
11724,train
20563,train
43118,train
39223,train
30842,train
24865,train
28455,train
48030,train
29902,train
18558,train
38329,train
18778,train
69082,train
67383,train
61611,train
34051,train
11874,train
37601,train
12496,train
48679,train
17228,train
11929,train
49519,train
18041,train
66054,train
40498,train
58089,train
10699,train
42868,train
50510,train
35918,train
32949,train
23159,train
45389,train
14404,train
12185,train
5385,train
27998,train
11895,train
32167,train
48947,train
31044,train
54797,train
8075,train
65913,train
4634,train
24612,train
35021,train
57754,train
37939,train
48879,train
69772,train
59982,train
36014,train
64943,train
21989,train
2855,train
10139,train
14747,train
26444,train
4021,train
24927,train
53633,train
41857,train
33269,train
13699,train
12601,train
33591,train
25178,train
21635,train
23630,train
23439,train
51172,train
52687,train
69063,train
60710,train
39293,train
42805,train
3850,train
7535,train
51030,train
33005,train
38787,train
58767,train
58172,train
6667,train
15025,train
1634,train
2203,train
55615,train
33061,train
51009,train
5168,train
34816,train
31842,train
57859,train
69577,train
3436,train
56235,train
50095,train
2278,train
22773,train
16665,train
49025,train
23938,train
15225,train
1432,train
66867,train
39243,train
60383,train
51008,train
36012,train
19809,train
23725,train
6285,train
24243,train
38255,train
39863,train
40610,train
29037,train
6324,train
24087,train
5062,train
4233,train
54445,train
42924,train
66133,train
30425,train
12458,train
15598,train
17277,train
54695,train
44231,train
48363,train
47382,train
13412,train
2793,train
54822,train
33656,train
57071,train
42983,train
66660,train
51750,train
40775,train
328,train
8163,train
7444,train
38909,train
21255,train
10566,train
61795,train
64458,train
37022,train
64152,train
37277,train
30713,train
6290,train
55700,train
15037,train
11794,train
58179,train
32641,train
56409,train
56612,train
12393,train
136,train
59700,train
65107,train
25131,train
60714,train
48283,train
55417,train
12828,train
47739,train
45690,train
68938,train
9146,train
7532,train
23175,train
63883,train
51459,train
259,train
12508,train
66530,train
15050,train
27823,train
62612,train
20664,train
3273,train
4341,train
39149,train
15401,train
27576,train
4340,train
19815,train
23129,train
27009,train
13423,train
28469,train
64995,train
15855,train
69759,train
41165,train
68384,train
45149,train
14297,train
31759,train
67737,train
58605,train
27784,train
58775,train
32932,train
6557,train
45077,train
10803,train
55723,train
43142,train
1829,train
24174,train
7176,train
56634,train
58367,train
5760,train
15402,train
53592,train
21,train
2594,train
51831,train
47632,train
63890,train
8780,train
57766,train
1641,train
20331,train
14076,train
52694,train
43963,train
40236,train
67624,train
69315,train
24195,train
65451,train
51454,train
46800,train
53160,train
27310,train
15189,train
32433,train
19342,train
23162,train
38271,train
24565,train
63016,train
52342,train
17428,train
24542,train
17647,train
37149,train
53710,train
47656,train
58838,train
66090,train
22311,train
17548,train
10609,train
55728,train
30979,train
66088,train
40219,train
45372,train
44247,train
51734,train
42060,train
47520,train
57170,train
52830,train
64985,train
7483,train
8751,train
25108,train
24226,train
60796,train
48510,train
7758,train
3202,train
59243,train
28886,train
58332,train
1625,train
48050,train
9663,train
5226,train
40348,train
31085,train
19998,train
45178,train
63547,train
491,train
69779,train
31072,train
56020,train
45083,train
12109,train
20841,train
26847,train
38663,train
6726,train
41467,train
56636,train
30002,train
50063,train
61560,train
23666,train
29388,train
58127,train
7750,train
53285,train
51431,train
43802,train
61028,train
7043,train
52491,train
7855,train
44244,train
50129,train
38766,train
36190,train
22755,train
27775,train
57632,train
56161,train
16015,train
63827,train
54650,train
34400,train
53851,train
52046,train
57923,train
17821,train
69871,train
34316,train
5262,train
18108,train
59594,train
50140,train
1795,train
30034,train
57194,train
20204,train
5478,train
28807,train
16683,train
47869,train
24555,train
58308,train
39362,train
27581,train
13032,train
23087,train
45757,train
19599,train
21711,train
64717,train
32071,train
36647,train
4886,train
15628,train
42023,train
41304,train
60505,train
16584,train
58281,train
4515,train
41690,train
15915,train
44074,train
21324,train
64880,train
14698,train
56201,train
24942,train
3364,train
6373,train
19850,train
6479,train
17133,train
76,train
17411,train
5017,train
62927,train
34267,train
57563,train
50233,train
21016,train
35768,train
50645,train
54353,train
23559,train
2341,train
5358,train
5502,train
10414,train
55286,train
38169,train
26727,train
5068,train
49507,train
61757,train
59039,train
62330,train
45342,train
59390,train
10882,train
33299,train
10319,train
11470,train
47767,train
37956,train
53337,train
46664,train
10070,train
64286,train
49517,train
17302,train
49894,train
23902,train
62786,train
18795,train
64437,train
38568,train
5981,train
33331,train
56853,train
30659,train
15946,train
18905,train
3967,train
57449,train
15756,train
59970,train
55342,train
22616,train
4546,train
32647,train
52452,train
13089,train
58012,train
10194,train
35877,train
39481,train
63688,train
47315,train
17756,train
3359,train
11410,train
57472,train
19843,train
39295,train
1408,train
32540,train
36307,train
70587,train
17949,train
56356,train
54312,train
64529,train
29755,train
37620,train
70058,train
65275,train
67421,train
64465,train
37330,train
30558,train
21962,train
34145,train
61694,train
14655,train
21327,train
1726,train
54459,train
58912,train
30069,train
3306,train
33664,train
56560,train
39444,train
54543,train
33346,train
9496,train
40823,train
9905,train
47261,train
5291,train
55438,train
14427,train
58324,train
51048,train
60686,train
40115,train
45939,train
63364,train
8041,train
49834,train
34002,train
58815,train
30731,train
38203,train
4556,train
26907,train
6480,train
45473,train
8635,train
12820,train
19821,train
10888,train
44171,train
70533,train
14202,train
2887,train
61867,train
17847,train
13028,train
22942,train
5341,train
28051,train
45727,train
28085,train
12752,train
32240,train
12244,train
57616,train
38702,train
63396,train
10952,train
27090,train
46782,train
28410,train
50763,train
7503,train
67614,train
11201,train
17655,train
37047,train
16018,train
66907,train
65521,train
69312,train
43502,train
55052,train
43514,train
27182,train
41436,train
57783,train
4277,train
44006,train
38319,train
51015,train
48606,train
53848,train
9834,train
15337,train
56871,train
48594,train
44666,train
41128,train
32011,train
28907,train
67132,train
12593,train
61103,train
31237,train
40255,train
32436,train
37553,train
63054,train
1334,train
14175,train
7704,train
52050,train
1782,train
34246,train
20949,train
31721,train
48223,train
9685,train
67020,train
14963,train
70145,train
8128,train
34767,train
28427,train
51308,train
44088,train
58531,train
52794,train
45869,train
31105,train
44119,train
37123,train
53465,train
30984,train
24667,train
46045,train
48334,train
19760,train
58689,train
53022,train
51867,train
10324,train
62691,train
13110,train
13788,train
15033,train
55594,train
45812,train
476,train
53303,train
41252,train
54293,train
52125,train
42202,train
66326,train
21961,train
28757,train
19176,train
12938,train
13310,train
54089,train
41809,train
69110,train
39166,train
8623,train
8745,train
11738,train
39008,train
9710,train
28654,train
66154,train
35321,train
2844,train
10026,train
65256,train
14117,train
13972,train
25504,train
56281,train
55400,train
14235,train
32702,train
4235,train
20495,train
47940,train
18500,train
2022,train
4620,train
1309,train
62367,train
14507,train
60886,train
52453,train
25889,train
38515,train
51777,train
67582,train
65408,train
14883,train
21866,train
52484,train
56911,train
49117,train
31344,train
14767,train
9501,train
8721,train
58974,train
35603,train
58275,train
13937,train
32246,train
67972,train
54471,train
1282,train
67871,train
64258,train
57771,train
7276,train
63896,train
28848,train
23896,train
33623,train
42557,train
1351,train
33102,train
53940,train
44835,train
10557,train
13880,train
26956,train
67003,train
41356,train
33270,train
1902,train
48620,train
22520,train
17108,train
62410,train
39326,train
69842,train
44979,train
66463,train
3397,train
62956,train
8825,train
61889,train
11140,train
65209,train
24246,train
35064,train
64194,train
8733,train
64541,train
11039,train
70426,train
4926,train
52941,train
68902,train
43483,train
26728,train
46681,train
27742,train
68647,train
5575,train
35333,train
37331,train
9621,train
32380,train
40712,train
54906,train
31038,train
28893,train
37537,train
32576,train
57944,train
5299,train
42538,train
25592,train
158,train
66275,train
51309,train
45817,train
59516,train
58805,train
10433,train
29936,train
61967,train
48186,train
69872,train
54636,train
24217,train
21981,train
19837,train
66015,train
13000,train
377,train
16524,train
57997,train
41119,train
65013,train
45094,train
14866,train
23846,train
7977,train
18435,train
18406,train
45616,train
62948,train
17511,train
57470,train
23654,train
7041,train
55043,train
52587,train
30533,train
1741,train
54215,train
68727,train
42136,train
67893,train
54347,train
5336,train
66825,train
22425,train
533,train
60285,train
12532,train
8125,train
15333,train
35580,train
48921,train
14537,train
62769,train
49615,train
69296,train
69922,train
2658,train
38707,train
56563,train
14270,train
31835,train
25719,train
2679,train
24944,train
1994,train
62679,train
55136,train
12841,train
61384,train
39210,train
13222,train
38530,train
12015,train
63428,train
52243,train
19771,train
52963,train
1272,train
24368,train
43546,train
14489,train
50150,train
30922,train
7242,train
32718,train
23231,train
22943,train
31767,train
60337,train
22006,train
57561,train
45971,train
62368,train
56942,train
46624,train
47695,train
70338,train
9918,train
33548,train
21971,train
66518,train
30675,train
55568,train
60242,train
18540,train
20637,train
35254,train
64232,train
21844,train
36200,train
12027,train
4405,train
5902,train
67504,train
24472,train
49769,train
22706,train
46484,train
34406,train
5830,train
3745,train
16945,train
7902,train
39523,train
31608,train
33133,train
57680,train
24739,train
45711,train
25609,train
62235,train
13826,train
13640,train
69785,train
67515,train
61580,train
5246,train
30725,train
15940,train
32452,train
29376,train
41738,train
3287,train
9363,train
790,train
34287,train
57924,train
10812,train
15308,train
61427,train
11497,train
15466,train
27194,train
36118,train
47884,train
36940,train
5626,train
1959,train
29431,train
23969,train
65487,train
28185,train
53887,train
43937,train
10693,train
68145,train
24554,train
34659,train
33718,train
23841,train
425,train
30747,train
66811,train
49065,train
6448,train
552,train
37019,train
28474,train
58677,train
40646,train
44162,train
20188,train
42565,train
10736,train
11072,train
41258,train
44972,train
46071,train
4369,train
8452,train
5069,train
2847,train
16459,train
55724,train
27242,train
54995,train
20859,train
21153,train
49791,train
65523,train
22082,train
21733,train
39231,train
31188,train
34074,train
49387,train
17238,train
54724,train
24386,train
2419,train
60990,train
60184,train
46260,train
1628,train
61760,train
27224,train
31936,train
65463,train
47252,train
357,train
65617,train
54010,train
464,train
4314,train
49966,train
65578,train
31909,train
41245,train
31132,train
17627,train
24102,train
6252,train
46411,train
4185,train
22331,train
59144,train
69530,train
55774,train
24717,train
36835,train
42638,train
45512,train
49933,train
44046,train
26722,train
37354,train
63441,train
21777,train
57348,train
26978,train
64170,train
5912,train
62529,train
30227,train
5898,train
49381,train
6153,train
53172,train
31755,train
38306,train
59864,train
3443,train
24980,train
26634,train
31227,train
43906,train
30094,train
50946,train
6519,train
25600,train
45749,train
55877,train
31057,train
25392,train
13718,train
69559,train
18343,train
35011,train
43707,train
53384,train
49347,train
63200,train
23789,train
18768,train
30163,train
59187,train
68652,train
37369,train
61436,train
45462,train
54115,train
38546,train
63505,train
54517,train
42261,train
58703,train
6657,train
49418,train
3925,train
4168,train
66929,train
27197,train
26315,train
42995,train
23198,train
18969,train
38069,train
53978,train
12834,train
48177,train
40199,train
33999,train
67275,train
63023,train
43030,train
65324,train
60412,train
15348,train
30661,train
57803,train
66127,train
18681,train
37049,train
57159,train
6449,train
4290,train
22054,train
1434,train
49486,train
63283,train
39736,train
36114,train
55767,train
14065,train
10751,train
9860,train
28852,train
69624,train
3900,train
62647,train
29146,train
314,train
57524,train
46072,train
54027,train
43289,train
11242,train
61212,train
9919,train
10716,train
70086,train
9585,train
64613,train
51886,train
31754,train
45145,train
15950,train
51042,train
59741,train
23539,train
22759,train
700,train
26142,train
21117,train
43367,train
55016,train
4309,train
63147,train
579,train
56487,train
23751,train
17999,train
23403,train
19540,train
53363,train
4914,train
25495,train
19867,train
880,train
9338,train
68152,train
36873,train
7456,train
26241,train
3965,train
5408,train
42037,train
10832,train
68359,train
63153,train
39893,train
55080,train
43244,train
5835,train
59596,train
54656,train
34383,train
63468,train
20598,train
62913,train
31849,train
30035,train
44686,train
52494,train
1958,train
10235,train
22676,train
6065,train
33841,train
17628,train
6286,train
59210,train
16458,train
31802,train
28809,train
1297,train
52635,train
47745,train
33421,train
26599,train
70191,train
25652,train
28357,train
45565,train
10784,train
61116,train
46555,train
14797,train
55437,train
39365,train
14205,train
17002,train
49977,train
26752,train
12518,train
50519,train
10883,train
25918,train
10375,train
26406,train
15684,train
59891,train
7560,train
51657,train
7709,train
46489,train
57687,train
21813,train
37817,train
23371,train
66241,train
54930,train
61465,train
43942,train
32884,train
43838,train
3657,train
64556,train
35121,train
12428,train
13649,train
65634,train
4863,train
65255,train
48252,train
53272,train
60578,train
3697,train
8781,train
2333,train
68278,train
22678,train
10379,train
48241,train
24630,train
14949,train
17497,train
25925,train
14662,train
24089,train
7448,train
34980,train
1846,train
19924,train
29003,train
52942,train
24220,train
53726,train
38469,train
10725,train
55015,train
51847,train
12005,train
3818,train
13611,train
57580,train
69303,train
21575,train
4511,train
2728,train
66454,train
2445,train
5303,train
40978,train
64218,train
58821,train
20453,train
15600,train
1791,train
9064,train
53263,train
11128,train
37495,train
46618,train
30825,train
16172,train
33132,train
43383,train
2839,train
66507,train
2990,train
39422,train
20605,train
22073,train
13393,train
55020,train
22345,train
23396,train
27639,train
35507,train
38138,train
23507,train
14533,train
17815,train
2418,train
33453,train
44478,train
35377,train
36686,train
58283,train
39930,train
22746,train
14750,train
58405,train
45962,train
1699,train
35397,train
24463,train
54037,train
21057,train
4134,train
68402,train
19121,train
21612,train
6922,train
14805,train
36210,train
39520,train
55140,train
60647,train
50712,train
39586,train
1570,train
23643,train
62416,train
14699,train
29661,train
25399,train
27088,train
38239,train
26739,train
29845,train
9889,train
68661,train
28325,train
62209,train
61937,train
17384,train
5112,train
7618,train
45821,train
68275,train
20395,train
69173,train
28567,train
57972,train
13452,train
26696,train
54496,train
12580,train
2389,train
21359,train
35869,train
7284,train
60641,train
1049,train
41093,train
51180,train
44617,train
34032,train
4447,train
24136,train
44750,train
37246,train
28696,train
23825,train
65603,train
2510,train
44684,train
15006,train
144,train
49923,train
23737,train
4368,train
15201,train
10669,train
32263,train
12189,train
141,train
34046,train
48798,train
21207,train
56822,train
30724,train
68741,train
57427,train
67126,train
4707,train
53211,train
18423,train
69188,train
9034,train
1575,train
67368,train
58117,train
56945,train
56312,train
7581,train
70397,train
63509,train
22742,train
28522,train
43641,train
41595,train
22121,train
40680,train
63617,train
3986,train
11041,train
3780,train
48587,train
536,train
31055,train
46311,train
56969,train
24260,train
42587,train
25657,train
18284,train
54886,train
53809,train
28322,train
39920,train
56291,train
12568,train
2958,train
50761,train
65692,train
37182,train
50407,train
23059,train
70447,train
36543,train
42631,train
25039,train
2631,train
16633,train
55027,train
28143,train
36452,train
48609,train
63768,train
55013,train
62208,train
52630,train
39921,train
15849,train
51567,train
19292,train
26415,train
52316,train
1106,train
60086,train
36903,train
22095,train
63926,train
57191,train
11633,train
23872,train
50978,train
17542,train
66951,train
44196,train
49520,train
12511,train
4518,train
14619,train
66445,train
42052,train
6621,train
57304,train
54860,train
22596,train
68645,train
24070,train
58334,train
50411,train
42640,train
49391,train
12000,train
48006,train
42040,train
52574,train
18169,train
42178,train
19334,train
23092,train
9688,train
31174,train
40966,train
14717,train
52509,train
43153,train
38708,train
19946,train
23831,train
62440,train
28048,train
576,train
49568,train
54081,train
26192,train
35109,train
20976,train
48445,train
41328,train
26939,train
37930,train
56984,train
60732,train
30100,train
57086,train
21410,train
31766,train
34214,train
28287,train
53995,train
55969,train
53768,train
17936,train
17623,train
51603,train
22433,train
36719,train
18473,train
19074,train
8012,train
60986,train
46895,train
25913,train
24261,train
3512,train
28871,train
64314,train
327,train
7847,train
47853,train
40503,train
23916,train
22712,train
18241,train
70088,train
23741,train
63430,train
4915,train
8838,train
55391,train
28681,train
36358,train
62022,train
50820,train
6198,train
48219,train
24926,train
49154,train
7768,train
46872,train
23843,train
2805,train
55698,train
65346,train
658,train
6317,train
2305,train
12061,train
36359,train
4460,train
20456,train
43772,train
41047,train
26712,train
20666,train
27492,train
57139,train
64760,train
25941,train
8758,train
66290,train
58913,train
22542,train
28349,train
32694,train
65673,train
46106,train
27762,train
26261,train
59085,train
15871,train
61956,train
56791,train
60432,train
40884,train
42090,train
44335,train
16733,train
26184,train
41604,train
68002,train
13623,train
70624,train
69453,train
57738,train
54177,train
40292,train
8925,train
46160,train
27958,train
42731,train
8475,train
41905,train
33972,train
12835,train
57614,train
21513,train
13008,train
1819,train
39250,train
19369,train
50817,train
29673,train
1138,train
22672,train
41676,train
908,train
43215,train
39327,train
17881,train
55896,train
20775,train
524,train
27356,train
56423,train
58638,train
40950,train
45350,train
18875,train
42377,train
54440,train
29896,train
64404,train
44916,train
1083,train
21312,train
42284,train
68755,train
19120,train
50913,train
49594,train
51226,train
63293,train
70387,train
55077,train
45966,train
4240,train
57975,train
69561,train
33191,train
34672,train
1835,train
56084,train
67556,train
25807,train
17652,train
63368,train
13273,train
45466,train
7454,train
43191,train
30410,train
49686,train
5590,train
46951,train
52060,train
36629,train
32857,train
4449,train
4498,train
40915,train
32964,train
22169,train
50377,train
31469,train
17071,train
60555,train
43353,train
19568,train
55129,train
15184,train
60615,train
56045,train
19976,train
6641,train
37178,train
578,train
420,train
59839,train
49259,train
39262,train
37301,train
48819,train
25973,train
50119,train
37355,train
15697,train
1473,train
16375,train
7570,train
22465,train
17051,train
32908,train
18114,train
65082,train
35914,train
22647,train
60155,train
65392,train
17507,train
64340,train
42994,train
42883,train
5694,train
18652,train
62024,train
3055,train
24954,train
25565,train
46957,train
50174,train
11161,train
27119,train
21088,train
11840,train
26528,train
3254,train
27472,train
6315,train
21555,train
50057,train
35769,train
16826,train
60095,train
63796,train
44432,train
31177,train
21418,train
29061,train
21446,train
36325,train
7241,train
2230,train
46796,train
24832,train
9387,train
21587,train
27739,train
29879,train
43936,train
12912,train
39104,train
33210,train
47934,train
44939,train
4302,train
38748,train
24027,train
46575,train
24876,train
27872,train
63891,train
9018,train
64009,train
22309,train
49080,train
6035,train
66571,train
45433,train
54611,train
22551,train
15528,train
62355,train
61196,train
69978,train
67833,train
6127,train
70264,train
61099,train
40446,train
10563,train
69678,train
68968,train
68712,train
61515,train
51171,train
54297,train
6321,train
37106,train
57958,train
60360,train
14649,train
31957,train
31643,train
60849,train
44056,train
13843,train
23731,train
15673,train
1529,train
51828,train
40136,train
69818,train
69340,train
55044,train
69878,train
55420,train
3612,train
28296,train
19427,train
7991,train
63842,train
47673,train
41408,train
40713,train
34695,train
50879,train
47067,train
66536,train
60408,train
24247,train
11232,train
29569,train
15477,train
5056,train
56396,train
69214,train
14984,train
70625,train
42623,train
24678,train
7931,train
56364,train
2875,train
24120,train
68865,train
24269,train
55781,train
35555,train
28569,train
31172,train
59512,train
16101,train
36297,train
558,train
15114,train
42138,train
545,train
68467,train
64871,train
52619,train
36604,train
20984,train
37841,train
5042,train
54154,train
63205,train
56008,train
32431,train
59895,train
43962,train
34368,train
53461,train
5212,train
64892,train
50863,train
13913,train
40340,train
3229,train
6057,train
18404,train
8323,train
16795,train
66886,train
42754,train
44483,train
62827,train
3710,train
11566,train
60248,train
66121,train
38790,train
23364,train
4242,train
25102,train
22219,train
53733,train
55721,train
59919,train
24194,train
19380,train
70222,train
47776,train
54536,train
3378,train
12323,train
23421,train
49086,train
7129,train
52179,train
36071,train
39430,train
38609,train
52015,train
40526,train
5477,train
68369,train
14919,train
28658,train
31819,train
14681,train
6220,train
29086,train
54401,train
19011,train
41160,train
66500,train
21532,train
66123,train
39445,train
47018,train
54704,train
28181,train
7672,train
25783,train
62829,train
59214,train
41006,train
37080,train
35090,train
49339,train
66143,train
67224,train
1969,train
34491,train
34437,train
55268,train
52449,train
43504,train
69899,train
19524,train
34407,train
46749,train
5216,train
37707,train
27421,train
1390,train
43678,train
47563,train
24687,train
2347,train
42454,train
33938,train
942,train
35749,train
66029,train
5434,train
61133,train
24772,train
34128,train
34083,train
4254,train
679,train
42082,train
70689,train
2420,train
257,train
46677,train
66562,train
61844,train
15593,train
335,train
48184,train
45180,train
52767,train
56034,train
36865,train
60935,train
50775,train
47208,train
4870,train
14528,train
1069,train
50699,train
11384,train
4099,train
5154,train
47763,train
49978,train
8419,train
2351,train
3342,train
7504,train
20342,train
530,train
10932,train
11051,train
63634,train
48996,train
61460,train
63927,train
15845,train
23266,train
62212,train
34382,train
65570,train
53202,train
11545,train
64491,train
24677,train
69379,train
2165,train
5959,train
69713,train
66394,train
30276,train
23397,train
2227,train
63022,train
45484,train
50308,train
36825,train
66234,train
59872,train
65327,train
29594,train
36031,train
25928,train
57544,train
67819,train
38473,train
19802,train
40267,train
41466,train
29283,train
22210,train
54662,train
66039,train
19036,train
56163,train
48353,train
22487,train
37202,train
38903,train
44400,train
67789,train
11941,train
13111,train
20723,train
9786,train
52764,train
12572,train
47155,train
66592,train
22001,train
8803,train
5636,train
36449,train
4582,train
19779,train
69839,train
33070,train
2578,train
52351,train
21297,train
44609,train
67954,train
48302,train
21114,train
53180,train
10931,train
4632,train
5442,train
68901,train
51745,train
33745,train
9457,train
32480,train
2645,train
2760,train
36168,train
32512,train
4062,train
35175,train
642,train
51260,train
818,train
60331,train
22370,train
56192,train
49737,train
35761,train
23185,train
28401,train
28174,train
20956,train
48469,train
42254,train
36849,train
6951,train
7107,train
27469,train
35967,train
33143,train
51835,train
32034,train
14880,train
68051,train
52896,train
10724,train
2391,train
2090,train
36765,train
27788,train
62041,train
58244,train
57817,train
30592,train
17784,train
40196,train
37208,train
42330,train
64257,train
13477,train
39143,train
1685,train
33918,train
26881,train
23426,train
64574,train
14026,train
16681,train
59938,train
36826,train
68670,train
26312,train
65918,train
6546,train
10821,train
62464,train
1063,train
49908,train
14171,train
69362,train
23758,train
36810,train
67989,train
27660,train
632,train
32818,train
37536,train
39402,train
58279,train
66412,train
56571,train
6001,train
34119,train
49994,train
38675,train
64830,train
57254,train
69937,train
58322,train
15958,train
56824,train
11124,train
42109,train
67150,train
66580,train
42065,train
28015,train
37311,train
66053,train
43287,train
43228,train
38808,train
66788,train
25435,train
17713,train
31093,train
46773,train
66831,train
2001,train
9066,train
41664,train
7251,train
52601,train
14025,train
68066,train
35447,train
16295,train
49466,train
25143,train
25989,train
10137,train
66586,train
11154,train
49481,train
46009,train
14393,train
17672,train
5500,train
27682,train
54448,train
18126,train
68448,train
55521,train
40569,train
63692,train
11739,train
7538,train
50610,train
49957,train
33080,train
45190,train
44857,train
2060,train
26600,train
37846,train
13081,train
10637,train
65077,train
60795,train
10530,train
70446,train
25244,train
19382,train
38085,train
13131,train
39867,train
3320,train
5046,train
13684,train
26063,train
68616,train
52360,train
70345,train
59348,train
34040,train
7888,train
45173,train
45375,train
14769,train
70270,train
70611,train
61064,train
36625,train
43867,train
17420,train
47802,train
60956,train
37934,train
52074,train
43786,train
17806,train
15336,train
13801,train
2630,train
57496,train
20265,train
41421,train
9481,train
14519,train
33494,train
27253,train
67645,train
58627,train
58694,train
64907,train
8170,train
36644,train
69977,train
44447,train
4667,train
42439,train
52145,train
2016,train
47095,train
61573,train
37787,train
45549,train
29889,train
55432,train
33207,train
5956,train
46580,train
29779,train
67527,train
14782,train
5692,train
68196,train
3816,train
35383,train
67935,train
22674,train
29049,train
38537,train
62652,train
15447,train
24301,train
58704,train
63633,train
38966,train
52077,train
2294,train
42210,train
26330,train
36122,train
64863,train
26705,train
25120,train
22888,train
21871,train
48074,train
53053,train
63267,train
33446,train
64135,train
37192,train
41864,train
43998,train
40151,train
41710,train
10753,train
61084,train
65982,train
7407,train
55779,train
70064,train
29767,train
38627,train
48971,train
51994,train
26243,train
48065,train
29979,train
58250,train
10196,train
9652,train
69080,train
39546,train
56485,train
25266,train
62253,train
35842,train
11670,train
23898,train
56553,train
16168,train
51090,train
50360,train
27953,train
15073,train
57357,train
14551,train
30973,train
104,train
44288,train
42672,train
34640,train
56402,train
46943,train
63559,train
21924,train
18670,train
9187,train
54993,train
64407,train
2488,train
51799,train
24930,train
28875,train
48101,train
53933,train
9767,train
59355,train
43329,train
41803,train
36110,train
48692,train
24864,train
70065,train
43167,train
52770,train
6368,train
43890,train
25405,train
3583,train
44692,train
672,train
18892,train
9740,train
62664,train
23602,train
26621,train
17177,train
36630,train
62821,train
45431,train
26457,train
36676,train
33401,train
63127,train
59420,train
7837,train
1778,train
61701,train
64343,train
21043,train
33385,train
55247,train
22906,train
13461,train
47186,train
5461,train
49968,train
46419,train
69259,train
61232,train
30556,train
39569,train
55851,train
6408,train
34263,train
877,train
2006,train
40307,train
37966,train
2634,train
26122,train
43545,train
46648,train
16930,train
292,train
18828,train
51628,train
20221,train
20929,train
27609,train
36939,train
41522,train
20253,train
3204,train
49610,train
29525,train
56639,train
50175,train
32507,train
63812,train
57189,train
24972,train
23311,train
26853,train
9895,train
16040,train
88,train
3267,train
54569,train
55627,train
47452,train
40013,train
8458,train
63476,train
12078,train
42062,train
983,train
67926,train
57173,train
3516,train
38200,train
11988,train
60761,train
11944,train
56659,train
18835,train
19755,train
8812,train
22732,train
7958,train
41748,train
62971,train
17305,train
38950,train
64252,train
10321,train
29852,train
48881,train
2317,train
6486,train
64316,train
14936,train
28704,train
62353,train
26679,train
52545,train
68733,train
22714,train
25354,train
47759,train
13832,train
1326,train
59691,train
21847,train
39373,train
24594,train
41661,train
68979,train
43417,train
9087,train
56179,train
20491,train
32187,train
51155,train
23127,train
23600,train
66612,train
62129,train
14568,train
1268,train
64531,train
48420,train
46912,train
7082,train
70052,train
64981,train
34732,train
55392,train
66105,train
14291,train
60028,train
10516,train
35118,train
21187,train
55915,train
29606,train
51233,train
17011,train
23339,train
40602,train
55761,train
6119,train
41962,train
30688,train
35487,train
34495,train
42560,train
5023,train
48756,train
69931,train
11272,train
53878,train
47234,train
57813,train
39492,train
29533,train
16356,train
18087,train
53931,train
66114,train
40744,train
16988,train
5564,train
51652,train
61120,train
2597,train
15544,train
55236,train
26980,train
42940,train
62238,train
10639,train
29939,train
53910,train
46018,train
46601,train
25458,train
63247,train
5953,train
28585,train
15597,train
9913,train
4560,train
57489,train
1674,train
44576,train
8961,train
26983,train
66464,train
40843,train
41350,train
52648,train
70415,train
62402,train
49503,train
45619,train
45047,train
9190,train
18327,train
40506,train
26830,train
22543,train
57824,train
29286,train
61496,train
9291,train
48929,train
4178,train
15005,train
13472,train
44437,train
52945,train
39075,train
13328,train
69979,train
15091,train
36781,train
60606,train
2381,train
66327,train
5539,train
62320,train
49286,train
24631,train
31410,train
61169,train
21012,train
69832,train
42353,train
7137,train
33640,train
15457,train
27477,train
33034,train
62737,train
48557,train
64063,train
30541,train
18829,train
28941,train
18253,train
9443,train
65202,train
33518,train
48029,train
37499,train
18271,train
51438,train
62250,train
9197,train
68419,train
45539,train
2825,train
55510,train
13939,train
3591,train
40921,train
7262,train
47557,train
11931,train
4839,train
19996,train
66389,train
23765,train
12666,train
39202,train
40430,train
51371,train
27818,train
5479,train
52304,train
35744,train
56707,train
3730,train
18032,train
38324,train
22122,train
51988,train
9600,train
15424,train
13156,train
41389,train
54573,train
6589,train
68693,train
39759,train
31246,train
10684,train
67396,train
27401,train
15742,train
57204,train
21132,train
33150,train
18280,train
12782,train
43375,train
48939,train
14148,train
33592,train
37946,train
3433,train
41618,train
45959,train
34905,train
17914,train
24175,train
28717,train
33712,train
50214,train
29449,train
49129,train
14221,train
59806,train
61046,train
49574,train
62728,train
8219,train
6973,train
48870,train
24109,train
18948,train
9935,train
29089,train
11634,train
15394,train
12931,train
26071,train
1690,train
27045,train
45238,train
7757,train
49037,train
64304,train
61553,train
4076,train
35160,train
50526,train
9444,train
7678,train
23869,train
30037,train
70635,train
54247,train
64697,train
16817,train
29118,train
69682,train
48054,train
63091,train
64004,train
64971,train
44867,train
29498,train
25494,train
22562,train
23187,train
55498,train
10600,train
55813,train
22573,train
25809,train
24607,train
12409,train
7927,train
22625,train
45412,train
59997,train
14321,train
22402,train
50552,train
20295,train
33854,train
23998,train
34370,train
49073,train
32827,train
15896,train
64685,train
20690,train
28811,train
23888,train
27924,train
65801,train
20744,train
34748,train
30937,train
67110,train
60063,train
62038,train
18628,train
56508,train
1922,train
40073,train
47822,train
20448,train
53044,train
2111,train
23884,train
21524,train
64858,train
50170,train
25749,train
389,train
25559,train
36530,train
21978,train
10446,train
30107,train
37460,train
24957,train
64025,train
17210,train
24947,train
40363,train
37604,train
45768,train
20760,train
16201,train
33444,train
10091,train
1192,train
66124,train
25693,train
263,train
527,train
29643,train
42426,train
15706,train
44363,train
43770,train
59976,train
22172,train
58493,train
73,train
7549,train
60971,train
43048,train
31915,train
6717,train
39375,train
42984,train
61915,train
39129,train
53463,train
48429,train
27976,train
6466,train
1675,train
5088,train
28310,train
11831,train
41642,train
51336,train
51193,train
33149,train
47506,train
21972,train
63543,train
37708,train
42990,train
26975,train
8187,train
2479,train
67767,train
20595,train
1152,train
63881,train
69727,train
67941,train
17340,train
44851,train
27165,train
780,train
53967,train
11563,train
32139,train
38562,train
1278,train
5517,train
46152,train
45464,train
12423,train
31063,train
46144,train
55109,train
37127,train
57922,train
49310,train
29455,train
27302,train
69155,train
60898,train
42829,train
55647,train
32272,train
12386,train
33479,train
17532,train
5138,train
2130,train
17554,train
22932,train
59928,train
23122,train
40342,train
56643,train
15250,train
16977,train
69057,train
40674,train
47228,train
9362,train
67267,train
57058,train
43871,train
17404,train
9025,train
44905,train
63504,train
62790,train
66276,train
20337,train
14601,train
66703,train
55985,train
8047,train
3220,train
10945,train
45453,train
3266,train
47636,train
64041,train
6087,train
63561,train
55418,train
10512,train
30624,train
41145,train
9401,train
43910,train
1022,train
41759,train
22867,train
2465,train
62889,train
38799,train
30234,train
49808,train
35557,train
54286,train
54663,train
52993,train
31979,train
9230,train
58462,train
68838,train
830,train
27843,train
26885,train
17273,train
64673,train
19227,train
58016,train
28867,train
56307,train
17514,train
31153,train
10685,train
59636,train
11768,train
24961,train
65340,train
13128,train
24048,train
54507,train
70143,train
8670,train
34009,train
65823,train
26950,train
70138,train
23203,train
63057,train
15893,train
17782,train
32159,train
9745,train
63064,train
64172,train
61866,train
70649,train
149,train
38008,train
57502,train
63241,train
32618,train
44627,train
33842,train
8347,train
58037,train
23668,train
68393,train
67644,train
15392,train
59345,train
14688,train
7992,train
15969,train
23171,train
12154,train
398,train
51027,train
18903,train
25881,train
54504,train
60298,train
17708,train
36414,train
28326,train
12840,train
61747,train
70230,train
61256,train
55299,train
20378,train
68874,train
35494,train
63137,train
15278,train
25516,train
16960,train
36623,train
1290,train
39351,train
58431,train
50665,train
69053,train
37527,train
10539,train
25756,train
65086,train
8375,train
28760,train
68200,train
43877,train
52901,train
63254,train
21594,train
41151,train
66786,train
67678,train
14573,train
52735,train
53882,train
11457,train
31234,train
30020,train
15316,train
69316,train
3909,train
35176,train
50632,train
49983,train
670,train
49393,train
40855,train
13629,train
55014,train
23787,train
14914,train
66830,train
70339,train
34751,train
14910,train
25682,train
35348,train
39382,train
23837,train
3250,train
43114,train
12051,train
61026,train
14957,train
30256,train
68018,train
41343,train
56325,train
19016,train
65221,train
40052,train
35424,train
41823,train
6518,train
46690,train
8017,train
28833,train
50024,train
3570,train
21419,train
58099,train
54329,train
27582,train
7232,train
37155,train
64750,train
51527,train
61157,train
29023,train
37850,train
61320,train
28397,train
1567,train
65809,train
649,train
24620,train
22653,train
34179,train
9682,train
61497,train
67768,train
13936,train
14819,train
20338,train
51609,train
39555,train
53011,train
23598,train
51017,train
59383,train
6745,train
1125,train
10429,train
41629,train
65764,train
38581,train
13205,train
5745,train
4963,train
43740,train
35029,train
23323,train
65489,train
4117,train
11604,train
43465,train
62763,train
59952,train
61726,train
31657,train
45254,train
127,train
67325,train
55053,train
4680,train
4171,train
54405,train
62603,train
11209,train
11025,train
67795,train
59875,train
10920,train
58803,train
18955,train
28457,train
24801,train
53389,train
22119,train
50910,train
42861,train
36568,train
25215,train
33394,train
54768,train
33340,train
70583,train
55529,train
43325,train
14308,train
66650,train
50516,train
18165,train
48380,train
52419,train
57057,train
17308,train
33867,train
50368,train
25553,train
46923,train
51001,train
65114,train
61823,train
22628,train
17775,train
54506,train
59448,train
63696,train
20095,train
1051,train
32185,train
51257,train
55045,train
35111,train
14509,train
9578,train
11259,train
66184,train
68428,train
36275,train
30917,train
34868,train
61813,train
44596,train
31358,train
38401,train
36746,train
41647,train
22630,train
43269,train
50621,train
25786,train
4446,train
6028,train
5356,train
37842,train
63854,train
51240,train
70676,train
53064,train
66460,train
10185,train
32070,train
32900,train
30800,train
66820,train
34054,train
43070,train
29867,train
50688,train
41801,train
20567,train
40982,train
24455,train
64928,train
2304,train
20868,train
52707,train
16307,train
21371,train
31551,train
61237,train
34674,train
34323,train
32053,train
34114,train
6076,train
8571,train
13642,train
11731,train
19670,train
39543,train
6008,train
40426,train
22682,train
44034,train
0,train
11038,train
23404,train
63109,train
63782,train
20289,train
24280,train
38900,train
57546,train
27458,train
59529,train
36747,train
47540,train
30538,train
15318,train
26239,train
69816,train
58879,train
55115,train
56254,train
6923,train
13020,train
15181,train
26726,train
69756,train
29271,train
51213,train
64329,train
26486,train
41277,train
55880,train
48723,train
64711,train
67142,train
50290,train
1576,train
13859,train
5650,train
17391,train
63390,train
36737,train
39507,train
30635,train
13855,train
48780,train
30263,train
33533,train
42355,train
58888,train
12847,train
59278,train
27959,train
3094,train
39439,train
52192,train
6797,train
50548,train
46905,train
34060,train
45763,train
59619,train
60496,train
51386,train
14735,train
45044,train
50711,train
19580,train
49538,train
1436,train
24536,train
36390,train
25309,train
24579,train
19136,train
990,train
54772,train
28160,train
52561,train
3706,train
28188,train
33353,train
4565,train
57245,train
37637,train
2262,train
9344,train
32670,train
47028,train
21498,train
49177,train
17107,train
41323,train
65367,train
52554,train
32862,train
1489,train
56267,train
2405,train
15266,train
70646,train
29075,train
36146,train
70215,train
50486,train
36126,train
36540,train
32732,train
29353,train
69114,train
13492,train
18145,train
51060,train
69248,train
6382,train
18801,train
30050,train
37886,train
57413,train
36121,train
6018,train
41299,train
69123,train
63863,train
32235,train
52731,train
40659,train
30520,train
50429,train
41106,train
53786,train
23510,train
65113,train
17513,train
56675,train
65069,train
5728,train
3434,train
66228,train
35315,train
4765,train
56748,train
64512,train
50782,train
47434,train
49547,train
37952,train
42938,train
48953,train
39812,train
827,train
30813,train
32140,train
60546,train
19587,train
69408,train
11849,train
10972,train
61340,train
55029,train
65718,train
19183,train
1949,train
62848,train
63615,train
53857,train
68305,train
9472,train
12570,train
20217,train
20750,train
67144,train
7920,train
45204,train
47221,train
42785,train
42830,train
1366,train
8245,train
37687,train
60101,train
30990,train
51230,train
68212,train
69033,train
14021,train
15683,train
5258,train
15546,train
64335,train
47438,train
8489,train
28,train
33597,train
7238,train
66512,train
41681,train
61807,train
51907,train
11848,train
57140,train
69174,train
24886,train
22411,train
15583,train
30600,train
42304,train
19170,train
61923,train
21814,train
60823,train
9452,train
50749,train
35910,train
24493,train
9223,train
62193,train
33360,train
10710,train
53781,train
44944,train
54939,train
55589,train
56664,train
23851,train
69766,train
50565,train
45541,train
3481,train
57637,train
14541,train
40139,train
15147,train
18477,train
3844,train
52036,train
15486,train
48146,train
61843,train
33301,train
28162,train
34280,train
10947,train
17990,train
4479,train
38415,train
57559,train
64385,train
59881,train
40050,train
52194,train
10357,train
40266,train
9893,train
31257,train
38677,train
60413,train
56839,train
50741,train
11116,train
27412,train
62134,train
1378,train
54238,train
11120,train
64442,train
19512,train
33732,train
34805,train
18915,train
50358,train
42584,train
68290,train
64273,train
34711,train
29319,train
9815,train
19894,train
49687,train
3464,train
47063,train
30757,train
60079,train
30303,train
34642,train
69177,train
45353,train
33794,train
38857,train
42964,train
69334,train
21075,train
48477,train
25448,train
21770,train
8906,train
22416,train
64279,train
32968,train
48697,train
49355,train
16246,train
29671,train
19133,train
20985,train
28842,train
55974,train
44767,train
3671,train
20997,train
19507,train
40085,train
19243,train
2248,train
47880,train
56722,train
68848,train
34689,train
61144,train
59835,train
42808,train
67793,train
4221,train
63735,train
38990,train
56651,train
3695,train
19537,train
68392,train
47021,train
351,train
48850,train
35606,train
27087,train
6393,train
4425,train
63568,train
2872,train
18139,train
23782,train
36754,train
17310,train
30522,train
18635,train
429,train
34048,train
40473,train
18893,train
17938,train
2647,train
43320,train
69462,train
2503,train
70261,train
16619,train
56960,train
45718,train
62427,train
45130,train
59096,train
33046,train
7793,train
53509,train
11366,train
345,train
32459,train
48550,train
16387,train
61966,train
61183,train
14644,train
774,train
43919,train
51771,train
2135,train
66119,train
33503,train
11934,train
52338,train
32038,train
16786,train
9371,train
26510,train
60560,train
60339,train
66938,train
19974,train
57641,train
23679,train
67732,train
24318,train
40670,train
7003,train
5787,train
59078,train
22430,train
3222,train
70251,train
70382,train
24566,train
10159,train
65557,train
452,train
41465,train
6867,train
63889,train
27994,train
21721,train
38834,train
24665,train
51569,train
62414,train
57252,train
133,train
9976,train
49494,train
27127,train
14983,train
24577,train
48172,train
19826,train
31589,train
44637,train
57083,train
60638,train
45059,train
46701,train
38864,train
70479,train
43934,train
26043,train
20858,train
14149,train
66773,train
20424,train
19188,train
17896,train
4323,train
16444,train
34879,train
10499,train
62609,train
35392,train
26152,train
54728,train
21097,train
16427,train
21432,train
55690,train
59717,train
46478,train
22890,train
61673,train
21785,train
26937,train
43416,train
54108,train
66984,train
66596,train
57636,train
8960,train
37936,train
23692,train
22418,train
50373,train
57025,train
43759,train
29150,train
33669,train
53825,train
55577,train
7229,train
66744,train
45979,train
69823,train
65134,train
58551,train
69413,train
47087,train
38720,train
5343,train
52503,train
13059,train
46296,train
20017,train
6150,train
47446,train
57007,train
36385,train
51286,train
60566,train
70621,train
64038,train
627,train
4892,train
5433,train
8944,train
11069,train
12837,train
15743,train
69034,train
31547,train
43804,train
3071,train
28542,train
63129,train
25776,train
63744,train
13238,train
2920,train
31510,train
9052,train
45398,train
36092,train
17640,train
40540,train
66296,train
29391,train
53176,train
33184,train
68346,train
24723,train
59819,train
57984,train
56950,train
69767,train
34332,train
33001,train
46979,train
26067,train
48671,train
57426,train
69227,train
59565,train
22635,train
37098,train
62065,train
20968,train
7489,train
62654,train
40210,train
5949,train
51494,train
63767,train
58043,train
66678,train
26360,train
68759,train
23458,train
9402,train
1064,train
42164,train
44791,train
61975,train
44962,train
26195,train
41548,train
21196,train
33809,train
42786,train
13841,train
58078,train
12082,train
22133,train
27348,train
10263,train
30427,train
16171,train
37917,train
31592,train
11729,train
36171,train
17090,train
3624,train
11609,train
10332,train
45000,train
26644,train
65231,train
2267,train
55815,train
57781,train
23318,train
55227,train
37422,train
37617,train
56131,train
6176,train
21292,train
67512,train
62092,train
9388,train
63813,train
12622,train
5428,train
9897,train
699,train
24398,train
29519,train
55224,train
11956,train
8546,train
11123,train
13846,train
15080,train
66547,train
6240,train
3366,train
14752,train
49970,train
33651,train
10273,train
30236,train
48537,train
1818,train
10060,train
7552,train
44122,train
6059,train
60722,train
54828,train
28719,train
59726,train
24191,train
32697,train
61149,train
43969,train
22447,train
25159,train
58983,train
28843,train
33505,train
25225,train
581,train
38517,train
30493,train
59086,train
52252,train
46148,train
2416,train
42370,train
38958,train
39783,train
2782,train
54451,train
3017,train
11781,train
3931,train
21976,train
40148,train
68855,train
45021,train
27379,train
66849,train
42812,train
44634,train
37633,train
68739,train
60119,train
5678,train
39946,train
43171,train
51018,train
24138,train
9748,train
6878,train
56189,train
2439,train
60087,train
12571,train
57287,train
63140,train
62753,train
42730,train
69674,train
48739,train
59694,train
15632,train
42282,train
39176,train
19689,train
65953,train
50375,train
60170,train
22031,train
40037,train
54988,train
8303,train
19555,train
45292,train
48849,train
27376,train
35985,train
20753,train
61799,train
13890,train
47521,train
66645,train
40525,train
26532,train
69512,train
24118,train
66583,train
51660,train
69200,train
28888,train
38223,train
59274,train
3207,train
62288,train
61011,train
17802,train
54720,train
22694,train
15396,train
8528,train
14945,train
2371,train
31349,train
18685,train
36191,train
22306,train
45018,train
62032,train
3117,train
52256,train
32567,train
51123,train
9434,train
43536,train
42522,train
60392,train
7950,train
46698,train
3325,train
27017,train
61736,train
63195,train
28959,train
23772,train
18318,train
5518,train
8564,train
29350,train
38102,train
34699,train
59534,train
64066,train
25525,train
52150,train
38038,train
43454,train
40191,train
48601,train
8767,train
37053,train
13362,train
62665,train
70652,train
44420,train
38622,train
67809,train
35215,train
15171,train
48553,train
63034,train
31874,train
53692,train
11348,train
21764,train
4045,train
21821,train
49954,train
3191,train
66704,train
24726,train
58480,train
19260,train
26433,train
50813,train
34818,train
17393,train
25193,train
63225,train
67440,train
23786,train
48471,train
28988,train
64568,train
59682,train
45779,train
13071,train
37205,train
39147,train
42937,train
24838,train
21645,train
55569,train
34890,train
8859,train
22253,train
10247,train
35259,train
67127,train
42867,train
3179,train
29580,train
60254,train
11066,train
33405,train
19546,train
46839,train
44486,train
57298,train
10162,train
29359,train
29076,train
40521,train
20508,train
21749,train
36585,train
45580,train
13487,train
28259,train
40183,train
42029,train
39229,train
47096,train
28140,train
57262,train
28152,train
41829,train
7983,train
47110,train
70002,train
17394,train
13133,train
67668,train
29952,train
33677,train
3230,train
46454,train
62965,train
51542,train
69407,train
50851,train
61349,train
60547,train
36868,train
58359,train
28229,train
21949,train
25843,train
22057,train
9156,train
25118,train
8712,train
50396,train
36263,train
55196,train
33904,train
18415,train
28077,train
67684,train
48144,train
18250,train
63628,train
15618,train
29681,train
2895,train
22153,train
54717,train
55320,train
65449,train
3470,train
47605,train
6446,train
24833,train
44414,train
62843,train
54501,train
47949,train
17241,train
62533,train
35275,train
17989,train
66085,train
23908,train
21017,train
14450,train
13974,train
35177,train
67880,train
15907,train
55712,train
60759,train
69736,train
38369,train
42089,train
61613,train
13437,train
11605,train
22251,train
31314,train
66083,train
7860,train
48502,train
14307,train
1586,train
45802,train
64498,train
41906,train
43115,train
32772,train
5715,train
5387,train
61898,train
31282,train
6894,train
53663,train
64766,train
19160,train
25818,train
39116,train
66455,train
19832,train
21967,train
66176,train
50410,train
8383,train
5383,train
68583,train
20823,train
56893,train
37263,train
32149,train
25518,train
32913,train
35615,train
6238,train
4148,train
50285,train
23402,train
10604,train
60185,train
16388,train
67301,train
29236,train
4333,train
8975,train
30166,train
46710,train
59770,train
44865,train
32121,train
49417,train
38208,train
19505,train
24142,train
21274,train
48123,train
693,train
17371,train
49295,train
50949,train
61459,train
42974,train
54945,train
9398,train
46606,train
13755,train
32916,train
69079,train
14571,train
43394,train
2574,train
2952,train
46563,train
38221,train
15837,train
6120,train
21133,train
35225,train
20497,train
11495,train
36546,train
16072,train
31192,train
54871,train
8027,train
68371,train
6263,train
58948,train
23237,train
31245,train
36129,train
65323,train
67318,train
42539,train
60942,train
25508,train
63186,train
16505,train
30998,train
38798,train
4552,train
26892,train
68650,train
70668,train
20602,train
54190,train
52745,train
55646,train
34438,train
18718,train
16887,train
51642,train
20930,train
10816,train
7480,train
40442,train
8324,train
58276,train
42604,train
60843,train
26345,train
45340,train
38513,train
4589,train
53066,train
56959,train
56979,train
62170,train
49787,train
39984,train
36286,train
56156,train
47530,train
1140,train
42618,train
11817,train
36371,train
9328,train
54220,train
457,train
3134,train
48883,train
24992,train
54750,train
54196,train
9144,train
21679,train
14051,train
47652,train
69913,train
3586,train
65398,train
42166,train
59681,train
35256,train
48049,train
30116,train
10711,train
14278,train
7687,train
9470,train
20942,train
16879,train
19899,train
56336,train
58576,train
44923,train
26910,train
23966,train
47761,train
13999,train
27000,train
32606,train
68887,train
50105,train
44477,train
63545,train
29235,train
14968,train
33492,train
10529,train
48943,train
33861,train
35045,train
11245,train
3681,train
29190,train
30147,train
27038,train
47388,train
18484,train
15097,train
39758,train
27909,train
64467,train
37740,train
61201,train
36489,train
38377,train
49995,train
54408,train
10289,train
2374,train
56117,train
59387,train
12604,train
27861,train
26059,train
11455,train
27122,train
54777,train
47035,train
67700,train
52291,train
44816,train
12278,train
9231,train
4139,train
8477,train
41463,train
18864,train
50178,train
37524,train
57985,train
46531,train
21826,train
42303,train
46576,train
39581,train
35937,train
43232,train
50044,train
27599,train
19069,train
47273,train
15944,train
27129,train
15238,train
19678,train
47149,train
24504,train
42703,train
65534,train
24710,train
25605,train
53240,train
30027,train
61376,train
14047,train
39593,train
39443,train
9154,train
2937,train
75,train
9708,train
60105,train
60394,train
67604,train
437,train
53502,train
64693,train
67826,train
12322,train
56994,train
24844,train
31703,train
12614,train
31647,train
13663,train
31762,train
53764,train
18143,train
5116,train
36578,train
33795,train
6940,train
63183,train
32590,train
2075,train
15981,train
30141,train
20290,train
52328,train
18365,train
4052,train
51142,train
48789,train
32607,train
4144,train
38525,train
47329,train
19028,train
27946,train
28497,train
8436,train
63133,train
64307,train
48867,train
65315,train
2797,train
5120,train
9002,train
2239,train
68740,train
13518,train
12643,train
30486,train
62390,train
64392,train
67137,train
68132,train
28297,train
66930,train
6812,train
69426,train
11720,train
47246,train
10863,train
56380,train
21396,train
64602,train
11257,train
60695,train
57527,train
62043,train
47409,train
54409,train
22555,train
63035,train
51685,train
35908,train
21395,train
32018,train
31848,train
14487,train
63176,train
9356,train
57661,train
44605,train
65639,train
62718,train
37847,train
46060,train
23176,train
53433,train
41799,train
24828,train
46599,train
69129,train
8542,train
27533,train
51168,train
47918,train
42934,train
56897,train
30730,train
45887,train
52953,train
41339,train
61522,train
50353,train
41076,train
55601,train
61718,train
24389,train
28628,train
65642,train
39216,train
50183,train
21617,train
35134,train
13725,train
69819,train
10733,train
63982,train
3239,train
6982,train
61018,train
63179,train
5713,train
19457,train
56183,train
5224,train
34076,train
37334,train
2610,train
23819,train
5827,train
11612,train
17214,train
47991,train
65684,train
55018,train
41556,train
5943,train
38906,train
28806,train
48942,train
37530,train
37021,train
25077,train
2508,train
25877,train
49367,train
41390,train
3727,train
31087,train
4293,train
5600,train
19392,train
5871,train
55180,train
10157,train
3502,train
8118,train
68294,train
55241,train
69223,train
3078,train
43661,train
19474,train
8122,train
59277,train
9922,train
21553,train
55792,train
40289,train
38443,train
42514,train
60529,train
60873,train
29961,train
59422,train
59488,train
24656,train
70029,train
15984,train
65409,train
6487,train
40809,train
68975,train
32998,train
51706,train
29534,train
35316,train
12298,train
70164,train
7168,train
54131,train
48022,train
48150,train
68176,train
34532,train
4248,train
49629,train
42399,train
8357,train
13740,train
52258,train
2349,train
42536,train
44885,train
52727,train
59010,train
66131,train
55869,train
62660,train
48404,train
21203,train
48365,train
49121,train
57840,train
6485,train
52142,train
55143,train
64183,train
17374,train
41667,train
63182,train
39428,train
34878,train
3605,train
17195,train
34710,train
26935,train
14311,train
31255,train
50836,train
39281,train
54915,train
36803,train
6929,train
9208,train
53690,train
28170,train
53253,train
23730,train
64463,train
32604,train
66833,train
7801,train
40558,train
635,train
24827,train
64227,train
38434,train
67373,train
26037,train
15863,train
62181,train
17010,train
10776,train
32212,train
22992,train
16432,train
3395,train
18695,train
9477,train
61641,train
68211,train
22301,train
30012,train
50043,train
19570,train
7335,train
1486,train
38282,train
2170,train
17163,train
28198,train
54352,train
64006,train
29557,train
56233,train
62858,train
36758,train
27193,train
66419,train
53231,train
65527,train
66588,train
23880,train
1130,train
3188,train
45167,train
3284,train
589,train
36261,train
16787,train
55938,train
27352,train
15662,train
61960,train
61620,train
29497,train
50148,train
26725,train
18434,train
28054,train
9937,train
68604,train
45338,train
33489,train
6964,train
45651,train
31436,train
31071,train
34234,train
55965,train
28540,train
31307,train
63571,train
10537,train
56587,train
31983,train
24402,train
57042,train
41537,train
66375,train
44515,train
50983,train
52980,train
25224,train
57656,train
27336,train
39800,train
4396,train
13034,train
59477,train
28568,train
42363,train
26687,train
45144,train
7575,train
11164,train
64481,train
56954,train
38308,train
12191,train
36474,train
36806,train
24059,train
52273,train
61119,train
33788,train
65364,train
40976,train
55232,train
37297,train
15561,train
7123,train
61420,train
13732,train
52272,train
65146,train
16153,train
9201,train
6857,train
27131,train
33737,train
3013,train
62710,train
61720,train
27676,train
67523,train
7368,train
17635,train
2753,train
42873,train
30494,train
41414,train
8145,train
60152,train
45905,train
59704,train
51506,train
38692,train
22097,train
16551,train
64584,train
54357,train
30326,train
36700,train
64713,train
3807,train
3600,train
51357,train
14091,train
20007,train
32262,train
67302,train
15630,train
65646,train
49701,train
11227,train
16352,train
39775,train
68000,train
17101,train
66594,train
67976,train
53588,train
7974,train
65338,train
25884,train
37184,train
17135,train
21487,train
38989,train
48129,train
21992,train
9123,train
10257,train
62266,train
44455,train
54106,train
69861,train
55185,train
17211,train
55920,train
69167,train
38033,train
33558,train
36037,train
58841,train
52898,train
46255,train
22705,train
18345,train
1219,train
48759,train
61007,train
32929,train
311,train
36978,train
1497,train
60504,train
1935,train
66543,train
51262,train
34650,train
57104,train
39764,train
55298,train
46804,train
29453,train
40215,train
51510,train
29128,train
53624,train
49607,train
56851,train
30339,train
66801,train
3827,train
50180,train
47985,train
15934,train
6016,train
46350,train
25554,train
65159,train
38078,train
2126,train
22117,train
1880,train
25030,train
52568,train
51346,train
68335,train
40572,train
4123,train
5260,train
66775,train
27167,train
57196,train
35038,train
11293,train
67250,train
7830,train
53564,train
62112,train
56567,train
54237,train
63761,train
26388,train
4244,train
11601,train
8186,train
44661,train
68799,train
46100,train
35550,train
38087,train
25617,train
32115,train
22858,train
53014,train
41945,train
678,train
65616,train
43052,train
61895,train
22637,train
18245,train
22135,train
28825,train
23350,train
67734,train
35786,train
32117,train
52811,train
44765,train
20622,train
60216,train
11237,train
36274,train
11234,train
22225,train
30093,train
65531,train
57942,train
30129,train
35146,train
59016,train
22358,train
52052,train
19177,train
27483,train
35247,train
49577,train
46959,train
15395,train
60540,train
49984,train
34038,train
57566,train
41565,train
1873,train
60124,train
17920,train
54540,train
4297,train
6226,train
62703,train
54384,train
32297,train
62508,train
32337,train
66560,train
67179,train
17528,train
46765,train
62764,train
40518,train
16554,train
17874,train
50800,train
54614,train
70549,train
7706,train
13025,train
41360,train
37555,train
56860,train
59481,train
25537,train
35600,train
10578,train
9656,train
48787,train
35905,train
30248,train
40399,train
46302,train
12976,train
8503,train
8110,train
26867,train
45279,train
70500,train
20834,train
38638,train
68885,train
26362,train
36413,train
65478,train
41957,train
50896,train
30876,train
46195,train
22626,train
57014,train
39170,train
59153,train
66759,train
57902,train
63853,train
62356,train
14054,train
15155,train
10397,train
47795,train
61883,train
26802,train
55041,train
2985,train
62915,train
37379,train
16764,train
37306,train
42847,train
52467,train
36063,train
15975,train
1827,train
42503,train
45685,train
35074,train
36138,train
17019,train
3843,train
11466,train
342,train
53834,train
38594,train
62550,train
59473,train
51786,train
26137,train
46874,train
17826,train
11690,train
6613,train
31402,train
13099,train
47603,train
52660,train
42179,train
16068,train
66037,train
31736,train
28785,train
23997,train
65046,train
12836,train
34744,train
59730,train
39787,train
6412,train
8420,train
67656,train
7739,train
25808,train
52013,train
51658,train
46929,train
355,train
23121,train
24336,train
39105,train
18395,train
44315,train
8673,train
56698,train
17008,train
43164,train
68041,train
55517,train
27397,train
50606,train
54538,train
48279,train
45109,train
59616,train
9097,train
15954,train
57777,train
36170,train
14081,train
11578,train
34577,train
45550,train
5782,train
62052,train
33035,train
68076,train
60544,train
29510,train
62019,train
52645,train
40445,train
66743,train
6715,train
51319,train
51535,train
7482,train
39937,train
33255,train
19624,train
9906,train
51732,train
59139,train
36973,train
25334,train
26440,train
19957,train
47736,train
62257,train
12740,train
10986,train
7292,train
6998,train
38788,train
9460,train
42751,train
14937,train
22496,train
43178,train
24615,train
59294,train
15770,train
41334,train
38273,train
28340,train
57671,train
8954,train
3299,train
9787,train
46379,train
16823,train
12748,train
17565,train
28366,train
58846,train
60034,train
60282,train
66618,train
28632,train
48386,train
5191,train
46835,train
44706,train
64916,train
48410,train
44182,train
17838,train
33914,train
61979,train
8000,train
28676,train
21268,train
62641,train
43494,train
1244,train
70642,train
48741,train
62362,train
744,train
35757,train
41705,train
12966,train
40099,train
45810,train
56385,train
63237,train
38463,train
58871,train
9239,train
51783,train
64983,train
1867,train
4331,train
50765,train
34432,train
62127,train
33275,train
31218,train
36257,train
6636,train
8132,train
7392,train
61989,train
13166,train
37794,train
47350,train
47728,train
57072,train
67014,train
48499,train
27985,train
62671,train
51520,train
6132,train
46401,train
33925,train
26897,train
37416,train
66011,train
57745,train
11490,train
35229,train
28372,train
60291,train
52667,train
47357,train
27135,train
33168,train
68201,train
53952,train
66012,train
68050,train
25804,train
11341,train
26223,train
2668,train
49063,train
54795,train
7580,train
53981,train
29940,train
63449,train
21697,train
11391,train
34130,train
48611,train
61805,train
57940,train
63566,train
1849,train
64524,train
44079,train
51848,train
5458,train
6017,train
59192,train
37883,train
38866,train
70416,train
2720,train
20790,train
16714,train
62514,train
11928,train
27018,train
25401,train
62698,train
8696,train
48512,train
54755,train
70104,train
25475,train
36364,train
24390,train
50626,train
68767,train
42575,train
47470,train
27491,train
68978,train
7357,train
44392,train
16092,train
15464,train
22970,train
9855,train
31478,train
6570,train
31066,train
8368,train
2062,train
48300,train
69594,train
70678,train
52469,train
33069,train
56763,train
2240,train
31208,train
67841,train
69350,train
62673,train
2293,train
9542,train
45085,train
58808,train
12495,train
41916,train
34753,train
32281,train
1565,train
32218,train
32598,train
27056,train
66905,train
64239,train
30748,train
26765,train
3616,train
40110,train
45242,train
8512,train
10230,train
20689,train
30148,train
10484,train
26481,train
27509,train
65737,train
46607,train
42247,train
1638,train
45700,train
12900,train
37229,train
9505,train
23480,train
36040,train
25022,train
8249,train
11514,train
63914,train
40838,train
15148,train
68805,train
27026,train
2268,train
54436,train
53062,train
20881,train
62298,train
44635,train
18531,train
42603,train
48224,train
10373,train
31885,train
14739,train
26525,train
53948,train
53842,train
13056,train
47586,train
25094,train
5774,train
1955,train
2181,train
9347,train
24099,train
10844,train
2018,train
41903,train
45208,train
7215,train
18127,train
29904,train
57023,train
69865,train
35087,train
63993,train
53010,train
61640,train
16033,train
14556,train
65683,train
37481,train
17223,train
35791,train
69049,train
45150,train
15444,train
56062,train
55261,train
14633,train
984,train
53852,train
60846,train
39957,train
59926,train
61845,train
23566,train
34885,train
3210,train
48683,train
29724,train
38536,train
41046,train
19610,train
9095,train
26121,train
38777,train
34632,train
2107,train
68095,train
30409,train
26305,train
12529,train
58143,train
7566,train
25273,train
52329,train
996,train
68380,train
30974,train
55087,train
33719,train
35712,train
51006,train
13844,train
50447,train
42385,train
28180,train
50549,train
43984,train
67087,train
55350,train
28102,train
17342,train
5204,train
473,train
67797,train
22047,train
63790,train
40308,train
48807,train
57069,train
1460,train
2162,train
12170,train
2438,train
63513,train
58735,train
173,train
31489,train
66958,train
44745,train
31213,train
68982,train
54967,train
30948,train
3654,train
29412,train
58958,train
24744,train
68628,train
52396,train
37220,train
38498,train
53229,train
46876,train
64889,train
41620,train
45099,train
65901,train
45392,train
47196,train
40270,train
39905,train
10607,train
47854,train
57266,train
55380,train
24599,train
57269,train
27842,train
37739,train
62883,train
8123,train
42529,train
42443,train
25816,train
5896,train
26306,train
15256,train
5406,train
13553,train
59796,train
39073,train
61054,train
68388,train
67258,train
43657,train
20780,train
33628,train
65152,train
10492,train
46527,train
49669,train
26377,train
35779,train
22431,train
37339,train
25770,train
55722,train
27270,train
42295,train
66567,train
52996,train
7478,train
35857,train
35746,train
55131,train
46375,train
1851,train
18800,train
11358,train
19419,train
20257,train
34955,train
62659,train
43534,train
65182,train
54104,train
26905,train
20296,train
59212,train
67853,train
67803,train
47272,train
11709,train
9747,train
15153,train
29168,train
22029,train
54207,train
8321,train
65964,train
47518,train
8586,train
17110,train
65897,train
11998,train
53958,train
44390,train
16984,train
38822,train
35479,train
46747,train
13375,train
39372,train
61575,train
40259,train
53445,train
11693,train
16963,train
4810,train
45031,train
27628,train
49797,train
21209,train
10377,train
58670,train
15850,train
60839,train
68204,train
16725,train
49642,train
61211,train
39667,train
56904,train
6239,train
39408,train
68279,train
49509,train
56725,train
48696,train
20577,train
50334,train
18034,train
50331,train
40871,train
63905,train
17600,train
3898,train
11697,train
32506,train
15195,train
8793,train
34354,train
43297,train
13703,train
65845,train
11480,train
46983,train
64493,train
37858,train
66636,train
5239,train
39962,train
51446,train
28828,train
55935,train
70512,train
14196,train
54878,train
47806,train
9140,train
27174,train
23125,train
3164,train
74,train
46077,train
20081,train
11224,train
45368,train
43590,train
53888,train
50693,train
58217,train
44118,train
68399,train
37159,train
27060,train
41592,train
1407,train
65237,train
21804,train
42378,train
9576,train
61134,train
2850,train
19869,train
20786,train
40303,train
6080,train
58528,train
6280,train
53715,train
16581,train
52978,train
58708,train
15707,train
2685,train
49962,train
19597,train
41508,train
31994,train
44357,train
2344,train
18380,train
44600,train
40180,train
29814,train
40941,train
54419,train
30824,train
17338,train
52034,train
58546,train
54483,train
67337,train
51122,train
4676,train
27740,train
44497,train
58259,train
13906,train
69836,train
31870,train
44067,train
10380,train
24595,train
275,train
60921,train
48125,train
30185,train
660,train
31548,train
3544,train
64674,train
29687,train
49158,train
16093,train
4480,train
30374,train
64285,train
29744,train
28782,train
55607,train
24000,train
52169,train
23181,train
46770,train
36891,train
18399,train
33980,train
70021,train
43751,train
55365,train
69733,train
21773,train
45530,train
7784,train
36353,train
64747,train
38066,train
1499,train
29938,train
14060,train
28273,train
13730,train
38343,train
53325,train
22612,train
27690,train
51656,train
34647,train
11907,train
20641,train
67181,train
7976,train
58360,train
47999,train
6460,train
56638,train
33022,train
276,train
44620,train
48121,train
65511,train
44225,train
3374,train
2116,train
34687,train
18588,train
61082,train
60885,train
39696,train
26426,train
60623,train
10179,train
13772,train
59972,train
17401,train
8369,train
45380,train
50050,train
44823,train
9788,train
45399,train
21671,train
15137,train
69132,train
29231,train
42525,train
58220,train
1308,train
35955,train
30466,train
69740,train
53920,train
26265,train
40902,train
43148,train
69485,train
6144,train
34970,train
26036,train
55075,train
19666,train
31978,train
14761,train
68494,train
24668,train
43848,train
15634,train
50498,train
24517,train
51558,train
3189,train
48508,train
43256,train
12934,train
45440,train
64394,train
19104,train
26193,train
51320,train
44549,train
56750,train
13687,train
15575,train
54641,train
60481,train
23401,train
14401,train
60223,train
42154,train
11694,train
10929,train
35567,train
17940,train
15864,train
11707,train
14674,train
57578,train
42999,train
65988,train
27057,train
47864,train
62300,train
8160,train
12879,train
63991,train
50159,train
26294,train
57114,train
47074,train
65397,train
25937,train
20569,train
14535,train
48187,train
16695,train
18465,train
23921,train
21491,train
60773,train
6871,train
48,train
53310,train
34722,train
41859,train
11121,train
6389,train
55138,train
27259,train
9234,train
37855,train
36936,train
9145,train
10258,train
63168,train
36963,train
69762,train
67351,train
21928,train
11456,train
29822,train
29656,train
58758,train
39794,train
30667,train
60580,train
16699,train
19143,train
64468,train
64422,train
58255,train
19191,train
31242,train
67723,train
37386,train
66056,train
52220,train
57272,train
63085,train
50332,train
65728,train
32816,train
48498,train
2159,train
1590,train
63044,train
57624,train
16390,train
34957,train
26167,train
48269,train
41306,train
48973,train
22076,train
31104,train
33316,train
20876,train
43238,train
53551,train
61123,train
47477,train
13213,train
888,train
2402,train
26453,train
46277,train
4600,train
17427,train
11828,train
10025,train
63497,train
70174,train
23334,train
25595,train
63544,train
5135,train
60113,train
16775,train
62860,train
11085,train
8394,train
23613,train
62441,train
40667,train
31776,train
8506,train
20939,train
27365,train
64688,train
2321,train
3176,train
31727,train
61385,train
64136,train
64854,train
13483,train
9174,train
54619,train
27215,train
35707,train
53087,train
44941,train
15446,train
34981,train
51379,train
68795,train
54974,train
24116,train
68918,train
34808,train
15576,train
2069,train
55911,train
43976,train
26578,train
20700,train
8150,train
39531,train
56286,train
39167,train
3805,train
69829,train
2494,train
7170,train
7361,train
8328,train
33609,train
59696,train
68772,train
65268,train
69607,train
50269,train
55056,train
9653,train
23570,train
66695,train
65486,train
41068,train
19343,train
15340,train
51182,train
35892,train
51919,train
41779,train
11501,train
43129,train
69384,train
4612,train
51068,train
16191,train
40693,train
28921,train
23652,train
34740,train
26316,train
22069,train
50860,train
29639,train
3371,train
56967,train
16998,train
44133,train
13830,train
8585,train
27896,train
48571,train
65693,train
55793,train
31430,train
28234,train
37819,train
2531,train
19845,train
124,train
44847,train
65188,train
34862,train
28178,train
23801,train
10916,train
9569,train
18440,train
67172,train
41418,train
54617,train
60308,train
21571,train
64706,train
6757,train
50611,train
23517,train
46324,train
31045,train
60513,train
45548,train
37289,train
70153,train
16133,train
66035,train
44614,train
4260,train
14286,train
43016,train
70620,train
30388,train
8082,train
52946,train
7326,train
17075,train
24392,train
61832,train
28588,train
64288,train
3026,train
63278,train
36089,train
21534,train
62809,train
41963,train
39628,train
32290,train
8302,train
53105,train
54031,train
44092,train
2255,train
39517,train
15861,train
24530,train
56230,train
12800,train
30223,train
47139,train
52454,train
36796,train
35586,train
65649,train
38604,train
27027,train
39669,train
18654,train
41918,train
59032,train
41970,train
59304,train
44209,train
63723,train
27756,train
2176,train
15640,train
870,train
15817,train
163,train
32278,train
42946,train
40319,train
68440,train
35226,train
50714,train
47392,train
42772,train
43873,train
39687,train
39927,train
28969,train
66608,train
47213,train
21036,train
30589,train
15874,train
57787,train
55606,train
51234,train
62454,train
5817,train
13654,train
27368,train
52295,train
34795,train
9487,train
57213,train
61638,train
12489,train
67058,train
6237,train
51511,train
57894,train
18717,train
42907,train
69060,train
20106,train
56817,train
70375,train
50467,train
379,train
20186,train
45553,train
684,train
63050,train
24021,train
19805,train
6803,train
23773,train
11873,train
16599,train
52651,train
53255,train
56270,train
56761,train
58072,train
4705,train
37167,train
57744,train
58144,train
67516,train
22356,train
58392,train
29829,train
43414,train
614,train
31513,train
19547,train
7079,train
15239,train
6963,train
38061,train
43218,train
34098,train
63676,train
60010,train
70637,train
56788,train
58682,train
1944,train
64552,train
4703,train
12139,train
39862,train
47748,train
48421,train
50030,train
15734,train
51392,train
54935,train
49265,train
44658,train
41164,train
31023,train
67830,train
12640,train
22549,train
68925,train
36938,train
5412,train
25005,train
3297,train
21840,train
41978,train
22504,train
50986,train
43399,train
38499,train
38639,train
415,train
45995,train
47581,train
60644,train
68105,train
69669,train
37395,train
5127,train
22948,train
46560,train
67595,train
1380,train
55751,train
69164,train
46785,train
37081,train
40150,train
57793,train
56052,train
42835,train
27120,train
15513,train
34898,train
7194,train
56727,train
10241,train
7328,train
46294,train
67215,train
69583,train
55276,train
42838,train
33816,train
19687,train
37039,train
44861,train
54598,train
3864,train
62901,train
44917,train
7467,train
7319,train
33986,train
34698,train
14497,train
716,train
26908,train
63432,train
47943,train
52168,train
41231,train
47896,train
29301,train
47194,train
21134,train
43533,train
24240,train
69160,train
67861,train
31222,train
23486,train
37829,train
43338,train
15385,train
27530,train
66205,train
35024,train
20486,train
9294,train
34940,train
10748,train
42130,train
65908,train
61181,train
48808,train
29397,train
243,train
50392,train
51763,train
63151,train
5739,train
60131,train
50496,train
25113,train
38327,train
53269,train
45134,train
51782,train
9088,train
53965,train
25447,train
58850,train
595,train
182,train
30875,train
54415,train
28070,train
30812,train
21548,train
68425,train
35025,train
31306,train
62758,train
41122,train
18230,train
25288,train
4991,train
68505,train
62949,train
145,train
48654,train
13108,train
66782,train
59131,train
9583,train
51010,train
37999,train
4981,train
52592,train
29386,train
45093,train
65101,train
20132,train
66111,train
30989,train
29267,train
47317,train
49315,train
70010,train
8592,train
24606,train
11321,train
38791,train
20183,train
8042,train
42989,train
63500,train
8774,train
51631,train
64484,train
59824,train
51650,train
53915,train
52827,train
37099,train
31322,train
10673,train
48188,train
32976,train
24484,train
17262,train
32191,train
63488,train
4982,train
16448,train
54881,train
60749,train
31607,train
58451,train
61794,train
41938,train
28563,train
26567,train
34172,train
53104,train
24673,train
16311,train
45196,train
46427,train
57746,train
69582,train
39982,train
36840,train
25471,train
8379,train
31464,train
64107,train
53361,train
56721,train
41104,train
52259,train
56304,train
38487,train
44217,train
68096,train
25655,train
30246,train
46958,train
49524,train
69003,train
21824,train
34609,train
59502,train
5652,train
67868,train
63797,train
28872,train
10822,train
58967,train
48582,train
60762,train
35461,train
12856,train
44416,train
51707,train
6534,train
22578,train
21287,train
15298,train
34255,train
4401,train
36532,train
10553,train
68287,train
70468,train
24426,train
5422,train
33439,train
44722,train
51953,train
5586,train
35257,train
63760,train
38129,train
10203,train
24106,train
32253,train
50352,train
2563,train
19273,train
61363,train
8194,train
52112,train
53060,train
39732,train
26417,train
58014,train
56066,train
11298,train
11786,train
25430,train
15959,train
3839,train
1110,train
24141,train
22564,train
12675,train
48367,train
20211,train
10654,train
51440,train
2880,train
22104,train
14245,train
21535,train
25715,train
45746,train
22290,train
58874,train
64945,train
10958,train
29572,train
11651,train
36735,train
25589,train
52798,train
47166,train
25013,train
44819,train
50412,train
38916,train
61567,train
37333,train
29839,train
7954,train
66041,train
67671,train
64169,train
24249,train
61400,train
40666,train
14529,train
57122,train
48333,train
68579,train
51945,train
67185,train
70326,train
31330,train
14471,train
60822,train
70389,train
67632,train
50534,train
19023,train
40904,train
41840,train
35468,train
63780,train
2397,train
56796,train
58004,train
69812,train
39048,train
11032,train
8331,train
38275,train
11699,train
27163,train
16798,train
45162,train
15854,train
34759,train
11926,train
19012,train
55353,train
7603,train
38240,train
32601,train
3521,train
59414,train
65864,train
3911,train
8573,train
69438,train
7332,train
24537,train
31560,train
11878,train
60492,train
26968,train
47596,train
3571,train
53126,train
67103,train
48938,train
12361,train
1864,train
65876,train
12440,train
50480,train
4421,train
3476,train
21475,train
28344,train
52346,train
55343,train
41327,train
44439,train
42839,train
65094,train
6070,train
11717,train
37768,train
65254,train
36613,train
60316,train
45246,train
6347,train
14394,train
38830,train
14140,train
37702,train
53864,train
4800,train
16257,train
35913,train
41269,train
70127,train
59310,train
23711,train
43616,train
11656,train
67708,train
10572,train
36522,train
38804,train
2168,train
68526,train
54265,train
23973,train
39305,train
13149,train
7546,train
51709,train
33113,train
30717,train
7745,train
44677,train
42953,train
8681,train
52312,train
16964,train
39214,train
21576,train
55509,train
57513,train
36384,train
19650,train
1834,train
36574,train
19857,train
40629,train
5973,train
19212,train
40235,train
14150,train
3743,train
15655,train
4319,train
26429,train
33570,train
39193,train
9281,train
52451,train
32958,train
405,train
51516,train
9561,train
54195,train
5679,train
67246,train
20812,train
65882,train
52157,train
9851,train
43977,train
52937,train
19820,train
24173,train
35148,train
35123,train
34601,train
52131,train
21321,train
35986,train
734,train
18760,train
67539,train
1805,train
46286,train
1127,train
5976,train
67660,train
53052,train
67659,train
40605,train
60963,train
31376,train
20405,train
22092,train
18414,train
68756,train
3463,train
20830,train
16949,train
20225,train
4203,train
70034,train
17878,train
59357,train
17780,train
22924,train
66908,train
21885,train
33728,train
5938,train
56115,train
69811,train
22683,train
26909,train
48253,train
20633,train
69564,train
18190,train
54537,train
55878,train
18243,train
31770,train
9489,train
53267,train
29552,train
19935,train
63844,train
893,train
42765,train
2298,train
49858,train
24028,train
59689,train
55613,train
41025,train
63040,train
26590,train
46315,train
38416,train
68140,train
64499,train
38800,train
7655,train
64583,train
42633,train
1605,train
29039,train
9821,train
69489,train
61068,train
41774,train
15286,train
6880,train
18632,train
63204,train
61216,train
27964,train
12451,train
4078,train
7536,train
24746,train
51869,train
53545,train
63451,train
29849,train
61165,train
25049,train
28765,train
58346,train
58326,train
51098,train
42011,train
64197,train
63731,train
15300,train
62938,train
50776,train
4170,train
41573,train
50223,train
35995,train
40241,train
34761,train
912,train
54390,train
16944,train
38944,train
48567,train
34485,train
2772,train
30758,train
21311,train
44992,train
29304,train
50702,train
11652,train
16871,train
38920,train
43694,train
13973,train
7121,train
57625,train
5103,train
66682,train
49906,train
29784,train
38719,train
20444,train
46130,train
51345,train
42784,train
31606,train
41772,train
43005,train
32895,train
51425,train
31744,train
11126,train
19907,train
36702,train
29176,train
33116,train
21272,train
63527,train
27081,train
32010,train
31428,train
67919,train
11876,train
65196,train
54404,train
10850,train
152,train
11517,train
37209,train
63620,train
16048,train
47328,train
63229,train
29330,train
61401,train
18151,train
6602,train
33705,train
56671,train
51952,train
61414,train
6664,train
30472,train
34839,train
12030,train
50015,train
51301,train
59750,train
62025,train
30751,train
520,train
25425,train
33897,train
25788,train
29783,train
18028,train
62658,train
11504,train
64887,train
57284,train
27213,train
52603,train
41004,train
38544,train
44259,train
38577,train
22220,train
32493,train
51270,train
21067,train
56035,train
36102,train
30273,train
37272,train
49767,train
41282,train
58868,train
2999,train
43821,train
45491,train
18536,train
9029,train
67248,train
28643,train
1828,train
70554,train
57785,train
5027,train
42066,train
7728,train
28763,train
21442,train
11818,train
1435,train
2905,train
43309,train
21129,train
27148,train
41802,train
33117,train
7175,train
52414,train
11613,train
18645,train
34866,train
52583,train
69599,train
155,train
44345,train
64320,train
5828,train
52298,train
22713,train
46636,train
44785,train
2143,train
42346,train
52278,train
709,train
28458,train
38610,train
48749,train
5856,train
20692,train
12997,train
49679,train
35323,train
15708,train
32286,train
2343,train
37906,train
18506,train
49228,train
38493,train
64850,train
46494,train
41063,train
22891,train
54743,train
60138,train
57836,train
113,train
31528,train
51377,train
64262,train
28336,train
66476,train
37988,train
13392,train
65468,train
35575,train
45747,train
291,train
49506,train
34999,train
45468,train
31233,train
67596,train
11169,train
10269,train
70203,train
44294,train
39832,train
49869,train
67552,train
57156,train
18624,train
49631,train
8256,train
37162,train
7270,train
36643,train
1412,train
3095,train
33007,train
19888,train
70039,train
21166,train
32545,train
8765,train
52734,train
48816,train
13282,train
48733,train
57046,train
62685,train
21693,train
44502,train
8127,train
13634,train
64937,train
373,train
53966,train
63659,train
65357,train
33025,train
3590,train
22957,train
16078,train
57260,train
12592,train
28817,train
481,train
58725,train
45853,train
37713,train
1665,train
32204,train
13145,train
63900,train
70578,train
60651,train
5833,train
26871,train
25212,train
42189,train
43322,train
62629,train
16534,train
10201,train
42321,train
7874,train
26451,train
19919,train
13717,train
68729,train
7409,train
62696,train
5857,train
2703,train
29526,train
36140,train
15764,train
29374,train
35814,train
3045,train
46497,train
37256,train
4259,train
60829,train
41225,train
33696,train
17524,train
52191,train
59887,train
57570,train
68060,train
52204,train
42551,train
42518,train
20619,train
6363,train
49017,train
65931,train
50762,train
42235,train
62141,train
34995,train
31089,train
23101,train
51050,train
55230,train
34979,train
59263,train
41,train
29982,train
51488,train
39633,train
16450,train
48846,train
24562,train
69065,train
3945,train
25837,train
3223,train
58851,train
63726,train
59384,train
659,train
46248,train
43395,train
23660,train
44470,train
31888,train
15962,train
12758,train
34743,train
2851,train
39062,train
21673,train
52837,train
46759,train
29002,train
21550,train
28442,train
20676,train
2820,train
17263,train
58956,train
45326,train
53868,train
52067,train
47223,train
45333,train
20105,train
17759,train
2907,train
62943,train
44035,train
55558,train
7429,train
42975,train
37130,train
51983,train
15322,train
6307,train
46506,train
39683,train
57606,train
46954,train
20180,train
23976,train
14059,train
66063,train
11027,train
54129,train
55957,train
68394,train
9000,train
36809,train
70441,train
41342,train
27691,train
1620,train
6836,train
37612,train
13411,train
54239,train
21277,train
43101,train
63536,train
25580,train
40595,train
13970,train
59706,train
50166,train
33713,train
15911,train
45365,train
2671,train
19713,train
32008,train
47740,train
18346,train
34804,train
7439,train
20202,train
27588,train
7579,train
60162,train
40091,train
34692,train
12176,train
13828,train
17636,train
50474,train
26571,train
35665,train
51019,train
44500,train
12936,train
42072,train
33863,train
4083,train
57238,train
70362,train
28213,train
55565,train
48488,train
32332,train
18325,train
15549,train
66656,train
38997,train
36375,train
41507,train
33738,train
15430,train
8647,train
13526,train
70405,train
14726,train
43532,train
4335,train
52514,train
64057,train
14142,train
59217,train
38911,train
8205,train
14428,train
1184,train
54758,train
24092,train
39963,train
2035,train
26369,train
69138,train
23067,train
4603,train
43524,train
64496,train
10801,train
30575,train
56568,train
18523,train
29465,train
12927,train
7868,train
63987,train
68015,train
50607,train
55094,train
43475,train
32978,train
51004,train
45137,train
10455,train
27550,train
39189,train
49765,train
53618,train
46617,train
49290,train
3247,train
22652,train
7161,train
31931,train
70477,train
3006,train
33862,train
2535,train
45799,train
67092,train
7604,train
43413,train
49820,train
40813,train
1314,train
20743,train
9283,train
19422,train
11102,train
62796,train
6472,train
10265,train
16504,train
62912,train
67114,train
57648,train
65090,train
10987,train
12263,train
18661,train
48775,train
16374,train
17289,train
43145,train
45955,train
37004,train
7519,train
24391,train
38691,train
26138,train
60405,train
18112,train
17976,train
69118,train
2033,train
30411,train
41024,train
45694,train
48542,train
70374,train
7883,train
19010,train
67694,train
55860,train
11792,train
60046,train
68642,train
25739,train
68868,train
30821,train
22710,train
14267,train
8683,train
14547,train
60740,train
57838,train
54024,train
58512,train
62607,train
52693,train
28351,train
56744,train
35273,train
65260,train
40918,train
65540,train
53493,train
61187,train
52411,train
47973,train
56783,train
4754,train
56019,train
41889,train
6909,train
45423,train
38039,train
36450,train
58469,train
4806,train
13535,train
45414,train
38678,train
45699,train
54212,train
19563,train
67531,train
24889,train
50461,train
39242,train
9803,train
25135,train
41278,train
60009,train
35997,train
25386,train
48630,train
37810,train
29723,train
5762,train
66874,train
48555,train
20274,train
56355,train
68035,train
57800,train
30784,train
61193,train
23827,train
41534,train
59419,train
51032,train
47451,train
32956,train
9978,train
38882,train
65163,train
50314,train
34852,train
55655,train
56859,train
19102,train
6594,train
19439,train
66719,train
1742,train
17790,train
9454,train
51649,train
14643,train
6391,train
23367,train
38693,train
20648,train
1047,train
47480,train
24539,train
5252,train
3980,train
33968,train
49647,train
10372,train
26035,train
34564,train
18839,train
8276,train
21647,train
57547,train
5206,train
16532,train
63823,train
41670,train
46963,train
31719,train
37614,train
27243,train
16587,train
3958,train
51211,train
55150,train
52792,train
7193,train
5707,train
58764,train
47622,train
67483,train
11340,train
69935,train
46172,train
47882,train
29638,train
59113,train
28863,train
45680,train
60514,train
38636,train
6911,train
9782,train
12223,train
27359,train
6687,train
61045,train
31726,train
7081,train
10476,train
37724,train
8492,train
27827,train
65300,train
47539,train
61195,train
47725,train
15042,train
14353,train
59003,train
16079,train
45046,train
59552,train
27847,train
1767,train
53783,train
20002,train
19109,train
17547,train
56362,train
42776,train
36252,train
40582,train
21459,train
35795,train
59826,train
53117,train
58382,train
46543,train
2709,train
1119,train
9528,train
69386,train
53311,train
32836,train
28923,train
13923,train
31049,train
33006,train
48731,train
18651,train
54240,train
33047,train
13053,train
67749,train
803,train
1632,train
12867,train
13800,train
33216,train
22971,train
25331,train
26982,train
5503,train
21332,train
21956,train
38368,train
27360,train
36707,train
55279,train
31338,train
46363,train
58082,train
17800,train
60734,train
35581,train
43126,train
31985,train
15299,train
11715,train
46399,train
40069,train
67825,train
62792,train
66268,train
48476,train
69153,train
47769,train
19565,train
57953,train
4011,train
15389,train
43267,train
35549,train
53865,train
6441,train
5631,train
58981,train
67599,train
27941,train
10912,train
31552,train
41186,train
47219,train
46181,train
64368,train
25218,train
10012,train
12418,train
31299,train
68930,train
45901,train
62950,train
19075,train
27481,train
7266,train
21449,train
34982,train
59789,train
53319,train
507,train
63110,train
45058,train
24997,train
56929,train
14271,train
47598,train
61372,train
32464,train
21950,train
31396,train
38454,train
22877,train
64938,train
8373,train
60257,train
5988,train
46693,train
46247,train
25312,train
39343,train
21776,train
42322,train
12199,train
17035,train
9040,train
27128,train
40202,train
107,train
18292,train
47370,train
4376,train
14429,train
67285,train
38371,train
54173,train
40125,train
25567,train
18845,train
2944,train
62185,train
38811,train
61310,train
33550,train
2843,train
31751,train
61228,train
1173,train
19267,train
52174,train
43345,train
31431,train
37919,train
41015,train
54133,train
23434,train
9949,train
55348,train
42081,train
4844,train
41419,train
68883,train
7221,train
2746,train
3398,train
48111,train
7141,train
17498,train
44772,train
34572,train
41209,train
23735,train
57264,train
54518,train
57540,train
38671,train
70120,train
22240,train
44679,train
65469,train
51416,train
67561,train
910,train
47140,train
6806,train
46121,train
44837,train
13824,train
27731,train
55548,train
9639,train
55187,train
69286,train
33836,train
33276,train
62221,train
8491,train
33835,train
67831,train
39420,train
37816,train
14061,train
39153,train
67074,train
32544,train
64077,train
52314,train
17856,train
66975,train
65412,train
52371,train
32943,train
10438,train
31617,train
46964,train
61511,train
47103,train
48809,train
67620,train
34181,train
14759,train
54981,train
10211,train
44169,train
3788,train
41018,train
37643,train
17610,train
49215,train
53820,train
42701,train
46856,train
38034,train
13127,train
47735,train
13778,train
23855,train
58738,train
19628,train
46541,train
63694,train
38664,train
18916,train
50369,train
40810,train
56957,train
50524,train
53353,train
8129,train
56881,train
6897,train
36405,train
69441,train
68161,train
12790,train
1313,train
50123,train
69105,train
4102,train
20747,train
62200,train
2577,train
34463,train
3540,train
55855,train
47549,train
37340,train
34142,train
20773,train
70193,train
62223,train
22426,train
13620,train
31659,train
34665,train
40923,train
5201,train
33190,train
40510,train
5751,train
20999,train
22497,train
9407,train
1472,train
57758,train
42744,train
42566,train
10998,train
34248,train
58585,train
46326,train
69396,train
4507,train
64436,train
11864,train
37712,train
6247,train
59799,train
70063,train
15014,train
9610,train
2428,train
17357,train
12787,train
6326,train
3768,train
16205,train
6738,train
47270,train
50268,train
15354,train
8858,train
42423,train
64271,train
52434,train
4748,train
56666,train
55070,train
45339,train
16162,train
65948,train
66382,train
45271,train
18669,train
34307,train
45655,train
59363,train
60767,train
40126,train
65623,train
41886,train
5397,train
52300,train
26320,train
32004,train
2460,train
16565,train
58938,train
32529,train
39850,train
25440,train
57699,train
48323,train
41353,train
65035,train
16217,train
19311,train
36360,train
56049,train
26069,train
64695,train
35539,train
22142,train
61342,train
58340,train
26149,train
69857,train
16339,train
7934,train
7110,train
17244,train
56231,train
51114,train
2171,train
5133,train
54733,train
68019,train
19958,train
48062,train
8284,train
17521,train
63787,train
60725,train
40368,train
59108,train
27939,train
7122,train
65705,train
10613,train
5190,train
3837,train
69574,train
59732,train
43360,train
68458,train
43004,train
9417,train
13078,train
51671,train
56149,train
32654,train
28895,train
52784,train
12833,train
59787,train
19294,train
38167,train
63290,train
3393,train
14817,train
14656,train
20889,train
46516,train
31720,train
41392,train
40972,train
62493,train
7056,train
40347,train
30737,train
38453,train
24696,train
14973,train
35624,train
63208,train
70379,train
9431,train
28339,train
13610,train
2434,train
68923,train
11005,train
2660,train
11554,train
39595,train
60044,train
47405,train
54808,train
32086,train
19975,train
54168,train
628,train
53063,train
35632,train
39827,train
54040,train
61078,train
5639,train
10870,train
8561,train
60763,train
14982,train
55104,train
50080,train
51998,train
54767,train
17665,train
30597,train
66072,train
1556,train
30923,train
30399,train
60821,train
1758,train
24268,train
68038,train
9269,train
41120,train
62562,train
3253,train
39845,train
2904,train
35255,train
19654,train
48690,train
62729,train
33726,train
13981,train
46840,train
36224,train
2929,train
31568,train
13135,train
43481,train
30170,train
21720,train
46689,train
54766,train
22726,train
59431,train
58267,train
20129,train
5794,train
43896,train
58095,train
56490,train
26319,train
53182,train
39199,train
43807,train
25424,train
67963,train
64388,train
61888,train
26004,train
40858,train
68677,train
52638,train
46656,train
15847,train
9063,train
37550,train
49364,train
52475,train
17650,train
60927,train
37681,train
20683,train
68317,train
56079,train
70121,train
58355,train
19144,train
11439,train
39890,train
7084,train
54528,train
18738,train
5177,train
1325,train
39126,train
33383,train
35717,train
4591,train
30919,train
25515,train
1302,train
48140,train
1850,train
33185,train
39370,train
43601,train
67345,train
27689,train
13631,train
32920,train
33746,train
52647,train
67394,train
50165,train
30896,train
35280,train
42074,train
39899,train
13655,train
66280,train
46596,train
35672,train
60299,train
310,train
21083,train
33526,train
55141,train
18772,train
69460,train
64952,train
18774,train
994,train
27223,train
38895,train
20763,train
31851,train
57231,train
57065,train
51349,train
57966,train
8768,train
21788,train
70457,train
51070,train
59814,train
36416,train
23755,train
60366,train
43117,train
62714,train
3092,train
4559,train
28027,train
40954,train
48898,train
50327,train
57863,train
59754,train
70551,train
69668,train
6524,train
55287,train
39516,train
47008,train
40262,train
52178,train
69124,train
12145,train
40994,train
53344,train
47263,train
26113,train
59941,train
61444,train
66917,train
52872,train
15747,train
5917,train
4734,train
28777,train
68895,train
43996,train
3419,train
20586,train
43662,train
58542,train
44325,train
45088,train
28789,train
67476,train
47531,train
60368,train
14851,train
24397,train
18504,train
24818,train
40824,train
3431,train
56596,train
16707,train
17594,train
58312,train
23525,train
11880,train
56478,train
41646,train
45622,train
38652,train
30947,train
53233,train
22438,train
48993,train
59266,train
5807,train
57683,train
14811,train
51436,train
35366,train
43650,train
38412,train
12677,train
49464,train
8536,train
46674,train
19470,train
5599,train
59364,train
20109,train
5324,train
24292,train
24458,train
33714,train
32391,train
63824,train
45506,train
15427,train
46509,train
65932,train
10702,train
64451,train
27076,train
50694,train
23138,train
21570,train
65923,train
19550,train
44912,train
17551,train
19911,train
40229,train
3496,train
10296,train
52305,train
58412,train
67902,train
580,train
62774,train
28123,train
33333,train
18837,train
50940,train
56514,train
23274,train
41044,train
22801,train
39652,train
30988,train
18338,train
39631,train
10981,train
27274,train
42153,train
18237,train
13994,train
48482,train
61468,train
38585,train
22298,train
26886,train
66815,train
38119,train
1821,train
67916,train
42335,train
48656,train
50556,train
5441,train
37350,train
38803,train
60867,train
40881,train
69591,train
58048,train
37973,train
48347,train
3895,train
69305,train
62149,train
8443,train
23070,train
67196,train
34470,train
66073,train
51276,train
45807,train
49882,train
44831,train
40822,train
22449,train
54054,train
11367,train
3834,train
3725,train
27991,train
56090,train
47423,train
64162,train
24356,train
40388,train
10913,train
45687,train
20065,train
53339,train
47399,train
48066,train
4415,train
46097,train
62061,train
11535,train
22448,train
58768,train
31199,train
58875,train
16130,train
22767,train
64961,train
46569,train
28897,train
59788,train
46538,train
28324,train
48539,train
6068,train
19304,train
56541,train
50628,train
41673,train
63852,train
25624,train
55937,train
24263,train
8743,train
62842,train
2206,train
1532,train
47568,train
383,train
29110,train
24273,train
57850,train
27992,train
26455,train
43088,train
60575,train
19830,train
54213,train
36667,train
11074,train
27729,train
21241,train
66952,train
43291,train
45559,train
18647,train
61337,train
4953,train
14232,train
25801,train
19094,train
14616,train
31039,train
5887,train
2982,train
46062,train
42186,train
20914,train
54469,train
60802,train
3904,train
46353,train
66661,train
18988,train
62026,train
68153,train
43170,train
26164,train
17910,train
64054,train
54821,train
30402,train
64664,train
45914,train
41815,train
13902,train
21249,train
44696,train
55720,train
32822,train
63484,train
18655,train
43202,train
43035,train
28400,train
70589,train
2853,train
38973,train
57726,train
28040,train
35688,train
4321,train
65895,train
30710,train
13831,train
20674,train
14709,train
39825,train
16620,train
61925,train
17811,train
60807,train
38631,train
59588,train
25901,train
14096,train
38234,train
18794,train
7540,train
11465,train
47799,train
19034,train
6980,train
2320,train
9768,train
35977,train
52140,train
12581,train
16494,train
56359,train
42843,train
9293,train
27908,train
9429,train
26006,train
39279,train
55755,train
51384,train
34062,train
4481,train
19939,train
59040,train
34378,train
42233,train
5332,train
37036,train
40284,train
58665,train
13139,train
56755,train
41085,train
43973,train
52071,train
58034,train
27121,train
19330,train
18387,train
55730,train
48944,train
32426,train
1398,train
56941,train
24474,train
63856,train
11311,train
68700,train
62128,train
44815,train
29123,train
37316,train
20247,train
15785,train
66896,train
36018,train
40242,train
6099,train
11468,train
31097,train
48548,train
46976,train
29948,train
21489,train
42093,train
56652,train
31661,train
26448,train
49183,train
4690,train
22111,train
35925,train
63265,train
17189,train
64035,train
64211,train
20477,train
16618,train
33350,train
15418,train
70518,train
39557,train
50041,train
68149,train
17570,train
68831,train
6329,train
61647,train
30068,train
26842,train
36953,train
63371,train
29565,train
40594,train
28854,train
7661,train
68235,train
23775,train
67403,train
59313,train
54389,train
20025,train
56949,train
31253,train
16959,train
65276,train
19327,train
30085,train
49032,train
5414,train
40538,train
13705,train
56444,train
47755,train
2889,train
31374,train
55019,train
62820,train
3211,train
22316,train
40337,train
69126,train
37762,train
42869,train
46832,train
34141,train
64115,train
65142,train
22609,train
32723,train
38670,train
51690,train
32733,train
70041,train
25293,train
60756,train
13969,train
42561,train
69476,train
44422,train
23210,train
50799,train
69693,train
30117,train
20119,train
70032,train
54562,train
64900,train
27531,train
9311,train
21232,train
15129,train
66956,train
11595,train
19022,train
963,train
17986,train
30342,train
41765,train
12047,train
20052,train
40367,train
21351,train
67201,train
35390,train
11933,train
5734,train
6314,train
14469,train
59564,train
17584,train
20090,train
59783,train
62155,train
884,train
23077,train
65792,train
4550,train
70074,train
47510,train
5293,train
30780,train
39092,train
52900,train
23578,train
31221,train
23444,train
62549,train
16689,train
18589,train
64471,train
14214,train
64668,train
24416,train
42003,train
50403,train
6159,train
63072,train
14795,train
4857,train
27524,train
30952,train
59225,train
13120,train
69972,train
5491,train
49475,train
54739,train
55664,train
27717,train
3477,train
12519,train
8850,train
64181,train
47696,train
54319,train
17678,train
56815,train
36019,train
3142,train
57339,train
67407,train
4325,train
37043,train
51375,train
49164,train
49585,train
13947,train
12922,train
22960,train
66859,train
6450,train
53728,train
47319,train
67204,train
9329,train
68209,train
21913,train
17588,train
14562,train
57917,train
3193,train
7035,train
49639,train
65768,train
53320,train
11156,train
60532,train
58825,train
24735,train
7955,train
51121,train
55581,train
36044,train
62227,train
26297,train
42114,train
17200,train
9374,train
49008,train
66429,train
60275,train
67355,train
59965,train
30594,train
24808,train
43750,train
58176,train
30195,train
41351,train
11835,train
59922,train
30649,train
52529,train
7192,train
12743,train
18373,train
48136,train
41357,train
22190,train
28235,train
11903,train
7914,train
20960,train
1930,train
35154,train
27067,train
26773,train
47076,train
53900,train
53683,train
23073,train
67166,train
32796,train
21833,train
27667,train
46812,train
34886,train
57525,train
65855,train
53996,train
68319,train
64003,train
12541,train
10176,train
30086,train
10233,train
65754,train
18084,train
42901,train
38132,train
46000,train
39387,train
15445,train
1792,train
23341,train
26061,train
34685,train
37057,train
21619,train
53583,train
43044,train
38020,train
55530,train
68242,train
41842,train
43446,train
53127,train
40876,train
9962,train
50232,train
33497,train
66313,train
12390,train
67869,train
187,train
29017,train
36736,train
31433,train
56506,train
46952,train
61874,train
66871,train
2449,train
53909,train
25211,train
16626,train
33564,train
14156,train
32398,train
70072,train
49207,train
21948,train
63087,train
16117,train
54610,train
52124,train
1598,train
37358,train
20873,train
62891,train
33419,train
33900,train
21552,train
61308,train
40512,train
18553,train
9422,train
51950,train
22146,train
19642,train
37233,train
59080,train
32015,train
1056,train
9126,train
58339,train
4166,train
15364,train
25438,train
70384,train
66875,train
56168,train
37448,train
44456,train
61109,train
22871,train
23640,train
44719,train
6397,train
63215,train
34235,train
7803,train
3129,train
60251,train
22199,train
2271,train
1048,train
49859,train
40583,train
35094,train
59975,train
38286,train
34486,train
35506,train
34268,train
17585,train
5325,train
67903,train
28525,train
45536,train
44806,train
1934,train
24071,train
13421,train
5300,train
6619,train
60100,train
57911,train
9357,train
37950,train
31652,train
18982,train
18711,train
14104,train
6996,train
33033,train
14902,train
4121,train
16746,train
7030,train
49821,train
63286,train
65092,train
52743,train
50750,train
12312,train
23209,train
62176,train
24080,train
52895,train
32342,train
12881,train
2030,train
50022,train
53472,train
60409,train
27614,train
21110,train
51643,train
22174,train
7722,train
30902,train
45595,train
42905,train
65373,train
19814,train
2355,train
49189,train
3290,train
30175,train
32334,train
63201,train
55944,train
11623,train
16864,train
27429,train
28006,train
30238,train
30513,train
64397,train
50578,train
33223,train
55784,train
16719,train
66763,train
41222,train
47773,train
19072,train
21175,train
13002,train
8454,train
28539,train
63600,train
52668,train
2807,train
56258,train
15076,train
39226,train
65836,train
52540,train
14994,train
57529,train
385,train
40143,train
48624,train
35476,train
26523,train
52393,train
27058,train
14598,train
63053,train
63232,train
45933,train
57164,train
29759,train
9415,train
69078,train
66416,train
65620,train
57981,train
39114,train
61317,train
23281,train
51548,train
27041,train
40064,train
26521,train
32369,train
56542,train
13253,train
55374,train
47411,train
51341,train
19583,train
50670,train
45394,train
53072,train
6647,train
22182,train
1198,train
31581,train
8762,train
11679,train
37840,train
66045,train
39842,train
53158,train
28982,train
69539,train
23327,train
39138,train
69456,train
28042,train
9802,train
26805,train
3468,train
24842,train
46763,train
22080,train
2836,train
58481,train
5109,train
40952,train
68962,train
67879,train
30344,train
30830,train
2394,train
18255,train
32136,train
10312,train
2694,train
43301,train
4768,train
60706,train
43384,train
67219,train
44180,train
39682,train
40860,train
12819,train
70332,train
15948,train
47385,train
11162,train
65235,train
48467,train
62803,train
10834,train
17408,train
64033,train
54477,train
63758,train
40032,train
35027,train
53774,train
35740,train
69870,train
67486,train
67801,train
66624,train
29575,train
52244,train
9755,train
41257,train
29362,train
40476,train
62805,train
35818,train
53515,train
35398,train
32175,train
63650,train
13129,train
30044,train
68751,train
15009,train
57538,train
9614,train
49370,train
54058,train
3747,train
20367,train
39549,train
66814,train
18704,train
2209,train
28830,train
34018,train
26039,train
55215,train
39948,train
65881,train
24113,train
13872,train
65987,train
1171,train
3170,train
11062,train
38010,train
52714,train
68364,train
68981,train
36824,train
15257,train
18744,train
66435,train
47111,train
12655,train
28744,train
20657,train
9319,train
3034,train
6868,train
55888,train
22256,train
14941,train
39625,train
43313,train
44408,train
36249,train
14971,train
23910,train
11093,train
24774,train
16872,train
58075,train
23662,train
55335,train
61004,train
47251,train
63999,train
65781,train
16918,train
11111,train
39070,train
8971,train
52505,train
68349,train
60333,train
59633,train
53896,train
15103,train
27261,train
47820,train
42463,train
35260,train
16639,train
21407,train
11765,train
26688,train
5223,train
30942,train
70576,train
57982,train
32940,train
8516,train
6330,train
531,train
22977,train
44302,train
41529,train
37885,train
41453,train
19795,train
58112,train
46127,train
67848,train
1145,train
23911,train
14908,train
33422,train
21494,train
32238,train
21541,train
11430,train
28799,train
49125,train
53537,train
47031,train
44732,train
2345,train
64666,train
55028,train
17125,train
18634,train
39212,train
65243,train
27497,train
2971,train
68263,train
62799,train
15964,train
61908,train
7094,train
4516,train
25121,train
29212,train
53924,train
27678,train
28578,train
68164,train
58669,train
3353,train
6972,train
16219,train
47874,train
20383,train
38419,train
16784,train
44355,train
6047,train
19139,train
38314,train
62460,train
29053,train
40742,train
27800,train
60804,train
14387,train
30484,train
17863,train
43197,train
50366,train
69041,train
7334,train
57278,train
36919,train
30665,train
62477,train
1231,train
21546,train
25326,train
5865,train
392,train
51531,train
16163,train
45576,train
22062,train
6319,train
30300,train
48641,train
57914,train
6083,train
29659,train
39788,train
68289,train
13367,train
19503,train
32619,train
68485,train
51944,train
60465,train
58629,train
28623,train
41023,train
55317,train
15335,train
61326,train
37605,train
50330,train
67494,train
1361,train
27053,train
12377,train
39088,train
868,train
9892,train
21883,train
47203,train
17040,train
53581,train
17243,train
29451,train
69045,train
41445,train
62704,train
55671,train
14385,train
60776,train
36559,train
65012,train
10857,train
12793,train
51895,train
42671,train
7352,train
59092,train
39093,train
57608,train
51342,train
62611,train
47917,train
27284,train
48720,train
23516,train
4627,train
36238,train
41070,train
69009,train
40787,train
42882,train
3890,train
33319,train
43959,train
37232,train
36091,train
22096,train
62932,train
5403,train
53356,train
1960,train
17778,train
4663,train
11165,train
61092,train
38141,train
2750,train
50970,train
9967,train
28370,train
44082,train
45571,train
62151,train
57390,train
48468,train
52330,train
1861,train
28164,train
36422,train
9724,train
43696,train
44436,train
69747,train
52210,train
37529,train
16109,train
26749,train
45928,train
31406,train
50947,train
61428,train
19530,train
49739,train
7697,train
14764,train
9268,train
45840,train
55336,train
22475,train
16066,train
62885,train
50760,train
31205,train
270,train
50099,train
37931,train
65156,train
23536,train
50841,train
55763,train
46105,train
34124,train
26374,train
34907,train
42894,train
36695,train
21563,train
68400,train
10536,train
11807,train
23734,train
58065,train
5485,train
5009,train
45281,train
488,train
7347,train
29204,train
37377,train
19429,train
30666,train
29351,train
61936,train
48120,train
38596,train
37625,train
47730,train
34247,train
19348,train
66295,train
10831,train
9910,train
5077,train
22620,train
58510,train
43869,train
47460,train
21142,train
17476,train
49067,train
46995,train
66803,train
31390,train
54379,train
24931,train
10510,train
6191,train
19291,train
45739,train
36816,train
5825,train
15134,train
20028,train
20593,train
15509,train
2830,train
6530,train
20804,train
49041,train
54827,train
70485,train
8689,train
4138,train
19402,train
65614,train
9509,train
44977,train
42256,train
15154,train
31896,train
34930,train
35454,train
24112,train
66388,train
35053,train
47135,train
16175,train
33157,train
70257,train
29266,train
50475,train
49944,train
47785,train
22206,train
41035,train
50756,train
7026,train
18813,train
2417,train
16449,train
8633,train
44818,train
14917,train
16886,train
15224,train
28141,train
19848,train
5972,train
66970,train
21179,train
41287,train
46605,train
34521,train
44257,train
41566,train
49497,train
9307,train
39258,train
23117,train
13126,train
56787,train
692,train
10483,train
41144,train
35005,train
7108,train
62931,train
15015,train
9056,train
21108,train
40441,train
7896,train
37172,train
47148,train
58307,train
56492,train
35232,train
22147,train
22227,train
25292,train
22238,train
36670,train
42749,train
27381,train
51383,train
35582,train
25681,train
45061,train
8870,train
9118,train
43627,train
18569,train
25985,train
6192,train
31503,train
24752,train
38153,train
49305,train
24848,train
65678,train
35789,train
45707,train
67733,train
44705,train
30944,train
441,train
2546,train
45260,train
24481,train
69482,train
44038,train
36219,train
53720,train
57672,train
57416,train
34063,train
35309,train
29882,train
24523,train
53960,train
39644,train
36329,train
37224,train
10678,train
45314,train
43639,train
55804,train
58384,train
32700,train
40719,train
51467,train
57331,train
25608,train
34773,train
69671,train
49634,train
64176,train
41026,train
25586,train
54015,train
57811,train
35565,train
54696,train
35709,train
67047,train
59260,train
70042,train
55998,train
64248,train
23166,train
10511,train
20285,train
70297,train
4197,train
35198,train
17750,train
26070,train
11327,train
60401,train
39600,train
63092,train
43072,train
42400,train
9646,train
62810,train
51232,train
4301,train
11937,train
10130,train
16196,train
57844,train
56648,train
49488,train
50871,train
18673,train
15290,train
15046,train
49249,train
35948,train
20214,train
49213,train
53490,train
44441,train
48198,train
24488,train
56841,train
17360,train
16772,train
41264,train
33085,train
34311,train
55281,train
269,train
20742,train
56247,train
9331,train
3077,train
64722,train
8006,train
33902,train
25810,train
34554,train
18543,train
41594,train
63646,train
63754,train
47638,train
28079,train
10423,train
18871,train
26753,train
23984,train
43571,train
3756,train
34260,train
51699,train
6165,train
41192,train
30063,train
894,train
8056,train
55005,train
2024,train
62875,train
51398,train
44434,train
39611,train
50385,train
10061,train
68931,train
23044,train
38608,train
8675,train
43180,train
26502,train
30905,train
15589,train
55488,train
54394,train
50328,train
50376,train
62706,train
20354,train
67587,train
16509,train
59350,train
24759,train
25955,train
63073,train
14581,train
20815,train
51328,train
56544,train
57499,train
9846,train
50164,train
36844,train
2437,train
48941,train
32062,train
16169,train
14185,train
65383,train
30669,train
4969,train
41695,train
44366,train
17666,train
18725,train
66279,train
16958,train
46289,train
5961,train
44481,train
32030,train
9253,train
31126,train
68794,train
15109,train
4229,train
47624,train
21589,train
639,train
30412,train
21063,train
4601,train
13694,train
13337,train
32659,train
37942,train
11940,train
37639,train
8154,train
14774,train
51419,train
49420,train
12346,train
49359,train
46666,train
69330,train
18293,train
63406,train
22995,train
15084,train
21918,train
12114,train
37454,train
42966,train
35180,train
10231,train
40472,train
13151,train
17877,train
52373,train
3043,train
21019,train
19098,train
47200,train
60361,train
9468,train
6813,train
48239,train
6094,train
10428,train
36591,train
45184,train
30393,train
43209,train
18357,train
19125,train
36427,train
67415,train
38263,train
31130,train
50990,train
15386,train
30517,train
24592,train
54412,train
34993,train
29287,train
40614,train
66013,train
12147,train
41616,train
51197,train
56946,train
14565,train
48478,train
28448,train
33151,train
29481,train
18324,train
40852,train
32892,train
28144,train
22067,train
52385,train
3652,train
23792,train
28086,train
68182,train
20364,train
8450,train
21995,train
6781,train
68587,train
70327,train
25956,train
28770,train
2661,train
59073,train
2837,train
4028,train
10329,train
14629,train
22091,train
67924,train
60674,train
60329,train
50205,train
62530,train
4305,train
21435,train
23826,train
63532,train
12784,train
1865,train
27906,train
63523,train
20158,train
28726,train
47129,train
68695,train
63581,train
1413,train
15833,train
25752,train
28651,train
55489,train
56623,train
18579,train
31275,train
11494,train
9714,train
19561,train
58976,train
19430,train
2192,train
44604,train
20857,train
46264,train
45515,train
18713,train
43767,train
48924,train
53134,train
52078,train
62386,train
20923,train
43316,train
35561,train
32411,train
16868,train
5750,train
12128,train
22532,train
1078,train
63494,train
49939,train
45581,train
51154,train
58364,train
44153,train
41914,train
58152,train
57603,train
34721,train
55155,train
16434,train
55258,train
60930,train
38937,train
28635,train
18730,train
34915,train
33164,train
30356,train
32948,train
14702,train
45229,train
27987,train
16496,train
39985,train
29060,train
49848,train
48987,train
9952,train
12558,train
43451,train
33921,train
41129,train
20464,train
39042,train
24345,train
68177,train
13033,train
17849,train
59408,train
41933,train
60326,train
20571,train
55811,train
21784,train
57354,train
54776,train
52763,train
6063,train
55203,train
64795,train
69601,train
57852,train
47118,train
41053,train
62446,train
28272,train
31816,train
2468,train
58761,train
28659,train
44874,train
64378,train
8679,train
64241,train
60966,train
9169,train
8943,train
14868,train
9458,train
54354,train
27147,train
31676,train
48997,train
62312,train
67884,train
15985,train
47648,train
40806,train
69934,train
56512,train
37959,train
2896,train
56899,train
52868,train
21525,train
2783,train
21301,train
64965,train
5122,train
69295,train
59992,train
17702,train
27853,train
9206,train
34309,train
70333,train
49757,train
53535,train
16571,train
14338,train
36986,train
27321,train
8539,train
3184,train
65571,train
42477,train
68386,train
45147,train
31001,train
43606,train
14621,train
25336,train
10793,train
58161,train
11459,train
35573,train
53762,train
58302,train
31771,train
13233,train
56734,train
42864,train
20971,train
33506,train
28609,train
6859,train
57978,train
8268,train
13780,train
9620,train
67785,train
22727,train
60784,train
58035,train
28293,train
57595,train
21337,train
516,train
39752,train
50051,train
16383,train
3791,train
54493,train
18445,train
20305,train
37624,train
38291,train
1057,train
10349,train
36491,train
60814,train
29501,train
61395,train
13736,train
54567,train
18424,train
8748,train
31018,train
49343,train
56055,train
47845,train
61875,train
38133,train
15904,train
66985,train
55564,train
43061,train
19510,train
69657,train
26022,train
39389,train
45211,train
62088,train
27792,train
32318,train
20795,train
6489,train
16193,train
24949,train
12211,train
2509,train
10472,train
48406,train
42131,train
58951,train
52934,train
55512,train
18846,train
30247,train
46961,train
46671,train
54120,train
1438,train
43249,train
11572,train
5059,train
26985,train
60525,train
17487,train
51394,train
58373,train
34821,train
12842,train
43078,train
27314,train
39251,train
14179,train
40910,train
17842,train
15463,train
41531,train
13517,train
42223,train
64997,train
27255,train
54298,train
1207,train
45881,train
9964,train
51435,train
9772,train
36411,train
69691,train
25275,train
68180,train
58674,train
3358,train
5537,train
64638,train
974,train
45886,train
11068,train
62532,train
46002,train
22597,train
41632,train
68665,train
31480,train
67069,train
2065,train
19463,train
9790,train
31417,train
43732,train
54626,train
51987,train
43717,train
8411,train
9247,train
64427,train
63632,train
21305,train
67859,train
17348,train
34125,train
31992,train
3915,train
70458,train
38555,train
50156,train
63801,train
67131,train
10065,train
53441,train
11799,train
49897,train
51096,train
48558,train
44026,train
68809,train
60979,train
61483,train
20532,train
23103,train
38006,train
6642,train
44559,train
32931,train
48169,train
14007,train
48829,train
53549,train
56696,train
51418,train
34312,train
43427,train
11640,train
70207,train
16632,train
43579,train
47163,train
59367,train
59678,train
23443,train
58202,train
51108,train
5660,train
26329,train
3341,train
21092,train
64523,train
21429,train
12685,train
45352,train
24689,train
66485,train
43386,train
41727,train
14612,train
66842,train
51408,train
10904,train
32595,train
42058,train
24816,train
35698,train
6908,train
7074,train
47088,train
662,train
26969,train
6199,train
4056,train
66273,train
3028,train
52459,train
41105,train
30936,train
39816,train
48124,train
42415,train
42158,train
15397,train
59847,train
19321,train
25671,train
53591,train
7669,train
67461,train
54978,train
39049,train
56182,train
38103,train
52250,train
37262,train
64696,train
17005,train
4665,train
13845,train
14000,train
29219,train
52470,train
46999,train
2091,train
37951,train
2731,train
52211,train
55151,train
39377,train
5562,train
62765,train
65492,train
15988,train
9885,train
69297,train
66340,train
42572,train
12630,train
64817,train
64361,train
32471,train
36407,train
6638,train
9722,train
44147,train
18077,train
36053,train
23048,train
33580,train
25235,train
45291,train
43400,train
46825,train
4563,train
39440,train
32046,train
56564,train
6653,train
52383,train
65085,train
70194,train
4205,train
21302,train
16713,train
32124,train
60181,train
33743,train
4241,train
59098,train
41153,train
68533,train
56353,train
31550,train
28269,train
2806,train
52425,train
69012,train
44726,train
26414,train
40555,train
57684,train
6535,train
20041,train
10237,train
52033,train
51840,train
6719,train
50096,train
5754,train
58210,train
58059,train
55628,train
64886,train
22638,train
3998,train
40173,train
67306,train
105,train
47561,train
46237,train
2472,train
49271,train
9619,train
54164,train
41878,train
43366,train
5496,train
55388,train
31559,train
15310,train
2787,train
57948,train
66524,train
43651,train
32584,train
54893,train
38382,train
34836,train
10819,train
32210,train
46428,train
9891,train
2743,train
13430,train
12146,train
18885,train
35578,train
15563,train
4003,train
34602,train
45744,train
30294,train
49085,train
42545,train
8113,train
11992,train
40669,train
1498,train
3995,train
53086,train
34942,train
46791,train
60350,train
46276,train
59007,train
65464,train
60122,train
21486,train
26637,train
63077,train
8077,train
41163,train
44272,train
65710,train
59921,train
44989,train
68613,train
27706,train
25169,train
46382,train
32638,train
68116,train
35388,train
7309,train
19662,train
29124,train
13819,train
61088,train
8497,train
58224,train
56407,train
68663,train
63370,train
64814,train
62555,train
46849,train
62941,train
52271,train
69961,train
24939,train
34565,train
20730,train
18762,train
43168,train
1653,train
3086,train
57044,train
21573,train
22641,train
11064,train
5273,train
31075,train
7825,train
11619,train
46414,train
1904,train
43993,train
17246,train
31149,train
33802,train
50780,train
49079,train
20836,train
49240,train
41955,train
60292,train
8448,train
36439,train
28025,train
4285,train
49266,train
27703,train
4916,train
24982,train
37212,train
3242,train
27396,train
8560,train
41820,train
9574,train
1331,train
21212,train
68451,train
66799,train
60978,train
35096,train
53317,train
23013,train
12374,train
48619,train
12859,train
61241,train
38646,train
70411,train
37482,train
42493,train
61789,train
59951,train
11168,train
16865,train
25067,train
50720,train
16394,train
47189,train
5603,train
59556,train
40853,train
40403,train
28122,train
52380,train
12062,train
52992,train
12551,train
66540,train
56894,train
526,train
34069,train
70354,train
28294,train
1538,train
4315,train
67714,train
773,train
23088,train
39836,train
54088,train
49806,train
54929,train
33807,train
27210,train
17573,train
68139,train
10489,train
26526,train
28714,train
24343,train
59451,train
69432,train
15581,train
835,train
39401,train
7609,train
1799,train
41039,train
56684,train
25930,train
36327,train
67744,train
19685,train
62338,train
38202,train
67030,train
46214,train
70579,train
33111,train
37392,train
48305,train
42358,train
67731,train
3102,train
13325,train
69353,train
49146,train
30805,train
65355,train
41745,train
30946,train
61455,train
38979,train
32873,train
23192,train
35485,train
32421,train
26772,train
64595,train
65757,train
3487,train
18367,train
65302,train
6509,train
18464,train
6974,train
45181,train
42916,train
28371,train
26279,train
47541,train
36139,train
20581,train
25887,train
54449,train
27956,train
70260,train
67781,train
12744,train
42344,train
39142,train
3007,train
12204,train
21640,train
60312,train
64102,train
25638,train
55483,train
50302,train
36987,train
39817,train
4101,train
38414,train
58847,train
32657,train
26629,train
20135,train
36611,train
10810,train
13749,train
54289,train
46123,train
34094,train
41523,train
7497,train
38586,train
66329,train
28800,train
27888,train
48114,train
14019,train
6984,train
57399,train
10900,train
35735,train
67528,train
18602,train
38012,train
52038,train
49804,train
11202,train
48854,train
21529,train
52753,train
26760,train
30545,train
30422,train
41740,train
64807,train
15582,train
60081,train
53024,train
18971,train
59897,train
29233,train
37814,train
47410,train
43756,train
34303,train
19179,train
48995,train
1493,train
28866,train
13549,train
28380,train
32504,train
35651,train
19230,train
68222,train
17339,train
46186,train
34232,train
65345,train
14204,train
25836,train
24434,train
56888,train
29916,train
18608,train
7599,train
62346,train
31561,train
37214,train
64670,train
15813,train
43956,train
542,train
61784,train
29654,train
18821,train
56073,train
62946,train
1637,train
51584,train
38182,train
52445,train
62536,train
57120,train
48207,train
35888,train
33012,train
56193,train
66410,train
70437,train
48391,train
24239,train
12641,train
27250,train
4079,train
54546,train
54227,train
51152,train
12527,train
43617,train
2456,train
30429,train
10062,train
68314,train
25851,train
43653,train
12088,train
37891,train
26086,train
33313,train
40023,train
61665,train
59702,train
31077,train
16310,train
1023,train
54093,train
22246,train
19706,train
26850,train
1206,train
10617,train
39378,train
35572,train
42362,train
31650,train
65005,train
61514,train
53118,train
56936,train
62248,train
60399,train
14397,train
32624,train
24094,train
50287,train
39942,train
1189,train
28890,train
25151,train
19445,train
43298,train
69741,train
48986,train
42649,train
33097,train
31102,train
44583,train
34457,train
37693,train
43895,train
37790,train
28425,train
57109,train
38523,train
67423,train
34102,train
7300,train
6538,train
62147,train
6950,train
52221,train
6402,train
28708,train
15142,train
28231,train
56756,train
56792,train
47594,train
6906,train
13185,train
61478,train
5132,train
67925,train
44462,train
40053,train
59490,train
40038,train
25963,train
67070,train
22357,train
70107,train
60364,train
45617,train
68356,train
46482,train
60739,train
16570,train
17889,train
17559,train
27418,train
25433,train
70310,train
41937,train
48884,train
27936,train
28494,train
29306,train
63612,train
52088,train
7733,train
29649,train
14826,train
1462,train
64663,train
1335,train
30194,train
57686,train
69250,train
36147,train
50518,train
56688,train
2307,train
47542,train
47885,train
54410,train
63637,train
7149,train
48976,train
67751,train
31479,train
58228,train
64154,train
46086,train
18727,train
67915,train
19726,train
66606,train
50101,train
52263,train
46080,train
3870,train
37105,train
57149,train
56335,train
29615,train
43863,train
45654,train
31813,train
10933,train
5396,train
57916,train
67711,train
36821,train
50923,train
53296,train
58262,train
6802,train
6461,train
60052,train
9589,train
17044,train
53877,train
27612,train
43925,train
35197,train
889,train
37006,train
65427,train
1739,train
56038,train
11630,train
53321,train
9712,train
56420,train
51977,train
6623,train
17300,train
32656,train
58274,train
68674,train
43723,train
22601,train
16466,train
28668,train
16586,train
41086,train
63899,train
38107,train
64694,train
58084,train
38672,train
22786,train
49896,train
4142,train
6956,train
58730,train
32620,train
48090,train
13001,train
51385,train
63978,train
9875,train
1055,train
42232,train
65404,train
16409,train
29316,train
17021,train
65720,train
13036,train
36070,train
52322,train
50303,train
30066,train
58660,train
19280,train
11402,train
10326,train
5589,train
34188,train
59434,train
66051,train
59554,train
49597,train
55354,train
36960,train
57742,train
34652,train
47675,train
6093,train
46574,train
56169,train
34042,train
7469,train
8232,train
41378,train
60565,train
39417,train
19401,train
68025,train
8253,train
11283,train
49895,train
28725,train
4840,train
58737,train
13892,train
55346,train
51849,train
8362,train
44375,train
65186,train
1616,train
18052,train
60037,train
8951,train
17045,train
24060,train
33424,train
47394,train
64450,train
43687,train
30826,train
52762,train
53139,train
17378,train
4885,train
50850,train
69372,train
60441,train
41293,train
25905,train
29284,train
24521,train
10073,train
66945,train
18348,train
60539,train
38262,train
40955,train
56697,train
9776,train
53999,train
39999,train
40628,train
18220,train
20328,train
65450,train
38540,train
7032,train
67560,train
11528,train
10686,train
48622,train
51080,train
65975,train
48894,train
33146,train
52478,train
35467,train
36105,train
56747,train
64031,train
18581,train
61693,train
52642,train
60126,train
7979,train
55214,train
29077,train
28713,train
67254,train
40748,train
45830,train
20947,train
42617,train
44396,train
56455,train
40936,train
31683,train
49661,train
1554,train
64644,train
69685,train
2443,train
46722,train
16897,train
67920,train
40174,train
17251,train
13871,train
55663,train
22981,train
58369,train
55095,train
61537,train
18705,train
50897,train
23776,train
58086,train
22098,train
60528,train
51878,train
64548,train
61482,train
53045,train
53048,train
60240,train
27873,train
29678,train
63775,train
50151,train
60503,train
59525,train
59352,train
32860,train
28555,train
8071,train
17003,train
20089,train
28017,train
12248,train
33499,train
45606,train
42043,train
30818,train
38002,train
12143,train
43128,train
10942,train
54794,train
21242,train
17087,train
27692,train
43124,train
3149,train
13591,train
45245,train
3473,train
52017,train
33154,train
31574,train
70674,train
14455,train
14475,train
18462,train
60659,train
69831,train
66711,train
28653,train
55017,train
62717,train
67108,train
53914,train
8258,train
50452,train
11267,train
11877,train
33370,train
18961,train
57151,train
65477,train
32093,train
7172,train
41169,train
10705,train
15664,train
26877,train
50777,train
42821,train
54510,train
35831,train
32091,train
51957,train
59962,train
41211,train
12144,train
21295,train
3744,train
11672,train
33122,train
7196,train
2331,train
24779,train
4858,train
17805,train
60080,train
62388,train
60620,train
61174,train
33952,train
68357,train
51561,train
25253,train
54056,train
35269,train
67078,train
32549,train
57309,train
7948,train
44160,train
29847,train
53753,train
29282,train
1694,train
65708,train
53568,train
45535,train
4120,train
68158,train
45363,train
36770,train
32985,train
57002,train
26107,train
35311,train
12839,train
22860,train
53121,train
29644,train
41973,train
19808,train
28376,train
64893,train
34978,train
59589,train
62640,train
53129,train
39996,train
11925,train
45563,train
18901,train
21683,train
60175,train
10963,train
9713,train
40414,train
67210,train
18511,train
19033,train
66569,train
22085,train
18742,train
27650,train
50316,train
37965,train
27897,train
21643,train
22850,train
63228,train
7817,train
8566,train
31527,train
1769,train
60454,train
58734,train
26065,train
21729,train
31506,train
13603,train
68497,train
66749,train
19756,train
9690,train
52196,train
37372,train
41563,train
49490,train
60385,train
37709,train
13643,train
18351,train
24482,train
6977,train
54392,train
13735,train
18417,train
4770,train
56296,train
64640,train
53748,train
60543,train
32056,train
50954,train
64626,train
44817,train
15856,train
28250,train
20407,train
31183,train
13254,train
22489,train
47308,train
28116,train
50684,train
43954,train
18002,train
23104,train
24486,train
58749,train
17716,train
36469,train
70216,train
50262,train
22902,train
7295,train
60485,train
35416,train
24267,train
44869,train
19192,train
18419,train
64684,train
28732,train
55318,train
60444,train
1693,train
5234,train
1187,train
52871,train
28794,train
30113,train
49689,train
23605,train
64399,train
52807,train
15641,train
69213,train
23777,train
40618,train
40654,train
35107,train
10146,train
39159,train
50893,train
43369,train
47606,train
38676,train
41474,train
25261,train
38902,train
17179,train
50677,train
38250,train
56621,train
14192,train
16780,train
67739,train
55739,train
12907,train
8390,train
24210,train
45092,train
65228,train
27004,train
33693,train
29713,train
35200,train
26165,train
43274,train
42552,train
53015,train
42841,train
7261,train
5372,train
17975,train
34041,train
10717,train
62617,train
17825,train
7685,train
51291,train
6130,train
49270,train
1912,train
15472,train
42424,train
64360,train
68984,train
53316,train
26998,train
25648,train
44723,train
52219,train
19189,train
27415,train
11594,train
41041,train
8918,train
7451,train
22061,train
35227,train
46578,train
48141,train
8629,train
26308,train
65375,train
44523,train
10494,train
50181,train
46577,train
61649,train
62003,train
18785,train
15231,train
70279,train
44291,train
8800,train
39556,train
63594,train
57202,train
64785,train
69282,train
22361,train
58350,train
12721,train
36226,train
4657,train
63715,train
19577,train
47886,train
13122,train
44348,train
52826,train
324,train
1210,train
32467,train
60844,train
25539,train
54295,train
35509,train
57476,train
44833,train
11043,train
35652,train
41191,train
32003,train
18364,train
8714,train
68967,train
42020,train
47153,train
24725,train
63082,train
52867,train
53218,train
8053,train
14323,train
25245,train
24936,train
58198,train
12089,train
63878,train
17648,train
44608,train
64838,train
42395,train
54314,train
20805,train
22266,train
58435,train
38704,train
20827,train
883,train
41527,train
27380,train
62269,train
43159,train
62966,train
56611,train
68160,train
39878,train
65025,train
14935,train
31462,train
37271,train
34502,train
54653,train
42169,train
37685,train
12182,train
57263,train
30405,train
1656,train
69751,train
47195,train
11285,train
15545,train
11031,train
5646,train
70196,train
31903,train
59947,train
18599,train
14161,train
8161,train
68173,train
58502,train
27726,train
7093,train
10003,train
7923,train
66795,train
39535,train
10631,train
52829,train
43084,train
69884,train
24442,train
39635,train
32295,train
57904,train
15249,train
61422,train
45525,train
34739,train
26354,train
12926,train
28132,train
9886,train
69072,train
66380,train
6110,train
43810,train
49973,train
61981,train
17700,train
49928,train
8630,train
56451,train
68744,train
222,train
46781,train
48640,train
70130,train
55410,train
29719,train
49866,train
63275,train
34729,train
16790,train
3577,train
14115,train
29648,train
35562,train
18222,train
55334,train
50032,train
38025,train
60270,train
24449,train
16274,train
6497,train
44673,train
61944,train
54095,train
44538,train
11951,train
64321,train
38860,train
47463,train
14280,train
46772,train
19030,train
15347,train
6713,train
50363,train
62815,train
56223,train
37690,train
59812,train
70353,train
9845,train
48657,train
50076,train
66475,train
40081,train
51267,train
22171,train
60665,train
36727,train
59245,train
60902,train
46347,train
37592,train
35763,train
19673,train
57988,train
30530,train
787,train
3018,train
22615,train
21935,train
44756,train
65125,train
17137,train
41019,train
27033,train
30245,train
45200,train
51140,train
17128,train
66777,train
58033,train
14480,train
62526,train
19818,train
63383,train
29138,train
41333,train
42636,train
48743,train
26092,train
12108,train
46870,train
25445,train
28509,train
67214,train
58107,train
16313,train
20796,train
42000,train
54785,train
28575,train
48900,train
41005,train
41286,train
13304,train
34960,train
7639,train
49873,train
10813,train
16776,train
29999,train
55685,train
64099,train
13512,train
39324,train
15069,train
12737,train
13150,train
45609,train
26682,train
65853,train
31209,train
34402,train
2713,train
69837,train
7789,train
23999,train
60258,train
65430,train
44054,train
25623,train
987,train
22128,train
61625,train
30314,train
16445,train
3960,train
29131,train
8898,train
17732,train
22137,train
41009,train
47743,train
39533,train
8120,train
21059,train
32427,train
26497,train
31017,train
43941,train
12561,train
20046,train
58169,train
6804,train
65596,train
53417,train
1995,train
68366,train
7892,train
49273,train
44751,train
23963,train
18724,train
47992,train
27484,train
66654,train
63178,train
35132,train
32390,train
7949,train
33898,train
37421,train
23427,train
51294,train
66457,train
18880,train
7944,train
69757,train
4253,train
4015,train
40045,train
20729,train
51888,train
8412,train
14209,train
53707,train
66776,train
40647,train
11426,train
41320,train
62136,train
14213,train
4072,train
13515,train
5021,train
48772,train
40400,train
57225,train
63214,train
13586,train
32561,train
33962,train
58157,train
27834,train
66271,train
22218,train
59705,train
56877,train
62952,train
44078,train
60728,train
46376,train
36434,train
14466,train
39515,train
45079,train
35750,train
26154,train
11261,train
38845,train
68470,train
18721,train
61477,train
37360,train
17991,train
16081,train
20228,train
10901,train
70608,train
65794,train
6866,train
9215,train
3088,train
66263,train
237,train
47147,train
23195,train
6890,train
54305,train
68031,train
38392,train
56838,train
50659,train
18712,train
22761,train
38545,train
52801,train
31821,train
53165,train
69226,train
4775,train
36288,train
45673,train
1938,train
31383,train
15074,train
45115,train
9072,train
38913,train
65016,train
2732,train
47465,train
67291,train
61618,train
67202,train
56329,train
69863,train
47338,train
58857,train
43780,train
62951,train
31363,train
51563,train
9816,train
31490,train
47283,train
29954,train
67598,train
56768,train
36779,train
57617,train
37767,train
49083,train
19796,train
10773,train
13313,train
58961,train
16820,train
24742,train
6469,train
3691,train
17909,train
32999,train
32672,train
22242,train
7867,train
37278,train
65638,train
50806,train
66613,train
33909,train
66514,train
47637,train
41183,train
36309,train
64159,train
25828,train
12711,train
66021,train
42416,train
15865,train
20450,train
7513,train
61302,train
13352,train
58944,train
15870,train
31807,train
53822,train
3462,train
69719,train
65331,train
22460,train
20740,train
57206,train
29469,train
55667,train
4824,train
50828,train
47130,train
19739,train
7327,train
50731,train
51818,train
29074,train
334,train
42296,train
58212,train
45516,train
4808,train
1194,train
26015,train
14848,train
59727,train
46643,train
8172,train
30047,train
28636,train
8439,train
52325,train
5063,train
45129,train
67816,train
15040,train
29917,train
4715,train
4267,train
9730,train
44669,train
17866,train
31748,train
14287,train
14228,train
13087,train
39599,train
14187,train
56200,train
19248,train
41090,train
17679,train
62566,train
23167,train
58778,train
19146,train
31146,train
51996,train
44743,train
35171,train
63888,train
57596,train
39789,train
23306,train
16898,train
60057,train
58524,train
14241,train
14462,train
41668,train
37517,train
42598,train
64784,train
4974,train
38897,train
6789,train
42332,train
4553,train
65622,train
45214,train
17527,train
1133,train
70682,train
30823,train
2373,train
2852,train
19483,train
70016,train
23495,train
58796,train
23795,train
18474,train
18208,train
5454,train
5731,train
24821,train
16103,train
17544,train
40608,train
17022,train
19345,train
54560,train
23450,train
51269,train
24419,train
52056,train
62318,train
13556,train
28857,train
23563,train
4944,train
54224,train
32806,train
45775,train
33234,train
70520,train
60995,train
32141,train
14395,train
21520,train
69255,train
24736,train
19941,train
64333,train
19852,train
31794,train
54791,train
50248,train
63718,train
6992,train
46163,train
9900,train
41385,train
54735,train
21071,train
42725,train
19938,train
57519,train
60252,train
12510,train
18010,train
46903,train
23039,train
41767,train
22749,train
70584,train
53777,train
38266,train
20416,train
35855,train
41020,train
64653,train
41331,train
35972,train
17812,train
32170,train
6276,train
27051,train
66832,train
14955,train
9754,train
7263,train
68147,train
31701,train
63303,train
66378,train
34790,train
17491,train
35469,train
25853,train
33973,train
7296,train
55055,train
63231,train
50875,train
40083,train
7435,train
48917,train
33992,train
68030,train
44951,train
51434,train
44022,train
30158,train
31714,train
14976,train
17012,train
22289,train
43946,train
19893,train
3517,train
7568,train
22692,train
4562,train
6197,train
61961,train
24505,train
13919,train
19949,train
33519,train
45274,train
61862,train
962,train
7422,train
59685,train
19859,train
21438,train
11346,train
39168,train
8789,train
15851,train
57622,train
24303,train
12600,train
2364,train
39729,train
41701,train
44403,train
3011,train
40020,train
25614,train
2899,train
60850,train
64400,train
10996,train
36377,train
58862,train
3455,train
50202,train
9941,train
36457,train
67436,train
51043,train
12672,train
31627,train
23357,train
25594,train
30244,train
25434,train
14536,train
13189,train
36718,train
62557,train
35182,train
10125,train
29127,train
48862,train
13082,train
21314,train
36573,train
43028,train
69524,train
55600,train
63346,train
22741,train
53278,train
31,train
28271,train
31124,train
64704,train
70001,train
63624,train
44195,train
20488,train
4849,train
52436,train
56111,train
25408,train
21714,train
21107,train
63170,train
70650,train
9132,train
56872,train
33413,train
23224,train
8211,train
3123,train
52493,train
49341,train
18952,train
54048,train
53089,train
59669,train
33915,train
43892,train
13747,train
5472,train
9114,train
22149,train
10836,train
20737,train
20972,train
29347,train
43776,train
51156,train
37441,train
45026,train
777,train
28517,train
640,train
15648,train
68891,train
14342,train
28803,train
42345,train
65244,train
25793,train
37195,train
4200,train
58724,train
58788,train
30095,train
29302,train
56438,train
48795,train
51721,train
45148,train
46528,train
49510,train
38026,train
48888,train
28384,train
50388,train
20832,train
37323,train
14579,train
69154,train
43339,train
69233,train
38705,train
53250,train
14384,train
60778,train
53023,train
66398,train
59202,train
34494,train
33722,train
47925,train
20652,train
53219,train
65190,train
17643,train
874,train
45793,train
23263,train
17515,train
9666,train
5553,train
43082,train
17478,train
25687,train
52808,train
57436,train
68630,train
44473,train
31681,train
40413,train
37647,train
46830,train
32202,train
29,train
61015,train
48786,train
19746,train
67912,train
65488,train
69357,train
34228,train
58534,train
51099,train
30265,train
32067,train
13582,train
65380,train
47493,train
69847,train
29038,train
31824,train
45986,train
10490,train
37478,train
27548,train
14380,train
37322,train
11741,train
17350,train
27813,train
69882,train
15520,train
41398,train
32596,train
7027,train
51368,train
42139,train
60711,train
36817,train
32594,train
31564,train
28018,train
19211,train
35496,train
20728,train
38774,train
37257,train
11814,train
26282,train
41895,train
59404,train
16433,train
28154,train
67578,train
15081,train
5706,train
3453,train
53167,train
9781,train
69830,train
52775,train
25830,train
18841,train
11489,train
62606,train
13653,train
56914,train
34786,train
22501,train
49138,train
55706,train
49878,train
10856,train
52389,train
8840,train
46413,train
61049,train
63324,train
48214,train
18831,train
5742,train
46329,train
46557,train
42729,train
43431,train
59457,train
12483,train
49399,train
38176,train
43966,train
46997,train
34794,train
68602,train
64237,train
27747,train
1888,train
9869,train
65304,train
8065,train
41999,train
53616,train
51013,train
66821,train
11969,train
64517,train
62241,train
10750,train
27919,train
10348,train
69655,train
1759,train
54719,train
64177,train
17737,train
18891,train
44643,train
5720,train
14931,train
17523,train
53324,train
15990,train
33627,train
53511,train
29782,train
14877,train
35826,train
47072,train
52488,train
6333,train
35251,train
42748,train
19051,train
32252,train
39614,train
40313,train
28115,train
50121,train
12608,train
70491,train
33045,train
46031,train
27586,train
16245,train
60096,train
5529,train
1839,train
54317,train
10774,train
60882,train
58878,train
48979,train
56920,train
1464,train
40827,train
29990,train
33839,train
17970,train
45911,train
6705,train
49049,train
29269,train
44535,train
22335,train
48463,train
66250,train
18810,train
1527,train
70091,train
67685,train
5513,train
16674,train
5098,train
30943,train
65483,train
53648,train
37351,train
49911,train
35337,train
37296,train
13888,train
39618,train
30796,train
25731,train
66807,train
3332,train
7138,train
32373,train
24609,train
56915,train
46174,train
9836,train
49632,train
1346,train
12696,train
68605,train
23785,train
9878,train
45257,train
64411,train
9378,train
32488,train
45166,train
12878,train
12379,train
23738,train
20443,train
3127,train
66028,train
35718,train
37749,train
57052,train
14367,train
22579,train
40238,train
14796,train
10337,train
11725,train
14442,train
30658,train
38157,train
2266,train
12949,train
782,train
34436,train
15292,train
4846,train
61147,train
1581,train
30606,train
26517,train
4272,train
4596,train
32755,train
4747,train
54400,train
13125,train
1596,train
1629,train
39849,train
723,train
69770,train
20319,train
59423,train
56501,train
64665,train
17365,train
18198,train
19838,train
50554,train
44391,train
41483,train
26691,train
62089,train
24715,train
14449,train
8498,train
62419,train
4557,train
29875,train
4782,train
40418,train
7374,train
48264,train
1266,train
9735,train
63955,train
15361,train
10846,train
36572,train
55518,train
2148,train
45528,train
44084,train
39241,train
12194,train
54439,train
29910,train
52928,train
67317,train
24567,train
24428,train
64037,train
16119,train
12549,train
29102,train
29314,train
48722,train
20252,train
26840,train
16601,train
14585,train
60484,train
24223,train
25308,train
31785,train
58739,train
21940,train
67245,train
38597,train
32835,train
27566,train
32763,train
69144,train
39744,train
2346,train
23875,train
39912,train
33700,train
50674,train
6590,train
36635,train
2530,train
51614,train
40404,train
67298,train
22976,train
67969,train
20455,train
27444,train
44509,train
37024,train
4864,train
66861,train
33482,train
68481,train
28095,train
50501,train
13927,train
52584,train
1150,train
37227,train
11461,train
6677,train
35662,train
58343,train
7533,train
40272,train
62945,train
14557,train
30114,train
61630,train
26080,train
24404,train
52839,train
60250,train
28407,train
4440,train
41888,train
42782,train
35657,train
47404,train
49720,train
6179,train
6729,train
23144,train
48969,train
18298,train
2865,train
61485,train
63704,train
55091,train
57521,train
68889,train
45723,train
2541,train
41301,train
2748,train
59536,train
27208,train
45863,train
42813,train
50457,train
22806,train
49075,train
1061,train
69690,train
4445,train
24483,train
31928,train
23310,train
38197,train
26906,train
45270,train
54554,train
58272,train
37310,train
50697,train
27877,train
41485,train
38886,train
27967,train
19937,train
70640,train
5048,train
3785,train
2177,train
16710,train
5900,train
57628,train
59870,train
36642,train
5430,train
45773,train
3295,train
25460,train
58492,train
7233,train
19981,train
66519,train
9365,train
42795,train
51757,train
58197,train
51973,train
15303,train
47473,train
65109,train
60085,train
56662,train
21641,train
37370,train
62618,train
63361,train
38881,train
44571,train
42053,train
55144,train
7681,train
4337,train
49702,train
66258,train
29868,train
15023,train
68142,train
33530,train
55597,train
3597,train
40257,train
23503,train
45562,train
63622,train
62548,train
6517,train
18607,train
43580,train
37857,train
64864,train
65630,train
53810,train
41126,train
56731,train
10714,train
549,train
12098,train
68638,train
29655,train
50147,train
22751,train
50959,train
14948,train
40875,train
8722,train
29067,train
9557,train
39634,train
69518,train
38149,train
8494,train
41985,train
34559,train
15476,train
51064,train
59392,train
15852,train
32963,train
65270,train
32360,train
55759,train
22997,train
56846,train
40216,train
69302,train
33514,train
33501,train
42634,train
51007,train
50696,train
48509,train
21264,train
32233,train
60587,train
54903,train
70097,train
29294,train
39630,train
53881,train
69216,train
32954,train
38335,train
42122,train
48282,train
41817,train
23143,train
24376,train
7119,train
17395,train
20510,train
26347,train
33452,train
38145,train
5463,train
13022,train
11913,train
66284,train
15038,train
7545,train
53392,train
68521,train
61739,train
11149,train
27564,train
43407,train
29670,train
37411,train
21081,train
44841,train
38110,train
47809,train
59943,train
53330,train
10851,train
21105,train
64708,train
69923,train
47957,train
14220,train
16720,train
69236,train
8428,train
57607,train
41367,train
10949,train
28194,train
19000,train
54660,train
60066,train
58807,train
57520,train
25107,train
33692,train
22651,train
37511,train
102,train
20104,train
47883,train
18116,train
1199,train
31251,train
70630,train
40630,train
52605,train
45643,train
68516,train
40327,train
49850,train
43212,train
62364,train
59854,train
46391,train
31145,train
20714,train
490,train
6155,train
42970,train
58225,train
52533,train
25511,train
57480,train
40778,train
27517,train
7049,train
41379,train
33106,train
45157,train
12067,train
56279,train
60486,train
46205,train
689,train
40074,train
62111,train
49204,train
24266,train
42226,train
45777,train
2414,train
39824,train
41597,train
2113,train
1756,train
58105,train
11380,train
43562,train
45202,train
38930,train
3048,train
52022,train
28929,train
13406,train
50297,train
38680,train
69798,train
1038,train
33161,train
7707,train
6683,train
62150,train
44893,train
12287,train
28087,train
44959,train
4026,train
30465,train
7899,train
17608,train
57842,train
69919,train
32696,train
11173,train
15400,train
9570,train
60783,train
33110,train
58751,train
70601,train
37730,train
25096,train
14120,train
55006,train
50576,train
40760,train
18184,train
59811,train
41780,train
51529,train
54260,train
52028,train
41543,train
9090,train
40278,train
68429,train
1350,train
17293,train
37907,train
16208,train
54685,train
31425,train
12387,train
46600,train
20000,train
15277,train
31524,train
49001,train
11060,train
68009,train
17321,train
66408,train
36618,train
65955,train
53734,train
6200,train
62570,train
17984,train
23770,train
21428,train
26541,train
19872,train
52265,train
13991,train
38518,train
67643,train
4338,train
58046,train
1340,train
43722,train
1274,train
28772,train
1813,train
35620,train
22764,train
27123,train
61563,train
17144,train
17729,train
16799,train
12434,train
46524,train
67719,train
19639,train
31375,train
53759,train
41460,train
38859,train
53838,train
25306,train
41470,train
33541,train
12013,train
4386,train
771,train
4322,train
24489,train
51072,train
32891,train
19375,train
58501,train
53374,train
22312,train
10682,train
50769,train
54852,train
42421,train
60103,train
6392,train
426,train
41134,train
65671,train
69074,train
30007,train
58427,train
54481,train
13561,train
41794,train
27774,train
54948,train
65846,train
29472,train
61429,train
69145,train
30151,train
62489,train
39749,train
13277,train
34984,train
60506,train
37751,train
19679,train
46281,train
17459,train
35007,train
33870,train
38840,train
29237,train
42160,train
63302,train
13208,train
32135,train
30663,train
60303,train
13459,train
15799,train
15059,train
26460,train
66564,train
45495,train
23180,train
58798,train
19560,train
28135,train
41273,train
39760,train
4232,train
60618,train
21800,train
17215,train
22608,train
3626,train
4090,train
56319,train
64275,train
13990,train
58595,train
6903,train
66591,train
5043,train
35622,train
3085,train
281,train
49187,train
44550,train
17605,train
52733,train
70616,train
24421,train
49713,train
10596,train
20896,train
46670,train
48028,train
10824,train
32247,train
30862,train
21119,train
9658,train
60561,train
3076,train
2501,train
49742,train
49231,train
18966,train
621,train
21737,train
24440,train
52510,train
5050,train
23712,train
52153,train
50613,train
15667,train
32186,train
52377,train
5853,train
10232,train
25248,train
58816,train
2854,train
47599,train
58523,train
37226,train
69261,train
3674,train
29091,train
34936,train
40842,train
11369,train
719,train
22046,train
6502,train
18976,train
41059,train
11534,train
70346,train
11446,train
12858,train
39711,train
24526,train
34257,train
29442,train
5331,train
36945,train
49342,train
34484,train
43437,train
32023,train
43777,train
25466,train
21718,train
56177,train
26891,train
49738,train
42756,train
11906,train
5974,train
26708,train
58011,train
37144,train
54402,train
4731,train
43603,train
60559,train
38191,train
16989,train
47453,train
67857,train
38205,train
41272,train
26829,train
17728,train
35711,train
46087,train
54679,train
14583,train
57577,train
51325,train
41405,train
11800,train
38687,train
10084,train
49040,train
211,train
10044,train
64998,train
33403,train
70019,train
34450,train
37508,train
16844,train
12415,train
16019,train
56074,train
14272,train
37669,train
35909,train
15482,train
59371,train
15198,train
57367,train
70581,train
67077,train
39037,train
56326,train
47421,train
27797,train
9982,train
3703,train
68281,train
28399,train
14700,train
26876,train
9720,train
44340,train
69708,train
7080,train
47472,train
59637,train
31959,train
22537,train
64325,train
17417,train
48158,train
38400,train
6141,train
1993,train
52069,train
28850,train
11803,train
10029,train
61290,train
64485,train
49699,train
34812,train
60556,train
57431,train
4057,train
68397,train
48155,train
39511,train
36921,train
37321,train
42657,train
11911,train
64822,train
20821,train
68802,train
52095,train
34129,train
57722,train
42048,train
2169,train
16369,train
61811,train
55122,train
48007,train
25909,train
67390,train
12008,train
51081,train
26874,train
24975,train
9475,train
7116,train
35839,train
67207,train
10395,train
5070,train
60224,train
58869,train
43009,train
70227,train
23799,train
61403,train
65954,train
50807,train
14664,train
14814,train
67240,train
69786,train
65564,train
39743,train
67832,train
60393,train
5628,train
56964,train
22847,train
36475,train
11284,train
70060,train
64988,train
26136,train
25714,train
65828,train
54396,train
49976,train
57634,train
24762,train
12954,train
49816,train
68255,train
29968,train
50502,train
9630,train
70547,train
34435,train
11912,train
62399,train
13875,train
8240,train
61871,train
31827,train
30550,train
57827,train
8829,train
10413,train
11761,train
48769,train
17853,train
3049,train
58962,train
57713,train
48925,train
23530,train
18939,train
27322,train
11174,train
21397,train
11749,train
8801,train
23360,train
12293,train
44758,train
24625,train
626,train
55294,train
70090,train
16067,train
21762,train
10739,train
23282,train
18334,train
2849,train
7648,train
28752,train
51299,train
23119,train
37698,train
60881,train
9484,train
56157,train
37228,train
33244,train
43787,train
8678,train
9236,train
22262,train
34686,train
45374,train
23382,train
2489,train
58975,train
28256,train
29840,train
39039,train
66262,train
55235,train
3899,train
2972,train
49963,train
60222,train
59100,train
61873,train
8038,train
39728,train
47693,train
51902,train
22519,train
2909,train
2040,train
57545,train
6516,train
9577,train
69029,train
49603,train
26014,train
18889,train
54452,train
28159,train
3910,train
28966,train
69319,train
29229,train
59967,train
44156,train
12804,train
566,train
44102,train
60211,train
29477,train
45158,train
24495,train
33731,train
16309,train
12853,train
35636,train
23686,train
66147,train
2930,train
66508,train
39396,train
43980,train
7397,train
48823,train
52018,train
26900,train
17377,train
14781,train
38049,train
45230,train
27048,train
33529,train
39091,train
48855,train
37653,train
61825,train
46108,train
57419,train
11894,train
812,train
58872,train
29662,train
37054,train
22829,train
40924,train
1080,train
15828,train
2770,train
33408,train
68022,train
69610,train
28791,train
24584,train
36867,train
171,train
52954,train
38173,train
20077,train
55990,train
38105,train
50138,train
16086,train
12652,train
61930,train
7782,train
10598,train
49680,train
70440,train
68302,train
32664,train
69192,train
58621,train
38836,train
63871,train
56740,train
44395,train
70402,train
32737,train
68682,train
48948,train
68186,train
15694,train
40153,train
59535,train
52772,train
13390,train
70195,train
1643,train
427,train
58273,train
35701,train
9403,train
45950,train
42665,train
63970,train
9036,train
67630,train
54084,train
46336,train
42434,train
12187,train
65286,train
4210,train
51638,train
61704,train
32148,train
44672,train
37153,train
32970,train
22102,train
42891,train
8640,train
48009,train
21708,train
57461,train
972,train
44573,train
697,train
12595,train
32267,train
68150,train
42767,train
19965,train
42680,train
31080,train
15143,train
26384,train
24256,train
65940,train
30968,train
61556,train
36807,train
22060,train
9612,train
27646,train
30978,train
67315,train
35414,train
65272,train
61264,train
58470,train
67740,train
45771,train
39348,train
64941,train
8016,train
8540,train
49281,train
64070,train
14627,train
52567,train
39958,train
3156,train
69094,train
21325,train
4780,train
10183,train
33734,train
28263,train
13944,train
24716,train
26643,train
57881,train
20996,train
61432,train
50071,train
26845,train
65423,train
23747,train
15994,train
26604,train
39519,train
33761,train
7387,train
9229,train
65485,train
62232,train
26556,train
26203,train
63817,train
32989,train
64592,train
7805,train
3511,train
49105,train
45603,train
50625,train
48545,train
35659,train
55665,train
4811,train
46635,train
19456,train
25137,train
26042,train
33853,train
27206,train
63708,train
2054,train
44524,train
49658,train
57223,train
22594,train
35559,train
68194,train
62600,train
49617,train
35635,train
25055,train
4564,train
50469,train
31696,train
14402,train
11859,train
30469,train
22536,train
784,train
62439,train
58919,train
5382,train
17771,train
47318,train
68463,train
58024,train
12579,train
37635,train
65416,train
42209,train
4816,train
3852,train
40182,train
42118,train
51647,train
47126,train
45811,train
67911,train
47489,train
42078,train
39802,train
56934,train
3319,train
297,train
57336,train
35234,train
48284,train
183,train
44109,train
33105,train
3685,train
66421,train
29937,train
39157,train
7222,train
24790,train
29583,train
6465,train
39561,train
49216,train
49452,train
32029,train
23374,train
34725,train
46552,train
6596,train
45429,train
23183,train
2993,train
21952,train
4702,train
24264,train
5014,train
26357,train
62800,train
1717,train
30083,train
47390,train
33991,train
34297,train
19573,train
10655,train
8931,train
30689,train
30859,train
22545,train
17325,train
35871,train
57121,train
42960,train
25462,train
23430,train
22782,train
61745,train
35352,train
42469,train
5058,train
39473,train
41155,train
67575,train
39998,train
11421,train
56137,train
67791,train
15273,train
34146,train
30419,train
24502,train
24476,train
47533,train
59330,train
15970,train
20258,train
30463,train
2152,train
7997,train
32534,train
17268,train
43253,train
27866,train
45837,train
15017,train
58067,train
36476,train
52736,train
54457,train
32849,train
41364,train
47457,train
65008,train
26293,train
39575,train
54523,train
190,train
11447,train
46700,train
52575,train
61287,train
1841,train
19557,train
70505,train
9696,train
28700,train
36312,train
10143,train
52659,train
21473,train
60870,train
30225,train
8103,train
1107,train
63440,train
33703,train
2568,train
65129,train
23833,train
6184,train
5194,train
19276,train
23060,train
17456,train
56250,train
58068,train
31302,train
61674,train
58151,train
24132,train
44308,train
27407,train
19038,train
29981,train
56092,train
37243,train
51997,train
19085,train
43518,train
46291,train
33064,train
65632,train
69558,train
3845,train
41492,train
48882,train
56758,train
37097,train
4418,train
18596,train
46875,train
54050,train
41261,train
39550,train
38502,train
42644,train
62329,train
69815,train
40848,train
57640,train
44236,train
51472,train
5627,train
10141,train
59111,train
44792,train
8180,train
25087,train
37843,train
31343,train
48840,train
63635,train
37979,train
45366,train
38184,train
12240,train
8046,train
65214,train
10696,train
43177,train
54463,train
23874,train
14071,train
48209,train
41207,train
24030,train
43288,train
43990,train
39864,train
39151,train
45482,train
44215,train
63751,train
18322,train
1257,train
24663,train
45424,train
39426,train
66903,train
20782,train
61131,train
52209,train
28919,train
64084,train
26754,train
9726,train
37498,train
64860,train
69251,train
64976,train
37831,train
68,train
36918,train
66226,train
61138,train
5840,train
36296,train
38126,train
37242,train
61592,train
61314,train
16429,train
64219,train
63261,train
24938,train
23040,train
46678,train
43205,train
13159,train
41713,train
51165,train
54315,train
64667,train
33030,train
9924,train
31613,train
52365,train
40645,train
67637,train
32592,train
20278,train
29105,train
10740,train
30807,train
29325,train
11520,train
47813,train
42253,train
35444,train
23279,train
64215,train
68796,train
58783,train
69073,train
30105,train
65943,train
32020,train
56065,train
32872,train
8703,train
47775,train
70056,train
41140,train
29627,train
6841,train
5923,train
29201,train
42341,train
14005,train
63353,train
2927,train
31179,train
12340,train
7312,train
44516,train
25948,train
3509,train
37069,train
17631,train
33140,train
66808,train
55650,train
28938,train
61912,train
70373,train
34950,train
59264,train
54608,train
11936,train
59758,train
5253,train
18997,train
17674,train
54814,train
28943,train
30424,train
28742,train
38298,train
68113,train
29872,train
45856,train
7571,train
27607,train
30767,train
5455,train
22724,train
50449,train
4475,train
69087,train
18181,train
52089,train
1966,train
70082,train
3596,train
26284,train
13007,train
5272,train
60825,train
49755,train
27618,train
17867,train
56456,train
30174,train
10441,train
17048,train
24467,train
62211,train
46158,train
12091,train
37116,train
22387,train
46591,train
7166,train
46587,train
52369,train
61691,train
14578,train
20918,train
24916,train
25603,train
31286,train
36465,train
9384,train
17694,train
59653,train
49251,train
34151,train
7490,train
20671,train
21309,train
4848,train
24751,train
11914,train
25436,train
40805,train
64134,train
24985,train
40134,train
50874,train
15346,train
18483,train
41891,train
56930,train
31865,train
33081,train
32562,train
39603,train
61836,train
2780,train
54072,train
9391,train
23253,train
11258,train
41366,train
49600,train
16545,train
43439,train
62902,train
9671,train
18637,train
23217,train
50497,train
29258,train
25944,train
10838,train
9640,train
65306,train
35663,train
44737,train
60654,train
13079,train
497,train
30639,train
18964,train
68074,train
8155,train
44678,train
248,train
13495,train
27136,train
62059,train
21888,train
28052,train
39263,train
62841,train
46416,train
61311,train
63188,train
67025,train
48485,train
3575,train
42407,train
51922,train
32291,train
7465,train
22035,train
12457,train
26321,train
2536,train
43352,train
40443,train
19582,train
51995,train
47590,train
38320,train
20436,train
44373,train
32585,train
19971,train
10527,train
59729,train
55239,train
28706,train
19209,train
24993,train
25395,train
45967,train
57003,train
13228,train
17162,train
44048,train
7956,train
18252,train
8392,train
22307,train
31758,train
14607,train
36176,train
40603,train
29489,train
16751,train
1292,train
3879,train
20174,train
5547,train
63778,train
16724,train
20840,train
48444,train
42312,train
62744,train
7424,train
11590,train
30617,train
11375,train
11627,train
5363,train
36665,train
40581,train
18057,train
3949,train
59597,train
67406,train
69584,train
39004,train
7306,train
5861,train
31844,train
6902,train
29394,train
52177,train
62573,train
40698,train
65120,train
40826,train
6459,train
59340,train
52440,train
41375,train
50345,train
5440,train
61487,train
20961,train
12767,train
32443,train
31393,train
34913,train
3386,train
45615,train
15945,train
37337,train
31960,train
35032,train
164,train
16837,train
8746,train
66501,train
40951,train
70539,train
16943,train
2553,train
7065,train
58,train
24056,train
46292,train
41694,train
26609,train
65321,train
49175,train
41307,train
33180,train
6537,train
38945,train
61850,train
26200,train
66901,train
51281,train
59749,train
20878,train
7320,train
66441,train
1129,train
10361,train
23797,train
58150,train
4778,train
50289,train
4077,train
62480,train
56021,train
25886,train
41493,train
49236,train
50862,train
24111,train
57748,train
46270,train
55921,train
52378,train
70516,train
40863,train
2894,train
21156,train
40839,train
57080,train
66967,train
58647,train
15190,train
63923,train
22882,train
27301,train
53780,train
14495,train
46492,train
20866,train
8771,train
63492,train
21522,train
37634,train
11329,train
66095,train
34855,train
10383,train
3608,train
64473,train
22291,train
48705,train
62924,train
66316,train
58904,train
49764,train
38756,train
66294,train
22391,train
7491,train
8995,train
40234,train
52302,train
43001,train
26854,train
68037,train
38135,train
46547,train
59621,train
64425,train
11935,train
19731,train
43192,train
60596,train
4650,train
34871,train
16392,train
15414,train
41180,train
29257,train
60203,train
15701,train
14719,train
9301,train
55519,train
57430,train
60315,train
33019,train
17434,train
48560,train
26304,train
6205,train
67263,train
43429,train
42480,train
27453,train
5307,train
16132,train
45764,train
14637,train
61527,train
30106,train
10692,train
18679,train
7752,train
50804,train
46604,train
5724,train
53128,train
18206,train
51417,train
40225,train
32319,train
47197,train
36907,train
66940,train
37986,train
59607,train
5236,train
32232,train
33109,train
10811,train
18368,train
21159,train
25369,train
44280,train
13933,train
60890,train
31273,train
23009,train
10306,train
37539,train
61214,train
64842,train
10151,train
44969,train
20149,train
24413,train
20529,train
58109,train
39390,train
11909,train
34206,train
62159,train
48215,train
42849,train
14549,train
25391,train
54038,train
46927,train
42392,train
44718,train
60067,train
35435,train
64446,train
19829,train
36459,train
11240,train
32882,train
20974,train
49046,train
33645,train
54697,train
36885,train
66549,train
28282,train
58722,train
67005,train
19400,train
23383,train
29504,train
69959,train
53632,train
55315,train
37362,train
43907,train
22260,train
53773,train
70665,train
35787,train
41925,train
28949,train
35079,train
3492,train
67822,train
11163,train
44445,train
69947,train
8495,train
24516,train
42589,train
12479,train
30391,train
68987,train
58102,train
44670,train
43682,train
25840,train
41637,train
45251,train
13046,train
40133,train
65,train
50454,train
64414,train
41368,train
70586,train
23965,train
19362,train
9991,train
45206,train
65972,train
50040,train
47753,train
6560,train
68758,train
48801,train
4555,train
62755,train
14932,train
43991,train
12173,train
57060,train
38301,train
31135,train
10353,train
67970,train
19053,train
65629,train
10464,train
38932,train
27914,train
47345,train
63465,train
45308,train
15235,train
29275,train
29499,train
40786,train
20950,train
33474,train
46451,train
65800,train
21458,train
68350,train
12209,train
67707,train
22752,train
62925,train
59000,train
20110,train
50062,train
13097,train
26843,train
19357,train
8386,train
59978,train
28460,train
14190,train
19885,train
46512,train
56345,train
46099,train
40360,train
48399,train
52977,train
4530,train
29209,train
45724,train
8036,train
13274,train
42207,train
20209,train
8638,train
39110,train
65192,train
43899,train
42214,train
2794,train
66523,train
9752,train
26724,train
15790,train
35523,train
68932,train
67380,train
17743,train
9462,train
53892,train
31216,train
2616,train
23543,train
31040,train
60643,train
14977,train
18397,train
30894,train
18853,train
25513,train
43053,train
7038,train
55068,train
1050,train
70035,train
69949,train
30279,train
51238,train
51381,train
40477,train
68597,train
829,train
7481,train
62523,train
26218,train
24652,train
8111,train
22434,train
32250,train
52613,train
17379,train
52785,train
15615,train
54176,train
18699,train
33571,train
38844,train
49140,train
19232,train
48376,train
9030,train
29776,train
53189,train
19466,train
65493,train
40913,train
47683,train
14684,train
68232,train
18122,train
67405,train
13242,train
32151,train
24082,train
43799,train
24330,train
66418,train
9110,train
6301,train
36047,train
34558,train
67472,train
7258,train
43658,train
43523,train
12500,train
17281,train
63291,train
19206,train
1341,train
18173,train
12594,train
59585,train
64735,train
18922,train
52294,train
7150,train
9898,train
69916,train
60779,train
3806,train
27722,train
10792,train
68845,train
56138,train
34362,train
2742,train
62865,train
8580,train
42761,train
33050,train
43381,train
29234,train
47535,train
67051,train
48524,train
35743,train
40560,train
13646,train
59707,train
37436,train
40528,train
59725,train
12602,train
44848,train
10323,train
67269,train
29015,train
19008,train
60903,train
52690,train
48312,train
12313,train
7217,train
16590,train
68012,train
20376,train
13259,train
65078,train
38383,train
22318,train
61332,train
56716,train
16071,train
56627,train
63172,train
3161,train
25351,train
30827,train
33496,train
69557,train
31934,train
52180,train
56054,train
25798,train
51972,train
67372,train
47687,train
64882,train
6442,train
8500,train
14756,train
4829,train
66772,train
63246,train
8661,train
40481,train
40408,train
40825,train
22166,train
4150,train
24892,train
18238,train
16761,train
61696,train
63764,train
70548,train
4048,train
20425,train
30438,train
42004,train
33665,train
12778,train
62695,train
16651,train
59188,train
56861,train
46279,train
56086,train
34194,train
33163,train
28768,train
55726,train
58706,train
2769,train
22235,train
2526,train
19977,train
55971,train
8535,train
20038,train
36508,train
59879,train
27305,train
20018,train
16740,train
55246,train
54055,train
7025,train
13338,train
39658,train
21695,train
30015,train
67232,train
57063,train
66368,train
15258,train
45592,train
7534,train
30949,train
40772,train
46280,train
32301,train
69208,train
50247,train
40209,train
64518,train
64720,train
26962,train
23272,train
49849,train
9469,train
4374,train
27353,train
279,train
9623,train
15133,train
24787,train
28223,train
14623,train
12398,train
1075,train
20604,train
64778,train
52701,train
68452,train
13464,train
58864,train
67039,train
18467,train
35276,train
30611,train
38823,train
56674,train
37348,train
41652,train
38326,train
17161,train
25637,train
59779,train
24213,train
60494,train
36926,train
10825,train
8193,train
66529,train
31156,train
45387,train
33527,train
27622,train
63198,train
56053,train
13424,train
118,train
19874,train
54365,train
34827,train
35093,train
37716,train
1285,train
27734,train
27406,train
17043,train
39597,train
49566,train
62626,train
45735,train
6244,train
13945,train
45890,train
9859,train
35367,train
59203,train
46529,train
54162,train
33756,train
68043,train
65118,train
2579,train
20941,train
44223,train
10583,train
21143,train
23865,train
14013,train
8926,train
51358,train
53299,train
7040,train
45205,train
16818,train
45301,train
9152,train
5942,train
54179,train
4607,train
20970,train
63191,train
15599,train
45649,train
4923,train
15543,train
31522,train
51499,train
22340,train
8842,train
21155,train
57456,train
22292,train
25741,train
43866,train
62975,train
21139,train
56395,train
26735,train
56718,train
9135,train
65945,train
55945,train
15987,train
17117,train
51439,train
64141,train
56703,train
12261,train
43569,train
1466,train
24935,train
33049,train
34030,train
2281,train
32487,train
37382,train
57556,train
37852,train
34575,train
32435,train
45963,train
57532,train
69952,train
30837,train
62868,train
15145,train
19551,train
67414,train
66990,train
36909,train
68955,train
60507,train
28483,train
16845,train
30351,train
62928,train
67636,train
61796,train
69942,train
68993,train
67231,train
20574,train
12844,train
40004,train
44700,train
32981,train
22908,train
30686,train
55885,train
39011,train
37763,train
53718,train
39069,train
49673,train
22770,train
29240,train
15435,train
19390,train
67802,train
62893,train
58354,train
9936,train
14126,train
52974,train
39799,train
31725,train
57067,train
27674,train
40611,train
50679,train
66988,train
29622,train
8802,train
11112,train
3326,train
41663,train
2916,train
57692,train
23759,train
55253,train
19371,train
24904,train
2376,train
67689,train
62481,train
51016,train
51422,train
43008,train
48757,train
54725,train
62701,train
46459,train
8941,train
7915,train
28091,train
59303,train
67634,train
10461,train
46703,train
15228,train
55265,train
68827,train
4809,train
10892,train
39653,train
38739,train
22296,train
14077,train
11569,train
36036,train
65128,train
32265,train
62421,train
2518,train
3338,train
70506,train
57992,train
58679,train
32938,train
25498,train
47484,train
53478,train
66979,train
9742,train
37068,train
60072,train
63986,train
27539,train
58366,train
12742,train
32419,train
16649,train
37424,train
39616,train
32082,train
55244,train
35929,train
63155,train
38100,train
29311,train
60342,train
40132,train
9016,train
60941,train
68884,train
15410,train
10007,train
4633,train
31236,train
36066,train
11965,train
39240,train
45302,train
25612,train
40331,train
21651,train
28961,train
39585,train
39393,train
56922,train
32372,train
34426,train
16050,train
39059,train
34624,train
57704,train
64449,train
27815,train
52773,train
23446,train
55064,train
33369,train
32713,train
2462,train
64654,train
69151,train
12564,train
56689,train
67709,train
34199,train
5218,train
57734,train
1042,train
48437,train
10642,train
8401,train
17426,train
66920,train
30560,train
5558,train
10449,train
38775,train
22325,train
20092,train
9568,train
37145,train
59986,train
49807,train
31832,train
36969,train
29824,train
44329,train
53480,train
25394,train
26936,train
26083,train
55561,train
25777,train
53751,train
57455,train
19604,train
60569,train
37892,train
49951,train
35642,train
62260,train
69862,train
23173,train
61231,train
36517,train
2863,train
58539,train
51926,train
18193,train
51708,train
20564,train
13615,train
6052,train
52161,train
47023,train
69452,train
31283,train
19748,train
30334,train
54301,train
49880,train
60215,train
24127,train
19100,train
63499,train
29941,train
63700,train
36117,train
5228,train
24591,train
12307,train
20905,train
60,train
18425,train
40820,train
17779,train
66918,train
19841,train
15151,train
21370,train
40012,train
66694,train
11916,train
9021,train
2517,train
57403,train
44255,train
25669,train
28718,train
66404,train
16809,train
38982,train
64996,train
656,train
6128,train
8015,train
65248,train
39928,train
43795,train
32395,train
23580,train
13723,train
21299,train
42515,train
58574,train
59165,train
1157,train
18570,train
43583,train
63653,train
4312,train
14147,train
23389,train
40671,train
37312,train
36480,train
36985,train
27796,train
37629,train
50919,train
50870,train
46073,train
63880,train
55048,train
36830,train
38086,train
32923,train
2133,train
29841,train
55754,train
5635,train
16827,train
21951,train
70017,train
9340,train
63954,train
64401,train
48154,train
50194,train
52565,train
3424,train
26118,train
52318,train
56263,train
41804,train
45367,train
43531,train
49952,train
27535,train
15749,train
44444,train
63529,train
14216,train
50476,train
57418,train
13051,train
58564,train
62091,train
41915,train
229,train
65644,train
7878,train
37686,train
46967,train
6679,train
51162,train
20617,train
69495,train
21250,train
33641,train
24811,train
33815,train
35351,train
66642,train
67918,train
27989,train
58398,train
26235,train
23015,train
62252,train
35970,train
38350,train
41417,train
15720,train
58211,train
35480,train
2635,train
69705,train
6780,train
35317,train
10837,train
61767,train
24799,train
34584,train
39392,train
48390,train
52327,train
37082,train
50276,train
25732,train
9800,train
61591,train
22771,train
51873,train
12505,train
50472,train
57877,train
17059,train
57740,train
60718,train
49721,train
65793,train
29109,train
67953,train
61597,train
4038,train
64276,train
24653,train
62297,train
70488,train
61740,train
15026,train
25088,train
839,train
47231,train
14067,train
15830,train
37854,train
63106,train
15127,train
25001,train
8422,train
41795,train
14530,train
4435,train
62463,train
43643,train
6790,train
33420,train
70313,train
40024,train
1284,train
28420,train
44064,train
68622,train
66610,train
66102,train
15489,train
59550,train
623,train
6360,train
24795,train
6700,train
11289,train
59417,train
25230,train
18615,train
69327,train
70243,train
12155,train
21064,train
66932,train
64905,train
24613,train
39578,train
52520,train
15884,train
21256,train
34238,train
3772,train
1354,train
15178,train
59213,train
33859,train
53482,train
36294,train
1750,train
53280,train
37183,train
21237,train
19881,train
28083,train
8747,train
13397,train
21931,train
65626,train
48791,train
38521,train
2245,train
57629,train
52912,train
14418,train
28682,train
3717,train
27342,train
53458,train
41238,train
69044,train
65647,train
44173,train
66318,train
39278,train
56682,train
23038,train
41684,train
40033,train
38731,train
21206,train
56458,train
57066,train
1662,train
15164,train
14476,train
27503,train
61939,train
32546,train
16200,train
61239,train
49285,train
54760,train
21240,train
22477,train
34861,train
53308,train
14970,train
58362,train
39475,train
59471,train
31143,train
35629,train
49743,train
24443,train
17925,train
12039,train
59856,train
32962,train
7083,train
63009,train
49563,train
11750,train
61289,train
17474,train
21385,train
43680,train
47798,train
40687,train
16037,train
29658,train
70410,train
37117,train
1926,train
753,train
70269,train
6776,train
57133,train
63552,train
31191,train
18091,train
65870,train
34776,train
20465,train
6338,train
40280,train
52559,train
35661,train
65278,train
30586,train
24923,train
69914,train
54363,train
66712,train
44319,train
67526,train
2021,train
21357,train
69887,train
58183,train
19581,train
34466,train
6750,train
67053,train
57184,train
6481,train
26513,train
56997,train
58319,train
43279,train
25748,train
2609,train
13550,train
22685,train
47424,train
48190,train
48441,train
41601,train
5054,train
61543,train
17425,train
12925,train
38381,train
65274,train
31504,train
45240,train
11386,train
38726,train
4722,train
47860,train
32190,train
32132,train
45297,train
18998,train
47448,train
50726,train
66151,train
57402,train
4354,train
37867,train
70545,train
7310,train
39981,train
9413,train
5166,train
30646,train
11449,train
34443,train
35713,train
21705,train
11891,train
40828,train
25975,train
58664,train
13783,train
24849,train
27393,train
19861,train
15646,train
10902,train
14468,train
20553,train
61661,train
18499,train
29972,train
387,train
41138,train
63738,train
26325,train
28557,train
45899,train
23268,train
64505,train
29748,train
3016,train
34082,train
32090,train
5219,train
58586,train
27498,train
55060,train
2032,train
2945,train
10501,train
15411,train
31260,train
48730,train
28496,train
37115,train
69490,train
57448,train
14411,train
4884,train
44238,train
16044,train
2359,train
49704,train
12270,train
61943,train
62817,train
41734,train
27625,train
69130,train
44192,train
19421,train
66687,train
28853,train
34853,train
27145,train
50240,train
36706,train
9759,train
54690,train
25346,train
6216,train
51049,train
45860,train
16685,train
16364,train
53778,train
20048,train
49981,train
22654,train
12124,train
48915,train
11315,train
21968,train
68303,train
2547,train
49401,train
41600,train
12367,train
23551,train
42674,train
24672,train
33368,train
14741,train
54875,train
18195,train
55099,train
69363,train
35249,train
16564,train
3527,train
14122,train
63391,train
16788,train
5150,train
63884,train
33036,train
54519,train
15078,train
23766,train
25758,train
38679,train
38407,train
54053,train
60434,train
918,train
40372,train
13700,train
62063,train
22476,train
58040,train
69481,train
66136,train
32995,train
38003,train
65806,train
34500,train
52571,train
14751,train
10119,train
60753,train
40752,train
21054,train
2869,train
68937,train
52795,train
7606,train
29289,train
8432,train
47498,train
16301,train
22065,train
66267,train
51298,train
57279,train
43663,train
11050,train
45100,train
40160,train
47819,train
9218,train
40041,train
26791,train
13707,train
48289,train
7791,train
6014,train
54514,train
11530,train
52301,train
15925,train
58448,train
53258,train
38723,train
17182,train
8741,train
8886,train
32025,train
58817,train
47566,train
44757,train
62648,train
9510,train
53506,train
6118,train
9512,train
68097,train
59482,train
28511,train
22106,train
5471,train
25653,train
67990,train
51482,train
34025,train
68436,train
41510,train
61535,train
12810,train
25974,train
43822,train
9254,train
30637,train
64455,train
46586,train
22398,train
47699,train
60371,train
30061,train
64559,train
53073,train
16331,train
49946,train
50794,train
34326,train
61974,train
130,train
43664,train
1428,train
36740,train
67701,train
11086,train
22349,train
12430,train
40470,train
5939,train
28301,train
53590,train
38623,train
56886,train
8664,train
43674,train
28583,train
16848,train
20600,train
52666,train
29931,train
37439,train
33769,train
32381,train
48961,train
27098,train
57424,train
16001,train
57698,train
23016,train
62161,train
9551,train
21842,train
20502,train
23065,train
45729,train
22162,train
27227,train
5744,train
42111,train
12151,train
61742,train
23821,train
42922,train
48514,train
49344,train
15968,train
5515,train
22662,train
17624,train
7999,train
8223,train
61920,train
9348,train
4287,train
67206,train
31377,train
24879,train
15207,train
13746,train
20592,train
28055,train
36145,train
69813,train
66096,train
67192,train
50532,train
16042,train
47619,train
21481,train
41724,train
62743,train
2505,train
43560,train
31563,train
62906,train
18436,train
14123,train
4457,train
54865,train
30832,train
60527,train
36548,train
51297,train
43350,train
19769,train
26232,train
44689,train
13475,train
59234,train
50059,train
61841,train
36103,train
52268,train
28592,train
18884,train
8037,train
54644,train
23641,train
3133,train
49812,train
48967,train
34240,train
48165,train
15269,train
25330,train
52501,train
63473,train
9186,train
56415,train
30184,train
9699,train
6981,train
38057,train
44150,train
29786,train
66750,train
60378,train
2626,train
30607,train
36901,train
46658,train
17074,train
37731,train
9005,train
9027,train
35151,train
23267,train
48800,train
61346,train
54411,train
4468,train
60107,train
47245,train
60656,train
15843,train
25578,train
21374,train
56991,train
9956,train
55463,train
58131,train
21780,train
1780,train
51617,train
37869,train
56887,train
39833,train
46709,train
34508,train
21162,train
66027,train
48931,train
20396,train
52960,train
34587,train
43294,train
32526,train
59253,train
53959,train
60616,train
3916,train
65595,train
24103,train
47333,train
37055,train
19364,train
17638,train
58165,train
55715,train
29331,train
50489,train
14174,train
19715,train
57874,train
47426,train
21923,train
7754,train
353,train
39993,train
46372,train
31486,train
35579,train
27600,train
33899,train
51856,train
65637,train
55827,train
28100,train
69483,train
31599,train
49127,train
5147,train
59462,train
49795,train
58880,train
4911,train
63630,train
9837,train
14400,train
37217,train
47204,train
17757,train
18797,train
4212,train
38219,train
1062,train
53243,train
26690,train
56481,train
20100,train
34283,train
47347,train
15194,train
20629,train
7916,train
69445,train
67290,train
3467,train
14874,train
63945,train
28822,train
18076,train
64346,train
35594,train
43463,train
35054,train
59430,train
47852,train
65669,train
55000,train
63911,train
51965,train
2598,train
25863,train
22369,train
25349,train
16702,train
69004,train
41030,train
6318,train
43512,train
17366,train
33281,train
56253,train
66443,train
52943,train
61350,train
981,train
50559,train
7881,train
48659,train
5834,train
2582,train
65100,train
5449,train
51632,train
45037,train
37618,train
68863,train
45033,train
3799,train
16588,train
32017,train
14041,train
56030,train
69638,train
14134,train
45514,train
8338,train
62926,train
228,train
66789,train
41253,train
25583,train
16955,train
52348,train
49108,train
60495,train
39232,train
6985,train
10276,train
55116,train
28203,train
15921,train
58560,train
29895,train
9361,train
44278,train
44574,train
27475,train
9393,train
756,train
34619,train
36167,train
49814,train
50664,train
70323,train
24958,train
33927,train
22263,train
29927,train
18498,train
947,train
45883,train
42200,train
49646,train
9563,train
30135,train
67851,train
10072,train
13839,train
34627,train
3412,train
3713,train
42817,train
48873,train
67640,train
1153,train
44780,train
60418,train
21725,train
70559,train
28946,train
46113,train
10288,train
42427,train
10752,train
65303,train
44590,train
40986,train
36322,train
61605,train
6306,train
18946,train
20084,train
4375,train
26139,train
8549,train
17817,train
13905,train
63831,train
51773,train
15937,train
69562,train
26795,train
2967,train
29547,train
41944,train
57373,train
59154,train
64145,train
29441,train
14958,train
12668,train
43918,train
26,train
20558,train
60655,train
53410,train
44323,train
10708,train
45593,train
14873,train
3285,train
52489,train
38507,train
38666,train
14887,train
31133,train
57175,train
59120,train
35556,train
48095,train
64835,train
61404,train
56580,train
23873,train
39960,train
62787,train
15160,train
12984,train
48614,train
21202,train
8642,train
51183,train
36229,train
31640,train
2903,train
33198,train
18573,train
37628,train
48462,train
60630,train
70254,train
44382,train
42410,train
38485,train
5572,train
33060,train
7486,train
67133,train
32634,train
43746,train
23223,train
12487,train
21827,train
25403,train
66593,train
47341,train
62794,train
18295,train
13975,train
32324,train
45710,train
66108,train
28001,train
30811,train
34363,train
27536,train
15703,train
12539,train
55411,train
3638,train
10946,train
67276,train
24896,train
62863,train
4968,train
53895,train
56340,train
58636,train
60482,train
5268,train
39466,train
36265,train
11445,train
52917,train
27144,train
14729,train
64272,train
19355,train
56776,train
35070,train
51522,train
25902,train
29117,train
17112,train
69084,train
33265,train
65137,train
40812,train
17963,train
40791,train
47911,train
4051,train
22179,train
24316,train
53884,train
20283,train
37126,train
34926,train
69037,train
69735,train
68240,train
477,train
51427,train
63094,train
28096,train
25416,train
10843,train
66447,train
1338,train
58454,train
23493,train
51443,train
51627,train
63308,train
54872,train
19385,train
40194,train
29763,train
36326,train
7569,train
39230,train
60047,train
30310,train
6580,train
40431,train
28764,train
24225,train
60601,train
69704,train
68433,train
49535,train
33538,train
23337,train
64576,train
1523,train
68764,train
69511,train
14907,train
4115,train
42858,train
68292,train
47326,train
13123,train
61025,train
12791,train
44,train
65542,train
15848,train
70475,train
67140,train
52336,train
50855,train
49130,train
63929,train
37275,train
46613,train
11014,train
18232,train
55571,train
19250,train
50503,train
45589,train
39087,train
27467,train
18179,train
34441,train
41473,train
616,train
64746,train
22503,train
33416,train
55472,train
4717,train
37445,train
4675,train
33785,train
24507,train
14474,train
31949,train
27779,train
57134,train
62561,train
11266,train
22230,train
66470,train
461,train
26868,train
24409,train
35870,train
40738,train
25736,train
44317,train
46458,train
10555,train
68971,train
5510,train
41361,train
10048,train
31854,train
12470,train
41968,train
42610,train
16252,train
2974,train
39970,train
31631,train
61663,train
20525,train
12827,train
5546,train
2932,train
21832,train
45889,train
4900,train
1013,train
70186,train
2705,train
37872,train
41879,train
8231,train
37717,train
19735,train
57024,train
33639,train
43885,train
47936,train
12308,train
26108,train
12690,train
45051,train
14733,train
35224,train
63056,train
53400,train
15772,train
14072,train
50847,train
53412,train
11783,train
31773,train
926,train
22607,train
38236,train
48631,train
59421,train
53132,train
62750,train
28734,train
70114,train
31553,train
7984,train
56608,train
27095,train
55821,train
59940,train
17657,train
43909,train
54385,train
46610,train
53504,train
10459,train
48573,train
30643,train
35194,train
11946,train
23342,train
4758,train
67326,train
27333,train
53501,train
7515,train
31247,train
42500,train
24430,train
50431,train
18017,train
49066,train
24388,train
47875,train
60324,train
19846,train
13471,train
19379,train
54575,train
49396,train
53266,train
48914,train
45409,train
45074,train
35898,train
30994,train
11865,train
50267,train
2077,train
61853,train
56484,train
58300,train
15821,train
2322,train
30956,train
29777,train
4586,train
24020,train
55777,train
284,train
57830,train
49540,train
34503,train
44932,train
57230,train
68512,train
11714,train
24702,train
27225,train
49232,train
11896,train
8292,train
24044,train
62482,train
64236,train
38489,train
19126,train
48322,train
54276,train
52101,train
67728,train
1404,train
14634,train
67271,train
45885,train
7872,train
51401,train
22405,train
22648,train
11806,train
51737,train
63587,train
1091,train
14044,train
54962,train
19824,train
22669,train
32354,train
22961,train
23462,train
35413,train
12816,train
30218,train
61534,train
52068,train
8480,train
57004,train
29642,train
1158,train
48242,train
26291,train
30454,train
52711,train
18548,train
45730,train
36790,train
32631,train
20993,train
67633,train
40922,train
15420,train
40613,train
25106,train
12848,train
36032,train
540,train
56762,train
9799,train
66955,train
57776,train
2548,train
8018,train
37493,train
56873,train
29054,train
20792,train
39340,train
40098,train
45135,train
27267,train
10112,train
44592,train
1806,train
1753,train
51700,train
47491,train
56610,train
62646,train
56091,train
58610,train
4928,train
58315,train
52139,train
52363,train
20061,train
10918,train
57459,train
42339,train
37000,train
57119,train
52850,train
58305,train
23399,train
67101,train
54710,train
29246,train
39342,train
52670,train
45343,train
20951,train
21044,train
36173,train
12749,train
42291,train
19050,train
15548,train
45612,train
9106,train
5524,train
34811,train
3760,train
1011,train
46319,train
43389,train
62986,train
66042,train
25530,train
58449,train
42470,train
29256,train
54141,train
26079,train
25676,train
59483,train
56148,train
55098,train
54180,train
51703,train
32589,train
29630,train
27597,train
33056,train
45449,train
11414,train
27093,train
68823,train
43516,train
21320,train
11287,train
9966,train
5306,train
6672,train
51364,train
7298,train
29315,train
27822,train
42494,train
17613,train
21893,train
3054,train
53612,train
47180,train
3489,train
34545,train
61881,train
46986,train
33000,train
18372,train
24611,train
12156,train
63795,train
18823,train
40288,train
67241,train
39298,train
11766,train
19352,train
15205,train
21137,train
17475,train
21620,train
38373,train
52054,train
3817,train
68216,train
22478,train
50547,train
19138,train
29696,train
3917,train
66658,train
10094,train
15728,train
13202,train
12809,train
28207,train
43938,train
53790,train
36977,train
51485,train
15996,train
32789,train
27979,train
40172,train
52481,train
69463,train
37132,train
14960,train
65731,train
60726,train
5672,train
17436,train
18563,train
41581,train
16146,train
46885,train
44572,train
19137,train
51719,train
24053,train
11938,train
56225,train
57350,train
2492,train
47666,train
30337,train
69968,train
1458,train
51212,train
22123,train
38274,train
41476,train
38077,train
22454,train
63115,train
62222,train
48927,train
26757,train
54862,train
11351,train
21009,train
69797,train
41075,train
60600,train
14095,train
45288,train
36346,train
69620,train
51393,train
58753,train
26172,train
32442,train
50695,train
26462,train
53252,train
54844,train
50098,train
51858,train
44066,train
51046,train
14670,train
18469,train
25630,train
64504,train
37538,train
32573,train
15003,train
49716,train
36328,train
68288,train
6783,train
22186,train
13400,train
20793,train
25997,train
68550,train
41541,train
35432,train
64147,train
45934,train
39876,train
17597,train
49439,train
23146,train
38139,train
59746,train
18120,train
69322,train
56885,train
2813,train
47454,train
68086,train
58309,train
54525,train
43201,train
42287,train
5415,train
2822,train
62262,train
33298,train
12274,train
3039,train
16876,train
68599,train
59401,train
60811,train
16272,train
4862,train
23212,train
26569,train
1016,train
59272,train
52218,train
19744,train
63193,train
50668,train
53951,train
21215,train
44261,train
41315,train
50154,train
43828,train
6685,train
59624,train
17264,train
555,train
57106,train
47671,train
31419,train
54574,train
59429,train
2261,train
13988,train
10005,train
43554,train
66755,train
28444,train
17869,train
13674,train
22959,train
1786,train
70099,train
48902,train
7461,train
50423,train
23041,train
15007,train
9427,train
49357,train
13792,train
55780,train
43372,train
20826,train
31483,train
5511,train
40002,train
54004,train
53735,train
16152,train
21038,train
25146,train
44148,train
14987,train
56346,train
41506,train
51047,train
9594,train
2487,train
1344,train
39637,train
7303,train
24466,train
13060,train
3769,train
20542,train
41833,train
61451,train
19410,train
8030,train
48354,train
12703,train
50036,train
8880,train
17813,train
22392,train
22021,train
17563,train
4797,train
24188,train
24477,train
55377,train
25103,train
67071,train
40190,train
23790,train
65065,train
15553,train
56556,train
5595,train
57158,train
52681,train
52543,train
69506,train
20884,train
6117,train
14098,train
34645,train
51572,train
40759,train
18215,train
59135,train
24967,train
14001,train
66554,train
37122,train
28720,train
59718,train
53077,train
65030,train
66652,train
14899,train
46470,train
67188,train
34542,train
10404,train
21454,train
6891,train
15661,train
13916,train
30692,train
13203,train
65849,train
31391,train
4114,train
43066,train
48035,train
14207,train
6235,train
50512,train
636,train
22940,train
1979,train
22822,train
43820,train
10731,train
51545,train
32790,train
12160,train
61533,train
28604,train
1633,train
42778,train
57157,train
37929,train
1248,train
20871,train
43755,train
30549,train
1630,train
17879,train
41166,train
63551,train
11536,train
33523,train
61377,train
43391,train
19554,train
29926,train
43955,train
61415,train
42811,train
24122,train
51532,train
3008,train
49365,train
21376,train
66953,train
29299,train
14777,train
26788,train
19851,train
62713,train
63657,train
62560,train
44210,train
44832,train
4030,train
41265,train
70666,train
50201,train
56971,train
65524,train
61190,train
19032,train
64634,train
44301,train
63211,train
25410,train
27394,train
18302,train
4093,train
44532,train
27990,train
3042,train
35078,train
6079,train
55861,train
34262,train
52558,train
53850,train
48332,train
55178,train
1757,train
50361,train
20472,train
18912,train
36717,train
8928,train
25785,train
56348,train
40440,train
66925,train
66635,train
27753,train
11647,train
62370,train
49325,train
63487,train
2141,train
19366,train
60731,train
32416,train
10605,train
28538,train
21415,train
62551,train
690,train
68773,train
6948,train
27427,train
58229,train
23330,train
914,train
3103,train
19884,train
47938,train
1858,train
58889,train
33837,train
22221,train
35658,train
61347,train
53098,train
28225,train
60455,train
8490,train
54340,train
36245,train
37440,train
3831,train
60989,train
4929,train
12442,train
58452,train
20575,train
11502,train
52843,train
54899,train
36910,train
50074,train
21624,train
25945,train
59083,train
34461,train
252,train
13957,train
18572,train
14206,train
4933,train
59933,train
2196,train
36687,train
42769,train
60061,train
54388,train
14498,train
55785,train
21944,train
6624,train
37608,train
18538,train
64765,train
32349,train
12038,train
11855,train
50740,train
69566,train
47193,train
26452,train
10134,train
39435,train
66486,train
62963,train
24601,train
16385,train
66098,train
24629,train
17180,train
37519,train
39446,train
42740,train
15899,train
59593,train
11432,train
56497,train
52029,train
7112,train
56724,train
52126,train
3418,train
54375,train
31319,train
57501,train
66189,train
24258,train
32254,train
1678,train
1649,train
22586,train
32907,train
30056,train
58922,train
40844,train
39268,train
69321,train
21078,train
48080,train
32704,train
128,train
42639,train
58113,train
2611,train
19950,train
44849,train
28215,train
58580,train
42288,train
58045,train
26485,train
39371,train
52692,train
13460,train
58306,train
331,train
53912,train
28880,train
14849,train
50420,train
31804,train
31764,train
54953,train
548,train
29503,train
25071,train
69689,train
58474,train
9209,train
50459,train
40586,train
13279,train
48700,train
62871,train
23671,train
17184,train
40661,train
49792,train
13734,train
13924,train
39315,train
16893,train
34849,train
32666,train
40774,train
12688,train
40116,train
39056,train
51743,train
35809,train
28423,train
25683,train
38464,train
47201,train
69688,train
19797,train
42732,train
53650,train
34396,train
15282,train
35436,train
61185,train
42921,train
6643,train
49932,train
26759,train
43716,train
35122,train
68660,train
53425,train
14727,train
36438,train
11561,train
46692,train
15353,train
26594,train
6249,train
7086,train
48812,train
62242,train
43709,train
32861,train
28556,train
52649,train
62328,train
49166,train
54387,train
45561,train
65388,train
58997,train
65636,train
40332,train
50272,train
6876,train
18315,train
38113,train
67907,train
6399,train
51619,train
52626,train
34210,train
61800,train
36804,train
55995,train
70385,train
60219,train
16861,train
46495,train
13319,train
5588,train
41477,train
17931,train
70187,train
58659,train
24057,train
34697,train
27626,train
22789,train
12745,train
62577,train
4377,train
51738,train
13622,train
68942,train
16594,train
2025,train
19358,train
26198,train
33066,train
63213,train
59505,train
25127,train
62968,train
47912,train
23523,train
53907,train
12673,train
55770,train
45772,train
33650,train
5514,train
64840,train
51925,train
66752,train
5302,train
23585,train
47550,train
25848,train
13112,train
65706,train
69541,train
7239,train
14038,train
2319,train
60396,train
69788,train
2534,train
62205,train
12517,train
66261,train
38783,train
46193,train
46736,train
9412,train
10588,train
60336,train
37380,train
30822,train
28913,train
293,train
53277,train
53540,train
58416,train
35519,train
9880,train
4416,train
37671,train
3334,train
15159,train
14783,train
59103,train
35426,train
7104,train
39700,train
13013,train
58813,train
38508,train
560,train
51875,train
43172,train
66872,train
19418,train
18825,train
28779,train
12007,train
70071,train
26721,train
2538,train
30182,train
9447,train
20684,train
14728,train
33179,train
51726,train
21954,train
14942,train
54324,train
29838,train
43308,train
21932,train
25356,train
66245,train
68293,train
24248,train
7716,train
70234,train
12701,train
40947,train
30810,train
18806,train
13935,train
51040,train
53688,train
13499,train
68556,train
28804,train
34592,train
19804,train
18680,train
36845,train
64650,train
3579,train
42215,train
37470,train
35726,train
37206,train
18646,train
56210,train
64648,train
41227,train
59122,train
12902,train
913,train
65036,train
44493,train
14413,train
48000,train
16854,train
14376,train
47032,train
24461,train
44659,train
44253,train
7564,train
59574,train
10875,train
8350,train
14626,train
6747,train
25872,train
1744,train
57073,train
12277,train
31738,train
29800,train
49898,train
27216,train
3228,train
16920,train
53099,train
11711,train
4249,train
7919,train
16754,train
2223,train
62768,train
15404,train
10393,train
30958,train
49182,train
49233,train
37489,train
2188,train
29830,train
62163,train
33616,train
67066,train
15002,train
19504,train
69521,train
2745,train
58952,train
36763,train
51608,train
59817,train
52851,train
53706,train
21743,train
21381,train
41977,train
37163,train
6311,train
58254,train
35272,train
37083,train
57068,train
43858,train
2681,train
63971,train
15699,train
30856,train
48135,train
32730,train
28361,train
11092,train
23753,train
20013,train
66067,train
23693,train
20928,train
64443,train
49516,train
18600,train
2388,train
56847,train
61848,train
43421,train
47115,train
58931,train
16297,train
28661,train
43965,train
62057,train
20631,train
22470,train
32134,train
54996,train
5803,train
406,train
61666,train
47690,train
54337,train
56063,train
42568,train
63125,train
9650,train
37491,train
60148,train
13365,train
55123,train
8230,train
38067,train
65019,train
5339,train
4294,train
32310,train
42789,train
8083,train
62933,train
43827,train
15210,train
16461,train
1614,train
48179,train
51239,train
36979,train
22081,train
29949,train
66516,train
20088,train
35483,train
69081,train
52717,train
3661,train
24522,train
8874,train
38440,train
70306,train
19387,train
66022,train
50471,train
20799,train
29491,train
13614,train
65514,train
36649,train
66664,train
37860,train
29357,train
8606,train
12426,train
17249,train
5105,train
50507,train
5677,train
60568,train
51251,train
20599,train
41173,train
6089,train
27601,train
18824,train
4073,train
30857,train
43878,train
61283,train
5983,train
38417,train
6072,train
61457,train
53846,train
36527,train
67594,train
17202,train
35952,train
18983,train
23937,train
48596,train
7935,train
67899,train
41832,train
43403,train
30622,train
70077,train
49404,train
23100,train
17461,train
39831,train
10188,train
29746,train
17685,train
48891,train
27319,train
14762,train
38603,train
57791,train
12407,train
34775,train
44220,train
64250,train
44755,train
31705,train
36225,train
6936,train
25303,train
40193,train
30446,train
24448,train
59950,train
21917,train
22203,train
13017,train
53990,train
39309,train
25269,train
21488,train
23743,train
3322,train
39175,train
37194,train
18565,train
12574,train
46231,train
8913,train
56299,train
60499,train
24259,train
55462,train
60167,train
52094,train
20548,train
10293,train
8605,train
50436,train
24401,train
10960,train
15197,train
35548,train
47259,train
51475,train
18734,train
24170,train
43618,train
25641,train
22196,train
29429,train
2741,train
57809,train
23532,train
35886,train
62234,train
42889,train
31014,train
38430,train
5315,train
16012,train
22898,train
35893,train
8543,train
47816,train
16094,train
57056,train
28330,train
44041,train
807,train
4108,train
1330,train
7674,train
68207,train
25262,train
50596,train
35706,train
15211,train
52995,train
22633,train
31384,train
63583,train
35407,train
25679,train
61854,train
45283,train
63976,train
22618,train
10443,train
25566,train
53163,train
8168,train
21562,train
41308,train
2924,train
46090,train
21317,train
16258,train
38346,train
59027,train
6172,train
58269,train
12665,train
30025,train
4980,train
70102,train
70574,train
40101,train
2210,train
54036,train
15120,train
61904,train
64283,train
50742,train
22893,train
61296,train
8094,train
6599,train
69897,train
58855,train
19340,train
24635,train
43255,train
55108,train
21818,train
210,train
68225,train
68228,train
62259,train
29833,train
42853,train
28258,train
53957,train
6161,train
34629,train
70061,train
10531,train
6864,train
13066,train
58460,train
9465,train
8474,train
9257,train
40599,train
2299,train
29313,train
53080,train
16819,train
47771,train
21084,train
28565,train
20800,train
64614,train
6944,train
55182,train
4196,train
61762,train
25497,train
7507,train
1320,train
27709,train
69103,train
24310,train
61929,train
20712,train
38150,train
34514,train
27463,train
17567,train
56220,train
16384,train
58138,train
49840,train
43685,train
26208,train
58314,train
58125,train
18042,train
61463,train
22954,train
14314,train
37572,train
53863,train
44856,train
58284,train
18476,train
17120,train
29329,train
7821,train
16697,train
27332,train
26094,train
40359,train
51275,train
13929,train
67456,train
45895,train
69069,train
42266,train
48937,train
60909,train
28013,train
24884,train
177,train
12152,train
70607,train
9927,train
28016,train
44868,train
33847,train
30728,train
55338,train
29890,train
178,train
46288,train
62154,train
64027,train
17676,train
19775,train
47929,train
33747,train
30299,train
28316,train
7426,train
39875,train
31593,train
19770,train
4896,train
38658,train
12052,train
49254,train
57870,train
1429,train
53028,train
15234,train
62620,train
2457,train
29056,train
68435,train
11418,train
12680,train
5863,train
65491,train
24081,train
12552,train
48493,train
8761,train
32870,train
9676,train
2393,train
62631,train
15521,train
57799,train
23406,train
38457,train
9220,train
69728,train
69499,train
41538,train
27440,train
10168,train
585,train
20409,train
54275,train
26750,train
24055,train
67554,train
61707,train
54236,train
67553,train
18082,train
52754,train
20919,train
53694,train
19361,train
17503,train
9556,train
20814,train
45117,train
21652,train
17861,train
2249,train
48702,train
65902,train
4127,train
43332,train
12042,train
22526,train
50691,train
17352,train
58553,train
55951,train
20998,train
66034,train
51555,train
40754,train
30634,train
25967,train
34693,train
12890,train
23919,train
40398,train
12650,train
51442,train
50444,train
525,train
57930,train
13245,train
56224,train
67343,train
37349,train
64979,train
26500,train
36596,train
54907,train
12351,train
70425,train
42351,train
41279,train
64109,train
70105,train
52087,train
46786,train
19521,train
33372,train
28200,train
63671,train
39248,train
22863,train
35294,train
52777,train
64001,train
65023,train
13711,train
17193,train
38665,train
35391,train
18355,train
1564,train
28915,train
42263,train
60792,train
22249,train
38980,train
60748,train
50103,train
48998,train
50575,train
23609,train
11009,train
49069,train
10328,train
51593,train
26358,train
66823,train
30636,train
3771,train
54062,train
27901,train
31526,train
35002,train
50491,train
19897,train
5373,train
56736,train
38626,train
66611,train
34553,train
3237,train
47509,train
30696,train
69439,train
45998,train
29571,train
38993,train
64792,train
34068,train
49633,train
25432,train
4889,train
27803,train
53074,train
35574,train
56118,train
51495,train
47770,train
27504,train
6917,train
53691,train
62411,train
29044,train
8672,train
30529,train
39498,train
67389,train
56036,train
41017,train
18160,train
29567,train
35936,train
12116,train
27930,train
12232,train
52193,train
47804,train
50905,train
62553,train
67334,train
1847,train
66939,train
16052,train
59911,train
69338,train
29216,train
26860,train
25862,train
4975,train
9192,train
24241,train
31345,train
33491,train
8388,train
17097,train
65719,train
5039,train
65552,train
49826,train
7311,train
15903,train
24364,train
31010,train
67621,train
8391,train
31443,train
59974,train
43045,train
21526,train
62909,train
39432,train
64618,train
48317,train
19129,train
14305,train
23926,train
28541,train
35770,train
54520,train
41582,train
1422,train
19490,train
2155,train
51246,train
56046,train
8496,train
45325,train
22469,train
26490,train
16315,train
54764,train
13580,train
60775,train
36916,train
51761,train
13633,train
36576,train
2339,train
59361,train
11352,train
65798,train
17247,train
7440,train
44883,train
42775,train
64395,train
50317,train
61710,train
53366,train
29430,train
64051,train
3428,train
30753,train
1712,train
26359,train
70526,train
57248,train
68520,train
28564,train
56287,train
61031,train
61766,train
13525,train
61660,train
39459,train
5083,train
25195,train
32322,train
61593,train
61382,train
69219,train
20400,train
68717,train
34449,train
27556,train
32042,train
70656,train
26336,train
20706,train
64156,train
64624,train
34840,train
35767,train
64116,train
23251,train
39857,train
27031,train
62431,train
20727,train
67758,train
66522,train
18882,train
57929,train
7676,train
54944,train
60027,train
49584,train
58797,train
2216,train
9246,train
16936,train
1784,train
16367,train
56228,train
30871,train
24680,train
46969,train
40036,train
1907,train
66230,train
59980,train
66724,train
28577,train
23783,train
26161,train
31834,train
27237,train
54645,train
62510,train
69746,train
45156,train
16631,train
38960,train
34742,train
36292,train
50608,train
36975,train
5437,train
3108,train
5783,train
36928,train
24830,train
45787,train
34841,train
24205,train
15317,train
11511,train
21026,train
58646,train
1441,train
57098,train
67453,train
5255,train
44268,train
49461,train
38206,train
24166,train
35184,train
64949,train
20064,train
67145,train
44044,train
40993,train
31707,train
10362,train
60863,train
61631,train
43488,train
24763,train
752,train
24218,train
61997,train
67104,train
15718,train
62114,train
62692,train
35830,train
20934,train
28157,train
51790,train
9877,train
6086,train
20587,train
28998,train
14217,train
20093,train
16648,train
58397,train
59882,train
39972,train
44581,train
55370,train
11521,train
45316,train
1439,train
41900,train
54030,train
57560,train
49621,train
50028,train
21290,train
59679,train
33222,train
45864,train
34249,train
39140,train
2721,train
8557,train
4429,train
9035,train
42050,train
15116,train
18518,train
39889,train
31214,train
42510,train
9693,train
53867,train
21602,train
52840,train
9089,train
8590,train
47483,train
12619,train
46968,train
2596,train
30232,train
58278,train
33226,train
51498,train
33288,train
40049,train
16807,train
588,train
24953,train
60816,train
17752,train
61650,train
27642,train
479,train
18307,train
55950,train
65172,train
63411,train
11429,train
20045,train
65862,train
69944,train
28608,train
64609,train
15623,train
18134,train
33230,train
34977,train
67890,train
66059,train
23233,train
29022,train
41150,train
20438,train
7463,train
41054,train
37012,train
18953,train
32883,train
47403,train
9134,train
24485,train
67367,train
6714,train
34380,train
4879,train
19626,train
35737,train
59190,train
56903,train
7544,train
29326,train
17512,train
53029,train
57445,train
50795,train
2149,train
39551,train
22851,train
32922,train
34823,train
44428,train
32389,train
18472,train
66911,train
52911,train
18723,train
32692,train
4360,train
16361,train
528,train
44151,train
27534,train
56234,train
38948,train
27082,train
9694,train
3621,train
196,train
29816,train
60187,train
46589,train
21050,train
39306,train
47092,train
27042,train
13100,train
59105,train
26156,train
45656,train
43974,train
36262,train
22222,train
48649,train
25437,train
29963,train
4686,train
49662,train
65441,train
69806,train
25291,train
47458,train
37573,train
43342,train
42121,train
36356,train
31953,train
61590,train
35000,train
69883,train
28797,train
68312,train
32026,train
17222,train
53518,train
31027,train
54282,train
54905,train
54629,train
17505,train
52979,train
48183,train
20818,train
51661,train
5620,train
45973,train
9979,train
64457,train
12520,train
6367,train
50408,train
54182,train
33758,train
63998,train
30122,train
63920,train
63348,train
12775,train
12433,train
46178,train
39910,train
49776,train
41521,train
1668,train
35847,train
12509,train
1661,train
14787,train
31585,train
59323,train
25879,train
42146,train
53840,train
61205,train
33410,train
62029,train
57214,train
63915,train
22044,train
68941,train
57878,train
62398,train
25457,train
60380,train
60584,train
29861,train
26607,train
33821,train
10212,train
65605,train
11215,train
11879,train
15917,train
34395,train
47298,train
12257,train
26618,train
19799,train
42827,train
1604,train
41589,train
55263,train
32736,train
31082,train
39666,train
3466,train
51243,train
67639,train
13753,train
6945,train
630,train
23245,train
12523,train
21157,train
45120,train
53797,train
39221,train
37804,train
49272,train
1814,train
24796,train
50743,train
52155,train
37672,train
61155,train
30462,train
59544,train
68193,train
65648,train
39303,train
10498,train
54855,train
50029,train
26314,train
31204,train
61998,train
60406,train
40906,train
8695,train
65713,train
15784,train
16630,train
31598,train
21990,train
52755,train
15024,train
58017,train
17353,train
45574,train
44529,train
57998,train
30653,train
3201,train
40695,train
56565,train
52105,train
47379,train
57154,train
68372,train
37084,train
69240,train
2163,train
48691,train
54355,train
5982,train
14867,train
77,train
67674,train
5407,train
47941,train
36691,train
13113,train
62877,train
13234,train
51161,train
27414,train
67506,train
32538,train
66052,train
70331,train
5884,train
40100,train
52431,train
6298,train
40700,train
606,train
18862,train
9333,train
70448,train
36376,train
43472,train
24093,train
20307,train
59170,train
35866,train
49010,train
20494,train
11222,train
11668,train
28165,train
67895,train
33749,train
64171,train
1442,train
32991,train
7859,train
64173,train
28580,train
37110,train
46771,train
27686,train
52332,train
40507,train
48318,train
1635,train
12798,train
13952,train
1957,train
2879,train
41683,train
18239,train
60871,train
66036,train
62630,train
39438,train
11454,train
43824,train
6042,train
49237,train
23857,train
30164,train
33553,train
48341,train
48561,train
30699,train
66714,train
59053,train
43630,train
9453,train
69617,train
17980,train
19471,train
29781,train
17322,train
390,train
64519,train
9010,train
44356,train
9175,train
15873,train
14620,train
70595,train
27590,train
40870,train
64758,train
10442,train
58747,train
53722,train
19150,train
28771,train
56305,train
62812,train
67657,train
54627,train
61122,train
58044,train
54979,train
13490,train
4298,train
48945,train
58926,train
53462,train
23702,train
62616,train
1869,train
11208,train
28073,train
40318,train
61988,train
54811,train
11129,train
25158,train
48820,train
747,train
43574,train
16267,train
59862,train
51406,train
43056,train
64412,train
64189,train
45679,train
53629,train
53731,train
1250,train
46987,train
60907,train
51011,train
63457,train
13922,train
24549,train
45434,train
31400,train
19683,train
44090,train
21204,train
46210,train
38483,train
58241,train
35419,train
49729,train
24907,train
66655,train
42408,train
61464,train
37026,train
8086,train
47355,train
44199,train
8301,train
51420,train
1395,train
17421,train
21626,train
35558,train
18038,train
43632,train
27037,train
50766,train
59935,train
34815,train
35505,train
48714,train
6188,train
15638,train
69390,train
46380,train
67433,train
33498,train
9219,train
5381,train
20872,train
6874,train
56531,train
42149,train
49258,train
29976,train
36946,train
7838,train
41917,train
55987,train
17667,train
39047,train
3637,train
20128,train
7013,train
59048,train
28989,train
14863,train
9707,train
37158,train
39118,train
69024,train
7642,train
49153,train
5711,train
46149,train
59222,train
11746,train
53469,train
60193,train
11406,train
66212,train
9143,train
11417,train
26450,train
28920,train
33352,train
24598,train
33194,train
16231,train
33466,train
68948,train
8196,train
5921,train
27902,train
46383,train
67502,train
14837,train
44619,train
8034,train
28232,train
67782,train
55102,train
38548,train
3553,train
17206,train
51496,train
44653,train
38893,train
56404,train
20507,train
33054,train
47990,train
7500,train
67408,train
37181,train
19312,train
38953,train
24826,train
20817,train
27772,train
35691,train
22768,train
12671,train
2556,train
5404,train
33813,train
25297,train
7930,train
58968,train
48191,train
30361,train
14715,train
40652,train
57959,train
42854,train
30654,train
46007,train
32385,train
62058,train
69062,train
10056,train
7317,train
43080,train
20068,train
3314,train
55367,train
1642,train
24321,train
45634,train
21004,train
7690,train
8823,train
48774,train
6085,train
55949,train
43672,train
48980,train
27203,train
32747,train
24250,train
25142,train
64120,train
50246,train
17772,train
15248,train
10173,train
6434,train
28050,train
2121,train
64616,train
57767,train
50965,train
61254,train
26986,train
15130,train
2338,train
39607,train
21172,train
30495,train
31485,train
15060,train
10158,train
43306,train
63840,train
34399,train
36313,train
5851,train
195,train
23050,train
11661,train
20268,train
569,train
60400,train
12267,train
21391,train
49997,train
30587,train
70532,train
64261,train
44828,train
50580,train
20580,train
12395,train
10558,train
45981,train
67495,train
36251,train
29276,train
61814,train
69724,train
39479,train
70144,train
23661,train
27736,train
18936,train
60411,train
28274,train
48458,train
32903,train
14954,train
55586,train
47927,train
31107,train
9204,train
26013,train
53508,train
6628,train
55644,train
1084,train
4236,train
53467,train
14809,train
20962,train
22181,train
21447,train
46129,train
43567,train
28684,train
28602,train
28572,train
23030,train
54639,train
33240,train
41503,train
35300,train
20861,train
42574,train
38976,train
3914,train
47536,train
34229,train
58028,train
38999,train
42656,train
14112,train
16195,train
23177,train
18641,train
41239,train
35018,train
5086,train
9514,train
42959,train
16552,train
32311,train
31864,train
456,train
70394,train
24875,train
25357,train
496,train
68977,train
32106,train
46708,train
24207,train
23688,train
33789,train
29770,train
5695,train
57079,train
11915,train
44132,train
58925,train
1451,train
30251,train
69189,train
60227,train
33273,train
18430,train
64530,train
4070,train
31984,train
69381,train
10256,train
5221,train
15289,train
60013,train
57270,train
59712,train
54565,train
45915,train
15113,train
66481,train
24691,train
9791,train
10681,train
2711,train
45217,train
65714,train
25607,train
16866,train
62866,train
36528,train
9042,train
17001,train
2591,train
25283,train
33259,train
6456,train
30645,train
62978,train
11980,train
12053,train
29597,train
29608,train
21963,train
32409,train
19332,train
48017,train
50614,train
41031,train
46089,train
8875,train
16891,train
56221,train
31195,train
14056,train
54468,train
62383,train
8445,train
55395,train
11021,train
28453,train
39318,train
69349,train
41412,train
64940,train
48105,train
40059,train
36175,train
12713,train
33995,train
65396,train
60053,train
30908,train
21543,train
6900,train
70287,train
65896,train
37248,train
583,train
16669,train
30415,train
22934,train
16181,train
8657,train
69086,train
11188,train
38560,train
33384,train
22918,train
34961,train
54895,train
60134,train
13493,train
47432,train
35422,train
44567,train
33282,train
15886,train
2269,train
43023,train
30187,train
65042,train
25421,train
13696,train
25139,train
49985,train
50634,train
9862,train
19264,train
3219,train
15824,train
68135,train
61992,train
59517,train
2260,train
54267,train
18776,train
45828,train
2202,train
41443,train
12048,train
38284,train
25983,train
33118,train
43107,train
40042,train
6477,train
4951,train
65689,train
44866,train
6025,train
38050,train
54630,train
47057,train
2842,train
65422,train
65245,train
60985,train
38249,train
376,train
17596,train
5466,train
60158,train
8901,train
68736,train
32819,train
50362,train
51779,train
63895,train
32586,train
63800,train
48950,train
61247,train
20688,train
45529,train
18314,train
65325,train
3809,train
66289,train
67123,train
33657,train
61042,train
27024,train
46878,train
28550,train
66157,train
6941,train
35263,train
47238,train
14172,train
9212,train
27392,train
20484,train
36393,train
11317,train
54888,train
53183,train
64947,train
31165,train
8916,train
33682,train
28367,train
17529,train
38005,train
61545,train
58015,train
50767,train
44101,train
23565,train
47436,train
10886,train
4604,train
21127,train
20006,train
65429,train
14944,train
32675,train
41908,train
41066,train
60834,train
8460,train
34636,train
11363,train
52902,train
29820,train
21073,train
26008,train
45936,train
38380,train
3732,train
43920,train
38168,train
57688,train
19055,train
24737,train
30964,train
68221,train
52542,train
46864,train
19725,train
39968,train
25577,train
13673,train
61761,train
68632,train
45667,train
29226,train
24149,train
19455,train
46408,train
63382,train
32264,train
56403,train
25920,train
62546,train
4039,train
4346,train
42615,train
35928,train
25480,train
53061,train
24036,train
15555,train
8817,train
28190,train
53665,train
27608,train
56714,train
12838,train
67420,train
66237,train
5075,train
6765,train
34534,train
18403,train
36930,train
50198,train
4112,train
12352,train
21898,train
29880,train
37938,train
65157,train
13433,train
59487,train
5556,train
41902,train
55202,train
16232,train
63952,train
61040,train
52133,train
68871,train
22878,train
64040,train
29733,train
4788,train
58995,train
43031,train
15838,train
61154,train
54722,train
70462,train
42175,train
28377,train
21130,train
2108,train
17432,train
8930,train
55468,train
68768,train
7787,train
34266,train
39296,train
54800,train
57497,train
18379,train
8114,train
13992,train
47751,train
36690,train
7593,train
28570,train
47170,train
26467,train
39894,train
31284,train
3598,train
16591,train
26793,train
65058,train
55440,train
47429,train
21485,train
10884,train
30869,train
40118,train
24281,train
53558,train
46153,train
1962,train
5186,train
10485,train
31867,train
41948,train
25980,train
58633,train
51395,train
52408,train
58973,train
2687,train
43025,train
36187,train
6077,train
38070,train
60145,train
36160,train
4812,train
4005,train
28664,train
50010,train
17153,train
43065,train
28859,train
21724,train
13379,train
50877,train
11654,train
7163,train
66365,train
24813,train
31509,train
5541,train
34557,train
16576,train
13681,train
24041,train
36141,train
8410,train
3999,train
42580,train
29121,train
67613,train
9028,train
26762,train
24003,train
45057,train
69148,train
67810,train
46521,train
40471,train
27657,train
65704,train
23897,train
11362,train
32180,train
54167,train
116,train
57854,train
49501,train
52435,train
51696,train
49876,train
11500,train
19310,train
8479,train
15226,train
34028,train
37721,train
13443,train
43898,train
57739,train
36339,train
408,train
65805,train
47131,train
17576,train
36152,train
30178,train
16077,train
22600,train
18019,train
50006,train
13239,train
17545,train
15440,train
51255,train
5267,train
23293,train
7759,train
36132,train
27323,train
12849,train
30950,train
23673,train
3376,train
2737,train
55456,train
19840,train
50100,train
5990,train
53544,train
16366,train
41989,train
24664,train
4880,train
21792,train
47431,train
62073,train
51990,train
26268,train
70161,train
16574,train
6682,train
35705,train
61847,train
39017,train
43059,train
61405,train
66223,train
30354,train
54843,train
30525,train
53747,train
26990,train
5772,train
31519,train
27696,train
42381,train
32966,train
31508,train
18067,train
63189,train
45,train
48287,train
64417,train
31892,train
23914,train
67522,train
37596,train
21216,train
65220,train
58386,train
48071,train
48450,train
70000,train
37109,train
2878,train
41276,train
32050,train
55579,train
24242,train
67840,train
40322,train
67875,train
1269,train
2665,train
54102,train
65004,train
53901,train
25379,train
17961,train
8525,train
58786,train
7971,train
25198,train
45383,train
36551,train
12093,train
17232,train
17556,train
57155,train
2044,train
45403,train
35935,train
48052,train
66634,train
50675,train
13323,train
34136,train
29683,train
63060,train
25282,train
12035,train
16410,train
30561,train
52039,train
57910,train
28111,train
63535,train
9813,train
38189,train
40157,train
54103,train
18664,train
67949,train
19151,train
29298,train
47300,train
62802,train
23081,train
35799,train
27152,train
63569,train
42436,train
53976,train
26741,train
24150,train
27021,train
35158,train
68881,train
35098,train
5010,train
27040,train
13865,train
66156,train
27656,train
68368,train
35353,train
17301,train
13248,train
67607,train
13670,train
1076,train
63008,train
46055,train
36783,train
15927,train
18799,train
49900,train
19539,train
10042,train
61037,train
66517,train
24729,train
33635,train
11048,train
20490,train
55422,train
2000,train
38856,train
13883,train
733,train
55714,train
54901,train
34444,train
33165,train
51550,train
10374,train
60246,train
45702,train
21151,train
44065,train
24302,train
6630,train
14109,train
55288,train
13513,train
22546,train
24415,train
67776,train
5365,train
66420,train
66047,train
5647,train
9120,train
37102,train
26370,train
47803,train
64533,train
60741,train
65677,train
24506,train
61113,train
36673,train
49309,train
27344,train
47942,train
35884,train
20894,train
46409,train
50682,train
7664,train
16083,train
51936,train
1549,train
17660,train
68297,train
16553,train
55844,train
6390,train
38884,train
69147,train
29804,train
49200,train
8917,train
10638,train
34991,train
16279,train
16350,train
49064,train
24798,train
52803,train
34031,train
50686,train
40817,train
37134,train
27798,train
67149,train
30222,train
51245,train
46058,train
23820,train
7178,train
57469,train
62123,train
14510,train
65938,train
64692,train
18751,train
37034,train
14158,train
15797,train
50125,train
8615,train
1169,train
28408,train
1163,train
13441,train
7735,train
12392,train
67076,train
48712,train
56784,train
63558,train
28614,train
6274,train
40109,train
31828,train
39474,train
16013,train
43929,train
33666,train
22319,train
27916,train
26534,train
61870,train
24478,train
459,train
58755,train
31610,train
677,train
22962,train
51885,train
18283,train
20346,train
3649,train
58437,train
36831,train
31021,train
18859,train
59586,train
59437,train
26256,train
30983,train
17773,train
59635,train
43089,train
44648,train
39617,train
8033,train
15167,train
31229,train
25755,train
34007,train
47645,train
22272,train
31429,train
61070,train
20,train
233,train
23587,train
27195,train
46799,train
32446,train
38405,train
67164,train
55291,train
31995,train
41143,train
33985,train
40940,train
16080,train
39493,train
29549,train
58498,train
39458,test
40985,test
29198,test
46988,test
37397,test
61421,test
20663,test
65879,test
42314,test
64639,test
48023,test
37642,test
1239,test
53468,test
52248,test
34750,test
35363,test
8548,test
50719,test
17586,test
2385,test
34084,test
66973,test
32104,test
22049,test
25413,test
39502,test
26931,test
59500,test
27681,test
53640,test
26619,test
30428,test
1946,test
69270,test
54184,test
69193,test
59932,test
56226,test
62500,test
28167,test
56569,test
69956,test
7008,test
18987,test
28665,test
44501,test
35879,test
4464,test
62522,test
68326,test
50521,test
62734,test
59802,test
12288,test
9244,test
6204,test
51811,test
36406,test
57589,test
34741,test
43891,test
515,test
37754,test
56829,test
9093,test
11898,test
43359,test
35515,test
21185,test
12473,test
28903,test
354,test
14176,test
8054,test
37594,test
6681,test
48547,test
48841,test
16934,test
12692,test
23835,test
26551,test
55059,test
602,test
49778,test
51163,test
24616,test
64514,test
2649,test
24640,test
59196,test
49616,test
15416,test
9394,test
45488,test
58399,test
1870,test
57571,test
43889,test
21536,test
27975,test
65407,test
37274,test
5476,test
1696,test
45906,test
20410,test
60091,test
23683,test
27587,test
53593,test
40755,test
58187,test
7436,test
61294,test
19646,test
35243,test
48267,test
26465,test
12965,test
9607,test
63062,test
12225,test
64472,test
59343,test
3199,test
54869,test
4994,test
51610,test
33615,test
16045,test
42980,test
20310,test
16650,test
51124,test
40424,test
35991,test
41116,test
21998,test
1599,test
39714,test
24279,test
54208,test
61880,test
22472,test
66692,test
70670,test
65890,test
68761,test
42985,test
16238,test
9909,test
25984,test
44121,test
18340,test
42039,test
26899,test
42669,test
51724,test
61223,test
31272,test
41685,test
40575,test
63809,test
44208,test
29244,test
34212,test
44271,test
64222,test
10845,test
56188,test
57932,test
66214,test
24219,test
14274,test
44454,test
3441,test
21845,test
64881,test
7234,test
33674,test
48026,test
59157,test
30644,test
66060,test
50865,test
69284,test
29106,test
15481,test
67882,test
36169,test
39276,test
12066,test
33594,test
34951,test
28060,test
69115,test
65263,test
6100,test
47602,test
69121,test
52352,test
13743,test
27271,test
31737,test
7199,test
21660,test
60077,test
17469,test
5560,test
66301,test
10939,test
41218,test
36748,test
5380,test
15595,test
14913,test
37897,test
17703,test
17368,test
52931,test
16147,test
51882,test
66008,test
7067,test
32242,test
4646,test
9969,test
47485,test
4351,test
36733,test
67543,test
5525,test
66251,test
5634,test
52824,test
12684,test
17581,test
18701,test
61419,test
31923,test
20001,test
10407,test
62589,test
32413,test
8146,test
49410,test
68575,test
59475,test
62255,test
14657,test
9380,test
60679,test
65102,test
13454,test
67236,test
53949,test
37582,test
19812,test
61602,test
36266,test
16475,test
44004,test
15229,test
10978,test
22588,test
23891,test
14070,test
18329,test
64249,test
30067,test
70357,test
25713,test
52413,test
68119,test
59658,test
2082,test
3218,test
53542,test
27074,test
40205,test
13457,test
40060,test
29248,test
63619,test
17968,test
3486,test
46162,test
61738,test
65584,test
63843,test
49021,test
58438,test
14103,test
44936,test
14604,test
50911,test
25173,test
14694,test
35100,test
36883,test
33359,test
34716,test
5345,test
26505,test
42713,test
46748,test
54137,test
4891,test
46377,test
5883,test
26231,test
32475,test
49078,test
23774,test
39723,test
20544,test
4533,test
56474,test
7590,test
28199,test
64522,test
54985,test
21280,test
53017,test
46732,test
67695,test
47560,test
64611,test
54927,test
28435,test
20759,test
25280,test
66873,test
55046,test
33414,test
6703,test
9479,test
29698,test
61969,test
54464,test
30531,test
49171,test
22400,test
943,test
12779,test
12860,test
40857,test
32588,test
5967,test
62082,test
12669,test
27514,test
28964,test
50848,test
6548,test
35584,test
28551,test
9741,test
12861,test
27437,test
51218,test
3573,test
43459,test
45169,test
31789,test
41003,test
30287,test
48013,test
35924,test
3862,test
58400,test
29647,test
53427,test
22058,test
2367,test
31839,test
30316,test
37971,test
12607,test
16276,test
59270,test
53282,test
49723,test
20164,test
39826,test
8977,test
51120,test
25768,test
13220,test
17324,test
70351,test
49554,test
22388,test
21790,test
675,test
66239,test
64797,test
49431,test
52964,test
48729,test
63716,test
44554,test
707,test
30167,test
48507,test
16382,test
14790,test
28374,test
67927,test
32712,test
13021,test
51854,test
42852,test
26918,test
38372,test
65528,test
66221,test
14878,test
11460,test
50443,test
11869,test
47876,test
67548,test
16011,test
43276,test
62953,test
16937,test
22148,test
49427,test
60398,test
21631,test
26501,test
62028,test
30691,test
62020,test
69461,test
3118,test
22134,test
44369,test
60545,test
18144,test
48632,test
32951,test
57856,test
39045,test
62056,test
39868,test
45186,test
42809,test
15093,test
14918,test
34468,test
59017,test
2015,test
12247,test
19674,test
38118,test
33431,test
52051,test
39731,test
69435,test
28862,test
13966,test
25365,test
15716,test
44701,test
67002,test
31324,test
26921,test
42334,test
26736,test
48709,test
18153,test
42606,test
7619,test
4637,test
38771,test
49430,test
36870,test
11544,test
39330,test
39740,test
21354,test
58488,test
23102,test
58378,test
58832,test
58180,test
38814,test
41644,test
51022,test
55105,test
503,test
43901,test
31521,test
22688,test
16370,test
40545,test
48977,test
68426,test
16140,test
10504,test
19454,test
56365,test
7772,test
48541,test
62217,test
13578,test
59142,test
6278,test
36466,test
5130,test
44387,test
49094,test
48644,test
49351,test
54723,test
44799,test
28488,test
23280,test
41524,test
14669,test
60702,test
70004,test
17480,test
63953,test
45689,test
18682,test
24025,test
20473,test
53930,test
27331,test
43156,test
24433,test
9689,test
69212,test
786,test
51894,test
68577,test
26478,test
8854,test
8178,test
18016,test
32536,test
49156,test
57302,test
6575,test
30249,test
43771,test
35277,test
42298,test
22905,test
50948,test
23064,test
40794,test
23678,test
12705,test
63501,test
38449,test
148,test
69388,test
21380,test
51138,test
38482,test
9678,test
62100,test
7155,test
9942,test
2134,test
68013,test
69491,test
46712,test
65264,test
13427,test
24850,test
69083,test
43112,test
46124,test
45633,test
14929,test
15237,test
11371,test
10287,test
60104,test
44467,test
68442,test
11142,test
37648,test
1019,test
39834,test
51559,test
11296,test
10592,test
62947,test
66392,test
10342,test
61606,test
24275,test
64839,test
63614,test
7000,test
23197,test
39152,test
55773,test
4804,test
1405,test
1645,test
20958,test
21304,test
65145,test
55093,test
65509,test
7224,test
50772,test
4069,test
44241,test
55295,test
6104,test
35521,test
67669,test
32626,test
7355,test
23206,test
52424,test
54417,test
14847,test
30564,test
12221,test
24955,test
8972,test
4455,test
11543,test
36324,test
41058,test
54374,test
20493,test
28286,test
25579,test
65999,test
57880,test
13080,test
5474,test
34014,test
5207,test
60806,test
57442,test
54973,test
56712,test
50200,test
24583,test
57105,test
13878,test
18394,test
50509,test
3146,test
22864,test
30914,test
70066,test
38751,test
48844,test
64849,test
69446,test
6741,test
4263,test
60785,test
65675,test
65767,test
41486,test
60709,test
60118,test
51348,test
31948,test
8537,test
41346,test
40097,test
28356,test
10325,test
18420,test
34822,test
27575,test
46735,test
36609,test
65181,test
49060,test
56171,test
1368,test
23723,test
35395,test
42898,test
3493,test
17553,test
10222,test
16368,test
67120,test
64420,test
43022,test
35648,test
5703,test
11328,test
23442,test
54568,test
34001,test
68586,test
65431,test
10633,test
46243,test
62859,test
21378,test
66413,test
22492,test
31056,test
63043,test
44639,test
4687,test
37186,test
6147,test
50210,test
11529,test
48623,test
11254,test
44185,test
48516,test
23882,test
35846,test
16481,test
19858,test
11113,test
42092,test
65428,test
9007,test
3779,test
50244,test
41242,test
53775,test
21501,test
47966,test
51947,test
42681,test
33923,test
7760,test
32260,test
29508,test
49480,test
6320,test
32703,test
31777,test
69224,test
44568,test
21138,test
5919,test
6337,test
18306,test
25814,test
68877,test
35278,test
5958,test
22063,test
51373,test
6782,test
21882,test
10579,test
15455,test
33227,test
54456,test
43635,test
42745,test
1921,test
29174,test
69266,test
62733,test
44825,test
59739,test
37244,test
12369,test
26577,test
45972,test
30260,test
65866,test
13569,test
34772,test
33495,test
66175,test
36972,test
23805,test
46308,test
50997,test
3139,test
3294,test
49788,test
30180,test
56152,test
8939,test
64265,test
40639,test
51710,test
65664,test
28980,test
20722,test
66670,test
50451,test
33783,test
47214,test
50853,test
10505,test
15053,test
12359,test
10305,test
46898,test
70673,test
38712,test
62117,test
5055,test
31155,test
2128,test
12642,test
33818,test
1691,test
58760,test
6529,test
4520,test
69660,test
19883,test
29664,test
36663,test
27841,test
22689,test
14651,test
26654,test
25972,test
30546,test
57864,test
52894,test
55361,test
282,test
45388,test
39027,test
18739,test
6156,test
69364,test
45920,test
58123,test
7964,test
12198,test
48990,test
58683,test
62347,test
18541,test
64231,test
59207,test
50603,test
41671,test
68791,test
32268,test
36529,test
3567,test
51296,test
53018,test
27580,test
47314,test
6421,test
19710,test
25510,test
2715,test
32340,test
46683,test
64432,test
45778,test
39388,test
58843,test
67867,test
45492,test
47015,test
52873,test
65047,test
51687,test
4289,test
21445,test
15949,test
70639,test
58714,test
43020,test
16074,test
30390,test
3604,test
36544,test
41399,test
21911,test
21775,test
63356,test
12400,test
46272,test
17098,test
65900,test
22708,test
42328,test
56518,test
16904,test
16452,test
15388,test
45024,test
70040,test
46661,test
56133,test
25247,test
62683,test
33450,test
9241,test
14315,test
9270,test
65782,test
23154,test
15029,test
55802,test
21339,test
70206,test
23400,test
26475,test
65695,test
55674,test
33460,test
4313,test
39288,test
53093,test
63859,test
23123,test
40285,test
40102,test
35486,test
42075,test
59290,test
52238,test
42271,test
61891,test
17,test
2089,test
44172,test
29305,test
48830,test
3172,test
67498,test
26803,test
51675,test
64130,test
61039,test
970,test
8694,test
32758,test
67534,test
62334,test
17329,test
57150,test
36511,test
28524,test
43086,test
30200,test
17296,test
7658,test
36593,test
2211,test
4487,test
47188,test
15309,test
18050,test
41584,test
60497,test
62730,test
66734,test
34931,test
40593,test
17256,test
41758,test
67710,test
303,test
33327,test
22261,test
65053,test
62286,test
2215,test
22064,test
32273,test
60313,test
5508,test
51748,test
35324,test
45032,test
2473,test
45104,test
7349,test
32550,test
65551,test
67571,test
11922,test
24956,test
14943,test
67211,test
2330,test
57876,test
21710,test
1705,test
9581,test
39820,test
55999,test
59230,test
68859,test
19187,test
53573,test
4399,test
32924,test
47378,test
17519,test
2029,test
68489,test
9351,test
28404,test
49006,test
19584,test
22136,test
44059,test
29697,test
25740,test
44310,test
28369,test
2891,test
45758,test
9856,test
55570,test
38598,test
4531,test
48930,test
43122,test
55639,test
55101,test
22481,test
46948,test
64756,test
37535,test
5675,test
31780,test
18370,test
24789,test
28268,test
26499,test
13829,test
14078,test
29410,test
7583,test
67750,test
36052,test
34198,test
48379,test
42127,test
55117,test
34677,test
68534,test
10124,test
39254,test
4406,test
6794,test
67063,test
48535,test
37016,test
64557,test
60812,test
60133,test
36732,test
15191,test
20107,test
45925,test
23691,test
3261,test
23049,test
31280,test
9565,test
38188,test
64364,test
42014,test
14390,test
11452,test
53653,test
65056,test
50060,test
5816,test
58475,test
38503,test
6773,test
2826,test
23611,test
8790,test
35961,test
46550,test
34152,test
62276,test
61375,test
2706,test
24804,test
30718,test
34927,test
62215,test
69100,test
14011,test
13320,test
65826,test
63869,test
58593,test
43473,test
6835,test
19081,test
29564,test
42281,test
53849,test
50229,test
52748,test
60798,test
31601,test
26623,test
67384,test
48122,test
58635,test
39721,test
23761,test
63309,test
63567,test
37641,test
27544,test
20343,test
1832,test
70592,test
31817,test
50097,test
32774,test
55480,test
42834,test
13900,test
51993,test
6756,test
53638,test
4147,test
50173,test
23995,test
3946,test
64460,test
43615,test
31812,test
47807,test
7195,test
68562,test
37696,test
65981,test
35865,test
9717,test
17996,test
2641,test
51449,test
10149,test
4626,test
34919,test
39685,test
46256,test
39813,test
16811,test
20849,test
17536,test
58936,test
10552,test
20398,test
18907,test
33279,test
18001,test
66633,test
67146,test
16515,test
15999,test
3122,test
41850,test
51599,test
66461,test
69095,test
42106,test
43908,test
19288,test
23165,test
32382,test
67097,test
23672,test
37025,test
18482,test
48593,test
33267,test
18453,test
13321,test
70208,test
56069,test
50067,test
40405,test
33987,test
61528,test
62501,test
59178,test
36875,test
66496,test
12429,test
12960,test
47296,test
25473,test
40124,test
11383,test
2992,test
32129,test
36856,test
16470,test
33248,test
25629,test
26442,test
61949,test
6073,test
43773,test
30953,test
43745,test
69246,test
31857,test
25969,test
28640,test
9811,test
50716,test
45949,test
54853,test
47056,test
42422,test
14749,test
38617,test
15339,test
70079,test
8685,test
21759,test
3003,test
27452,test
26197,test
55681,test
39778,test
2623,test
57407,test
30224,test
38088,test
37352,test
57633,test
4684,test
13188,test
40495,test
50301,test
49123,test
38433,test
19118,test
70020,test
17742,test
24479,test
44381,test
70043,test
56715,test
44698,test
55983,test
22071,test
23200,test
54414,test
1623,test
67289,test
3296,test
60766,test
61780,test
29539,test
9617,test
33932,test
62438,test
17926,test
2497,test
13164,test
37865,test
18219,test
19513,test
63609,test
45116,test
61976,test
56205,test
53260,test
30685,test
49137,test
53595,test
67647,test
64992,test
63994,test
66422,test
49822,test
14301,test
30145,test
53403,test
57347,test
51946,test
58178,test
59132,test
38699,test
41761,test
16521,test
8914,test
63849,test
52948,test
33438,test
52011,test
9320,test
29900,test
65224,test
50386,test
19409,test
32905,test
3907,test
53437,test
8853,test
5094,test
321,test
35192,test
4149,test
39325,test
62615,test
2124,test
51562,test
42517,test
15511,test
38111,test
56933,test
5285,test
46945,test
66358,test
57293,test
24393,test
45759,test
44687,test
63828,test
29334,test
2722,test
66310,test
57604,test
37875,test
53798,test
30954,test
70691,test
16192,test
61406,test
48515,test
38300,test
44452,test
67176,test
55257,test
48041,test
44928,test
57211,test
32841,test
20165,test
8851,test
7190,test
2441,test
59686,test
66142,test
23601,test
56574,test
49106,test
50669,test
10797,test
13027,test
53377,test
1872,test
16716,test
2357,test
19158,test
31078,test
3955,test
39576,test
49868,test
6605,test
8515,test
41462,test
5618,test
51391,test
44520,test
52796,test
62645,test
6877,test
30021,test
4128,test
30087,test
56417,test
69348,test
45194,test
47427,test
49356,test
47079,test
35385,test
41112,test
42717,test
42814,test
29675,test
372,test
62748,test
9435,test
40277,test
15832,test
38397,test
8942,test
40381,test
67697,test
66900,test
26476,test
13715,test
28150,test
19245,test
27054,test
31264,test
35378,test
55622,test
32551,test
55964,test
32953,test
38123,test
13413,test
68617,test
69400,test
15753,test
29382,test
20685,test
29828,test
20829,test
59208,test
27868,test
27876,test
51808,test
27569,test
5980,test
10575,test
46871,test
26367,test
38994,test
45002,test
3815,test
1427,test
21752,test
8911,test
15690,test
61402,test
43111,test
29626,test
51968,test
18093,test
950,test
17261,test
16557,test
24662,test
63818,test
16527,test
46120,test
30240,test
30965,test
29582,test
58160,test
24614,test
57491,test
21593,test
4614,test
9494,test
39659,test
18286,test
67856,test
12626,test
24707,test
10691,test
52055,test
62363,test
33850,test
56926,test
17549,test
50735,test
45152,test
67481,test
52646,test
39416,test
26925,test
68389,test
52678,test
53661,test
67815,test
40334,test
63047,test
29707,test
63675,test
56207,test
50404,test
1228,test
53941,test
54214,test
21251,test
40777,test
6045,test
41622,test
24698,test
49619,test
7120,test
3944,test
35536,test
50466,test
59112,test
66450,test
45445,test
45639,test
24096,test
32965,test
50052,test
51051,test
63623,test
64573,test
30125,test
56204,test
54990,test
30720,test
68218,test
46373,test
52495,test
22403,test
56101,test
13268,test
60059,test
35319,test
45329,test
836,test
44935,test
48424,test
70355,test
54651,test
51445,test
53273,test
42243,test
49698,test
19263,test
24185,test
69873,test
6952,test
16833,test
28940,test
66812,test
62996,test
9876,test
15192,test
68231,test
34412,test
35896,test
47746,test
13527,test
8821,test
10742,test
67370,test
33608,test
39029,test
53213,test
22832,test
49495,test
44489,test
31542,test
26204,test
62010,test
49366,test
3665,test
11478,test
39191,test
21608,test
48529,test
54258,test
14682,test
9629,test
30766,test
54034,test
46824,test
54221,test
46993,test
22964,test
12365,test
63279,test
1193,test
59620,test
29379,test
35455,test
30243,test
6676,test
20801,test
39107,test
54290,test
26356,test
55750,test
14097,test
29239,test
62834,test
11954,test
53065,test
16563,test
46480,test
36599,test
37785,test
50998,test
45645,test
3777,test
86,test
69576,test
25034,test
66503,test
39009,test
10466,test
70197,test
52653,test
23845,test
68600,test
24104,test
20772,test
47787,test
57435,test
58195,test
52073,test
59553,test
58719,test
17164,test
35449,test
17158,test
61412,test
2607,test
53923,test
68623,test
47030,test
20843,test
35710,test
50774,test
8791,test
22561,test
61316,test
5610,test
26738,test
32335,test
63776,test
20732,test
20888,test
2827,test
53685,test
37471,test
52765,test
39261,test
60521,test
21042,test
27898,test
57751,test
12996,test
62642,test
13291,test
56892,test
10182,test
1118,test
37509,test
3592,test
26016,test
38965,test
14212,test
31968,test
27115,test
64150,test
26082,test
20626,test
7139,test
70363,test
16328,test
32,test
39252,test
23548,test
36912,test
40811,test
47783,test
29762,test
265,test
7723,test
22590,test
66946,test
32925,test
70213,test
49011,test
70299,test
64351,test
41971,test
14293,test
37848,test
49173,test
49996,test
39674,test
41184,test
41894,test
21615,test
13121,test
16451,test
63434,test
44051,test
2246,test
44107,test
26128,test
10132,test
17939,test
37862,test
26615,test
31969,test
7849,test
56010,test
58527,test
12663,test
31378,test
1131,test
48077,test
41659,test
31535,test
5188,test
47488,test
58265,test
2382,test
27874,test
27948,test
21914,test
58106,test
47768,test
43196,test
38832,test
52573,test
35204,test
35381,test
5795,test
24235,test
18163,test
7016,test
64012,test
55134,test
33855,test
68905,test
33549,test
40511,test
24519,test
5555,test
5501,test
14813,test
62605,test
68056,test
26761,test
10745,test
39472,test
39304,test
32547,test
59734,test
32074,test
51252,test
43935,test
28962,test
28267,test
42877,test
2864,test
29464,test
69107,test
11796,test
11221,test
13224,test
48078,test
39198,test
7656,test
1037,test
65150,test
30321,test
45725,test
8788,test
10150,test
70036,test
22593,test
61450,test
12959,test
47,test
18204,test
52280,test
9252,test
66640,test
61964,test
13849,test
56493,test
54913,test
29272,test
64490,test
26101,test
24745,test
4744,test
11970,test
610,test
14635,test
25095,test
14346,test
22420,test
5328,test
56826,test
28303,test
21033,test
51352,test
5882,test
14304,test
27228,test
28184,test
25264,test
58554,test
40965,test
11004,test
51964,test
32326,test
59675,test
60078,test
19702,test
4311,test
424,test
7404,test
69568,test
34806,test
33782,test
37753,test
66227,test
16653,test
37982,test
69487,test
20282,test
43721,test
9425,test
53546,test
47190,test
26109,test
22004,test
6990,test
35529,test
33258,test
39003,test
13026,test
64175,test
66311,test
7132,test
22684,test
58549,test
31566,test
33618,test
40517,test
34958,test
57118,test
59022,test
22777,test
14111,test
8335,test
30975,test
54522,test
52513,test
44560,test
31587,test
11976,test
2101,test
39733,test
53721,test
7360,test
60435,test
19860,test
14675,test
23338,test
30433,test
21603,test
50571,test
6793,test
44358,test
59126,test
6403,test
38128,test
52650,test
22275,test
34207,test
34242,test
56061,test
62284,test
57925,test
57384,test
69877,test
56549,test
41627,test
32559,test
40944,test
34830,test
39454,test
2458,test
69536,test
68465,test
24294,test
52512,test
63709,test
19632,test
22436,test
18513,test
49400,test
68738,test
40905,test
16262,test
55223,test
49884,test
47235,test
63354,test
22603,test
32472,test
24588,test
56186,test
35041,test
59673,test
11730,test
41052,test
14359,test
17973,test
33442,test
25128,test
11276,test
47902,test
50793,test
38681,test
41220,test
40171,test
55507,test
49735,test
9369,test
48001,test
57415,test
5789,test
65319,test
22989,test
27621,test
17085,test
37715,test
58984,test
60035,test
12017,test
7845,test
30860,test
59034,test
35372,test
55444,test
5809,test
53454,test
66086,test
66272,test
28327,test
43468,test
7365,test
3194,test
4184,test
59262,test
53347,test
65418,test
21750,test
23045,test
40958,test
24297,test
61621,test
17924,test
12717,test
9709,test
13632,test
27188,test
5335,test
3536,test
21341,test
50692,test
44165,test
52752,test
11579,test
15428,test
29806,test
64494,test
15654,test
54078,test
35284,test
52987,test
28838,test
69540,test
101,test
30970,test
901,test
25150,test
60297,test
54646,test
58583,test
3897,test
16979,test
20463,test
63427,test
54229,test
17745,test
10213,test
35938,test
67829,test
6322,test
40211,test
33142,test
15746,test
47275,test
68048,test
36496,test
65745,test
4661,test
65342,test
52965,test
28819,test
12869,test
39840,test
47290,test
50506,test
33418,test
6564,test
56160,test
52957,test
16188,test
5994,test
32288,test
69157,test
3701,test
52008,test
67111,test
54864,test
29466,test
5249,test
42107,test
32888,test
33364,test
43351,test
53430,test
56972,test
68347,test
42629,test
39953,test
68345,test
21605,test
64757,test
8567,test
1406,test
50020,test
60115,test
24124,test
59711,test
69101,test
23099,test
23650,test
61878,test
70429,test
17361,test
27285,test
36715,test
15822,test
64338,test
11790,test
27059,test
55308,test
68666,test
61105,test
57797,test
36888,test
41215,test
21993,test
651,test
43179,test
37446,test
65723,test
36204,test
33944,test
7790,test
60088,test
48770,test
21468,test
52,test
27688,test
19296,test
48398,test
29520,test
39277,test
14252,test
29574,test
17948,test
63375,test
38986,test
36320,test
39544,test
48608,test
50227,test
36619,test
1563,test
60022,test
9131,test
919,test
4801,test
23818,test
15324,test
59065,test
68432,test
19197,test
36606,test
26587,test
53328,test
34802,test
51492,test
49113,test
5999,test
24182,test
5716,test
7978,test
17026,test
32711,test
35564,test
65997,test
52557,test
25665,test
54369,test
53970,test
50458,test
55034,test
27104,test
49451,test
51448,test
41499,test
58396,test
51827,test
29864,test
36892,test
34755,test
15500,test
34431,test
1815,test
53007,test
31293,test
22329,test
51879,test
2263,test
386,test
33604,test
64435,test
23863,test
10488,test
7804,test
4999,test
36010,test
35270,test
46463,test
35421,test
25839,test
40409,test
1659,test
66099,test
70183,test
70165,test
44032,test
21403,test
56629,test
62638,test
40961,test
60183,test
33542,test
8156,test
51399,test
33812,test
31230,test
32228,test
20113,test
50139,test
37741,test
65877,test
25363,test
29802,test
55394,test
6358,test
41349,test
22870,test
39164,test
1392,test
53422,test
15603,test
68472,test
33376,test
4943,test
23808,test
800,test
24237,test
24887,test
28387,test
29589,test
60340,test
53142,test
38868,test
53529,test
61791,test
66292,test
20147,test
10778,test
58299,test
60136,test
59362,test
38277,test
13977,test
53257,test
13372,test
45792,test
28750,test
21880,test
62245,test
53833,test
13797,test
18146,test
18858,test
65201,test
5852,test
29579,test
56085,test
48070,test
68072,test
3352,test
48139,test
40750,test
66158,test
7644,test
66869,test
1381,test
39200,test
36216,test
39415,test
68265,test
13038,test
54332,test
60922,test
37590,test
5309,test
41567,test
53058,test
8529,test
57731,test
38059,test
45097,test
60111,test
1101,test
59043,test
20334,test
36829,test
30502,test
69730,test
58800,test
63584,test
4371,test
10887,test
11166,test
3074,test
14253,test
9820,test
11151,test
4704,test
19489,test
68175,test
47222,test
8507,test
32993,test
27761,test
4495,test
43597,test
60177,test
22900,test
26341,test
50441,test
43181,test
65167,test
39384,test
57778,test
58509,test
38981,test
16812,test
5371,test
59008,test
63331,test
68179,test
10148,test
7091,test
53481,test
48112,test
29637,test
8325,test
25812,test
32465,test
39590,test
12065,test
66224,test
55447,test
68071,test
20844,test
10640,test
37366,test
24176,test
68770,test
62697,test
26350,test
54211,test
35856,test
721,test
38815,test
2978,test
25651,test
28571,test
62014,test
30874,test
69885,test
849,test
18442,test
15063,test
47741,test
3019,test
21772,test
1682,test
67096,test
34469,test
60605,test
58897,test
58642,test
14559,test
68414,test
19389,test
57040,test
49564,test
64058,test
46116,test
44492,test
9807,test
27304,test
6893,test
2663,test
39022,test
18743,test
64942,test
8099,test
54356,test
69161,test
66715,test
22514,test
9980,test
18376,test
12302,test
17558,test
62103,test
36620,test
29068,test
28805,test
24061,test
58141,test
25859,test
44479,test
27149,test
23353,test
35327,test
30367,test
27836,test
45146,test
18687,test
17094,test
58148,test
8736,test
56532,test
34310,test
57353,test
4711,test
63227,test
4672,test
32320,test
69686,test
35942,test
19833,test
31523,test
55107,test
687,test
27372,test
27623,test
70431,test
64973,test
40746,test
21096,test
22367,test
1976,test
9300,test
18451,test
68557,test
44024,test
58533,test
60639,test
69764,test
993,test
15403,test
12112,test
32216,test
50966,test
50706,test
48271,test
2779,test
38780,test
16589,test
60727,test
68131,test
1273,test
32823,test
26298,test
49523,test
41434,test
60608,test
56891,test
34196,test
60123,test
14295,test
36703,test
989,test
66565,test
44644,test
12159,test
52878,test
55168,test
18384,test
13574,test
36243,test
19469,test
65742,test
59780,test
19617,test
46323,test
38695,test
59255,test
51053,test
70013,test
59503,test
12683,test
69781,test
57690,test
62381,test
68841,test
59714,test
67521,test
66357,test
23153,test
55189,test
34874,test
50310,test
59735,test
30159,test
57389,test
26446,test
16840,test
24733,test
15139,test
55262,test
29825,test
5160,test
70033,test
54986,test
56656,test
32007,test
3787,test
12817,test
10422,test
60760,test
61654,test
3057,test
4359,test
2132,test
68609,test
53552,test
15011,test
11981,test
62955,test
14169,test
35962,test
18105,test
31291,test
9360,test
35101,test
43058,test
907,test
2435,test
7437,test
60210,test
43781,test
69814,test
10224,test
1364,test
53002,test
9554,test
46691,test
39331,test
33245,test
32974,test
10452,test
51285,test
7840,test
58801,test
6478,test
3673,test
36188,test
1172,test
31573,test
39405,test
66802,test
68277,test
61029,test
44083,test
42742,test
66686,test
24270,test
17287,test
29428,test
58066,test
2312,test
44385,test
17351,test
55970,test
57678,test
48655,test
64935,test
45577,test
40549,test
39195,test
61065,test
16049,test
44487,test
20774,test
69507,test
21823,test
64660,test
18984,test
25020,test
27385,test
3956,test
32608,test
51509,test
47906,test
2513,test
63328,test
7148,test
4736,test
27289,test
13910,test
34122,test
57475,test
64721,test
66637,test
62291,test
70329,test
52114,test
15529,test
4130,test
10389,test
50673,test
57784,test
68869,test
35456,test
3339,test
61671,test
13689,test
6375,test
24929,test
3494,test
39185,test
30038,test
15287,test
8863,test
2866,test
28461,test
43855,test
45527,test
16298,test
32695,test
42621,test
14567,test
1794,test
30865,test
35429,test
63687,test
285,test
51780,test
15115,test
53306,test
23141,test
9718,test
69999,test
1733,test
28166,test
51501,test
46584,test
2651,test
21637,test
5217,test
60102,test
47241,test
59094,test
26775,test
66816,test
6154,test
23519,test
32707,test
2485,test
20429,test
40636,test
34394,test
19480,test
4733,test
56585,test
43874,test
12449,test
69455,test
52064,test
48439,test
56523,test
36762,test
68592,test
10331,test
51487,test
43012,test
52340,test
45893,test
63756,test
14615,test
15523,test
20298,test
26823,test
9,test
61983,test
65883,test
10093,test
42666,test
3627,test
60168,test
22686,test
59069,test
54233,test
42472,test
62934,test
43303,test
30514,test
22837,test
66366,test
54161,test
45844,test
23729,test
49055,test
18945,test
50770,test
14496,test
123,test
70400,test
19265,test
5963,test
23343,test
62954,test
36461,test
15252,test
13284,test
39715,test
18263,test
36631,test
58223,test
38099,test
17792,test
44404,test
47580,test
1558,test
38806,test
65164,test
16692,test
11053,test
32535,test
14163,test
65330,test
61355,test
16621,test
38011,test
38311,test
51340,test
37540,test
11645,test
8090,test
62864,test
65917,test
51701,test
38697,test
64536,test
26352,test
60345,test
60039,test
6824,test
60895,test
12120,test
59613,test
58903,test
66426,test
54307,test
20408,test
847,test
22515,test
43079,test
35292,test
8413,test
8058,test
25869,test
19643,test
58673,test
52904,test
18902,test
67260,test
54029,test
26625,test
19495,test
56472,test
47930,test
62867,test
51985,test
25797,test
17042,test
38403,test
50657,test
32527,test
64566,test
63935,test
33659,test
54983,test
37567,test
27479,test
31964,test
68728,test
11,test
12373,test
29542,test
23834,test
418,test
52813,test
24192,test
38653,test
16908,test
16768,test
25650,test
1139,test
53169,test
45720,test
5456,test
38615,test
27008,test
11653,test
47122,test
63171,test
13005,test
49611,test
56594,test
12933,test
20540,test
66155,test
28090,test
29702,test
65738,test
45865,test
55153,test
61013,test
11611,test
24355,test
22372,test
2768,test
70347,test
8167,test
6798,test
14989,test
35404,test
12168,test
39978,test
53807,test
57201,test
36980,test
40836,test
12788,test
21087,test
63017,test
29823,test
2697,test
54937,test
40989,test
17176,test
54601,test
17763,test
45177,test
5542,test
58867,test
20877,test
61020,test
8307,test
67329,test
13834,test
35062,test
42833,test
64235,test
35246,test
47267,test
21606,test
13031,test
59398,test
51549,test
50868,test
70619,test
18258,test
24042,test
48501,test
25680,test
64224,test
16966,test
968,test
66657,test
41920,test
7832,test
40885,test
47553,test
48370,test
16403,test
10045,test
37406,test
13415,test
61798,test
52776,test
30934,test
17798,test
66836,test
53365,test
24919,test
5613,test
20975,test
12444,test
53027,test
56269,test
62989,test
50023,test
34459,test
20458,test
11948,test
15301,test
56048,test
45820,test
34906,test
55608,test
38949,test
8216,test
8011,test
51106,test
58697,test
63597,test
2386,test
25792,test
24905,test
58391,test
16614,test
14596,test
5820,test
55583,test
48233,test
44449,test
26078,test
59688,test
61222,test
49936,test
22765,test
65841,test
8400,test
29383,test
29149,test
6822,test
39355,test
53470,test
33507,test
32986,test
62267,test
60931,test
12276,test
18130,test
35837,test
21401,test
33195,test
24165,test
51754,test
45819,test
2375,test
5748,test
65343,test
18534,test
10033,test
35966,test
29521,test
55963,test
66293,test
57509,test
34475,test
46049,test
20719,test
6493,test
45627,test
44009,test
42491,test
59800,test
67480,test
67375,test
44899,test
9515,test
44168,test
70068,test
53601,test
26176,test
51134,test
67913,test
48048,test
10191,test
47595,test
54683,test
67156,test
36143,test
20369,test
66456,test
44114,test
30193,test
64315,test
28304,test
57009,test
29079,test
30695,test
8270,test
24753,test
33559,test
47160,test
58409,test
49211,test
45089,test
18640,test
2194,test
53763,test
3589,test
18313,test
17039,test
55689,test
66544,test
56212,test
10621,test
60974,test
51866,test
30088,test
14947,test
35174,test
10481,test
68915,test
6837,test
8510,test
36080,test
9672,test
35267,test
57222,test
64409,test
59610,test
48880,test
41766,test
40862,test
54933,test
8088,test
18277,test
47373,test
7260,test
27251,test
6451,test
39018,test
50728,test
60877,test
2576,test
50312,test
31270,test
37699,test
10126,test
42507,test
38364,test
16000,test
2139,test
53828,test
63577,test
31901,test
56477,test
47744,test
55186,test
34778,test
67163,test
14432,test
23097,test
15441,test
16031,test
23066,test
10662,test
40055,test
52720,test
69175,test
31370,test
23172,test
6663,test
46946,test
31733,test
54941,test
68118,test
13571,test
51694,test
46725,test
33602,test
35676,test
8968,test
61562,test
55801,test
1360,test
35099,test
31511,test
61362,test
62788,test
49685,test
8093,test
54563,test
19595,test
24101,test
41332,test
51493,test
15480,test
13752,test
26914,test
38500,test
57862,test
40108,test
11994,test
59781,test
63453,test
31868,test
28695,test
51465,test
49402,test
54596,test
45669,test
59289,test
52311,test
26237,test
61010,test
24713,test
61182,test
21621,test
36383,test
26650,test
32203,test
40265,test
10547,test
8787,test
8649,test
20284,test
22833,test
30392,test
48325,test
70229,test
51883,test
53803,test
63802,test
65543,test
17885,test
68441,test
46223,test
28089,test
13656,test
33793,test
21467,test
34100,test
13962,test
37526,test
6725,test
5523,test
69277,test
33016,test
43435,test
50689,test
57131,test
51366,test
53329,test
28332,test
42317,test
7620,test
5812,test
37991,test
5180,test
51725,test
68301,test
65776,test
39132,test
40587,test
48151,test
69335,test
50873,test
62076,test
25155,test
30480,test
4652,test
24105,test
48559,test
63825,test
5111,test
1953,test
55954,test
63897,test
66281,test
8459,test
70356,test
52423,test
57493,test
26659,test
10145,test
39712,test
19813,test
62767,test
42696,test
47094,test
54616,test
6808,test
47102,test
33345,test
25987,test
30863,test
52281,test
5609,test
15168,test
27719,test
22815,test
30448,test
3050,test
24277,test
14027,test
29817,test
36336,test
29538,test
16391,test
27072,test
53075,test
24533,test
50943,test
694,test
69580,test
56473,test
30257,test
8271,test
8715,test
25954,test
50690,test
31815,test
63277,test
24582,test
36386,test
39774,test
20261,test
46381,test
32617,test
69734,test
33557,test
7189,test
5947,test
44513,test
32127,test
22140,test
54859,test
47112,test
55883,test
6361,test
70364,test
27311,test
57901,test
40722,test
21910,test
18777,test
42630,test
51553,test
1186,test
24017,test
51021,test
1503,test
40258,test
66087,test
24046,test
31223,test
28990,test
1889,test
42511,test
68417,test
35817,test
35887,test
1703,test
54067,test
20731,test
19041,test
45069,test
36077,test
6396,test
57826,test
25242,test
32066,test
7680,test
68648,test
49460,test
38166,test
9065,test
48175,test
65905,test
14724,test
4826,test
8734,test
19116,test
27835,test
7162,test
66761,test
28221,test
61448,test
108,test
58720,test
59901,test
49824,test
38601,test
31328,test
36965,test
8028,test
1937,test
26299,test
1777,test
35537,test
30297,test
65808,test
41846,test
19214,test
23944,test
68029,test
59341,test
6327,test
21505,test
25820,test
17015,test
37449,test
29241,test
56018,test
34617,test
42899,test
32292,test
39470,test
64561,test
68032,test
59548,test
31003,test
39028,test
62391,test
13343,test
45921,test
54271,test
7865,test
26181,test
32663,test
33567,test
4545,test
4972,test
46325,test
45834,test
60530,test
58604,test
47738,test
5785,test
48826,test
43854,test
23372,test
33945,test
6107,test
5971,test
32234,test
768,test
15562,test
41574,test
8049,test
4616,test
33752,test
46173,test
13769,test
68415,test
23061,test
41697,test
19086,test
68591,test
70080,test
54128,test
64565,test
55592,test
3820,test
51334,test
68480,test
18259,test
20418,test
49109,test
63078,test
54326,test
19226,test
50387,test
31379,test
60697,test
68021,test
37268,test
1175,test
65336,test
63320,test
14659,test
58042,test
25496,test
8608,test
17858,test
34938,test
2037,test
66539,test
40920,test
22946,test
15802,test
37603,test
9801,test
13509,test
16437,test
38959,test
20764,test
61339,test
16892,test
15966,test
53370,test
44720,test
41686,test
38624,test
25773,test
819,test
30573,test
31158,test
40281,test
53934,test
51202,test
68247,test
67323,test
53019,test
24399,test
19377,test
66153,test
19103,test
18578,test
42009,test
44250,test
36500,test
18947,test
65112,test
46037,test
18811,test
8904,test
50264,test
39158,test
19240,test
52020,test
27106,test
54372,test
59197,test
57343,test
55817,test
56272,test
29860,test
38971,test
38938,test
63374,test
44517,test
54178,test
57507,test
29750,test
2995,test
13339,test
44711,test
7268,test
56479,test
42144,test
38535,test
32843,test
29706,test
35693,test
41131,test
60493,test
12087,test
22479,test
30059,test
1479,test
11519,test
21260,test
28733,test
68127,test
53413,test
54954,test
35048,test
23697,test
62567,test
30289,test
45924,test
46466,test
30505,test
27219,test
3446,test
14993,test
13709,test
46834,test
54580,test
36022,test
63256,test
12410,test
14181,test
68951,test
38112,test
2925,test
23560,test
63512,test
27633,test
33796,test
38194,test
174,test
3238,test
35393,test
61906,test
69893,test
51077,test
45590,test
47613,test
53369,test
53157,test
13675,test
33912,test
32715,test
38770,test
28595,test
54086,test
12720,test
24573,test
6142,test
24001,test
55805,test
65504,test
22107,test
23904,test
4186,test
54756,test
43578,test
16612,test
46608,test
10690,test
22680,test
32407,test
53230,test
55175,test
1182,test
28508,test
42366,test
2592,test
26506,test
53813,test
2749,test
8989,test
61180,test
49612,test
56548,test
65607,test
37166,test
16755,test
15842,test
56680,test
47240,test
9692,test
19298,test
8922,test
1941,test
14074,test
23454,test
29182,test
56999,test
52230,test
16159,test
55146,test
62547,test
30512,test
61934,test
32688,test
36492,test
44984,test
28009,test
69211,test
24893,test
52729,test
22059,test
40380,test
30785,test
28707,test
15502,test
62582,test
23720,test
31317,test
19320,test
30652,test
63100,test
65715,test
65189,test
43304,test
12553,test
55225,test
17622,test
13566,test
35753,test
24232,test
16508,test
36997,test
33367,test
65974,test
7573,test
3181,test
53994,test
34535,test
34810,test
61815,test
64540,test
7630,test
15552,test
53322,test
33300,test
56764,test
38531,test
34527,test
65949,test
14933,test
6743,test
12205,test
52879,test
23663,test
56387,test
15407,test
41147,test
53560,test
10200,test
49110,test
26408,test
54444,test
56583,test
35810,test
6145,test
21236,test
26601,test
11491,test
49269,test
25129,test
6881,test
1916,test
3073,test
68115,test
17148,test
11836,test
25027,test
31212,test
32946,test
1582,test
3683,test
47060,test
30733,test
54362,test
23649,test
34985,test
19676,test
54403,test
33293,test
863,test
70241,test
36683,test
41984,test
61312,test
33568,test
32401,test
50492,test
39909,test
26220,test
3842,test
53962,test
12577,test
66216,test
65123,test
63741,test
66937,test
14538,test
37196,test
12141,test
38738,test
34904,test
13621,test
38172,test
19182,test
64005,test
6454,test
46074,test
22189,test
64597,test
22884,test
5099,test
57581,test
13909,test
30042,test
34156,test
32107,test
11080,test
1492,test
54248,test
67349,test
50393,test
63216,test
63539,test
11303,test
42704,test
29993,test
7403,test
53362,test
59360,test
38043,test
65815,test
42513,test
20476,test
6122,test
53986,test
9172,test
22719,test
27545,test
13269,test
66297,test
13523,test
17954,test
69677,test
69183,test
48489,test
51913,test
11273,test
11428,test
8378,test
69848,test
15779,test
66889,test
67863,test
2575,test
2824,test
32157,test
53103,test
54367,test
46331,test
39321,test
66913,test
1837,test
5682,test
10055,test
41000,test
28667,test
56782,test
39414,test
4539,test
62499,test
34225,test
909,test
4579,test
48475,test
54561,test
1684,test
54331,test
6215,test
51711,test
56431,test
36538,test
23794,test
56944,test
47167,test
40964,test
52428,test
59163,test
47479,test
13896,test
52254,test
23779,test
16831,test
715,test
12556,test
58376,test
47760,test
12196,test
48647,test
41931,test
44589,test
63310,test
29345,test
60041,test
58780,test
45278,test
24040,test
4843,test
1164,test
22804,test
55611,test
50906,test
60490,test
28480,test
54707,test
37593,test
18431,test
59025,test
31840,test
63893,test
16399,test
37223,test
57961,test
38462,test
36515,test
31663,test
17591,test
51261,test
12137,test
41714,test
62172,test
66663,test
37317,test
12142,test
17697,test
41295,test
5164,test
25628,test
26695,test
38390,test
22378,test
35058,test
4763,test
34087,test
24518,test
14576,test
60021,test
2433,test
53033,test
33828,test
27611,test
43461,test
58080,test
30443,test
16004,test
39649,test
64444,test
59570,test
45001,test
55072,test
21656,test
60114,test
69249,test
1177,test
9870,test
33798,test
52535,test
35611,test
62732,test
55158,test
52082,test
36791,test
60715,test
10226,test
39620,test
1831,test
62166,test
28553,test
10878,test
55234,test
3183,test
39835,test
55337,test
27786,test
54424,test
27185,test
8043,test
24063,test
24883,test
8570,test
16642,test
66350,test
1679,test
51533,test
36250,test
17722,test
59175,test
49479,test
1433,test
66851,test
26399,test
70501,test
7275,test
42586,test
32637,test
55549,test
10278,test
8936,test
44631,test
66345,test
8763,test
62408,test
11170,test
26103,test
48708,test
24632,test
34348,test
24075,test
10890,test
2567,test
1773,test
21065,test
16492,test
14800,test
11313,test
62407,test
53385,test
69888,test
22585,test
47782,test
55284,test
59226,test
2157,test
32229,test
55870,test
22901,test
21991,test
16477,test
34357,test
36186,test
57735,test
59164,test
15251,test
35527,test
3750,test
31632,test
50624,test
26146,test
1223,test
41784,test
64225,test
65893,test
21440,test
66515,test
36541,test
29712,test
44504,test
43415,test
39179,test
38753,test
45481,test
346,test
53498,test
16635,test
64049,test
32224,test
57183,test
51884,test
6987,test
9180,test
537,test
10367,test
10514,test
8836,test
49863,test
22313,test
65108,test
2207,test
15267,test
32439,test
25091,test
43440,test
2639,test
37969,test
51507,test
10626,test
6966,test
22446,test
45309,test
13286,test
64741,test
821,test
66495,test
23085,test
9086,test
5211,test
35453,test
48642,test
29191,test
7561,test
52395,test
29084,test
8841,test
31710,test
8342,test
7398,test
20173,test
35921,test
45456,test
42429,test
7351,test
7844,test
65797,test
26411,test
52617,test
33786,test
16265,test
42543,test
50398,test
68062,test
22280,test
70423,test
46133,test
5653,test
36181,test
48295,test
11184,test
65365,test
21238,test
5895,test
21118,test
68935,test
12169,test
57037,test
57256,test
4179,test
6576,test
30744,test
6898,test
68061,test
273,test
52148,test
41240,test
29223,test
44528,test
49188,test
29969,test
38550,test
12357,test
56880,test
68191,test
33075,test
17793,test
69793,test
21622,test
27864,test
64857,test
40616,test
16016,test
21431,test
6711,test
69156,test
16741,test
14189,test
64525,test
46990,test
35512,test
47211,test
8081,test
30895,test
8524,test
55859,test
6810,test
5905,test
5311,test
36087,test
36379,test
50026,test
56185,test
64196,test
8551,test
31294,test
57583,test
2588,test
30173,test
18481,test
280,test
46259,test
15866,test
6670,test
48366,test
2452,test
28649,test
22078,test
42693,test
1496,test
66804,test
37174,test
43670,test
65515,test
58316,test
5067,test
9298,test
39882,test
1311,test
12875,test
18991,test
19398,test
42612,test
29096,test
36934,test
19999,test
52137,test
11182,test
599,test
36481,test
50239,test
1068,test
57549,test
59137,test
60537,test
9704,test
41526,test
47866,test
60038,test
66780,test
56350,test
3790,test
31147,test
47323,test
45010,test
36886,test
12492,test
65391,test
48343,test
16212,test
998,test
63112,test
44267,test
67296,test
2784,test
6435,test
23890,test
7668,test
28813,test
4978,test
60049,test
45045,test
20382,test
43123,test
64633,test
10024,test
25286,test
66130,test
63469,test
69653,test
23265,test
47281,test
25226,test
5330,test
4400,test
30992,test
5425,test
27733,test
26555,test
56379,test
41837,test
2831,test
31116,test
27572,test
22922,test
34793,test
40282,test
44790,test
12220,test
56399,test
51085,test
23596,test
12877,test
3216,test
2491,test
58484,test
14961,test
25160,test
35365,test
10944,test
12805,test
8300,test
36065,test
65009,test
36017,test
58133,test
53175,test
67950,test
54600,test
69974,test
4373,test
10871,test
30650,test
33546,test
20236,test
6246,test
26557,test
65817,test
61788,test
36471,test
27974,test
46155,test
68595,test
67189,test
69828,test
19553,test
42516,test
6665,test
7813,test
63264,test
53772,test
22827,test
59733,test
817,test
3974,test
14978,test
69232,test
36653,test
38330,test
21100,test
48751,test
10657,test
32400,test
9987,test
42645,test
22173,test
57352,test
32648,test
69627,test
31148,test
63458,test
47859,test
50460,test
8105,test
29751,test
35077,test
37646,test
38241,test
66024,test
59724,test
33130,test
21074,test
23695,test
57100,test
26087,test
62130,test
4692,test
19895,test
14012,test
19737,test
13402,test
34364,test
15639,test
5313,test
55229,test
25727,test
45753,test
34401,test
70292,test
52173,test
21178,test
37213,test
7616,test
24511,test
59232,test
39369,test
26898,test
1652,test
37575,test
19228,test
18586,test
49512,test
38901,test
68949,test
38442,test
29401,test
28487,test
19221,test
5955,test
57620,test
41836,test
11070,test
10517,test
53845,test
21085,test
39803,test
29119,test
65226,test
39219,test
60462,test
31125,test
17390,test
18514,test
41409,test
40346,test
35103,test
46893,test
23993,test
47260,test
55461,test
48856,test
15606,test
48635,test
19314,test
7125,test
755,test
14597,test
45370,test
69597,test
40561,test
62490,test
5544,test
11752,test
17663,test
54241,test
218,test
65822,test
37933,test
61544,test
51176,test
63069,test
8363,test
46424,test
30385,test
47871,test
10117,test
59846,test
43402,test
62422,test
69159,test
6495,test
2292,test
22666,test
59389,test
23498,test
28758,test
70383,test
58840,test
51409,test
53859,test
41033,test
55578,test
67932,test
8431,test
39843,test
34374,test
32831,test
49023,test
54582,test
7729,test
27512,test
36941,test
61578,test
25010,test
12676,test
32556,test
26264,test
39541,test
50857,test
68282,test
36239,test
10713,test
63511,test
37571,test
46067,test
54336,test
43702,test
14180,test
50544,test
31186,test
8005,test
12311,test
51766,test
48616,test
29588,test
24686,test
34953,test
37903,test
55524,test
6362,test
54718,test
13377,test
70612,test
13669,test
42648,test
39490,test
65558,test
42950,test
35034,test
60204,test
40711,test
52833,test
29040,test
61327,test
8631,test
62939,test
50859,test
25456,test
47384,test
24766,test
39657,test
36316,test
25339,test
4834,test
29978,test
16903,test
9680,test
52361,test
36116,test
47898,test
41221,test
4666,test
23332,test
41922,test
7114,test
27439,test
1639,test
36289,test
3408,test
49208,test
14002,test
50951,test
12228,test
16801,test
11135,test
65358,test
69171,test
36042,test
64483,test
40227,test
29752,test
36948,test
1796,test
32406,test
48484,test
33831,test
25441,test
20112,test
18715,test
2411,test
24007,test
26603,test
56836,test
11687,test
54958,test
7514,test
36899,test
36128,test
20428,test
9545,test
5100,test
68829,test
17712,test
4352,test
43611,test
33,test
47831,test
2845,test
62487,test
2812,test
55893,test
62366,test
35361,test
9160,test
3751,test
69898,test
37510,test
53464,test
20020,test
59652,test
23733,test
6180,test
51954,test
69628,test
60231,test
45678,test
3878,test
63641,test
42227,test
20644,test
26225,test
68080,test
200,test
40531,test
28687,test
25490,test
29651,test
39455,test
35989,test
58041,test
39383,test
20452,test
46338,test
17675,test
61746,test
53531,test
62309,test
39990,test
64383,test
40163,test
67591,test
10515,test
40784,test
10315,test
53516,test
24252,test
11263,test
11158,test
22730,test
49298,test
29550,test
57765,test
27787,test
39244,test
11550,test
23464,test
17709,test
67095,test
64767,test
11058,test
53752,test
43317,test
8861,test
43010,test
27858,test
37722,test
53701,test
20751,test
27894,test
3038,test
1165,test
37434,test
52551,test
21131,test
35968,test
6879,test
12702,test
31308,test
16629,test
57369,test
4324,test
4332,test
18501,test
26228,test
56242,test
48147,test
20244,test
12829,test
21786,test
47634,test
16250,test
60166,test
11103,test
67364,test
41515,test
21003,test
60437,test
13285,test
67777,test
5666,test
15035,test
17370,test
48263,test
10898,test
33886,test
22213,test
51059,test
2809,test
24029,test
4654,test
65661,test
51223,test
51244,test
49459,test
4219,test
69102,test
12884,test
35851,test
35091,test
43705,test
67725,test
32481,test
33430,test
56660,test
66401,test
24456,test
23314,test
24835,test
59209,test
60996,test
54284,test
48401,test
50283,test
32685,test
13899,test
28790,test
70562,test
44465,test
58467,test
23494,test
53232,test
57694,test
50349,test
47723,test
16691,test
67339,test
286,test
62199,test
19616,test
18312,test
31332,test
23870,test
15490,test
64492,test
18690,test
2500,test
67532,test
54395,test
8814,test
29290,test
28402,test
33561,test
67244,test
43625,test
68840,test
54816,test
51921,test
15877,test
48610,test
52335,test
15978,test
45611,test
54823,test
41094,test
47650,test
63521,test
17204,test
30003,test
26129,test
15725,test
34653,test
11560,test
19783,test
16832,test
50522,test
5096,test
69108,test
69048,test
30535,test
46069,test
65869,test
48351,test
9098,test
19067,test
40983,test
16113,test
51198,test
43161,test
50124,test
15458,test
593,test
59141,test
18904,test
46041,test
40765,test
13024,test
43130,test
68620,test
47022,test
57652,test
67518,test
59391,test
35613,test
50866,test
38155,test
34420,test
35097,test
30286,test
36842,test
67041,test
41400,test
19703,test
24637,test
53527,test
68330,test
34398,test
19648,test
60070,test
38478,test
21694,test
46819,test
29366,test
66244,test
39821,test
7468,test
65847,test
63139,test
35919,test
64632,test
36399,test
41865,test
38199,test
7742,test
38527,test
16670,test
10317,test
3324,test
40065,test
30770,test
8964,test
7218,test
61713,test
56375,test
48208,test
19336,test
25857,test
50787,test
15974,test
58892,test
28481,test
33544,test
13287,test
822,test
31152,test
24078,test
13737,test
31163,test
53676,test
31654,test
37992,test
3690,test
55634,test
50135,test
24706,test
56865,test
68444,test
38820,test
38614,test
2297,test
47227,test
45765,test
63706,test
736,test
39565,test
8020,test
66982,test
53922,test
9061,test
21180,test
55856,test
31202,test
54931,test
62838,test
19374,test
13047,test
56669,test
47669,test
4726,test
31686,test
37954,test
68806,test
37789,test
40600,test
28855,test
25645,test
43370,test
65461,test
2070,test
10779,test
25175,test
33600,test
11194,test
45927,test
66068,test
61827,test
61203,test
15973,test
31940,test
40156,test
50916,test
25718,test
41423,test
53009,test
27094,test
55742,test
38083,test
54041,test
15125,test
11387,test
69505,test
50744,test
33388,test
4163,test
39975,test
42208,test
32137,test
49394,test
43845,test
33994,test
5928,test
15067,test
3902,test
8795,test
11791,test
12135,test
62995,test
58728,test
28824,test
34183,test
20883,test
66425,test
30345,test
61038,test
48092,test
33979,test
46147,test
35838,test
29474,test
30791,test
14544,test
52778,test
25007,test
67280,test
4597,test
22577,test
1372,test
22241,test
40663,test
67772,test
5493,test
28953,test
23208,test
9079,test
56143,test
69471,test
69310,test
23370,test
29232,test
12388,test
40104,test
9375,test
1972,test
18411,test
53788,test
32378,test
1897,test
12932,test
850,test
65711,test
48432,test
5849,test
69938,test
59668,test
45704,test
42715,test
10997,test
8355,test
26512,test
69639,test
62218,test
65015,test
13408,test
40743,test
33958,test
41262,test
19966,test
32346,test
47337,test
68518,test
13348,test
67062,test
49825,test
25898,test
29196,test
4438,test
48403,test
64296,test
14004,test
34086,test
31950,test
33767,test
40287,test
66458,test
60470,test
60004,test
70028,test
43711,test
21803,test
34071,test
2470,test
13196,test
10156,test
48618,test
43108,test
42110,test
58982,test
38908,test
28663,test
27159,test
14988,test
54867,test
46792,test
135,test
35836,test
10648,test
52759,test
63366,test
54074,test
13092,test
21338,test
31916,test
14695,test
19696,test
31369,test
6759,test
47794,test
10656,test
67159,test
12300,test
62042,test
54296,test
6723,test
7586,test
48742,test
59960,test
11372,test
2301,test
40815,test
25782,test
1732,test
61121,test
37210,test
24913,test
14473,test
35167,test
6846,test
70011,test
11243,test
64245,test
38549,test
4837,test
47562,test
64859,test
8336,test
3854,test
66084,test
43324,test
25678,test
19438,test
44593,test
36709,test
31036,test
70108,test
3168,test
18454,test
20152,test
69717,test
34831,test
66125,test
19283,test
49905,test
12697,test
45072,test
51277,test
57725,test
3504,test
15451,test
3572,test
10923,test
66893,test
13568,test
53295,test
36419,test
40394,test
66870,test
31580,test
44727,test
34285,test
31350,test
33209,test
19652,test
23847,test
12920,test
15578,test
51066,test
32201,test
58031,test
32057,test
13982,test
2662,test
48861,test
33522,test
40421,test
22720,test
31407,test
32081,test
39391,test
69875,test
15096,test
2403,test
62795,test
46180,test
32428,test
67001,test
63719,test
51279,test
22574,test
8611,test
60277,test
8565,test
42221,test
66150,test
42331,test
43595,test
41461,test
70190,test
40796,test
30630,test
39641,test
67282,test
30893,test
16014,test
49223,test
54454,test
64210,test
57099,test
11343,test
40908,test
18520,test
34887,test
36911,test
39015,test
54380,test
57786,test
46523,test
62833,test
52458,test
50425,test
26755,test
24602,test
23934,test
42935,test
40834,test
30475,test
206,test
19558,test
47962,test
22432,test
45613,test
55635,test
34889,test
29020,test
38276,test
15227,test
17233,test
33220,test
31922,test
49670,test
59782,test
35491,test
18359,test
57315,test
50796,test
63146,test
49934,test
66877,test
53057,test
50336,test
6655,test
68535,test
23574,test
65950,test
6021,test
69389,test
4412,test
26811,test
26620,test
61394,test
29769,test
47232,test
70124,test
19520,test
24528,test
65328,test
14325,test
40725,test
37305,test
51175,test
42702,test
22437,test
25965,test
42558,test
64987,test
3724,test
61392,test
58136,test
50573,test
35142,test
55076,test
44211,test
31724,test
51369,test
49595,test
59332,test
50881,test
8288,test
3145,test
46811,test
3458,test
36958,test
36668,test
41800,test
12468,test
68926,test
1444,test
51429,test
65006,test
39571,test
25316,test
12885,test
37873,test
23042,test
20913,test
33916,test
20761,test
15740,test
14900,test
63461,test
19163,test
47225,test
5436,test
32679,test
38656,test
57995,test
15953,test
16025,test
9579,test
7498,test
27125,test
49319,test
20016,test
20642,test
8285,test
53756,test
6103,test
59300,test
55008,test
45397,test
8732,test
38501,test
5351,test
64515,test
24545,test
52874,test
15791,test
260,test
25824,test
69720,test
14517,test
39852,test
45319,test
7675,test
36231,test
12195,test
39196,test
24033,test
62461,test
56766,test
58890,test
32828,test
6038,test
22423,test
5480,test
52405,test
54427,test
8286,test
60838,test
3678,test
47843,test
6102,test
23116,test
4175,test
39468,test
8203,test
58238,test
69420,test
64489,test
32794,test
2100,test
11637,test
52888,test
59059,test
23020,test
56278,test
34923,test
31973,test
28631,test
32356,test
29400,test
2628,test
55057,test
50213,test
48324,test
24286,test
30228,test
27945,test
47635,test
1974,test
40176,test
23871,test
54433,test
3375,test
3100,test
6259,test
57377,test
48249,test
38628,test
37281,test
5053,test
4456,test
22112,test
11698,test
45796,test
22693,test
34428,test
3723,test
44797,test
58100,test
65983,test
1318,test
54936,test
66679,test
32213,test
48102,test
55889,test
52289,test
66934,test
12317,test
64575,test
58651,test
36636,test
49636,test
16497,test
44840,test
11474,test
16708,test
60159,test
52143,test
26903,test
62847,test
27298,test
48531,test
36159,test
68183,test
30456,test
29975,test
46334,test
10286,test
56802,test
63832,test
25825,test
4136,test
14039,test
35322,test
62749,test
57892,test
44413,test
69314,test
336,test
12612,test
32681,test
30040,test
3594,test
43792,test
42414,test
65575,test
12044,test
20681,test
53436,test
42086,test
50082,test
15320,test
21455,test
62145,test
29531,test
41362,test
55341,test
27281,test
25002,test
14268,test
54499,test
21462,test
36083,test
21335,test
45848,test
44394,test
10546,test
6882,test
46146,test
62633,test
49492,test
29857,test
9743,test
64605,test
27886,test
2368,test
26222,test
64709,test
7484,test
45140,test
55127,test
35463,test
3881,test
2829,test
38283,test
15094,test
41281,test
40138,test
56432,test
3300,test
54744,test
42161,test
3903,test
29607,test
11842,test
7273,test
64869,test
66647,test
34791,test
43187,test
67203,test
42272,test
21022,test
43503,test
34897,test
9483,test
2625,test
51187,test
41410,test
67973,test
41778,test
8813,test
42759,test
44183,test
53885,test
13867,test
54676,test
7924,test
10541,test
42260,test
46125,test
23490,test
26003,test
30794,test
63807,test
11606,test
22276,test
59379,test
36426,test
61221,test
23301,test
53209,test
55032,test
29218,test
43594,test
34371,test
40489,test
65990,test
41764,test
47922,test
32678,test
35240,test
5749,test
11091,test
22348,test
33981,test
57477,test
64184,test
57926,test
7203,test
69670,test
42635,test
68079,test
47073,test
16644,test
7128,test
15717,test
24785,test
55004,test
31090,test
50257,test
55794,test
17873,test
33254,test
37258,test
52117,test
28101,test
21607,test
4283,test
1824,test
51546,test
10396,test
51909,test
37746,test
54261,test
58070,test
64743,test
41715,test
21345,test
13948,test
54460,test
16499,test
1073,test
33228,test
12707,test
3190,test
22539,test
5355,test
70012,test
67037,test
53050,test
63024,test
34932,test
45131,test
67974,test
46760,test
52823,test
24374,test
3762,test
18187,test
816,test
12268,test
56858,test
54019,test
52356,test
40520,test
13414,test
18659,test
16322,test
24100,test
23964,test
8707,test
63199,test
61297,test
4540,test
50752,test
10616,test
11141,test
68911,test
47894,test
4029,test
62494,test
58568,test
60962,test
67698,test
11364,test
32304,test
26174,test
44789,test
42008,test
11586,test
25478,test
64793,test
61609,test
53037,test
62345,test
42920,test
68471,test
10509,test
5847,test
47053,test
66573,test
65075,test
38022,test
37585,test
44945,test
55713,test
46114,test
57195,test
13508,test
59876,test
62340,test
65377,test
7712,test
47909,test
3308,test
25186,test
63343,test
59128,test
65374,test
35401,test
31845,test
26141,test
37444,test
3576,test
24881,test
64802,test
12504,test
25124,test
65411,test
55316,test
57643,test
34637,test
49650,test
18281,test
46070,test
61188,test
25876,test
20071,test
60780,test
67650,test
19928,test
1561,test
51192,test
44438,test
67416,test
59591,test
17688,test
34422,test
58650,test
39784,test
10267,test
69393,test
31278,test
58943,test
35268,test
58022,test
30031,test
29192,test
30312,test
49570,test
26622,test
30569,test
28774,test
32851,test
41986,test
1552,test
8076,test
45213,test
19793,test
70371,test
69021,test
4033,test
44094,test
6348,test
33129,test
26096,test
14255,test
40244,test
67567,test
68654,test
37128,test
37378,test
3381,test
59778,test
29406,test
12157,test
7625,test
40479,test
34448,test
23511,test
66829,test
18191,test
48094,test
39294,test
20867,test
68323,test
31219,test
3025,test
34109,test
23365,test
44906,test
58119,test
7109,test
32021,test
49630,test
37420,test
57490,test
57526,test
10728,test
29473,test
52576,test
2834,test
32172,test
57296,test
42846,test
59924,test
61267,test
10966,test
36518,test
10360,test
1180,test
4719,test
6400,test
1939,test
64933,test
34279,test
67726,test
2975,test
36149,test
56606,test
20694,test
869,test
41060,test
2314,test
56545,test
58486,test
44712,test
28080,test
17537,test
39031,test
66152,test
59792,test
30280,test
16909,test
65179,test
58687,test
35308,test
18933,test
24941,test
28701,test
19697,test
37270,test
2253,test
1501,test
39897,test
1456,test
23682,test
56717,test
2459,test
23461,test
7492,test
30598,test
68454,test
34099,test
23856,test
62295,test
65772,test
15897,test
57466,test
48674,test
68094,test
23257,test
4367,test
27903,test
27451,test
36872,test
32024,test
4280,test
70103,test
5176,test
45364,test
18726,test
66409,test
33695,test
12358,test
20040,test
15176,test
25043,test
8987,test
47691,test
69835,test
46339,test
51423,test
5569,test
60110,test
40967,test
45958,test
2808,test
31833,test
44735,test
32198,test
18696,test
13658,test
4153,test
37490,test
19890,test
1356,test
45155,test
5426,test
9953,test
5007,test
29885,test
21816,test
61273,test
46351,test
49437,test
65115,test
62101,test
3825,test
70126,test
15276,test
15858,test
18611,test
18775,test
18272,test
4742,test
66360,test
1336,test
61750,test
6123,test
65645,test
32033,test
4641,test
61057,test
55680,test
42441,test
69715,test
24525,test
28137,test
26655,test
21937,test
12494,test
37771,test
64737,test
15314,test
61168,test
41897,test
8209,test
41359,test
26542,test
2841,test
26041,test
18741,test
37962,test
17985,test
23496,test
16804,test
41048,test
24807,test
67068,test
66731,test
64332,test
10409,test
49414,test
55025,test
17995,test
4275,test
11018,test
37774,test
33754,test
40056,test
69632,test
66839,test
48055,test
45493,test
29537,test
61426,test
5312,test
28168,test
40968,test
31750,test
34003,test
16065,test
58757,test
31588,test
22305,test
66432,test
48088,test
29592,test
38776,test
6058,test
13609,test
47956,test
26693,test
67391,test
51455,test
67748,test
5681,test
7543,test
63781,test
17157,test
25267,test
6931,test
42714,test
16884,test
42664,test
41707,test
36125,test
46673,test
56578,test
51868,test
833,test
69231,test
19922,test
27760,test
30275,test
54252,test
2777,test
31545,test
36484,test
44371,test
64845,test
21503,test
5566,test
31558,test
25023,test
49953,test
31996,test
5543,test
446,test
18090,test
41213,test
57334,test
12459,test
45321,test
68541,test
63467,test
53801,test
15255,test
20886,test
69516,test
65144,test
16877,test
51981,test
35878,test
66866,test
55740,test
5031,test
24382,test
24945,test
23619,test
51668,test
23078,test
24513,test
49917,test
38280,test
68230,test
63749,test
6556,test
7686,test
29487,test
52427,test
14893,test
69995,test
4067,test
15982,test
9259,test
46647,test
68361,test
16668,test
56767,test
57125,test
44087,test
20560,test
69925,test
2146,test
45701,test
35073,test
65310,test
32113,test
51145,test
29434,test
10906,test
6916,test
5185,test
42350,test
39943,test
56500,test
48583,test
45745,test
57915,test
66684,test
32165,test
52422,test
59281,test
54846,test
46919,test
62598,test
50759,test
48057,test
64837,test
68020,test
26487,test
16488,test
60888,test
45063,test
52058,test
13085,test
23885,test
12186,test
25305,test
69497,test
52317,test
3063,test
30702,test
20953,test
52354,test
40690,test
63886,test
26639,test
55522,test
63826,test
13712,test
9376,test
39169,test
49050,test
19106,test
52106,test
23431,test
16211,test
5159,test
47707,test
66921,test
47969,test
50705,test
29653,test
15271,test
35110,test
22775,test
67928,test
64563,test
10453,test
708,test
40162,test
8207,test
10580,test
54152,test
20178,test
45708,test
40369,test
56382,test
54430,test
48296,test
3150,test
65351,test
8978,test
33397,test
17448,test
25841,test
38573,test
25725,test
48157,test
34153,test
36030,test
33206,test
34660,test
41055,test
59519,test
49210,test
36026,test
32383,test
64917,test
61587,test
8834,test
8380,test
49071,test
45477,test
10927,test
55312,test
51290,test
20891,test
51872,test
28145,test
48792,test
14923,test
56097,test
16932,test
44471,test
47220,test
15867,test
59860,test
24328,test
12546,test
49136,test
40960,test
2523,test
20019,test
51231,test
46920,test
6578,test
17765,test
34331,test
46025,test
36172,test
54890,test
52037,test
7072,test
13311,test
42258,test
63814,test
43801,test
36521,test
38924,test
25483,test
69702,test
55301,test
36989,test
11629,test
69501,test
69754,test
43797,test
62632,test
67562,test
41737,test
31597,test
49015,test
50558,test
66383,test
37818,test
35149,test
3035,test
23696,test
5621,test
53555,test
19668,test
28513,test
13300,test
53031,test
2833,test
17197,test
31895,test
21577,test
21690,test
4946,test
1079,test
32437,test
38490,test
45596,test
64133,test
55326,test
31629,test
36944,test
68673,test
55762,test
63689,test
56328,test
9127,test
25560,test
3905,test
59867,test
62585,test
43592,test
19331,test
47428,test
30715,test
55790,test
61741,test
54132,test
51288,test
19478,test
5287,test
70439,test
16185,test
2763,test
32486,test
56710,test
62171,test
66733,test
43982,test
2892,test
68226,test
5811,test
52858,test
40807,test
33169,test
337,test
44361,test
7633,test
19112,test
53214,test
38347,test
16304,test
50438,test
45930,test
60683,test
59231,test
30070,test
17607,test
25916,test
70172,test
32812,test
45917,test
12718,test
38427,test
60427,test
8563,test
31128,test
52006,test
44682,test
33065,test
23555,test
38351,test
65426,test
57753,test
47121,test
65174,test
11220,test
28191,test
32430,test
33041,test
16700,test
27172,test
43999,test
39177,test
66149,test
38278,test
59998,test
23145,test
39484,test
37661,test
55678,test
14734,test
36256,test
44222,test
58945,test
12616,test
57810,test
37045,test
68114,test
66550,test
27848,test
53220,test
39976,test
70246,test
27382,test
35774,test
37428,test
51503,test
42049,test
3248,test
63975,test
31092,test
28014,test
7761,test
45845,test
21518,test
27273,test
60459,test
57639,test
12498,test
14786,test
60144,test
22852,test
25431,test
16422,test
52805,test
49974,test
2621,test
56626,test
43713,test
42646,test
3857,test
14339,test
8891,test
669,test
34245,test
42930,test
89,test
22459,test
70048,test
28995,test
49234,test
59786,test
64195,test
45650,test
31517,test
41365,test
63075,test
46633,test
34615,test
11378,test
52817,test
40003,test
47608,test
31699,test
26904,test
23086,test
18850,test
53737,test
53140,test
18980,test
36436,test
8784,test
67675,test
36162,test
19122,test
9865,test
5348,test
35827,test
1052,test
19980,test
28526,test
58177,test
9296,test
8619,test
5506,test
25277,test
14239,test
70304,test
39100,test
35731,test
25850,test
61370,test
19817,test
57314,test
42967,test
13422,test
32092,test
50977,test
53656,test
61430,test
34192,test
70309,test
55412,test
3884,test
64117,test
43136,test
48834,test
8618,test
44622,test
20966,test
30619,test
24457,test
46310,test
23727,test
63948,test
30288,test
54975,test
21569,test
65291,test
56797,test
43302,test
1221,test
22020,test
19936,test
57161,test
36198,test
62376,test
45767,test
29228,test
66062,test
57227,test
49482,test
61076,test
41469,test
52216,test
49724,test
43479,test
6536,test
55204,test
2183,test
28606,test
35439,test
43423,test
1524,test
26846,test
15826,test
65687,test
6378,test
55398,test
53079,test
14045,test
52261,test
63705,test
27927,test
31591,test
41679,test
57660,test
43881,test
59413,test
33539,test
58348,test
46217,test
51836,test
50538,test
36710,test
61453,test
26737,test
12944,test
25086,test
53350,test
24831,test
13645,test
63626,test
39798,test
6926,test
8705,test
39021,test
31674,test
23222,test
44159,test
50172,test
32865,test
63048,test
70148,test
29965,test
10067,test
63839,test
27629,test
22853,test
63472,test
36045,test
7412,test
22643,test
42222,test
8080,test
35930,test
14859,test
41073,test
32365,test
69906,test
24999,test
49243,test
63957,test
1790,test
35934,test
26951,test
27887,test
53155,test
33710,test
40290,test
16398,test
25507,test
33373,test
47099,test
20125,test
3530,test
21865,test
60043,test
4220,test
38261,test
18147,test
32189,test
66868,test
48276,test
47661,test
19306,test
60955,test
64920,test
22265,test
56496,test
5181,test
17603,test
11584,test
63274,test
68974,test
62071,test
17590,test
65539,test
61486,test
70236,test
43261,test
52779,test
44876,test
60422,test
42056,test
27383,test
48043,test
13946,test
22610,test
2860,test
57615,test
18876,test
27541,test
37143,test
59067,test
32345,test
9245,test
45498,test
66718,test
22322,test
3400,test
305,test
22131,test
70499,test
45781,test
7294,test
54143,test
53646,test
23839,test
69854,test
25986,test
14,test
28787,test
51215,test
2335,test
5792,test
29612,test
27923,test
68155,test
4787,test
17239,test
11339,test
8238,test
61286,test
7753,test
19065,test
21633,test
56790,test
59979,test
39081,test
65787,test
44878,test
67940,test
36142,test
61947,test
34882,test
5545,test
48831,test
66850,test
58713,test
29025,test
64445,test
60334,test
6834,test
7851,test
61586,test
67705,test
43160,test
57070,test
70137,test
36664,test
45591,test
48735,test
49383,test
70106,test
47552,test
59064,test
13258,test
29413,test
45841,test
10154,test
27358,test
52083,test
2542,test
29576,test
54702,test
54923,test
52372,test
26391,test
68784,test
4851,test
23905,test
23716,test
51249,test
45336,test
33098,test
24915,test
50638,test
30976,test
16506,test
61271,test
36610,test
30432,test
45518,test
9130,test
48598,test
21436,test
16615,test
19533,test
54770,test
2876,test
62079,test
1903,test
23881,test
37652,test
32814,test
1981,test
61476,test
33858,test
63924,test
33371,test
19933,test
9092,test
65217,test
10754,test
61520,test
62036,test
24874,test
48806,test
67704,test
33018,test
29045,test
63478,test
60267,test
12074,test
10896,test
67999,test
34947,test
34015,test
2158,test
12076,test
992,test
62278,test
16223,test
9062,test
39773,test
23824,test
65479,test
30383,test
54550,test
27640,test
68421,test
32087,test
35262,test
23459,test
55931,test
7183,test
15807,test
5227,test
40564,test
54624,test
58297,test
54956,test
31381,test
2977,test
60416,test
26412,test
11751,test
13480,test
1387,test
26636,test
37978,test
5593,test
47016,test
67197,test
22621,test
42652,test
3243,test
23515,test
41027,test
31897,test
62920,test
14166,test
789,test
36107,test
17050,test
54323,test
22373,test
61200,test
15296,test
54462,test
42077,test
7272,test
35513,test
62543,test
36520,test
9571,test
11269,test
68894,test
4935,test
52702,test
3480,test
25453,test
1094,test
11109,test
35187,test
19020,test
62359,test
66601,test
9702,test
40897,test
359,test
13380,test
25632,test
35484,test
26349,test
2436,test
53677,test
3327,test
24323,test
67022,test
36221,test
217,test
18447,test
47984,test
38264,test
36023,test
34717,test
7647,test
32044,test
52712,test
64980,test
53078,test
3702,test
54544,test
50104,test
12241,test
2637,test
24891,test
48447,test
9899,test
24803,test
62844,test
7877,test
45346,test
61963,test
16283,test
5737,test
15088,test
34175,test
8966,test
30364,test
21465,test
9738,test
1391,test
7113,test
7629,test
8509,test
16406,test
66716,test
20504,test
62746,test
30468,test
43490,test
49377,test
59584,test
49016,test
8541,test
19039,test
52297,test
29328,test
55934,test
61051,test
54947,test
35631,test
21588,test
8313,test
35542,test
33680,test
40995,test
49304,test
64755,test
36558,test
61356,test
16580,test
42685,test
44154,test
26346,test
28679,test
65045,test
41965,test
14508,test
51646,test
14546,test
65559,test
11986,test
8476,test
24872,test
16935,test
1919,test
42173,test
1195,test
67957,test
27852,test
2348,test
44052,test
59698,test
50307,test
43539,test
69553,test
31409,test
42860,test
17364,test
36199,test
7269,test
55624,test
28482,test
17041,test
6284,test
24008,test
17516,test
42844,test
17733,test
63338,test
57370,test
9548,test
63808,test
36726,test
12481,test
62030,test
44685,test
21160,test
48218,test
52066,test
53642,test
16151,test
31064,test
67646,test
22523,test
61360,test
43275,test
40438,test
19231,test
62602,test
46880,test
52774,test
65653,test
58794,test
68098,test
21298,test
14632,test
49961,test
7446,test
12729,test
23036,test
45128,test
1096,test
20568,test
20075,test
56332,test
39334,test
7611,test
18066,test
62083,test
20260,test
15626,test
704,test
32807,test
1723,test
7973,test
69398,test
4868,test
30119,test
6640,test
10764,test
45060,test
55764,test
22530,test
61500,test
23447,test
49550,test
13209,test
11556,test
54612,test
26872,test
30929,test
7591,test
36230,test
63120,test
24011,test
56543,test
44411,test
22634,test
5283,test
50599,test
62491,test
41656,test
58321,test
59183,test
60997,test
28318,test
8921,test
62456,test
469,test
3452,test
22704,test
8559,test
33107,test
48802,test
20003,test
40444,test
24769,test
26434,test
57934,test
53562,test
55619,test
7359,test
59161,test
34035,test
12164,test
21135,test
24575,test
61473,test
65161,test
58987,test
14824,test
58351,test
28148,test
37456,test
11775,test
22785,test
21285,test
28918,test
59047,test
34016,test
13199,test
25822,test
46204,test
32461,test
53265,test
12364,test
48079,test
6760,test
5237,test
39053,test
67566,test
59250,test
47237,test
33625,test
46389,test
7100,test
43341,test
2521,test
33246,test
10283,test
33201,test
23418,test
21090,test
54802,test
30985,test
23618,test
586,test
60255,test
48309,test
31026,test
63030,test
55946,test
2528,test
64930,test
61467,test
43850,test
1070,test
53428,test
44349,test
87,test
60097,test
34974,test
44599,test
10068,test
8723,test
57794,test
29013,test
9495,test
21565,test
8656,test
13403,test
49274,test
22513,test
16957,test
53432,test
18333,test
55173,test
40851,test
19955,test
64948,test
43570,test
22660,test
47961,test
32350,test
19408,test
59090,test
60548,test
5013,test
45405,test
52009,test
42895,test
55415,test
54291,test
39320,test
28246,test
47124,test
57235,test
27178,test
7423,test
18155,test
13065,test
6303,test
29278,test
27473,test
19257,test
45027,test
44254,test
20677,test
1345,test
49805,test
47915,test
9597,test
47817,test
12627,test
12603,test
4053,test
54077,test
48018,test
2885,test
9921,test
9498,test
45050,test
15449,test
39924,test
50094,test
13073,test
18749,test
41775,test
62580,test
28253,test
69616,test
44018,test
35303,test
17809,test
47572,test
6422,test
23780,test
7430,test
16270,test
58313,test
40925,test
62583,test
67779,test
36267,test
39567,test
14285,test
56521,test
32014,test
16197,test
34131,test
8595,test
25370,test
64572,test
9033,test
24320,test
57146,test
59795,test
16596,test
19073,test
17753,test
61071,test
39665,test
38299,test
35119,test
288,test
49345,test
33929,test
33104,test
43458,test
61676,test
55516,test
63960,test
33540,test
70311,test
40758,test
20797,test
51793,test
35052,test
34610,test
26869,test
30352,test
69273,test
12755,test
46745,test
67965,test
5719,test
19766,test
38880,test
25705,test
56562,test
36882,test
68681,test
57724,test
26545,test
37412,test
45940,test
1197,test
56261,test
43046,test
51203,test
62914,test
36586,test
42661,test
34580,test
8587,test
66800,test
64358,test
12031,test
40034,test
8742,test
16247,test
22205,test
60975,test
68332,test
2581,test
15442,test
9634,test
11905,test
9202,test
40283,test
49003,test
43003,test
51491,test
32440,test
16055,test
52546,test
24694,test
36280,test
68957,test
11823,test
44544,test
21965,test
10057,test
40061,test
46665,test
31971,test
38315,test
70240,test
27972,test
70496,test
2225,test
40448,test
15274,test
42096,test
25826,test
36983,test
4779,test
44143,test
61443,test
63733,test
68793,test
67098,test
6716,test
1156,test
37780,test
62588,test
35147,test
48270,test
1811,test
14128,test
46892,test
45626,test
31723,test
58836,test
24836,test
1615,test
45207,test
69275,test
2442,test
41792,test
31426,test
26657,test
55208,test
9667,test
39710,test
15330,test
64912,test
44863,test
66110,test
46629,test
50306,test
69252,test
19168,test
49714,test
29758,test
55132,test
60673,test
60747,test
9902,test
45599,test
55407,test
18643,test
55425,test
29997,test
33583,test
6733,test
62371,test
11678,test
13148,test
1005,test
55840,test
52326,test
7818,test
45262,test
17739,test
14416,test
69810,test
46549,test
50703,test
21146,test
25182,test
23754,test
6227,test
50880,test
19487,test
28823,test
55514,test
26894,test
14352,test
56297,test
68606,test
45540,test
56683,test
65544,test
31136,test
42632,test
31404,test
21464,test
6649,test
57220,test
35845,test
16770,test
313,test
58408,test
67686,test
30320,test
33263,test
1245,test
59934,test
34826,test
43299,test
38336,test
16717,test
31418,test
9975,test
24589,test
11464,test
14229,test
9271,test
50727,test
23120,test
31371,test
8883,test
26115,test
47797,test
3331,test
61410,test
70307,test
29444,test
52402,test
50734,test
12338,test
40493,test
9057,test
53984,test
2221,test
24986,test
4807,test
62852,test
40221,test
54135,test
61530,test
30833,test
52337,test
47686,test
59162,test
26207,test
22461,test
26668,test
54642,test
39194,test
9352,test
17819,test
55330,test
44800,test
12724,test
30435,test
27591,test
54117,test
4794,test
68300,test
37388,test
32742,test
50367,test
34320,test
12309,test
25888,test
20890,test
19066,test
64344,test
55324,test
7219,test
59861,test
64098,test
58784,test
17415,test
36088,test
37,test
67102,test
16771,test
42762,test
17888,test
55450,test
29113,test
37803,test
244,test
35060,test
17104,test
59821,test
40068,test
60621,test
20669,test
59728,test
33037,test
31466,test
59977,test
32494,test
60708,test
56419,test
25535,test
29722,test
50134,test
11152,test
22949,test
2427,test
32759,test
48685,test
21689,test
19097,test
69609,test
52890,test
68843,test
68716,test
48117,test
41509,test
62426,test
43165,test
11921,test
32768,test
16765,test
51639,test
14341,test
30553,test
27715,test
42695,test
70590,test
26913,test
30255,test
1303,test
11853,test
69046,test
14030,test
69028,test
28607,test
1215,test
2514,test
40459,test
62601,test
22463,test
65474,test
66535,test
53944,test
19992,test
32225,test
34418,test
36652,test
31898,test
51552,test
60083,test
33536,test
59836,test
35014,test
59238,test
66324,test
37981,test
22818,test
3241,test
106,test
37788,test
16227,test
2676,test
63479,test
64131,test
15152,test
64960,test
33441,test
60841,test
3143,test
32069,test
68576,test
15875,test
34920,test
38287,test
3871,test
40088,test
3545,test
18335,test
12130,test
40127,test
56955,test
3387,test
26547,test
61924,test
60772,test
8381,test
56529,test
21582,test
33884,test
64918,test
61711,test
41065,test
70503,test
63319,test
31496,test
62459,test
48149,test
27595,test
3653,test
27699,test
62678,test
8247,test
3336,test
56206,test
49531,test
9948,test
68815,test
57541,test
46229,test
62319,test
32343,test
47499,test
31271,test
67760,test
5829,test
70648,test
10643,test
16607,test
42116,test
51374,test
13463,test
18662,test
845,test
36846,test
34215,test
60112,test
57320,test
17473,test
63305,test
61080,test
7891,test
56963,test
44882,test
49920,test
65960,test
68594,test
24825,test
6604,test
24274,test
43449,test
39431,test
129,test
202,test
52532,test
36391,test
54192,test
65155,test
26019,test
8779,test
51410,test
2129,test
67914,test
13877,test
52287,test
18529,test
25531,test
19664,test
35756,test
12163,test
27721,test
5567,test
44717,test
2277,test
67493,test
57457,test
55216,test
25549,test
13598,test
47903,test
17860,test
63452,test
27485,test
69283,test
14903,test
23161,test
53794,test
64672,test
27306,test
70192,test
69308,test
22023,test
15913,test
68407,test
17115,test
70645,test
67444,test
53226,test
19853,test
20067,test
18932,test
34200,test
56112,test
14553,test
1547,test
42348,test
11716,test
6515,test
58535,test
49941,test
2404,test
64628,test
13881,test
25729,test
12105,test
42390,test
38361,test
22258,test
59587,test
4365,test
1255,test
32352,test
25029,test
4898,test
12638,test
16912,test
56166,test
1509,test
59968,test
69298,test
66728,test
900,test
46816,test
29293,test
57144,test
3280,test
31712,test
69707,test
17620,test
22215,test
5033,test
69645,test
31636,test
4852,test
69651,test
39450,test
66891,test
67576,test
63711,test
3298,test
45944,test
52438,test
65535,test
8778,test
402,test
66582,test
57261,test
28204,test
16142,test
35345,test
14152,test
26479,test
63408,test
11837,test
56218,test
3603,test
55126,test
29341,test
19531,test
16236,test
16533,test
7452,test
64841,test
19200,test
55170,test
23505,test
40385,test
5015,test
60982,test
22824,test
33763,test
15218,test
32105,test
5353,test
28878,test
39822,test
62565,test
15633,test
41630,test
10589,test
48639,test
40542,test
55270,test
60632,test
52439,test
22229,test
51641,test
46242,test
20044,test
60281,test
6625,test
42658,test
40273,test
60625,test
9517,test
41056,test
60649,test
30777,test
55217,test
41407,test
58970,test
29308,test
63491,test
29899,test
59354,test
19082,test
11342,test
13154,test
64513,test
38519,test
9261,test
19271,test
41730,test
46669,test
14242,test
4,test
52967,test
42403,test
21542,test
11178,test
7247,test
27386,test
10895,test
7710,test
30217,test
44777,test
53872,test
26598,test
66701,test
68734,test
6299,test
9926,test
6036,test
48098,test
42906,test
20373,test
9659,test
31621,test
48497,test
70677,test
42337,test
47651,test
36782,test
65049,test
35023,test
66671,test
70075,test
32644,test
9032,test
61849,test
46973,test
3519,test
49731,test
69569,test
15580,test
57410,test
35525,test
22664,test
59237,test
49638,test
46387,test
13761,test
26808,test
27175,test
55848,test
35434,test
63280,test
207,test
18533,test
4009,test
22568,test
43213,test
57635,test
12060,test
40146,test
41139,test
20200,test
1379,test
20655,test
8264,test
8162,test
5321,test
29529,test
5685,test
41547,test
12125,test
8119,test
41250,test
62289,test
10020,test
26779,test
56746,test
63196,test
26585,test
26814,test
37924,test
46444,test
67628,test
1409,test
4059,test
58819,test
16495,test
31871,test
35554,test
48694,test
18686,test
27245,test
54684,test
20555,test
4442,test
2691,test
20208,test
34638,test
29556,test
58559,test
47276,test
15624,test
51916,test
4976,test
49226,test
37251,test
30254,test
16627,test
56522,test
51735,test
37786,test
59661,test
35185,test
17923,test
47344,test
58671,test
70509,test
4191,test
15041,test
43420,test
21258,test
70527,test
23967,test
21540,test
26927,test
26895,test
37092,test
8867,test
2754,test
60274,test
6234,test
41813,test
24459,test
36182,test
53853,test
47353,test
9965,test
16194,test
54980,test
28078,test
36148,test
58164,test
15916,test
37808,test
59927,test
52713,test
64691,test
15819,test
57689,test
9260,test
47722,test
4598,test
61669,test
49945,test
40688,test
64825,test
8,test
23589,test
13861,test
6820,test
9317,test
29760,test
11206,test
66064,test
45296,test
57858,test
50176,test
59797,test
18847,test
57543,test
69484,test
64208,test
39809,test
45075,test
13048,test
28347,test
4177,test
67016,test
33023,test
3808,test
35130,test
32815,test
49317,test
54099,test
24514,test
56435,test
6098,test
39830,test
61577,test
23424,test
55816,test
31763,test
153,test
34969,test
43068,test
19569,test
7527,test
2242,test
27183,test
57749,test
32055,test
18046,test
63903,test
64413,test
7972,test
6355,test
1667,test
48799,test
41464,test
31463,test
35138,test
69040,test
20213,test
59037,test
21477,test
49376,test
25978,test
49474,test
54837,test
50370,test
62836,test
14107,test
31752,test
47663,test
10468,test
52886,test
16362,test
55379,test
20559,test
53186,test
5977,test
44379,test
62311,test
317,test
14490,test
3406,test
38998,test
51034,test
30156,test
34996,test
21506,test
2951,test
70095,test
38045,test
61034,test
23877,test
8878,test
31933,test
35399,test
60433,test
18580,test
33797,test
46715,test
35610,test
24683,test
59510,test
48646,test
56460,test
68913,test
28798,test
454,test
33632,test
26281,test
46858,test
10543,test
31465,test
36705,test
21158,test
39464,test
30593,test
16291,test
55191,test
47570,test
64594,test
59134,test
58104,test
64478,test
40737,test
5087,test
52401,test
65267,test
21490,test
69328,test
38839,test
58120,test
10097,test
12099,test
37466,test
9216,test
59223,test
35305,test
15724,test
18249,test
35010,test
69821,test
49860,test
19541,test
38825,test
28011,test
50588,test
46036,test
51806,test
39063,test
53038,test
58884,test
37479,test
66321,test
666,test
25289,test
63230,test
5651,test
21947,test
322,test
64293,test
20835,test
53360,test
52608,test
67152,test
32418,test
4228,test
4317,test
29826,test
20384,test
1863,test
12029,test
8691,test
53821,test
34924,test
24643,test
36554,test
43380,test
53198,test
36792,test
10675,test
69434,test
25258,test
49539,test
12092,test
38444,test
46803,test
27568,test
30101,test
58810,test
32120,test
70438,test
18362,test
61540,test
70436,test
60176,test
13894,test
69365,test
30671,test
21969,test
37171,test
33940,test
37882,test
25310,test
61735,test
41132,test
55654,test
22663,test
56445,test
68722,test
23957,test
48152,test
30009,test
42663,test
54593,test
1836,test
31397,test
19498,test
40644,test
52119,test
33685,test
55853,test
65748,test
21223,test
30290,test
46056,test
13853,test
20262,test
39301,test
54689,test
2776,test
23312,test
53153,test
56309,test
17612,test
33215,test
49362,test
55184,test
6395,test
15798,test
62249,test
30219,test
60287,test
22314,test
66948,test
61612,test
12345,test
13491,test
41782,test
60450,test
3402,test
36741,test
11275,test
14558,test
69652,test
16021,test
11743,test
44252,test
28130,test
42544,test
42365,test
49802,test
14939,test
48526,test
62789,test
70283,test
66103,test
70542,test
48227,test
69749,test
43924,test
35571,test
16882,test
38399,test
30840,test
15938,test
29169,test
3748,test
43071,test
56551,test
36090,test
19307,test
18291,test
13741,test
52768,test
62243,test
63042,test
69840,test
23284,test
3213,test
61291,test
20073,test
37884,test
55061,test
40658,test
69442,test
8885,test
5759,test
20904,test
6801,test
61505,test
42806,test
7900,test
23764,test
57779,test
66572,test
55787,test
50661,test
22072,test
109,test
47772,test
18450,test
47674,test
60090,test
9555,test
22232,test
5755,test
55454,test
18802,test
49225,test
64486,test
15752,test
53026,test
45252,test
181,test
66341,test
27838,test
63949,test
33051,test
25599,test
7052,test
62672,test
47366,test
65135,test
37146,test
44072,test
29935,test
36947,test
349,test
24776,test
63989,test
39364,test
18557,test
46266,test
46798,test
38618,test
13987,test
25081,test
52450,test
23316,test
20660,test
33556,test
58562,test
49336,test
62899,test
5000,test
10167,test
15636,test
12360,test
26960,test
20487,test
33156,test
18575,test
12095,test
49640,test
6615,test
32781,test
26194,test
45715,test
61331,test
34664,test
15294,test
57708,test
45604,test
30373,test
41911,test
54140,test
20492,test
61539,test
1711,test
22252,test
54008,test
67827,test
66651,test
24326,test
15965,test
34052,test
12337,test
55707,test
17777,test
27456,test
48375,test
68715,test
15751,test
4018,test
27567,test
39572,test
22457,test
49306,test
54076,test
69799,test
61388,test
68870,test
64959,test
5438,test
45220,test
31261,test
19001,test
17416,test
51644,test
5818,test
56180,test
19526,test
4450,test
41348,test
7007,test
35115,test
26095,test
19019,test
2981,test
23091,test
48580,test
57045,test
19927,test
41822,test
68325,test
2409,test
2284,test
40230,test
54694,test
20212,test
24335,test
23453,test
11076,test
11902,test
51600,test
9566,test
22790,test
5570,test
55886,test
52400,test
52181,test
43805,test
1531,test
39041,test
39451,test
19822,test
69692,test
63740,test
54500,test
34883,test
6023,test
27117,test
21495,test
30071,test
3921,test
54484,test
3574,test
46970,test
12974,test
45461,test
9085,test
36922,test
59644,test
14031,test
57947,test
66452,test
56302,test
45101,test
44370,test
52197,test
40343,test
54513,test
21554,test
24728,test
22627,test
57535,test
10363,test
8622,test
17165,test
51367,test
64772,test
16721,test
56237,test
20965,test
55359,test
25164,test
65060,test
15905,test
56194,test
9593,test
61380,test
60372,test
20882,test
62816,test
21632,test
15058,test
49432,test
4461,test
3348,test
22116,test
15179,test
59356,test
61338,test
54784,test
20176,test
11052,test
2560,test
46525,test
64151,test
52246,test
66841,test
58854,test
831,test
70435,test
68943,test
19153,test
31118,test
64029,test
33614,test
35981,test
8210,test
64405,test
61333,test
41084,test
45056,test
15923,test
33381,test
24334,test
49161,test
52757,test
35190,test
50568,test
49382,test
63611,test
22120,test
49546,test
53110,test
24700,test
16592,test
30614,test
55916,test
33175,test
55397,test
45172,test
28290,test
66723,test
68084,test
60198,test
24135,test
8403,test
32691,test
37346,test
47100,test
47668,test
52893,test
29691,test
14521,test
44660,test
8910,test
52235,test
9104,test
6542,test
27755,test
4558,test
54549,test
15460,test
22629,test
30993,test
51283,test
67044,test
22921,test
20601,test
39491,test
26327,test
62268,test
36954,test
46321,test
10556,test
3451,test
27450,test
12988,test
667,test
15010,test
25571,test
5264,test
43710,test
41771,test
13171,test
56109,test
35861,test
25101,test
26055,test
58901,test
25153,test
33225,test
28335,test
45868,test
33851,test
66168,test
47226,test
19871,test
64067,test
58381,test
58063,test
51458,test
63965,test
40771,test
3830,test
28739,test
29578,test
563,test
19219,test
14641,test
15092,test
59051,test
5314,test
68548,test
58122,test
26596,test
5026,test
4825,test
57482,test
62910,test
53123,test
64582,test
34467,test
70282,test
22156,test
51149,test
67249,test
39580,test
45203,test
7995,test
15542,test
21104,test
12733,test
21611,test
70177,test
2365,test
8174,test
31470,test
68890,test
12096,test
49527,test
27554,test
7198,test
51323,test
59365,test
35046,test
8179,test
37009,test
7556,test
13672,test
54661,test
41868,test
45785,test
60810,test
25582,test
64606,test
69725,test
11984,test
15726,test
19752,test
633,test
49544,test
13698,test
11553,test
62335,test
49575,test
48890,test
48713,test
47288,test
25849,test
39848,test
13386,test
26989,test
41197,test
10799,test
26483,test
61215,test
28285,test
6031,test
56351,test
48019,test
46949,test
21796,test
53156,test
53991,test
51363,test
35017,test
18973,test
35808,test
57918,test
69235,test
38494,test
61876,test
3684,test
66046,test
32444,test
32651,test
7301,test
57253,test
61238,test
24187,test
38928,test
66834,test
36068,test
10406,test
23475,test
13864,test
61227,test
39709,test
42375,test
35957,test
38211,test
19741,test
51268,test
47750,test
10051,test
9222,test
29509,test
55475,test
48788,test
34012,test
60007,test
10089,test
29721,test
53596,test
10893,test
69827,test
16299,test
31482,test
20169,test
23950,test
68709,test
16824,test
5585,test
6383,test
12970,test
3650,test
69698,test
7524,test
17326,test
12751,test
33411,test
53830,test
15020,test
21895,test
19682,test
31743,test
61295,test
55884,test
67712,test
1238,test
22482,test
64256,test
44646,test
45703,test
15272,test
54181,test
65037,test
14090,test
40015,test
67032,test
10807,test
22109,test
53249,test
31321,test
47688,test
19613,test
42324,test
139,test
65887,test
63690,test
23407,test
44146,test
14572,test
63158,test
59857,test
63538,test
61417,test
7822,test
61771,test
21453,test
22915,test
16540,test
54376,test
28697,test
65073,test
50594,test
36956,test
58596,test
26861,test
13246,test
15568,test
52921,test
20963,test
5668,test
53284,test
36742,test
64328,test
58459,test
40841,test
49218,test
31455,test
56581,test
69681,test
39512,test
39856,test
11488,test
19743,test
44938,test
66756,test
18692,test
27654,test
22887,test
17067,test
38605,test
19154,test
43862,test
20140,test
47575,test
50882,test
32752,test
44623,test
43784,test
24963,test
39527,test
66556,test
3355,test
56593,test
31474,test
62430,test
59279,test
35387,test
22581,test
44258,test
16268,test
7322,test
62277,test
48104,test
5735,test
24193,test
24778,test
65194,test
62175,test
15993,test
11813,test
18303,test
62080,test
10507,test
12967,test
26515,test
52226,test
27935,test
5813,test
65389,test
61946,test
11705,test
49672,test
1975,test
235,test
38734,test
38640,test
50031,test
23901,test
63947,test
17788,test
44287,test
57721,test
35282,test
22244,test
39209,test
10275,test
36144,test
56447,test
39750,test
20551,test
8218,test
32492,test
31772,test
17533,test
11000,test
34914,test
53473,test
439,test
16218,test
44037,test
45216,test
39947,test
46246,test
9047,test
7293,test
52989,test
19721,test
45422,test
63282,test
16698,test
28440,test
56202,test
11037,test
52982,test
34643,test
30884,test
27268,test
32792,test
10016,test
47280,test
52975,test
10259,test
25795,test
25870,test
32408,test
68271,test
33552,test
17196,test
13866,test
10755,test
7607,test
61610,test
21286,test
47565,test
67855,test
30208,test
68213,test
47708,test
47316,test
36272,test
500,test
59149,test
43335,test
58463,test
34350,test
7965,test
35217,test
65335,test
55329,test
17791,test
52379,test
24095,test
67264,test
34092,test
41812,test
53787,test
13161,test
39888,test
21806,test
24626,test
9081,test
58525,test
61828,test
39815,test
4304,test
34536,test
54012,test
13172,test
2415,test
30647,test
34782,test
56491,test
52388,test
17601,test
7164,test
63156,test
9749,test
33471,test
5688,test
39670,test
16577,test
47633,test
1264,test
6627,test
59936,test
29407,test
43285,test
32616,test
20199,test
1043,test
68704,test
41100,test
61357,test
638,test
50972,test
62538,test
8242,test
21262,test
61531,test
64406,test
13152,test
24968,test
22570,test
5316,test
69858,test
2154,test
5738,test
65246,test
31065,test
37548,test
63480,test
54242,test
49024,test
43095,test
17245,test
65830,test
62021,test
15660,test
59562,test
26926,test
61962,test
11533,test
17720,test
69210,test
62593,test
35342,test
68501,test
42886,test
43589,test
52530,test
62783,test
18148,test
18763,test
46335,test
4610,test
33774,test
18083,test
32952,test
61715,test
43718,test
17267,test
70139,test
68321,test
19718,test
20702,test
46906,test
61153,test
69201,test
44198,test
22797,test
57193,test
18391,test
28266,test
53696,test
28680,test
55309,test
63686,test
47258,test
59942,test
27211,test
53939,test
34842,test
54594,test
65747,test
54847,test
10439,test
68873,test
53390,test
10522,test
27828,test
65947,test
10284,test
22927,test
24085,test
4423,test
45943,test
65247,test
53898,test
49268,test
56153,test
31795,test
1510,test
37483,test
2140,test
42682,test
10677,test
5326,test
50912,test
11665,test
38304,test
60001,test
45648,test
58074,test
54495,test
17830,test
33219,test
11183,test
9778,test
37564,test
30588,test
21811,test
51508,test
27777,test
49592,test
40633,test
20335,test
1305,test
56454,test
61128,test
47294,test
49279,test
31250,test
28244,test
45835,test
16002,test
70401,test
68453,test
67437,test
16330,test
37225,test
68017,test
27907,test
35471,test
19528,test
1761,test
48778,test
31004,test
19644,test
2856,test
30581,test
33874,test
61526,test
55599,test
7986,test
29613,test
58280,test
20442,test
32109,test
33989,test
51900,test
11382,test
18117,test
34720,test
9290,test
13775,test
29009,test
47900,test
22861,test
34049,test
48460,test
12909,test
18547,test
2081,test
34405,test
12889,test
28677,test
57074,test
44681,test
7835,test
24903,test
27764,test
39477,test
18369,test
55195,test
10467,test
38340,test
61469,test
43769,test
38333,test
15885,test
1644,test
4572,test
53875,test
49810,test
6752,test
37077,test
48825,test
45988,test
28182,test
65697,test
41583,test
61524,test
1211,test
24009,test
57770,test
10015,test
32749,test
16035,test
15213,test
47873,test
58577,test
16952,test
20454,test
1607,test
19525,test
7897,test
38174,test
64161,test
3067,test
49556,test
24412,test
959,test
62694,test
21504,test
17988,test
39085,test
26701,test
25994,test
38706,test
53983,test
37528,test
56197,test
35931,test
8021,test
9761,test
55401,test
60700,test
22947,test
27552,test
56595,test
28193,test
10766,test
62265,test
40455,test
2910,test
42939,test
57588,test
61094,test
44636,test
51128,test
66947,test
50065,test
28136,test
53131,test
34975,test
14457,test
1263,test
16597,test
30416,test
56844,test
60645,test
25823,test
63753,test
58541,test
28035,test
57851,test
29971,test
2092,test
67930,test
50987,test
50277,test
50996,test
53709,test
22150,test
13153,test
70171,test
42840,test
35051,test
3699,test
31921,test
50557,test
58124,test
1312,test
30277,test
47269,test
22598,test
6041,test
53203,test
16705,test
44108,test
59180,test
3263,test
46491,test
17725,test
60576,test
70459,test
68690,test
45586,test
35988,test
17541,test
24487,test
20193,test
40140,test
27765,test
64813,test
55307,test
29950,test
41930,test
10518,test
1109,test
13891,test
9662,test
37032,test
28901,test
28028,test
36483,test
59127,test
55139,test
64295,test
27303,test
50001,test
54607,test
10059,test
27269,test
25550,test
33849,test
12747,test
55452,test
4422,test
14822,test
30557,test
28195,test
9753,test
65561,test
9142,test
30735,test
5178,test
3546,test
857,test
19135,test
64059,test
19353,test
5323,test
41611,test
3893,test
13534,test
21140,test
38641,test
1877,test
57084,test
48044,test
26818,test
45818,test
1375,test
26393,test
10034,test
25352,test
45025,test
1116,test
27327,test
56708,test
10382,test
46934,test
12704,test
29210,test
43140,test
48045,test
18426,test
3015,test
8554,test
32748,test
8572,test
63639,test
14755,test
44372,test
21103,test
70133,test
69889,test
54809,test
57432,test
29133,test
8001,test
32396,test
27802,test
13401,test
6136,test
50930,test
34939,test
8920,test
60348,test
67872,test
2326,test
18872,test
15998,test
43671,test
24604,test
19566,test
22793,test
45105,test
50988,test
67316,test
54334,test
57205,test
48926,test
10004,test
51264,test
16931,test
3061,test
5018,test
62433,test
70381,test
615,test
48303,test
3822,test
22978,test
39612,test
69276,test
43188,test
9497,test
40632,test
4390,test
28624,test
20189,test
17295,test
70528,test
2902,test
21985,test
47179,test
59369,test
52347,test
20194,test
13169,test
40383,test
11712,test
61642,test
48634,test
47627,test
48005,test
68070,test
55251,test
19477,test
11754,test
21259,test
28529,test
18310,test
39931,test
13378,test
15124,test
22553,test
37215,test
67170,test
59267,test
47003,test
51962,test
6612,test
46536,test
59738,test
25852,test
7313,test
58196,test
22754,test
4434,test
37727,test
64297,test
18597,test
61769,test
27855,test
5579,test
30711,test
44879,test
28908,test
46989,test
17154,test
34294,test
19572,test
2840,test
30687,test
28987,test
17084,test
38212,test
42654,test
36785,test
2883,test
3349,test
26224,test
31565,test
47832,test
63337,test
33777,test
64906,test
26099,test
70445,test
18497,test
49275,test
51054,test
16468,test
32054,test
35607,test
57335,test
48777,test
65750,test
24340,test
16972,test
58199,test
50615,test
56480,test
59351,test
1875,test
16899,test
68765,test
39767,test
51432,test
20111,test
18537,test
1923,test
43330,test
25569,test
30346,test
12866,test
42711,test
46176,test
46066,test
40366,test
32937,test
55567,test
1137,test
4410,test
42411,test
59764,test
60517,test
2353,test
9701,test
25227,test
9455,test
56139,test
65024,test
20321,test
61266,test
40274,test
3313,test
54904,test
11802,test
38584,test
33004,test
57465,test
23241,test
350,test
41370,test
61492,test
23484,test
45362,test
38602,test
17714,test
11350,test
39489,test
50133,test
55081,test
3728,test
25207,test
48091,test
43634,test
54566,test
12419,test
12355,test
44781,test
69775,test
3569,test
37576,test
25502,test
6260,test
47641,test
53975,test
63459,test
26934,test
70094,test
23455,test
23098,test
10469,test
57440,test
58156,test
34506,test
432,test
55845,test
49537,test
63724,test
28456,test
62981,test
60916,test
16413,test
8236,test
4491,test
21853,test
28104,test
561,test
33946,test
44141,test
17796,test
64264,test
29490,test
23243,test
18698,test
40377,test
49224,test
36270,test
13064,test
27,test
5171,test
5029,test
39504,test
45823,test
68965,test
11863,test
18688,test
65079,test
36217,test
18830,test
22040,test
43905,test
42347,test
17942,test
12795,test
60235,test
55968,test
31900,test
57148,test
3887,test
68227,test
54555,test
59454,test
18694,test
23347,test
32466,test
35793,test
5375,test
27077,test
8040,test
65195,test
58818,test
65000,test
18571,test
27114,test
18878,test
57379,test
62097,test
54322,test
24675,test
65985,test
21939,test
2076,test
10694,test
15586,test
35583,test
40206,test
32392,test
58628,test
17123,test
49608,test
50894,test
27296,test
58213,test
31675,test
14743,test
48895,test
3792,test
42105,test
58054,test
24718,test
3930,test
46431,test
37684,test
316,test
36302,test
11444,test
65600,test
43143,test
26259,test
4226,test
20320,test
65761,test
65816,test
53979,test
67505,test
6817,test
16789,test
47254,test
41876,test
42054,test
34873,test
4107,test
46396,test
17088,test
36801,test
39650,test
30212,test
29008,test
35136,test
4990,test
4492,test
21452,test
35524,test
70644,test
16006,test
45132,test
70053,test
51447,test
69146,test
55645,test
29749,test
34493,test
25066,test
23972,test
30845,test
30489,test
55675,test
49349,test
35732,test
58201,test
26342,test
41669,test
21177,test
22787,test
9323,test
4998,test
37285,test
65061,test
42268,test
37096,test
48128,test
29085,test
36365,test
64919,test
40106,test
9992,test
5638,test
68457,test
25177,test
15524,test
41061,test
52171,test
23411,test
60073,test
40800,test
13835,test
44130,test
45008,test
18099,test
14381,test
27644,test
32967,test
59626,test
20534,test
60712,test
18043,test
26698,test
27030,test
51730,test
9751,test
42017,test
58895,test
1996,test
42678,test
57976,test
13442,test
60430,test
23229,test
66376,test
61965,test
14639,test
25846,test
65093,test
67056,test
22841,test
36769,test
15245,test
57702,test
40882,test
2566,test
39716,test
67422,test
24921,test
32926,test
14500,test
2655,test
51188,test
26656,test
51590,test
55587,test
35922,test
62663,test
50014,test
60819,test
57474,test
57845,test
12001,test
19363,test
51143,test
23047,test
16145,test
20304,test
11409,test
62525,test
28098,test
15492,test
41919,test
31690,test
4655,test
14527,test
35645,test
38092,test
68854,test
41687,test
46719,test
49530,test
13142,test
18833,test
50816,test
69695,test
24088,test
29470,test
44070,test
9977,test
2912,test
66336,test
5019,test
37735,test
56308,test
37236,test
394,test
10421,test
57237,test
21010,test
63560,test
53358,test
48307,test
20911,test
3226,test
30496,test
25284,test
9981,test
59308,test
67837,test
55360,test
56349,test
28844,test
13812,test
39961,test
23023,test
38497,test
5960,test
40465,test
23056,test
22154,test
68065,test
5082,test
65665,test
51970,test
66097,test
47839,test
50347,test
67459,test
18610,test
65510,test
25730,test
65610,test
40286,test
35055,test
48738,test
23275,test
41608,test
60680,test
11682,test
63332,test
3390,test
64384,test
40245,test
5522,test
28818,test
49877,test
50153,test
48660,test
20426,test
57250,test
30369,test
25276,test
57820,test
10860,test
19035,test
9341,test
67136,test
43507,test
30161,test
67878,test
193,test
48014,test
41682,test
21069,test
54047,test
54149,test
7169,test
3682,test
3923,test
18642,test
43434,test
9046,test
55810,test
46054,test
5481,test
26729,test
59776,test
21945,test
40949,test
60439,test
16320,test
39900,test
12952,test
47292,test
9654,test
45755,test
67655,test
710,test
852,test
48875,test
52949,test
52212,test
63526,test
11526,test
12694,test
34239,test
57241,test
45662,test
44716,test
8200,test
55605,test
21614,test
29384,test
25996,test
37173,test
18877,test
56719,test
29669,test
47703,test
4842,test
16180,test
64970,test
62467,test
25871,test
51414,test
47780,test
50263,test
35186,test
29292,test
44621,test
45141,test
21521,test
965,test
33762,test
53124,test
12161,test
14979,test
42879,test
2466,test
19161,test
40084,test
67083,test
16199,test
57393,test
45041,test
62,test
320,test
3632,test
250,test
48704,test
37893,test
56246,test
50372,test
32720,test
29090,test
26774,test
44021,test
15157,test
24722,test
18182,test
63772,test
34236,test
69068,test
66957,test
17824,test
40315,test
856,test
62661,test
52880,test
35297,test
18170,test
69419,test
46355,test
63574,test
17575,test
29632,test
24090,test
4643,test
45734,test
16254,test
15775,test
6053,test
48579,test
11443,test
14224,test
44425,test
19605,test
25051,test
51387,test
41855,test
23745,test
64157,test
18900,test
14409,test
39456,test
58296,test
16120,test
36347,test
43793,test
1838,test
28582,test
40948,test
140,test
57414,test
13731,test
23752,test
23579,test
56088,test
7105,test
15961,test
28277,test
16704,test
1020,test
37136,test
57259,test
40868,test
50958,test
2898,test
40006,test
20576,test
58587,test
22440,test
35785,test
68511,test
63414,test
63518,test
15270,test
16981,test
20496,test
742,test
66405,test
29447,test
22945,test
745,test
53418,test
47152,test
2151,test
16610,test
12886,test
21358,test
70618,test
26355,test
48396,test
6417,test
1081,test
37100,test
41500,test
2976,test
64934,test
66887,test
45985,test
12250,test
31298,test
38248,test
66439,test
37958,test
43778,test
29710,test
56427,test
35437,test
5347,test
44895,test
33162,test
2755,test
25366,test
13050,test
26572,test
9890,test
45239,test
58561,test
10924,test
26147,test
69946,test
51742,test
26664,test
4674,test
126,test
2109,test
28350,test
19574,test
6811,test
43064,test
50017,test
55011,test
36069,test
46776,test
59152,test
43054,test
65207,test
7488,test
6887,test
12776,test
44813,test
66265,test
309,test
46191,test
15421,test
45800,test
19543,test
14410,test
45304,test
24791,test
67239,test
60939,test
58893,test
17562,test
63621,test
22341,test
38108,test
48522,test
34391,test
64733,test
23297,test
18836,test
56769,test
47256,test
46024,test
51751,test
63685,test
15089,test
57362,test
60475,test
30797,test
21809,test
60259,test
4364,test
14850,test
59837,test
2195,test
9849,test
29942,test
51654,test
61910,test
50292,test
20955,test
10366,test
66074,test
19031,test
20946,test
62554,test
37462,test
63514,test
13217,test
46017,test
31619,test
14424,test
30590,test
31032,test
40912,test
44628,test
2474,test
7385,test
69945,test
45657,test
40233,test
25324,test
631,test
53114,test
45505,test
40866,test
41479,test
42659,test
69534,test
32329,test
8674,test
6772,test
43744,test
22892,test
6126,test
48178,test
33189,test
36935,test
19724,test
68683,test
2315,test
33846,test
53300,test
61865,test
37932,test
54203,test
59021,test
15880,test
44931,test
3459,test
56334,test
55466,test
4659,test
45598,test
382,test
31919,test
27466,test
65494,test
10885,test
43436,test
59,test
64939,test
65436,test
37607,test
550,test
5393,test
46019,test
62401,test
17687,test
70564,test
25133,test
2788,test
20220,test
24251,test
35443,test
68122,test
65909,test
57977,test
27519,test
38846,test
22328,test
63027,test
60948,test
35823,test
42753,test
62509,test
70360,test
2540,test
66997,test
39119,test
47363,test
4681,test
9404,test
31784,test
10730,test
52876,test
3271,test
21846,test
69253,test
34757,test
43242,test
65739,test
10027,test
28834,test
36858,test
67340,test
13327,test
56939,test
38591,test
48684,test
33121,test
17464,test
26285,test
19458,test
18156,test
30704,test
24734,test
67979,test
21294,test
29729,test
24291,test
56292,test
967,test
50671,test
60244,test
34807,test
67497,test
51029,test
36674,test
56519,test
65679,test
33516,test
10011,test
23474,test
55119,test
23917,test
31062,test
53858,test
12700,test
16829,test
69802,test
61921,test
47402,test
69926,test
1386,test
20372,test
25004,test
4252,test
52307,test
27928,test
5614,test
41387,test
68601,test
21226,test
54042,test
29332,test
65241,test
55956,test
25093,test
53811,test
1000,test
60018,test
9536,test
43561,test
32602,test
11571,test
67300,test
65774,test
47297,test
32119,test
25666,test
61277,test
8384,test
44626,test
47754,test
92,test
29812,test
30389,test
46620,test
4683,test
54503,test
36755,test
8584,test
2275,test
16559,test
35890,test
11508,test
8402,test
13163,test
30304,test
14854,test
14997,test
55242,test
7495,test
53204,test
66597,test
68746,test
27066,test
16115,test
37465,test
53524,test
43994,test
54278,test
45465,test
61130,test
3755,test
41796,test
2383,test
69663,test
56511,test
35150,test
57147,test
41158,test
41087,test
28648,test
48617,test
27771,test
4985,test
27649,test
12968,test
60582,test
60861,test
53771,test
33715,test
69341,test
18733,test
67230,test
36164,test
63154,test
42986,test
28431,test
2636,test
15453,test
31913,test
68059,test
41347,test
52815,test
39010,test
3260,test
38929,test
51575,test
39980,test
46405,test
38217,test
30285,test
11776,test
29288,test
17458,test
26253,test
6907,test
51153,test
57906,test
48968,test
3116,test
47360,test
1074,test
41037,test
27238,test
62437,test
58050,test
54711,test
60893,test
38452,test
66604,test
68542,test
51940,test
60662,test
65417,test
70573,test
24119,test
24920,test
53291,test
33554,test
58745,test
46886,test
1807,test
64994,test
7299,test
57736,test
23684,test
43584,test
16737,test
33232,test
18832,test
33252,test
60692,test
67558,test
57221,test
5487,test
62393,test
12998,test
58372,test
47861,test
32142,test
29167,test
27932,test
34724,test
12645,test
5985,test
34895,test
142,test
69744,test
56113,test
53208,test
61192,test
43277,test
67195,test
64752,test
27748,test
1295,test
49811,test
463,test
68816,test
56932,test
17230,test
844,test
23213,test
54531,test
4124,test
769,test
7145,test
57020,test
61901,test
34067,test
12280,test
28543,test
13436,test
52127,test
57203,test
16085,test
12254,test
36929,test
25472,test
43340,test
38106,test
53635,test
27665,test
42409,test
48668,test
31811,test
23094,test
20355,test
64479,test
3561,test
67139,test
17174,test
1868,test
68656,test
59327,test
54461,test
17286,test
44042,test
12303,test
19909,test
34945,test
25546,test
11700,test
19184,test
22115,test
60992,test
56970,test
34343,test
29577,test
45416,test
18941,test
69185,test
70472,test
33832,test
68801,test
58865,test
68310,test
36064,test
2689,test
11377,test
54383,test
67281,test
62984,test
48664,test
48569,test
28885,test
58532,test
46303,test
18233,test
44654,test
23632,test
20175,test
28775,test
57127,test
58389,test
33988,test
14331,test
49329,test
67385,test
1611,test
33307,test
21303,test
25799,test
9315,test
31256,test
39851,test
53071,test
8137,test
3091,test
18918,test
50984,test
53008,test
37866,test
30802,test
51678,test
37201,test
57396,test
53541,test
5662,test
37970,test
63398,test
29892,test
14524,test
43243,test
1555,test
23626,test
36697,test
24444,test
5701,test
51789,test
1093,test
51356,test
19638,test
67175,test
59326,test
66287,test
48205,test
23867,test
37417,test
15942,test
49178,test
64403,test
33636,test
52353,test
49709,test
9194,test
33468,test
55842,test
9004,test
50424,test
23207,test
54775,test
53929,test
46844,test
26747,test
33308,test
54473,test
23954,test
41866,test
21592,test
37651,test
12100,test
9609,test
5420,test
29986,test
16176,test
37374,test
59498,test
11825,test
48362,test
47777,test
9527,test
28224,test
69430,test
26694,test
66980,test
59247,test
14238,test
41881,test
26454,test
66552,test
53841,test
6439,test
11603,test
31076,test
64781,test
27570,test
11867,test
46727,test
16436,test
67747,test
6007,test
4993,test
57897,test
23255,test
12172,test
39486,test
26148,test
54971,test
69278,test
15095,test
18491,test
21228,test
9409,test
40429,test
9141,test
12969,test
16636,test
34561,test
19077,test
39013,test
18732,test
21585,test
7496,test
3029,test
16073,test
68860,test
38195,test
55416,test
55897,test
44645,test
28485,test
7400,test
33262,test
25359,test
47141,test
66487,test
25470,test
37561,test
51664,test
42019,test
38312,test
33456,test
505,test
7663,test
10756,test
58930,test
17217,test
16637,test
1217,test
3044,test
30028,test
61882,test
13914,test
9961,test
67106,test
18330,test
28041,test
64610,test
20299,test
12762,test
63300,test
2119,test
46971,test
23893,test
50650,test
12905,test
37118,test
14290,test
40956,test
59572,test
43549,test
14316,test
14514,test
27442,test
49151,test
61518,test
17398,test
55531,test
54017,test
43184,test
13119,test
59301,test
10052,test
47172,test
31290,test
33181,test
15108,test
11399,test
50938,test
44603,test
36284,test
40419,test
22493,test
36923,test
37871,test
28652,test
42013,test
27655,test
46263,test
36343,test
53793,test
52935,test
35063,test
44947,test
54111,test
29623,test
43743,test
24035,test
16906,test
44788,test
59218,test
62622,test
36111,test
30444,test
37319,test
33292,test
58563,test
41606,test
52602,test
61751,test
42570,test
20351,test
19114,test
54970,test
61681,test
23576,test
35835,test
17155,test
37765,test
23320,test
7807,test
31054,test
42941,test
13478,test
42944,test
10456,test
38302,test
69444,test
39874,test
55252,test
18264,test
30439,test
54163,test
36016,test
33953,test
43540,test
27369,test
18037,test
652,test
42035,test
28827,test
21246,test
59052,test
5106,test
47742,test
8251,test
32485,test
49582,test
26511,test
65518,test
43493,test
15082,test
4488,test
36608,test
41675,test
41950,test
12227,test
17463,test
9438,test
54631,test
17768,test
45618,test
36895,test
28192,test
65966,test
1891,test
53290,test
44913,test
42187,test
4081,test
41157,test
58726,test
69795,test
42801,test
47107,test
45816,test
52641,test
61243,test
15622,test
31702,test
17031,test
68163,test
49682,test
18123,test
37798,test
46337,test
60574,test
10503,test
40181,test
47976,test
67313,test
49730,test
33690,test
68907,test
13410,test
58479,test
2744,test
22495,test
55327,test
56711,test
55697,test
4094,test
48413,test
33196,test
19675,test
22671,test
45322,test
38907,test
27565,test
36271,test
63773,test
32447,test
57573,test
1511,test
45509,test
59628,test
39530,test
7208,test
5499,test
32731,test
26390,test
70218,test
16967,test
17797,test
30199,test
18159,test
15814,test
24638,test
4349,test
29420,test
50112,test
6266,test
32077,test
6055,test
52486,test
41539,test
3765,test
49102,test
47343,test
19791,test
41590,test
9547,test
42637,test
15939,test
19468,test
15592,test
62321,test
57311,test
62168,test
664,test
48605,test
67690,test
19155,test
57113,test
58344,test
946,test
65249,test
56499,test
63121,test
2112,test
60058,test
32764,test
35821,test
28464,test
14550,test
16744,test
45017,test
44971,test
50409,test
1431,test
15443,test
61884,test
34888,test
39779,test
14714,test
10586,test
36723,test
34824,test
56310,test
34921,test
60453,test
13474,test
45191,test
45275,test
24098,test
61626,test
65628,test
24983,test
5776,test
16555,test
26804,test
23398,test
4835,test
53998,test
60306,test
54542,test
21411,test
21889,test
17740,test
59435,test
51769,test
17857,test
35400,test
12985,test
21583,test
40021,test
62315,test
1276,test
49253,test
57733,test
9784,test
2986,test
3105,test
24015,test
54139,test
57968,test
9729,test
55693,test
61104,test
24439,test
13823,test
25563,test
41696,test
40,test
19406,test
11139,test
46510,test
31927,test
18103,test
39592,test
59041,test
5113,test
40435,test
32605,test
68315,test
51462,test
20537,test
27710,test
51056,test
45161,test
27986,test
34274,test
48301,test
2049,test
14705,test
32376,test
28930,test
68146,test
23473,test
38690,test
10867,test
22336,test
16286,test
38385,test
54934,test
8464,test
62307,test
14275,test
10002,test
15022,test
23235,test
64060,test
48771,test
24296,test
67284,test
36704,test
16735,test
59425,test
20680,test
10113,test
11270,test
64520,test
35875,test
53090,test
70116,test
26711,test
31942,test
30269,test
15044,test
6341,test
66697,test
70428,test
8505,test
57752,test
21892,test
15297,test
8828,test
52519,test
16994,test
665,test
42417,test
28723,test
44229,test
67404,test
21368,test
11573,test
44651,test
27616,test
54968,test
57290,test
67026,test
41330,test
53496,test
47217,test
18320,test
44919,test
58927,test
5645,test
7201,test
70591,test
59116,test
11555,test
43047,test
19175,test
30,test
19688,test
39400,test
58601,test
49047,test
40701,test
58291,test
26219,test
49416,test
16407,test
61785,test
29848,test
49655,test
67813,test
35588,test
54234,test
32468,test
55980,test
23860,test
48393,test
36254,test
10206,test
70681,test
25302,test
69532,test
34586,test
17038,test
69993,test
34110,test
44061,test
7692,test
66165,test
16679,test
35738,test
61270,test
56217,test
70199,test
2823,test
62964,test
40996,test
57994,test
38939,test
52863,test
772,test
49887,test
31171,test
63750,test
31346,test
53434,test
28586,test
65724,test
58782,test
54991,test
8616,test
40382,test
24647,test
43017,test
58578,test
2370,test
40979,test
39376,test
53757,test
42855,test
13278,test
32035,test
28950,test
67499,test
31392,test
22788,test
6567,test
611,test
29775,test
54910,test
47756,test
39917,test
19172,test
58924,test
27448,test
19671,test
14440,test
59485,test
17062,test
26835,test
29303,test
67147,test
41882,test
66617,test
19669,test
33082,test
30544,test
13697,test
44929,test
21176,test
40044,test
40578,test
48369,test
35876,test
39722,test
49867,test
34703,test
26733,test
12183,test
23527,test
5413,test
14062,test
18439,test
4819,test
18672,test
1382,test
41078,test
37357,test
63549,test
61062,test
22929,test
63490,test
3262,test
27431,test
66706,test
35958,test
52364,test
4615,test
2559,test
23685,test
24964,test
16063,test
37748,test
49007,test
27915,test
47977,test
5041,test
19268,test
63917,test
11057,test
4230,test
40026,test
18817,test
69092,test
31388,test
6584,test
32813,test
21745,test
32402,test
57685,test
39148,test
64277,test
39577,test
31159,test
1765,test
55789,test
54984,test
4695,test
14368,test
3676,test
796,test
14520,test
2791,test
20406,test
45406,test
70623,test
28226,test
30746,test
60330,test
49238,test
17606,test
27963,test
12924,test
68610,test
21020,test
58511,test
51413,test
36581,test
44320,test
19908,test
64669,test
37461,test
21791,test
52160,test
1878,test
28502,test
31883,test
9490,test
3478,test
8915,test
51718,test
11479,test
52030,test
7652,test
28755,test
20421,test
8254,test
67529,test
37806,test
21426,test
1024,test
69585,test
46850,test
49601,test
3437,test
24212,test
29573,test
61085,test
40634,test
3941,test
31682,test
34803,test
5304,test
59295,test
51834,test
53652,test
65460,test
44668,test
43897,test
57986,test
58005,test
10614,test
54839,test
49256,test
35841,test
31918,test
59236,test
59386,test
31024,test
18055,test
4385,test
55981,test
51307,test
16070,test
17216,test
466,test
18591,test
31930,test
18989,test
24490,test
29417,test
2085,test
19244,test
18398,test
50525,test
53137,test
2432,test
62404,test
37038,test
40704,test
30060,test
241,test
13886,test
16894,test
16187,test
65979,test
16111,test
25834,test
28082,test
37864,test
64138,test
61982,test
42230,test
64064,test
40651,test
70369,test
10346,test
19905,test
23449,test
69614,test
4677,test
28365,test
70687,test
58853,test
52367,test
52315,test
20243,test
15902,test
21470,test
62308,test
31180,test
68214,test
15983,test
1029,test
14493,test
37921,test
47437,test
60296,test
57492,test
65381,test
44915,test
19511,test
1964,test
19579,test
16518,test
68570,test
59908,test
4592,test
42435,test
63882,test
68291,test
50313,test
13341,test
49989,test
18747,test
43505,test
52525,test
42608,test
18544,test
5092,test
40845,test
52035,test
58653,test
13967,test
26398,test
26709,test
7375,test
28759,test
17749,test
48251,test
55643,test
5145,test
6949,test
31932,test
62230,test
64034,test
41013,test
17546,test
6766,test
56002,test
70317,test
29754,test
52907,test
44779,test
57658,test
34881,test
11628,test
58353,test
4308,test
52597,test
50445,test
39738,test
46504,test
53585,test
34033,test
3066,test
51322,test
30897,test
43927,test
17495,test
19709,test
12181,test
16628,test
52190,test
23705,test
65549,test
61803,test
32771,test
3385,test
52913,test
31025,test
11271,test
40580,test
60738,test
11248,test
1010,test
54079,test
24882,test
31088,test
30788,test
61950,test
53645,test
23518,test
512,test
65041,test
3056,test
42628,test
18433,test
38446,test
49609,test
43033,test
242,test
3971,test
40271,test
40462,test
4036,test
21757,test
1553,test
39272,test
15712,test
70096,test
29193,test
8946,test
29554,test
10953,test
60005,test
323,test
14335,test
58946,test
47950,test
42438,test
42234,test
35941,test
28334,test
70182,test
6050,test
59849,test
27230,test
40480,test
33521,test
58727,test
62558,test
66978,test
29462,test
37119,test
18709,test
62846,test
65329,test
62400,test
37157,test
63207,test
48261,test
69326,test
30053,test
23962,test
49092,test
66385,test
67153,test
27317,test
3380,test
55566,test
55439,test
6512,test
48985,test
14100,test
15102,test
51139,test
54109,test
27426,test
51041,test
43725,test
13885,test
13616,test
5663,test
51147,test
6762,test
33038,test
1931,test
67143,test
58058,test
6316,test
10272,test
31440,test
10028,test
13143,test
53532,test
44525,test
29148,test
33852,test
45086,test
70285,test
59458,test
54210,test
30930,test
18175,test
40529,test
34756,test
68064,test
15470,test
49798,test
42196,test
68063,test
16511,test
69679,test
60704,test
11675,test
51991,test
24724,test
35440,test
272,test
26997,test
55596,test
26987,test
13211,test
11641,test
35794,test
7886,test
48326,test
64317,test
45545,test
27099,test
1781,test
41678,test
1026,test
49081,test
3282,test
26689,test
8602,test
13340,test
9838,test
12295,test
51686,test
11947,test
25191,test
41439,test
45752,test
57899,test
64081,test
31103,test
33283,test
41744,test
2959,test
29998,test
5225,test
44029,test
42792,test
28573,test
65925,test
60553,test
58019,test
42684,test
7829,test
1085,test
3609,test
11583,test
2173,test
21171,test
49557,test
61341,test
59140,test
7131,test
43131,test
69980,test
66705,test
6735,test
56107,test
17269,test
25643,test
63317,test
33398,test
62272,test
22043,test
15165,test
49904,test
48431,test
51489,test
11318,test
47862,test
66813,test
14736,test
21363,test
8998,test
47729,test
29141,test
30916,test
38162,test
26933,test
49998,test
11632,test
31134,test
245,test
62040,test
30089,test
18251,test
31438,test
13544,test
40708,test
5073,test
9586,test
20589,test
64093,test
16847,test
69355,test
36495,test
1768,test
63928,test
22591,test
66195,test
5945,test
66465,test
34622,test
14974,test
1088,test
53386,test
49209,test
52556,test
44446,test
31826,test
49532,test
24550,test
24022,test
60954,test
33428,test
41954,test
58917,test
50167,test
1092,test
62011,test
51370,test
64804,test
44729,test
29660,test
10721,test
6545,test
38595,test
54900,test
8782,test
7806,test
189,test
9929,test
38117,test
60896,test
68036,test
44618,test
49340,test
4384,test
50725,test
67261,test
8382,test
29507,test
38137,test
64503,test
4517,test
24636,test
69631,test
29385,test
56190,test
37011,test
55290,test
46313,test
40329,test
57051,test
67019,test
16174,test
53331,test
46818,test
11401,test
16357,test
14456,test
7895,test
36876,test
51437,test
39695,test
53947,test
43361,test
28045,test
16435,test
35179,test
21531,test
25698,test
10082,test
47910,test
25858,test
31614,test
10386,test
48724,test
59984,test
2270,test
38281,test
19428,test
8062,test
11815,test
26213,test
63134,test
58311,test
10982,test
8521,test
66545,test
39137,test
26492,test
48804,test
26963,test
6496,test
66674,test
14740,test
22800,test
62596,test
66347,test
18452,test
35700,test
12325,test
21398,test
6250,test
48607,test
68842,test
61601,test
24581,test
63793,test
67612,test
16661,test
49552,test
18478,test
45331,test
16841,test
8684,test
62759,test
62973,test
58773,test
8152,test
68719,test
13706,test
26257,test
69874,test
4439,test
23844,test
39135,test
35530,test
62233,test
34865,test
12206,test
5984,test
434,test
31073,test
51912,test
65266,test
12465,test
42988,test
60998,test
57247,test
43719,test
35775,test
52500,test
68202,test
2664,test
48721,test
45873,test
39668,test
3568,test
4019,test
16134,test
1134,test
20610,test
5657,test
21551,test
3337,test
5362,test
27436,test
65992,test
16184,test
929,test
69035,test
41854,test
60233,test
51184,test
1579,test
37777,test
69498,test
42627,test
54687,test
44675,test
2983,test
2710,test
39122,test
69900,test
36389,test
58266,test
24551,test
47511,test
27410,test
19450,test
68367,test
52725,test
24755,test
9167,test
44170,test
6852,test
53476,test
43262,test
17198,test
45081,test
34696,test
18049,test
51390,test
6639,test
59662,test
56505,test
22980,test
20306,test
22569,test
19329,test
31337,test
21736,test
4484,test
50920,test
19612,test
40971,test
8945,test
31790,test
30931,test
39818,test
8106,test
49424,test
43620,test
67200,test
22005,test
3860,test
66427,test
38873,test
7617,test
54512,test
25591,test
39885,test
65040,test
27648,test
28967,test
70393,test
57554,test
26822,test
2296,test
7325,test
13116,test
3793,test
60991,test
1984,test
63554,test
11186,test
6111,test
32944,test
27177,test
31292,test
68010,test
65959,test
10622,test
54713,test
64630,test
19862,test
11360,test
61569,test
26038,test
27161,test
62690,test
8876,test
53485,test
7339,test
27583,test
14916,test
47377,test
21192,test
32524,test
12025,test
47505,test
6702,test
27150,test
19889,test
1104,test
10973,test
26678,test
7786,test
5633,test
61622,test
20606,test
19686,test
24373,test
20059,test
40893,test
21283,test
12056,test
38883,test
16583,test
59353,test
36967,test
13306,test
14998,test
58953,test
60178,test
16500,test
7216,test
31111,test
43585,test
5279,test
55684,test
11040,test
62761,test
14966,test
33287,test
46595,test
9322,test
31320,test
63174,test
19515,test
11107,test
65589,test
23259,test
59863,test
33838,test
43491,test
45098,test
39308,test
68958,test
20715,test
42387,test
20943,test
60195,test
39187,test
32610,test
14803,test
36213,test
16355,test
4568,test
7379,test
28694,test
15126,test
7050,test
43763,test
16423,test
16491,test
32058,test
56406,test
70598,test
54428,test
66480,test
53814,test
60075,test
8523,test
33115,test
33314,test
46232,test
64510,test
65177,test
27235,test
47829,test
10251,test
33425,test
40254,test
68928,test
8085,test
70546,test
44997,test
26828,test
63586,test
3513,test
46737,test
49799,test
3012,test
33231,test
33755,test
49817,test
63829,test
39892,test
17845,test
8435,test
27890,test
67017,test
64921,test
27212,test
69090,test
12667,test
11930,test
16047,test
54938,test
55638,test
30681,test
63475,test
37632,test
11862,test
31987,test
64827,test
16634,test
67849,test
27350,test
63352,test
5800,test
46156,test
26704,test
40735,test
19475,test
43806,test
1099,test
67242,test
36657,test
33865,test
14501,test
11539,test
69324,test
40660,test
22297,test
54526,test
28974,test
98,test
10197,test
35302,test
9258,test
20218,test
30684,test
12765,test
26610,test
11551,test
23892,test
12180,test
66840,test
24349,test
8250,test
19695,test
18118,test
37435,test
51113,test
59229,test
19381,test
33742,test
41422,test
56609,test
18931,test
60369,test
49526,test
17362,test
25575,test
29943,test
37516,test
35720,test
7318,test
47625,test
10322,test
68822,test
53162,test
41699,test
34270,test
55453,test
39465,test
37203,test
56879,test
50090,test
21315,test
10951,test
61411,test
68657,test
718,test
5271,test
70335,test
42971,test
67417,test
60234,test
2599,test
47146,test
30123,test
37615,test
30521,test
15840,test
69391,test
19898,test
33502,test
11136,test
348,test
30045,test
19932,test
47714,test
38344,test
64555,test
42449,test
603,test
42095,test
18199,test
70265,test
68694,test
43336,test
70422,test
48237,test
13667,test
49044,test
32844,test
12197,test
68423,test
46741,test
30155,test
8531,test
70160,test
63794,test
41657,test
49910,test
20388,test
12134,test
32673,test
61926,test
26630,test
69318,test
37052,test
2928,test
46012,test
16425,test
25073,test
308,test
50197,test
58909,test
31013,test
53088,test
31498,test
36684,test
59868,test
27617,test
47138,test
47747,test
50127,test
53194,test
2150,test
23583,test
61014,test
4682,test
58370,test
22143,test
43836,test
66810,test
52550,test
3759,test
28815,test
18938,test
60388,test
32353,test
64482,test
3469,test
55001,test
31623,test
19516,test
57400,test
25521,test
24144,test
6858,test
55881,test
69020,test
43208,test
64932,test
62791,test
6969,test
3876,test
21684,test
41243,test
17840,test
8233,test
61325,test
60260,test
64652,test
41028,test
46430,test
43120,test
33634,test
16095,test
41511,test
49844,test
10080,test
31166,test
27443,test
17332,test
42931,test
8440,test
15368,test
21858,test
65106,test
34567,test
43644,test
64350,test
11706,test
12335,test
46384,test
28151,test
15773,test
37473,test
41614,test
23189,test
31673,test
9243,test
19497,test
1041,test
8267,test
1708,test
49496,test
59418,test
29399,test
62614,test
5357,test
70427,test
4841,test
47525,test
32161,test
1569,test
50788,test
15219,test
28660,test
26489,test
41071,test
27112,test
52718,test
7408,test
58588,test
36467,test
51712,test
34010,test
10780,test
27221,test
12624,test
60300,test
55733,test
7531,test
23445,test
33309,test
55405,test
47050,test
5250,test
51347,test
21556,test
16379,test
1687,test
12586,test
39106,test
23290,test
22466,test
64363,test
61229,test
40155,test
6374,test
43438,test
66071,test
15609,test
32853,test
61999,test
6181,test
56693,test
2939,test
65074,test
51605,test
62138,test
29165,test
25488,test
49694,test
27204,test
30774,test
33325,test
47039,test
1651,test
38391,test
10431,test
36462,test
5842,test
67061,test
67158,test
47546,test
62322,test
47192,test
50011,test
55631,test
61810,test
17099,test
53387,test
63412,test
48918,test
12132,test
19251,test
53557,test
43265,test
46287,test
3849,test
15018,test
62263,test
50818,test
68237,test
13114,test
53587,test
59791,test
11596,test
8668,test
45605,test
15374,test
62337,test
20203,test
46083,test
1740,test
22903,test
51088,test
1007,test
15715,test
65640,test
37207,test
804,test
37485,test
36317,test
33186,test
45444,test
15557,test
39624,test
35350,test
24639,test
43803,test
11592,test
1686,test
26081,test
70252,test
25412,test
35135,test
57305,test
50646,test
66904,test
37770,test
13808,test
42884,test
36970,test
1453,test
43587,test
58715,test
29225,test
13370,test
54715,test
66784,test
56175,test
4789,test
37044,test
4762,test
6955,test
41403,test
35608,test
65213,test
21669,test
35627,test
40623,test
48766,test
2646,test
39074,test
67852,test
50056,test
11033,test
40039,test
21887,test
13180,test
69329,test
29682,test
40341,test
1059,test
538,test
12375,test
63745,test
7898,test
28434,test
38757,test
23110,test
43701,test
57882,test
58570,test
24708,test
35923,test
44801,test
35618,test
47109,test
2922,test
59406,test
39539,test
27020,test
20713,test
61100,test
19672,test
50182,test
67141,test
18623,test
26020,test
40793,test
36161,test
70685,test
52786,test
28218,test
43888,test
31700,test
41130,test
61348,test
54961,test
59830,test
51930,test
42259,test
49116,test
62886,test
24969,test
64589,test
922,test
26153,test
14425,test
68636,test
54187,test
67986,test
54303,test
15380,test
35860,test
17220,test
48387,test
69563,test
11228,test
11189,test
26984,test
16447,test
54534,test
13647,test
61712,test
4934,test
18213,test
54138,test
41217,test
58394,test
608,test
45091,test
65499,test
54311,test
57649,test
23184,test
34189,test
22974,test
41624,test
48206,test
50163,test
45187,test
30467,test
20288,test
29679,test
68087,test
67134,test
29363,test
47395,test
53144,test
20634,test
12245,test
43445,test
61244,test
34308,test
27859,test
62423,test
69626,test
15531,test
10957,test
61293,test
27791,test
29194,test
62317,test
42279,test
30386,test
44424,test
54960,test
37368,test
18167,test
39918,test
19045,test
52275,test
36550,test
59744,test
64266,test
44503,test
28093,test
43470,test
22968,test
8481,test
2633,test
50282,test
53755,test
62850,test
26343,test
64103,test
58239,test
63433,test
53070,test
26972,test
50914,test
10427,test
17922,test
17651,test
30327,test
59186,test
12238,test
35465,test
7631,test
54654,test
19866,test
42611,test
50586,test
9111,test
34408,test
12055,test
35811,test
66302,test
43861,test
62997,test
39785,test
56575,test
34884,test
30680,test
31638,test
34224,test
55717,test
54458,test
13876,test
66959,test
49635,test
8035,test
49627,test
53108,test
54407,test
59634,test
22876,test
67699,test
48892,test
2328,test
23899,test
48374,test
32477,test
21331,test
16961,test
54959,test
65751,test
63163,test
46933,test
46910,test
45968,test
54416,test
37475,test
30041,test
62919,test
3427,test
16983,test
6528,test
44429,test
4199,test
51265,test
22498,test
15209,test
44125,test
7102,test
13928,test
1627,test
27493,test
69418,test
42002,test
28727,test
22763,test
41636,test
22317,test
64068,test
22659,test
25149,test
61933,test
65963,test
57212,test
2086,test
41662,test
12497,test
6991,test
11771,test
3578,test
15793,test
32344,test
51079,test
19825,test
14328,test
16622,test
52468,test
10412,test
29764,test
60307,test
38256,test
67462,test
35844,test
16830,test
66129,test
47529,test
34403,test
56475,test
9070,test
36560,test
52787,test
20249,test
2727,test
384,test
43629,test
55156,test
41610,test
68906,test
9894,test
66304,test
51236,test
18089,test
60818,test
28689,test
68635,test
25931,test
63318,test
34589,test
29911,test
17413,test
20069,test
10667,test
69428,test
15099,test
41146,test
38402,test
53466,test
20181,test
43432,test
35406,test
34644,test
61911,test
27943,test
43563,test
26692,test
12366,test
55209,test
60474,test
22736,test
60498,test
67157,test
4084,test
60451,test
37114,test
68769,test
62015,test
62994,test
58740,test
14309,test
49070,test
32717,test
28745,test
16888,test
39407,test
47914,test
39463,test
66091,test
1539,test
3913,test
11767,test
15678,test
15805,test
28072,test
55557,test
45748,test
9670,test
34169,test
14582,test
5909,test
11809,test
30039,test
56902,test
35939,test
60563,test
24679,test
62819,test
60642,test
23118,test
63585,test
25769,test
42526,test
61449,test
69637,test
43720,test
2766,test
16287,test
14345,test
35328,test
8815,test
13540,test
37291,test
20230,test
69207,test
27645,test
53607,test
48400,test
1082,test
56966,test
41860,test
31893,test
4950,test
57437,test
16327,test
64984,test
12080,test
55679,test
22558,test
45159,test
63416,test
20501,test
65098,test
33727,test
58083,test
61258,test
40014,test
53187,test
2042,test
28562,test
48538,test
25982,test
15202,test
64968,test
7373,test
47116,test
62515,test
21808,test
8544,test
17381,test
53199,test
3972,test
67730,test
25512,test
41742,test
39598,test
19929,test
56833,test
49708,test
13714,test
50648,test
66381,test
35349,test
45042,test
4031,test
50609,test
62357,test
70062,test
40218,test
37103,test
39940,test
28735,test
40161,test
41602,test
13814,test
28711,test
19006,test
49248,test
17673,test
59339,test
6196,test
63242,test
25179,test
25711,test
38718,test
33684,test
30879,test
42176,test
39688,test
50587,test
19399,test
60924,test
62412,test
67162,test
16234,test
26680,test
38760,test
33675,test
17285,test
55448,test
1600,test
45684,test
53727,test
70669,test
63677,test
58455,test
59537,test
57142,test
9647,test
27279,test
40536,test
43693,test
23656,test
34118,test
3215,test
14564,test
47601,test
60946,test
20387,test
50391,test
18843,test
55753,test
8183,test
50563,test
52128,test
19216,test
63477,test
32367,test
12794,test
24062,test
40890,test
61161,test
33166,test
49260,test
43166,test
6686,test
59753,test
37887,test
21627,test
66553,test
57097,test
53566,test
39532,test
52552,test
61408,test
31679,test
11762,test
21868,test
63152,test
58403,test
9161,test
46907,test
11214,test
8965,test
46568,test
539,test
52240,test
2342,test
56057,test
63341,test
53725,test
18128,test
30838,test
19834,test
57568,test
27389,test
2058,test
24586,test
44191,test
50419,test
40492,test
42796,test
16562,test
49529,test
63638,test
32646,test
46991,test
22310,test
2430,test
18075,test
53750,test
70552,test
56650,test
7725,test
16535,test
9959,test
3987,test
49297,test
48746,test
16248,test
28650,test
29894,test
31991,test
13456,test
65258,test
56572,test
20649,test
21899,test
19037,test
5124,test
27971,test
68692,test
8518,test
65353,test
38711,test
67299,test
35178,test
31182,test
58644,test
59958,test
55096,test
58060,test
400,test
4470,test
68933,test
2942,test
60030,test
13167,test
23028,test
27506,test
61835,test
37900,test
29708,test
51350,test
17477,test
41655,test
28503,test
68653,test
25319,test
11034,test
69421,test
52349,test
32854,test
23992,test
15261,test
29255,test
63678,test
21584,test
8760,test
54779,test
60390,test
68362,test
52447,test
17284,test
33508,test
60519,test
41723,test
55953,test
65726,test
40502,test
51560,test
53268,test
65462,test
37398,test
65148,test
32063,test
38821,test
60387,test
39064,test
63251,test
46868,test
31279,test
54272,test
14225,test
7271,test
29945,test
21230,test
29416,test
26133,test
4995,test
38625,test
60736,test
33520,test
8444,test
56780,test
53514,test
56248,test
63759,test
5076,test
19279,test
17496,test
8614,test
43105,test
29866,test
27574,test
69494,test
3565,test
7834,test
12119,test
32632,test
10204,test
15755,test
37546,test
47265,test
51101,test
69215,test
61242,test
53708,test
51378,test
38455,test
7671,test
50446,test
15735,test
38178,test
52970,test
58515,test
9562,test
15771,test
11482,test
31405,test
37559,test
43598,test
7530,test
13439,test
23529,test
17063,test
42724,test
10371,test
41530,test
56937,test
61790,test
67100,test
3733,test
24998,test
4524,test
32906,test
31544,test
6300,test
12,test
60993,test
70205,test
48905,test
33158,test
51404,test
41451,test
20049,test
12832,test
28437,test
68430,test
29159,test
23562,test
6704,test
60889,test
38185,test
38933,test
55362,test
56080,test
66576,test
40873,test
58282,test
58087,test
32511,test
40539,test
19777,test
42162,test
21474,test
67514,test
45313,test
69755,test
34346,test
46682,test
11292,test
13742,test
68754,test
26132,test
69738,test
53716,test
63020,test
68747,test
25717,test
47154,test
48192,test
16910,test
1822,test
1337,test
41187,test
13983,test
36421,test
48981,test
59888,test
28968,test
68735,test
62201,test
4082,test
4876,test
43762,test
37094,test
52998,test
8785,test
20699,test
31602,test
32832,test
59114,test
27375,test
27256,test
38649,test
18129,test
63746,test
7418,test
35020,test
6157,test
24540,test
49053,test
43011,test
11405,test
64705,test
62687,test
32757,test
46938,test
50319,test
64894,test
39964,test
10401,test
53247,test
60384,test
7279,test
38611,test
38683,test
24933,test
13789,test
50266,test
67091,test
63136,test
51923,test
60295,test
33637,test
52691,test
20055,test
69354,test
55993,test
28348,test
28071,test
10264,test
57351,test
5320,test
12814,test
14618,test
16694,test
59532,test
8706,test
62992,test
39410,test
29640,test
43007,test
62719,test
28270,test
44242,test
29540,test
29279,test
41069,test
42790,test
4745,test
46275,test
38743,test
9179,test
23584,test
10123,test
14926,test
59378,test
53294,test
40672,test
53293,test
13243,test
57693,test
53001,test
9284,test
61140,test
70142,test
47271,test
19247,test
17006,test
11505,test
62120,test
61779,test
33454,test
66899,test
61670,test
24209,test
6109,test
19249,test
40147,test
12231,test
13555,test
27913,test
20480,test
501,test
49198,test
45789,test
45467,test
60782,test
27124,test
33455,test
56397,test
46996,test
20565,test
2041,test
18899,test
22484,test
13637,test
65573,test
49124,test
10815,test
33942,test
47765,test
30783,test
7159,test
7592,test
56850,test
13516,test
64019,test
4419,test
34304,test
41254,test
68044,test
34792,test
47726,test
17928,test
6671,test
61278,test
4699,test
17560,test
33183,test
63307,test
54595,test
31858,test
65721,test
69022,test
7654,test
37137,test
9491,test
19207,test
12873,test
47924,test
1067,test
63593,test
52548,test
60640,test
20339,test
64461,test
58519,test
4954,test
26930,test
20233,test
60194,test
20582,test
32282,test
37259,test
64381,test
43210,test
41372,test
161,test
48382,test
40797,test
33171,test
68637,test
16992,test
15216,test
65560,test
55311,test
451,test
57812,test
56978,test
47904,test
29734,test
16380,test
35547,test
6551,test
40559,test
22838,test
62378,test
47516,test
49959,test
16365,test
17871,test
38553,test
32211,test
69313,test
42787,test
14222,test
66998,test
13908,test
6690,test
9858,test
32049,test
45602,test
10540,test
33010,test
58513,test
5294,test
44903,test
35166,test
53380,test
1749,test
56102,test
47857,test
19944,test
62475,test
6003,test
56134,test
32578,test
5563,test
18438,test
31303,test
57609,test
18131,test
51717,test
22467,test
31665,test
64909,test
45692,test
41040,test
65790,test
42942,test
68398,test
12597,test
69643,test
31239,test
48481,test
67693,test
1588,test
59031,test
29396,test
17061,test
261,test
42485,test
32095,test
61907,test
47913,test
37189,test
1146,test
27997,test
35408,test
37630,test
53006,test
41244,test
47474,test
22796,test
21278,test
41568,test
39273,test
38190,test
45733,test
26966,test
43734,test
55325,test
19272,test
31488,test
29482,test
54553,test
18804,test
45876,test
3457,test
58781,test
43041,test
43841,test
46374,test
57834,test
21164,test
56720,test
23188,test
14505,test
51466,test
22018,test
27839,test
7060,test
22826,test
7700,test
39693,test
55501,test
13567,test
4757,test
17389,test
67186,test
53699,test
11626,test
58518,test
12923,test
10184,test
29873,test
60031,test
38337,test
62387,test
59736,test
34195,test
36156,test
67581,test
9421,test
48604,test
21579,test
68313,test
60161,test
70358,test
36794,test
26789,test
68223,test
4966,test
59651,test
63875,test
30524,test
35951,test
62251,test
16363,test
37704,test
43636,test
34298,test
53625,test
17543,test
15331,test
26498,test
66510,test
40565,test
32184,test
57618,test
70050,test
50801,test
30272,test
8364,test
60414,test
12033,test
40008,test
37757,test
47020,test
16671,test
49144,test
35346,test
27589,test
6934,test
64088,test
203,test
19281,test
36795,test
7410,test
57957,test
58129,test
22735,test
36859,test
56430,test
18606,test
802,test
44433,test
20583,test
35625,test
23109,test
65285,test
60723,test
57421,test
34581,test
24462,test
63647,test
32133,test
38051,test
66260,test
26054,test
34925,test
44826,test
66602,test
6115,test
20698,test
54773,test
49889,test
40553,test
51729,test
22718,test
20653,test
42607,test
28445,test
34353,test
6828,test
67011,test
67079,test
30601,test
27613,test
20825,test
52420,test
38650,test
3023,test
20543,test
49172,test
15839,test
8526,test
31875,test
62999,test
32636,test
42578,test
63563,test
5400,test
63421,test
69517,test
63902,test
70069,test
25959,test
26447,test
34369,test
45556,test
30036,test
48752,test
64798,test
58707,test
10506,test
11777,test
22810,test
35084,test
40451,test
69753,test
19057,test
28228,test
7846,test
15698,test
20762,test
52288,test
32877,test
19914,test
529,test
68124,test
69195,test
49444,test
23895,test
24561,test
11808,test
59504,test
17454,test
4269,test
69867,test
15437,test
37752,test
11684,test
21493,test
8308,test
33378,test
25520,test
44491,test
49734,test
24690,test
48864,test
35782,test
69587,test
42741,test
55305,test
44579,test
48814,test
16314,test
51901,test
48669,test
36447,test
21055,test
35517,test
21030,test
45910,test
40062,test
46346,test
42554,test
36952,test
56314,test
69307,test
22075,test
31651,test
17598,test
36556,test
43754,test
31600,test
55419,test
11231,test
19372,test
39339,test
6895,test
55280,test
15601,test
22535,test
9464,test
67588,test
43344,test
64402,test
49753,test
60868,test
39748,test
57893,test
46651,test
54351,test
32941,test
31746,test
62674,test
18022,test
10573,test
25979,test
22124,test
18888,test
56592,test
15371,test
58676,test
49446,test
50495,test
4823,test
24780,test
34734,test
38411,test
47851,test
54524,test
31961,test
55909,test
41553,test
47459,test
55923,test
44967,test
31678,test
61077,test
11812,test
51933,test
61218,test
45407,test
59280,test
41956,test
12097,test
13537,test
10795,test
61323,test
16839,test
10768,test
1160,test
68752,test
64532,test
36448,test
43364,test
62081,test
9746,test
7059,test
11016,test
16917,test
43365,test
45511,test
23021,test
69141,test
7045,test
95,test
55090,test
36455,test
20330,test
49112,test
4785,test
62124,test
9368,test
17965,test
20380,test
16359,test
52334,test
8826,test
42245,test
18371,test
69998,test
52716,test
20168,test
31515,test
36374,test
59971,test
23232,test
32509,test
30209,test
10177,test
2250,test
67411,test
39588,test
8956,test
67883,test
15891,test
48428,test
19736,test
36775,test
56588,test
36744,test
42857,test
29098,test
43258,test
33159,test
32791,test
33620,test
70023,test
9943,test
52527,test
17951,test
19784,test
34184,test
65852,test
4041,test
46768,test
56162,test
32474,test
65839,test
49283,test
19442,test
43782,test
68780,test
39726,test
14925,test
38063,test
9737,test
30266,test
15912,test
9117,test
17760,test
59559,test
18297,test
8349,test
24067,test
53977,test
58876,test
35040,test
34008,test
61629,test
6081,test
68245,test
20318,test
62873,test
25482,test
15306,test
68154,test
3606,test
4408,test
32339,test
29956,test
51093,test
21801,test
29720,test
19747,test
29227,test
46937,test
40326,test
54897,test
43392,test
23878,test
43729,test
61909,test
65848,test
52165,test
34070,test
25922,test
48308,test
59994,test
50622,test
30817,test
29512,test
58550,test
4759,test
50241,test
50325,test
62666,test
20679,test
20035,test
29422,test
43211,test
25878,test
46718,test
42129,test
67072,test
69834,test
51200,test
7800,test
40598,test
9513,test
58038,test
12079,test
40452,test
58978,test
61365,test
467,test
15027,test
29511,test
28796,test
64698,test
50069,test
1541,test
31487,test
22611,test
25647,test
12845,test
47621,test
35223,test
14660,test
19005,test
28868,test
6309,test
34264,test
53236,test
62187,test
60666,test
12723,test
33249,test
70340,test
60355,test
68980,test
18031,test
45496,test
22849,test
20515,test
13980,test
45646,test
22737,test
47165,test
27685,test
19892,test
64732,test
63606,test
19658,test
41924,test
29528,test
36621,test
19523,test
65586,test
26776,test
22393,test
8317,test
37515,test
40741,test
40547,test
36380,test
28128,test
37912,test
23079,test
40707,test
62389,test
6483,test
58571,test
1424,test
53767,test
35481,test
62458,test
23956,test
3919,test
44964,test
45421,test
54170,test
45754,test
45125,test
68781,test
62874,test
26333,test
55220,test
597,test
10344,test
56405,test
19991,test
3749,test
775,test
28220,test
47467,test
22575,test
62339,test
13917,test
58548,test
38619,test
49229,test
35386,test
20419,test
48228,test
14135,test
39386,test
48231,test
17932,test
22017,test
25481,test
2716,test
45192,test
62031,test
2507,test
41230,test
4218,test
15711,test
48994,test
61369,test
2034,test
23186,test
35803,test
58406,test
58558,test
9200,test
52669,test
63576,test
40718,test
6388,test
24996,test
61538,test
60463,test
26439,test
11764,test
24682,test
46472,test
63221,test
46168,test
14836,test
13,test
23653,test
10513,test
58036,test
7587,test
55162,test
8955,test
32410,test
16688,test
48329,test
2490,test
16084,test
7548,test
48225,test
13722,test
40030,test
15980,test
62991,test
40854,test
33772,test
38386,test
15585,test
6809,test
8089,test
5107,test
19952,test
65099,test
38684,test
13889,test
42755,test
33729,test
52632,test
35470,test
42191,test
43270,test
23520,test
58752,test
31791,test
21300,test
1357,test
66853,test
24510,test
5269,test
27471,test
34585,test
16303,test
43757,test
25970,test
42902,test
28000,test
34090,test
68075,test
44886,test
62377,test
42917,test
46750,test
59622,test
36749,test
64309,test
55986,test
32934,test
65014,test
1147,test
12226,test
83,test
6669,test
70250,test
4010,test
70151,test
13996,test
34474,test
19849,test
57322,test
41010,test
12297,test
41214,test
792,test
29208,test
13809,test
39418,test
65169,test
57895,test
59273,test
55174,test
53574,test
30596,test
43913,test
12753,test
49558,test
10420,test
5507,test
13044,test
13862,test
14732,test
49165,test
2236,test
19315,test
25099,test
13470,test
11199,test
65566,test
34140,test
63995,test
32563,test
37656,test
42372,test
60801,test
51069,test
43582,test
34333,test
34045,test
35059,test
3368,test
35207,test
6430,test
9840,test
13768,test
36120,test
41580,test
4132,test
38431,test
727,test
57503,test
41305,test
60051,test
68099,test
20097,test
35993,test
8359,test
64396,test
15882,test
46102,test
61303,test
46802,test
53228,test
31226,test
39026,test
7783,test
29057,test
63357,test
12260,test
19405,test
55704,test
52971,test
56486,test
12962,test
26089,test
17686,test
50533,test
1222,test
26009,test
67344,test
39462,test
17781,test
12064,test
47840,test
49433,test
66384,test
37078,test
34690,test
68989,test
64834,test
17082,test
45897,test
1965,test
23277,test
51541,test
4466,test
57558,test
8184,test
55620,test
31252,test
27677,test
54366,test
16797,test
70059,test
30325,test
31731,test
30501,test
28499,test
35975,test
16442,test
9874,test
38967,test
43027,test
55067,test
35013,test
66372,test
27043,test
22983,test
27495,test
18927,test
6473,test
24793,test
24527,test
50924,test
33913,test
12994,test
32177,test
44764,test
26053,test
14361,test
5904,test
31502,test
49499,test
51607,test
3365,test
10606,test
41229,test
35644,test
31999,test
35336,test
60483,test
63907,test
46696,test
68922,test
10763,test
2483,test
44104,test
52639,test
56672,test
13560,test
39146,test
40513,test
24427,test
63052,test
68309,test
44924,test
26552,test
31140,test
13061,test
19295,test
3535,test
6164,test
26005,test
10010,test
46011,test
70083,test
1954,test
61224,test
50991,test
32778,test
50872,test
1578,test
22998,test
38161,test
32448,test
41654,test
54474,test
4246,test
64342,test
1291,test
1102,test
12950,test
43229,test
11669,test
15495,test
54917,test
16987,test
5079,test
32469,test
68697,test
34517,test
47311,test
4016,test
343,test
54046,test
43547,test
58793,test
29635,test
45640,test
28900,test
61893,test
30808,test
67227,test
1087,test
1736,test
65382,test
564,test
65360,test
68698,test
36866,test
32052,test
29421,test
23362,test
18,test
21596,test
67432,test
13790,test
51980,test
55677,test
48581,test
22412,test
28306,test
53195,test
29601,test
68027,test
1343,test
20197,test
32839,test
53376,test
185,test
11832,test
69358,test
53770,test
63950,test
51012,test
67762,test
67517,test
22990,test
21558,test
26575,test
14599,test
52047,test
66509,test
55866,test
48385,test
31557,test
51822,test
69306,test
70561,test
4106,test
6133,test
27724,test
56706,test
45997,test
51311,test
51801,test
9278,test
59148,test
60098,test
60880,test
8457,test
18240,test
68543,test
51633,test
7602,test
4784,test
32502,test
13350,test
36369,test
17751,test
33229,test
24756,test
67371,test
48796,test
67570,test
33781,test
51841,test
24532,test
46918,test
31269,test
58617,test
52502,test
49467,test
54721,test
62131,test
43692,test
44616,test
19499,test
27996,test
14431,test
14753,test
236,test
25428,test
51893,test
46456,test
45376,test
25361,test
20741,test
30024,test
9466,test
28149,test
52121,test
66537,test
60959,test
11119,test
61714,test
14139,test
46426,test
11177,test
55658,test
26175,test
23582,test
10018,test
24168,test
32150,test
63413,test
6289,test
32686,test
12590,test
17908,test
49058,test
16874,test
48897,test
29992,test
44900,test
13625,test
39076,test
23930,test
58137,test
64801,test
39973,test
7156,test
65973,test
39605,test
54681,test
28849,test
1089,test
46853,test
70272,test
46119,test
7941,test
35006,test
42900,test
27910,test
56816,test
54188,test
37085,test
66479,test
25417,test
32599,test
24839,test
43135,test
28477,test
42705,test
70433,test
25134,test
20060,test
49813,test
59467,test
26383,test
41631,test
13289,test
62110,test
30595,test
37298,test
604,test
66187,test
57447,test
68382,test
68808,test
28598,test
55748,test
18040,test
41316,test
6135,test
39181,test
17964,test
57597,test
70461,test
66483,test
16249,test
3020,test
63737,test
60854,test
36547,test
41171,test
38323,test
27881,test
52098,test
582,test
41162,test
63253,test
62540,test
22798,test
6631,test
69343,test
14897,test
41847,test
62216,test
52104,test
27819,test
36832,test
5277,test
18347,test
59670,test
16235,test
6606,test
54882,test
54316,test
69450,test
18496,test
45038,test
30112,test
50736,test
56947,test
7421,test
27558,test
43860,test
16575,test
11462,test
58085,test
45815,test
21644,test
57022,test
3276,test
41787,test
69204,test
35640,test
26561,test
58929,test
34851,test
46726,test
5512,test
38164,test
43259,test
60106,test
46159,test
42675,test
43509,test
52381,test
16027,test
28702,test
68725,test
56105,test
770,test
5705,test
15894,test
61684,test
11847,test
14130,test
37336,test
57054,test
49491,test
34651,test
4635,test
15504,test
46014,test
44364,test
58582,test
8427,test
24809,test
67362,test
1254,test
44541,test
43517,test
36470,test
12576,test
36412,test
34132,test
50235,test
41188,test
37476,test
35881,test
36771,test
50708,test
29666,test
7905,test
36819,test
57411,test
3610,test
7942,test
7434,test
68243,test
44443,test
63104,test
61440,test
31584,test
295,test
25766,test
22200,test
43843,test
40092,test
5419,test
29773,test
70212,test
34115,test
54916,test
40534,test
41871,test
33009,test
15068,test
23324,test
55165,test
36101,test
28552,test
11870,test
34286,test
32902,test
37890,test
62045,test
7810,test
5429,test
36368,test
18512,test
51116,test
8052,test
58243,test
10138,test
57714,test
18416,test
2936,test
219,test
60033,test
51755,test
44638,test
41763,test
21136,test
63394,test
30570,test
56528,test
26292,test
23594,test
57853,test
23199,test
53166,test
53096,test
70226,test
69943,test
1298,test
69525,test
31917,test
54418,test
59399,test
24410,test
29365,test
1899,test
70322,test
26216,test
42085,test
48047,test
56198,test
17446,test
8764,test
6353,test
809,test
10894,test
63697,test
10818,test
55908,test
66732,test
12292,test
58630,test
41619,test
35279,test
42368,test
18754,test
22406,test
10260,test
51402,test
22371,test
60376,test
5989,test
70141,test
52162,test
5061,test
28683,test
39381,test
1135,test
65965,test
51360,test
42165,test
26188,test
3268,test
23756,test
55797,test
33144,test
58606,test
12715,test
61063,test
42530,test
48465,test
60377,test
58204,test
31692,test
63925,test
41289,test
25712,test
7126,test
10672,test
15180,test
26730,test
29701,test
1833,test
19792,test
44812,test
59480,test
49476,test
45476,test
60820,test
29018,test
11819,test
25484,test
40420,test
18805,test
56000,test
2573,test
8798,test
30886,test
1218,test
27562,test
18509,test
19277,test
21170,test
30849,test
13018,test
47335,test
26275,test
27276,test
41494,test
68215,test
9026,test
65663,test
6356,test
7182,test
15612,test
9564,test
60938,test
51397,test
12543,test
64464,test
32064,test
28729,test
58684,test
53525,test
40566,test
33768,test
43104,test
16062,test
5469,test
9335,test
58690,test
12513,test
47047,test
35473,test
18267,test
15514,test
28251,test
48872,test
13986,test
55278,test
60671,test
2167,test
