index,set
56786,train
45941,train
42648,train
23331,train
67360,train
21208,train
51963,train
40916,train
23289,train
11404,train
59084,train
10653,train
31971,train
8922,train
2871,train
33965,train
46639,train
28544,train
42386,train
41404,train
43083,train
59082,train
20357,train
410,train
53276,train
7804,train
14554,train
27871,train
9435,train
59668,train
67418,train
58890,train
59076,train
54107,train
11600,train
38290,train
8311,train
68527,train
3248,train
64522,train
34479,train
21703,train
55351,train
3683,train
70553,train
59899,train
45223,train
59513,train
49134,train
45095,train
7187,train
33135,train
855,train
29851,train
19831,train
38549,train
30864,train
876,train
37994,train
66607,train
54873,train
14108,train
16440,train
10242,train
57085,train
60862,train
3053,train
16005,train
3968,train
48409,train
38940,train
69246,train
5057,train
52270,train
10327,train
57633,train
10132,train
59747,train
16026,train
13221,train
45972,train
3825,train
58002,train
59522,train
23132,train
57575,train
45411,train
19508,train
39363,train
27280,train
34700,train
13249,train
63031,train
8313,train
41862,train
5931,train
22680,train
66360,train
7939,train
15488,train
1332,train
4149,train
56686,train
69901,train
90,train
30794,train
53736,train
66778,train
9631,train
47339,train
12625,train
46852,train
51896,train
1364,train
51335,train
8727,train
5197,train
9827,train
60445,train
31091,train
39979,train
61516,train
21041,train
35940,train
30584,train
48297,train
36814,train
47835,train
12251,train
32051,train
44558,train
15530,train
47704,train
54801,train
6458,train
60021,train
5608,train
68456,train
30241,train
62497,train
62203,train
49641,train
65044,train
57598,train
53477,train
17735,train
32708,train
55471,train
60373,train
35430,train
3782,train
45953,train
25048,train
16510,train
4945,train
42600,train
56150,train
66798,train
48878,train
7063,train
19163,train
39472,train
9245,train
26246,train
61713,train
37025,train
22255,train
1967,train
58832,train
28984,train
34934,train
59079,train
53274,train
12647,train
8988,train
3379,train
21328,train
62619,train
49760,train
22830,train
32979,train
58928,train
26833,train
56050,train
30192,train
52752,train
52778,train
67579,train
52686,train
14718,train
10620,train
66762,train
67129,train
44049,train
42042,train
20043,train
41982,train
16935,train
69497,train
69091,train
14567,train
43119,train
50003,train
37545,train
16000,train
6354,train
13878,train
23335,train
14927,train
3482,train
13720,train
59867,train
38992,train
54550,train
66790,train
44380,train
12870,train
17703,train
47081,train
21284,train
36580,train
27652,train
16676,train
42504,train
45397,train
44601,train
28452,train
54296,train
37045,train
41659,train
50213,train
43390,train
8763,train
65445,train
16642,train
448,train
56143,train
60950,train
33524,train
65330,train
29140,train
50898,train
6037,train
54748,train
33203,train
32317,train
60011,train
22733,train
5411,train
31672,train
53335,train
53315,train
810,train
14785,train
3989,train
30288,train
46556,train
64193,train
7542,train
59964,train
26101,train
5448,train
25888,train
20138,train
40159,train
14463,train
54049,train
21269,train
977,train
51864,train
45501,train
68351,train
16843,train
64551,train
49650,train
49762,train
4910,train
40624,train
67382,train
21205,train
36941,train
4089,train
67784,train
38551,train
52063,train
36351,train
25760,train
21723,train
62077,train
37390,train
34197,train
18960,train
63240,train
29878,train
70570,train
28480,train
32497,train
35034,train
22224,train
46410,train
31706,train
23807,train
12531,train
58789,train
64460,train
24011,train
25709,train
46827,train
32079,train
16421,train
22474,train
47768,train
33933,train
20087,train
65682,train
67163,train
15826,train
46429,train
4883,train
7683,train
19982,train
53802,train
54541,train
41247,train
7101,train
16606,train
33305,train
2740,train
38819,train
18085,train
59415,train
68728,train
61267,train
22399,train
43702,train
10871,train
30270,train
21362,train
34496,train
6971,train
55652,train
40723,train
17282,train
59104,train
28029,train
18405,train
3877,train
15473,train
40579,train
70078,train
32779,train
53600,train
55188,train
1623,train
55301,train
65447,train
54874,train
65591,train
47967,train
69761,train
30233,train
7675,train
63117,train
49034,train
63684,train
8608,train
48267,train
35723,train
42863,train
53556,train
32388,train
37437,train
26911,train
64627,train
4201,train
11732,train
54622,train
23076,train
41058,train
19462,train
58897,train
68738,train
57327,train
61837,train
682,train
67592,train
44642,train
70125,train
39452,train
36099,train
8084,train
7543,train
20029,train
20102,train
22234,train
43323,train
40217,train
28840,train
23257,train
56667,train
68862,train
66125,train
57314,train
9865,train
32935,train
673,train
55580,train
6942,train
43686,train
4091,train
65680,train
54913,train
24155,train
458,train
22324,train
2762,train
20159,train
26784,train
47244,train
2099,train
61986,train
13762,train
53403,train
34882,train
48748,train
14829,train
23548,train
16165,train
46623,train
16045,train
24697,train
23045,train
26981,train
49180,train
45404,train
41032,train
3122,train
45582,train
789,train
44087,train
42141,train
33266,train
39031,train
22846,train
985,train
49746,train
944,train
31365,train
18786,train
1798,train
38534,train
57508,train
52831,train
19496,train
7275,train
63609,train
57669,train
38062,train
30890,train
904,train
69077,train
11788,train
66702,train
59428,train
66374,train
51911,train
67479,train
68224,train
48344,train
63799,train
28933,train
26650,train
47507,train
9176,train
56457,train
47887,train
34104,train
62076,train
39500,train
64836,train
66657,train
29745,train
35449,train
4666,train
43116,train
1362,train
33803,train
24286,train
6406,train
14576,train
24688,train
6049,train
40549,train
47560,train
52688,train
35061,train
39313,train
54454,train
43656,train
39121,train
3504,train
22723,train
57867,train
40616,train
64167,train
44184,train
35233,train
68316,train
24295,train
23479,train
50649,train
25105,train
64441,train
44843,train
11416,train
26475,train
5665,train
67980,train
28461,train
61390,train
15493,train
9864,train
40017,train
8861,train
69193,train
55682,train
55603,train
28762,train
46608,train
25232,train
5855,train
4749,train
15312,train
32630,train
24869,train
50810,train
63784,train
45413,train
12036,train
34967,train
3119,train
3169,train
47876,train
23604,train
49113,train
59548,train
38311,train
14929,train
58955,train
62724,train
63865,train
44438,train
51002,train
38322,train
65625,train
66031,train
15809,train
56535,train
50073,train
8060,train
42039,train
22269,train
29104,train
20435,train
18678,train
46463,train
33879,train
33801,train
7395,train
63592,train
49056,train
16283,train
57332,train
16346,train
61753,train
32803,train
32897,train
16766,train
36708,train
31520,train
46848,train
8716,train
8953,train
2680,train
8138,train
60522,train
21812,train
42211,train
46777,train
27196,train
47367,train
10290,train
59840,train
62917,train
27207,train
67646,train
46107,train
36083,train
34410,train
27787,train
36048,train
1417,train
19060,train
30319,train
58800,train
48097,train
290,train
28450,train
42982,train
66425,train
61721,train
37400,train
52213,train
31152,train
46928,train
16017,train
55912,train
40072,train
67464,train
36549,train
47719,train
36030,train
57352,train
24946,train
38583,train
13562,train
62428,train
28069,train
52621,train
15428,train
8096,train
40846,train
3460,train
59767,train
62656,train
4623,train
59300,train
29480,train
26270,train
40762,train
50979,train
30070,train
9831,train
1094,train
35649,train
41312,train
31956,train
39496,train
64036,train
26052,train
18631,train
56819,train
69546,train
9883,train
33272,train
50899,train
38397,train
26806,train
47660,train
16850,train
42875,train
34439,train
40411,train
46420,train
38653,train
5475,train
48755,train
10974,train
63295,train
15523,train
66350,train
13912,train
59107,train
40456,train
56496,train
7946,train
4856,train
59185,train
61978,train
15436,train
52257,train
30171,train
50884,train
6503,train
57719,train
3236,train
40439,train
50280,train
53200,train
16736,train
35221,train
13874,train
40231,train
40596,train
65746,train
22716,train
46240,train
58443,train
35965,train
43012,train
50627,train
32422,train
25210,train
2257,train
68731,train
56866,train
34676,train
64245,train
28156,train
6277,train
23349,train
34483,train
62982,train
10358,train
40705,train
65309,train
21440,train
22853,train
31423,train
56785,train
20783,train
48457,train
8643,train
16223,train
43058,train
7265,train
7853,train
38470,train
42509,train
36153,train
34901,train
36486,train
61044,train
67358,train
55004,train
12494,train
61576,train
61249,train
31477,train
45954,train
16091,train
51167,train
16975,train
70412,train
41271,train
26625,train
36388,train
70572,train
17808,train
62916,train
38738,train
6853,train
53092,train
56434,train
12131,train
16513,train
4947,train
20368,train
47661,train
5789,train
66338,train
34916,train
17204,train
25615,train
41831,train
65826,train
69715,train
19223,train
63541,train
53597,train
16147,train
60263,train
4543,train
60794,train
46344,train
13606,train
57081,train
24156,train
675,train
45386,train
61352,train
14089,train
58959,train
62669,train
59447,train
58155,train
29563,train
21597,train
27683,train
40776,train
18316,train
57623,train
18729,train
36106,train
67253,train
58486,train
19066,train
55467,train
17998,train
2613,train
11210,train
54676,train
9279,train
6170,train
31517,train
33220,train
39299,train
37150,train
69625,train
18879,train
11728,train
40514,train
68553,train
5334,train
3324,train
33736,train
5941,train
50859,train
11063,train
9907,train
30720,train
39028,train
973,train
27768,train
42204,train
29794,train
13951,train
24365,train
26474,train
70599,train
26373,train
68320,train
17444,train
6108,train
56594,train
56236,train
41362,train
68077,train
3526,train
9642,train
15265,train
2027,train
57784,train
16393,train
22623,train
11830,train
26160,train
61682,train
52730,train
8407,train
27285,train
8897,train
17494,train
47842,train
36419,train
62680,train
61737,train
64869,train
25847,train
5155,train
61219,train
66630,train
64133,train
26816,train
15676,train
7291,train
7667,train
16265,train
34594,train
46753,train
57338,train
37696,train
18913,train
32089,train
47694,train
35815,train
28521,train
65458,train
29718,train
37940,train
60310,train
6270,train
14310,train
63025,train
10226,train
12917,train
35196,train
12986,train
28184,train
1115,train
50441,train
39608,train
42182,train
2134,train
50689,train
37197,train
1670,train
8936,train
51137,train
6575,train
38403,train
67412,train
18649,train
43789,train
13500,train
40577,train
39447,train
16011,train
66218,train
66851,train
60664,train
63328,train
57243,train
13356,train
42950,train
26449,train
14233,train
20647,train
11621,train
68956,train
66400,train
1096,train
40710,train
39423,train
9721,train
26120,train
19833,train
56733,train
61002,train
12149,train
6060,train
25053,train
47715,train
66991,train
22656,train
69262,train
49264,train
41586,train
63957,train
32495,train
6862,train
29522,train
6476,train
26441,train
56379,train
10106,train
56431,train
17557,train
20473,train
64508,train
7501,train
18409,train
24470,train
26130,train
62093,train
46699,train
31880,train
50193,train
68244,train
38433,train
67218,train
2052,train
50386,train
60727,train
15431,train
40239,train
48278,train
14066,train
32939,train
35129,train
57240,train
5002,train
5878,train
22131,train
15559,train
258,train
50603,train
62824,train
40005,train
52842,train
30418,train
26134,train
63839,train
49406,train
11885,train
27596,train
50770,train
50819,train
52109,train
32358,train
19086,train
57300,train
35979,train
57021,train
34003,train
43705,train
48311,train
31123,train
53653,train
25364,train
50975,train
45370,train
53093,train
52208,train
57760,train
49142,train
53985,train
57249,train
29352,train
33478,train
29321,train
40531,train
37015,train
48932,train
47752,train
30598,train
35614,train
69895,train
39203,train
16890,train
57102,train
24255,train
70482,train
63454,train
4131,train
2059,train
36425,train
22110,train
41147,train
5089,train
33686,train
31341,train
19278,train
66231,train
31838,train
42979,train
44352,train
59209,train
26781,train
14923,train
45140,train
23847,train
37458,train
59697,train
897,train
7457,train
59117,train
7869,train
16456,train
34507,train
32338,train
41248,train
69507,train
46911,train
67353,train
62291,train
13054,train
32066,train
46932,train
60785,train
56041,train
45704,train
56268,train
54521,train
2642,train
19302,train
41441,train
16127,train
45675,train
44565,train
56545,train
39564,train
25092,train
6328,train
48566,train
70284,train
47260,train
49091,train
31833,train
39155,train
62046,train
21448,train
61829,train
47243,train
61826,train
5095,train
49483,train
40571,train
67550,train
57129,train
39791,train
58465,train
5640,train
33071,train
3479,train
66084,train
52940,train
63038,train
2055,train
45381,train
68190,train
23280,train
37771,train
29096,train
25415,train
26899,train
69017,train
63100,train
49133,train
17516,train
66118,train
17663,train
46861,train
66089,train
29562,train
24640,train
33958,train
18659,train
42350,train
39638,train
62074,train
48889,train
25993,train
13956,train
68323,train
45575,train
9359,train
18987,train
62521,train
27275,train
38183,train
50980,train
43768,train
43155,train
6753,train
48876,train
13827,train
40144,train
470,train
32600,train
31160,train
58607,train
19041,train
48949,train
68774,train
65117,train
49429,train
46748,train
8816,train
64506,train
59106,train
39793,train
10432,train
49993,train
1797,train
7255,train
36315,train
67466,train
47211,train
3369,train
13388,train
7714,train
12637,train
67835,train
34187,train
46760,train
41216,train
5295,train
69579,train
38984,train
40763,train
26587,train
39540,train
52781,train
50097,train
40664,train
44575,train
52341,train
7960,train
60276,train
67350,train
6173,train
40427,train
51975,train
10121,train
14078,train
10935,train
41984,train
17930,train
14155,train
43487,train
34747,train
43856,train
7832,train
38018,train
2623,train
14780,train
43837,train
11336,train
61546,train
62861,train
10552,train
64459,train
23724,train
25256,train
20718,train
254,train
18963,train
28536,train
13507,train
4694,train
44218,train
8853,train
44708,train
14419,train
48378,train
64734,train
20333,train
49465,train
27411,train
31112,train
38885,train
68620,train
39679,train
17106,train
64651,train
44341,train
61456,train
11507,train
39200,train
38354,train
57514,train
4818,train
47310,train
4453,train
23027,train
46539,train
19728,train
49581,train
69778,train
5924,train
38071,train
37873,train
25761,train
34679,train
22695,train
56985,train
11904,train
7951,train
40276,train
58073,train
66739,train
48843,train
32113,train
28997,train
50226,train
61041,train
16793,train
63274,train
13224,train
54582,train
25564,train
23494,train
37415,train
17880,train
39907,train
60694,train
42014,train
43901,train
29436,train
3787,train
43466,train
59708,train
35341,train
57183,train
63614,train
42145,train
16185,train
53832,train
36767,train
14964,train
12165,train
17709,train
43673,train
43425,train
59648,train
69270,train
33267,train
70246,train
59121,train
53799,train
63076,train
4522,train
19478,train
68618,train
21253,train
3491,train
2995,train
26536,train
49953,train
58260,train
25305,train
61749,train
52858,train
7472,train
63931,train
64723,train
22374,train
13268,train
2859,train
31697,train
17669,train
1283,train
41844,train
33391,train
56884,train
26563,train
56735,train
60171,train
23372,train
26382,train
15620,train
29864,train
21500,train
44134,train
18048,train
33910,train
56060,train
25914,train
26684,train
32261,train
36569,train
5752,train
33544,train
32037,train
18881,train
40756,train
67562,train
45171,train
19489,train
2834,train
52366,train
38111,train
57612,train
62650,train
15668,train
7372,train
39895,train
30829,train
52804,train
10903,train
6362,train
38356,train
40450,train
70158,train
68536,train
49770,train
24738,train
56195,train
9809,train
44116,train
12477,train
28475,train
16600,train
26057,train
65717,train
59090,train
62013,train
6539,train
62369,train
69002,train
67174,train
61579,train
33528,train
33720,train
19985,train
26000,train
68339,train
62436,train
41645,train
44246,train
43149,train
16004,train
68389,train
52,train
29265,train
51843,train
37522,train
62922,train
19936,train
67917,train
8728,train
30568,train
7779,train
17534,train
51833,train
40131,train
44996,train
64440,train
64469,train
69545,train
34103,train
47492,train
59024,train
67460,train
65038,train
57446,train
26129,train
32554,train
26826,train
12454,train
9163,train
20642,train
43553,train
20085,train
3601,train
209,train
49648,train
22552,train
6966,train
23358,train
69975,train
29977,train
35989,train
16723,train
66222,train
16741,train
15031,train
36871,train
428,train
920,train
49160,train
19759,train
58496,train
17070,train
46155,train
44415,train
6107,train
55718,train
46271,train
12628,train
5885,train
45691,train
32303,train
28865,train
33799,train
7917,train
18622,train
26662,train
16239,train
64507,train
66343,train
69549,train
41712,train
34205,train
24143,train
61328,train
55914,train
4795,train
29367,train
64087,train
24662,train
5719,train
12983,train
57211,train
12073,train
3794,train
5786,train
41588,train
50427,train
64318,train
67997,train
58842,train
40862,train
13612,train
58886,train
25044,train
32535,train
22485,train
34783,train
32756,train
50139,train
54009,train
58971,train
19716,train
33537,train
34381,train
65140,train
53035,train
58743,train
53483,train
54756,train
22461,train
11355,train
26177,train
55683,train
61450,train
58763,train
18152,train
69875,train
11012,train
62425,train
52555,train
58249,train
10277,train
28531,train
50122,train
25382,train
28613,train
59759,train
67931,train
70027,train
60289,train
55273,train
24164,train
63407,train
58593,train
43900,train
31601,train
29709,train
22302,train
748,train
54869,train
7370,train
11460,train
24650,train
10864,train
55484,train
100,train
14845,train
52274,train
10941,train
19056,train
42278,train
47905,train
34162,train
37294,train
46199,train
36320,train
41758,train
42972,train
18869,train
55999,train
31053,train
36683,train
68229,train
3988,train
37825,train
56772,train
53913,train
61335,train
58839,train
39421,train
65546,train
6816,train
23111,train
41679,train
40877,train
39854,train
61142,train
10989,train
31173,train
54943,train
41081,train
22756,train
364,train
39757,train
14950,train
49649,train
10066,train
48511,train
24660,train
67431,train
10922,train
66770,train
48268,train
23220,train
4353,train
8905,train
8851,train
62391,train
6146,train
16151,train
36304,train
49668,train
58487,train
17049,train
51052,train
29025,train
68561,train
12772,train
12283,train
55562,train
4204,train
21717,train
2947,train
31635,train
45492,train
9171,train
5217,train
17710,train
44940,train
50531,train
66391,train
28516,train
25570,train
65903,train
30127,train
59709,train
38439,train
69683,train
26869,train
53631,train
68589,train
54025,train
58426,train
10078,train
7561,train
62543,train
34648,train
5240,train
60179,train
43706,train
31070,train
1903,train
33869,train
26574,train
68646,train
69125,train
35393,train
69443,train
59852,train
41256,train
23742,train
55872,train
68395,train
22036,train
64182,train
29579,train
61678,train
45795,train
59866,train
6769,train
1212,train
41674,train
59625,train
13813,train
42788,train
36761,train
26077,train
54738,train
2017,train
24107,train
29836,train
10965,train
17192,train
62135,train
23165,train
66969,train
28631,train
12629,train
50827,train
18677,train
40123,train
4193,train
760,train
60417,train
29197,train
62471,train
17897,train
16216,train
61838,train
55629,train
22020,train
26959,train
58264,train
7696,train
45782,train
23490,train
42579,train
70680,train
27263,train
53154,train
60599,train
56926,train
32564,train
5892,train
29801,train
66109,train
19680,train
43492,train
31361,train
16405,train
35169,train
56241,train
10545,train
31272,train
65189,train
48110,train
27886,train
39639,train
30772,train
26918,train
52939,train
41393,train
31745,train
25538,train
68588,train
36076,train
63093,train
11115,train
28823,train
19245,train
27598,train
2513,train
50244,train
1400,train
56344,train
2476,train
66472,train
30111,train
56108,train
47199,train
12028,train
59584,train
7197,train
45435,train
69605,train
21443,train
4986,train
55572,train
60036,train
3416,train
48698,train
9550,train
60910,train
17982,train
20115,train
67463,train
47312,train
53906,train
6361,train
24272,train
5036,train
7583,train
18004,train
8562,train
13569,train
69664,train
6451,train
34202,train
42005,train
31973,train
54853,train
45558,train
6418,train
19502,train
13930,train
33131,train
29550,train
15053,train
12708,train
24309,train
12488,train
14246,train
57258,train
44431,train
64902,train
19165,train
67927,train
11335,train
51961,train
11302,train
50131,train
34595,train
46779,train
22257,train
45701,train
27735,train
7637,train
55925,train
8993,train
10689,train
32505,train
10037,train
1800,train
49042,train
7250,train
64280,train
8234,train
13497,train
60351,train
31955,train
14773,train
7680,train
69742,train
48313,train
9930,train
28740,train
38264,train
25241,train
45183,train
41628,train
33147,train
20468,train
52817,train
46948,train
14999,train
5207,train
12918,train
30371,train
42280,train
20240,train
3033,train
14464,train
53578,train
1287,train
3659,train
52032,train
31976,train
15704,train
63521,train
39916,train
8291,train
1484,train
30873,train
35858,train
55922,train
5680,train
64165,train
2868,train
15186,train
62730,train
57657,train
18551,train
57285,train
66200,train
51908,train
28709,train
1999,train
11137,train
8942,train
69635,train
37261,train
2523,train
57934,train
13209,train
25710,train
13621,train
52376,train
5051,train
9677,train
51796,train
62169,train
51768,train
21988,train
61003,train
56956,train
46046,train
61225,train
58153,train
46824,train
45209,train
58408,train
14273,train
41313,train
5955,train
4692,train
38754,train
6416,train
3301,train
11953,train
18630,train
19916,train
42096,train
48405,train
57888,train
54313,train
38125,train
55431,train
2545,train
54386,train
58687,train
53605,train
836,train
34492,train
31434,train
52254,train
43199,train
10581,train
31511,train
19900,train
29808,train
50381,train
27675,train
30040,train
35030,train
29762,train
51518,train
23436,train
56606,train
39330,train
61852,train
66201,train
67492,train
30512,train
14790,train
65352,train
63351,train
21316,train
36787,train
13260,train
45241,train
50713,train
14364,train
30934,train
33610,train
14230,train
20945,train
52248,train
6913,train
37645,train
58556,train
42496,train
69475,train
5184,train
4576,train
9985,train
22019,train
5443,train
514,train
30999,train
46900,train
42718,train
61431,train
7889,train
64783,train
16739,train
37778,train
26540,train
38122,train
49590,train
3036,train
61744,train
39154,train
28281,train
23791,train
319,train
37725,train
7600,train
16281,train
6287,train
6431,train
14825,train
56569,train
20888,train
24940,train
32569,train
40019,train
60906,train
5526,train
44488,train
10220,train
25822,train
4042,train
19394,train
20656,train
69548,train
38744,train
66691,train
21980,train
66766,train
56646,train
68626,train
64544,train
46899,train
3173,train
10887,train
2310,train
69202,train
26473,train
44943,train
2073,train
22372,train
62539,train
17131,train
33697,train
38946,train
49043,train
19398,train
3212,train
59197,train
8846,train
53988,train
44685,train
27202,train
28391,train
37302,train
17622,train
28446,train
43264,train
52132,train
31968,train
70076,train
63234,train
4779,train
29439,train
6938,train
12406,train
16266,train
69244,train
42885,train
65791,train
26581,train
56398,train
21479,train
64312,train
53651,train
5852,train
42317,train
69112,train
57626,train
26841,train
17236,train
66869,train
25264,train
46308,train
66502,train
30305,train
22443,train
53238,train
2435,train
48637,train
1324,train
34424,train
36958,train
64931,train
65707,train
61565,train
22769,train
60557,train
56042,train
46323,train
39913,train
5123,train
18331,train
43351,train
13226,train
25938,train
33864,train
20597,train
5259,train
13170,train
42086,train
169,train
67943,train
11901,train
6997,train
14673,train
2080,train
44530,train
13038,train
69325,train
56821,train
8648,train
49304,train
22351,train
33525,train
54925,train
61972,train
5283,train
5643,train
54964,train
1636,train
21510,train
38112,train
47412,train
20552,train
22385,train
4506,train
56029,train
60912,train
36974,train
38593,train
5215,train
30173,train
18514,train
33534,train
35714,train
36429,train
28903,train
15692,train
61151,train
62139,train
65282,train
32886,train
7761,train
11963,train
8966,train
53769,train
286,train
34143,train
24479,train
15936,train
45957,train
36396,train
1506,train
41215,train
21752,train
67010,train
22993,train
45323,train
14336,train
1495,train
69658,train
30795,train
38054,train
5554,train
22195,train
5969,train
66781,train
56471,train
22738,train
64367,train
48970,train
19835,train
21199,train
5795,train
20654,train
4104,train
33291,train
27476,train
31327,train
42063,train
4110,train
13192,train
55634,train
37947,train
29034,train
24262,train
57665,train
9915,train
63148,train
63120,train
59042,train
18896,train
52512,train
18254,train
8896,train
12815,train
66679,train
46731,train
41725,train
57222,train
19961,train
28788,train
12074,train
9314,train
42768,train
47665,train
53151,train
33443,train
66357,train
42766,train
38127,train
19482,train
30421,train
33355,train
63169,train
65053,train
22697,train
68973,train
52528,train
19140,train
61236,train
24824,train
55210,train
24991,train
65712,train
11663,train
69006,train
821,train
46306,train
27309,train
52473,train
50785,train
62545,train
30677,train
10408,train
7781,train
62780,train
1370,train
47164,train
14744,train
32782,train
917,train
1997,train
13608,train
46946,train
35980,train
33778,train
38977,train
15680,train
47277,train
4561,train
68549,train
7268,train
58418,train
5318,train
52676,train
23256,train
51340,train
28805,train
15779,train
51691,train
64546,train
10769,train
13269,train
56534,train
24475,train
29111,train
41716,train
41365,train
1381,train
50577,train
10915,train
4409,train
41653,train
19986,train
47016,train
36995,train
53760,train
2100,train
24204,train
4397,train
23375,train
41000,train
26601,train
63263,train
39333,train
21146,train
3814,train
39356,train
5770,train
67779,train
37587,train
16968,train
46135,train
69292,train
15685,train
61453,train
6160,train
36241,train
34397,train
34713,train
5877,train
38267,train
36762,train
43914,train
12880,train
11622,train
6241,train
16426,train
59519,train
30109,train
44760,train
65922,train
9963,train
12348,train
14167,train
60721,train
23249,train
70392,train
38265,train
15565,train
39686,train
51209,train
3486,train
70221,train
192,train
5200,train
62276,train
15406,train
65533,train
19883,train
54256,train
50398,train
24297,train
21877,train
27874,train
50672,train
10107,train
39484,train
18281,train
67944,train
70319,train
23944,train
45084,train
43812,train
14248,train
41702,train
11313,train
21774,train
36283,train
5919,train
31370,train
55849,train
44234,train
70334,train
43868,train
58401,train
1387,train
49553,train
68502,train
2502,train
2403,train
11698,train
14064,train
2717,train
8507,train
60229,train
23032,train
50636,train
22602,train
13305,train
60952,train
1259,train
44250,train
2072,train
62756,train
35512,train
35320,train
3841,train
31151,train
56158,train
41949,train
15377,train
55054,train
66839,train
41953,train
68691,train
24707,train
63994,train
30202,train
65930,train
68175,train
48309,train
10927,train
68595,train
4141,train
63017,train
66551,train
24713,train
22282,train
55689,train
63335,train
6015,train
50172,train
30378,train
33566,train
47117,train
65143,train
4326,train
22049,train
62760,train
36349,train
16242,train
9225,train
64121,train
18555,train
69843,train
57215,train
26914,train
46520,train
25724,train
36073,train
31666,train
5538,train
59629,train
34422,train
34365,train
34607,train
70244,train
13659,train
36732,train
22134,train
3976,train
64200,train
62374,train
60931,train
67718,train
4438,train
44300,train
28639,train
20198,train
43013,train
20573,train
33473,train
1679,train
7183,train
12869,train
69542,train
25339,train
15745,train
29281,train
14651,train
31336,train
12359,train
57833,train
10551,train
62323,train
68710,train
48572,train
12493,train
21606,train
46978,train
47618,train
22077,train
37523,train
26893,train
67349,train
24257,train
52285,train
34209,train
42888,train
61141,train
23970,train
6438,train
55312,train
35492,train
31217,train
5172,train
45294,train
35322,train
9960,train
27490,train
23907,train
21857,train
42567,train
68008,train
5229,train
15610,train
61585,train
70219,train
20650,train
50397,train
33638,train
24878,train
55711,train
9272,train
15313,train
6696,train
7831,train
9325,train
40815,train
9164,train
60318,train
59094,train
45924,train
44802,train
17520,train
4291,train
8862,train
37603,train
25363,train
49100,train
66227,train
21229,train
22168,train
23057,train
59157,train
21837,train
65525,train
27473,train
17073,train
59494,train
31106,train
19434,train
59281,train
20471,train
5962,train
64201,train
35745,train
55741,train
40169,train
12770,train
33218,train
56429,train
67958,train
34059,train
59136,train
21974,train
31797,train
44129,train
55243,train
56320,train
31240,train
391,train
19807,train
18562,train
50660,train
35044,train
53342,train
63194,train
55063,train
14317,train
68269,train
6872,train
52023,train
5222,train
64144,train
50468,train
48026,train
68600,train
30878,train
12224,train
53657,train
24576,train
14595,train
9168,train
21463,train
16527,train
41420,train
50551,train
65116,train
8845,train
56358,train
57682,train
27988,train
29464,train
18981,train
5928,train
36694,train
14320,train
21754,train
29142,train
67947,train
47544,train
21109,train
20410,train
37378,train
14669,train
38120,train
29016,train
67957,train
56339,train
64799,train
21014,train
53503,train
63216,train
8791,train
45660,train
46074,train
20103,train
23208,train
66496,train
28721,train
11015,train
52407,train
40111,train
65732,train
55824,train
22014,train
39051,train
59118,train
65803,train
9298,train
36597,train
49468,train
22956,train
49312,train
1045,train
17705,train
2084,train
7146,train
44135,train
53307,train
991,train
61391,train
55073,train
51078,train
64929,train
2892,train
40107,train
29106,train
34044,train
3647,train
32972,train
66783,train
46633,train
17276,train
10907,train
37288,train
43157,train
61383,train
7139,train
48574,train
36444,train
28267,train
41980,train
69275,train
24039,train
52183,train
13926,train
20314,train
59215,train
24290,train
34613,train
2557,train
24749,train
8139,train
20446,train
15727,train
16803,train
35208,train
43355,train
39467,train
10532,train
66000,train
29819,train
7219,train
38714,train
989,train
32845,train
20402,train
44759,train
10738,train
42180,train
11304,train
42057,train
28701,train
26535,train
25767,train
11395,train
39060,train
14173,train
45780,train
48718,train
46070,train
4763,train
16131,train
5718,train
26786,train
58347,train
45845,train
56802,train
44995,train
67658,train
16738,train
48118,train
57370,train
63112,train
1025,train
15547,train
64415,train
46814,train
23419,train
5509,train
51785,train
23354,train
37484,train
29254,train
62310,train
56352,train
36562,train
15379,train
34327,train
4585,train
67670,train
17081,train
42851,train
23471,train
6531,train
35544,train
32863,train
55918,train
29609,train
18914,train
6835,train
32990,train
32714,train
3813,train
45769,train
29340,train
50221,train
68524,train
34752,train
61093,train
32660,train
26616,train
62564,train
10023,train
55100,train
66550,train
38606,train
19488,train
60754,train
2617,train
16477,train
49975,train
22193,train
45705,train
33137,train
68949,train
9432,train
2421,train
42206,train
50118,train
21335,train
67532,train
46515,train
65161,train
31458,train
25942,train
36088,train
5979,train
35164,train
48226,train
34339,train
29178,train
59459,train
70231,train
55833,train
11280,train
63405,train
33447,train
25705,train
41116,train
9603,train
25012,train
16677,train
7767,train
58757,train
66595,train
33800,train
57337,train
50064,train
66995,train
35677,train
64155,train
42203,train
12754,train
24382,train
11273,train
59493,train
54413,train
44963,train
7780,train
47026,train
30903,train
15415,train
50453,train
24464,train
37915,train
67090,train
8656,train
14094,train
54693,train
29668,train
39449,train
51028,train
9775,train
61175,train
63067,train
17769,train
26768,train
54891,train
53980,train
44514,train
5192,train
9903,train
33786,train
53431,train
30137,train
40533,train
36279,train
23300,train
3797,train
36116,train
46567,train
12328,train
65505,train
14517,train
26212,train
41714,train
44211,train
67235,train
36473,train
43217,train
68444,train
6038,train
21943,train
2470,train
51781,train
70596,train
41318,train
38325,train
14832,train
46597,train
14930,train
53031,train
11677,train
2496,train
16032,train
15602,train
47821,train
42127,train
29144,train
57593,train
8337,train
37941,train
51051,train
5084,train
26389,train
43462,train
66563,train
41325,train
23716,train
13201,train
50844,train
40466,train
62133,train
55262,train
47145,train
54423,train
68489,train
59858,train
70474,train
23949,train
186,train
10718,train
19663,train
40989,train
28375,train
68006,train
10436,train
61255,train
54174,train
43442,train
46780,train
30120,train
70220,train
22205,train
33457,train
62406,train
64026,train
30787,train
19384,train
45878,train
52628,train
62775,train
63748,train
36199,train
32274,train
50094,train
12916,train
41456,train
11653,train
65496,train
30274,train
38299,train
18648,train
20246,train
26162,train
29297,train
42374,train
60042,train
54464,train
1540,train
1044,train
62157,train
17590,train
11438,train
16025,train
53025,train
31648,train
59160,train
36373,train
17604,train
22722,train
6140,train
24327,train
64745,train
42298,train
68016,train
13105,train
16484,train
46562,train
17919,train
6597,train
4247,train
53582,train
10595,train
64593,train
43982,train
7324,train
55175,train
16749,train
37513,train
15254,train
28995,train
14254,train
24891,train
57471,train
67256,train
66008,train
62581,train
37567,train
4766,train
5808,train
36188,train
12811,train
41098,train
2652,train
69070,train
19198,train
7608,train
40232,train
34413,train
55310,train
18993,train
51063,train
32217,train
62934,train
29697,train
51720,train
12058,train
2734,train
17418,train
10826,train
31693,train
58483,train
19529,train
34848,train
54158,train
60016,train
12851,train
47559,train
32645,train
29317,train
68675,train
31461,train
58114,train
1479,train
44010,train
12550,train
64967,train
68792,train
31530,train
28153,train
25370,train
60988,train
50982,train
23794,train
53413,train
43764,train
57885,train
3678,train
48351,train
42546,train
45458,train
35760,train
6770,train
65164,train
4387,train
44863,train
399,train
16760,train
53155,train
46216,train
23115,train
68608,train
5746,train
19959,train
42800,train
14003,train
53719,train
49979,train
32983,train
70377,train
9853,train
48100,train
49449,train
60135,train
11648,train
51756,train
56433,train
28221,train
26851,train
41341,train
6000,train
1235,train
45644,train
10787,train
13314,train
10521,train
47972,train
39690,train
49179,train
49106,train
8813,train
40248,train
60493,train
59545,train
61355,train
30980,train
24905,train
26758,train
18008,train
38815,train
43474,train
8351,train
31386,train
9828,train
60937,train
69348,train
4513,train
24859,train
36230,train
46712,train
33515,train
53184,train
40747,train
2537,train
4874,train
47720,train
4545,train
24046,train
44936,train
60041,train
16905,train
54563,train
21307,train
65767,train
42208,train
53487,train
32703,train
34302,train
8731,train
54075,train
68836,train
2361,train
56172,train
55026,train
39014,train
52969,train
68048,train
1974,train
68664,train
34516,train
6583,train
36908,train
43904,train
53225,train
2007,train
55796,train
9641,train
68668,train
4639,train
4049,train
55361,train
56626,train
65432,train
17978,train
58979,train
64024,train
11868,train
57572,train
12376,train
25688,train
24518,train
43721,train
63279,train
26361,train
42148,train
45335,train
37796,train
23535,train
36584,train
30228,train
23802,train
19629,train
10663,train
57555,train
17126,train
63866,train
63063,train
31756,train
61797,train
54746,train
35774,train
9426,train
27289,train
23779,train
27022,train
68685,train
35521,train
53112,train
51084,train
24590,train
39224,train
10777,train
23990,train
49604,train
47970,train
64761,train
6795,train
56709,train
16666,train
61016,train
42577,train
8228,train
39574,train
44561,train
13532,train
24846,train
49943,train
58954,train
29923,train
67398,train
54016,train
27439,train
54539,train
57701,train
18453,train
49828,train
16667,train
62962,train
47358,train
47120,train
10866,train
40316,train
10352,train
1688,train
11357,train
69019,train
50116,train
38835,train
11519,train
36799,train
70325,train
42094,train
55002,train
27776,train
35423,train
37774,train
67238,train
64444,train
39859,train
42516,train
63770,train
53036,train
1572,train
5597,train
35538,train
57960,train
33389,train
16209,train
7526,train
21308,train
31963,train
66140,train
17407,train
26267,train
28061,train
32305,train
62101,train
43099,train
20394,train
28179,train
1353,train
23697,train
63292,train
35817,train
67669,train
2781,train
5235,train
41599,train
45722,train
29905,train
49428,train
43441,train
54269,train
55750,train
36897,train
43106,train
38094,train
54585,train
12788,train
63358,train
54613,train
24894,train
23634,train
63619,train
53178,train
54946,train
17828,train
68166,train
27331,train
14092,train
14862,train
43379,train
10268,train
20620,train
12587,train
66266,train
30392,train
16904,train
52215,train
35722,train
20628,train
49282,train
33134,train
38258,train
7588,train
39906,train
14354,train
48645,train
18135,train
22690,train
59673,train
1606,train
66182,train
16840,train
52216,train
58447,train
34468,train
60099,train
2931,train
22775,train
24568,train
67788,train
40226,train
28062,train
62575,train
45405,train
31946,train
35466,train
53362,train
70051,train
57055,train
63862,train
57096,train
33086,train
44644,train
32652,train
22093,train
13851,train
3203,train
30502,train
26346,train
66826,train
68441,train
59609,train
16993,train
44544,train
52217,train
8385,train
37060,train
13900,train
445,train
59898,train
56676,train
10297,train
36881,train
51190,train
69371,train
68878,train
12368,train
21501,train
43282,train
26251,train
24515,train
30214,train
18130,train
64779,train
5202,train
61987,train
47212,train
18392,train
40500,train
33127,train
55681,train
31594,train
59124,train
25639,train
48338,train
32565,train
45774,train
34462,train
15503,train
48031,train
67008,train
62360,train
25015,train
4525,train
502,train
64409,train
31980,train
62020,train
47878,train
48256,train
46653,train
18940,train
9080,train
29959,train
35285,train
66897,train
27047,train
52611,train
42624,train
7870,train
38037,train
35513,train
8665,train
8307,train
19157,train
14039,train
69366,train
53188,train
14111,train
68899,train
1239,train
59905,train
38863,train
64578,train
22248,train
41185,train
23292,train
33341,train
49565,train
41349,train
18305,train
21727,train
28845,train
31950,train
32145,train
66928,train
23905,train
18377,train
42083,train
13907,train
13774,train
41212,train
52847,train
18907,train
45049,train
18629,train
33970,train
27973,train
6888,train
66274,train
48977,train
54073,train
13784,train
34445,train
300,train
32420,train
24331,train
50310,train
64150,train
61717,train
14398,train
45111,train
49284,train
34889,train
20560,train
21590,train
67212,train
36988,train
53889,train
29243,train
51597,train
36510,train
25183,train
10254,train
29584,train
10385,train
2291,train
70465,train
18919,train
7624,train
68828,train
15567,train
57488,train
54682,train
8570,train
60933,train
63238,train
42498,train
42920,train
10593,train
54425,train
30599,train
68611,train
25371,train
13479,train
10535,train
61362,train
67151,train
29066,train
42505,train
52374,train
27751,train
45426,train
17974,train
17079,train
37471,train
10108,train
37836,train
56140,train
8318,train
33810,train
33392,train
32745,train
28441,train
22766,train
7875,train
67625,train
46508,train
30296,train
7133,train
1709,train
43872,train
50508,train
59757,train
30703,train
56814,train
56527,train
347,train
50355,train
32234,train
53758,train
20932,train
58984,train
58478,train
49094,train
67348,train
44052,train
60029,train
1816,train
18054,train
14611,train
67641,train
20493,train
44838,train
64977,train
33103,train
51468,train
32626,train
33028,train
65160,train
20298,train
38698,train
17085,train
68820,train
1318,train
4738,train
6396,train
43752,train
15138,train
48430,train
34442,train
32794,train
19049,train
3500,train
14658,train
39019,train
42099,train
27659,train
19586,train
64528,train
23646,train
11582,train
54599,train
46016,train
57376,train
19447,train
25896,train
32076,train
18101,train
6773,train
32637,train
2722,train
68169,train
8515,train
6954,train
42318,train
23196,train
62914,train
33021,train
33531,train
42887,train
47981,train
6561,train
56583,train
61172,train
7214,train
25268,train
31629,train
42055,train
17054,train
25827,train
51318,train
4451,train
34321,train
15869,train
69597,train
45087,train
27684,train
60089,train
36838,train
45874,train
12075,train
8343,train
43133,train
19239,train
14327,train
50492,train
12658,train
8818,train
63177,train
41281,train
44830,train
2860,train
63661,train
11683,train
56518,train
64296,train
63940,train
22429,train
36232,train
57145,train
66186,train
23046,train
57126,train
56849,train
28092,train
33206,train
33982,train
46258,train
18539,train
11103,train
48379,train
40850,train
8438,train
30816,train
11614,train
11378,train
62890,train
42606,train
39036,train
67282,train
52399,train
24792,train
65279,train
42262,train
559,train
5986,train
6794,train
4626,train
69714,train
20313,train
7713,train
70540,train
23695,train
61329,train
66494,train
9233,train
25243,train
1925,train
36965,train
16262,train
70281,train
1071,train
30572,train
53355,train
32456,train
45189,train
66077,train
60707,train
41546,train
29119,train
9296,train
17460,train
32685,train
14237,train
46043,train
12992,train
67567,train
64509,train
7656,train
6640,train
20694,train
48661,train
5812,train
23828,train
15324,train
43154,train
55533,train
4752,train
36601,train
2087,train
21013,train
43195,train
20353,train
55189,train
21648,train
31662,train
42747,train
66616,train
22634,train
58566,train
5405,train
25558,train
44123,train
3,train
63260,train
52923,train
4034,train
6230,train
7314,train
60967,train
13402,train
4798,train
34216,train
53161,train
35374,train
19290,train
11260,train
12178,train
34626,train
1977,train
20184,train
30986,train
56098,train
31031,train
16892,train
19778,train
66573,train
13686,train
62645,train
44539,train
15930,train
25573,train
38516,train
39936,train
4746,train
7228,train
21805,train
65512,train
68578,train
26464,train
28300,train
42791,train
6096,train
23099,train
9043,train
37133,train
55306,train
16598,train
10830,train
12485,train
33771,train
23749,train
26058,train
59511,train
28679,train
27903,train
32780,train
22762,train
58903,train
40165,train
21040,train
31861,train
64132,train
69414,train
24912,train
33814,train
240,train
58940,train
66774,train
35340,train
36703,train
24823,train
26392,train
39751,train
68265,train
4903,train
29747,train
2804,train
25124,train
63616,train
35921,train
55686,train
20862,train
55208,train
26335,train
51749,train
25943,train
6221,train
64590,train
53281,train
17309,train
7620,train
3218,train
38459,train
51288,train
3767,train
28315,train
44350,train
27157,train
47727,train
59801,train
57935,train
65920,train
68272,train
65572,train
29832,train
39986,train
70110,train
42541,train
69822,train
66032,train
1288,train
48667,train
42021,train
41430,train
16970,train
65020,train
6548,train
69804,train
47692,train
1374,train
30763,train
54172,train
1728,train
62314,train
64217,train
2765,train
68770,train
69100,train
55407,train
16884,train
1521,train
8950,train
62602,train
57512,train
36334,train
17052,train
7727,train
23435,train
23336,train
43073,train
34079,train
57039,train
27347,train
47805,train
36882,train
69404,train
46330,train
4510,train
48109,train
41176,train
18923,train
4352,train
58185,train
5008,train
45035,train
26640,train
50295,train
48901,train
4771,train
39989,train
24252,train
3558,train
14199,train
39040,train
52774,train
44671,train
60987,train
16862,train
7815,train
9068,train
65611,train
38831,train
26756,train
19789,train
32005,train
44283,train
51565,train
3939,train
11195,train
66885,train
33300,train
62140,train
64111,train
13963,train
30287,train
54802,train
37962,train
61731,train
37642,train
56880,train
31952,train
60688,train
15541,train
70321,train
27169,train
70228,train
54061,train
64639,train
9369,train
55213,train
30642,train
61819,train
69976,train
15690,train
63776,train
17259,train
8105,train
49425,train
67705,train
15835,train
43354,train
68403,train
44695,train
5714,train
9793,train
16779,train
724,train
40200,train
59869,train
27606,train
52922,train
67197,train
11845,train
48171,train
26229,train
68046,train
41607,train
46479,train
64315,train
68509,train
46548,train
66883,train
21685,train
25062,train
59925,train
4619,train
60196,train
14615,train
70351,train
53536,train
39066,train
2914,train
29195,train
64472,train
3873,train
57599,train
55049,train
56928,train
11264,train
49725,train
34678,train
2008,train
25775,train
43986,train
13309,train
10798,train
46680,train
31814,train
35403,train
59061,train
64122,train
1188,train
45020,train
28520,train
69457,train
51252,train
21722,train
1385,train
42929,train
8979,train
68155,train
13103,train
14993,train
24399,train
62206,train
36130,train
10417,train
31094,train
49580,train
27025,train
38526,train
59955,train
68518,train
34985,train
8360,train
634,train
39185,train
53765,train
19913,train
58395,train
22339,train
53323,train
11328,train
39090,train
8992,train
50218,train
27185,train
51954,train
46838,train
8131,train
40354,train
27464,train
57647,train
26159,train
40798,train
10991,train
24451,train
24862,train
64605,train
50928,train
14303,train
61336,train
61842,train
39284,train
17954,train
32424,train
42239,train
42909,train
64553,train
48877,train
20748,train
54583,train
55490,train
58146,train
61963,train
1359,train
17586,train
36784,train
20279,train
36913,train
37797,train
62130,train
40258,train
35540,train
69161,train
1433,train
20245,train
21191,train
68851,train
16370,train
68417,train
37773,train
39730,train
48627,train
19652,train
19928,train
18172,train
61917,train
26456,train
64597,train
5583,train
69528,train
11484,train
3138,train
16457,train
25759,train
69800,train
3456,train
22178,train
56468,train
67236,train
50093,train
17770,train
55727,train
12683,train
37954,train
19740,train
47004,train
17344,train
12648,train
5725,train
38450,train
44942,train
33358,train
68219,train
40260,train
24624,train
7818,train
15365,train
5047,train
19800,train
42061,train
52673,train
44138,train
46364,train
30142,train
43136,train
15795,train
50252,train
46170,train
46733,train
61223,train
52115,train
50601,train
52653,train
2497,train
56181,train
18663,train
57296,train
60608,train
49780,train
27961,train
25389,train
68627,train
21412,train
8290,train
24315,train
4280,train
35569,train
51948,train
31655,train
58835,train
29702,train
16338,train
24646,train
20370,train
64596,train
29380,train
62587,train
24222,train
65261,train
67124,train
16051,train
9970,train
29920,train
52720,train
23285,train
60208,train
59693,train
40508,train
59526,train
52426,train
69427,train
63785,train
48984,train
27821,train
12805,train
7996,train
22808,train
31399,train
33589,train
13380,train
2097,train
864,train
28413,train
66726,train
40485,train
64903,train
22791,train
69169,train
67029,train
5967,train
57668,train
18782,train
17696,train
10482,train
2237,train
8141,train
17891,train
35236,train
5895,train
8552,train
22624,train
64987,train
27065,train
32950,train
62062,train
47011,train
2406,train
4476,train
51524,train
42108,train
50146,train
12420,train
33039,train
51423,train
57282,train
58268,train
4881,train
1214,train
37425,train
57794,train
12357,train
70253,train
56033,train
32193,train
34902,train
70301,train
64303,train
34597,train
65391,train
11344,train
40166,train
27516,train
43989,train
9832,train
7662,train
31476,train
23607,train
35500,train
64870,train
50678,train
67568,train
26731,train
29221,train
23981,train
44113,train
28177,train
55798,train
3973,train
34660,train
68706,train
38215,train
50027,train
28699,train
53377,train
10550,train
21112,train
54918,train
31538,train
12895,train
63981,train
20195,train
42836,train
14391,train
61675,train
24229,train
212,train
25704,train
37880,train
33667,train
48403,train
31442,train
55036,train
45792,train
2966,train
68757,train
41200,train
55624,train
41689,train
34230,train
66581,train
31264,train
57938,train
65789,train
15507,train
39403,train
13329,train
42319,train
28990,train
11203,train
17721,train
27573,train
52239,train
66893,train
65958,train
42646,train
18402,train
50440,train
18333,train
37430,train
47080,train
55445,train
51859,train
12915,train
70012,train
25453,train
26030,train
43343,train
54019,train
57227,train
20759,train
62488,train
34837,train
62445,train
47428,train
36598,train
62435,train
5067,train
39945,train
68123,train
53971,train
22646,train
38601,train
35472,train
34192,train
70496,train
36061,train
37453,train
8769,train
9762,train
25058,train
2115,train
18956,train
11294,train
33618,train
35641,train
35145,train
29428,train
48633,train
41909,train
31418,train
23010,train
6410,train
49839,train
21670,train
4895,train
14608,train
69716,train
6746,train
65497,train
37741,train
39282,train
39660,train
56543,train
22660,train
33652,train
62219,train
11821,train
58584,train
42155,train
28186,train
46013,train
37747,train
14436,train
8058,train
43067,train
18508,train
18011,train
12928,train
17429,train
48677,train
40801,train
51365,train
7067,train
41922,train
49436,train
862,train
68191,train
26158,train
14696,train
23665,train
45672,train
15591,train
2454,train
52766,train
24973,train
65698,train
55255,train
35372,train
36471,train
13671,train
16547,train
34787,train
38007,train
64986,train
62501,train
22347,train
3151,train
63674,train
6151,train
11986,train
2575,train
66503,train
36027,train
7264,train
68381,train
47171,train
42465,train
20687,train
23252,train
15966,train
6547,train
70178,train
30029,train
22574,train
65970,train
62007,train
50488,train
69267,train
63047,train
36982,train
15349,train
35452,train
26431,train
45455,train
2953,train
34121,train
52102,train
19453,train
6419,train
67864,train
721,train
54116,train
1941,train
37578,train
31688,train
18385,train
66533,train
33356,train
13583,train
40375,train
16596,train
50106,train
25670,train
59930,train
69925,train
23590,train
56852,train
66690,train
2867,train
43633,train
22002,train
63149,train
53106,train
55164,train
4268,train
5727,train
1474,train
39035,train
40757,train
32249,train
17688,train
39870,train
51263,train
43063,train
53491,train
55051,train
40574,train
64117,train
68093,train
37849,train
35252,train
67507,train
46049,train
13964,train
25068,train
2841,train
18541,train
4163,train
48452,train
1787,train
49088,train
36841,train
38171,train
35592,train
37079,train
56546,train
69137,train
4433,train
64210,train
53130,train
7414,train
22687,train
60305,train
58236,train
24641,train
24649,train
32695,train
37811,train
63868,train
45570,train
67377,train
59719,train
48844,train
13802,train
22964,train
38862,train
32669,train
63256,train
61729,train
56059,train
37920,train
8627,train
66319,train
30077,train
55381,train
35261,train
46406,train
55211,train
15818,train
69780,train
14183,train
9248,train
53287,train
21783,train
47331,train
22281,train
14386,train
14073,train
30707,train
6912,train
53813,train
325,train
50068,train
29186,train
16161,train
46869,train
6724,train
54761,train
4726,train
30087,train
37923,train
44504,train
66793,train
25557,train
16058,train
41898,train
15955,train
34446,train
1790,train
11353,train
4544,train
23882,train
21998,train
48112,train
59956,train
22384,train
42190,train
49412,train
65935,train
46230,train
8167,train
32899,train
33930,train
6508,train
7248,train
25697,train
41118,train
33944,train
11250,train
18926,train
39334,train
24956,train
3604,train
63848,train
61705,train
11673,train
68988,train
50951,train
7551,train
59199,train
12466,train
38786,train
16256,train
1551,train
70240,train
48039,train
40690,train
68566,train
70541,train
8786,train
45731,train
53173,train
31521,train
15480,train
56082,train
10576,train
62576,train
9727,train
57409,train
28005,train
27387,train
9792,train
12365,train
65405,train
38566,train
52073,train
28593,train
13664,train
18995,train
63068,train
57422,train
46338,train
18290,train
27927,train
41346,train
28121,train
59110,train
35058,train
21352,train
55085,train
62897,train
13570,train
6598,train
45053,train
41870,train
2354,train
14895,train
8476,train
8555,train
45143,train
2768,train
6573,train
20626,train
34798,train
27978,train
58376,train
34375,train
15590,train
58999,train
49234,train
45650,train
60055,train
11834,train
11398,train
67159,train
8146,train
48212,train
69464,train
65482,train
12120,train
64075,train
29094,train
57018,train
42653,train
53953,train
45024,train
15052,train
58555,train
49389,train
58620,train
10648,train
49796,train
14133,train
33581,train
57511,train
20731,train
34198,train
60283,train
7539,train
12736,train
27917,train
53870,train
20112,train
28470,train
10398,train
4276,train
40535,train
10934,train
30640,train
1265,train
59834,train
28119,train
41986,train
70638,train
4402,train
53874,train
33055,train
28977,train
20639,train
17356,train
69602,train
3956,train
60325,train
46183,train
24871,train
26743,train
10726,train
25841,train
22395,train
65138,train
20734,train
47984,train
35687,train
37268,train
14961,train
26879,train
8149,train
24374,train
70404,train
46293,train
41788,train
54924,train
28944,train
48257,train
10758,train
60653,train
58079,train
13588,train
58905,train
50200,train
68098,train
15412,train
34477,train
52643,train
58642,train
52870,train
60758,train
42323,train
34218,train
21845,train
44000,train
51124,train
66531,train
66640,train
58391,train
338,train
12759,train
21188,train
4328,train
7417,train
6021,train
69912,train
1054,train
29756,train
54937,train
23958,train
28278,train
61194,train
66816,train
12281,train
52947,train
32331,train
39784,train
19519,train
25011,train
5606,train
11618,train
35125,train
25042,train
19668,train
66038,train
1612,train
46098,train
69133,train
11229,train
32928,train
62371,train
69588,train
31317,train
31872,train
25464,train
44409,train
70103,train
67786,train
58425,train
22530,train
1848,train
65105,train
27468,train
58489,train
33818,train
21227,train
9660,train
21886,train
39029,train
60746,train
42844,train
49398,train
66080,train
15192,train
54782,train
8667,train
14075,train
7128,train
18382,train
9297,train
362,train
69409,train
31232,train
45493,train
31294,train
16215,train
55065,train
5231,train
41224,train
31223,train
60879,train
61804,train
46896,train
10662,train
15115,train
35585,train
25469,train
6440,train
18638,train
60477,train
69271,train
27643,train
14415,train
49351,train
1456,train
10356,train
54834,train
34617,train
43665,train
8270,train
51296,train
13644,train
14989,train
3401,train
2288,train
1691,train
46879,train
50186,train
14281,train
21600,train
56076,train
58849,train
36730,train
44271,train
60548,train
29796,train
52394,train
68483,train
41852,train
51087,train
50404,train
61606,train
67838,train
56461,train
51666,train
35616,train
67754,train
8455,train
24078,train
48834,train
56825,train
60598,train
29136,train
1196,train
12633,train
15604,train
12891,train
54815,train
13229,train
31267,train
44982,train
56448,train
3977,train
69440,train
55321,train
42954,train
27287,train
48247,train
68858,train
52750,train
1256,train
61750,train
54898,train
35660,train
5690,train
63320,train
66677,train
57751,train
1773,train
34927,train
42750,train
13796,train
30523,train
15977,train
3996,train
62146,train
15467,train
1348,train
29994,train
41666,train
60541,train
60480,train
46261,train
3381,train
60842,train
35560,train
44593,train
39172,train
54434,train
7234,train
68094,train
46204,train
50572,train
35541,train
35361,train
34452,train
25745,train
45999,train
64043,train
19116,train
22508,train
69011,train
9138,train
5409,train
22125,train
19480,train
2128,train
6605,train
6629,train
46026,train
39346,train
69628,train
54369,train
32259,train
20232,train
56474,train
65184,train
61217,train
12763,train
4413,train
5111,train
15177,train
28730,train
33678,train
53196,train
30722,train
66217,train
45611,train
26491,train
18163,train
10270,train
932,train
61973,train
14978,train
50985,train
40176,train
29011,train
47289,train
5691,train
1195,train
47052,train
180,train
33565,train
24047,train
22969,train
62034,train
20326,train
13045,train
33068,train
16319,train
23549,train
5721,train
27405,train
39991,train
32355,train
66432,train
55415,train
3490,train
57517,train
2057,train
66331,train
70515,train
8124,train
64743,train
54957,train
7577,train
36499,train
42349,train
43046,train
61809,train
2385,train
1475,train
10339,train
4395,train
8298,train
51086,train
68916,train
55009,train
11364,train
67676,train
4584,train
11053,train
46909,train
25250,train
42952,train
32306,train
18191,train
24086,train
19564,train
18039,train
2110,train
63493,train
15949,train
39860,train
49434,train
26884,train
13429,train
32012,train
67397,train
45210,train
67702,train
70315,train
39174,train
38465,train
45068,train
52072,train
51881,train
15079,train
1947,train
49656,train
38406,train
15746,train
33582,train
2067,train
33626,train
53016,train
70271,train
21667,train
16438,train
46249,train
36888,train
37657,train
67356,train
69095,train
38961,train
7048,train
49157,train
37219,train
4113,train
16747,train
49667,train
3441,train
5729,train
45564,train
29214,train
57775,train
10009,train
62284,train
61435,train
66270,train
57945,train
19942,train
45475,train
403,train
53027,train
31735,train
15705,train
5810,train
9798,train
41481,train
15887,train
52604,train
18444,train
5418,train
60781,train
60352,train
31325,train
62989,train
62745,train
29413,train
59244,train
4167,train
30959,train
1973,train
11312,train
5284,train
19925,train
33449,train
15451,train
20015,train
5816,train
13453,train
68644,train
27019,train
29496,train
69555,train
67042,train
37480,train
53244,train
63400,train
14499,train
8198,train
34404,train
16029,train
60855,train
34220,train
38225,train
49502,train
43219,train
14911,train
23075,train
11337,train
55503,train
17239,train
683,train
58230,train
44639,train
56500,train
52927,train
51622,train
62746,train
37964,train
52929,train
4987,train
3238,train
23718,train
57539,train
34616,train
40168,train
61743,train
16173,train
43608,train
28268,train
59805,train
61055,train
60972,train
14259,train
33885,train
10365,train
34412,train
51669,train
878,train
11024,train
59538,train
22610,train
14162,train
19494,train
64129,train
31843,train
43480,train
30752,train
20226,train
15529,train
12439,train
17741,train
12301,train
38924,train
46467,train
21120,train
50259,train
47811,train
52822,train
68256,train
17581,train
45139,train
37989,train
44557,train
9195,train
6444,train
29973,train
54221,train
64216,train
69059,train
2808,train
67180,train
42,train
1705,train
58713,train
41564,train
25414,train
19258,train
62171,train
3144,train
19552,train
11045,train
38531,train
43933,train
48653,train
5249,train
26103,train
12157,train
34296,train
41821,train
68639,train
52007,train
61655,train
28548,train
45119,train
45937,train
53849,train
59800,train
68547,train
1971,train
65782,train
12049,train
18758,train
26215,train
69519,train
5915,train
37335,train
49368,train
70543,train
53368,train
22363,train
62095,train
63483,train
69571,train
14885,train
6844,train
11671,train
38985,train
40352,train
32724,train
13833,train
14258,train
41885,train
5913,train
26090,train
3935,train
3981,train
4714,train
52477,train
60241,train
12329,train
2368,train
56016,train
67,train
47177,train
52241,train
20466,train
6722,train
70671,train
45152,train
53068,train
23061,train
34265,train
30022,train
59427,train
12201,train
42681,train
59737,train
61615,train
42383,train
13728,train
407,train
15088,train
42991,train
16204,train
565,train
36409,train
33811,train
40587,train
2663,train
24124,train
8799,train
65900,train
27316,train
68089,train
11779,train
35699,train
56752,train
33460,train
34781,train
27673,train
43200,train
54338,train
69891,train
48383,train
62180,train
31079,train
31281,train
23635,train
27865,train
25703,train
62228,train
64235,train
40726,train
27086,train
39746,train
30437,train
37280,train
51589,train
50339,train
31925,train
13271,train
69731,train
45036,train
25722,train
21015,train
68085,train
7808,train
34822,train
30868,train
18851,train
32257,train
13759,train
39361,train
51891,train
58861,train
24603,train
4514,train
47782,train
14508,train
26240,train
51403,train
38580,train
24019,train
8892,train
21649,train
69845,train
7756,train
47466,train
48859,train
66134,train
53788,train
39103,train
6233,train
19816,train
42613,train
31254,train
30860,train
63702,train
13903,train
69907,train
64730,train
33875,train
63356,train
5003,train
47523,train
41406,train
33540,train
8994,train
47375,train
64904,train
58118,train
24005,train
41297,train
54310,train
33860,train
65877,train
16621,train
10111,train
42418,train
21322,train
24129,train
54667,train
61894,train
29780,train
18490,train
31110,train
24867,train
10368,train
17057,train
30929,train
3060,train
8710,train
48040,train
28937,train
54558,train
62309,train
59917,train
39552,train
57505,train
3046,train
10298,train
16692,train
46358,train
19842,train
53743,train
66747,train
61198,train
6231,train
44990,train
29065,train
46764,train
18485,train
52080,train
37974,train
53795,train
43527,train
48618,train
11433,train
57835,train
66488,train
46833,train
14141,train
46655,train
1086,train
36482,train
23460,train
27377,train
23174,train
45977,train
19854,train
65844,train
722,train
30381,train
64092,train
15614,train
31280,train
41576,train
26827,train
38285,train
55890,train
27399,train
65212,train
2287,train
22442,train
1267,train
56804,train
9817,train
18567,train
67073,train
6423,train
9584,train
5164,train
50415,train
28230,train
57180,train
32024,train
55158,train
67169,train
34944,train
59375,train
70128,train
34275,train
38272,train
64149,train
6421,train
53059,train
34552,train
10402,train
22453,train
3195,train
66478,train
17451,train
59595,train
31786,train
29295,train
274,train
58013,train
17255,train
33345,train
45451,train
21820,train
3826,train
26296,train
2448,train
9822,train
30240,train
44752,train
60012,train
26555,train
9355,train
60327,train
6565,train
64899,train
44007,train
12358,train
45118,train
55691,train
5914,train
27395,train
15439,train
37851,train
8517,train
61168,train
57731,train
48952,train
18753,train
9125,train
28227,train
69888,train
64290,train
67357,train
38771,train
19112,train
27420,train
13016,train
65055,train
70238,train
7383,train
5452,train
36342,train
36961,train
35529,train
32304,train
58097,train
7282,train
10683,train
33856,train
56603,train
70456,train
875,train
18261,train
58290,train
32688,train
23052,train
33653,train
69938,train
19903,train
34252,train
11065,train
10754,train
62869,train
69902,train
55030,train
12627,train
53817,train
10200,train
50673,train
3581,train
67664,train
35996,train
57486,train
34482,train
49492,train
12216,train
57001,train
24618,train
42143,train
56552,train
48982,train
64561,train
63478,train
50173,train
17358,train
26145,train
53816,train
40479,train
2234,train
31385,train
22397,train
9265,train
46079,train
48419,train
14426,train
55127,train
36518,train
30413,train
50771,train
30885,train
37993,train
42826,train
23170,train
48315,train
7765,train
1989,train
51611,train
45554,train
50220,train
50663,train
35456,train
17105,train
51668,train
46028,train
23839,train
36733,train
56810,train
29446,train
65968,train
60247,train
63857,train
28053,train
59861,train
39675,train
5436,train
12403,train
61687,train
27104,train
13680,train
14027,train
64073,train
18149,train
58721,train
32859,train
21472,train
36316,train
18359,train
22719,train
37980,train
34614,train
68522,train
45504,train
54199,train
14069,train
20459,train
65821,train
12913,train
11437,train
52159,train
37977,train
43162,train
49114,train
28855,train
38456,train
26761,train
63344,train
54433,train
2452,train
68184,train
41082,train
18078,train
3400,train
21658,train
21829,train
35630,train
7665,train
43312,train
3811,train
38098,train
51199,train
37142,train
43018,train
8613,train
49176,train
108,train
49002,train
61111,train
50916,train
24378,train
63062,train
2105,train
13381,train
60290,train
50406,train
10872,train
4486,train
30960,train
57303,train
46801,train
19067,train
39855,train
19733,train
5174,train
23544,train
60502,train
62505,train
12272,train
38952,train
27064,train
29703,train
62644,train
4956,train
30673,train
39698,train
40836,train
69361,train
59667,train
7557,train
62152,train
30670,train
9009,train
444,train
63996,train
66214,train
38674,train
23043,train
58096,train
28468,train
12612,train
16334,train
22605,train
5947,train
13584,train
40530,train
17122,train
57076,train
9773,train
32628,train
61957,train
39009,train
69983,train
53675,train
55473,train
60136,train
5140,train
10067,train
21938,train
55050,train
60883,train
23960,train
62109,train
42126,train
69966,train
79,train
14274,train
5030,train
44354,train
35463,train
70452,train
69345,train
4727,train
42694,train
24232,train
30962,train
44204,train
32776,train
22079,train
57663,train
60117,train
12135,train
4624,train
44245,train
30291,train
15461,train
7619,train
58396,train
63362,train
32147,train
10163,train
16499,train
70653,train
52976,train
4344,train
10192,train
14778,train
27282,train
17924,train
17868,train
6139,train
44630,train
20614,train
65841,train
7305,train
67721,train
8533,train
19933,train
40556,train
11560,train
16700,train
53873,train
21163,train
53879,train
65263,train
60070,train
24450,train
18223,train
50669,train
46139,train
15740,train
69203,train
34768,train
36321,train
11875,train
10723,train
3200,train
13164,train
47236,train
34100,train
8538,train
436,train
9313,train
13689,train
27502,train
60139,train
41789,train
50456,train
31535,train
64926,train
42325,train
18515,train
64806,train
57123,train
43471,train
35911,train
36155,train
34464,train
4764,train
5581,train
7076,train
63666,train
8102,train
50511,train
25829,train
16469,train
11939,train
41416,train
43908,train
54522,train
34081,train
63876,train
46860,train
65179,train
9691,train
45454,train
11376,train
54255,train
44556,train
17194,train
30067,train
34245,train
51692,train
40980,train
27200,train
23891,train
35097,train
16220,train
67467,train
55602,train
54638,train
56805,train
9818,train
58915,train
34050,train
50676,train
41036,train
63277,train
28940,train
55459,train
13713,train
28986,train
66351,train
59240,train
41424,train
49823,train
68057,train
40520,train
65758,train
70079,train
35127,train
33481,train
42161,train
27096,train
7863,train
67794,train
52403,train
38717,train
9188,train
48764,train
43447,train
6733,train
48818,train
18906,train
67297,train
55874,train
21672,train
15071,train
4295,train
70292,train
33336,train
15639,train
46823,train
26657,train
25926,train
21366,train
18761,train
24535,train
53562,train
57621,train
18242,train
45067,train
48693,train
55731,train
35140,train
62522,train
53701,train
29835,train
34155,train
34691,train
69764,train
14675,train
57583,train
15511,train
43478,train
56047,train
12911,train
22101,train
58030,train
47595,train
51337,train
51198,train
48092,train
43668,train
39312,train
40818,train
42714,train
63175,train
64847,train
28976,train
63742,train
32405,train
38974,train
3032,train
31860,train
65612,train
5182,train
14713,train
37111,train
4043,train
15512,train
68908,train
45834,train
46154,train
9824,train
12864,train
62172,train
2220,train
3585,train
55524,train
31817,train
16853,train
38645,train
8757,train
67491,train
1697,train
70258,train
32858,train
4071,train
37997,train
2554,train
32163,train
30008,train
51670,train
47104,train
37598,train
40163,train
4616,train
41612,train
3367,train
57500,train
50651,train
68894,train
30442,train
13595,train
26770,train
49169,train
32887,train
24077,train
64494,train
58219,train
19606,train
24179,train
366,train
61475,train
57380,train
1031,train
24840,train
65145,train
12972,train
5519,train
38742,train
67097,train
1277,train
56069,train
21509,train
24375,train
8545,train
44839,train
6366,train
64793,train
33969,train
32033,train
61271,train
50759,train
28354,train
63786,train
1240,train
42593,train
58887,train
49103,train
24922,train
63435,train
52705,train
44342,train
57420,train
3851,train
43835,train
4017,train
16528,train
61222,train
51409,train
64946,train
38338,train
575,train
18257,train
36060,train
42527,train
15483,train
9572,train
53136,train
32680,train
21642,train
48470,train
63859,train
24460,train
14334,train
5998,train
4539,train
66434,train
35110,train
48761,train
27457,train
6834,train
9738,train
13867,train
58092,train
34453,train
69670,train
11805,train
66446,train
42497,train
26645,train
68713,train
11854,train
14624,train
45984,train
19322,train
21005,train
45990,train
31437,train
25629,train
5630,train
20476,train
47797,train
41152,train
19308,train
31857,train
45299,train
20297,train
58899,train
14182,train
30957,train
20152,train
67485,train
55166,train
68251,train
19737,train
67510,train
14144,train
68413,train
11109,train
21849,train
64789,train
30318,train
7854,train
17203,train
27507,train
32365,train
17287,train
52130,train
15176,train
36026,train
45048,train
12444,train
8841,train
66805,train
67873,train
18224,train
53938,train
30397,train
12491,train
11279,train
26231,train
69960,train
1924,train
21281,train
31809,train
47700,train
42591,train
66058,train
48173,train
69885,train
9127,train
58055,train
42707,train
54233,train
9476,train
42532,train
27006,train
30815,train
11924,train
58064,train
38987,train
59252,train
62677,train
23763,train
41746,train
1405,train
53714,train
67307,train
25819,train
21404,train
3549,train
41294,train
10997,train
54489,train
64545,train
3940,train
60512,train
18063,train
49736,train
30612,train
7567,train
21160,train
55946,train
31588,train
65265,train
18743,train
8078,train
46221,train
6071,train
24238,train
37631,train
2061,train
35395,train
66716,train
3868,train
43371,train
27416,train
55883,train
24026,train
25636,train
43076,train
63088,train
29969,train
67369,train
10741,train
65976,train
27830,train
15432,train
20294,train
40395,train
19237,train
34222,train
70304,train
23886,train
34779,train
7113,train
20572,train
15806,train
45361,train
53519,train
26466,train
55749,train
12995,train
49987,train
38471,train
41872,train
20865,train
13263,train
409,train
12884,train
21591,train
22275,train
14253,train
41266,train
21378,train
30702,train
19397,train
3197,train
54859,train
8197,train
59270,train
70513,train
57569,train
50072,train
41561,train
59410,train
35943,train
45759,train
47711,train
12634,train
26480,train
44450,train
58987,train
31684,train
54110,train
61584,train
68358,train
59133,train
53704,train
39798,train
49031,train
35647,train
45369,train
48060,train
46960,train
12618,train
3554,train
11635,train
1666,train
16929,train
31573,train
51554,train
2070,train
43501,train
60551,train
24556,train
65072,train
5101,train
69121,train
49403,train
8221,train
53327,train
43281,train
20611,train
53348,train
31576,train
7099,train
10238,train
30899,train
19021,train
2644,train
55326,train
16057,train
49120,train
16612,train
42706,train
24123,train
28896,train
56856,train
19454,train
47597,train
20724,train
8055,train
43825,train
48612,train
17994,train
10591,train
43588,train
10599,train
68379,train
67544,train
42269,train
7244,train
41841,train
30965,train
50953,train
64771,train
48384,train
57970,train
42484,train
18384,train
44960,train
43405,train
15776,train
41052,train
53471,train
31710,train
58361,train
7858,train
33876,train
55430,train
46687,train
56536,train
37943,train
39721,train
52598,train
40369,train
29157,train
49223,train
39152,train
29135,train
18766,train
46185,train
23989,train
36725,train
3343,train
45471,train
12898,train
68434,train
31368,train
39640,train
24405,train
31823,train
3330,train
31722,train
16341,train
6032,train
18546,train
44610,train
56738,train
44827,train
29587,train
6861,train
40746,train
9715,train
28773,train
25523,train
52534,train
10636,train
40524,train
68804,train
62382,train
68282,train
28328,train
30398,train
12196,train
41704,train
69953,train
13440,train
25240,train
16144,train
20511,train
34667,train
56119,train
21766,train
51731,train
63434,train
57493,train
68649,train
35497,train
645,train
48151,train
61158,train
32741,train
22066,train
34488,train
20050,train
14830,train
69088,train
63631,train
49893,train
6943,train
33951,train
66286,train
43894,train
58748,train
1245,train
64369,train
24676,train
32896,train
18950,train
34764,train
36833,train
6279,train
42892,train
33796,train
19108,train
67642,train
25365,train
30683,train
7573,train
1970,train
5613,train
4332,train
64148,train
28870,train
27014,train
50399,train
66215,train
57293,train
61614,train
19904,train
42763,train
9446,train
10587,train
36020,train
37813,train
21329,train
38318,train
64866,train
13403,train
41115,train
35298,train
32571,train
15373,train
20978,train
37896,train
37982,train
27029,train
33858,train
10597,train
43468,train
20722,train
23647,train
58609,train
5659,train
69876,train
25668,train
22041,train
51428,train
57716,train
15778,train
42467,train
50458,train
5,train
18780,train
5980,train
69739,train
39003,train
62591,train
1230,train
27817,train
62490,train
9999,train
14011,train
27870,train
10910,train
8541,train
25185,train
64751,train
34489,train
10962,train
58666,train
30165,train
52729,train
3087,train
8908,train
30912,train
22139,train
14315,train
28465,train
59109,train
64558,train
25091,train
40639,train
42482,train
51694,train
24228,train
23340,train
43635,train
31197,train
48648,train
17616,train
29641,train
32742,train
6308,train
48143,train
17275,train
44795,train
2956,train
58432,train
16087,train
10842,train
13541,train
32437,train
33366,train
60309,train
3620,train
61184,train
34530,train
9605,train
32131,train
6019,train
69486,train
36050,train
25500,train
6293,train
30000,train
29389,train
64712,train
40261,train
22999,train
53943,train
45114,train
21334,train
64867,train
56751,train
16177,train
40384,train
6033,train
35667,train
40888,train
6246,train
43667,train
49052,train
47287,train
27111,train
52059,train
68023,train
68268,train
47859,train
27680,train
28892,train
69709,train
11574,train
21340,train
62751,train
26255,train
46940,train
21189,train
45645,train
43160,train
48711,train
25483,train
65210,train
4158,train
55516,train
16260,train
48033,train
11793,train
69368,train
61066,train
35460,train
61763,train
47680,train
46386,train
18001,train
6420,train
22862,train
35551,train
15594,train
60667,train
25499,train
56573,train
56366,train
26673,train
5335,train
62834,train
42331,train
7294,train
18323,train
5700,train
8508,train
32622,train
1952,train
33963,train
18898,train
66767,train
53756,train
26056,train
7388,train
61812,train
70211,train
11773,train
53620,train
49748,train
44033,train
17626,train
7430,train
19275,train
14534,train
10761,train
6697,train
67392,train
18715,train
14046,train
55176,train
39823,train
27785,train
68344,train
11529,train
40402,train
66684,train
59631,train
10928,train
35987,train
17831,train
39782,train
11185,train
66399,train
31270,train
54950,train
23387,train
46571,train
15344,train
4521,train
32593,train
29914,train
45151,train
17578,train
69196,train
40709,train
62079,train
52506,train
6759,train
50963,train
15465,train
56096,train
59815,train
43850,train
47791,train
28346,train
6488,train
63095,train
34826,train
45579,train
67168,train
55308,train
16140,train
34778,train
39113,train
50960,train
35747,train
26992,train
13416,train
6447,train
39510,train
61152,train
26746,train
50348,train
15769,train
51791,train
56995,train
63264,train
19426,train
38084,train
2926,train
28261,train
22725,train
8596,train
36058,train
56790,train
39107,train
31096,train
17290,train
65154,train
33493,train
30585,train
9441,train
45540,train
20282,train
56933,train
50840,train
55505,train
44793,train
53894,train
24074,train
33507,train
63695,train
62173,train
27950,train
51780,train
47926,train
5203,train
6910,train
304,train
14193,train
22539,train
43333,train
23254,train
17190,train
33670,train
48245,train
16914,train
35534,train
37469,train
51132,train
22294,train
48805,train
57169,train
27460,train
34825,train
25517,train
18304,train
8649,train
10712,train
23141,train
56510,train
57131,train
23663,train
55256,train
51866,train
20482,train
51635,train
68864,train
22715,train
38277,train
7246,train
25946,train
21755,train
70291,train
51480,train
5173,train
15666,train
12682,train
11962,train
36521,train
11547,train
14824,train
6617,train
816,train
58780,train
57176,train
40682,train
54774,train
17662,train
24692,train
15498,train
42626,train
61559,train
930,train
66539,train
17438,train
39054,train
27732,train
35704,train
37738,train
59638,train
15525,train
22373,train
38931,train
18856,train
7186,train
57638,train
18188,train
41775,train
28507,train
22880,train
58497,train
28881,train
60766,train
60059,train
17506,train
23368,train
44633,train
9700,train
33551,train
1503,train
29132,train
69136,train
26117,train
24614,train
57645,train
59533,train
14820,train
65461,train
15979,train
48260,train
22488,train
60660,train
17004,train
37305,train
51884,train
47485,train
66623,train
53530,train
66681,train
18643,train
67116,train
449,train
11576,train
24133,train
38749,train
53628,train
9545,train
37706,train
25961,train
46395,train
26196,train
43939,train
30321,train
8238,train
7431,train
54344,train
63334,train
19013,train
56257,train
26299,train
584,train
6649,train
56972,train
4389,train
38155,train
37565,train
40438,train
50320,train
48920,train
69134,train
40864,train
58552,train
43684,train
18030,train
68529,train
9857,train
16718,train
14379,train
27948,train
53752,train
28902,train
35441,train
38358,train
70605,train
59543,train
57526,train
10156,train
54841,train
15399,train
11056,train
62137,train
65760,train
24822,train
32924,train
49131,train
2733,train
69894,train
4372,train
29108,train
64435,train
55674,train
27435,train
65602,train
42305,train
31879,train
59469,train
26045,train
40990,train
58985,train
25242,train
15931,train
18329,train
36539,train
67673,train
32478,train
37503,train
282,train
10471,train
17508,train
13712,train
8354,train
63847,train
4696,train
40011,train
36599,train
19039,train
58741,train
19065,train
62520,train
11608,train
45346,train
17819,train
26446,train
39215,train
12932,train
38943,train
4029,train
9516,train
28332,train
29741,train
39288,train
60860,train
66014,train
30441,train
38270,train
42549,train
48687,train
3316,train
63046,train
63202,train
5476,train
6365,train
5987,train
45658,train
52637,train
44974,train
2800,train
70348,train
9191,train
40447,train
46871,train
59019,train
6591,train
26476,train
24771,train
7018,train
1981,train
13146,train
49184,train
15812,train
25247,train
13345,train
26683,train
9196,train
50117,train
21002,train
69394,train
49022,train
65446,train
51845,train
27214,train
12617,train
24585,train
971,train
65048,train
32699,train
10839,train
51958,train
9096,train
11252,train
62108,train
63658,train
45767,train
12725,train
15533,train
60253,train
46947,train
31938,train
52677,train
64310,train
9980,train
22355,train
20524,train
40010,train
66332,train
55349,train
64127,train
40227,train
33123,train
66934,train
65762,train
48232,train
57581,train
21380,train
27809,train
15032,train
13301,train
47928,train
25036,train
18277,train
10519,train
16691,train
69163,train
62537,train
18353,train
54041,train
2436,train
56477,train
3472,train
3573,train
121,train
27500,train
51445,train
50829,train
31000,train
27840,train
69268,train
51538,train
39068,train
28253,train
30798,train
16391,train
55221,train
49868,train
13132,train
5809,train
58529,train
7474,train
13240,train
63512,train
23824,train
11949,train
49763,train
58988,train
39879,train
22078,train
29790,train
43761,train
18095,train
39897,train
49774,train
59472,train
35459,train
65670,train
34814,train
70208,train
32014,train
23238,train
33315,train
6029,train
13896,train
40034,train
57035,train
11022,train
65733,train
70639,train
3047,train
58640,train
67321,train
41875,train
19493,train
47384,train
21271,train
365,train
59929,train
25659,train
64260,train
29531,train
35953,train
65253,train
16149,train
26737,train
48531,train
14301,train
28211,train
61048,train
66359,train
4215,train
7638,train
42520,train
38253,train
6106,train
44526,train
25950,train
7077,train
1621,train
47552,train
21782,train
23806,train
9078,train
66796,train
20708,train
11666,train
24457,train
36290,train
22308,train
968,train
35646,train
60542,train
7702,train
48432,train
13047,train
43156,train
50901,train
65215,train
12660,train
61572,train
10465,train
24671,train
59711,train
56622,train
3739,train
55277,train
56760,train
55387,train
41137,train
52137,train
9071,train
27512,train
42112,train
67434,train
36701,train
28369,train
68582,train
66437,train
19766,train
48412,train
53447,train
13207,train
19235,train
19602,train
33681,train
14483,train
62325,train
18528,train
28014,train
1546,train
22152,train
13315,train
11235,train
14012,train
13771,train
12981,train
24105,train
19896,train
49321,train
3331,train
60697,train
68813,train
40281,train
6961,train
55868,train
38073,train
67651,train
30215,train
55076,train
1796,train
4407,train
39329,train
19020,train
23540,train
63749,train
9884,train
5457,train
44650,train
37300,train
16946,train
69050,train
52919,train
67524,train
43459,train
1943,train
38737,train
1352,train
40919,train
43978,train
48602,train
17903,train
65394,train
38194,train
45861,train
33545,train
61952,train
23309,train
23514,train
48934,train
1174,train
49871,train
9805,train
5849,train
49545,train
38559,train
3724,train
55205,train
4161,train
6411,train
19676,train
64164,train
6268,train
30143,train
35531,train
9364,train
56363,train
43548,train
70364,train
33845,train
60192,train
45827,train
55167,train
26912,train
65606,train
61280,train
40706,train
37468,train
40677,train
66161,train
3708,train
44124,train
50264,train
47738,train
18676,train
32743,train
52227,train
3614,train
30340,train
48081,train
38022,train
25904,train
5824,train
69999,train
46755,train
26003,train
63728,train
20590,train
52985,train
8319,train
57735,train
56988,train
63266,train
33087,train
39707,train
53662,train
49845,train
41603,train
67996,train
16097,train
53486,train
62358,train
60934,train
30055,train
59561,train
35429,train
28395,train
29261,train
14251,train
55978,train
42965,train
16462,train
56399,train
34099,train
33204,train
17985,train
641,train
813,train
3272,train
52065,train
22271,train
21598,train
54023,train
14304,train
19618,train
69277,train
41650,train
30872,train
7802,train
62699,train
18282,train
47313,train
42962,train
69288,train
43968,train
17926,train
39180,train
41489,train
22446,train
4894,train
1204,train
39853,train
61474,train
22471,train
23222,train
13818,train
8749,train
14630,train
57198,train
62779,train
23754,train
7731,train
52463,train
10448,train
62213,train
36981,train
63385,train
60104,train
52572,train
24520,train
4804,train
48422,train
25672,train
22452,train
30627,train
57565,train
70003,train
64223,train
16136,train
34392,train
27836,train
36258,train
48168,train
13658,train
67447,train
6751,train
62279,train
48797,train
32216,train
26557,train
68912,train
9709,train
45280,train
45904,train
37452,train
36466,train
5395,train
40135,train
61069,train
2118,train
28554,train
61879,train
798,train
10208,train
2500,train
18360,train
42336,train
63380,train
70206,train
13466,train
10182,train
63958,train
47604,train
23591,train
28776,train
10796,train
52245,train
44457,train
13941,train
4456,train
57135,train
48610,train
66358,train
55282,train
67683,train
16755,train
18437,train
1982,train
20778,train
42219,train
42170,train
69225,train
43134,train
48831,train
19973,train
15868,train
37905,train
7297,train
12806,train
13898,train
51813,train
58148,train
25631,train
67823,train
32583,train
61914,train
57630,train
30718,train
32248,train
15061,train
64410,train
18202,train
10985,train
40835,train
39207,train
27459,train
57576,train
68990,train
27937,train
26693,train
54280,train
15403,train
6265,train
13752,train
42511,train
4821,train
46609,train
60943,train
2549,train
44771,train
29694,train
47001,train
58616,train
48603,train
49573,train
52599,train
30341,train
10805,train
41735,train
54771,train
62585,train
45377,train
10977,train
17684,train
24934,train
12159,train
50814,train
37918,train
40482,train
28599,train
49875,train
23939,train
57531,train
54664,train
39259,train
60225,train
63673,train
18014,train
8437,train
62782,train
3352,train
7466,train
10906,train
41754,train
37072,train
19469,train
1603,train
10303,train
61479,train
45652,train
37547,train
20008,train
33908,train
22619,train
51928,train
264,train
46215,train
54345,train
15193,train
31211,train
2446,train
51484,train
55786,train
21006,train
33751,train
63276,train
12573,train
60518,train
26919,train
7051,train
40722,train
26155,train
41092,train
59169,train
26723,train
31863,train
34111,train
3560,train
26597,train
42431,train
48665,train
18408,train
10033,train
15247,train
44814,train
20917,train
9606,train
42218,train
29698,train
4504,train
66307,train
51332,train
27801,train
36759,train
34948,train
54421,train
191,train
21056,train
3005,train
44520,train
5330,train
11428,train
28487,train
46644,train
41249,train
11071,train
231,train
19931,train
10367,train
44548,train
8756,train
61931,train
32162,train
33896,train
70391,train
10228,train
25170,train
3698,train
33261,train
6405,train
25780,train
19810,train
45994,train
20738,train
5119,train
57798,train
21803,train
2589,train
60806,train
21476,train
46126,train
47406,train
36515,train
34360,train
56464,train
24406,train
23933,train
28238,train
4781,train
21810,train
2459,train
8159,train
2921,train
66173,train
52761,train
6916,train
53382,train
48519,train
19611,train
38435,train
60805,train
55035,train
3948,train
26151,train
20094,train
68439,train
12831,train
59583,train
14610,train
28110,train
57810,train
4388,train
11974,train
26602,train
14178,train
44177,train
6581,train
19425,train
12012,train
2519,train
66255,train
24275,train
12117,train
68238,train
67603,train
69936,train
41585,train
25678,train
56953,train
36898,train
28594,train
27162,train
33826,train
50530,train
16978,train
59969,train
44809,train
8061,train
54527,train
29793,train
11917,train
44139,train
70022,train
51812,train
14604,train
19127,train
52292,train
60188,train
22,train
29862,train
28663,train
1901,train
8023,train
50758,train
47042,train
65944,train
10079,train
29473,train
69589,train
24324,train
3093,train
32623,train
16950,train
37662,train
26803,train
1492,train
28678,train
3669,train
10969,train
19283,train
65504,train
37913,train
64246,train
69940,train
34237,train
45524,train
44017,train
33833,train
62394,train
68250,train
224,train
59389,train
55330,train
10244,train
9495,train
8752,train
42943,train
5134,train
28649,train
56794,train
52852,train
59235,train
41764,train
12635,train
32809,train
45393,train
64658,train
7115,train
47974,train
53579,train
586,train
33830,train
20027,train
50110,train
3171,train
17018,train
32712,train
42992,train
20142,train
21178,train
4531,train
3740,train
26612,train
7343,train
53749,train
66822,train
4955,train
47818,train
35807,train
15686,train
34256,train
40683,train
56374,train
37715,train
66301,train
36917,train
60914,train
19119,train
70380,train
56743,train
32894,train
48197,train
12521,train
2715,train
69927,train
11642,train
19575,train
55669,train
12210,train
68042,train
48345,train
19786,train
54490,train
10135,train
62189,train
59851,train
11544,train
48837,train
11798,train
69468,train
52665,train
39563,train
2225,train
40371,train
12137,train
31452,train
2273,train
10786,train
20675,train
22955,train
40606,train
56272,train
44824,train
48160,train
4580,train
62495,train
26790,train
27325,train
19681,train
10419,train
42103,train
47284,train
2651,train
61035,train
754,train
64049,train
10218,train
70398,train
29831,train
26971,train
16933,train
31733,train
2870,train
63520,train
62749,train
50995,train
51800,train
63448,train
18005,train
18110,train
21106,train
11099,train
15034,train
68062,train
60798,train
42396,train
36125,train
29033,train
35248,train
53594,train
51014,train
59773,train
1561,train
26766,train
64130,train
10071,train
37309,train
27062,train
44513,train
57401,train
4424,train
6571,train
55181,train
56739,train
65174,train
39497,train
10057,train
22772,train
27575,train
2174,train
15626,train
66992,train
28862,train
63807,train
21822,train
39655,train
42513,train
37190,train
46273,train
7505,train
18741,train
28600,train
67287,train
13021,train
31422,train
36544,train
57681,train
9289,train
32917,train
60356,train
67268,train
54125,train
10133,train
36133,train
42758,train
11388,train
49809,train
4351,train
26339,train
58187,train
30863,train
28858,train
17956,train
7433,train
20440,train
19270,train
22720,train
44015,train
993,train
27358,train
56070,train
44555,train
12311,train
1809,train
30831,train
27807,train
36498,train
2096,train
16098,train
65856,train
13186,train
15468,train
48094,train
4967,train
37526,train
37241,train
40046,train
17905,train
20710,train
34838,train
55355,train
13596,train
48167,train
63613,train
9624,train
52286,train
55673,train
9012,train
64300,train
34367,train
29570,train
23936,train
60199,train
49745,train
12068,train
25213,train
58022,train
9346,train
67352,train
13361,train
64454,train
14460,train
4777,train
30490,train
34035,train
7562,train
60888,train
4251,train
30460,train
30157,train
18578,train
5355,train
35119,train
29761,train
30694,train
23840,train
21831,train
283,train
1028,train
63507,train
52202,train
37897,train
15892,train
39355,train
55984,train
36345,train
14913,train
9098,train
21364,train
19934,train
65651,train
51235,train
18263,train
43207,train
21559,train
19665,train
41703,train
41892,train
21144,train
16541,train
16016,train
28291,train
53785,train
41552,train
44622,train
21094,train
59527,train
23715,train
64105,train
46424,train
52579,train
4519,train
55366,train
41234,train
7195,train
11408,train
33595,train
60358,train
43887,train
61304,train
2259,train
27139,train
38309,train
32893,train
25924,train
53606,train
51620,train
19767,train
50592,train
26516,train
57694,train
19147,train
2384,train
5778,train
31064,train
56452,train
17159,train
27092,train
58191,train
61124,train
22401,train
34480,train
42437,train
63453,train
23247,train
49150,train
28080,train
5910,train
17659,train
33817,train
60780,train
58911,train
36163,train
37719,train
605,train
7090,train
5815,train
44378,train
5100,train
2938,train
38347,train
38855,train
40743,train
32627,train
36636,train
637,train
16389,train
55390,train
40117,train
7015,train
34707,train
52689,train
29772,train
70647,train
25662,train
11843,train
9433,train
27304,train
4575,train
11420,train
67426,train
44926,train
6953,train
56771,train
53119,train
62047,train
61393,train
44880,train
11503,train
70011,train
20091,train
3752,train
16368,train
5850,train
37020,train
23866,train
17219,train
66239,train
18690,train
54730,train
49427,train
27929,train
29598,train
21929,train
22304,train
28009,train
34066,train
30115,train
63691,train
50087,train
1077,train
37691,train
23019,train
25271,train
27970,train
50839,train
44720,train
70429,train
62700,train
47128,train
298,train
30540,train
53275,train
8952,train
50895,train
53443,train
14176,train
34065,train
4706,train
22707,train
69796,train
38423,train
36932,train
7011,train
18309,train
65259,train
40350,train
39901,train
36222,train
1659,train
63669,train
15689,train
55347,train
60610,train
33467,train
66291,train
40186,train
42104,train
13085,train
61648,train
7795,train
55743,train
51626,train
49440,train
37304,train
1558,train
67341,train
27719,train
69748,train
67759,train
12545,train
15274,train
50969,train
10732,train
21021,train
40570,train
33059,train
7371,train
18104,train
54285,train
51804,train
35854,train
33947,train
66462,train
14125,train
59957,train
1427,train
37795,train
43272,train
39490,train
60141,train
24414,train
28790,train
57228,train
33257,train
29485,train
6831,train
15920,train
23879,train
66355,train
29987,train
60132,train
20113,train
53723,train
69543,train
56303,train
22923,train
52973,train
60729,train
62904,train
54226,train
2306,train
29028,train
52905,train
29213,train
51021,train
19460,train
13148,train
6800,train
35820,train
32751,train
42255,train
65333,train
48729,train
36999,train
40474,train
27063,train
5444,train
68401,train
13415,train
64641,train
69906,train
67055,train
33306,train
11243,train
23405,train
19742,train
32126,train
25259,train
20615,train
38564,train
69502,train
66060,train
43239,train
12498,train
17941,train
52894,train
29980,train
70185,train
47689,train
46793,train
6006,train
17758,train
16243,train
849,train
37048,train
31231,train
2961,train
27371,train
65592,train
50383,train
1319,train
44961,train
56129,train
62027,train
786,train
23871,train
7404,train
34817,train
9305,train
53700,train
29129,train
69142,train
17566,train
1228,train
36753,train
36558,train
33695,train
60201,train
20185,train
3199,train
64209,train
19464,train
69849,train
56558,train
12218,train
52537,train
1639,train
4118,train
1437,train
60900,train
39321,train
39953,train
11486,train
3821,train
22524,train
62711,train
32885,train
64527,train
26436,train
16306,train
10345,train
38951,train
38055,train
32300,train
63640,train
39841,train
50053,train
35270,train
54393,train
50890,train
58998,train
1919,train
13494,train
40076,train
57478,train
37859,train
62030,train
30201,train
3458,train
10486,train
28549,train
40768,train
22394,train
34874,train
9955,train
61086,train
19089,train
48868,train
50757,train
70172,train
13261,train
38482,train
39724,train
20716,train
27050,train
13592,train
35356,train
50755,train
30526,train
47187,train
6756,train
54292,train
43879,train
69487,train
33469,train
9679,train
51151,train
31847,train
66736,train
65467,train
61645,train
4463,train
28094,train
60214,train
32476,train
45600,train
43826,train
16503,train
34515,train
23541,train
25041,train
12247,train
53239,train
65185,train
58814,train
52541,train
69568,train
17479,train
39190,train
28596,train
61279,train
8057,train
44968,train
38654,train
69623,train
9811,train
64846,train
3644,train
8415,train
57549,train
17139,train
53265,train
27384,train
47796,train
29850,train
60446,train
26991,train
4972,train
68396,train
61608,train
11143,train
34593,train
58428,train
28754,train
15054,train
14340,train
873,train
40374,train
60038,train
42973,train
51192,train
22136,train
596,train
58192,train
26553,train
66431,train
44008,train
39934,train
69792,train
6655,train
65847,train
23611,train
8579,train
44452,train
3781,train
26901,train
18605,train
44057,train
65374,train
13115,train
12632,train
31685,train
46738,train
17405,train
30729,train
57406,train
51913,train
54431,train
14645,train
44476,train
1208,train
4128,train
59398,train
9474,train
15613,train
66680,train
12797,train
814,train
7719,train
63309,train
60579,train
31708,train
2458,train
57707,train
39978,train
58906,train
60968,train
67374,train
29218,train
43363,train
70522,train
52113,train
68493,train
52066,train
30552,train
15075,train
33211,train
52616,train
63553,train
33950,train
56644,train
22781,train
46891,train
20506,train
42700,train
51222,train
38503,train
40321,train
51795,train
60932,train
35106,train
9150,train
70675,train
40243,train
19025,train
1513,train
22472,train
20475,train
66001,train
14516,train
32914,train
32088,train
28619,train
43311,train
70371,train
68157,train
56204,train
43602,train
38349,train
16781,train
65818,train
22701,train
59216,train
69289,train
2424,train
20146,train
45371,train
17953,train
44053,train
19856,train
31873,train
46004,train
32165,train
22870,train
63584,train
43884,train
57832,train
53687,train
26595,train
27831,train
3525,train
46285,train
47445,train
25021,train
33959,train
10791,train
34870,train
27505,train
57700,train
49478,train
49326,train
19256,train
68612,train
1794,train
67366,train
18790,train
37848,train
10098,train
26397,train
9173,train
12046,train
66030,train
63036,train
1573,train
34320,train
7640,train
29070,train
27357,train
2078,train
9702,train
58088,train
44710,train
55069,train
42955,train
3304,train
19545,train
6748,train
41311,train
65607,train
36235,train
15416,train
17568,train
43593,train
60035,train
30098,train
33239,train
63165,train
67119,train
32166,train
17933,train
67829,train
1879,train
47790,train
8418,train
23409,train
28356,train
59841,train
2199,train
35379,train
39429,train
54198,train
48623,train
12427,train
19199,train
27190,train
69184,train
39228,train
22886,train
5157,train
66328,train
39951,train
5175,train
66665,train
1052,train
21326,train
2749,train
38390,train
11702,train
67498,train
69113,train
4970,train
37586,train
50336,train
15287,train
37953,train
47393,train
47264,train
9207,train
41280,train
12679,train
12310,train
57750,train
69075,train
29821,train
48119,train
63079,train
8007,train
26577,train
52972,train
12413,train
57662,train
54529,train
3090,train
2581,train
32868,train
58409,train
57737,train
46723,train
6865,train
32075,train
34949,train
10216,train
23058,train
35141,train
18687,train
28808,train
2774,train
33948,train
51604,train
26438,train
5125,train
51964,train
47589,train
58410,train
24012,train
31167,train
7446,train
28856,train
37551,train
1223,train
30915,train
35085,train
55578,train
62099,train
24955,train
49666,train
40991,train
5016,train
27758,train
70403,train
18910,train
56174,train
26617,train
43886,train
31225,train
24548,train
848,train
26244,train
45282,train
61129,train
24797,train
63252,train
39774,train
64884,train
27733,train
25700,train
12741,train
56895,train
2360,train
27241,train
40162,train
58506,train
17968,train
55535,train
66363,train
17248,train
217,train
17187,train
7763,train
13244,train
21767,train
32481,train
8473,train
47188,train
20157,train
16603,train
4487,train
68171,train
6112,train
66504,train
14812,train
5035,train
979,train
57720,train
11296,train
62496,train
46133,train
35601,train
15714,train
35453,train
47959,train
59412,train
40300,train
40887,train
55492,train
26647,train
63141,train
1095,train
20403,train
24976,train
36609,train
39434,train
35274,train
29478,train
61504,train
50825,train
3815,train
19979,train
56625,train
50485,train
39053,train
48856,train
22729,train
36481,train
54101,train
7492,train
55870,train
8843,train
62740,train
12473,train
62035,train
16608,train
39409,train
66490,train
43284,train
62613,train
3233,train
39109,train
49583,train
68748,train
49027,train
934,train
63804,train
40184,train
5869,train
9389,train
64989,train
70134,train
43881,train
5156,train
59713,train
56876,train
26260,train
17028,train
7485,train
12779,train
3375,train
28113,train
34621,train
53886,train
35116,train
55219,train
44582,train
67951,train
15649,train
68106,train
11606,train
3824,train
8309,train
36386,train
60511,train
19646,train
25547,train
28129,train
43503,train
34160,train
15629,train
11373,train
42134,train
63039,train
25921,train
61000,train
28386,train
16515,train
21688,train
15802,train
15909,train
66906,train
36619,train
37978,train
11114,train
4851,train
2639,train
69593,train
46067,train
797,train
6474,train
52823,train
53559,train
37581,train
51039,train
16831,train
69310,train
12009,train
42051,train
63002,train
29581,train
57029,train
56598,train
19015,train
52321,train
67199,train
51979,train
21622,train
14306,train
4904,train
33176,train
47945,train
27437,train
67378,train
5049,train
22982,train
60876,train
31316,train
29975,train
41291,train
59183,train
56830,train
37532,train
18674,train
39846,train
39886,train
52025,train
54817,train
35446,train
4742,train
19696,train
23051,train
2244,train
37250,train
34029,train
67161,train
51814,train
251,train
12642,train
23386,train
39881,train
47830,train
59066,train
18527,train
34539,train
35896,train
22523,train
68614,train
34548,train
3505,train
30769,train
66033,train
37367,train
18270,train
31235,train
58503,train
25219,train
15695,train
50798,train
23448,train
230,train
69171,train
12186,train
59827,train
766,train
46645,train
23929,train
1120,train
53329,train
66392,train
62604,train
2413,train
26920,train
21000,train
31969,train
26668,train
68994,train
21760,train
22816,train
55057,train
33535,train
5390,train
64600,train
58301,train
4673,train
35510,train
37506,train
38511,train
56330,train
6193,train
67082,train
26925,train
9604,train
26206,train
55687,train
14151,train
63138,train
6498,train
61156,train
25132,train
11131,train
36250,train
3721,train
64195,train
31170,train
59674,train
39022,train
14855,train
62929,train
3107,train
64166,train
9092,train
37490,train
34212,train
69540,train
46233,train
14191,train
41497,train
18849,train
3038,train
2265,train
55333,train
47433,train
6850,train
67807,train
59907,train
45396,train
29600,train
30134,train
38226,train
28088,train
9244,train
52361,train
67629,train
50764,train
22074,train
8639,train
20659,train
53860,train
50815,train
38036,train
63747,train
22165,train
34785,train
10334,train
51909,train
28662,train
23116,train
1221,train
57374,train
16609,train
7020,train
13095,train
14268,train
45009,train
59675,train
5566,train
22038,train
36860,train
11686,train
1689,train
55107,train
53438,train
32864,train
57053,train
34990,train
35692,train
40142,train
26110,train
51433,train
33348,train
30602,train
49626,train
55907,train
22765,train
43823,train
18432,train
61079,train
18428,train
45614,train
15262,train
48472,train
19229,train
42488,train
69388,train
58509,train
51033,train
64268,train
53107,train
28644,train
30017,train
7506,train
21605,train
58393,train
55097,train
63466,train
30436,train
14842,train
65883,train
44647,train
65668,train
38481,train
20958,train
45155,train
44181,train
42601,train
61970,train
54026,train
7880,train
36678,train
43600,train
64631,train
13355,train
57592,train
36051,train
14082,train
47373,train
26318,train
19354,train
26710,train
29468,train
58234,train
17766,train
69023,train
30819,train
59359,train
24605,train
29014,train
33445,train
28675,train
7777,train
52742,train
43245,train
57334,train
37753,train
18866,train
42401,train
60558,train
506,train
15595,train
26173,train
36243,train
46486,train
19169,train
54854,train
29192,train
54264,train
50706,train
38725,train
35716,train
33264,train
3249,train
22883,train
70424,train
17539,train
68897,train
17152,train
29419,train
53964,train
20891,train
54921,train
69179,train
9157,train
13003,train
55470,train
45596,train
12490,train
43087,train
56723,train
43026,train
22696,train
6467,train
42559,train
44327,train
69206,train
41270,train
12771,train
6352,train
58238,train
66965,train
44089,train
40290,train
48803,train
40920,train
52043,train
45034,train
40423,train
45266,train
21467,train
32566,train
46075,train
48262,train
69970,train
35597,train
56710,train
54788,train
52205,train
50623,train
33072,train
58021,train
67033,train
13675,train
33285,train
5180,train
50868,train
3154,train
68789,train
61010,train
30150,train
44293,train
67583,train
62781,train
7447,train
3663,train
19042,train
9065,train
4334,train
52398,train
32321,train
42708,train
42115,train
1906,train
33169,train
40900,train
12899,train
21372,train
57444,train
5312,train
10967,train
837,train
2735,train
17846,train
60159,train
31981,train
47083,train
45633,train
30190,train
34322,train
67649,train
62811,train
7947,train
48847,train
24600,train
44955,train
41983,train
57030,train
44797,train
16907,train
3775,train
30655,train
17971,train
22353,train
44983,train
7563,train
65112,train
51587,train
18611,train
58351,train
32242,train
46789,train
45918,train
12512,train
17870,train
26458,train
54879,train
2759,train
5797,train
69619,train
59991,train
66068,train
53220,train
34668,train
57839,train
23885,train
19922,train
38809,train
57242,train
27621,train
33,train
2653,train
20512,train
36399,train
4939,train
67002,train
30011,train
120,train
12822,train
24701,train
11872,train
28416,train
42573,train
45848,train
20736,train
58419,train
34107,train
69337,train
5151,train
907,train
36526,train
60970,train
26405,train
44127,train
45328,train
2375,train
40728,train
66225,train
1166,train
41685,train
16878,train
24197,train
32528,train
33326,train
4646,train
38121,train
27068,train
19811,train
13486,train
1775,train
10505,train
50929,train
7223,train
57691,train
67173,train
70378,train
38475,train
13751,train
25060,train
4098,train
29435,train
66890,train
58623,train
43631,train
36660,train
56637,train
21369,train
45457,train
15789,train
43538,train
65657,train
10790,train
8213,train
54591,train
35969,train
58292,train
8981,train
69981,train
4500,train
68819,train
37969,train
18970,train
26217,train
26807,train
4209,train
57192,train
64957,train
50602,train
14195,train
63825,train
50937,train
56781,train
8634,train
3985,train
58634,train
50004,train
61268,train
30453,train
50685,train
19377,train
53301,train
47893,train
54673,train
53724,train
12422,train
26126,train
51179,train
63710,train
24298,train
45106,train
58413,train
22869,train
60845,train
30771,train
29548,train
31566,train
23700,train
13062,train
35165,train
38109,train
26996,train
34615,train
30074,train
65609,train
44240,train
57050,train
62450,train
21964,train
17098,train
7968,train
3024,train
62936,train
1136,train
57347,train
28693,train
34694,train
13765,train
38829,train
39238,train
47037,train
55022,train
29665,train
4997,train
48824,train
61922,train
47647,train
13069,train
51753,train
68276,train
17188,train
45594,train
53346,train
26993,train
17127,train
59652,train
52563,train
61294,train
59973,train
40548,train
9996,train
18858,train
37914,train
27899,train
33949,train
65223,train
57780,train
50619,train
40277,train
15442,train
53516,train
60787,train
49443,train
32022,train
4893,train
57856,train
50016,train
12792,train
27168,train
52696,train
43303,train
5838,train
2160,train
67488,train
30264,train
3840,train
38099,train
28409,train
46441,train
49711,train
26976,train
43949,train
40830,train
67329,train
6027,train
56043,train
53772,train
46367,train
3810,train
20381,train
13004,train
7698,train
24359,train
64649,train
34272,train
53474,train
1046,train
13609,train
11204,train
41791,train
11579,train
69496,train
27219,train
20908,train
65619,train
47658,train
13371,train
3992,train
23633,train
29828,train
30682,train
53668,train
15588,train
44820,train
38810,train
11058,train
22910,train
48454,train
3543,train
46173,train
42630,train
35228,train
57639,train
58980,train
49356,train
17025,train
3711,train
31196,train
2590,train
36128,train
48954,train
48359,train
68464,train
20813,train
49493,train
23617,train
56332,train
28329,train
41260,train
54940,train
36352,train
16471,train
55973,train
8277,train
34133,train
21686,train
42780,train
27334,train
26068,train
54861,train
28603,train
3488,train
28904,train
8133,train
27585,train
56910,train
1735,train
12526,train
6727,train
41382,train
27687,train
2550,train
35066,train
51543,train
19556,train
52255,train
15935,train
68617,train
66787,train
69186,train
34342,train
36592,train
16269,train
67973,train
24287,train
64878,train
56425,train
9944,train
4838,train
52201,train
19178,train
25713,train
66962,train
21530,train
5094,train
65565,train
8723,train
61443,train
97,train
17839,train
68824,train
41168,train
29539,train
24854,train
15709,train
68850,train
31698,train
57485,train
42225,train
49961,train
11981,train
1948,train
45668,train
44897,train
36484,train
54723,train
22027,train
67672,train
11104,train
55964,train
40552,train
5968,train
58831,train
17765,train
4679,train
29092,train
17237,train
18798,train
54632,train
61110,train
24674,train
34580,train
9149,train
26280,train
25156,train
28705,train
29404,train
28971,train
975,train
62106,train
42142,train
47902,train
17132,train
44984,train
11365,train
26565,train
53580,train
25947,train
65879,train
55604,train
45970,train
21235,train
60359,train
23261,train
56765,train
41319,train
19598,train
32,train
40636,train
32643,train
47469,train
63675,train
55818,train
8583,train
19720,train
15807,train
57823,train
38599,train
4068,train
1329,train
17149,train
62119,train
21354,train
54466,train
51486,train
7864,train
26782,train
4931,train
58716,train
29155,train
56269,train
70054,train
35376,train
14169,train
48851,train
31958,train
17288,train
65362,train
48965,train
749,train
37066,train
37035,train
20037,train
66283,train
20269,train
56006,train
54829,train
4074,train
58746,train
32739,train
58521,train
60975,train
67877,train
35515,train
5796,train
62693,train
18609,train
30843,train
18974,train
34762,train
18065,train
4942,train
61609,train
27084,train
45354,train
63936,train
17763,train
6454,train
66422,train
40626,train
33820,train
36900,train
30542,train
7827,train
21074,train
35209,train
14794,train
15309,train
1307,train
46598,train
25065,train
70341,train
2300,train
33994,train
52223,train
18968,train
70688,train
10644,train
53677,train
475,train
10355,train
64924,train
5675,train
21319,train
68760,train
53601,train
44754,train
55237,train
53754,train
30895,train
56440,train
8224,train
25441,train
53171,train
64139,train
51551,train
5866,train
50582,train
62568,train
67270,train
41141,train
24553,train
18720,train
67745,train
70614,train
69810,train
26856,train
27074,train
38509,train
14561,train
66104,train
38632,train
56803,train
50382,train
21568,train
41454,train
35482,train
22388,train
4687,train
51591,train
43260,train
12065,train
33563,train
13359,train
66860,train
60123,train
51509,train
4054,train
23169,train
23993,train
70070,train
33701,train
24575,train
47176,train
10032,train
4912,train
69550,train
49280,train
55859,train
901,train
61752,train
23628,train
55725,train
12115,train
45720,train
17486,train
27526,train
2475,train
58203,train
19697,train
20520,train
18370,train
4988,train
37095,train
6979,train
68920,train
4996,train
66216,train
37253,train
48244,train
44201,train
34385,train
3595,train
1322,train
10245,train
29542,train
17792,train
52952,train
37594,train
25452,train
14383,train
37688,train
30128,train
13084,train
55688,train
52430,train
22042,train
37500,train
37820,train
48099,train
28829,train
52646,train
57528,train
15635,train
57756,train
17996,train
6272,train
21466,train
51648,train
41345,train
38768,train
3555,train
46728,train
22268,train
19433,train
6236,train
35504,train
40985,train
41836,train
9057,train
5667,train
60431,train
16506,train
21880,train
17207,train
56548,train
6787,train
40493,train
42311,train
57506,train
61498,train
67611,train
57849,train
16038,train
53282,train
36713,train
123,train
52848,train
1518,train
31812,train
38500,train
65529,train
46675,train
52203,train
4833,train
59695,train
12445,train
27222,train
13998,train
8612,train
65443,train
61182,train
60696,train
32268,train
3690,train
28547,train
59224,train
34962,train
13677,train
5248,train
44946,train
35108,train
4787,train
7645,train
35932,train
21213,train
63455,train
6091,train
22071,train
32417,train
2015,train
53084,train
53522,train
36593,train
56858,train
60724,train
55393,train
64163,train
21431,train
35445,train
55382,train
33141,train
39763,train
33603,train
34544,train
51715,train
38229,train
36893,train
36256,train
22511,train
68562,train
23704,train
33290,train
57451,train
55443,train
35900,train
8409,train
31413,train
61501,train
78,train
58613,train
68007,train
4776,train
41399,train
30564,train
10454,train
29568,train
28075,train
37823,train
34336,train
7118,train
12664,train
42825,train
64244,train
67387,train
69933,train
7416,train
36096,train
38923,train
19048,train
37658,train
24177,train
40279,train
6468,train
9718,train
6924,train
3643,train
63570,train
54813,train
52930,train
56216,train
60500,train
24910,train
12999,train
18137,train
48321,train
63119,train
50933,train
43594,train
41517,train
1640,train
22834,train
31799,train
24569,train
37071,train
50838,train
67416,train
32172,train
3339,train
7399,train
17261,train
26242,train
65178,train
17799,train
4548,train
51487,train
9101,train
58294,train
38088,train
4815,train
24714,train
51117,train
12057,train
66315,train
26794,train
10954,train
8051,train
48392,train
52187,train
28814,train
62876,train
44981,train
58986,train
27228,train
51218,train
63757,train
13656,train
42692,train
9601,train
59611,train
16771,train
29263,train
32401,train
9367,train
2522,train
3448,train
68671,train
44237,train
43961,train
68910,train
7205,train
58812,train
33426,train
16247,train
44183,train
69425,train
15441,train
18526,train
12166,train
25446,train
63108,train
64681,train
10783,train
47807,train
14683,train
35766,train
54623,train
39776,train
23095,train
4111,train
13040,train
65961,train
28558,train
19781,train
1117,train
9635,train
65934,train
3110,train
44381,train
8326,train
16332,train
3004,train
14563,train
53234,train
4053,train
45452,train
9673,train
29564,train
10623,train
48103,train
22679,train
33559,train
59698,train
64453,train
14198,train
43240,train
66069,train
20334,train
31765,train
28127,train
14638,train
31309,train
54671,train
13652,train
1522,train
20867,train
4436,train
53646,train
62042,train
52810,train
46500,train
31304,train
14036,train
49068,train
48552,train
49348,train
2969,train
9321,train
34148,train
62985,train
1577,train
1068,train
59985,train
26180,train
8593,train
65402,train
59200,train
21870,train
60362,train
687,train
32298,train
61792,train
40968,train
70013,train
64587,train
14690,train
60374,train
62408,train
3506,train
31742,train
62247,train
15534,train
67720,train
29181,train
61467,train
7907,train
25906,train
30051,train
43612,train
18036,train
69370,train
21200,train
29207,train
68480,train
35598,train
3798,train
23555,train
65861,train
60048,train
63360,train
63011,train
7720,train
4943,train
46397,train
2600,train
17130,train
13682,train
31518,train
19158,train
32727,train
19962,train
2013,train
26810,train
70499,train
4948,train
27071,train
13399,train
44009,train
9716,train
44164,train
39703,train
45922,train
13811,train
64791,train
33643,train
19142,train
13918,train
48528,train
23348,train
52320,train
62422,train
31389,train
14153,train
5978,train
18021,train
45253,train
52055,train
21778,train
27540,train
37341,train
4157,train
6166,train
53595,train
60404,train
46919,train
25610,train
54705,train
62580,train
62767,train
42117,train
12133,train
47337,train
46141,train
25311,train
3100,train
53430,train
62592,train
21257,train
43891,train
59878,train
35462,train
64936,train
22114,train
18719,train
8099,train
4957,train
39178,train
42333,train
61839,train
11646,train
17390,train
64146,train
66456,train
6792,train
3673,train
41786,train
28958,train
31128,train
54584,train
52093,train
2751,train
58010,train
33945,train
28514,train
56207,train
38505,train
3836,train
45587,train
1654,train
14443,train
36822,train
31382,train
13448,train
18576,train
13879,train
19734,train
368,train
70395,train
38278,train
31542,train
56831,train
41807,train
64249,train
20474,train
12230,train
38404,train
39139,train
16909,train
29758,train
39012,train
69633,train
51473,train
52944,train
45011,train
2818,train
23809,train
46647,train
53460,train
56715,train
44543,train
34165,train
50709,train
17681,train
26170,train
13446,train
66548,train
64710,train
55357,train
61954,train
34986,train
55186,train
20846,train
38462,train
3861,train
12141,train
56944,train
47788,train
30506,train
29383,train
47414,train
45639,train
44522,train
59734,train
44277,train
40128,train
20009,train
67311,train
60633,train
66941,train
3407,train
50932,train
23556,train
62908,train
3714,train
54205,train
27382,train
9684,train
46922,train
45102,train
31212,train
17140,train
37326,train
57591,train
17415,train
8832,train
53175,train
56318,train
58218,train
4494,train
6095,train
52176,train
39505,train
61416,train
4050,train
56061,train
41401,train
46787,train
70455,train
25034,train
45820,train
22533,train
45819,train
24423,train
61818,train
27984,train
29415,train
24037,train
70450,train
5257,train
22458,train
40469,train
70451,train
13750,train
4740,train
56555,train
44374,train
8595,train
49288,train
5868,train
10292,train
36456,train
66345,train
44193,train
238,train
5618,train
7160,train
44321,train
50730,train
57690,train
62855,train
8283,train
52085,train
52448,train
22907,train
10330,train
59128,train
13601,train
46629,train
47989,train
19969,train
39673,train
40246,train
64581,train
32009,train
53135,train
66252,train
47712,train
18671,train
67266,train
46423,train
43254,train
63399,train
20807,train
50007,train
33984,train
25725,train
67330,train
66921,train
38233,train
69603,train
66647,train
15729,train
19043,train
35477,train
51059,train
1036,train
23682,train
52590,train
6741,train
43646,train
5905,train
42688,train
50413,train
577,train
15000,train
37041,train
37347,train
46044,train
12503,train
8175,train
34829,train
62839,train
1423,train
30464,train
61426,train
4381,train
6163,train
67808,train
15572,train
67710,train
57143,train
4608,train
20673,train
60255,train
1311,train
43231,train
54214,train
47573,train
16870,train
65725,train
64483,train
34109,train
56122,train
60537,train
8370,train
35156,train
58517,train
48794,train
67908,train
62072,train
34277,train
52154,train
17151,train
4704,train
5497,train
20851,train
50869,train
5416,train
65027,train
707,train
6201,train
51295,train
58840,train
14590,train
43570,train
34958,train
59509,train
8144,train
70556,train
36460,train
6695,train
35091,train
22295,train
36798,train
48507,train
44267,train
10283,train
63860,train
4174,train
69790,train
47611,train
35650,train
44202,train
55204,train
56498,train
55807,train
25420,train
32094,train
25206,train
43552,train
46716,train
67112,train
67496,train
24227,train
41749,train
40657,train
50808,train
52882,train
19309,train
40444,train
36,train
22015,train
36505,train
58907,train
68869,train
3404,train
16708,train
27153,train
42616,train
52600,train
34683,train
16065,train
67473,train
32472,train
30782,train
16054,train
22407,train
51823,train
50536,train
69514,train
54006,train
69122,train
44749,train
5431,train
22245,train
2003,train
56277,train
31331,train
56280,train
70118,train
27291,train
47046,train
2593,train
59910,train
58328,train
70517,train
44511,train
31202,train
12524,train
12217,train
57040,train
59219,train
34456,train
49050,train
15251,train
47441,train
5328,train
8532,train
25790,train
40334,train
53429,train
13372,train
5516,train
39689,train
12821,train
64526,train
59208,train
28605,train
13058,train
16885,train
18105,train
59617,train
22233,train
19413,train
41486,train
18136,train
8406,train
570,train
69641,train
19538,train
44167,train
54716,train
61868,train
65796,train
315,train
7967,train
49619,train
37838,train
60177,train
48358,train
68072,train
39896,train
1937,train
18211,train
36314,train
3731,train
31278,train
15562,train
35187,train
51045,train
32710,train
6692,train
69544,train
6754,train
63259,train
57458,train
1262,train
15276,train
7468,train
866,train
53737,train
47232,train
65119,train
52261,train
55790,train
66128,train
20527,train
4231,train
6849,train
44517,train
35415,train
19989,train
16253,train
30018,train
50911,train
36513,train
2584,train
10186,train
33458,train
53170,train
54003,train
53411,train
15357,train
34797,train
18838,train
51993,train
24528,train
69168,train
47837,train
55508,train
43479,train
55547,train
10797,train
45005,train
17483,train
37169,train
65222,train
65064,train
6744,train
23225,train
61240,train
22264,train
9079,train
7280,train
37074,train
66066,train
22420,train
38828,train
58453,train
38703,train
63596,train
55982,train
25465,train
48220,train
8997,train
66713,train
54923,train
10416,train
4645,train
8604,train
43169,train
5308,train
35402,train
26324,train
30629,train
54552,train
23299,train
42240,train
45778,train
35845,train
67209,train
3858,train
51159,train
34550,train
21275,train
6337,train
10124,train
60962,train
56188,train
20234,train
62625,train
57516,train
48327,train
7179,train
33328,train
26755,train
5901,train
33629,train
44735,train
34117,train
69178,train
50253,train
40653,train
49109,train
9987,train
62413,train
8241,train
7405,train
61890,train
61402,train
19723,train
49442,train
11973,train
54258,train
38279,train
48745,train
39904,train
67023,train
11791,train
27372,train
67062,train
10354,train
43467,train
6143,train
59341,train
28523,train
49643,train
1703,train
12417,train
55480,train
37531,train
61830,train
14586,train
25640,train
3422,train
65313,train
48815,train
64424,train
21029,train
19902,train
5958,train
42481,train
67260,train
19257,train
1528,train
15107,train
36989,train
27712,train
33438,train
68183,train
3494,train
56834,train
49693,train
5571,train
26764,train
22175,train
13593,train
33892,train
11476,train
4872,train
8582,train
6742,train
8559,train
19780,train
48079,train
56373,train
38310,train
17809,train
30260,train
55972,train
28389,train
67327,train
39661,train
43443,train
66933,train
30458,train
48402,train
4979,train
53109,train
239,train
26278,train
31035,train
56980,train
24354,train
3421,train
34897,train
67805,train
10515,train
38486,train
48072,train
40269,train
48008,train
52083,train
19263,train
20752,train
12569,train
46440,train
27698,train
62571,train
49006,train
52892,train
62516,train
2684,train
12554,train
11397,train
6284,train
42935,train
52356,train
25298,train
30451,train
3286,train
31534,train
42472,train
62258,train
1121,train
21100,train
21630,train
18386,train
41223,train
39455,train
42664,train
28999,train
45336,train
32499,train
13488,train
35314,train
55719,train
21710,train
54759,train
67863,train
36594,train
29689,train
24757,train
34574,train
25204,train
52833,train
23447,train
20182,train
34106,train
68021,train
36003,train
58663,train
32074,train
8295,train
33074,train
35128,train
14465,train
63164,train
33200,train
4836,train
67559,train
62793,train
15288,train
60069,train
5897,train
44227,train
42314,train
41762,train
40849,train
34180,train
3934,train
57542,train
23283,train
29251,train
29440,train
6633,train
66491,train
8890,train
61061,train
9280,train
26751,train
41554,train
9069,train
45165,train
23260,train
42185,train
45408,train
15500,train
55556,train
63579,train
4773,train
14838,train
47374,train
49724,train
20772,train
51266,train
8336,train
47034,train
29739,train
18062,train
58285,train
43926,train
52147,train
112,train
62896,train
43060,train
30685,train
21544,train
6470,train
23012,train
55493,train
22089,train
41038,train
67901,train
14596,train
65062,train
32203,train
6659,train
40899,train
13389,train
28490,train
12401,train
57952,train
413,train
38204,train
8569,train
41048,train
13405,train
66364,train
53542,train
29248,train
39186,train
49003,train
36689,train
48348,train
52108,train
9251,train
55873,train
43304,train
20216,train
69616,train
6731,train
57340,train
48069,train
31845,train
8677,train
29007,train
6728,train
32406,train
66999,train
48058,train
21828,train
61596,train
24670,train
13214,train
19233,train
12268,train
20207,train
20883,train
49665,train
6707,train
1692,train
24214,train
48088,train
65551,train
67257,train
29406,train
16856,train
369,train
57764,train
31739,train
22359,train
27923,train
19081,train
14648,train
9264,train
67233,train
43103,train
69721,train
64086,train
10478,train
68829,train
54718,train
39559,train
6716,train
65906,train
23029,train
41133,train
37646,train
20895,train
34763,train
43484,train
33212,train
13485,train
37443,train
16659,train
36112,train
70307,train
38582,train
49145,train
61644,train
35380,train
48343,train
34223,train
27743,train
7953,train
40891,train
6764,train
50055,train
69228,train
27361,train
40491,train
3662,train
50168,train
47526,train
61394,train
10720,train
14226,train
59379,train
51376,train
33160,train
35934,train
58094,train
43596,train
69397,train
58159,train
16774,train
49004,train
28821,train
30505,train
52879,train
62967,train
55576,train
44825,train
53138,train
8003,train
59566,train
7585,train
12464,train
29700,train
27653,train
39576,train
5997,train
40001,train
40874,train
1232,train
13387,train
23,train
16022,train
47327,train
21865,train
8864,train
9579,train
17041,train
7039,train
20118,train
58377,train
18092,train
8873,train
2583,train
60693,train
31084,train
53775,train
19787,train
39310,train
31734,train
52652,train
44508,train
68557,train
65264,train
33916,train
39388,train
25784,train
17397,train
8619,train
12424,train
18660,train
67088,train
55661,train
35611,train
23437,train
64205,train
45636,train
57318,train
29732,train
32007,train
26493,train
23433,train
47439,train
57428,train
23848,train
31923,train
18389,train
69529,train
4155,train
66625,train
9221,train
58662,train
34900,train
40833,train
47732,train
26286,train
47649,train
40198,train
63821,train
64352,train
27299,train
61600,train
48407,train
61052,train
165,train
9442,train
53223,train
35495,train
50114,train
24962,train
9286,train
62452,train
63967,train
27591,train
47858,train
9506,train
39366,train
32856,train
32364,train
48559,train
65334,train
9395,train
28276,train
39117,train
26995,train
16206,train
8208,train
38557,train
28581,train
42629,train
9912,train
7134,train
63791,train
36087,train
21959,train
70159,train
47576,train
55963,train
10074,train
35771,train
1599,train
8502,train
21661,train
44159,train
17205,train
31649,train
51129,train
15426,train
14467,train
260,train
14103,train
23139,train
38490,train
36877,train
8934,train
47314,train
24128,train
35117,train
5617,train
39924,train
573,train
16324,train
65108,train
15021,train
59798,train
36189,train
14084,train
23569,train
36379,train
28462,train
18321,train
63078,train
9351,train
25859,train
50656,train
5860,train
37260,train
40784,train
48202,train
18999,train
25347,train
5992,train
4711,train
30503,train
35566,train
47041,train
32533,train
33363,train
38721,train
36808,train
45478,train
15866,train
65613,train
46392,train
25620,train
66735,train
21503,train
33735,train
19960,train
64390,train
11485,train
60831,train
51231,train
8289,train
10050,train
24513,train
66884,train
62303,train
5053,train
29345,train
59721,train
53192,train
36239,train
69162,train
9511,train
29174,train
32829,train
15767,train
5737,train
29885,train
50891,train
50514,train
35155,train
22703,train
39458,train
17335,train
2666,train
34540,train
12662,train
47285,train
52048,train
629,train
57887,train
32837,train
29370,train
67806,train
8650,train
22348,train
42930,train
54350,train
18189,train
38011,train
10619,train
31369,train
24733,train
30470,train
11550,train
14552,train
28260,train
55619,train
60609,train
361,train
49864,train
60760,train
57232,train
19159,train
19591,train
69364,train
69640,train
14953,train
66912,train
13702,train
2297,train
6102,train
69826,train
1647,train
26368,train
6854,train
31642,train
9062,train
18996,train
52739,train
66180,train
30390,train
58177,train
40249,train
40205,train
44998,train
35344,train
8978,train
61316,train
24783,train
6005,train
40983,train
976,train
17764,train
10980,train
57186,train
40974,train
12760,train
63922,train
62642,train
52207,train
44387,train
45884,train
43559,train
48355,train
25413,train
21181,train
61105,train
54370,train
37591,train
46998,train
42670,train
37575,train
24032,train
2542,train
21061,train
56898,train
46381,train
53921,train
5936,train
70036,train
56533,train
47085,train
30858,train
10993,train
24500,train
48563,train
14967,train
49141,train
64416,train
35947,train
20913,train
59570,train
15117,train
12959,train
63389,train
67167,train
30900,train
1040,train
37590,train
51062,train
51758,train
14262,train
50195,train
44471,train
34459,train
20880,train
66619,train
21732,train
69101,train
67155,train
65949,train
47824,train
24350,train
60490,train
56843,train
9854,train
19306,train
69531,train
24325,train
55803,train
3896,train
16377,train
13932,train
39395,train
60462,train
53847,train
32746,train
2885,train
45880,train
37602,train
52625,train
13834,train
46730,train
14118,train
56661,train
15857,train
11035,train
27354,train
67753,train
5163,train
64013,train
48782,train
69309,train
66515,train
59455,train
2696,train
41275,train
14050,train
9109,train
63771,train
6721,train
65859,train
44166,train
26921,train
18530,train
16522,train
6698,train
21052,train
17191,train
22900,train
62731,train
47005,train
17250,train
55825,train
64382,train
63498,train
23156,train
20016,train
3346,train
9049,train
27538,train
16804,train
19238,train
62762,train
70026,train
56813,train
34951,train
64487,train
34562,train
63826,train
43957,train
41784,train
5893,train
28685,train
4733,train
41626,train
13094,train
36179,train
54121,train
8095,train
10320,train
53789,train
3003,train
6777,train
40663,train
31493,train
10948,train
30865,train
2282,train
69859,train
51887,train
56961,train
45896,train
21528,train
3897,train
66024,train
2567,train
57613,train
20329,train
36693,train
2700,train
46400,train
8361,train
59676,train
6810,train
51361,train
6582,train
30554,train
45065,train
60076,train
22059,train
12560,train
1014,train
35113,train
66299,train
3121,train
42810,train
42612,train
21508,train
52370,train
65009,train
68586,train
17493,train
3265,train
15842,train
23370,train
38021,train
63705,train
50802,train
56670,train
21211,train
48041,train
29032,train
47082,train
14891,train
67252,train
53571,train
64196,train
57879,train
29505,train
55267,train
53880,train
68330,train
59848,train
24014,train
52156,train
21668,train
54299,train
19228,train
32100,train
30750,train
44487,train
14544,train
30996,train
54649,train
51202,train
13067,train
27248,train
57273,train
53143,train
50617,train
30567,train
8237,train
10234,train
46268,train
53730,train
21123,train
37544,train
18266,train
36223,train
57363,train
28309,train
1696,train
23365,train
22933,train
16934,train
28964,train
25737,train
6084,train
51722,train
2213,train
39908,train
3111,train
4130,train
67892,train
9486,train
47613,train
24634,train
65833,train
66685,train
15173,train
57395,train
38697,train
58057,train
66745,train
10868,train
10778,train
43241,train
9172,train
46207,train
17229,train
66909,train
19717,train
53352,train
53122,train
33258,train
68408,train
10399,train
42181,train
44506,train
41380,train
32215,train
26040,train
62381,train
37252,train
36403,train
40811,train
26125,train
7628,train
47547,train
36566,train
2698,train
66335,train
21675,train
40517,train
19655,train
42949,train
58933,train
46706,train
53997,train
43051,train
63660,train
63217,train
26228,train
4255,train
39810,train
27752,train
53424,train
36863,train
48740,train
70288,train
9626,train
37449,train
44747,train
20801,train
33065,train
35253,train
16197,train
44688,train
38438,train
25708,train
86,train
40461,train
62567,train
46862,train
22734,train
9794,train
11148,train
70569,train
61499,train
6564,train
29559,train
27705,train
50380,train
32457,train
4867,train
44322,train
37410,train
23561,train
23258,train
9973,train
56526,train
27824,train
49390,train
18429,train
38079,train
9882,train
47427,train
8887,train
3692,train
3274,train
1205,train
8911,train
19542,train
48210,train
50779,train
58811,train
8598,train
37391,train
35731,train
49630,train
60813,train
32001,train
19196,train
1550,train
49921,train
3388,train
65291,train
20125,train
10525,train
25860,train
32615,train
32270,train
47224,train
16811,train
20411,train
42666,train
44460,train
30977,train
12480,train
56962,train
46888,train
34549,train
4973,train
53969,train
21879,train
61245,train
54752,train
50109,train
14738,train
64703,train
38861,train
15499,train
10229,train
52352,train
16680,train
39424,train
56100,train
12236,train
17509,train
13043,train
34305,train
25651,train
65703,train
15284,train
51223,train
19416,train
30252,train
7355,train
1315,train
59495,train
59147,train
27423,train
4250,train
34357,train
27605,train
42242,train
18394,train
59337,train
52148,train
40650,train
25633,train
31178,train
17164,train
9704,train
58295,train
65277,train
21210,train
19995,train
24469,train
48874,train
3702,train
18520,train
14374,train
40247,train
32189,train
49938,train
62990,train
24731,train
22525,train
36341,train
54132,train
57730,train
11575,train
35050,train
63074,train
13311,train
63557,train
65219,train
70131,train
57217,train
49778,train
28597,train
60919,train
15978,train
26649,train
8335,train
51366,train
40208,train
5401,train
50744,train
16543,train
57585,train
28891,train
66377,train
64069,train
52999,train
16668,train
10180,train
24347,train
34390,train
54572,train
24588,train
33543,train
5130,train
50012,train
38101,train
33843,train
57185,train
67024,train
14231,train
12265,train
19004,train
49181,train
9733,train
60108,train
46402,train
56416,train
13091,train
31815,train
67429,train
33130,train
64775,train
23546,train
33199,train
14956,train
52984,train
5364,train
53260,train
33966,train
65991,train
5470,train
22130,train
337,train
33361,train
50544,train
27044,train
16312,train
53489,train
13303,train
8416,train
41101,train
68952,train
66167,train
34253,train
63123,train
60243,train
7836,train
32027,train
2325,train
34833,train
57828,train
18917,train
26227,train
1003,train
32522,train
25233,train
61657,train
668,train
28528,train
13522,train
46493,train
37670,train
19956,train
53962,train
37210,train
66352,train
59507,train
67015,train
61494,train
3936,train
17969,train
1543,train
24369,train
37652,train
29810,train
19533,train
2274,train
29664,train
53640,train
45112,train
48520,train
21384,train
19520,train
26032,train
20986,train
65465,train
53614,train
2876,train
1317,train
15617,train
37363,train
10223,train
43430,train
12621,train
17739,train
33929,train
44829,train
65528,train
11276,train
68859,train
43970,train
54270,train
20820,train
30203,train
7634,train
10149,train
26163,train
8463,train
11558,train
3414,train
1913,train
68714,train
12535,train
56554,train
32013,train
64911,train
37401,train
43614,train
48059,train
2539,train
55460,train
10370,train
49167,train
16640,train
17368,train
17943,train
54680,train
66589,train
23090,train
32905,train
45490,train
55932,train
39933,train
37676,train
39160,train
43681,train
46434,train
36854,train
46200,train
29684,train
67799,train
4495,train
19319,train
22034,train
43186,train
24277,train
32040,train
23599,train
66794,train
23863,train
16353,train
5195,train
53919,train
61121,train
42237,train
67910,train
64452,train
11467,train
52706,train
24160,train
52924,train
17747,train
63392,train
62887,train
38813,train
59017,train
711,train
35218,train
57979,train
62676,train
26034,train
14580,train
12728,train
16778,train
34670,train
24219,train
10687,train
37584,train
56462,train
67004,train
25340,train
53671,train
64515,train
613,train
23276,train
37879,train
63625,train
14659,train
40965,train
1440,train
66107,train
61050,train
52655,train
29743,train
30482,train
68519,train
27400,train
49564,train
40422,train
55522,train
35783,train
7055,train
25008,train
15244,train
29244,train
31996,train
30656,train
69447,train
65034,train
5359,train
51665,train
64809,train
26654,train
41033,train
14890,train
17644,train
63343,train
55266,train
63331,train
1824,train
65227,train
69848,train
6445,train
33409,train
66065,train
48316,train
12399,train
56146,train
8092,train
35874,train
4614,train
19762,train
46348,train
18883,train
10925,train
39844,train
52865,train
29536,train
59810,train
19240,train
36022,train
7792,train
68563,train
44554,train
66558,train
53279,train
58440,train
60699,train
22843,train
34604,train
20798,train
70454,train
42429,train
60510,train
25951,train
15252,train
53823,train
32440,train
29740,train
11331,train
8962,train
62014,train
34469,train
56282,train
29403,train
53824,train
13068,train
64975,train
8550,train
62224,train
4214,train
31577,train
36786,train
6965,train
6385,train
33579,train
19765,train
44694,train
36902,train
45420,train
55363,train
13899,train
11796,train
65001,train
28118,train
63909,train
5911,train
24332,train
65010,train
23714,train
27761,train
5297,train
49313,train
17895,train
7961,train
56094,train
13291,train
49659,train
34243,train
15223,train
20549,train
11138,train
51396,train
39684,train
1345,train
36212,train
63045,train
18164,train
9217,train
16490,train
31906,train
50787,train
18244,train
3356,train
45907,train
23778,train
12321,train
50,train
17637,train
40454,train
20031,train
48479,train
34292,train
8514,train
66916,train
64845,train
13219,train
55093,train
58336,train
57462,train
43423,train
19018,train
53216,train
39482,train
5052,train
36453,train
64565,train
24025,train
63223,train
29988,train
53661,train
58018,train
37737,train
8285,train
41457,train
25145,train
33754,train
3059,train
44186,train
24311,train
13041,train
69211,train
60264,train
23326,train
38614,train
48234,train
602,train
54975,train
35028,train
48742,train
39990,train
51978,train
53925,train
9807,train
28243,train
69576,train
22459,train
30951,train
30954,train
13308,train
41111,train
12285,train
17787,train
5891,train
43640,train
26012,train
68791,train
12515,train
31737,train
21564,train
51839,train
62584,train
65894,train
43286,train
39835,train
47997,train
56812,train
54846,train
28882,train
40789,train
43564,train
4535,train
32188,train
50842,train
31262,train
22313,train
33167,train
16835,train
13519,train
40545,train
30468,train
65515,train
37213,train
48972,train
38091,train
31964,train
70523,train
11842,train
60791,train
27247,train
2778,train
22455,train
10502,train
62898,train
21676,train
70113,train
62852,train
48589,train
16922,train
31355,train
37754,train
66219,train
56495,train
8987,train
67216,train
51921,train
54342,train
32434,train
45930,train
70290,train
21706,train
17227,train
2144,train
5205,train
61896,train
44019,train
23472,train
55892,train
10534,train
51606,train
17736,train
49822,train
65377,train
16398,train
34475,train
6674,train
65723,train
33757,train
65817,train
1103,train
49819,train
14758,train
53404,train
3104,train
35879,train
57991,train
41747,train
40299,train
12887,train
21276,train
55843,train
27257,train
63393,train
65769,train
62930,train
50251,train
66919,train
13157,train
51571,train
49888,train
40872,train
15485,train
43203,train
5263,train
39769,train
18574,train
20754,train
23018,train
39290,train
32744,train
42147,train
14995,train
51344,train
34016,train
22276,train
46695,train
42382,train
69131,train
63610,train
56368,train
54740,train
3572,train
67000,train
63810,train
61343,train
42828,train
5211,train
38210,train
42032,train
67748,train
65695,train
41131,train
10047,train
12448,train
10548,train
5483,train
38425,train
35161,train
15669,train
44168,train
35103,train
63743,train
19595,train
12735,train
55954,train
9672,train
34431,train
44965,train
43695,train
22039,train
33450,train
18775,train
56641,train
46614,train
27277,train
38838,train
58626,train
48113,train
17835,train
57523,train
21656,train
14933,train
35105,train
12563,train
4202,train
18925,train
48043,train
19506,train
10087,train
22832,train
17147,train
9493,train
7643,train
37371,train
21665,train
32223,train
15214,train
39078,train
61299,train
19994,train
51095,train
50724,train
34634,train
66708,train
34324,train
67293,train
31409,train
15156,train
66213,train
64788,train
42064,train
14904,train
22953,train
26017,train
37245,train
30452,train
70466,train
37812,train
52588,train
31500,train
33095,train
35587,train
61595,train
58714,train
49495,train
59164,train
45498,train
9050,train
59524,train
42457,train
30003,train
32060,train
46307,train
5310,train
29811,train
69615,train
61101,train
499,train
38180,train
30723,train
9789,train
6149,train
38770,train
33058,train
17119,train
64874,train
59582,train
32157,train
29307,train
20864,train
6511,train
7668,train
47055,train
19064,train
65555,train
44312,train
13457,train
27428,train
46455,train
49854,train
8719,train
34716,train
69356,train
63990,train
55826,train
47877,train
34765,train
1237,train
52835,train
25423,train
8577,train
42597,train
65365,train
67324,train
32804,train
40293,train
26823,train
62766,train
41067,train
8939,train
32271,train
29707,train
24446,train
35810,train
68446,train
65165,train
65299,train
68837,train
33760,train
38695,train
25280,train
33850,train
28358,train
1182,train
30893,train
3819,train
36743,train
51537,train
5867,train
26512,train
69373,train
2989,train
64096,train
46005,train
14892,train
35907,train
32683,train
65434,train
2570,train
62196,train
4832,train
45215,train
41149,train
31717,train
2784,train
47642,train
30953,train
49195,train
38328,train
45439,train
38682,train
20286,train
19714,train
55032,train
9968,train
26524,train
70663,train
3114,train
34774,train
59381,train
3167,train
35976,train
48792,train
39353,train
4791,train
21441,train
42329,train
38527,train
41228,train
49152,train
39081,train
64950,train
19955,train
6549,train
30432,train
55,train
41022,train
25478,train
54447,train
58602,train
49884,train
26290,train
61602,train
19844,train
65770,train
16921,train
22561,train
10452,train
42194,train
59813,train
24616,train
50216,train
19761,train
12591,train
54753,train
7511,train
13838,train
35047,train
41873,train
6012,train
4145,train
48886,train
48863,train
17492,train
43839,train
44289,train
62831,train
56442,train
51876,train
17086,train
33688,train
2019,train
40119,train
9492,train
48758,train
5819,train
55633,train
22343,train
41995,train
39694,train
46134,train
43626,train
26562,train
46122,train
53397,train
63577,train
16288,train
20449,train
35173,train
4512,train
58069,train
48540,train
51739,train
40460,train
65426,train
36074,train
35520,train
70055,train
8836,train
18689,train
55889,train
4270,train
5748,train
20640,train
39801,train
24108,train
13425,train
22389,train
25519,train
34078,train
29342,train
46851,train
27205,train
1777,train
5592,train
64306,train
33654,train
4195,train
14543,train
3391,train
2039,train
59089,train
19195,train
37542,train
16114,train
42184,train
67600,train
68866,train
35439,train
57946,train
24115,train
6967,train
60116,train
47079,train
51673,train
25825,train
41520,train
9074,train
5285,train
43883,train
56632,train
36431,train
26176,train
22214,train
45991,train
52173,train
47014,train
16908,train
12874,train
41174,train
51277,train
20539,train
25787,train
57705,train
4890,train
61071,train
16828,train
7764,train
29633,train
31840,train
27138,train
54467,train
32413,train
60049,train
45670,train
47369,train
61824,train
36410,train
22396,train
35241,train
12843,train
31709,train
12175,train
46161,train
13558,train
47486,train
25869,train
63071,train
55479,train
67756,train
11233,train
29312,train
13339,train
137,train
37405,train
65039,train
42244,train
37093,train
20020,train
54894,train
12609,train
46373,train
49718,train
39246,train
617,train
45045,train
17818,train
54885,train
21881,train
7278,train
34919,train
15675,train
28237,train
21138,train
59228,train
12921,train
70602,train
42547,train
9189,train
26378,train
11704,train
21690,train
67746,train
15043,train
21031,train
24199,train
30096,train
61298,train
52776,train
47220,train
40336,train
62534,train
37179,train
54577,train
45054,train
42012,train
32429,train
5288,train
18093,train
45438,train
60421,train
38166,train
23941,train
12861,train
62060,train
64964,train
64754,train
43435,train
70067,train
41202,train
42956,train
49824,train
17445,train
65476,train
10224,train
14679,train
16877,train
11013,train
4474,train
67037,train
17410,train
20021,train
30298,train
48473,train
21681,train
49375,train
32945,train
63942,train
2576,train
34701,train
69,train
43645,train
10579,train
59491,train
39,train
50555,train
59433,train
817,train
14255,train
16024,train
45373,train
26988,train
61407,train
63792,train
49038,train
65225,train
30509,train
45732,train
16300,train
67511,train
14472,train
16712,train
122,train
69480,train
44039,train
5741,train
9680,train
63089,train
58399,train
13984,train
64334,train
41843,train
16932,train
27199,train
7715,train
64837,train
38289,train
5565,train
3083,train
4288,train
37562,train
19868,train
44394,train
22821,train
57301,train
26669,train
29154,train
41310,train
31481,train
31937,train
35748,train
69928,train
54085,train
29646,train
22437,train
12289,train
51388,train
21219,train
30580,train
27670,train
2977,train
17468,train
30806,train
21927,train
3689,train
16139,train
16465,train
57271,train
48885,train
7471,train
48475,train
19325,train
31164,train
19923,train
64202,train
54395,train
33075,train
57466,train
15393,train
41400,train
51815,train
1793,train
14131,train
24339,train
1886,train
12192,train
57498,train
58402,train
56649,train
12408,train
18311,train
12026,train
9334,train
1669,train
43921,train
1156,train
68531,train
6830,train
22951,train
27700,train
31940,train
31003,train
20635,train
67105,train
47059,train
53378,train
28812,train
54250,train
69446,train
46490,train
5709,train
45234,train
40433,train
54896,train
67094,train
65562,train
8195,train
57163,train
46471,train
726,train
19890,train
50781,train
23727,train
2495,train
22113,train
19156,train
22684,train
59322,train
45401,train
32716,train
30528,train
18155,train
51842,train
61179,train
42774,train
8380,train
69287,train
66007,train
10150,train
25383,train
18023,train
12774,train
15072,train
41455,train
13206,train
21464,train
16110,train
8266,train
39796,train
55283,train
70263,train
21173,train
61177,train
19,train
44890,train
29561,train
39807,train
52206,train
50878,train
54371,train
12184,train
4237,train
65281,train
50834,train
44928,train
42466,train
19656,train
29290,train
60803,train
21631,train
5187,train
51557,train
14640,train
13373,train
49168,train
59331,train
55934,train
31868,train
52589,train
54204,train
23858,train
25168,train
49825,train
2050,train
22386,train
13083,train
25246,train
2543,train
38955,train
67428,train
17355,train
25999,train
5170,train
41732,train
59740,train
25069,train
63867,train
32083,train
21077,train
67975,train
48085,train
46717,train
53157,train
16883,train
53497,train
5965,train
50716,train
15323,train
8805,train
59333,train
5925,train
1911,train
61656,train
68572,train
9372,train
19152,train
69718,train
13065,train
8322,train
55729,train
25000,train
58433,train
15654,train
32173,train
53257,train
65290,train
60230,train
15140,train
21982,train
64912,train
20309,train
11130,train
794,train
11011,train
40592,train
47848,train
1017,train
38528,train
23889,train
24165,train
25025,train
19378,train
21244,train
23526,train
48418,train
27895,train
18185,train
25593,train
26301,train
46167,train
60004,train
44707,train
39601,train
67682,train
39943,train
68711,train
5198,train
45010,train
46676,train
63830,train
26932,train
27286,train
43774,train
3426,train
64358,train
38762,train
47267,train
8600,train
15834,train
20284,train
60062,train
16629,train
11158,train
17793,train
23521,train
47817,train
30578,train
14526,train
48319,train
30938,train
21330,train
5110,train
43735,train
55275,train
61396,train
37463,train
40490,train
63665,train
21296,train
32689,train
18587,train
58806,train
16055,train
20244,train
44032,train
65454,train
50143,train
23412,train
1306,train
58538,train
13104,train
64935,train
55486,train
18714,train
48131,train
47503,train
13733,train
16900,train
29346,train
50630,train
42300,train
65045,train
30169,train
15536,train
15859,train
56010,train
13482,train
22750,train
63808,train
58579,train
57297,train
46283,train
2258,train
4238,train
63311,train
41929,train
65503,train
62847,train
60317,train
11190,train
21126,train
14438,train
14448,train
59654,train
39198,train
62599,train
46505,train
706,train
51316,train
61246,train
69921,train
38922,train
16556,train
6370,train
50045,train
38573,train
58026,train
65336,train
70383,train
53251,train
39974,train
31276,train
1530,train
54698,train
168,train
11288,train
29052,train
69750,train
30242,train
27829,train
2692,train
8984,train
8002,train
42528,train
6555,train
13660,train
26504,train
57611,train
63271,train
56436,train
69239,train
22840,train
52010,train
26264,train
14938,train
53081,train
60994,train
16302,train
45116,train
27035,train
58996,train
5366,train
27508,train
57831,train
8680,train
56078,train
41729,train
38971,train
45027,train
58128,train
58604,train
59903,train
50858,train
16488,train
36059,train
16730,train
66673,train
32558,train
55829,train
34771,train
51195,train
48411,train
14807,train
59297,train
25208,train
46006,train
61448,train
43216,train
43625,train
44908,train
44254,train
23961,train
69773,train
27178,train
51491,train
2858,train
14037,train
33335,train
54261,train
30870,train
33495,train
8775,train
54152,train
11300,train
23586,train
68306,train
57292,train
13178,train
51441,train
57995,train
6464,train
32345,train
60747,train
2704,train
68285,train
35536,train
1164,train
757,train
39777,train
65795,train
64097,train
58731,train
44540,train
15986,train
53836,train
13247,train
41952,train
26204,train
44560,train
17904,train
64718,train
55198,train
45456,train
70156,train
59604,train
13530,train
52076,train
19514,train
15578,train
25936,train
24024,train
6885,train
18481,train
10122,train
51684,train
3891,train
5624,train
43486,train
22831,train
2640,train
8989,train
3559,train
24705,train
8848,train
48957,train
24965,train
36847,train
39245,train
34780,train
42980,train
28146,train
57664,train
35220,train
12363,train
7125,train
44448,train
13057,train
52092,train
7120,train
31505,train
24435,train
13285,train
32450,train
40615,train
6957,train
65868,train
33414,train
33280,train
7362,train
53422,train
10155,train
65170,train
65745,train
32843,train
57383,train
70098,train
64737,train
23862,train
17343,train
57423,train
513,train
55497,train
36542,train
47225,train
49332,train
56737,train
28320,train
24016,train
52222,train
50809,train
44878,train
17664,train
66676,train
45489,train
17015,train
54480,train
39156,train
33779,train
17531,train
29185,train
57848,train
57900,train
66780,train
12980,train
32289,train
4648,train
8788,train
20079,train
29114,train
63171,train
45400,train
1365,train
30368,train
6648,train
45481,train
22576,train
12041,train
68640,train
59610,train
56605,train
68026,train
17689,train
63363,train
30765,train
54592,train
23658,train
64955,train
32640,train
8904,train
38789,train
10656,train
26946,train
56322,train
24363,train
28436,train
58424,train
33698,train
67913,train
33263,train
8822,train
20374,train
12542,train
34057,train
61562,train
26400,train
8581,train
1112,train
11487,train
45613,train
70201,train
51956,train
16833,train
3442,train
6607,train
65343,train
10131,train
21557,train
35373,train
22191,train
52961,train
7290,train
37543,train
48592,train
7615,train
45865,train
9048,train
23126,train
61059,train
44377,train
11029,train
48975,train
31615,train
51517,train
1367,train
49247,train
41314,train
59366,train
18154,train
17103,train
64782,train
47354,train
18935,train
32280,train
38352,train
28980,train
39678,train
38612,train
20980,train
9951,train
31139,train
15170,train
57037,train
31121,train
69412,train
37397,train
26579,train
61005,train
14212,train
59489,train
2045,train
56883,train
29604,train
58168,train
18749,train
61891,train
20143,train
58136,train
34285,train
49123,train
6694,train
2316,train
33912,train
59059,train
21080,train
10451,train
57965,train
56797,train
24211,train
54209,train
35653,train
50789,train
5389,train
24496,train
66715,train
5768,train
66631,train
30516,train
11141,train
34039,train
33129,train
54581,train
22118,train
28037,train
64569,train
6174,train
62084,train
68482,train
7464,train
7940,train
19217,train
4574,train
36006,train
6959,train
64719,train
1526,train
46227,train
4103,train
67757,train
17553,train
33386,train
15106,train
45332,train
48336,train
68112,train
19305,train
41388,train
37200,train
48632,train
43544,train
60082,train
51764,train
42594,train
15890,train
48836,train
38965,train
65995,train
16653,train
62907,train
10013,train
42981,train
59470,train
16304,train
58693,train
61030,train
13668,train
28426,train
55304,train
14870,train
40576,train
57041,train
50020,train
69477,train
9940,train
45940,train
55339,train
21185,train
70592,train
53982,train
56178,train
34850,train
34261,train
9014,train
27571,train
5384,train
32890,train
66584,train
54845,train
56147,train
25861,train
8026,train
22812,train
25138,train
38023,train
26623,train
6689,train
24544,train
45417,train
30773,train
52526,train
47249,train
27560,train
41591,train
62621,train
50033,train
69509,train
53373,train
70163,train
53079,train
28303,train
57928,train
69774,train
808,train
19298,train
18205,train
32974,train
65857,train
28924,train
47301,train
19246,train
65869,train
22083,train
4370,train
70519,train
41218,train
60423,train
51225,train
26659,train
20479,train
41074,train
8854,train
62594,train
3734,train
56799,train
55776,train
40412,train
25231,train
28010,train
54057,train
43987,train
23381,train
54646,train
38954,train
36023,train
20144,train
23201,train
70604,train
19346,train
60343,train
22494,train
55173,train
37344,train
18710,train
11314,train
8225,train
925,train
280,train
67783,train
1220,train
34043,train
37459,train
8108,train
70020,train
27833,train
60865,train
6788,train
69699,train
60949,train
16516,train
58223,train
10046,train
25249,train
63689,train
28876,train
54197,train
70349,train
59175,train
50128,train
42077,train
1449,train
68732,train
70480,train
49437,train
47580,train
51787,train
46188,train
36519,train
3396,train
60427,train
15957,train
23219,train
50591,train
43214,train
46340,train
50579,train
12338,train
27374,train
61199,train
52988,train
49470,train
20390,train
39868,train
30345,train
40509,train
66204,train
7814,train
53054,train
26334,train
40124,train
5602,train
138,train
48650,train
28242,train
40220,train
18986,train
5185,train
24348,train
66285,train
54479,train
55324,train
32224,train
19236,train
66293,train
4861,train
3501,train
24582,train
16644,train
21457,train
21502,train
28168,train
50378,train
53475,train
20703,train
21566,train
13566,train
55021,train
53470,train
7688,train
2198,train
24010,train
35004,train
48277,train
42531,train
35421,train
48747,train
17987,train
12584,train
3763,train
52748,train
43489,train
38238,train
60165,train
60286,train
1494,train
68353,train
24045,train
16773,train
47336,train
58760,train
62473,train
19213,train
7959,train
4485,train
5290,train
5882,train
62498,train
37957,train
52771,train
44674,train
45958,train
23988,train
29933,train
1857,train
28587,train
64199,train
63649,train
50296,train
53207,train
19953,train
6190,train
16212,train
62188,train
3557,train
4152,train
1700,train
2204,train
8610,train
55927,train
37223,train
51598,train
45169,train
65559,train
18627,train
48356,train
53391,train
41262,train
66413,train
64764,train
55632,train
49967,train
57865,train
26044,train
17024,train
59403,train
61833,train
9558,train
37,train
52260,train
16376,train
63437,train
30364,train
61727,train
17745,train
46069,train
15049,train
69551,train
23226,train
21993,train
60146,train
11010,train
69835,train
23244,train
23328,train
61386,train
64255,train
35684,train
63126,train
28983,train
57368,train
32729,train
24583,train
39124,train
56561,train
46820,train
50719,train
60976,train
26744,train
57753,train
3859,train
35920,train
14392,train
67331,train
62499,train
55441,train
58119,train
60733,train
9648,train
61136,train
3440,train
56262,train
11434,train
16808,train
21744,train
68662,train
22228,train
69967,train
13817,train
28139,train
59963,train
36478,train
50569,train
48455,train
26376,train
59613,train
15658,train
17680,train
65376,train
24883,train
21266,train
11745,train
48688,train
60332,train
61746,train
34348,train
33279,train
18448,train
45153,train
36552,train
2866,train
24837,train
950,train
40622,train
34425,train
22462,train
54590,train
49637,train
24659,train
39271,train
55933,train
57255,train
64958,train
40058,train
42860,train
65233,train
52636,train
58583,train
21953,train
65502,train
18449,train
62955,train
69230,train
65577,train
59763,train
5993,train
37801,train
16834,train
12459,train
7596,train
53018,train
31808,train
38660,train
18593,train
65810,train
51163,train
13704,train
60025,train
53839,train
54308,train
49308,train
5025,train
55676,train
16464,train
27311,train
69639,train
9608,train
59250,train
13334,train
15527,train
11983,train
6952,train
58166,train
19162,train
48433,train
7016,train
54284,train
67856,train
11075,train
51981,train
36557,train
46462,train
46142,train
28476,train
20341,train
63567,train
47969,train
7849,train
60189,train
2621,train
33600,train
40819,train
34938,train
57343,train
2036,train
46668,train
26119,train
37899,train
40717,train
8453,train
7790,train
28304,train
29021,train
67138,train
1105,train
20375,train
43747,train
57207,train
53232,train
55929,train
32348,train
70352,train
2330,train
16167,train
15815,train
40108,train
22728,train
10315,train
32292,train
8178,train
12435,train
53611,train
37705,train
40551,train
64619,train
14906,train
23388,train
55756,train
60024,train
21174,train
24040,train
57166,train
4813,train
24338,train
53945,train
64376,train
46766,train
43324,train
25317,train
38355,train
68699,train
69547,train
45584,train
21577,train
49891,train
2238,train
47789,train
41987,train
43075,train
11268,train
27176,train
22809,train
44071,train
4566,train
58723,train
3865,train
42967,train
54189,train
20709,train
46729,train
25751,train
30019,train
15663,train
41593,train
59722,train
46377,train
2819,train
5489,train
2499,train
63013,train
65926,train
28526,train
19634,train
29000,train
64554,train
5937,train
36943,train
60562,train
10940,train
14018,train
38198,train
40702,train
14545,train
59440,train
15577,train
28056,train
5854,train
37063,train
51827,train
30779,train
41159,train
15932,train
53328,train
24546,train
45788,train
21499,train
54823,train
32690,train
56294,train
41125,train
60800,train
9054,train
25181,train
45547,train
42969,train
35564,train
63443,train
10835,train
19222,train
53210,train
56388,train
36720,train
52622,train
5313,train
28646,train
7307,train
25027,train
56044,train
28429,train
2066,train
70430,train
17670,train
6782,train
63618,train
63349,train
28451,train
10210,train
26349,train
5848,train
41170,train
7014,train
30292,train
40361,train
28387,train
46150,train
52821,train
40496,train
16412,train
43903,train
62004,train
65288,train
29487,train
65320,train
44595,train
69127,train
31889,train
44631,train
29685,train
12596,train
10914,train
22745,train
22593,train
22280,train
48451,train
39405,train
34116,train
32455,train
37175,train
57815,train
38199,train
48983,train
3294,train
70577,train
38964,train
18056,train
40816,train
37420,train
25072,train
41051,train
40035,train
63384,train
44697,train
1815,train
28506,train
30196,train
66646,train
39770,train
58297,train
40931,train
26238,train
25673,train
39560,train
59714,train
39620,train
3240,train
56795,train
21338,train
15475,train
43233,train
29387,train
7237,train
45974,train
29842,train
6213,train
51621,train
49644,train
44482,train
4257,train
54184,train
57124,train
56921,train
56387,train
42764,train
70043,train
58006,train
44921,train
17837,train
58321,train
34654,train
38295,train
44075,train
891,train
7794,train
35511,train
50796,train
25727,train
51023,train
27641,train
18174,train
23106,train
47167,train
16348,train
32846,train
5064,train
25590,train
25360,train
44298,train
5474,train
15517,train
52661,train
18446,train
5521,train
23163,train
5673,train
12334,train
36028,train
27778,train
67286,train
46993,train
63222,train
26943,train
32222,train
43110,train
52358,train
41928,train
25791,train
51601,train
62923,train
23452,train
42236,train
9876,train
11769,train
26655,train
6123,train
69500,train
67960,train
38769,train
59581,train
38894,train
22919,train
35938,train
5251,train
34087,train
14494,train
68280,train
58500,train
48707,train
13604,train
12883,train
52418,train
31525,train
35968,train
49576,train
37821,train
55399,train
50637,train
51061,train
24236,train
67981,train
12958,train
37073,train
68680,train
3576,train
15259,train
65773,train
70463,train
64095,train
48398,train
48784,train
46022,train
2399,train
20399,train
26372,train
57404,train
38296,train
49104,train
53235,train
57182,train
14818,train
51220,train
58829,train
5504,train
2954,train
10169,train
1951,train
62340,train
44775,train
26527,train
28191,train
45631,train
25850,train
33981,train
1197,train
5329,train
55694,train
29046,train
25076,train
13333,train
43409,train
8465,train
49707,train
69117,train
53968,train
49692,train
51530,train
52788,train
8923,train
67736,train
66870,train
61822,train
11918,train
11882,train
14137,train
800,train
56014,train
19341,train
8459,train
4136,train
29461,train
11629,train
44585,train
51851,train
33920,train
51918,train
21507,train
834,train
28392,train
12663,train
58993,train
36433,train
17316,train
33596,train
58802,train
57321,train
34677,train
29991,train
37949,train
33247,train
33375,train
69971,train
35613,train
33996,train
15047,train
47919,train
46761,train
18080,train
29628,train
26236,train
63550,train
7100,train
47012,train
11624,train
69893,train
26508,train
68976,train
23975,train
53286,train
49578,train
30289,train
21239,train
68537,train
15558,train
8707,train
45195,train
5465,train
2211,train
68841,train
16615,train
45753,train
13685,train
35813,train
24800,train
49670,train
2659,train
40840,train
23142,train
57646,train
57012,train
53636,train
68273,train
9131,train
42167,train
27362,train
8203,train
48955,train
29027,train
36289,train
11726,train
58318,train
49402,train
8682,train
64756,train
39861,train
69015,train
21742,train
30514,train
63347,train
511,train
25126,train
31993,train
22016,train
4720,train
50539,train
28214,train
21848,train
60983,train
3719,train
7550,train
19461,train
5097,train
45866,train
13904,train
39806,train
29191,train
23150,train
9226,train
68114,train
45875,train
68852,train
63755,train
30785,train
52964,train
38644,train
59755,train
2620,train
51566,train
61282,train
47321,train
54858,train
14299,train
35244,train
33840,train
35796,train
25252,train
37844,train
34037,train
64769,train
28342,train
3444,train
33808,train
1733,train
11343,train
6703,train
30193,train
48682,train
70117,train
23194,train
24685,train
23107,train
58611,train
9689,train
62833,train
47846,train
47002,train
7135,train
10917,train
508,train
65414,train
1900,train
25234,train
54465,train
35381,train
25486,train
27666,train
7227,train
26799,train
18275,train
63388,train
36738,train
10341,train
44853,train
378,train
44233,train
70266,train
23123,train
25296,train
64787,train
68721,train
6339,train
18561,train
12349,train
16762,train
46125,train
70183,train
36324,train
66585,train
15326,train
5230,train
59093,train
53782,train
62736,train
10554,train
35945,train
42985,train
68460,train
62348,train
48397,train
35790,train
58139,train
40468,train
39397,train
30426,train
68442,train
23796,train
50306,train
59784,train
1963,train
41096,train
59671,train
49374,train
2701,train
59029,train
57181,train
67836,train
57826,train
59400,train
68128,train
28068,train
5309,train
395,train
40178,train
53658,train
58491,train
11833,train
66126,train
31580,train
61892,train
55272,train
69504,train
40896,train
67401,train
41329,train
36496,train
59373,train
46203,train
8537,train
46579,train
8229,train
55858,train
65907,train
33040,train
28916,train
38065,train
47701,train
69108,train
24319,train
12639,train
67606,train
6386,train
13391,train
39197,train
35394,train
28638,train
8486,train
5085,train
46784,train
55875,train
56862,train
9299,train
52765,train
11042,train
4760,train
52885,train
64221,train
20377,train
25743,train
2607,train
2881,train
3155,train
64566,train
58719,train
51882,train
36134,train
27430,train
13136,train
336,train
59466,train
46517,train
54307,train
14045,train
26931,train
18549,train
19003,train
17952,train
1776,train
58106,train
69323,train
52515,train
51803,train
45072,train
52405,train
9522,train
65250,train
68703,train
52110,train
8329,train
12693,train
33338,train
62192,train
46245,train
62688,train
65509,train
8485,train
19858,train
51057,train
25782,train
31141,train
24185,train
704,train
5292,train
63489,train
43698,train
24909,train
321,train
21539,train
61075,train
13147,train
69245,train
51556,train
58338,train
29055,train
18218,train
46817,train
20248,train
65872,train
23097,train
58352,train
58329,train
13602,train
19331,train
47920,train
23273,train
59067,train
45089,train
25112,train
16439,train
19648,train
30480,train
27808,train
27850,train
70007,train
26302,train
64349,train
55403,train
42872,train
18814,train
44145,train
40925,train
21444,train
4989,train
45776,train
51727,train
24346,train
50300,train
7594,train
24083,train
15105,train
44807,train
67419,train
15063,train
54887,train
16962,train
15295,train
31689,train
44490,train
34731,train
59892,train
24431,train
4756,train
26247,train
838,train
51331,train
42845,train
4907,train
21674,train
55591,train
25024,train
27702,train
69833,train
57782,train
59627,train
59321,train
61367,train
65252,train
67425,train
65811,train
52799,train
37356,train
61297,train
70294,train
12246,train
66019,train
54640,train
69776,train
10976,train
41893,train
10909,train
8972,train
14682,train
63937,train
12720,train
27728,train
6684,train
45666,train
65084,train
54165,train
54112,train
57795,train
27693,train
28147,train
9908,train
66466,train
32591,train
65339,train
34684,train
18455,train
26150,train
35498,train
9405,train
56354,train
4755,train
33002,train
64586,train
5319,train
2941,train
49636,train
31029,train
16316,train
53042,train
29667,train
35299,train
42258,train
3454,train
22668,train
46657,train
69629,train
30604,train
12432,train
12956,train
35999,train
32687,train
10109,train
50573,train
40544,train
11006,train
68701,train
39404,train
12876,train
20053,train
49723,train
13585,train
54652,train
37290,train
56124,train
53302,train
22473,train
590,train
41206,train
29369,train
52849,train
36436,train
46096,train
31378,train
66138,train
39553,train
69360,train
57715,train
17439,train
65453,train
30179,train
26941,train
29116,train
53495,train
66448,train
65815,train
55835,train
15490,train
52234,train
8820,train
19930,train
61261,train
52118,train
16482,train
16225,train
70324,train
42075,train
20404,train
32580,train
5066,train
68810,train
19710,train
55157,train
9826,train
45927,train
25182,train
52103,train
33062,train
29377,train
48102,train
12727,train
59072,train
56453,train
25385,train
48174,train
53150,train
34173,train
54842,train
65842,train
13627,train
63415,train
4913,train
12676,train
35304,train
16023,train
38917,train
13360,train
25136,train
28524,train
13364,train
27184,train
64299,train
29803,train
52480,train
22492,train
55997,train
42833,train
30562,train
43248,train
218,train
56085,train
9625,train
69873,train
22140,train
21339,train
2923,train
3312,train
1323,train
52866,train
42963,train
43482,train
70366,train
64263,train
32453,train
7028,train
61374,train
26472,train
26287,train
42655,train
52818,train
15119,train
12646,train
34226,train
48590,train
17030,train
52264,train
61716,train
31965,train
26948,train
36631,train
61977,train
35464,train
15479,train
12768,train
18451,train
44361,train
39043,train
33647,train
26495,train
55134,train
32800,train
20036,train
7635,train
68540,train
3742,train
21861,train
33448,train
36108,train
9923,train
55994,train
49714,train
65162,train
24785,train
35308,train
58728,train
15788,train
18312,train
59074,train
34196,train
17500,train
6739,train
8209,train
10117,train
1356,train
29147,train
23757,train
47136,train
36115,train
25885,train
40715,train
16842,train
5020,train
36080,train
66644,train
52756,train
50658,train
40733,train
18503,train
33152,train
26272,train
67666,train
1885,train
53630,train
14249,train
5298,train
4855,train
53717,train
35933,train
27863,train
887,train
46109,train
1860,train
32320,train
37174,train
36135,train
13628,train
58495,train
2678,train
40358,train
17176,train
39453,train
56586,train
18192,train
5648,train
12269,train
66637,train
31019,train
69467,train
51177,train
60237,train
21058,train
62417,train
41505,train
40963,train
853,train
14722,train
34055,train
66761,train
27326,train
55344,train
33775,train
39304,train
68056,train
50437,train
39061,train
36451,train
9121,train
5287,train
64716,train
39267,train
7823,train
39706,train
59465,train
19785,train
12353,train
68391,train
5148,train
41535,train
34662,train
42996,train
34127,train
23035,train
2975,train
69665,train
52238,train
7508,train
56032,train
7423,train
57729,train
49835,train
25014,train
23657,train
44484,train
36269,train
50746,train
2864,train
2758,train
46992,train
20503,train
52758,train
15960,train
6833,train
70363,train
13873,train
62245,train
44412,train
30073,train
10666,train
2191,train
59376,train
23674,train
3194,train
6462,train
15169,train
1225,train
9177,train
50705,train
25839,train
30743,train
44397,train
9575,train
46945,train
52959,train
42852,train
36925,train
63330,train
3420,train
40325,train
13290,train
60607,train
69071,train
46334,train
23193,train
16589,train
19079,train
49937,train
67178,train
11589,train
60884,train
5874,train
60002,train
47733,train
42779,train
23356,train
1766,train
64430,train
36078,train
69183,train
60074,train
59393,train
10789,train
8631,train
10509,train
16995,train
49744,train
1723,train
55340,train
20603,train
14168,train
3556,train
32516,train
5722,train
65455,train
22037,train
32965,train
60328,train
63294,train
25322,train
17530,train
38104,train
25473,train
10829,train
647,train
4411,train
66342,train
1810,train
59189,train
43040,train
48166,train
52674,train
23560,train
49971,train
40065,train
7462,train
33008,train
61446,train
32852,train
65875,train
26220,train
5527,train
33099,train
12734,train
19255,train
43916,train
54742,train
9581,train
50417,train
19282,train
7012,train
70361,train
33053,train
67409,train
28402,train
29252,train
29715,train
40959,train
48325,train
35149,train
31789,train
11523,train
11001,train
59298,train
49082,train
11512,train
44014,train
31296,train
48145,train
53113,train
38956,train
14382,train
61112,train
22541,train
34086,train
12234,train
30835,train
52987,train
4088,train
13444,train
56503,train
5238,train
13979,train
65201,train
42562,train
62385,train
21882,train
37487,train
29582,train
50523,train
34120,train
31624,train
29860,train
38175,train
57302,train
1005,train
44607,train
24986,train
42464,train
34338,train
60346,train
4414,train
50338,train
35378,train
62828,train
65307,train
28851,train
18029,train
54747,train
42373,train
59230,train
46616,train
46513,train
54920,train
60172,train
31982,train
69293,train
3168,train
16075,train
26530,train
64598,train
32045,train
18495,train
41444,train
16602,train
52053,train
55948,train
32266,train
25514,train
5761,train
902,train
68431,train
4688,train
59227,train
13250,train
29400,train
4239,train
42440,train
25747,train
42315,train
64831,train
13727,train
3776,train
64372,train
49411,train
27239,train
47151,train
7398,train
20322,train
26549,train
14909,train
53479,train
25995,train
49028,train
26323,train
62705,train
29364,train
2172,train
48032,train
52856,train
50367,train
34036,train
68165,train
2565,train
49942,train
4625,train
8330,train
61259,train
47679,train
51181,train
6566,train
57941,train
5391,train
34315,train
42448,train
36485,train
15267,train
66305,train
3373,train
32754,train
8014,train
41722,train
62993,train
16785,train
32650,train
54485,train
70355,train
37338,train
41555,train
28934,train
30253,train
42128,train
28114,train
64550,train
8483,train
11,train
10584,train
29960,train
63687,train
58945,train
52623,train
30536,train
3027,train
7828,train
25969,train
26404,train
45843,train
5012,train
7155,train
21863,train
46390,train
62578,train
47137,train
273,train
46422,train
11881,train
46985,train
69220,train
21908,train
40362,train
38398,train
41322,train
16278,train
50008,train
58957,train
47841,train
50861,train
44994,train
16539,train
63340,train
57706,train
17484,train
58581,train
12979,train
29081,train
52814,train
62784,train
32400,train
3461,train
25376,train
11211,train
50312,train
7813,train
35729,train
7658,train
49072,train
12657,train
27159,train
3178,train
37837,train
22192,train
7345,train
51512,train
6921,train
70100,train
42798,train
12118,train
45567,train
30487,train
44103,train
27187,train
6491,train
45264,train
30866,train
65395,train
18090,train
41363,train
32559,train
63510,train
11047,train
66526,train
64604,train
5494,train
6427,train
10728,train
51924,train
55183,train
28076,train
17199,train
55765,train
27521,train
42690,train
14600,train
18991,train
23861,train
18342,train
51025,train
19589,train
38235,train
67703,train
21891,train
10236,train
9565,train
26863,train
38170,train
58902,train
44417,train
60097,train
52458,train
51943,train
42309,train
70049,train
26836,train
34847,train
21823,train
69911,train
60973,train
15682,train
11839,train
63327,train
23942,train
62350,train
68886,train
8413,train
19204,train
33630,train
65543,train
30995,train
4897,train
52585,train
36119,train
17315,train
34620,train
28518,train
53305,train
3099,train
66812,train
43525,train
67424,train
2906,train
23739,train
26352,train
23620,train
13624,train
6379,train
11905,train
27981,train
24013,train
69844,train
25380,train
67391,train
54136,train
69231,train
13266,train
50208,train
16007,train
67336,train
18834,train
42586,train
47030,train
5883,train
63828,train
4024,train
30447,train
68491,train
43147,train
37050,train
60133,train
49606,train
41438,train
51879,train
50149,train
3075,train
64374,train
49498,train
41204,train
51904,train
68078,train
10440,train
12256,train
32438,train
50023,train
64119,train
19293,train
46481,train
68071,train
5621,train
38378,train
54781,train
2392,train
55837,train
9539,train
18521,train
39383,train
40939,train
7231,train
4845,train
37554,train
38165,train
42471,train
6987,train
65597,train
66730,train
50350,train
2886,train
17617,train
6763,train
11942,train
18204,train
61139,train
7848,train
45341,train
11475,train
33624,train
4100,train
10547,train
24367,train
35250,train
30149,train
63811,train
33101,train
65516,train
478,train
41976,train
62166,train
60262,train
14,train
14947,train
5346,train
65890,train
44875,train
61253,train
24320,train
45526,train
44872,train
35846,train
11491,train
29199,train
51976,train
39911,train
2683,train
53738,train
1191,train
19186,train
18124,train
30205,train
8692,train
43623,train
56924,train
15719,train
15011,train
42036,train
30302,train
5296,train
10285,train
56048,train
62341,train
33323,train
28090,train
41452,train
38712,train
3279,train
48544,train
62920,train
69466,train
43577,train
44906,train
40885,train
55919,train
6398,train
61885,train
61557,train
55504,train
25018,train
40436,train
59515,train
12943,train
57679,train
39866,train
10243,train
19661,train
31713,train
25020,train
64646,train
13024,train
25007,train
40585,train
64855,train
57397,train
2138,train
23842,train
29787,train
53634,train
63301,train
7203,train
66249,train
64243,train
60129,train
56028,train
63531,train
39976,train
32078,train
43190,train
39641,train
31781,train
42070,train
58149,train
57926,train
53745,train
23465,train
56087,train
40022,train
48817,train
14609,train
66163,train
717,train
61976,train
32520,train
34746,train
7044,train
44076,train
20177,train
49099,train
58158,train
64344,train
12707,train
69300,train
23317,train
21726,train
24061,train
58357,train
67663,train
1128,train
3922,train
64953,train
22688,train
26016,train
438,train
33374,train
49508,train
37112,train
49097,train
29059,train
29466,train
61017,train
14697,train
35152,train
70619,train
27640,train
61220,train
23558,train
66453,train
44295,train
38556,train
57100,train
20890,train
17939,train
57415,train
36123,train
63403,train
43727,train
33429,train
18850,train
29071,train
12085,train
13144,train
35095,train
59896,train
35493,train
61439,train
31028,train
64489,train
25806,train
30828,train
52726,train
21825,train
14757,train
69224,train
58032,train
48067,train
34863,train
5629,train
4146,train
47602,train
31407,train
66306,train
65530,train
36553,train
39754,train
8772,train
31891,train
19337,train
23002,train
67006,train
48194,train
70497,train
60461,train
69793,train
52918,train
60206,train
48270,train
6208,train
65729,train
35174,train
11737,train
33613,train
28183,train
6320,train
24845,train
7666,train
1401,train
941,train
8529,train
7142,train
32207,train
34904,train
14828,train
44405,train
358,train
63906,train
66809,train
11081,train
40494,train
24573,train
66354,train
39488,train
7929,train
1918,train
18933,train
53577,train
56925,train
134,train
17902,train
52253,train
13102,train
63706,train
1070,train
16202,train
43237,train
3715,train
36355,train
58499,train
6851,train
872,train
33542,train
17306,train
24881,train
16706,train
59056,train
43852,train
37694,train
41728,train
7213,train
53217,train
24855,train
30076,train
56315,train
15191,train
52476,train
1853,train
34954,train
68929,train
31641,train
10453,train
34867,train
51228,train
21341,train
9697,train
52813,train
26307,train
59071,train
47784,train
37284,train
58261,train
34649,train
43495,train
14023,train
47334,train
58337,train
4467,train
986,train
3761,train
5890,train
2643,train
40851,train
18150,train
17254,train
5099,train
56940,train
17876,train
25792,train
41819,train
53256,train
15953,train
68673,train
6278,train
25891,train
58468,train
2412,train
9649,train
49624,train
67616,train
27445,train
14680,train
11291,train
10896,train
46241,train
21787,train
10205,train
40223,train
50791,train
54547,train
35363,train
10809,train
60530,train
51261,train
17424,train
43704,train
21816,train
45804,train
15301,train
41515,train
4930,train
46320,train
60487,train
70449,train
44143,train
31460,train
57130,train
6009,train
43565,train
43815,train
60202,train
15607,train
46526,train
24181,train
37428,train
65181,train
25958,train
6403,train
50652,train
18666,train
12255,train
11094,train
57769,train
33539,train
47185,train
23991,train
23178,train
65618,train
31905,train
68370,train
46847,train
44987,train
24069,train
3789,train
8177,train
38030,train
24580,train
37937,train
51968,train
1584,train
3214,train
30099,train
7047,train
34760,train
18400,train
34820,train
19210,train
28960,train
61764,train
54208,train
6718,train
69787,train
56502,train
42641,train
57377,train
61938,train
16663,train
30197,train
30853,train
20612,train
28738,train
47184,train
59070,train
59464,train
12306,train
55168,train
7151,train
63626,train
34185,train
59025,train
23114,train
23487,train
11269,train
12910,train
33107,train
35502,train
29751,train
68052,train
50021,train
36308,train
36236,train
51837,train
23128,train
37589,train
51872,train
67319,train
41371,train
3857,train
5488,train
52986,train
48861,train
14798,train
55660,train
16938,train
12942,train
68347,train
37744,train
53565,train
63199,train
1360,train
37976,train
52936,train
56255,train
62726,train
50647,train
14219,train
47888,train
55082,train
8713,train
55906,train
19813,train
54382,train
40346,train
52237,train
59890,train
14008,train
25649,train
36555,train
39427,train
56631,train
50967,train
4971,train
69047,train
66686,train
68187,train
31315,train
45276,train
48869,train
25431,train
50158,train
694,train
1727,train
16604,train
9902,train
41450,train
62361,train
23400,train
33093,train
55451,train
56958,train
61398,train
67085,train
32114,train
13669,train
41671,train
41708,train
33901,train
3120,train
40310,train
57435,train
67697,train
4279,train
50307,train
27137,train
19627,train
55771,train
63741,train
3035,train
13782,train
21615,train
17096,train
18466,train
30146,train
58444,train
43223,train
22160,train
58750,train
48930,train
48785,train
45725,train
57883,train
27912,train
24006,train
50395,train
41008,train
16566,train
31788,train
44463,train
65778,train
59877,train
41880,train
24265,train
31266,train
931,train
67446,train
9500,train
18807,train
67609,train
21904,train
46124,train
60588,train
44586,train
68702,train
10,train
43676,train
21201,train
20075,train
64872,train
33318,train
9873,train
33404,train
21859,train
68762,train
46450,train
30754,train
8299,train
60277,train
47352,train
41965,train
3670,train
56378,train
33031,train
12259,train
39317,train
29809,train
6074,train
61115,train
55814,train
39772,train
1488,train
42144,train
54561,train
29274,train
15587,train
53926,train
56391,train
23850,train
67247,train
7743,train
36504,train
3882,train
60402,train
11541,train
51797,train
17467,train
41394,train
1321,train
21595,train
27234,train
6380,train
35167,train
38317,train
16485,train
68133,train
69260,train
70233,train
3751,train
26619,train
15808,train
17582,train
55046,train
29909,train
40417,train
15422,train
34024,train
2504,train
63375,train
6805,train
3951,train
49235,train
6203,train
42928,train
29652,train
24452,train
3307,train
25867,train
43972,train
45213,train
14871,train
56989,train
65472,train
13997,train
49139,train
51594,train
18113,train
6899,train
46228,train
62651,train
45133,train
7249,train
47823,train
21560,train
12940,train
9390,train
19437,train
55284,train
57,train
8894,train
63329,train
14325,train
188,train
56240,train
66386,train
19134,train
7256,train
33104,train
20267,train
55863,train
4549,train
66692,train
5013,train
58091,train
25529,train
39583,train
58375,train
30500,train
40040,train
58031,train
7990,train
20528,train
2308,train
33475,train
36094,train
57136,train
61315,train
6919,train
26631,train
56965,train
33855,train
26961,train
57235,train
14789,train
53446,train
40935,train
51369,train
3245,train
19024,train
55152,train
43226,train
42243,train
58008,train
21214,train
22126,train
23321,train
20344,train
1987,train
35455,train
6995,train
69405,train
52614,train
6523,train
67487,train
41213,train
49885,train
66986,train
56012,train
46558,train
62894,train
18332,train
54235,train
20711,train
11023,train
39131,train
25110,train
40856,train
31415,train
13073,train
18586,train
29692,train
24157,train
4367,train
2699,train
67384,train
34331,train
53935,train
4002,train
68643,train
10771,train
60142,train
66023,train
59163,train
9483,train
23154,train
21424,train
56392,train
62010,train
59380,train
11689,train
33251,train
48768,train
9939,train
26199,train
42871,train
59407,train
30889,train
6478,train
63944,train
28074,train
26736,train
38097,train
27679,train
19812,train
5480,train
10908,train
27885,train
20707,train
12939,train
52474,train
7412,train
55570,train
4069,train
30271,train
65990,train
21616,train
43299,train
53407,train
24543,train
740,train
53349,train
6815,train
45750,train
55148,train
69332,train
39244,train
69030,train
43377,train
38542,train
4710,train
15730,train
21263,train
20173,train
36237,train
21740,train
43619,train
26432,train
48314,train
56773,train
54443,train
25059,train
36492,train
68654,train
66946,train
66927,train
32084,train
30383,train
17748,train
69420,train
36536,train
52824,train
30403,train
45814,train
35887,train
64982,train
52562,train
36662,train
7476,train
24617,train
49132,train
12350,train
24063,train
60147,train
34531,train
17370,train
25328,train
17,train
51883,train
12450,train
68926,train
59145,train
60701,train
51244,train
44107,train
22436,train
49865,train
68535,train
37650,train
10153,train
68546,train
46034,train
18874,train
60965,train
59155,train
3158,train
12780,train
8814,train
55199,train
61167,train
56472,train
5634,train
47069,train
30518,train
48674,train
4224,train
55474,train
34599,train
13589,train
67622,train
22649,train
54789,train
38042,train
22400,train
23014,train
43139,train
62845,train
51285,train
25474,train
25333,train
68341,train
35765,train
453,train
12802,train
45841,train
16913,train
29012,train
44624,train
45001,train
6622,train
42819,train
30332,train
44547,train
5888,train
32110,train
6505,train
37059,train
19408,train
28753,train
42275,train
29484,train
43302,train
70365,train
35358,train
20926,train
12136,train
43426,train
13434,train
33893,train
9353,train
47662,train
21421,train
23810,train
53083,train
32399,train
63425,train
39839,train
65341,train
61272,train
62286,train
56493,train
58100,train
67881,train
28911,train
39002,train
5146,train
13030,train
13840,train
15036,train
17887,train
44589,train
48037,train
48057,train
30198,train
70278,train
63964,train
45653,train
41639,train
12463,train
16800,train
56418,train
17231,train
46095,train
44131,train
494,train
29398,train
43196,train
18682,train
3853,train
1090,train
48719,train
17629,train
11019,train
38201,train
67217,train
67481,train
25796,train
18577,train
44297,train
54616,train
66087,train
62586,train
33569,train
21455,train
32041,train
17762,train
10388,train
13966,train
22088,train
41167,train
53033,train
11368,train
7906,train
60614,train
43036,train
18053,train
70093,train
921,train
46721,train
21425,train
8274,train
38849,train
70534,train
4348,train
17026,train
41761,train
63680,train
61305,train
47214,train
4040,train
24317,train
34384,train
13318,train
33604,train
63834,train
9739,train
21037,train
17997,train
8949,train
23581,train
19659,train
14421,train
20398,train
22730,train
47987,train
34071,train
15877,train
3592,train
15255,train
3630,train
65284,train
62988,train
54403,train
12443,train
25588,train
32458,train
11871,train
49657,train
54927,train
65755,train
32557,train
59005,train
4307,train
61039,train
64774,train
20979,train
17723,train
53721,train
40320,train
68631,train
9590,train
61208,train
20303,train
57487,train
55487,train
58317,train
22107,train
32112,train
42537,train
53546,train
24995,train
36533,train
21994,train
16422,train
62634,train
53206,train
30609,train
5872,train
44474,train
9760,train
11097,train
42246,train
42106,train
4448,train
56777,train
27545,train
8831,train
23592,train
23953,train
14080,train
22895,train
2779,train
43039,train
18706,train
52277,train
17157,train
34341,train
31575,train
32325,train
45678,train
5918,train
66587,train
26425,train
25477,train
52020,train
48717,train
53019,train
26237,train
16974,train
65715,train
46256,train
38019,train
25220,train
3950,train
21254,train
54100,train
54969,train
67490,train
17848,train
6045,train
55544,train
29530,train
59285,train
63983,train
20178,train
67688,train
29373,train
46887,train
50060,train
52350,train
15836,train
63765,train
64991,train
61635,train
51824,train
33998,train
38852,train
53451,train
27587,train
8346,train
11861,train
55598,train
29502,train
13639,train
61793,train
65006,train
27714,train
40285,train
69106,train
12044,train
66649,train
42831,train
50082,train
41969,train
6148,train
60866,train
28393,train
37766,train
22785,train
65827,train
41805,train
69005,train
30941,train
67722,train
13797,train
23086,train
18214,train
53905,train
443,train
33886,train
41083,train
52281,train
60955,train
29863,train
25812,train
30630,train
10342,train
68340,train
6422,train
5506,train
11527,train
31453,train
31189,train
55612,train
10899,train
14865,train
35930,train
51031,train
43222,train
11976,train
60064,train
53488,train
30644,train
44568,train
154,train
49618,train
3680,train
45719,train
8342,train
17134,train
28640,train
21168,train
55608,train
54532,train
57864,train
3970,train
9100,train
16662,train
69553,train
24529,train
21098,train
49250,train
53002,train
70444,train
63648,train
22894,train
25348,train
56211,train
62115,train
55856,train
18501,train
64247,train
3030,train
67741,train
7833,train
62462,train
70524,train
33766,train
27647,train
1545,train
101,train
59786,train
33617,train
45030,train
58877,train
36538,train
14766,train
36541,train
58404,train
65484,train
37198,train
59641,train
6793,train
10104,train
39433,train
63511,train
59884,train
34135,train
22984,train
1392,train
63845,train
4744,train
68591,train
34974,train
57862,train
51227,train
52903,train
61202,train
64251,train
10305,train
35204,train
67824,train
21392,train
66785,train
67229,train
27995,train
57980,train
14446,train
11095,train
49841,train
49567,train
19954,train
11239,train
10154,train
29064,train
32299,train
62274,train
32479,train
63528,train
51502,train
41182,train
22022,train
59254,train
62359,train
8551,train
47702,train
1862,train
36680,train
61361,train
50067,train
42685,train
38016,train
58221,train
17807,train
59598,train
12090,train
13940,train
24686,train
63733,train
69018,train
7647,train
66170,train
1803,train
7008,train
32582,train
41613,train
25286,train
46570,train
34688,train
49413,train
33987,train
70386,train
30183,train
37835,train
70555,train
46201,train
19040,train
58894,train
46883,train
53550,train
6660,train
21765,train
70031,train
38413,train
60923,train
6297,train
16030,train
24760,train
53807,train
38765,train
39055,train
55033,train
9520,train
26591,train
25765,train
59388,train
7308,train
16164,train
12213,train
31367,train
64470,train
55809,train
69093,train
54097,train
4001,train
65479,train
17056,train
28101,train
14422,train
22975,train
39162,train
53141,train
51821,train
47233,train
45050,train
26787,train
41060,train
40416,train
42221,train
2189,train
26033,train
6568,train
56717,train
8087,train
29139,train
41475,train
25010,train
42726,train
55692,train
225,train
35719,train
54332,train
66179,train
31454,train
37781,train
48703,train
66868,train
17242,train
20513,train
7087,train
50196,train
26537,train
8204,train
53340,train
53395,train
31168,train
4921,train
32206,train
45610,train
50936,train
16954,train
61191,train
55904,train
41755,train
38510,train
41099,train
26066,train
53903,train
59043,train
60186,train
58441,train
47908,train
37593,train
20452,train
9211,train
41513,train
33233,train
30359,train
45235,train
59450,train
15243,train
16329,train
43123,train
20139,train
4599,train
19103,train
67098,train
38013,train
19365,train
25562,train
43268,train
20238,train
40090,train
34910,train
20429,train
70006,train
56607,train
47210,train
63719,train
25716,train
42595,train
58141,train
12692,train
61788,train
69930,train
13272,train
21896,train
11361,train
64143,train
39487,train
66513,train
43555,train
60797,train
70237,train
4066,train
55331,train
45870,train
7649,train
37375,train
8173,train
41235,train
48364,train
14170,train
40349,train
54765,train
42059,train
33648,train
715,train
19076,train
61918,train
28167,train
6808,train
32518,train
11655,train
17095,train
13225,train
32375,train
29663,train
46238,train
67652,train
69526,train
7723,train
2283,train
5220,train
14716,train
8594,train
13496,train
37166,train
48218,train
19773,train
42389,train
62844,train
20523,train
11637,train
41108,train
63333,train
1508,train
11552,train
12871,train
40381,train
17701,train
28887,train
4807,train
51249,train
6886,train
36273,train
7109,train
37692,train
13858,train
60859,train
10833,train
61203,train
29101,train
68024,train
13107,train
30945,train
20568,train
36880,train
15158,train
69042,train
19288,train
14856,train
21739,train
13183,train
25148,train
49915,train
60470,train
3903,train
54867,train
45015,train
47634,train
35022,train
28433,train
19943,train
24860,train
18487,train
27479,train
5740,train
5121,train
52402,train
60929,train
15369,train
25986,train
11246,train
34754,train
32220,train
26463,train
70024,train
12203,train
55773,train
21375,train
60335,train
54999,train
69039,train
47198,train
24913,train
10709,train
61339,train
5096,train
18598,train
44800,train
18138,train
12460,train
35382,train
53893,train
9526,train
39194,train
34144,train
26403,train
16825,train
45626,train
69618,train
45395,train
42027,train
63873,train
30284,train
12305,train
27707,train
1574,train
55902,train
70299,train
22383,train
61639,train
28249,train
11400,train
33824,train
69437,train
42281,train
51089,train
16476,train
13931,train
67681,train
741,train
12315,train
55319,train
57233,train
46950,train
3924,train
62903,train
58415,train
26994,train
70295,train
60314,train
38118,train
36745,train
67296,train
27232,train
31603,train
9498,train
58639,train
35389,train
66626,train
8288,train
34027,train
36757,train
55478,train
9668,train
25929,train
13484,train
18166,train
67509,train
1754,train
9153,train
28489,train
59600,train
4664,train
15215,train
10575,train
24201,train
3847,train
69677,train
24766,train
61827,train
57814,train
5337,train
23221,train
17016,train
23768,train
36884,train
49426,train
12394,train
43189,train
54185,train
13191,train
21794,train
32541,train
37945,train
29206,train
42517,train
10039,train
24432,train
59474,train
65604,train
48048,train
11219,train
28553,train
62028,train
44262,train
26917,train
39699,train
29458,train
70504,train
64047,train
28216,train
54883,train
15670,train
15897,train
51426,train
28117,train
31224,train
14693,train
8305,train
69783,train
3762,train
64074,train
16479,train
20819,train
38293,train
44854,train
612,train
13995,train
33557,train
10651,train
65797,train
35682,train
17834,train
53705,train
50199,train
18141,train
52703,train
36620,train
50585,train
64377,train
41733,train
29494,train
45851,train
46342,train
26685,train
53437,train
70168,train
33941,train
17314,train
33806,train
34917,train
51173,train
56943,train
45798,train
34227,train
59684,train
25150,train
43703,train
2675,train
31492,train
47500,train
36318,train
51391,train
15687,train
23105,train
34806,train
10757,train
19594,train
18582,train
30740,train
11967,train
46309,train
11220,train
61532,train
21401,train
35676,train
48487,train
64289,train
62229,train
51075,train
45838,train
35596,train
64039,train
22794,train
35303,train
59329,train
13503,train
3345,train
59259,train
11216,train
2451,train
45534,train
17055,train
59803,train
20261,train
67535,train
61481,train
19536,train
48978,train
5214,train
12171,train
69474,train
23817,train
3974,train
20187,train
61846,train
34335,train
24807,train
47517,train
70080,train
46977,train
67294,train
41027,train
1646,train
12195,train
18507,train
38363,train
64608,train
22743,train
68957,train
50540,train
58966,train
32006,train
67845,train
42177,train
13745,train
42501,train
29854,train
56700,train
54147,train
55506,train
69488,train
40478,train
64980,train
57676,train
61307,train
66150,train
10841,train
26706,train
49185,train
892,train
11718,train
42632,train
8201,train
30918,train
52284,train
19879,train
7117,train
55672,train
35590,train
39164,train
53567,train
15774,train
45983,train
7023,train
13349,train
43092,train
68003,train
30738,train
42356,train
5468,train
14033,train
58303,train
24151,train
31895,train
16298,train
30145,train
19963,train
29978,train
21650,train
11948,train
7933,train
36287,train
56878,train
13414,train
68148,train
68833,train
27273,train
9450,train
45004,train
61692,train
27328,train
18513,train
23890,train
5530,train
25467,train
36159,train
61312,train
50515,train
41434,train
54359,train
61734,train
66076,train
22380,train
22212,train
64230,train
34423,train
56835,train
29082,train
69157,train
28463,train
52228,train
26584,train
43373,train
20584,train
44507,train
9377,train
2638,train
42794,train
21068,train
32865,train
68083,train
32484,train
51150,train
8907,train
12636,train
61029,train
44598,train
39734,train
49203,train
33560,train
20726,train
40911,train
13287,train
10889,train
58965,train
33967,train
68621,train
41432,train
29278,train
36828,train
41577,train
56408,train
16836,train
32550,train
48928,train
47564,train
70486,train
65127,train
12221,train
956,train
59443,train
38241,train
53051,train
4336,train
3846,train
58658,train
35206,train
38032,train
22378,train
17794,train
38784,train
9053,train
30565,train
24511,train
54325,train
2562,train
6522,train
6291,train
50135,train
38504,train
23031,train
41824,train
20266,train
18739,train
67080,train
12150,train
14143,train
67867,train
67475,train
42286,train
46809,train
58801,train
8472,train
27364,train
42704,train
56996,train
38218,train
15510,train
38089,train
4713,train
7441,train
19130,train
48116,train
61371,train
68940,train
36033,train
41161,train
30235,train
48662,train
66379,train
31219,train
18276,train
65121,train
35081,train
15860,train
62814,train
45623,train
21909,train
34182,train
32701,train
49243,train
61877,train
67332,train
68198,train
23301,train
56642,train
23011,train
2915,train
53371,train
52001,train
16189,train
63642,train
38461,train
63835,train
25184,train
28832,train
35284,train
52828,train
1719,train
30239,train
14841,train
39125,train
19860,train
69048,train
33812,train
10961,train
15100,train
46385,train
54947,train
19947,train
34630,train
67974,train
56273,train
52186,train
53040,train
43659,train
28381,train
64511,train
37557,train
50638,train
23683,train
21930,train
68763,train
37714,train
65415,train
32574,train
27179,train
47378,train
52869,train
6736,train
36435,train
55802,train
30579,train
34876,train
30712,train
23804,train
57509,train
38978,train
37269,train
50690,train
19289,train
67458,train
52700,train
50642,train
21221,train
7153,train
27292,train
28187,train
36205,train
53254,train
56476,train
29859,train
48285,train
42698,train
9473,train
39547,train
60858,train
20672,train
53179,train
67563,train
18585,train
3738,train
50443,train
3533,train
8847,train
27983,train
40392,train
39571,train
53740,train
26245,train
59305,train
13626,train
49831,train
55295,train
64362,train
31148,train
61313,train
39814,train
66720,train
39265,train
38751,train
26844,train
32871,train
13174,train
37960,train
45797,train
66879,train
234,train
62979,train
9525,train
36013,train
52107,train
63387,train
32547,train
29593,train
53666,train
14992,train
62132,train
63086,train
40291,train
1246,train
5933,train
38315,train
18965,train
18300,train
65832,train
68013,train
29823,train
11790,train
3174,train
23214,train
61777,train
29929,train
54178,train
46834,train
12729,train
27209,train
2628,train
69676,train
52495,train
63918,train
28314,train
56187,train
15149,train
33889,train
55376,train
25061,train
20661,train
52120,train
36606,train
35016,train
37609,train
52862,train
48616,train
59221,train
9515,train
49363,train
27409,train
25128,train
65522,train
57805,train
68450,train
33311,train
54972,train
21154,train
2707,train
54288,train
49307,train
8576,train
27419,train
33057,train
57371,train
19870,train
9633,train
625,train
64100,train
33888,train
65886,train
14706,train
55543,train
70431,train
18158,train
9282,train
46758,train
22112,train
55747,train
66188,train
5948,train
21875,train
4802,train
42903,train
38780,train
44808,train
2063,train
34712,train
20397,train
70109,train
38075,train
51273,train
26832,train
52516,train
15656,train
62939,train
13324,train
39915,train
43581,train
46819,train
70309,train
11226,train
11247,train
45175,train
2695,train
8558,train
62096,train
67774,train
43456,train
55436,train
17234,train
59231,train
14886,train
38567,train
354,train
10261,train
19631,train
28748,train
59944,train
55699,train
16812,train
27664,train
40992,train
6064,train
38758,train
32236,train
18857,train
7938,train
17502,train
25104,train
39179,train
27252,train
55322,train
70229,train
9947,train
64709,train
14194,train
54769,train
65742,train
43224,train
66818,train
10765,train
34596,train
59239,train
16143,train
16742,train
41874,train
49071,train
54290,train
22350,train
56463,train
36177,train
45014,train
30736,train
25080,train
13527,train
7071,train
515,train
24698,train
64028,train
23511,train
31654,train
33710,train
36933,train
65999,train
14114,train
5435,train
19615,train
36382,train
57078,train
41910,train
881,train
16863,train
4469,train
48896,train
66769,train
52422,train
66438,train
17810,train
2329,train
41818,train
44331,train
56136,train
1548,train
35375,train
22702,train
15056,train
22778,train
54914,train
27447,train
60936,train
68415,train
16585,train
7843,train
59885,train
11893,train
57709,train
10647,train
7243,train
5753,train
30406,train
8216,train
22161,train
33662,train
609,train
56578,train
67547,train
20579,train
26651,train
18319,train
32959,train
54497,train
30267,train
22024,train
34208,train
26813,train
37016,train
6471,train
41808,train
10054,train
37180,train
33622,train
19522,train
52671,train
47324,train
13543,train
48672,train
51562,train
23788,train
64058,train
57125,train
26605,train
56712,train
3580,train
66177,train
6051,train
48706,train
731,train
30804,train
26499,train
68669,train
20920,train
28758,train
20340,train
1241,train
39034,train
15077,train
36052,train
53264,train
854,train
14900,train
19549,train
5991,train
2618,train
66764,train
36529,train
45877,train
26410,train
21692,train
54707,train
29062,train
28910,train
43280,train
70239,train
38268,train
41865,train
40009,train
11435,train
5839,train
65763,train
19299,train
51838,train
15423,train
64767,train
66570,train
57786,train
45447,train
61060,train
25665,train
6026,train
37764,train
2950,train
24433,train
63769,train
17197,train
64857,train
29305,train
66848,train
68508,train
39225,train
17795,train
2672,train
33014,train
70037,train
52658,train
48887,train
2386,train
66401,train
60533,train
22184,train
42326,train
4834,train
7721,train
48974,train
16034,train
978,train
41498,train
54330,train
27723,train
62588,train
13382,train
68551,train
24445,train
37156,train
2891,train
27546,train
69054,train
46162,train
42866,train
46532,train
43844,train
38420,train
34726,train
28406,train
70268,train
423,train
27527,train
12373,train
11471,train
35324,train
24353,train
33067,train
14293,train
57871,train
15763,train
57582,train
41459,train
46942,train
69754,train
28161,train
25358,train
22198,train
33364,train
39015,train
24254,train
37776,train
59438,train
48922,train
34204,train
33748,train
18235,train
25197,train
2028,train
64408,train
16696,train
69411,train
62589,train
1991,train
41237,train
21537,train
19360,train
38188,train
60304,train
31670,train
56729,train
4406,train
10281,train
39213,train
2809,train
18545,train
12504,train
25805,train
33079,train
27757,train
31120,train
59045,train
6058,train
38081,train
38773,train
54166,train
38480,train
23108,train
37802,train
41242,train
38764,train
47381,train
37141,train
14365,train
50943,train
30887,train
3741,train
6989,train
24850,train
4464,train
11692,train
32980,train
27069,train
27744,train
67451,train
56633,train
66981,train
15929,train
36951,train
25779,train
63422,train
13117,train
37196,train
16031,train
40296,train
60925,train
21903,train
70025,train
15161,train
58417,train
48424,train
60232,train
40087,train
67063,train
29817,train
43597,train
10978,train
32740,train
19197,train
18840,train
63272,train
70223,train
4211,train
43090,train
68983,train
47543,train
17898,train
36185,train
19576,train
14390,train
2074,train
23026,train
22928,train
51505,train
37756,train
2662,train
54712,train
54263,train
40294,train
26276,train
21198,train
36426,train
56489,train
26222,train
34846,train
57188,train
26026,train
32705,train
50344,train
26105,train
54230,train
55328,train
4060,train
6453,train
7894,train
7644,train
70622,train
61262,train
53304,train
36886,train
36698,train
59318,train
59249,train
9273,train
28176,train
54441,train
65645,train
27637,train
68185,train
49587,train
50856,train
37649,train
10434,train
45226,train
41447,train
194,train
27164,train
58298,train
20663,train
46612,train
66210,train
42241,train
4184,train
27012,train
26375,train
6381,train
60094,train
35277,train
13816,train
54067,train
61188,train
26365,train
56185,train
45591,train
5345,train
11113,train
27298,train
61632,train
31549,train
47102,train
5766,train
25694,train
21085,train
12188,train
1461,train
6609,train
69406,train
19999,train
17271,train
35086,train
25387,train
60524,train
52290,train
12783,train
24208,train
47585,train
4570,train
59014,train
35015,train
56375,train
31471,train
60338,train
49423,train
53103,train
28546,train
51453,train
49480,train
50837,train
50126,train
37955,train
2327,train
49392,train
16783,train
9538,train
28383,train
42222,train
33894,train
68488,train
24750,train
62438,train
61148,train
53159,train
13299,train
61235,train
34355,train
15650,train
13422,train
33253,train
30308,train
65878,train
60637,train
57452,train
20844,train
20856,train
3425,train
3528,train
14432,train
66888,train
25260,train
20594,train
52057,train
38114,train
65667,train
41883,train
62996,train
63948,train
34968,train
31200,train
28435,train
9320,train
67590,train
56829,train
52580,train
66950,train
7771,train
14852,train
27283,train
59195,train
40692,train
26179,train
40807,train
47417,train
45751,train
29334,train
16294,train
13965,train
50624,train
33217,train
47847,train
52498,train
16190,train
56018,train
57453,train
22842,train
58969,train
1631,train
33119,train
47053,train
11477,train
42049,train
52344,train
47239,train
62164,train
45956,train
6493,train
20343,train
29591,train
58093,train
70276,train
38763,train
18317,train
35411,train
42007,train
62506,train
65087,train
5520,train
27782,train
15478,train
68651,train
43440,train
49996,train
5954,train
38478,train
3289,train
22030,train
21217,train
37818,train
24814,train
13573,train
14924,train
45263,train
31424,train
57394,train
27318,train
12414,train
59101,train
2440,train
40802,train
5152,train
32081,train
61412,train
208,train
38237,train
50283,train
4593,train
45321,train
36303,train
2323,train
42422,train
70146,train
5822,train
69279,train
3019,train
55457,train
47528,train
23601,train
67525,train
8912,train
43321,train
64923,train
59823,train
10215,train
66430,train
11557,train
60977,train
3611,train
52395,train
65576,train
66208,train
35192,train
46745,train
23379,train
17929,train
38192,train
14296,train
32946,train
70343,train
13710,train
35648,train
38986,train
20992,train
7351,train
62178,train
60583,train
67309,train
70311,train
30510,train
66346,train
30261,train
37807,train
22288,train
36231,train
29378,train
7708,train
1695,train
14542,train
484,train
38876,train
24877,train
54732,train
45599,train
30833,train
34156,train
70597,train
52617,train
67742,train
32775,train
19749,train
2051,train
21445,train
20957,train
32811,train
115,train
69182,train
32496,train
61419,train
24049,train
64917,train
69493,train
47567,train
8736,train
11098,train
57239,train
58520,train
56071,train
41462,train
21572,train
26938,train
17593,train
31966,train
69479,train
1734,train
7737,train
18162,train
54279,train
10447,train
25002,train
14360,train
6720,train
29771,train
53205,train
17934,train
50570,train
5065,train
3704,train
28537,train
4373,train
67022,train
46930,train
8189,train
51334,train
58025,train
35605,train
60735,train
46915,train
54982,train
59062,train
18614,train
41961,train
4508,train
12712,train
22666,train
38251,train
61900,train
8625,train
9392,train
52507,train
40365,train
30761,train
3991,train
36011,train
47183,train
41923,train
70568,train
59772,train
52710,train
23466,train
54919,train
4014,train
6711,train
12987,train
55584,train
42824,train
46707,train
9984,train
12410,train
34702,train
36472,train
15933,train
57921,train
59995,train
12054,train
50640,train
69191,train
14591,train
55426,train
2940,train
38247,train
11049,train
29843,train
2390,train
37404,train
29474,train
11087,train
25489,train
1001,train
8207,train
61834,train
24558,train
63816,train
40207,train
19117,train
62752,train
50298,train
32021,train
30286,train
36330,train
50537,train
56857,train
46592,train
53693,train
38701,train
39234,train
41920,train
55830,train
27116,train
7167,train
33517,train
62240,train
57199,train
41103,train
11643,train
61273,train
29874,train
30801,train
32221,train
1755,train
36208,train
52492,train
36622,train
31293,train
22675,train
13910,train
8378,train
26051,train
66062,train
48233,train
47538,train
25585,train
18977,train
27661,train
7937,train
61728,train
39956,train
7742,train
47056,train
1763,train
27455,train
27249,train
20902,train
29532,train
32330,train
2829,train
26576,train
8694,train
59647,train
416,train
36240,train
52557,train
7204,train
24745,train
54856,train
18886,train
40351,train
56164,train
54372,train
55952,train
40122,train
23420,train
30443,train
7103,train
41760,train
4208,train
51315,train
65672,train
22381,train
12148,train
56297,train
17890,train
42474,train
23376,train
57778,train
40781,train
25883,train
51022,train
64080,train
1209,train
58795,train
34398,train
6587,train
50971,train
43679,train
28245,train
8636,train
39680,train
37745,train
37091,train
6665,train
29607,train
63304,train
51460,train
9899,train
2888,train
53521,train
11995,train
51752,train
8467,train
43261,train
68560,train
64090,train
1617,train
21236,train
35686,train
9310,train
7729,train
2955,train
29592,train
4654,train
59282,train
6394,train
23385,train
62432,train
9375,train
15351,train
762,train
44952,train
32016,train
66622,train
302,train
15203,train
38447,train
57890,train
65050,train
51314,train
52547,train
36246,train
36894,train
29183,train
53729,train
25998,train
48880,train
1910,train
39394,train
14188,train
14725,train
48440,train
34714,train
63814,train
18510,train
65904,train
36127,train
8262,train
56668,train
13635,train
52683,train
13709,train
47644,train
46030,train
4183,train
52045,train
52267,train
24017,train
2175,train
23615,train
13262,train
29460,train
48960,train
35278,train
52152,train
14234,train
5071,train
59808,train
20165,train
32397,train
10006,train
68108,train
20995,train
60958,train
66282,train
12807,train
14749,train
41532,train
33465,train
38755,train
62162,train
65332,train
49863,train
55666,train
39322,train
49960,train
7199,train
54864,train
47468,train
47253,train
48161,train
47922,train
51836,train
21769,train
25579,train
10425,train
7212,train
48583,train
1450,train
30430,train
52948,train
21894,train
1155,train
66110,train
63774,train
47746,train
5493,train
22917,train
15914,train
19711,train
43953,train
23994,train
60789,train
44485,train
43853,train
49291,train
60690,train
12140,train
48936,train
40675,train
61107,train
46212,train
19535,train
40944,train
49289,train
31545,train
44512,train
60824,train
3040,train
24694,train
15540,train
32176,train
45761,train
62959,train
4891,train
66546,train
801,train
18306,train
59211,train
31150,train
22480,train
35924,train
65406,train
64607,train
34527,train
61722,train
40929,train
60060,train
19436,train
4220,train
66527,train
50956,train
60349,train
62078,train
41981,train
57643,train
56692,train
47707,train
29928,train
67752,train
45305,train
23537,train
19087,train
35754,train
57659,train
20147,train
13197,train
31109,train
27402,train
36627,train
58697,train
22468,train
54734,train
45758,train
15101,train
38389,train
52382,train
33304,train
61783,train
69580,train
39219,train
37258,train
53242,train
21536,train
10577,train
9808,train
50904,train
15450,train
8644,train
63083,train
25047,train
56479,train
23182,train
28036,train
42248,train
14864,train
10652,train
49036,train
15879,train
20670,train
49447,train
56467,train
29099,train
55834,train
8597,train
32386,train
9007,train
1672,train
18420,train
17172,train
7973,train
44467,train
34487,train
33573,train
30283,train
60471,train
8527,train
37732,train
44142,train
28733,train
58020,train
18870,train
59615,train
35950,train
5432,train
28299,train
47425,train
17213,train
61964,train
11463,train
43832,train
36648,train
55625,train
31157,train
18755,train
38468,train
48629,train
55523,train
12714,train
18045,train
70368,train
50822,train
46982,train
37414,train
66935,train
41913,train
68203,train
34393,train
54430,train
30200,train
9059,train
5161,train
35753,train
19265,train
40745,train
58844,train
66086,train
52966,train
6218,train
40089,train
27055,train
14791,train
59343,train
17412,train
13793,train
55626,train
8628,train
5654,train
44782,train
2235,train
39704,train
59196,train
33834,train
28571,train
61306,train
35216,train
29285,train
23571,train
60905,train
61517,train
62282,train
38875,train
43677,train
4660,train
38029,train
40779,train
67937,train
55879,train
17303,train
9259,train
42123,train
330,train
65183,train
25314,train
59173,train
65437,train
9667,train
58421,train
48003,train
24169,train
8645,train
40201,train
47574,train
19225,train
31162,train
39425,train
14048,train
16259,train
20695,train
42393,train
62005,train
48527,train
8024,train
66409,train
10876,train
3833,train
22901,train
27451,train
31750,train
42199,train
22223,train
3530,train
60627,train
27694,train
47255,train
66423,train
66444,train
55910,train
28175,train
55040,train
35033,train
19910,train
68373,train
26418,train
61983,train
14625,train
64956,train
62474,train
30275,train
40103,train
27716,train
34835,train
43613,train
22241,train
39270,train
36681,train
18068,train
46565,train
34364,train
34414,train
38806,train
9504,train
46403,train
29742,train
27003,train
47670,train
66026,train
1065,train
69089,train
47966,train
34389,train
70507,train
65393,train
6693,train
4678,train
8397,train
46295,train
18908,train
6376,train
19640,train
33294,train
47855,train
3495,train
33488,train
20389,train
20765,train
50857,train
38142,train
55074,train
27848,train
39086,train
28493,train
67052,train
68471,train
53481,train
11078,train
9868,train
16902,train
31005,train
46366,train
30078,train
49931,train
30846,train
36107,train
30695,train
1843,train
26487,train
12585,train
16325,train
47397,train
15702,train
54691,train
24206,train
26350,train
32707,train
37579,train
28097,train
11565,train
69572,train
54381,train
923,train
51634,train
55511,train
47019,train
38912,train
67177,train
33254,train
13716,train
35101,train
61480,train
69687,train
9503,train
21252,train
45803,train
53406,train
6371,train
8787,train
8004,train
61702,train
64423,train
8356,train
41557,train
44803,train
32201,train
55197,train
2302,train
42499,train
3886,train
52779,train
16568,train
17181,train
47583,train
15693,train
38374,train
14236,train
3541,train
59150,train
19391,train
58110,train
18375,train
20541,train
13645,train
3618,train
22346,train
23485,train
59531,train
1021,train
23390,train
1871,train
7755,train
66193,train
53420,train
68798,train
60639,train
13692,train
38305,train
34658,train
35680,train
2908,train
779,train
14801,train
10171,train
23135,train
16203,train
60280,train
69471,train
38437,train
57896,train
13776,train
39032,train
60153,train
54251,train
68633,train
54122,train
36216,train
2256,train
30350,train
13394,train
40886,train
44769,train
6224,train
344,train
41226,train
12957,train
31371,train
59022,train
4908,train
5670,train
40761,train
788,train
17916,train
18418,train
44385,train
19951,train
23179,train
48655,train
68328,train
21387,train
26412,train
40867,train
17865,train
47504,train
33359,train
44002,train
24841,train
56865,train
25492,train
43928,train
10526,train
43783,train
40648,train
27889,train
24058,train
31800,train
59793,train
42998,train
48130,train
535,train
18328,train
3251,train
22305,train
58729,train
34088,train
20071,train
64915,train
12122,train
6807,train
57627,train
61454,train
8022,train
35527,train
61544,train
25141,train
36996,train
42890,train
52853,train
9467,train
9091,train
8353,train
17901,train
70502,train
9769,train
64016,train
17555,train
30485,train
1333,train
27949,train
24042,train
21655,train
25202,train
56212,train
33302,train
49794,train
24289,train
34388,train
41830,train
6048,train
56673,train
3668,train
46301,train
11383,train
27383,train
30322,train
59987,train
36605,train
28963,train
67146,train
30809,train
50324,train
29789,train
29500,train
39195,train
23636,train
27875,train
30935,train
36641,train
39537,train
21087,train
55709,train
27876,train
46114,train
63651,train
32838,train
41897,train
4499,train
20239,train
35617,train
25667,train
15888,train
36366,train
67160,train
58070,train
546,train
44270,train
7260,train
34932,train
14840,train
26967,train
40130,train
54406,train
56494,train
65537,train
12421,train
60144,train
41726,train
33532,train
47866,train
38300,train
55088,train
51044,train
43875,train
37403,train
4736,train
69294,train
66353,train
204,train
12603,train
34289,train
19448,train
37968,train
61768,train
6958,train
51610,train
7350,train
14597,train
10861,train
41947,train
26666,train
10093,train
16470,train
28202,train
65356,train
48821,train
45965,train
26548,train
2586,train
24130,train
51037,train
37720,train
55799,train
37540,train
46974,train
64591,train
67474,train
35721,train
6701,train
3984,train
43498,train
9928,train
45951,train
60469,train
3074,train
69247,train
5274,train
12764,train
12566,train
65508,train
6124,train
51697,train
5811,train
6732,train
29103,train
10616,train
41184,train
65298,train
37003,train
23034,train
70359,train
52504,train
19600,train
51564,train
51523,train
39344,train
67046,train
68363,train
51946,train
25814,train
7130,train
48250,train
47449,train
11620,train
62285,train
62302,train
28992,train
68241,train
3905,train
11452,train
2551,train
59876,train
28861,train
22283,train
47191,train
22780,train
43112,train
68997,train
62547,train
4871,train
32158,train
36344,train
62351,train
52790,train
46147,train
51640,train
25313,train
10746,train
68603,train
52627,train
45197,train
18921,train
52236,train
46136,train
68472,train
32500,train
3101,train
15731,train
44578,train
53456,train
21608,train
11282,train
9061,train
54762,train
32164,train
56640,train
27281,train
50728,train
24234,train
3979,train
7952,train
5957,train
69159,train
1983,train
24804,train
63966,train
37755,train
60999,train
52697,train
46583,train
22758,train
8921,train
51135,train
15619,train
32228,train
8601,train
61430,train
22514,train
3221,train
7289,train
15972,train
34793,train
24789,train
59248,train
25064,train
39805,train
46499,train
26798,train
42599,train
22055,train
37509,train
53326,train
56823,train
17858,train
13184,train
38376,train
17561,train
11478,train
68331,train
27569,train
23200,train
33932,train
66994,train
10381,train
23294,train
64098,train
40177,train
36367,train
518,train
46714,train
1504,train
28438,train
1897,train
48189,train
31305,train
24029,train
67280,train
26144,train
35878,train
534,train
60918,train
21933,train
13055,train
14975,train
20082,train
56040,train
45289,train
9445,train
25646,train
50448,train
49965,train
21135,train
7144,train
12626,train
36310,train
5653,train
5232,train
54965,train
23815,train
31947,train
24075,train
68844,train
5486,train
53602,train
1516,train
6988,train
11850,train
31922,train
1227,train
53859,train
45104,train
40917,train
28962,train
25645,train
61995,train
63105,train
46650,train
25721,train
3452,train
17465,train
55130,train
42271,train
50981,train
55212,train
30005,train
31866,train
35301,train
10496,train
70180,train
28150,train
68911,train
16743,train
15910,train
42558,train
64683,train
43163,train
22189,train
32734,train
22058,train
36632,train
1866,train
62583,train
34911,train
17911,train
828,train
63409,train
11580,train
5081,train
54446,train
767,train
46209,train
69860,train
43086,train
16986,train
18212,train
49602,train
54699,train
33782,train
16520,train
34943,train
22053,train
11703,train
28559,train
53833,train
40898,train
44898,train
68475,train
50473,train
960,train
46457,train
9083,train
14650,train
48857,train
68954,train
23017,train
12344,train
10944,train
25095,train
61633,train
61676,train
63956,train
55991,train
20277,train
19122,train
60864,train
47487,train
36193,train
60271,train
43557,train
43290,train
15096,train
44489,train
49191,train
54857,train
62895,train
11182,train
67449,train
17983,train
60743,train
1898,train
50120,train
52460,train
64259,train
57822,train
4716,train
44822,train
32181,train
63623,train
25442,train
51207,train
5244,train
46359,train
46901,train
65151,train
15841,train
23069,train
39959,train
59571,train
69696,train
66717,train
53512,train
56401,train
63444,train
46184,train
16873,train
44468,train
38801,train
11481,train
44918,train
16305,train
33784,train
65242,train
59456,train
33561,train
21150,train
32362,train
24888,train
58042,train
46805,train
55248,train
2532,train
56328,train
44368,train
28206,train
51689,train
26544,train
38934,train
34152,train
27501,train
21484,train
20691,train
4006,train
55924,train
30623,train
28545,train
62429,train
36545,train
41210,train
48216,train
53237,train
10747,train
41423,train
40457,train
13860,train
28038,train
36198,train
62453,train
64118,train
51258,train
30385,train
2186,train
52465,train
31201,train
47881,train
39589,train
31972,train
6915,train
40094,train
12372,train
45698,train
47413,train
31308,train
29802,train
25750,train
17661,train
63180,train
48593,train
20463,train
6699,train
43397,train
16128,train
64662,train
20412,train
174,train
50315,train
32770,train
12681,train
43575,train
13252,train
41884,train
1998,train
45224,train
44358,train
8259,train
38681,train
8715,train
56370,train
28341,train
19693,train
11970,train
26957,train
57653,train
69000,train
40448,train
52698,train
12389,train
5532,train
10014,train
3321,train
15791,train
12461,train
23055,train
53069,train
69988,train
54825,train
20886,train
50439,train
51456,train
50887,train
11334,train
41241,train
53423,train
201,train
23689,train
53599,train
42660,train
1402,train
55760,train
65442,train
10444,train
54456,train
69686,train
41596,train
20518,train
33671,train
56341,train
25622,train
65139,train
51636,train
23384,train
24773,train
65047,train
26531,train
61491,train
54603,train
47025,train
8914,train
7630,train
66308,train
9540,train
18401,train
39804,train
66683,train
10661,train
47017,train
8935,train
8967,train
38496,train
40880,train
14481,train
12462,train
35883,train
52345,train
41425,train
54380,train
18336,train
11960,train
68260,train
59075,train
52962,train
45170,train
10115,train
58794,train
12670,train
29323,train
10570,train
31328,train
63540,train
50426,train
4431,train
65401,train
17786,train
11759,train
22644,train
56331,train
29200,train
39480,train
6678,train
7772,train
67817,train
41409,train
44316,train
21420,train
4182,train
19704,train
20250,train
32677,train
55970,train
65217,train
55805,train
47963,train
68040,train
59299,train
61221,train
36915,train
806,train
2340,train
49922,train
13480,train
37325,train
47545,train
43830,train
44292,train
49677,train
59058,train
19324,train
47783,train
48295,train
17450,train
46686,train
17452,train
58173,train
42046,train
51655,train
14593,train
58000,train
30348,train
51055,train
2827,train
63338,train
60628,train
24494,train
483,train
2082,train
9829,train
29618,train
3446,train
25180,train
23497,train
42183,train
44935,train
53685,train
9598,train
37446,train
22795,train
9077,train
53527,train
11263,train
68416,train
23315,train
41148,train
46404,train
45262,train
68277,train
37510,train
32663,train
30882,train
55854,train
33644,train
44852,train
30716,train
61778,train
8698,train
21131,train
50231,train
2450,train
5927,train
10128,train
68088,train
11442,train
69915,train
68179,train
38539,train
22704,train
9974,train
19702,train
37438,train
53654,train
47915,train
31356,train
27324,train
64231,train
60838,train
15029,train
27878,train
14208,train
1418,train
16990,train
13212,train
5525,train
23883,train
32346,train
55481,train
30059,train
49018,train
19864,train
7518,train
34801,train
59766,train
34737,train
58126,train
65996,train
35080,train
6269,train
14348,train
39629,train
36646,train
13901,train
31556,train
50206,train
46025,train
52006,train
17906,train
46445,train
67272,train
36162,train
65149,train
66322,train
35076,train
51615,train
61173,train
1872,train
50418,train
64438,train
49651,train
38172,train
37070,train
6529,train
65917,train
22342,train
46078,train
39514,train
1349,train
45714,train
15681,train
70558,train
58614,train
43670,train
58652,train
47090,train
26482,train
48521,train
31058,train
52487,train
33606,train
59064,train
8395,train
16901,train
43847,train
46433,train
69052,train
43697,train
16895,train
18278,train
64301,train
42961,train
60467,train
64633,train
41488,train
64308,train
40869,train
55225,train
19316,train
46057,train
13106,train
32761,train
32878,train
44094,train
69710,train
60602,train
67665,train
6652,train
6275,train
50242,train
45510,train
6215,train
19344,train
62504,train
65257,train
30450,train
40782,train
41849,train
35730,train
59226,train
52805,train
61143,train
28373,train
7591,train
38648,train
28137,train
31711,train
16768,train
63546,train
61994,train
27511,train
44344,train
25332,train
41790,train
45923,train
63607,train
43595,train
48213,train
37699,train
7740,train
28103,train
9938,train
64944,train
23102,train
18187,train
6645,train
49335,train
62643,train
34022,train
45007,train
9942,train
29603,train
36850,train
7523,train
58691,train
24803,train
657,train
31068,train
54745,train
6013,train
17448,train
60209,train
35222,train
20627,train
62747,train
60857,train
11496,train
41383,train
46041,train
20547,train
32287,train
61275,train
58573,train
1680,train
65983,train
49926,train
48331,train
53427,train
1369,train
32229,train
33825,train
47142,train
38848,train
32785,train
27934,train
69367,train
50718,train
886,train
37353,train
20054,train
46659,train
31578,train
33511,train
24162,train
67289,train
14157,train
50700,train
58237,train
37292,train
28972,train
55656,train
67226,train
68342,train
21834,train
38970,train
67647,train
68109,train
764,train
44976,train
28579,train
39347,train
45919,train
11083,train
68110,train
29078,train
23054,train
4096,train
27244,train
42308,train
50490,train
44518,train
52249,train
24684,train
47348,train
48530,train
54838,train
1012,train
1358,train
20260,train
70691,train
44704,train
16686,train
8958,train
11469,train
31435,train
22243,train
53644,train
13293,train
58916,train
45318,train
62739,train
16089,train
20001,train
45359,train
17485,train
20774,train
44877,train
26274,train
20287,train
23332,train
67036,train
48710,train
64191,train
61375,train
15093,train
20434,train
67885,train
67075,train
14815,train
63373,train
37678,train
12174,train
62524,train
4701,train
39882,train
22986,train
5916,train
21356,train
31090,train
64572,train
69176,train
50250,train
66492,train
29328,train
17209,train
62294,train
6024,train
49450,train
70651,train
44783,train
4698,train
29544,train
2913,train
26777,train
9870,train
1985,train
4621,train
8607,train
6578,train
65911,train
44458,train
46436,train
2366,train
63975,train
11151,train
23781,train
37327,train
4637,train
28879,train
2799,train
9386,train
39715,train
32840,train
3140,train
55424,train
50207,train
70106,train
61990,train
34447,train
48296,train
5832,train
50843,train
43331,train
65813,train
5189,train
31291,train
52741,train
21983,train
10565,train
33018,train
12555,train
31342,train
62379,train
68648,train
64082,train
23130,train
19620,train
4292,train
19284,train
50428,train
63588,train
25026,train
35759,train
10979,train
63709,train
17256,train
57533,train
2767,train
14831,train
48415,train
62174,train
24999,train
5281,train
14200,train
30376,train
54442,train
1524,train
57341,train
42809,train
10255,train
27790,train
2243,train
34291,train
26855,train
44336,train
68504,train
8863,train
33195,train
25650,train
56517,train
4169,train
9723,train
46792,train
19052,train
12631,train
16867,train
63233,train
60125,train
3867,train
1837,train
48182,train
64492,train
49948,train
13137,train
65296,train
53147,train
9764,train
42098,train
14691,train
1915,train
68033,train
49055,train
58784,train
31876,train
16123,train
62541,train
64885,train
10601,train
28138,train
18787,train
38942,train
30515,train
19110,train
12086,train
49956,train
26970,train
7699,train
41656,train
37270,train
43098,train
64017,train
69969,train
49698,train
58335,train
11036,train
53936,train
41428,train
5270,train
61206,train
62448,train
49379,train
70124,train
58181,train
8855,train
65957,train
24126,train
45948,train
43797,train
63652,train
49338,train
39264,train
32451,train
34429,train
4925,train
26394,train
39747,train
42459,train
31914,train
19855,train
23190,train
63255,train
26041,train
40489,train
68385,train
70045,train
27623,train
15571,train
48838,train
34147,train
9986,train
27293,train
68374,train
19978,train
27620,train
60065,train
64914,train
37187,train
63603,train
62579,train
51215,train
50772,train
14337,train
29907,train
65384,train
38364,train
3646,train
6837,train
51662,train
23918,train
9102,train
27982,train
65581,train
62798,train
62160,train
59655,train
44188,train
15434,train
14765,train
1583,train
59023,train
791,train
65730,train
14538,train
65166,train
51107,train
52657,train
9692,train
48753,train
19886,train
21261,train
27651,train
38339,train
65664,train
43931,train
26700,train
20347,train
21734,train
33476,train
4642,train
39582,train
60981,train
22003,train
58051,train
19395,train
9241,train
43002,train
17148,train
22833,train
40501,train
29645,train
38076,train
16043,train
41001,train
65420,train
60742,train
21604,train
32728,train
34749,train
22589,train
51333,train
43,train
1883,train
14101,train
41560,train
26488,train
54146,train
57825,train
15409,train
39470,train
29205,train
22338,train
37933,train
17387,train
34061,train
1519,train
37746,train
13946,train
16580,train
58699,train
56600,train
51586,train
48255,train
28606,train
31362,train
9019,train
69492,train
22063,train
59809,train
21186,train
48328,train
46988,train
29919,train
32783,train
17519,train
27011,train
42193,train
40394,train
48598,train
47094,train
65654,train
50727,train
68174,train
13795,train
23234,train
13468,train
30638,train
11135,train
53298,train
6043,train
59314,train
66323,train
48904,train
29970,train
16099,train
15237,train
1751,train
18854,train
64204,train
5544,train
2901,train
6875,train
8990,train
8325,train
68811,train
18929,train
42168,train
48923,train
21247,train
28508,train
47965,train
64844,train
56264,train
36010,train
16690,train
14447,train
68405,train
30191,train
62595,train
51082,train
33583,train
15001,train
13576,train
62657,train
23305,train
68162,train
36855,train
42495,train
30088,train
15388,train
37549,train
64432,train
21937,train
58080,train
48001,train
17225,train
60003,train
45898,train
63843,train
26613,train
997,train
41605,train
69096,train
51695,train
35126,train
17047,train
52812,train
40865,train
48516,train
24362,train
63365,train
37457,train
38901,train
33956,train
61356,train
31203,train
20107,train
10295,train
68607,train
48271,train
9523,train
53370,train
54804,train
66698,train
45669,train
7315,train
58549,train
25854,train
50853,train
17697,train
12697,train
20756,train
42159,train
25690,train
18020,train
52247,train
3786,train
67715,train
60594,train
22208,train
59528,train
5584,train
68876,train
31495,train
55791,train
15596,train
571,train
68575,train
45542,train
68011,train
35409,train
34618,train
59752,train
46920,train
13231,train
40222,train
1301,train
33297,train
49861,train
24131,train
21007,train
67303,train
30848,train
63930,train
47007,train
32351,train
61471,train
27580,train
2367,train
7517,train
24545,train
66544,train
54966,train
68951,train
414,train
17632,train
26658,train
29736,train
69941,train
28430,train
40167,train
66169,train
21408,train
50104,train
43024,train
24794,train
36081,train
43699,train
18180,train
45743,train
2207,train
40714,train
3344,train
69465,train
29675,train
25263,train
60545,train
29560,train
56106,train
11985,train
62697,train
23393,train
44221,train
44789,train
44451,train
35412,train
69111,train
61433,train
12356,train
3518,train
58732,train
57605,train
29414,train
27378,train
57356,train
3435,train
2053,train
13955,train
63519,train
43726,train
4275,train
64675,train
69120,train
39277,train
23706,train
10161,train
63323,train
9482,train
32194,train
14746,train
44748,train
32302,train
52861,train
14488,train
44353,train
25456,train
36045,train
15039,train
30793,train
54832,train
53221,train
64843,train
1921,train
40766,train
13343,train
62082,train
42364,train
66598,train
63798,train
32486,train
4801,train
66461,train
59989,train
11308,train
11897,train
35147,train
10181,train
67887,train
53209,train
20349,train
8374,train
6779,train
46523,train
61442,train
15019,train
69904,train
62911,train
44957,train
30939,train
42107,train
36280,train
14671,train
60591,train
33868,train
27486,train
24571,train
9909,train
17036,train
18566,train
19070,train
11559,train
41034,train
18153,train
18777,train
35758,train
46742,train
35824,train
65969,train
31401,train
68782,train
39163,train
52309,train
37317,train
7775,train
64715,train
70511,train
56798,train
16293,train
63402,train
20987,train
28318,train
25675,train
18701,train
56704,train
49852,train
29837,train
47293,train
7514,train
47242,train
30700,train
66968,train
67771,train
13275,train
5548,train
25723,train
60115,train
34056,train
14371,train
32765,train
34578,train
3582,train
42512,train
34809,train
64298,train
12405,train
26230,train
1242,train
44914,train
36490,train
65929,train
35792,train
40901,train
49924,train
16336,train
32648,train
31074,train
69266,train
45222,train
17683,train
32092,train
27746,train
3447,train
24966,train
68168,train
31009,train
7437,train
31092,train
61765,train
64278,train
3978,train
13092,train
68898,train
51920,train
16973,train
64351,train
46522,train
19131,train
68538,train
51704,train
9549,train
29336,train
5464,train
54283,train
39790,train
27489,train
30976,train
36579,train
19984,train
33343,train
69221,train
19940,train
47290,train
65413,train
56290,train
58942,train
214,train
13581,train
23351,train
64895,train
58923,train
21613,train
53318,train
54300,train
12369,train
21786,train
52409,train
31131,train
51176,train
25043,train
23148,train
68477,train
4959,train
2949,train
20847,train
2882,train
24533,train
5040,train
55651,train
43328,train
55668,train
46740,train
36461,train
19440,train
4828,train
57308,train
32169,train
19261,train
7574,train
66663,train
2,train
17979,train
57346,train
5139,train
26875,train
43870,train
58467,train
50683,train
47093,train
46498,train
52428,train
16928,train
50703,train
303,train
59320,train
14940,train
33649,train
59735,train
11568,train
43477,train
62512,train
48346,train
44031,train
3946,train
13344,train
60593,train
23197,train
42252,train
53529,train
44197,train
8246,train
67465,train
41251,train
14869,train
14703,train
47302,train
41189,train
70529,train
7537,train
49174,train
66497,train
57326,train
69436,train
52899,train
10690,train
53057,train
16419,train
15417,train
15271,train
63681,train
60174,train
39566,train
70170,train
50054,train
47038,train
4497,train
23451,train
20428,train
1830,train
40563,train
11303,train
43967,train
32335,train
59166,train
65738,train
34219,train
60014,train
10178,train
26419,train
19285,train
25491,train
44051,train
35906,train
28778,train
41936,train
37281,train
41877,train
8970,train
46944,train
46880,train
40749,train
22958,train
62002,train
70530,train
43521,train
58914,train
55988,train
40593,train
5001,train
7419,train
58056,train
69339,train
30338,train
42770,train
63886,train
69890,train
16996,train
33407,train
41512,train
50092,train
51219,train
860,train
65599,train
3803,train
44212,train
18691,train
29612,train
16454,train
16957,train
57345,train
58870,train
59028,train
44343,train
26507,train
59255,train
47064,train
35068,train
48529,train
40637,train
31962,train
38366,train
12354,train
42197,train
10378,train
65271,train
5578,train
43108,train
2832,train
25689,train
63142,train
42521,train
48865,train
29493,train
60757,train
22362,train
41359,train
3537,train
50541,train
9086,train
3758,train
42289,train
48414,train
43958,train
61636,train
40043,train
40301,train
52607,train
25875,train
23977,train
70165,train
13557,train
41062,train
26399,train
4661,train
57615,train
53835,train
64707,train
14055,train
61274,train
45108,train
62100,train
42739,train
67964,train
15537,train
46042,train
50793,train
37533,train
46661,train
67695,train
4719,train
7459,train
41907,train
16759,train
4159,train
50052,train
58174,train
60323,train
49039,train
69612,train
1927,train
221,train
17324,train
37888,train
2194,train
35266,train
62960,train
2314,train
51430,train
20875,train
28622,train
39256,train
40185,train
55092,train
24050,train
65438,train
16010,train
48401,train
61500,train
12575,train
49201,train
3550,train
26606,train
4194,train
50605,train
23723,train
47534,train
28820,train
57677,train
41410,train
59065,train
7502,train
30608,train
35133,train
9888,train
52225,train
55386,train
68156,train
35401,train
26670,train
26168,train
21053,train
60386,train
62186,train
21161,train
31998,train
57522,train
26049,train
4636,train
5637,train
50326,train
46530,train
43127,train
26396,train
64393,train
57216,train
64724,train
13757,train
26742,train
20645,train
50075,train
46206,train
66900,train
48946,train
63128,train
30401,train
41858,train
51826,train
25742,train
65655,train
31715,train
53201,train
55111,train
16752,train
24657,train
24344,train
65690,train
51559,train
57265,train
63591,train
41569,train
24245,train
31161,train
50852,train
64188,train
66115,train
36082,train
17029,train
653,train
61928,train
24943,train
19274,train
65785,train
70582,train
34929,train
50237,train
25031,train
6225,train
15212,train
37343,train
22270,train
54985,train
40969,train
48689,train
37783,train
54780,train
35295,train
43096,train
7751,train
12691,train
61058,train
45107,train
43396,train
60874,train
48442,train
33668,train
12868,train
18613,train
36602,train
13887,train
2139,train
29339,train
16452,train
63187,train
26539,train
19915,train
59949,train
21497,train
34019,train
54243,train
64738,train
4793,train
6558,train
65500,train
21460,train
61942,train
31449,train
1480,train
23669,train
32992,train
51874,train
48320,train
67308,train
19231,train
21654,train
15187,train
27388,train
56321,train
15230,train
11054,train
69964,train
68029,train
41190,train
61409,train
43714,train
55801,train
69344,train
5994,train
68707,train
27864,train
68468,train
969,train
27231,train
59960,train
14802,train
59276,train
20462,train
32213,train
27180,train
18745,train
41203,train
64339,train
67038,train
34834,train
62347,train
67060,train
34394,train
33594,train
62373,train
57295,train
28021,train
34831,train
10049,train
22259,train
41369,train
19487,train
65582,train
62017,train
33890,train
44418,train
22382,train
28004,train
17526,train
68581,train
53862,train
46980,train
4330,train
35762,train
30619,train
24379,train
47205,train
28264,train
30108,train
64622,train
44314,train
52712,train
63714,train
45659,train
45552,train
24623,train
45188,train
39227,train
28327,train
39416,train
70108,train
55047,train
48518,train
57619,train
49016,train
33919,train
12567,train
9326,train
12017,train
21218,train
53416,train
18937,train
70400,train
12702,train
26880,train
61554,train
39261,train
43393,train
52915,train
51825,train
10634,train
39257,train
19181,train
61036,train
11977,train
33295,train
68454,train
26434,train
32802,train
66960,train
10560,train
13579,train
13177,train
50225,train
63464,train
61786,train
40458,train
17318,train
10873,train
61552,train
30940,train
66804,train
18356,train
50039,train
38814,train
48940,train
2515,train
62686,train
66185,train
39674,train
33289,train
44326,train
33442,train
68100,train
18358,train
7612,train
6273,train
40311,train
60521,train
12507,train
29005,train
33674,train
51929,train
22415,train
2693,train
7171,train
5091,train
38230,train
60078,train
440,train
20024,train
41021,train
8513,train
24456,train
29196,train
55161,train
27579,train
2455,train
6209,train
12817,train
31974,train
44421,train
6842,train
12113,train
19918,train
25301,train
53987,train
50224,train
42301,train
51071,train
34433,train
61472,train
23985,train
20302,train
40306,train
28486,train
19509,train
14484,train
29967,train
20903,train
14685,train
12397,train
41221,train
60771,train
46660,train
36751,train
16940,train
39643,train
69508,train
7230,train
6884,train
43541,train
22640,train
17053,train
6856,train
36041,train
3696,train
18470,train
35528,train
52931,train
64269,train
44299,train
40734,train
58313,train
18696,train
49872,train
56133,train
54011,train
850,train
3216,train
69389,train
28419,train
6905,train
9953,train
48200,train
66181,train
51533,train
44724,train
43831,train
69469,train
28414,train
3889,train
19435,train
4709,train
25381,train
23619,train
65977,train
61903,train
28936,train
7871,train
6521,train
47501,train
14893,train
61507,train
68210,train
57161,train
6975,train
6626,train
16210,train
23531,train
41292,train
13227,train
5242,train
38365,train
51802,train
35396,train
51723,train
22987,train
60635,train
63173,train
55008,train
25842,train
2031,train
51816,train
1905,train
60150,train
833,train
2761,train
26443,train
63139,train
56011,train
17385,train
59395,train
51680,train
36633,train
48810,train
14943,train
56278,train
44068,train
45231,train
48962,train
34047,train
43176,train
4025,train
35210,train
36875,train
46815,train
50881,train
31472,train
48138,train
4320,train
17981,train
65513,train
43530,train
41127,train
12011,train
22177,train
59606,train
53454,train
18258,train
1976,train
53689,train
50900,train
47838,train
23515,train
32288,train
69820,train
14269,train
22176,train
46453,train
53510,train
18256,train
46438,train
65110,train
65310,train
64721,train
62610,train
3722,train
28488,train
65740,train
21629,train
9544,train
65262,train
28792,train
67388,train
14991,train
1537,train
42354,train
7006,train
59777,train
17121,train
10240,train
13199,train
35450,train
53273,train
54702,train
8296,train
52359,train
27794,train
32519,train
16529,train
57620,train
64365,train
30072,train
60293,train
87,train
12020,train
18027,train
54876,train
27610,train
34158,train
69025,train
33324,train
63802,train
8471,train
55103,train
15381,train
48586,train
41177,train
44214,train
6577,train
46088,train
65371,train
57105,train
20685,train
61437,train
31020,train
29375,train
49148,train
48811,train
16682,train
60458,train
58589,train
55132,train
67938,train
8637,train
60092,train
70406,train
7132,train
9780,train
48990,train
69803,train
19396,train
62376,train
43378,train
34912,train
50902,train
69917,train
22300,train
60661,train
57868,train
16937,train
51599,train
14010,train
44790,train
16821,train
29897,train
38460,train
7627,train
14985,train
56365,train
49155,train
24159,train
28222,train
59432,train
16273,train
59102,train
10396,train
32617,train
31326,train
34374,train
48435,train
21607,train
18876,train
49078,train
29595,train
52618,train
61132,train
19970,train
57961,train
25017,train
58673,train
60848,train
58597,train
4865,train
33136,train
51455,train
41707,train
13283,train
63245,train
3701,train
64824,train
18361,train
37916,train
53037,train
27559,train
51083,train
51794,train
28873,train
16160,train
20498,train
51326,train
16226,train
36065,train
220,train
46865,train
42815,train
69791,train
2771,train
39134,train
18479,train
9037,train
43932,train
64005,train
17719,train
32111,train
26570,train
65891,train
14928,train
38143,train
29427,train
30153,train
20967,train
16777,train
39518,train
6227,train
23717,train
39338,train
49886,train
20588,train
37318,train
6668,train
33415,train
33182,train
6340,train
48086,train
47706,train
12996,train
2318,train
56295,train
12300,train
38015,train
5703,train
24810,train
7776,train
2212,train
35851,train
25476,train
38001,train
59290,train
21225,train
65017,train
18767,train
23265,train
39584,train
2773,train
37903,train
60023,train
69375,train
8676,train
48595,train
28703,train
4628,train
32826,train
7982,train
48523,train
61902,train
8929,train
35264,train
36772,train
47609,train
43448,train
52816,train
6429,train
36962,train
31186,train
66149,train
28236,train
43500,train
21843,train
22643,train
56097,train
48340,train
64755,train
671,train
1122,train
17336,train
5447,train
14876,train
64643,train
7190,train
21633,train
17270,train
17540,train
18617,train
14260,train
66387,train
44461,train
55118,train
33877,train
24753,train
30457,train
26254,train
42859,train
39311,train
32671,train
20550,train
10890,train
37444,train
386,train
58572,train
67773,train
19500,train
1190,train
46549,train
19751,train
9552,train
26672,train
23567,train
50061,train
24622,train
462,train
56203,train
35978,train
57860,train
11419,train
67018,train
20749,train
30167,train
8937,train
31639,train
45194,train
10610,train
66366,train
28787,train
10187,train
54889,train
34011,train
33631,train
13118,train
8271,train
41792,train
11667,train
36668,train
38000,train
61643,train
23456,train
60102,train
37638,train
29156,train
10701,train
7359,train
60619,train
31757,train
26592,train
48546,train
19901,train
50047,train
67176,train
10571,train
56077,train
12385,train
40796,train
63664,train
68055,train
6525,train
31902,train
60452,train
25267,train
65076,train
23418,train
59182,train
69659,train
48108,train
68195,train
55642,train
26093,train
5559,train
21569,train
15762,train
24564,train
21728,train
17469,train
58809,train
28513,train
33978,train
69886,train
28196,train
18556,train
45996,train
18294,train
63912,train
20083,train
65028,train
11144,train
55449,train
46226,train
59360,train
20720,train
9554,train
15823,train
68619,train
27290,train
1737,train
32107,train
60605,train
63667,train
1181,train
2615,train
12484,train
47620,train
51999,train
33238,train
51450,train
40158,train
47000,train
28774,train
44553,train
50479,train
14159,train
43347,train
8070,train
3382,train
62191,train
10970,train
19863,train
62295,train
16478,train
17682,train
6932,train
62016,train
37477,train
11898,train
70483,train
10820,train
16113,train
57299,train
41587,train
2253,train
59780,train
9989,train
46050,train
32831,train
50747,train
66190,train
41890,train
48265,train
2994,train
48181,train
56855,train
57602,train
55233,train
44892,train
61087,train
67542,train
47159,train
14632,train
49410,train
46369,train
34073,train
50952,train
54070,train
65026,train
51449,train
25735,train
598,train
48263,train
43097,train
39495,train
17967,train
35784,train
7586,train
35777,train
15858,train
56948,train
4938,train
66489,train
36468,train
16446,train
29425,train
46048,train
67546,train
1932,train
2336,train
66972,train
66477,train
13921,train
11509,train
16322,train
18740,train
7148,train
1870,train
57112,train
29072,train
63273,train
50941,train
41993,train
56890,train
20638,train
28112,train
52406,train
47218,train
6680,train
18726,train
36595,train
40790,train
14408,train
5351,train
51549,train
1066,train
58277,train
64763,train
56730,train
25090,train
35816,train
41778,train
49752,train
60853,train
329,train
20437,train
53555,train
7021,train
21702,train
20134,train
48832,train
47825,train
30742,train
11943,train
39461,train
34221,train
27544,train
63322,train
48159,train
7636,train
50025,train
62748,train
45568,train
9499,train
18583,train
61781,train
12978,train
23313,train
31215,train
10881,train
56265,train
70318,train
6661,train
36663,train
23915,train
24651,train
59143,train
14515,train
15603,train
9256,train
9602,train
49227,train
66577,train
63693,train
44208,train
42746,train
42444,train
22367,train
59271,train
68134,train
64052,train
33344,train
27553,train
38154,train
23547,train
143,train
34157,train
17363,train
1619,train
20966,train
25501,train
19124,train
35137,train
67679,train
42908,train
63575,train
55421,train
16732,train
50639,train
62244,train
52081,train
6378,train
10463,train
52933,train
62511,train
6656,train
62788,train
59374,train
22521,train
13848,train
67661,train
50732,train
38588,train
31258,train
49586,train
21270,train
60210,train
23491,train
15429,train
47792,train
58565,train
29516,train
56371,train
26469,train
53145,train
31297,train
40640,train
54339,train
10252,train
12855,train
25019,train
66850,train
67040,train
10574,train
43992,train
31238,train
6990,train
4162,train
39645,train
6171,train
23983,train
32548,train
69868,train
60154,train
15253,train
50866,train
61897,train
4672,train
1118,train
33509,train
42257,train
12781,train
13524,train
47488,train
4067,train
17351,train
63424,train
50234,train
28449,train
45016,train
8795,train
150,train
31002,train
6377,train
36675,train
14847,train
66880,train
30985,train
67936,train
22639,train
26478,train
15831,train
28106,train
16020,train
9451,train
43221,train
68496,train
510,train
3539,train
29555,train
25826,train
7851,train
57088,train
65054,train
42927,train
54051,train
64294,train
51380,train
69229,train
69043,train
29589,train
47443,train
51570,train
5764,train
26408,train
65585,train
1881,train
51672,train
42352,train
40612,train
61019,train
7406,train
69769,train
63289,train
54559,train
1101,train
6847,train
58766,train
34510,train
64324,train
28398,train
22491,train
67882,train
4281,train
12582,train
59838,train
3634,train
43198,train
70600,train
59551,train
63874,train
63919,train
20356,train
6785,train
61945,train
56892,train
54928,train
5451,train
3145,train
14445,train
7381,train
9408,train
48148,train
7002,train
44537,train
67519,train
23552,train
48073,train
50903,train
1972,train
34947,train
69711,train
63756,train
2637,train
54478,train
1247,train
24541,train
19224,train
60752,train
6893,train
18009,train
35671,train
31777,train
20179,train
32575,train
62299,train
47230,train
8405,train
15665,train
34705,train
45379,train
67283,train
6435,train
91,train
65240,train
8093,train
16401,train
22204,train
63820,train
44746,train
411,train
66632,train
13011,train
38072,train
11450,train
61872,train
33044,train
26964,train
48096,train
200,train
1682,train
388,train
47741,train
40758,train
31862,train
49785,train
5801,train
49560,train
29182,train
48201,train
43700,train
18026,train
22965,train
12577,train
9103,train
24945,train
46076,train
49210,train
39828,train
42622,train
57443,train
27049,train
19633,train
16395,train
14605,train
62053,train
6437,train
7346,train
60238,train
68879,train
55742,train
3350,train
14859,train
928,train
47464,train
47980,train
25831,train
48486,train
54117,train
67962,train
66858,train
59871,train
47455,train
29152,train
23808,train
23291,train
20215,train
6228,train
68914,train
59077,train
36195,train
10403,train
9419,train
49907,train
15085,train
4962,train
32244,train
62624,train
19472,train
36872,train
49096,train
63573,train
20732,train
51279,train
36000,train
9376,train
28105,train
41524,train
49257,train
49879,train
39023,train
66428,train
59645,train
48625,train
58702,train
37450,train
48013,train
42025,train
13296,train
14806,train
45717,train
11295,train
68893,train
10053,train
21482,train
62290,train
6881,train
34952,train
15391,train
22658,train
28722,train
60357,train
2276,train
58592,train
47849,train
56361,train
20554,train
60269,train
68144,train
23133,train
22513,train
3901,train
33993,train
23461,train
26944,train
69254,train
27763,train
67898,train
40484,train
15320,train
48666,train
9573,train
55153,train
4751,train
70409,train
24148,train
19763,train
59845,train
34225,train
4647,train
19221,train
20556,train
63730,train
45470,train
9627,train
65021,train
2667,train
17536,train
55513,train
8519,train
339,train
4359,train
37286,train
39072,train
26248,train
59715,train
62407,train
11810,train
15605,train
69385,train
23066,train
27449,train
14285,train
55323,train
29908,train
49513,train
47013,train
30997,train
24293,train
58076,train
55546,train
43010,train
20014,train
16731,train
55989,train
57494,train
3124,train
54548,train
25627,train
17864,train
51352,train
58265,train
49333,train
68872,train
28169,train
29846,train
26635,train
22930,train
44811,train
16542,train
53432,train
16582,train
13220,train
42621,train
51674,train
31357,train
47787,train
60398,train
33924,train
7629,train
48735,train
41559,train
34875,train
35838,train
62582,train
58365,train
18050,train
62818,train
9618,train
23464,train
21623,train
49252,train
59953,train
40339,train
28948,train
15674,train
2301,train
3795,train
69423,train
9850,train
29695,train
7330,train
9866,train
36710,train
35065,train
25910,train
26551,train
9645,train
52024,train
64495,train
38491,train
15822,train
37254,train
46317,train
45920,train
43091,train
53673,train
20769,train
4380,train
45682,train
67438,train
64727,train
42110,train
12158,train
37332,train
62293,train
60515,train
61445,train
18234,train
22777,train
14074,train
45745,train
13326,train
69026,train
52340,train
12478,train
68814,train
55775,train
57943,train
11852,train
54749,train
42217,train
42150,train
2433,train
67009,train
11979,train
29459,train
64611,train
2395,train
2184,train
63427,train
25506,train
29881,train
61530,train
49162,train
59576,train
64805,train
66532,train
4358,train
59915,train
25660,train
12818,train
60488,train
980,train
4523,train
39847,train
58569,train
26311,train
66043,train
9687,train
24775,train
2934,train
51578,train
29247,train
39437,train
11586,train
69491,train
19168,train
5611,train
55593,train
29538,train
13821,train
5349,train
14318,train
67821,train
50091,train
23422,train
46164,train
30698,train
21958,train
42451,train
61748,train
10364,train
31059,train
47380,train
15976,train
50227,train
45949,train
6743,train
61057,train
70132,train
65711,train
13756,train
7209,train
13075,train
57032,train
53046,train
3562,train
20909,train
27767,train
58779,train
39803,train
23940,train
5540,train
1582,train
1261,train
33588,train
34741,train
34203,train
51478,train
30471,train
63313,train
47514,train
50848,train
8255,train
36423,train
49156,train
28530,train
15878,train
29093,train
44282,train
51448,train
65825,train
58316,train
27572,train
44606,train
59001,train
53739,train
25406,train
65102,train
20636,train
37701,train
16166,train
58374,train
40604,train
33547,train
69403,train
45198,train
42445,train
42737,train
54990,train
21417,train
43950,train
68231,train
2555,train
7893,train
6620,train
63377,train
56239,train
68284,train
53563,train
28978,train
1179,train
69852,train
40093,train
62806,train
7994,train
12678,train
57360,train
45124,train
61150,train
10092,train
57955,train
5736,train
14261,train
68233,train
65874,train
24885,train
43043,train
54271,train
27635,train
40355,train
43266,train
14083,train
59385,train
39869,train
47569,train
37700,train
62036,train
47962,train
33672,train
70672,train
10897,train
38818,train
40054,train
2009,train
32028,train
48075,train
16378,train
52164,train
8883,train
65520,train
65786,train
20514,train
11415,train
5370,train
4361,train
9998,train
15526,train
66754,train
38068,train
15919,train
6658,train
68118,train
36764,train
6845,train
33277,train
48841,train
64488,train
65419,train
62215,train
70609,train
53379,train
69903,train
34606,train
64322,train
57927,train
24897,train
59553,train
9339,train
62778,train
16969,train
30715,train
66993,train
14657,train
12544,train
32370,train
26951,train
61700,train
34611,train
64056,train
23854,train
33872,train
46116,train
47577,train
18344,train
10632,train
55641,train
6691,train
35532,train
14986,train
28046,train
41711,train
26328,train
13849,train
4371,train
37759,train
68206,train
39739,train
18340,train
22937,train
50048,train
59937,train
2037,train
65743,train
49350,train
57892,train
62627,train
26588,train
49013,train
28589,train
31539,train
28283,train
24288,train
28032,train
9266,train
8140,train
22216,train
25353,train
2580,train
70135,train
56653,train
23845,train
23670,train
68974,train
6281,train
7778,train
27584,train
37447,train
42645,train
9917,train
41927,train
5533,train
8076,train
67243,train
50738,train
43093,train
66424,train
24471,train
67619,train
40379,train
25632,train
30357,train
53181,train
36228,train
67820,train
44613,train
35535,train
4225,train
48078,train
23346,train
68192,train
62384,train
60017,train
6463,train
35417,train
25422,train
50374,train
49303,train
34178,train
62218,train
8891,train
59018,train
4826,train
66278,train
11908,train
35035,train
64660,train
10473,train
52423,train
33016,train
51811,train
40113,train
42832,train
45693,train
59765,train
29013,train
15296,train
35433,train
65204,train
6930,train
64625,train
51774,train
53647,train
30576,train
67922,train
10193,train
19438,train
31144,train
27520,train
65633,train
55154,train
49035,train
49874,train
7595,train
29463,train
67543,train
59807,train
898,train
60526,train
7748,train
14097,train
24110,train
47709,train
9664,train
3927,train
26424,train
31894,train
28418,train
5926,train
4125,train
18895,train
18618,train
28289,train
42173,train
65563,train
8968,train
40401,train
51651,train
41633,train
7623,train
21815,train
16333,train
7998,train
31723,train
70508,train
58575,train
34420,train
47522,train
39414,train
23049,train
54958,train
1939,train
26965,train
16678,train
66961,train
62125,train
48484,train
60183,train
64933,train
34843,train
22879,train
31379,train
53343,train
56613,train
50545,train
9529,train
32579,train
44714,train
13052,train
65236,train
64913,train
13799,train
31122,train
1660,train
31591,train
40063,train
28688,train
41869,train
62275,train
65558,train
57178,train
69459,train
45255,train
17607,train
205,train
31543,train
50152,train
30417,train
3062,train
28067,train
64224,train
37742,train
25461,train
43733,train
53115,train
62662,train
28505,train
33284,train
27611,train
9532,train
49459,train
49023,train
28099,train
39337,train
45278,train
8199,train
54942,train
28189,train
67755,train
7394,train
29495,train
57082,train
28584,train
35800,train
6814,train
28286,train
52479,train
50130,train
23506,train
42265,train
50550,train
47143,train
50641,train
23986,train
56504,train
30874,train
3607,train
60168,train
32387,train
18285,train
33412,train
70008,train
29173,train
51077,train
24007,train
51256,train
54150,train
64445,train
36811,train
5484,train
53883,train
12304,train
11797,train
31822,train
13554,train
55622,train
70634,train
56687,train
69958,train
10308,train
54643,train
48357,train
30668,train
1202,train
55249,train
5683,train
44121,train
7207,train
67591,train
44128,train
51759,train
23504,train
23719,train
4188,train
45128,train
1175,train
24834,train
25897,train
43539,train
12773,train
52860,train
14356,train
57153,train
58066,train
39218,train
404,train
21033,train
63417,train
26470,train
12846,train
51144,train
10975,train
65688,train
23920,train
68623,train
28802,train
41951,train
17829,train
65538,train
26395,train
37830,train
65150,train
63806,train
3499,train
47266,train
15144,train
53746,train
35211,train
65675,train
68689,train
48076,train
63103,train
5543,train
49473,train
46053,train
58622,train
66936,train
19296,train
64091,train
30551,train
64777,train
50229,train
68681,train
68905,train
25917,train
5561,train
36944,train
8959,train
44733,train
44691,train
17862,train
33250,train
12296,train
28305,train
35621,train
8156,train
49267,train
2190,train
44384,train
11159,train
62456,train
43305,train
18902,train
36514,train
59945,train
58471,train
30224,train
18702,train
17347,train
14872,train
45287,train
21860,train
7005,train
42507,train
17013,train
22904,train
24524,train
64391,train
5055,train
36959,train
15352,train
50921,train
28033,train
30527,train
25555,train
49548,train
14322,train
41501,train
36260,train
59659,train
46435,train
18535,train
69256,train
29965,train
22435,train
56473,train
48903,train
13165,train
63379,train
19044,train
58939,train
13953,train
51399,train
59649,train
13407,train
53876,train
19252,train
70498,train
46165,train
45849,train
18227,train
6313,train
59981,train
18326,train
33373,train
37407,train
17283,train
1159,train
14734,train
58214,train
39188,train
41097,train
23355,train
47156,train
45533,train
39503,train
13820,train
13267,train
70399,train
17801,train
19093,train
60679,train
50773,train
28633,train
805,train
67118,train
59640,train
655,train
50618,train
8699,train
9665,train
64124,train
51583,train
11735,train
4937,train
33607,train
17859,train
27704,train
50553,train
24563,train
1419,train
35075,train
66740,train
40903,train
41255,train
32679,train
10063,train
45822,train
63548,train
29083,train
54819,train
7460,train
63192,train
7475,train
1544,train
35693,train
31988,train
38949,train
16406,train
53669,train
6898,train
60961,train
22740,train
42745,train
49936,train
45177,train
41660,train
10580,train
64330,train
23707,train
11920,train
42877,train
61486,train
38935,train
10649,train
56574,train
11993,train
10175,train
58175,train
53414,train
10911,train
5034,train
51675,train
59540,train
9856,train
36463,train
48389,train
68421,train
68422,train
34175,train
48839,train
46332,train
8202,train
62104,train
49523,train
41719,train
7136,train
31611,train
8028,train
67968,train
31387,train
19349,train
50257,train
21496,train
20166,train
49012,train
2411,train
6513,train
54952,train
57010,train
42702,train
15522,train
53973,train
67335,train
4263,train
35499,train
41427,train
21414,train
3538,train
10640,train
47933,train
48416,train
70149,train
19303,train
24525,train
63481,train
1706,train
13837,train
13715,train
30306,train
26366,train
66325,train
522,train
4640,train
45909,train
63502,train
43711,train
54472,train
14566,train
7235,train
47051,train
24761,train
55769,train
60928,train
43137,train
9113,train
64655,train
45630,train
41737,train
824,train
9160,train
2208,train
3627,train
58111,train
29100,train
40769,train
28566,train
31850,train
41461,train
43476,train
51109,train
40591,train
64802,train
39755,train
20953,train
11713,train
50343,train
48077,train
28241,train
8029,train
1273,train
37760,train
2136,train
18073,train
27075,train
29674,train
37188,train
29079,train
24,train
18221,train
54596,train
69150,train
2205,train
60770,train
68061,train
56285,train
68459,train
38918,train
24919,train
48958,train
66130,train
54936,train
39922,train
63369,train
60895,train
12731,train
69461,train
54161,train
49740,train
34937,train
6073,train
19491,train
25626,train
35048,train
8297,train
13427,train
23904,train
21799,train
25222,train
3417,train
41598,train
68126,train
66075,train
60669,train
18060,train
30690,train
61265,train
33752,train
66568,train
65122,train
543,train
50177,train
17266,train
70004,train
18313,train
40829,train
13320,train
52925,train
44219,train
62461,train
63803,train
4012,train
1986,train
63157,train
674,train
19047,train
57990,train
16158,train
1372,train
22231,train
50113,train
63321,train
32587,train
31660,train
64323,train
50425,train
42914,train
58599,train
19328,train
25778,train
15943,train
21248,train
11007,train
48377,train
20964,train
58632,train
25634,train
4350,train
13976,train
24001,train
19383,train
2357,train
6223,train
3257,train
34708,train
66339,train
49749,train
43034,train
1177,train
67534,train
47029,train
2480,train
26639,train
46518,train
3642,train
15501,train
10938,train
7512,train
21910,train
55042,train
28761,train
995,train
915,train
32336,train
35287,train
31295,train
53643,train
59692,train
49194,train
9240,train
32947,train
4430,train
54642,train
841,train
21304,train
63597,train
46236,train
69115,train
1426,train
13978,train
3928,train
31408,train
24937,train
23627,train
40736,train
40673,train
22698,train
28472,train
16323,train
64061,train
33767,train
9921,train
50950,train
49511,train
55788,train
3534,train
25459,train
53383,train
2292,train
3529,train
56789,train
13432,train
38832,train
33717,train
41449,train
12215,train
10491,train
66499,train
13743,train
66142,train
59288,train
69877,train
13121,train
69864,train
65234,train
26894,train
23691,train
28252,train
59442,train
31042,train
37121,train
1389,train
4179,train
46115,train
32681,train
23131,train
60322,train
37143,train
47850,train
30633,train
43319,train
65372,train
35088,train
2335,train
31067,train
3270,train
65575,train
1281,train
50704,train
32326,train
19287,train
30852,train
41810,train
60217,train
47442,train
32128,train
24695,train
4192,train
33937,train
68080,train
30384,train
58145,train
69187,train
37535,train
13029,train
41584,train
4035,train
52991,train
30672,train
42316,train
52832,train
57571,train
60449,train
48272,train
15758,train
64226,train
54951,train
9400,train
60071,train
33881,train
49292,train
13006,train
26573,train
13803,train
57015,train
11513,train
7840,train
25272,train
1039,train
51097,train
1304,train
68847,train
68420,train
31351,train
47279,train
702,train
47639,train
4032,train
45052,train
48286,train
46047,train
5995,train
41988,train
6999,train
65425,train
60127,train
63932,train
43935,train
13786,train
63354,train
38629,train
44174,train
55427,train
3196,train
21795,train
69866,train
67095,train
56507,train
56128,train
7877,train
55696,train
57819,train
22642,train
64679,train
5241,train
51778,train
37878,train
32087,train
24176,train
35852,train
56845,train
67430,train
52904,train
17711,train
65526,train
70615,train
54090,train
17185,train
48448,train
33512,train
60320,train
8524,train
30615,train
31658,train
49345,train
26800,train
47447,train
695,train
26197,train
28674,train
13948,train
68404,train
66802,train
51613,train
52517,train
61741,train
28939,train
67994,train
58182,train
867,train
21046,train
7338,train
49732,train
30001,train
43800,train
30408,train
21465,train
53498,train
5929,train
3206,train
65081,train
10592,train
20263,train
7218,train
13804,train
38827,train
10460,train
44667,train
16121,train
40298,train
62633,train
53065,train
10650,train
65471,train
68189,train
39685,train
31475,train
16321,train
5005,train
17948,train
7717,train
52759,train
15792,train
17201,train
37104,train
41220,train
21565,train
34497,train
26738,train
12896,train
56602,train
2372,train
12583,train
30790,train
16745,train
24407,train
52472,train
3106,train
18279,train
1363,train
38959,train
45378,train
14009,train
37911,train
66471,train
67402,train
46904,train
56570,train
36056,train
61775,train
41309,train
7653,train
21169,train
26087,train
54816,train
52606,train
56766,train
8280,train
28945,train
68107,train
15816,train
61081,train
27737,train
22100,train
36883,train
26812,train
33744,train
13140,train
12031,train
14800,train
20192,train
31095,train
64729,train
46339,train
13451,train
37013,train
16625,train
31051,train
30435,train
39217,train
14539,train
57548,train
7286,train
28504,train
28625,train
61706,train
45987,train
14283,train
27251,train
40282,train
31372,train
46751,train
44073,train
370,train
39352,train
13767,train
23927,train
49358,train
13636,train
45664,train
24820,train
27814,train
50494,train
42010,train
14407,train
37467,train
67338,train
49110,train
48368,train
10262,train
20505,train
67572,train
34973,train
16734,train
57674,train
27236,train
36516,train
57724,train
29769,train
20371,train
2004,train
22427,train
39840,train
6889,train
68666,train
26073,train
60379,train
47456,train
8400,train
31884,train
20822,train
59342,train
26824,train
19084,train
13377,train
69814,train
23564,train
27634,train
38673,train
30925,train
47420,train
11922,train
29957,train
58771,train
25160,train
54249,train
51073,train
66866,train
64010,train
33310,train
28390,train
8442,train
9485,train
44727,train
8740,train
6145,train
37655,train
3069,train
37948,train
51471,train
20562,train
6784,train
54726,train
44545,train
46217,train
6553,train
66361,train
35859,train
547,train
32503,train
1713,train
25086,train
48126,train
42120,train
58777,train
68020,train
58488,train
48584,train
63938,train
33332,train
4189,train
16875,train
58420,train
33354,train
38898,train
50961,train
18016,train
21854,train
58792,train
12852,train
41743,train
31911,train
18789,train
65068,train
25407,train
29036,train
52721,train
35162,train
16942,train
20315,train
2324,train
25323,train
31446,train
17372,train
32129,train
61473,train
32682,train
8263,train
59291,train
52311,train
10697,train
56159,train
41355,train
48360,train
62921,train
306,train
22836,train
33142,train
27867,train
43622,train
30307,train
8252,train
35797,train
26011,train
27578,train
54665,train
62667,train
68049,train
5394,train
45921,train
8192,train
37240,train
60535,train
69853,train
67815,train
50365,train
35310,train
61667,train
33977,train
23482,train
24043,train
42865,train
35243,train
17020,train
45430,train
41979,train
56660,train
24589,train
51898,train
41514,train
51353,train
51130,train
21086,train
40078,train
19603,train
55527,train
16475,train
63367,train
22868,train
2187,train
498,train
60000,train
52167,train
42677,train
47066,train
57355,train
953,train
42157,train
22966,train
65328,train
56986,train
56868,train
67203,train
45477,train
38938,train
28819,train
17742,train
52471,train
21916,train
53812,train
42376,train
37583,train
9571,train
37622,train
69058,train
12975,train
15,train
19234,train
33923,train
66175,train
41178,train
14186,train
2826,train
65350,train
25003,train
55852,train
36397,train
29750,train
32098,train
3081,train
52280,train
39287,train
30154,train
50538,train
32350,train
66362,train
66247,train
25318,train
36259,train
25116,train
19788,train
26775,train
20910,train
51457,train
8732,train
46352,train
17571,train
26603,train
35963,train
59468,train
51105,train
40967,train
20681,train
9394,train
7903,train
60207,train
62255,train
33848,train
49919,train
30347,train
53593,train
70256,train
38807,train
33330,train
29488,train
66733,train
52097,train
20770,train
23675,train
50238,train
48525,train
2533,train
39145,train
18493,train
67183,train
27370,train
37283,train
58134,train
48083,train
4274,train
2380,train
51452,train
52003,train
3947,train
69061,train
21265,train
62947,train
24915,train
57936,train
19887,train
39536,train
49929,train
33691,train
59778,train
4822,train
31313,train
43666,train
50026,train
12724,train
32678,train
34015,train
62632,train
783,train
68345,train
61755,train
52723,train
45225,train
1820,train
7072,train
227,train
49118,train
3783,train
69099,train
29884,train
20751,train
51290,train
15013,train
2124,train
68218,train
65126,train
14028,train
26546,train
99,train
16416,train
14793,train
45428,train
40070,train
47340,train
50434,train
57807,train
64214,train
58270,train
3866,train
58937,train
60173,train
43834,train
57789,train
55817,train
68856,train
68569,train
20276,train
26277,train
51553,train
32633,train
58649,train
57717,train
62090,train
17373,train
41935,train
41997,train
61578,train
10788,train
19793,train
39538,train
60552,train
48642,train
2588,train
1562,train
39952,train
50299,train
48434,train
32404,train
14532,train
8101,train
32276,train
47551,train
26924,train
16489,train
20151,train
3766,train
11084,train
53468,train
39568,train
36079,train
1496,train
36357,train
41288,train
20696,train
7095,train
64062,train
28374,train
21505,train
65147,train
62098,train
47202,train
28288,train
53955,train
39623,train
372,train
45716,train
66910,train
2890,train
5609,train
60945,train
47718,train
65994,train
63124,train
12429,train
64184,train
4730,train
41567,train
61599,train
70068,train
58184,train
5354,train
53078,train
63306,train
60422,train
50387,train
52740,train
1397,train
55887,train
32642,train
18860,train
67985,train
19205,train
703,train
62349,train
68629,train
7590,train
39969,train
55507,train
28280,train
66937,train
33576,train
58650,train
6020,train
60833,train
59658,train
44310,train
45163,train
27781,train
2521,train
70137,train
25427,train
38574,train
6358,train
10145,train
65686,train
65946,train
2348,train
10700,train
31263,train
31782,train
14569,train
38793,train
56938,train
5213,train
170,train
17042,train
17715,train
45319,train
36699,train
21027,train
9479,train
66806,train
11829,train
4527,train
25493,train
35827,train
7436,train
50102,train
11322,train
1482,train
30928,train
5327,train
19783,train
47015,train
37101,train
26697,train
1525,train
19078,train
57152,train
32629,train
28155,train
52819,train
39554,train
8217,train
20969,train
42895,train
15754,train
68495,train
17489,train
35702,train
58791,train
56243,train
30090,train
46378,train
67842,train
63080,train
50470,train
18924,train
2884,train
23596,train
10450,train
50945,train
7682,train
34715,train
62900,train
1421,train
69777,train
65838,train
25390,train
27741,train
22837,train
4952,train
31897,train
10086,train
4878,train
58475,train
53364,train
23499,train
32227,train
44303,train
11422,train
35475,train
1831,train
17707,train
65858,train
28847,train
1760,train
36624,train
52397,train
54692,train
58686,train
54216,train
36797,train
10445,train
18492,train
50304,train
732,train
12796,train
11752,train
4741,train
10055,train
1151,train
49330,train
57773,train
27297,train
13738,train
58256,train
42490,train
34709,train
68742,train
50191,train
23459,train
4536,train
35112,train
46546,train
23338,train
19674,train
14546,train
47132,train
62864,train
52466,train
8658,train
9366,train
59142,train
6586,train
35593,train
39541,train
67442,train
35457,train
32383,train
20317,train
21911,train
24769,train
12739,train
47667,train
69197,train
14772,train
36991,train
3754,train
9166,train
18207,train
45418,train
20127,train
36227,train
60765,train
50239,train
49371,train
2431,train
41295,train
46914,train
59289,train
47979,train
36992,train
55662,train
65226,train
43983,train
47682,train
57875,train
55939,train
40532,train
4105,train
20721,train
64168,train
34122,train
11617,train
39654,train
31626,train
43855,train
7499,train
6869,train
28124,train
32828,train
20108,train
53970,train
65173,train
28611,train
16613,train
16810,train
39254,train
53385,train
30987,train
5377,train
9084,train
59413,train
64853,train
57454,train
35195,train
36688,train
6931,train
36777,train
13934,train
42592,train
3181,train
38254,train
65280,train
35812,train
38792,train
30103,train
23519,train
16360,train
45993,train
52372,train
25085,train
12562,train
23913,train
50957,train
65088,train
41002,train
60922,train
34723,train
68304,train
47961,train
11597,train
36042,train
65433,train
69954,train
30907,train
48830,train
45975,train
13160,train
65608,train
15867,train
49274,train
59822,train
54499,train
43341,train
61863,train
7985,train
46561,train
9825,train
13895,train
26811,train
50212,train
40934,train
19609,train
8810,train
69841,train
5535,train
54077,train
51145,train
7695,train
53381,train
38159,train
10582,train
6709,train
7932,train
58772,train
35954,train
65015,train
25940,train
12388,train
27189,train
47296,train
63924,train
46243,train
39133,train
30461,train
40960,train
30691,train
42816,train
10127,train
10069,train
43683,train
45969,train
54983,train
3190,train
54105,train
61043,train
16155,train
3912,train
12674,train
47868,train
22989,train
6846,train
39089,train
67772,train
23793,train
64233,train
3964,train
55783,train
56591,train
9360,train
10802,train
22632,train
1896,train
11166,train
26146,train
43182,train
31448,train
909,train
57306,train
13351,train
64254,train
62316,train
20516,train
24008,train
44657,train
64567,train
10309,train
55573,train
10943,train
70162,train
69648,train
49909,train
5143,train
69280,train
2038,train
60851,train
42856,train
55928,train
50527,train
18684,train
21024,train
54877,train
23481,train
21719,train
65410,train
19621,train
47993,train
9632,train
58994,train
62103,train
644,train
17294,train
38868,train
30755,train
55128,train
62995,train
36131,train
37230,train
14166,train
46269,train
9202,train
55514,train
2833,train
41932,train
17009,train
12220,train
68991,train
16852,train
66144,train
45136,train
52535,train
22515,train
7140,train
63515,train
41635,train
70179,train
68104,train
49327,train
32767,train
36464,train
58830,train
696,train
1176,train
65473,train
49479,train
56513,train
26411,train
29798,train
12286,train
60424,train
51612,train
27266,train
61864,train
40689,train
59449,train
21588,train
27887,train
38228,train
61679,train
4794,train
47227,train
13650,train
23780,train
62261,train
45062,train
63122,train
49901,train
67359,train
57128,train
15759,train
5196,train
46665,train
16655,train
59918,train
44266,train
51932,train
26542,train
8626,train
44274,train
53005,train
60302,train
1563,train
57268,train
19101,train
62733,train
7443,train
21416,train
50790,train
63102,train
54709,train
49328,train
23881,train
39939,train
45012,train
64585,train
17893,train
33434,train
20229,train
41853,train
70594,train
64536,train
33192,train
51178,train
34965,train
17441,train
56001,train
46845,train
26653,train
51942,train
49197,train
54333,train
4817,train
31997,train
68686,train
9911,train
63916,train
61581,train
12965,train
26887,train
25205,train
8226,train
2624,train
10542,train
12040,train
3351,train
42651,train
23952,train
38550,train
2362,train
53917,train
8655,train
22201,train
61831,train
48447,train
18604,train
30131,train
60111,train
27422,train
61773,train
17218,train
31768,train
67551,train
10391,train
7909,train
56350,train
10422,train
67189,train
45790,train
45097,train
7926,train
30379,train
16250,train
39111,train
22334,train
59069,train
64725,train
54427,train
49883,train
69175,train
49917,train
47677,train
41012,train
26273,train
22979,train
32936,train
69595,train
851,train
63901,train
66145,train
51862,train
2516,train
51415,train
52888,train
26858,train
44091,train
2558,train
34207,train
3394,train
9706,train
31412,train
58651,train
27001,train
44834,train
69252,train
27522,train
43738,train
19167,train
32572,train
48093,train
45201,train
58456,train
28060,train
48027,train
35822,train
9008,train
28343,train
67346,train
41975,train
4644,train
42069,train
65070,train
19374,train
17827,train
3552,train
35293,train
21471,train
9184,train
28030,train
41649,train
5523,train
27769,train
37295,train
34072,train
68246,train
61787,train
69424,train
4151,train
47909,train
43854,train
5011,train
49918,train
19632,train
34359,train
68383,train
5427,train
40475,train
33793,train
68466,train
58323,train
12955,train
19993,train
27315,train
2946,train
38330,train
12557,train
29903,train
20540,train
6212,train
18352,train
10299,train
40283,train
61047,train
59742,train
65354,train
45298,train
39762,train
56562,train
53375,train
57695,train
2682,train
1968,train
48417,train
38410,train
61683,train
1270,train
70190,train
44043,train
68528,train
30448,train
54128,train
42743,train
45312,train
62292,train
60043,train
12699,train
43161,train
17118,train
24856,train
57932,train
56154,train
36383,train
37409,train
21772,train
19313,train
5970,train
12468,train
1698,train
468,train
55585,train
53338,train
19071,train
53076,train
49173,train
44098,train
43551,train
26852,train
61226,train
32260,train
43458,train
40335,train
11464,train
68849,train
936,train
25656,train
11309,train
36172,train
23304,train
69908,train
59112,train
37935,train
45474,train
43902,train
58681,train
47705,train
35668,train
20414,train
11540,train
34193,train
48208,train
5682,train
10517,train
40302,train
6335,train
35142,train
69784,train
31926,train
49380,train
45063,train
46449,train
11286,train
46310,train
2484,train
62804,train
17000,train
4129,train
29434,train
49377,train
51321,train
4786,train
27320,train
18033,train
44338,train
50612,train
18867,train
33170,train
13072,train
27922,train
35026,train
28248,train
42958,train
39252,train
17102,train
4689,train
5149,train
46132,train
21125,train
11602,train
53993,train
14879,train
15621,train
38524,train
46867,train
44501,train
53676,train
5276,train
41622,train
8261,train
14264,train
16481,train
45479,train
62517,train
62478,train
14079,train
9151,train
30119,train
13193,train
69986,train
47461,train
61536,train
21986,train
25510,train
47906,train
51546,train
38905,train
11816,train
57490,train
15139,train
1916,train
60913,train
6245,train
44401,train
44810,train
32428,train
64776,train
32174,train
42818,train
28917,train
29574,train
2485,train
64302,train
4750,train
47954,train
33725,train
48134,train
48015,train
70632,train
11644,train
9270,train
13281,train
62195,train
32614,train
40699,train
32256,train
40617,train
7152,train
61493,train
4866,train
36812,train
30268,train
60354,train
16806,train
15185,train
4316,train
22747,train
42091,train
62447,train
52090,train
50581,train
45641,train
46253,train
1393,train
18781,train
61840,train
37862,train
3862,train
42402,train
69232,train
18421,train
68934,train
16923,train
22691,train
1425,train
35325,train
15717,train
68338,train
32357,train
70673,train
64859,train
61858,train
40861,train
44873,train
57594,train
30021,train
54005,train
56749,train
42015,train
23264,train
17855,train
27125,train
59865,train
38642,train
57790,train
20530,train
56912,train
7981,train
19054,train
14359,train
14138,train
12718,train
64759,train
49453,train
1280,train
6552,train
15456,train
5317,train
52011,train
37204,train
33704,train
64234,train
40152,train
2848,train
55806,train
10704,train
22779,train
49407,train
24394,train
35008,train
30631,train
64281,train
8730,train
60039,train
70420,train
33327,train
12066,train
34330,train
59672,train
67013,train
62006,train
43356,train
68761,train
48913,train
64265,train
53297,train
36534,train
49570,train
44768,train
55876,train
31989,train
28142,train
49857,train
13292,train
65131,train
8396,train
10541,train
23760,train
13286,train
27980,train
28655,train
22538,train
45443,train
29492,train
48806,train
38869,train
68917,train
22693,train
39821,train
14302,train
48018,train
55066,train
41437,train
49287,train
69881,train
26633,train
67225,train
68676,train
29379,train
40987,train
60617,train
19707,train
8563,train
34813,train
44114,train
36887,train
20764,train
31901,train
51339,train
25257,train
13829,train
30030,train
5699,train
10195,train
26538,train
15768,train
66700,train
26140,train
7376,train
11564,train
14668,train
10317,train
32706,train
49759,train
36588,train
1990,train
70396,train
50992,train
54494,train
64849,train
34845,train
24360,train
65301,train
70046,train
28379,train
26717,train
69021,train
38736,train
53043,train
25377,train
51890,train
62720,train
20155,train
35056,train
12416,train
62825,train
10068,train
62485,train
45577,train
17046,train
55898,train
65615,train
24117,train
19444,train
25397,train
3884,train
45824,train
70210,train
38053,train
56426,train
53617,train
41296,train
61723,train
2147,train
42079,train
27783,train
53942,train
67804,train
3383,train
63910,train
64447,train
64969,train
52609,train
28481,train
4398,train
60709,train
25016,train
6304,train
32196,train
30311,train
52306,train
47462,train
8624,train
56767,train
6843,train
67860,train
41994,train
20359,train
29877,train
45638,train
69984,train
17630,train
55171,train
38231,train
34186,train
8282,train
51120,train
45624,train
30297,train
31127,train
47623,train
44362,train
66758,train
42412,train
68119,train
61159,train
16104,train
67363,train
55977,train
18542,train
26381,train
22209,train
53569,train
7611,train
63713,train
32955,train
1414,train
23722,train
58387,train
26809,train
8367,train
35478,train
40511,train
41395,train
65141,train
11770,train
42734,train
35239,train
30038,train
12502,train
20011,train
61628,train
54374,train
23308,train
29546,train
66373,train
7547,train
1478,train
44925,train
36511,train
32588,train
38123,train
47612,train
30770,train
5820,train
2595,train
12018,train
56327,train
22007,train
11858,train
17820,train
65580,train
39457,train
57590,train
43712,train
40154,train
35856,train
68217,train
44281,train
23774,train
70204,train
65337,train
42172,train
38027,train
70643,train
11910,train
38833,train
39485,train
66269,train
36285,train
67518,train
42508,train
25584,train
39565,train
15233,train
67834,train
35966,train
44296,train
30352,train
13255,train
8903,train
2295,train
20831,train
11964,train
23803,train
52551,train
2641,train
55477,train
6798,train
67500,train
62884,train
24948,train
60964,train
22792,train
64018,train
63655,train
33201,train
46001,train
68298,train
44712,train
19495,train
42227,train
1180,train
3854,train
55639,train
35031,train
16397,train
32866,train
20058,train
9756,train
63161,train
28172,train
48644,train
41112,train
2201,train
23612,train
24271,train
29993,train
24658,train
22665,train
22776,train
17480,train
69851,train
13523,train
27514,train
44045,train
57075,train
70336,train
60015,train
53937,train
26533,train
43506,train
46259,train
4761,train
30776,train
10316,train
57315,train
2398,train
44933,train
18735,train
8068,train
60957,train
60164,train
28953,train
70209,train
64020,train
36523,train
59557,train
29946,train
43295,train
65123,train
1339,train
18006,train
21260,train
26862,train
38656,train
10854,train
19719,train
15696,train
56523,train
2632,train
25023,train
10919,train
57286,train
1515,train
17873,train
67984,train
57092,train
10024,train
18554,train
16832,train
68787,train
1622,train
17396,train
50256,train
8888,train
48585,train
57244,train
5209,train
6824,train
54068,train
50944,train
40056,train
48163,train
28254,train
591,train
63864,train
19712,train
15645,train
24644,train
47216,train
57951,train
58608,train
7528,train
67928,train
12331,train
1186,train
54052,train
39454,train
63268,train
48716,train
49853,train
879,train
29686,train
51170,train
42487,train
50546,train
44158,train
64636,train
70490,train
52362,train
46312,train
38630,train
8011,train
47044,train
70087,train
59054,train
25954,train
12738,train
11403,train
26979,train
2978,train
60852,train
20460,train
69684,train
14540,train
58824,train
40061,train
66235,train
14099,train
45756,train
36149,train
35073,train
39006,train
20755,train
28007,train
36586,train
62801,train
4999,train
49678,train
22753,train
41966,train
26341,train
20845,train
18247,train
21781,train
24509,train
47061,train
1626,train
68079,train
34891,train
36181,train
14160,train
11674,train
38421,train
16767,train
32102,train
5847,train
49319,train
53449,train
23987,train
35330,train
35915,train
45686,train
28385,train
41528,train
43874,train
42693,train
25375,train
11396,train
58215,train
26545,train
3990,train
54866,train
54578,train
64539,train
32969,train
52424,train
958,train
5402,train
52279,train
2056,train
23856,train
46621,train
34317,train
69399,train
17050,train
17816,train
1852,train
47125,train
56443,train
47617,train
13724,train
68771,train
44269,train
58949,train
64749,train
35956,train
42276,train
67635,train
55841,train
17603,train
2312,train
9302,train
43792,train
3709,train
61209,train
6490,train
58858,train
54241,train
21634,train
68688,train
54508,train
14695,train
44055,train
67605,train
35214,train
30428,train
45688,train
58643,train
30243,train
52531,train
58450,train
49300,train
34525,train
68252,train
40721,train
24163,train
65431,train
23470,train
43773,train
30474,train
2233,train
59047,train
3063,train
29636,train
49685,train
2764,train
38214,train
3881,train
20433,train
7344,train
26100,train
62179,train
4602,train
19373,train
27351,train
21581,train
22590,train
30054,train
11323,train
10956,train
1652,train
21115,train
61024,train
6129,train
52965,train
36911,train
39567,train
18407,train
12623,train
48294,train
41016,train
29444,train
38975,train
44388,train
5836,train
25691,train
65297,train
23033,train
35891,train
32556,train
65103,train
15067,train
54309,train
19459,train
37833,train
25753,train
11110,train
17611,train
65470,train
24852,train
11691,train
23909,train
49671,train
20051,train
42668,train
65919,train
36487,train
15642,train
45741,train
24977,train
16560,train
2998,train
46341,train
18944,train
64629,train
37552,train
67812,train
5555,train
29164,train
67435,train
48765,train
37138,train
22129,train
32653,train
8578,train
48453,train
17753,train
5117,train
593,train
21691,train
66565,train
17291,train
2491,train
12205,train
17966,train
22247,train
22376,train
55269,train
117,train
12320,train
55840,train
68014,train
52117,train
11748,train
6725,train
5837,train
14559,train
67310,train
29983,train
22565,train
42523,train
27804,train
17885,train
59912,train
30970,train
38994,train
69680,train
9336,train
46218,train
25533,train
20791,train
47986,train
69429,train
55133,train
40584,train
12514,train
17375,train
27868,train
53638,train
69632,train
39659,train
18668,train
52887,train
26442,train
13321,train
12380,train
48933,train
45902,train
53829,train
2498,train
35917,train
68058,train
44172,train
15566,train
14105,train
39100,train
54588,train
8005,train
41827,train
28454,train
57880,train
57256,train
4652,train
68882,train
44683,train
18894,train
10099,train
52230,train
60744,train
48011,train
42652,train
69723,train
6294,train
49706,train
24645,train
3548,train
20787,train
23852,train
16154,train
2228,train
7572,train
17361,train
52079,train
28295,train
60788,train
58774,train
49015,train
30031,train
36378,train
34089,train
56155,train
18168,train
16814,train
47794,train
69974,train
30792,train
53885,train
21660,train
15048,train
32198,train
5591,train
48423,train
33646,train
30140,train
36174,train
25384,train
16531,train
9833,train
51005,train
38427,train
61076,train
29727,train
55532,train
52650,train
62363,train
20849,train
36362,train
40958,train
9743,train
57504,train
17726,train
49990,train
46190,train
3829,train
12944,train
18657,train
37267,train
36856,train
41800,train
55609,train
14835,train
58252,train
35670,train
32508,train
6387,train
47766,train
7679,train
27858,train
5689,train
64053,train
70014,train
64345,train
51405,train
26413,train
36993,train
35262,train
43964,train
6156,train
52702,train
40814,train
46551,train
64823,train
32684,train
9129,train
29520,train
28838,train
34563,train
58943,train
22935,train
53918,train
61370,train
26187,train
36017,train
9107,train
10983,train
63166,train
63209,train
12607,train
33798,train
42171,train
17481,train
5780,train
8839,train
29179,train
50823,train
38336,train
58142,train
49372,train
10248,train
21856,train
38196,train
59781,train
38968,train
38245,train
20777,train
54605,train
6002,train
43310,train
28724,train
18482,train
61856,train
14882,train
12977,train
58705,train
21580,train
9810,train
21709,train
69455,train
52114,train
70123,train
32182,train
52708,train
29657,train
49768,train
7401,train
22267,train
739,train
63258,train
55389,train
63423,train
56126,train
62345,train
53097,train
20026,train
13009,train
65588,train
49837,train
33148,train
18736,train
49346,train
19009,train
61421,train
38647,train
24370,train
64474,train
45168,train
15314,train
12383,train
10562,train
1942,train
15065,train
27629,train
28279,train
55635,train
41073,train
59855,train
5165,train
46037,train
8043,train
6663,train
15832,train
42760,train
25733,train
13276,train
58667,train
11570,train
49296,train
34499,train
28043,train
63935,train
55794,train
39000,train
59046,train
40767,train
65888,train
52682,train
34569,train
59934,train
31354,train
35369,train
39294,train
53009,train
2137,train
22158,train
36234,train
47479,train
58655,train
53576,train
62068,train
28922,train
68121,train
3705,train
62304,train
22606,train
65978,train
42414,train
1037,train
42458,train
10659,train
55595,train
59894,train
1560,train
45469,train
47843,train
52172,train
44896,train
65544,train
51208,train
17592,train
35829,train
19553,train
30657,train
52855,train
41519,train
58310,train
43760,train
21141,train
55031,train
10325,train
59068,train
38035,train
17399,train
15786,train
9732,train
58554,train
54074,train
17297,train
46735,train
14063,train
63879,train
68753,train
49487,train
47744,train
54341,train
13235,train
33593,train
14884,train
20809,train
52008,train
3318,train
42045,train
29524,train
20034,train
33243,train
46267,train
46448,train
62442,train
48438,train
68311,train
49830,train
65834,train
67929,train
50973,train
12960,train
63296,train
54098,train
68479,train
43981,train
8148,train
67111,train
15744,train
52737,train
70166,train
56261,train
20427,train
44339,train
23022,train
42569,train
32773,train
39610,train
32143,train
56245,train
9843,train
38163,train
43415,train
50513,train
61322,train
2352,train
57190,train
29137,train
4347,train
37128,train
56532,train
55768,train
6666,train
6409,train
5684,train
27636,train
35619,train
39177,train
69304,train
38334,train
44190,train
33091,train
59088,train
11004,train
34001,train
58171,train
30026,train
14373,train
64826,train
40942,train
18349,train
39997,train
54580,train
44030,train
4737,train
46015,train
11392,train
66259,train
67312,train
781,train
33235,train
33472,train
58678,train
13385,train
10095,train
495,train
37017,train
56993,train
8565,train
56680,train
31352,train
31175,train
39594,train
20944,train
13785,train
68253,train
37828,train
41627,train
43499,train
21065,train
61392,train
69299,train
63668,train
43742,train
34637,train
69347,train
63314,train
12167,train
48298,train
55433,train
4452,train
34387,train
61319,train
47478,train
4595,train
52391,train
40195,train
25009,train
57473,train
2677,train
12808,train
13098,train
5686,train
1889,train
34058,train
55135,train
10470,train
23120,train
9295,train
48164,train
22811,train
14712,train
4455,train
17400,train
49803,train
42092,train
289,train
67862,train
46975,train
25155,train
17907,train
24114,train
44884,train
14129,train
69067,train
38449,train
21979,train
50210,train
30745,train
52800,train
56227,train
24104,train
11345,train
37875,train
32758,train
20988,train
12142,train
6960,train
60006,train
44958,train
28265,train
65056,train
67850,train
15363,train
38316,train
61685,train
54253,train
8421,train
58736,train
25939,train
55218,train
34498,train
1355,train
7411,train
37661,train
9235,train
41793,train
40889,train
36639,train
68034,train
67193,train
58101,train
14602,train
62207,train
51474,train
44060,train
36009,train
51115,train
51810,train
37010,train
34582,train
8742,train
42299,train
36001,train
4859,train
70510,train
39027,train
58932,train
3471,train
65158,train
68972,train
22875,train
29680,train
47215,train
25035,train
17423,train
19847,train
51772,train
70302,train
11645,train
4437,train
13336,train
16178,train
66638,train
4693,train
28560,train
52100,train
9847,train
24096,train
16100,train
65643,train
12214,train
55089,train
41154,train
49593,train
57925,train
55414,train
44386,train
17116,train
60520,train
29891,train
36441,train
64175,train
48157,train
37492,train
23378,train
38851,train
26903,train
18675,train
33432,train
16652,train
11030,train
16558,train
45912,train
54145,train
66433,train
19214,train
28551,train
42635,train
65771,train
61452,train
28695,train
69097,train
43234,train
47895,train
47124,train
8025,train
24610,train
44580,train
39718,train
23577,train
15128,train
69805,train
16396,train
44985,train
31945,train
5593,train
66203,train
10939,train
45096,train
11134,train
42384,train
17208,train
55114,train
22686,train
47898,train
50653,train
5342,train
27054,train
39887,train
38074,train
36395,train
12706,train
33707,train
36025,train
14653,train
60908,train
62785,train
52310,train
60397,train
3070,train
29335,train
39379,train
4219,train
16916,train
13138,train
30814,train
47444,train
65289,train
42619,train
924,train
21336,train
35041,train
39508,train
70470,train
41440,train
16614,train
34625,train
18564,train
16579,train
49771,train
36350,train
25692,train
31975,train
62513,train
28501,train
40192,train
37170,train
28019,train
69194,train
39099,train
3906,train
57070,train
32795,train
50357,train
13300,train
1073,train
56027,train
43081,train
55764,train
23211,train
65545,train
7034,train
31944,train
29757,train
62105,train
24857,train
65941,train
2477,train
23694,train
22866,train
12129,train
62838,train
30613,train
46415,train
70084,train
7333,train
35508,train
31686,train
66044,train
47240,train
46713,train
66923,train
35946,train
39345,train
62837,train
69038,train
59317,train
14525,train
38637,train
31674,train
37342,train
65772,train
22064,train
38458,train
39923,train
56809,train
51986,train
54830,train
62056,train
13542,train
69435,train
11073,train
33268,train
37387,train
49988,train
57475,train
62813,train
36136,train
24361,train
67717,train
22213,train
32425,train
9033,train
68541,train
27631,train
43387,train
32961,train
939,train
54029,train
22621,train
31142,train
28712,train
6670,train
51829,train
28918,train
13805,train
54625,train
51136,train
51701,train
39663,train
47548,train
28595,train
50520,train
52229,train
47834,train
41446,train
25773,train
20526,train
56372,train
65115,train
21111,train
11650,train
49969,train
10633,train
57316,train
28877,train
59660,train
24244,train
34427,train
13958,train
65780,train
47440,train
27172,train
68230,train
34259,train
36851,train
2120,train
6322,train
40364,train
28319,train
28905,train
67081,train
53012,train
50917,train
63146,train
29448,train
13498,train
33321,train
43457,train
43550,train
6767,train
54002,train
16859,train
42100,train
40696,train
48449,train
13346,train
22655,train
45642,train
19389,train
10116,train
12332,train
8275,train
50906,train
27403,train
9224,train
4630,train
36502,train
24602,train
10426,train
10165,train
64225,train
11339,train
10546,train
23968,train
30877,train
26353,train
63781,train
45410,train
48084,train
5417,train
39826,train
28362,train
24453,train
26123,train
30091,train
65067,train
46110,train
38820,train
35697,train
19083,train
61127,train
50162,train
26428,train
50115,train
27974,train
56647,train
36823,train
22856,train
46511,train
21348,train
16282,train
35212,train
57996,train
15221,train
57652,train
61798,train
26520,train
33013,train
3764,train
49320,train
38501,train
34251,train
4551,train
33317,train
22827,train
28671,train
66791,train
14177,train
41717,train
68308,train
55705,train
60156,train
52664,train
62066,train
11184,train
14952,train
43566,train
64647,train
25503,train
55229,train
46239,train
21145,train
11888,train
40305,train
23771,train
16213,train
48139,train
56271,train
27773,train
39025,train
36664,train
16451,train
39740,train
45906,train
64032,train
61654,train
63269,train
67277,train
65379,train
34075,train
35451,train
52539,train
37107,train
14905,train
54063,train
29450,train
30440,train
70413,train
41834,train
20504,train
45146,train
63716,train
16650,train
2654,train
65407,train
30924,train
67354,train
46138,train
42715,train
43385,train
28482,train
28973,train
19653,train
10713,train
14479,train
54348,train
35903,train
12032,train
60997,train
41644,train
31394,train
20117,train
9020,train
49239,train
40333,train
60715,train
62683,train
12709,train
53227,train
5726,train
51676,train
3231,train
22528,train
25294,train
50455,train
15355,train
37582,train
68137,train
45494,train
29677,train
10878,train
59677,train
47073,train
10964,train
59503,train
61520,train
14256,train
46059,train
47723,train
4827,train
68834,train
64187,train
37568,train
14959,train
21731,train
63508,train
23811,train
67480,train
32461,train
26734,train
296,train
14087,train
6282,train
33418,train
37668,train
70390,train
24831,train
14560,train
31426,train
56539,train
38710,train
13196,train
61373,train
52631,train
70289,train
47174,train
23732,train
41064,train
21039,train
52415,train
53513,train
17440,train
30766,train
55740,train
48426,train
37780,train
6369,train
30396,train
9349,train
5183,train
47476,train
16343,train
41240,train
23959,train
61038,train
59176,train
42462,train
8977,train
49654,train
313,train
63431,train
6882,train
41894,train
17957,train
11857,train
43388,train
52719,train
16514,train
44423,train
1704,train
53684,train
40961,train
12474,train
12241,train
37029,train
12755,train
68188,train
20413,train
29239,train
42823,train
65022,train
23574,train
22916,train
46917,train
31457,train
4022,train
55832,train
36221,train
1391,train
44528,train
36507,train
50079,train
14145,train
37868,train
24519,train
64642,train
21147,train
16656,train
25900,train
57564,train
67536,train
47416,train
46351,train
56882,train
53455,train
33126,train
45186,train
36437,train
20870,train
49261,train
61095,train
67223,train
54655,train
7925,train
12343,train
3235,train
48568,train
3599,train
16716,train
58147,train
42024,train
20983,train
19180,train
23269,train
26628,train
10207,train
2874,train
3737,train
21478,train
38375,train
27688,train
4792,train
32183,train
31404,train
39717,train
62503,train
66707,train
69963,train
63539,train
36892,train
5549,train
32168,train
59233,train
31837,train
50521,train
68592,train
16816,train
48021,train
39865,train
31779,train
36577,train
67627,train
61984,train
9116,train
56441,train
1149,train
59546,train
60204,train
16701,train
63534,train
70028,train
26586,train
66236,train
14405,train
15419,train
61555,train
65031,train
23478,train
47646,train
63436,train
42691,train
42366,train
7360,train
62682,train
45237,train
65700,train
66943,train
18764,train
45960,train
12198,train
44309,train
17510,train
4119,train
21222,train
34935,train
32515,train
3878,train
47070,train
25728,train
18793,train
49504,train
44894,train
43236,train
41574,train
10845,train
12112,train
3532,train
10737,train
44649,train
9423,train
8807,train
23720,train
62987,train
42360,train
54933,train
30760,train
9159,train
64573,train
20458,train
19467,train
53142,train
27073,train
47362,train
32243,train
52151,train
26636,train
35364,train
37216,train
40765,train
43542,train
32848,train
20766,train
35865,train
34976,train
35335,train
50438,train
7879,train
5423,train
25635,train
46039,train
69737,train
4919,train
41811,train
67555,train
46282,train
6760,train
49263,train
17058,train
65071,train
4013,train
13574,train
53309,train
59453,train
70432,train
28926,train
2919,train
60419,train
31243,train
20899,train
8924,train
6774,train
36477,train
2622,train
38915,train
43402,train
12034,train
15900,train
15956,train
39756,train
40770,train
45560,train
59268,train
11133,train
19115,train
17614,train
64990,train
37800,train
51725,train
53806,train
18219,train
24172,train
29588,train
66737,train
14263,train
41777,train
50635,train
61023,train
37058,train
43779,train
68103,train
46389,train
8860,train
66370,train
31663,train
64780,train
60459,train
60612,train
53619,train
66272,train
36904,train
14771,train
44698,train
60460,train
30975,train
24352,train
27438,train
29241,train
66699,train
38842,train
46908,train
7285,train
68127,train
6344,train
39692,train
2222,train
29338,train
9252,train
28292,train
47144,train
55038,train
29242,train
41991,train
32769,train
50558,train
22424,train
33431,train
3205,train
49322,train
9115,train
47749,train
31529,train
36008,train
35235,train
49448,train
30539,train
34733,train
40097,train
14346,train
14165,train
15643,train
54812,train
30559,train
45419,train
36038,train
28424,train
30650,train
15810,train
110,train
60341,train
63033,train
24068,train
69734,train
9535,train
37007,train
66198,train
9861,train
67540,train
39713,train
28824,train
29475,train
25935,train
66251,train
52326,train
50305,train
43461,train
46314,train
13450,train
11811,train
69825,train
69503,train
23036,train
57117,train
52897,train
25325,train
38058,train
33260,train
38004,train
33500,train
25443,train
2831,train
4767,train
24235,train
53586,train
9494,train
70300,train
26707,train
63516,train
70356,train
52910,train
47724,train
45127,train
68857,train
33661,train
23155,train
17535,train
47716,train
35102,train
27070,train
28707,train
26131,train
49062,train
19376,train
16261,train
30231,train
1946,train
43460,train
65699,train
5129,train
49489,train
48371,train
9543,train
61381,train
67471,train
49089,train
60538,train
15378,train
56377,train
2763,train
14839,train
4641,train
49334,train
21003,train
46535,train
30081,train
31340,train
68487,train
7342,train
35837,train
2423,train
1677,train
66003,train
61292,train
17618,train
24342,train
60464,train
38432,train
61180,train
40251,train
763,train
40376,train
42947,train
49262,train
10559,train
37881,train
49414,train
34113,train
3993,train
22899,train
28837,train
39191,train
66902,train
51754,train
64930,train
68414,train
20948,train
14197,train
17278,train
28618,train
54989,train
26313,train
18339,train
39286,train
34641,train
15045,train
55352,train
46418,train
20608,train
6937,train
4278,train
59193,train
59539,train
37124,train
57257,train
793,train
8469,train
32068,train
20164,train
9994,train
33625,train
70617,train
7017,train
31632,train
56864,train
48366,train
44836,train
30431,train
33202,train
49829,train
27960,train
4992,train
19617,train
46514,train
18132,train
11483,train
22784,train
54460,train
51659,train
14201,train
47921,train
31115,train
53102,train
49784,train
26356,train
14343,train
42804,train
4873,train
31924,train
66727,train
64661,train
7098,train
31501,train
9797,train
59620,train
36394,train
49217,train
60068,train
24706,train
47555,train
44407,train
3357,train
35100,train
26834,train
63270,train
43785,train
13509,train
46684,train
70213,train
9613,train
29223,train
31456,train
29586,train
22445,train
36196,train
68054,train
57855,train
8933,train
11338,train
33485,train
38759,train
33926,train
69285,train
24333,train
18125,train
21045,train
8063,train
5159,train
9345,train
64736,train
12616,train
39753,train
10488,train
42293,train
53120,train
19266,train
27820,train
33590,train
9139,train
25411,train
29401,train
59194,train
66005,train
10828,train
36183,train
15090,train
4537,train
8591,train
33866,train
4061,train
2948,train
49805,train
21735,train
40804,train
36774,train
66159,train
16399,train
26249,train
55961,train
57034,train
46003,train
27408,train
2447,train
1328,train
37186,train
48439,train
30573,train
44966,train
52242,train
34314,train
64337,train
23361,train
8365,train
51710,train
49955,train
22284,train
45040,train
12400,train
46368,train
8449,train
43943,train
5142,train
18468,train
24161,train
27894,train
54035,train
14229,train
65694,train
29187,train
3907,train
2862,train
48180,train
6825,train
10160,train
61953,train
32921,train
13577,train
6327,train
23659,train
44275,train
52955,train
38017,train
68800,train
66601,train
40691,train
5153,train
7390,train
69152,train
18947,train
34680,train
8553,train
37427,train
12860,train
56068,train
15723,train
9683,train
10625,train
65621,train
58423,train
47827,train
15584,train
10136,train
22931,train
12222,train
66281,train
27898,train
47482,train
45164,train
9518,train
1347,train
37927,train
47757,train
29870,train
6576,train
57712,train
57229,train
23513,train
5952,train
60626,train
51134,train
6863,train
61782,train
25764,train
19393,train
45844,train
59055,train
26348,train
64348,train
12556,train
26435,train
47121,train
1676,train
8363,train
4588,train
46572,train
13312,train
57479,train
223,train
43520,train
21763,train
41199,train
61616,train
25154,train
16953,train
25971,train
52009,train
34789,train
59137,train
11290,train
16593,train
32801,train
11581,train
44536,train
45337,train
6457,train
31695,train
52446,train
56015,train
22708,train
61466,train
44563,train
53949,train
34421,train
55037,train
22852,train
52513,train
12276,train
52433,train
2309,train
58845,train
62735,train
49020,train
35724,train
19149,train
32603,train
65905,train
31948,train
5704,train
51253,train
24411,train
15136,train
53613,train
59293,train
58921,train
29672,train
67001,train
41542,train
38409,train
35526,train
23498,train
40945,train
56842,train
52796,train
3130,train
3750,train
58522,train
56390,train
26622,train
23748,train
54579,train
16966,train
59790,train
64740,train
63679,train
7861,train
47322,train
4412,train
13188,train
53020,train
44862,train
59886,train
29624,train
58293,train
30092,train
50707,train
13514,train
38892,train
27271,train
34131,train
34434,train
37139,train
57912,train
59436,train
14813,train
30118,train
63474,train
53270,train
48893,train
63908,train
20806,train
23816,train
57005,train
31069,train
42686,train
6357,train
36305,train
56753,train
50421,train
8424,train
37660,train
55425,train
49846,train
49457,train
29040,train
28063,train
34673,train
60603,train
46581,train
56382,train
27424,train
36381,train
37641,train
41332,train
3524,train
49561,train
61859,train
37185,train
7402,train
1909,train
53642,train
36034,train
56530,train
12225,train
16794,train
32918,train
4126,train
33612,train
34590,train
41114,train
32137,train
56983,train
44542,train
51947,train
8510,train
12107,train
39590,train
58867,train
9734,train
67565,train
14417,train
59601,train
53950,train
63595,train
55059,train
16492,train
63727,train
720,train
38246,train
65180,train
18667,train
56171,train
15028,train
38778,train
54628,train
64428,train
38243,train
35139,train
3415,train
56981,train
45022,train
9,train
4420,train
51138,train
23572,train
57208,train
30042,train
57289,train
23553,train
5501,train
55808,train
46117,train
70660,train
9896,train
44351,train
18827,train
18980,train
52040,train
65993,train
41499,train
8884,train
54114,train
45945,train
56276,train
34293,train
64833,train
59523,train
17298,train
21051,train
67469,train
69846,train
45131,train
38709,train
57876,train
10291,train
7841,train
47160,train
52184,train
52427,train
64387,train
45938,train
45726,train
9440,train
57043,train
42491,train
21707,train
46223,train
55398,train
48221,train
43444,train
24806,train
65359,train
68443,train
68301,train
4567,train
55941,train
57319,train
40075,train
39733,train
49324,train
58536,train
58635,train
45483,train
52521,train
67182,train
45499,train
16129,train
60130,train
249,train
54805,train
22013,train
30697,train
17311,train
39018,train
37865,train
64868,train
35773,train
51194,train
51744,train
29620,train
6579,train
6536,train
3153,train
53185,train
50354,train
33983,train
32711,train
13223,train
67538,train
35189,train
3162,train
22566,train
450,train
31056,train
52864,train
46826,train
3232,train
19660,train
67569,train
36666,train
25037,train
54666,train
24237,train
10278,train
67967,train
60151,train
44027,train
61276,train
14486,train
5531,train
44611,train
13676,train
574,train
61672,train
55623,train
30709,train
36920,train
3300,train
27233,train
28970,train
54509,train
52644,train
62856,train
52170,train
37928,train
7078,train
6761,train
12598,train
23153,train
62145,train
3718,train
26820,train
17072,train
53934,train
22941,train
16939,train
64686,train
42205,train
50574,train
50560,train
47698,train
54126,train
36233,train
253,train
2845,train
60267,train
592,train
52522,train
7189,train
50155,train
47495,train
37571,train
949,train
59262,train
27891,train
38926,train
27750,train
3296,train
62083,train
21195,train
32609,train
2179,train
54450,train
2690,train
13317,train
43794,train
57048,train
32807,train
29249,train
62142,train
48866,train
44222,train
4186,train
51066,train
7004,train
35246,train
69242,train
41431,train
33433,train
19729,train
36137,train
41109,train
42260,train
52354,train
32116,train
51175,train
8718,train
13942,train
39872,train
58052,train
32821,train
33549,train
15647,train
34931,train
25781,train
24121,train
68455,train
59004,train
11241,train
53146,train
27149,train
22132,train
61738,train
62085,train
69190,train
51500,train
42026,train
2817,train
35899,train
65942,train
69400,train
17518,train
16402,train
51868,train
7918,train
28627,train
30323,train
67130,train
27349,train
56465,train
10923,train
53763,train
16530,train
39919,train
17599,train
44273,train
17014,train
20591,train
57725,train
29153,train
35609,train
37648,train
6261,train
67993,train
17945,train
24758,train
20205,train
7694,train
24418,train
4086,train
58299,train
51327,train
63366,train
9597,train
15455,train
15515,train
38908,train
61887,train
48564,train
26082,train
54201,train
58286,train
10621,train
47685,train
30320,train
61397,train
42625,train
51085,train
64055,train
53828,train
41458,train
18534,train
29445,train
53350,train
1033,train
19635,train
36805,train
12071,train
55653,train
50786,train
42814,train
1832,train
43019,train
7445,train
37090,train
19758,train
40785,train
26955,train
57099,train
49029,train
7839,train
57696,train
51100,train
56275,train
58457,train
6219,train
33188,train
26642,train
54850,train
13548,train
28312,train
41274,train
36392,train
17169,train
651,train
20536,train
11556,train
62118,train
5237,train
26506,train
59993,train
53439,train
60717,train
53100,train
48381,train
22577,train
7584,train
55385,train
66139,train
65319,train
2153,train
70044,train
5022,train
23124,train
65091,train
11473,train
29479,train
60974,train
66944,train
11676,train
51792,train
48229,train
11701,train
61425,train
44126,train
42297,train
55482,train
18897,train
32382,train
57179,train
22237,train
35290,train
58843,train
2093,train
44845,train
69237,train
14603,train
15691,train
38569,train
58341,train
37726,train
11954,train
45737,train
45858,train
10660,train
48615,train
7393,train
1802,train
69957,train
69238,train
4578,train
14988,train
21361,train
45706,train
32825,train
1168,train
39021,train
17359,train
19684,train
20907,train
18200,train
40564,train
6332,train
10081,train
54956,train
48813,train
33577,train
62225,train
25199,train
10100,train
768,train
22432,train
57059,train
9972,train
4783,train
70033,train
1161,train
48034,train
16616,train
32363,train
68793,train
59035,train
12455,train
64657,train
56757,train
53140,train
68534,train
34610,train
64332,train
9428,train
48701,train
17894,train
7816,train
56432,train
37926,train
63235,train
26258,train
50066,train
12370,train
2122,train
3636,train
7774,train
56900,train
31558,train
67844,train
31125,train
6022,train
23438,train
30180,train
33459,train
32635,train
9039,train
58378,train
2012,train
29996,train
36899,train
17832,train
61117,train
5031,train
41783,train
17156,train
65819,train
63116,train
67395,train
17392,train
18985,train
7633,train
65824,train
12378,train
8341,train
3315,train
18308,train
68111,train
58516,train
3832,train
56906,train
63809,train
29527,train
39843,train
27962,train
48708,train
53393,train
41837,train
60468,train
46111,train
30555,train
42728,train
68484,train
69956,train
24720,train
32927,train
41336,train
33139,train
53288,train
8865,train
45070,train
64757,train
17731,train
15118,train
8711,train
53050,train
32960,train
8671,train
11680,train
49842,train
23680,train
59178,train
59643,train
42073,train
24960,train
67828,train
63530,train
69377,train
7921,train
39521,train
43578,train
20651,train
3885,train
61484,train
49589,train
37560,train
61447,train
63960,train
33602,train
9763,train
69281,train
57477,train
45071,train
42820,train
3051,train
55983,train
41284,train
13454,train
7641,train
64137,train
22273,train
60920,train
24480,train
49045,train
62420,train
31761,train
43576,train
28687,train
4313,train
49366,train
18788,train
66178,train
61589,train
62732,train
16400,train
33463,train
50271,train
13701,train
60054,train
49974,train
12302,train
41731,train
19895,train
29807,train
15963,train
4721,train
265,train
51465,train
62689,train
19073,train
39380,train
69382,train
47897,train
32608,train
69950,train
65539,train
16857,train
61006,train
20644,train
30839,train
66836,train
68053,train
26379,train
14635,train
66748,train
28064,train
41562,train
67347,train
8115,train
46654,train
68426,train
8754,train
3243,train
17882,train
13010,train
48963,train
25894,train
53604,train
63014,train
20613,train
31908,train
53930,train
63898,train
4399,train
22084,train
46254,train
45295,train
50506,train
56585,train
68658,train
57866,train
24328,train
65411,train
3664,train
64797,train
66232,train
60577,train
16486,train
5245,train
7281,train
64828,train
22009,train
33683,train
11958,train
31597,train
17364,train
5399,train
26958,train
65358,train
12538,train
18756,train
53034,train
39130,train
26226,train
70423,train
21653,train
1203,train
17962,train
46573,train
10770,train
16082,train
17639,train
6920,train
55542,train
5717,train
33546,train
10209,train
29145,train
11695,train
5616,train
49715,train
23588,train
66922,train
23943,train
11197,train
62296,train
22086,train
42113,train
64305,train
11249,train
19643,train
37120,train
44206,train
54533,train
49913,train
70495,train
6968,train
1258,train
18044,train
26763,train
54323,train
24189,train
13897,train
14511,train
64873,train
6105,train
13182,train
44260,train
69055,train
33828,train
30125,train
50567,train
38488,train
27106,train
7206,train
63818,train
63604,train
5935,train
11733,train
28368,train
26106,train
61523,train
67370,train
20251,train
28008,train
32536,train
54491,train
1394,train
6839,train
18584,train
11736,train
7273,train
38467,train
2775,train
1234,train
20099,train
17100,train
64563,train
5460,train
47281,train
15552,train
53986,train
50880,train
31618,train
56617,train
33990,train
60294,train
62722,train
22585,train
7724,train
54890,train
57226,train
37131,train
30168,train
32195,train
46439,train
3057,train
27028,train
15999,train
58325,train
35825,train
9852,train
17224,train
58041,train
2991,train
1591,train
55271,train
28994,train
44498,train
11851,train
21926,train
27494,train
35873,train
17265,train
48715,train
24572,train
65168,train
67128,train
33659,train
39983,train
12453,train
33020,train
21977,train
59688,train
37824,train
66973,train
2183,train
20521,train
54194,train
15652,train
20231,train
15359,train
17346,train
38785,train
55867,train
11982,train
58710,train
3938,train
51469,train
34233,train
10865,train
51746,train
20544,train
23140,train
55345,train
66525,train
56524,train
37244,train
35752,train
14127,train
35942,train
54955,train
11751,train
2158,train
19667,train
45532,train
65541,train
28089,train
2604,train
20280,train
67687,train
33979,train
9801,train
419,train
10504,train
31531,train
43187,train
54252,train
16915,train
36493,train
16186,train
59402,train
17886,train
57277,train
47844,train
20848,train
15901,train
32269,train
12914,train
37703,train
5072,train
30603,train
43473,train
67955,train
40589,train
31312,train
49690,train
64790,train
23834,train
55289,train
56629,train
51747,train
36264,train
62961,train
1019,train
24898,train
58618,train
50517,train
24306,train
50803,train
68944,train
31724,train
25965,train
66253,train
50692,train
58672,train
45832,train
33790,train
24393,train
65198,train
38624,train
10301,train
67648,train
50402,train
44521,train
66101,train
43314,train
28621,train
66725,train
46704,train
47275,train
10424,train
1609,train
9380,train
44799,train
68438,train
47209,train
70657,train
25536,train
60437,train
10271,train
5338,train
54482,train
57846,train
15974,train
66092,train
24283,train
70606,train
41413,train
7031,train
12341,train
46898,train
7225,train
48916,train
22439,train
65802,train
27300,train
56683,train
4245,train
66846,train
68818,train
67574,train
31324,train
1650,train
35092,train
15827,train
60435,train
22587,train
55364,train
12611,train
51959,train
55117,train
45527,train
58133,train
49337,train
50465,train
70419,train
15881,train
18236,train
21593,train
57036,train
34628,train
62773,train
6195,train
64383,train
52958,train
22250,train
28317,train
50279,train
11757,train
25439,train
14707,train
16221,train
11740,train
54634,train
44383,train
69560,train
40686,train
46104,train
36906,train
59411,train
33574,train
52841,train
51766,train
7432,train
70439,train
62352,train
30652,train
70157,train
55614,train
25226,train
8999,train
28209,train
63734,train
57365,train
25702,train
12705,train
43882,train
49625,train
58206,train
50318,train
1383,train
9617,train
41055,train
63220,train
14319,train
24066,train
27669,train
40711,train
33371,train
49788,train
59191,train
6350,train
39778,train
46466,train
50442,train
4899,train
1940,train
8008,train
68565,train
10544,train
49899,train
3082,train
56075,train
15928,train
25544,train
38179,train
58834,train
10435,train
22914,train
39120,train
56620,train
42041,train
16238,train
27173,train
39291,train
36617,train
11994,train
56909,train
36301,train
66852,train
58785,train
69729,train
61906,train
32374,train
55444,train
32715,train
46626,train
62668,train
13777,train
16951,train
65579,train
32073,train
65840,train
16770,train
42174,train
46220,train
57808,train
51844,train
54824,train
30207,train
64575,train
2792,train
56509,train
30497,train
1517,train
60200,train
15906,train
38750,train
46990,train
12228,train
25972,train
57369,train
67117,train
52994,train
50145,train
56658,train
51687,train
66417,train
29813,train
30328,train
46010,train
60536,train
56778,train
26234,train
62281,train
42697,train
35664,train
44899,train
2185,train
70476,train
39391,train
44205,train
34533,train
67726,train
65466,train
58848,train
1200,train
17435,train
30052,train
64820,train
13869,train
30706,train
35595,train
43315,train
28947,train
37870,train
21869,train
32473,train
57949,train
25934,train
60497,train
44584,train
61269,train
17946,train
22090,train
863,train
57329,train
54000,train
4649,train
25304,train
17691,train
56022,train
32812,train
44333,train
31555,train
59151,train
28952,train
16408,train
26225,train
57774,train
12829,train
31803,train
69771,train
63284,train
65863,train
27115,train
58209,train
25893,train
14452,train
15311,train
31484,train
66974,train
23250,train
63410,train
46640,train
19171,train
10294,train
43003,train
57089,train
7901,train
51574,train
4978,train
3166,train
65829,train
26181,train
28535,train
13822,train
31899,train
3264,train
16497,train
16,train
44003,train
39929,train
57557,train
57200,train
39469,train
47519,train
37366,train
14326,train
69422,train
57000,train
24712,train
15376,train
20457,train
20677,train
70235,train
27718,train
5482,train
27218,train
53843,train
9867,train
43424,train
28860,train
20361,train
63028,train
10286,train
66670,train
59802,train
61958,train
66982,train
68900,train
64543,train
10869,train
26116,train
49421,train
951,train
34064,train
3150,train
31977,train
29095,train
49438,train
151,train
58557,train
13467,train
20363,train
48956,train
28012,train
68539,train
58657,train
20869,train
25307,train
21483,train
33562,train
36972,train
28728,train
21687,train
49128,train
7711,train
40391,train
30110,train
20301,train
53779,train
40543,train
57654,train
17369,train
31210,train
69064,train
43006,train
53732,train
45946,train
57344,train
31793,train
47237,train
396,train
51280,train
49986,train
66641,train
8398,train
48725,train
65318,train
1707,train
13648,train
36143,train
37733,train
53334,train
54426,train
39544,train
70236,train
63325,train
40732,train
52462,train
55931,train
66020,train
45590,train
60365,train
52375,train
20719,train
14482,train
26391,train
21406,train
22410,train
10190,train
29934,train
69416,train
69007,train
45227,train
27417,train
44349,train
63605,train
25342,train
301,train
62326,train
61389,train
41482,train
70593,train
62278,train
6600,train
7484,train
37315,train
49947,train
43819,train
23995,train
66244,train
29508,train
44597,train
48016,train
44876,train
27805,train
3370,train
5623,train
18012,train
24621,train
20171,train
48370,train
22322,train
61709,train
40356,train
43893,train
53682,train
38472,train
55710,train
3952,train
14211,train
50245,train
41448,train
8705,train
63055,train
44243,train
12299,train
12669,train
31310,train
47368,train
29051,train
63015,train
37626,train
12004,train
62552,train
37665,train
51501,train
6375,train
5920,train
29149,train
26001,train
61251,train
36142,train
12651,train
16498,train
69378,train
51146,train
61529,train
54113,train
62177,train
13769,train
26171,train
2178,train
33256,train
48848,train
44083,train
20924,train
41236,train
32841,train
26815,train
40138,train
44766,train
65519,train
49299,train
46545,train
19068,train
53222,train
41776,train
54863,train
61012,train
39071,train
50529,train
1376,train
51507,train
8685,train
13528,train
54568,train
26074,train
9686,train
17833,train
25078,train
12730,train
53697,train
39292,train
24125,train
3411,train
34273,train
3510,train
35872,train
3131,train
54826,train
24396,train
34415,train
22873,train
11349,train
3010,train
10336,train
40405,train
55541,train
23509,train
23064,train
64540,train
51581,train
40386,train
823,train
26025,train
29151,train
53923,train
44155,train
57872,train
58358,train
68336,train
57033,train
34869,train
29537,train
21907,train
56521,train
31796,train
521,train
3613,train
20739,train
65928,train
49277,train
50701,train
42453,train
64535,train
11577,train
680,train
62313,train
33043,train
22303,train
31572,train
42264,train
19203,train
20912,train
10340,train
45544,train
59370,train
44907,train
22913,train
19226,train
12229,train
34657,train
41720,train
17995,train
66639,train
34023,train
5950,train
32851,train
60719,train
34020,train
18765,train
30335,train
14362,train
19649,train
31427,train
12785,train
34519,train
29371,train
9744,train
20940,train
32876,train
34551,train
70122,train
17167,train
23744,train
43428,train
49484,train
33077,train
35832,train
22946,train
48899,train
9607,train
59900,train
36415,train
43865,train
37910,train
22939,train
7529,train
288,train
65583,train
47553,train
64212,train
21696,train
20781,train
20422,train
60416,train
29392,train
43713,train
758,train
61880,train
26699,train
58941,train
903,train
54908,train
42359,train
27780,train
44786,train
62727,train
37585,train
27097,train
28810,train
17313,train
66495,train
3687,train
22490,train
55583,train
54217,train
13962,train
2900,train
29883,train
62638,train
29825,train
56024,train
16415,train
12946,train
23922,train
56104,train
6185,train
67213,train
53428,train
16549,train
1980,train
42272,train
18934,train
12288,train
11274,train
13237,train
62158,train
60926,train
66600,train
27603,train
66309,train
19657,train
43271,train
36980,train
64398,train
33003,train
17327,train
12249,train
17698,train
66620,train
24788,train
10703,train
2289,train
61257,train
27094,train
10764,train
17755,train
60684,train
3309,train
24270,train
44794,train
13571,train
9182,train
49674,train
20323,train
56266,train
13162,train
50812,train
36715,train
18783,train
50482,train
36166,train
22700,train
20839,train
24929,train
36494,train
66987,train
55137,train
21062,train
69828,train
27002,train
30097,train
48575,train
10213,train
26115,train
47346,train
46112,train
11827,train
10148,train
14594,train
48860,train
24186,train
28447,train
52596,train
35584,train
40188,train
51616,train
47867,train
54080,train
65898,train
5823,train
43604,train
32379,train
23501,train
17583,train
28219,train
18873,train
46023,train
64079,train
58591,train
28839,train
17039,train
26883,train
64207,train
54621,train
1111,train
34769,train
46673,train
33470,train
69726,train
12717,train
911,train
5963,train
60022,train
36067,train
5788,train
52957,train
17937,train
23639,train
46795,train
37922,train
58900,train
70329,train
11091,train
13568,train
67675,train
39858,train
16758,train
7610,train
67987,train
13215,train
34526,train
42028,train
24730,train
59733,train
3645,train
7240,train
18683,train
29714,train
1002,train
29300,train
55072,train
22187,train
29765,train
1410,train
29058,train
20843,train
46081,train
14686,train
26846,train
7964,train
54262,train
10338,train
32693,train
62415,train
66160,train
26864,train
28617,train
65032,train
54455,train
57507,train
54417,train
69284,train
62354,train
15166,train
22518,train
29788,train
3823,train
61689,train
65273,train
3929,train
37494,train
20630,train
37501,train
62256,train
25277,train
22859,train
45857,train
33026,train
16382,train
40252,train
15280,train
41469,train
44307,train
15491,train
38512,train
44285,train
19964,train
8575,train
32830,train
60953,train
60245,train
66876,train
61351,train
3408,train
62882,train
68355,train
53573,train
36722,train
47309,train
45893,train
21922,train
19532,train
69973,train
7736,train
52956,train
34600,train
16290,train
18146,train
9006,train
19722,train
5426,train
27413,train
66541,train
33586,train
28471,train
19253,train
68803,train
39914,train
33567,train
11474,train
9533,train
6259,train
13258,train
52317,train
18411,train
57660,train
37621,train
36206,train
22481,train
29360,train
55231,train
22744,train
45090,train
30250,train
32676,train
32101,train
49697,train
49298,train
38147,train
9839,train
36202,train
39349,train
19967,train
69630,train
64678,train
36734,train
6082,train
45330,train
38294,train
67043,train
29738,train
48964,train
1615,train
37394,train
20662,train
10225,train
58856,train
46694,train
12475,train
55429,train
8659,train
2877,train
25147,train
1406,train
9675,train
27166,train
53056,train
57843,train
64439,train
5749,train
33334,train
53992,train
34478,train
21394,train
56283,train
42951,train
16159,train
49405,train
54601,train
35553,train
58991,train
55847,train
7732,train
63590,train
61959,train
30492,train
58477,train
66049,train
16008,train
37761,train
8355,train
58130,train
55409,train
61949,train
21965,train
63506,train
9655,train
442,train
5622,train
6292,train
42581,train
47323,train
46262,train
25192,train
67876,train
31347,train
44664,train
26661,train
21298,train
32810,train
61234,train
38620,train
55590,train
39044,train
51534,train
13868,train
45073,train
24372,train
66113,train
12481,train
22512,train
1725,train
8669,train
46790,train
64514,train
14124,train
20925,train
11278,train
67484,train
35982,train
6255,train
40047,train
25628,train
7046,train
68877,train
69181,train
67796,train
4653,train
610,train
54618,train
68115,train
43940,train
1293,train
45258,train
5114,train
17482,train
35199,train
58061,train
8344,train
47669,train
28479,train
48203,train
67818,train
35669,train
4853,train
60947,train
67410,train
35201,train
11615,train
58049,train
23934,train
952,train
56288,train
35368,train
4917,train
41504,train
23204,train
26518,train
40055,train
23887,train
14980,train
69856,train
58920,train
68730,train
34791,train
6510,train
30367,train
17522,train
28795,train
5792,train
11017,train
33679,train
40905,train
46756,train
46297,train
31137,train
30333,train
44454,train
21433,train
38044,train
24054,train
24253,train
14121,train
19486,train
41641,train
6737,train
63872,train
10389,train
7210,train
17114,train
2303,train
39714,train
68478,train
56135,train
46831,train
56367,train
40016,train
29737,train
12043,train
66243,train
66862,train
39795,train
7625,train
2251,train
23080,train
63636,train
40933,train
47562,train
67865,train
69924,train
62116,train
62598,train
27126,train
47068,train
32523,train
40051,train
48175,train
50483,train
56516,train
47386,train
34603,train
2757,train
12823,train
55316,train
51400,train
2674,train
66628,train
23136,train
33723,train
69649,train
68259,train
61698,train
18819,train
36204,train
27461,train
48480,train
53354,train
49221,train
23353,train
49591,train
64570,train
26564,train
66162,train
10707,train
2525,train
39602,train
35365,train
58484,train
55337,train
9758,train
61067,train
40724,train
19567,train
14441,train
9108,train
25855,train
67120,train
4935,train
45032,train
14015,train
53941,train
61126,train
69896,train
40187,train
50662,train
16156,train
53984,train
18716,train
59394,train
21730,train
33857,train
5004,train
12456,train
29876,train
40079,train
62018,train
48446,train
34167,train
63833,train
50463,train
69573,train
62094,train
17918,train
34576,train
551,train
28044,train
13510,train
67148,train
2378,train
38969,train
23935,train
62823,train
36336,train
52809,train
34242,train
33286,train
19558,train
39235,train
37985,train
67971,train
52146,train
23423,train
5971,train
10114,train
504,train
54669,train
20531,train
3820,train
17538,train
33451,train
31416,train
47229,train
3362,train
59794,train
17675,train
65317,train
25079,train
4306,train
7712,train
32061,train
10615,train
50111,train
19218,train
44144,train
70501,train
52012,train
13630,train
13807,train
58836,train
50217,train
11325,train
67441,train
33427,train
58232,train
27404,train
51477,train
17550,train
29382,train
35319,train
18595,train
40324,train
53994,train
59699,train
36402,train
42543,train
21897,train
4805,train
5344,train
42669,train
32735,train
59256,train
18811,train
35897,train
27217,train
33278,train
44655,train
25981,train
50278,train
33187,train
4175,train
49890,train
31163,train
21128,train
29424,train
63496,train
8468,train
49415,train
68449,train
55297,train
6138,train
24473,train
37791,train
25295,train
47892,train
61996,train
31439,train
46767,train
66383,train
59328,train
60297,train
54424,train
38880,train
33759,train
3856,train
18461,train
19882,train
54135,train
56437,train
31147,train
18958,train
858,train
40964,train
52878,train
15338,train
32797,train
52624,train
68266,train
61090,train
37558,train
19782,train
40264,train
63580,train
14821,train
26999,train
103,train
58216,train
35570,train
52820,train
13216,train
33246,train
36039,train
64282,train
30259,train
3132,train
10995,train
1747,train
62336,train
7578,train
52075,train
18972,train
68960,train
51596,train
68935,train
7124,train
70670,train
3275,train
356,train
3567,train
47592,train
33178,train
28630,train
33917,train
67520,train
3073,train
35836,train
39098,train
70217,train
30010,train
48754,train
70514,train
41232,train
2524,train
59657,train
2785,train
48107,train
46822,train
42925,train
21231,train
50564,train
44569,train
67978,train
44097,train
70571,train
28158,train
10129,train
41665,train
2738,train
67787,train
42030,train
29160,train
64475,train
6962,train
998,train
34017,train
58505,train
43125,train
59998,train
49833,train
44063,train
44369,train
35806,train
59177,train
59768,train
34857,train
47872,train
5024,train
30920,train
48373,train
125,train
2801,train
53664,train
25568,train
53003,train
43731,train
3665,train
34682,train
669,train
63953,train
26675,train
65937,train
31353,train
23467,train
30732,train
30532,train
9024,train
62344,train
3136,train
8151,train
36333,train
41544,train
38408,train
14711,train
48783,train
6154,train
68784,train
47653,train
52629,train
49818,train
26169,train
33063,train
58742,train
13721,train
38115,train
26748,train
21267,train
2046,train
65224,train
29535,train
44701,train
63467,train
1403,train
36672,train
37383,train
64180,train
8957,train
68499,train
11194,train
61263,train
34758,train
64023,train
15229,train
42452,train
17113,train
54729,train
12578,train
65136,train
29047,train
41751,train
28743,train
43688,train
31184,train
19518,train
15035,train
56222,train
50966,train
12022,train
52297,train
10036,train
32197,train
16059,train
34520,train
40175,train
45402,train
4882,train
41079,train
32984,train
53058,train
65662,train
44740,train
46550,train
10142,train
24231,train
65779,train
57989,train
46196,train
38547,train
42231,train
51141,train
34661,train
3523,train
22583,train
20191,train
21574,train
43250,train
62331,train
39525,train
45334,train
17730,train
56099,train
20646,train
67698,train
64364,train
55491,train
34091,train
54778,train
35533,train
10360,train
38899,train
59008,train
46029,train
58490,train
20003,train
11254,train
24381,train
52877,train
20566,train
69854,train
31671,train
34409,train
69272,train
28884,train
31176,train
57267,train
11299,train
64356,train
10936,train
41136,train
61170,train
13363,train
33209,train
26207,train
25534,train
67932,train
2157,train
4496,train
63869,train
62605,train
22667,train
37426,train
66954,train
34755,train
30312,train
46584,train
16342,train
17841,train
6348,train
41958,train
67564,train
12024,train
14339,train
37758,train
17292,train
24337,train
1552,train
33510,train
8725,train
24140,train
58135,train
33248,train
5930,train
33730,train
68447,train
31181,train
53464,train
57741,train
29029,train
14433,train
42273,train
26615,train
38261,train
38193,train
49021,train
67096,train
4597,train
52002,train
48770,train
16703,train
16925,train
26098,train
11281,train
65910,train
65308,train
3594,train
19017,train
33096,train
10905,train
69650,train
45329,train
36247,train
38187,train
10966,train
24971,train
7057,train
68486,train
63977,train
36084,train
44025,train
28932,train
55378,train
30913,train
23964,train
11472,train
16979,train
18427,train
622,train
43599,train
25075,train
45572,train
2311,train
70612,train
47112,train
63226,train
44085,train
17406,train
15196,train
18620,train
36420,train
6572,train
7257,train
23145,train
26929,train
7799,train
62333,train
54225,train
24866,train
9711,train
53922,train
22332,train
34451,train
39255,train
67686,train
2145,train
63066,train
22004,train
56913,train
70048,train
56238,train
32986,train
25167,train
41887,train
13536,train
69031,train
67727,train
38733,train
45066,train
7493,train
44472,train
14289,train
26819,train
55447,train
63963,train
39024,train
11170,train
69104,train
40265,train
31637,train
1226,train
28217,train
25032,train
10618,train
70188,train
14146,train
21819,train
16148,train
27701,train
54231,train
61935,train
20779,train
47982,train
37313,train
67048,train
20206,train
69760,train
38957,train
5386,train
22805,train
16157,train
15518,train
20833,train
44492,train
26558,train
9227,train
50737,train
58400,train
341,train
19608,train
3146,train
10219,train
64922,train
67905,train
40620,train
8618,train
31691,train
18525,train
49735,train
69627,train
28750,train
48658,train
49482,train
17641,train
36587,train
43543,train
24817,train
61083,train
7845,train
50379,train
8986,train
9013,train
58717,train
1124,train
48490,train
16838,train
59608,train
70275,train
13605,train
63732,train
50337,train
61406,train
5724,train
491,train
35094,train
22985,train
15210,train
51832,train
23493,train
59251,train
9480,train
51006,train
53501,train
34266,train
43491,train
35132,train
58242,train
22142,train
10284,train
67891,train
6299,train
58637,train
34646,train
31030,train
27803,train
31752,train
840,train
13445,train
30808,train
68786,train
70088,train
18778,train
9791,train
8001,train
42529,train
10202,train
41477,train
5498,train
43759,train
55320,train
48410,train
10994,train
51267,train
29971,train
44001,train
38799,train
15038,train
8265,train
45694,train
12761,train
33527,train
67074,train
52502,train
63979,train
28330,train
60649,train
55172,train
36947,train
27905,train
39374,train
47101,train
17527,train
49594,train
52312,train
59728,train
56013,train
6094,train
11849,train
31960,train
65106,train
48177,train
21108,train
70645,train
34316,train
60810,train
25309,train
20288,train
58016,train
67066,train
42944,train
47298,train
45211,train
49721,train
64887,train
13902,train
18805,train
18635,train
16552,train
6509,train
63133,train
16967,train
30141,train
41919,train
34573,train
1835,train
3660,train
62372,train
38937,train
56291,train
62557,train
25319,train
8260,train
45245,train
45078,train
54361,train
25717,train
57811,train
61478,train
1497,train
50154,train
23787,train
1297,train
44290,train
42351,train
67284,train
55278,train
58976,train
45563,train
38746,train
13700,train
55866,train
54715,train
19154,train
21233,train
35055,train
28718,train
62399,train
40742,train
11479,train
60155,train
35639,train
12789,train
46786,train
10804,train
26870,train
60436,train
40906,train
32474,train
66389,train
61114,train
19137,train
57440,train
18390,train
69216,train
19340,train
39652,train
37512,train
51712,train
23072,train
12337,train
69867,train
54242,train
27261,train
36826,train
60734,train
30989,train
5459,train
36160,train
22244,train
11155,train
36848,train
24146,train
36649,train
59116,train
61762,train
7614,train
41864,train
4047,train
41647,train
12889,train
8460,train
31039,train
6153,train
70489,train
24687,train
27992,train
36307,train
25215,train
22710,train
50390,train
43070,train
58895,train
21738,train
2439,train
46446,train
68516,train
31519,train
16077,train
905,train
44627,train
48502,train
30746,train
57281,train
15922,train
13097,train
18748,train
11738,train
50782,train
4233,train
52122,train
66256,train
27386,train
35588,train
5305,train
70550,train
21792,train
66088,train
7385,train
47763,train
43817,train
60080,train
18362,train
6046,train
50984,train
54451,train
36512,train
56519,train
1667,train
31282,train
7685,train
48104,train
58492,train
40462,train
6671,train
62789,train
44594,train
63428,train
21183,train
2305,train
57194,train
70035,train
14585,train
2397,train
48989,train
10888,train
25368,train
54974,train
39750,train
25462,train
13217,train
24861,train
68084,train
60268,train
611,train
48551,train
62468,train
16349,train
40619,train
52491,train
56588,train
8235,train
23268,train
51861,train
14338,train
3113,train
52056,train
48323,train
24663,train
34179,train
14140,train
55090,train
48927,train
1451,train
7271,train
21438,train
37614,train
19012,train
56902,train
1357,train
5674,train
49563,train
69334,train
14662,train
11382,train
22713,train
30105,train
30686,train
33614,train
42551,train
64433,train
5529,train
38619,train
30277,train
53929,train
26166,train
63779,train
27136,train
42335,train
63831,train
48394,train
48090,train
34790,train
36783,train
21057,train
31767,train
64865,train
18570,train
60582,train
36589,train
45384,train
44570,train
13812,train
4323,train
60066,train
37871,train
63513,train
31726,train
24467,train
54929,train
15198,train
6726,train
42970,train
60728,train
30911,train
1042,train
30178,train
46343,train
70642,train
47272,train
37577,train
45003,train
52801,train
2064,train
43401,train
10293,train
59736,train
66687,train
63890,train
62388,train
37036,train
44678,train
41128,train
4887,train
55291,train
28660,train
54501,train
20643,train
25045,train
41825,train
57838,train
68937,train
19449,train
945,train
53748,train
42539,train
6098,train
6460,train
3115,train
55281,train
21376,train
53226,train
27668,train
857,train
30112,train
55129,train
53091,train
15297,train
21475,train
20699,train
6650,train
42858,train
61796,train
23202,train
42469,train
36585,train
59153,train
70151,train
50516,train
65326,train
20955,train
37227,train
15074,train
63470,train
14224,train
36781,train
7930,train
233,train
32584,train
39719,train
771,train
24081,train
3487,train
20976,train
62257,train
20918,train
60921,train
4780,train
5168,train
45962,train
57997,train
40679,train
24739,train
35860,train
1523,train
26724,train
37384,train
25677,train
21395,train
62691,train
9200,train
26634,train
3871,train
21442,train
20773,train
30956,train
3569,train
15736,train
49075,train
56460,train
35191,train
41277,train
1452,train
48524,train
2482,train
30495,train
47996,train
17301,train
50137,train
15677,train
66206,train
9010,train
11956,train
5226,train
28951,train
35447,train
53480,train
38579,train
30952,train
32393,train
49867,train
19511,train
52436,train
14067,train
1842,train
69707,train
36328,train
52807,train
42775,train
65046,train
67781,train
28228,train
56454,train
43885,train
19861,train
69040,train
49302,train
24226,train
34247,train
22685,train
64471,train
1286,train
59492,train
48431,train
47934,train
34532,train
58,train
24318,train
54267,train
13842,train
36953,train
26913,train
30511,train
46953,train
28084,train
26351,train
15005,train
27564,train
46388,train
41955,train
32771,train
56254,train
18686,train
69087,train
3800,train
50626,train
32290,train
36907,train
63984,train
31470,train
68430,train
9988,train
49024,train
57755,train
14974,train
27155,train
53080,train
69291,train
270,train
27896,train
66838,train
4148,train
27238,train
8750,train
50297,train
10227,train
18537,train
57091,train
37149,train
34300,train
59222,train
33900,train
53317,train
31256,train
50562,train
11321,train
6632,train
10350,train
23594,train
29979,train
19792,train
17665,train
22568,train
43165,train
42578,train
66268,train
13888,train
70333,train
51444,train
2349,train
1092,train
237,train
65839,train
53000,train
28800,train
27491,train
37934,train
20956,train
47392,train
37998,train
31251,train
16310,train
17416,train
37178,train
6679,train
29359,train
20188,train
28842,train
11824,train
11524,train
49204,train
6481,train
25546,train
42202,train
65069,train
31082,train
39902,train
42003,train
35993,train
50525,train
51123,train
20214,train
5191,train
20863,train
33143,train
53466,train
9496,train
20047,train
19363,train
1486,train
4051,train
37564,train
8320,train
70457,train
70193,train
64816,train
55529,train
43995,train
3406,train
15797,train
58163,train
9365,train
43077,train
957,train
42937,train
65325,train
18652,train
7040,train
29629,train
27369,train
21973,train
42583,train
28434,train
66212,train
50584,train
37273,train
53344,train
1782,train
37266,train
32329,train
54562,train
23100,train
53778,train
58951,train
52769,train
51152,train
33755,train
32367,train
44276,train
57259,train
37053,train
40330,train
67164,train
45643,train
52980,train
53981,train
51287,train
26070,train
70650,train
44801,train
26189,train
50731,train
3845,train
34517,train
45862,train
7862,train
48280,train
31559,train
17687,train
67769,train
38395,train
13273,train
65194,train
22416,train
41268,train
64272,train
52656,train
9378,train
39958,train
28244,train
70150,train
34132,train
61288,train
48477,train
57728,train
41620,train
45711,train
51268,train
39758,train
69882,train
10840,train
49240,train
58706,train
58677,train
15712,train
6159,train
48252,train
34695,train
40273,train
10768,train
23750,train
45511,train
43750,train
6974,train
63091,train
58874,train
18123,train
21567,train
62526,train
28643,train
68369,train
70393,train
18599,train
19016,train
44525,train
43041,train
70200,train
21556,train
11367,train
28215,train
49396,train
9026,train
25959,train
53450,train
38991,train
53022,train
29613,train
1959,train
51483,train
45138,train
11765,train
40118,train
11393,train
20401,train
25212,train
40996,train
9081,train
64900,train
46270,train
25928,train
21669,train
48668,train
31195,train
37039,train
2894,train
23820,train
28651,train
19604,train
38692,train
62250,train
40859,train
35794,train
23740,train
9834,train
60671,train
14184,train
56220,train
44118,train
50140,train
31290,train
17693,train
12274,train
50389,train
66571,train
21955,train
44637,train
2267,train
60072,train
20431,train
33157,train
70192,train
54316,train
11292,train
10511,train
23109,train
42232,train
41300,train
41906,train
58740,train
20884,train
23661,train
51446,train
54636,train
59804,train
10162,train
47904,train
16866,train
55670,train
15073,train
63098,train
42033,train
5461,train
17319,train
49294,train
15310,train
56480,train
24799,train
32658,train
51527,train
19059,train
26122,train
36572,train
24207,train
57766,train
3904,train
45297,train
24093,train
10455,train
34665,train
28192,train
29037,train
34450,train
33219,train
30519,train
44912,train
12010,train
23406,train
66650,train
37097,train
13693,train
18868,train
11511,train
34770,train
20490,train
8340,train
59087,train
31886,train
24420,train
33273,train
39612,train
36522,train
64304,train
49910,train
21625,train
35367,train
26881,train
59572,train
7676,train
66242,train
13722,train
61908,train
5743,train
29518,train
20007,train
55509,train
6829,train
33049,train
63880,train
18892,train
5201,train
656,train
34915,train
68790,train
52252,train
13406,train
22712,train
6216,train
59537,train
6894,train
27481,train
69736,train
22017,train
52368,train
15410,train
3410,train
9755,train
69214,train
18930,train
30645,train
22349,train
68132,train
42643,train
58239,train
47377,train
60804,train
59579,train
21405,train
33520,train
2732,train
21693,train
22936,train
62088,train
62546,train
9438,train
44923,train
24635,train
58734,train
47875,train
36665,train
31827,train
49316,train
67918,train
39084,train
4550,train
55179,train
25931,train
9462,train
15939,train
10774,train
67768,train
57313,train
31156,train
35280,train
5438,train
44796,train
46101,train
49946,train
51922,train
6257,train
70102,train
53996,train
14485,train
6482,train
20189,train
60578,train
45398,train
12666,train
68628,train
31268,train
68962,train
34555,train
26866,train
39636,train
52577,train
37866,train
68515,train
45208,train
1473,train
14044,train
2365,train
31406,train
44980,train
24276,train
68622,train
61659,train
30919,train
14558,train
63572,train
42748,train
35426,train
30982,train
69392,train
8898,train
11062,train
1408,train
23371,train
27145,train
37734,train
21666,train
37775,train
796,train
32247,train
66823,train
43192,train
26137,train
42604,train
42121,train
50897,train
38945,train
13575,train
20946,train
14135,train
22569,train
8394,train
5233,train
49681,train
23937,train
28691,train
50532,train
55730,train
21370,train
35224,train
40853,train
30788,train
6641,train
21890,train
23741,train
45856,train
54670,train
35407,train
11640,train
57003,train
14059,train
6907,train
48238,train
24002,train
7038,train
48144,train
42916,train
66321,train
64568,train
50377,train
59146,train
36718,train
10456,train
63438,train
7467,train
28496,train
25006,train
39410,train
5392,train
28943,train
23484,train
14119,train
18639,train
21562,train
3923,train
38864,train
40002,train
3055,train
17533,train
37841,train
17267,train
533,train
11272,train
49395,train
19530,train
53127,train
56889,train
51912,train
54607,train
1565,train
8586,train
3713,train
54700,train
48106,train
15400,train
10174,train
16369,train
64402,train
48237,train
67016,train
10214,train
16876,train
2917,train
50178,train
16296,train
11305,train
41075,train
48888,train
3230,train
51416,train
21143,train
48846,train
24578,train
62143,train
33482,train
52725,train
29283,train
30617,train
34379,train
42040,train
50970,train
30050,train
23342,train
49860,train
26183,train
17960,train
19897,train
34982,train
60426,train
42016,train
29528,train
64638,train
15862,train
20702,train
25903,train
51584,train
63739,train
50321,train
36120,train
35238,train
23079,train
11265,train
60821,train
11935,train
23302,train
66882,train
42997,train
36158,train
54504,train
48149,train
16991,train
5688,train
35959,train
57461,train
20821,train
41054,train
44645,train
35904,train
21419,train
51390,train
59487,train
5343,train
40559,train
68278,train
44756,train
32694,train
62024,train
34647,train
55528,train
21474,train
34008,train
59837,train
26455,train
24554,train
62184,train
34326,train
33816,train
916,train
26840,train
20274,train
67879,train
41914,train
35770,train
34430,train
14715,train
47345,train
14061,train
37536,train
17672,train
61405,train
56139,train
46667,train
69797,train
43664,train
486,train
48283,train
51367,train
3387,train
14631,train
23188,train
32895,train
1769,train
19876,train
7384,train
13841,train
69081,train
24062,train
13987,train
44719,train
35481,train
65274,train
58925,train
8444,train
32661,train
43496,train
31229,train
7972,train
35177,train
21351,train
52453,train
64003,train
20126,train
51374,train
31606,train
25504,train
47671,train
38691,train
32297,train
25374,train
22318,train
51121,train
6840,train
30818,train
36956,train
54037,train
50962,train
51773,train
13481,train
12934,train
684,train
18721,train
39938,train
9208,train
69421,train
26143,train
1838,train
42160,train
70072,train
23091,train
2905,train
20061,train
6945,train
55299,train
28077,train
11795,train
38608,train
60513,train
58394,train
48643,train
65965,train
33413,train
63278,train
22370,train
24936,train
58786,train
23397,train
64242,train
56975,train
3112,train
55579,train
46027,train
14809,train
3148,train
39301,train
63178,train
64998,train
45244,train
25084,train
49968,train
23962,train
2236,train
29926,train
23570,train
65311,train
62464,train
40824,train
23602,train
62424,train
60261,train
13122,train
65564,train
56258,train
59637,train
49728,train
48550,train
55156,train
55200,train
65485,train
33403,train
19601,train
12572,train
43061,train
1535,train
68354,train
54917,train
52165,train
46677,train
35651,train
63965,train
41134,train
34318,train
37674,train
50341,train
32334,train
13719,train
45665,train
13350,train
12273,train
27444,train
56335,train
11739,train
36891,train
68980,train
26927,train
19097,train
43793,train
43654,train
56466,train
13294,train
26344,train
41321,train
2612,train
60847,train
20090,train
36404,train
26332,train
62307,train
32328,train
63293,train
42468,train
28846,train
68402,train
47740,train
20342,train
26808,train
70039,train
58138,train
13171,train
19030,train
51575,train
2270,train
69442,train
38577,train
6004,train
66439,train
62044,train
36873,train
37435,train
34274,train
24427,train
36640,train
56369,train
39634,train
58807,train
17784,train
56861,train
13852,train
68764,train
22402,train
29031,train
25216,train
49295,train
38718,train
55125,train
53759,train
3609,train
10138,train
36876,train
19689,train
43055,train
17393,train
26860,train
28458,train
61243,train
19310,train
2402,train
22620,train
44356,train
37222,train
9344,train
12318,train
35757,train
20534,train
7935,train
48153,train
65457,train
4635,train
41056,train
61241,train
24251,train
69362,train
30964,train
58561,train
66394,train
42754,train
63188,train
36075,train
29735,train
52767,train
65397,train
63533,train
12185,train
48769,train
40910,train
27856,train
59550,train
17325,train
33636,train
50534,train
59218,train
815,train
38256,train
22578,train
53887,train
8268,train
20190,train
43719,train
50561,train
35104,train
1671,train
7068,train
67157,train
2140,train
8632,train
14049,train
45333,train
59764,train
40943,train
23998,train
5374,train
16917,train
55230,train
47590,train
57025,train
11729,train
31015,train
41541,train
49522,train
13302,train
19485,train
44390,train
63186,train
20804,train
55679,train
26547,train
8995,train
47437,train
12093,train
12655,train
23216,train
41023,train
67636,train
65375,train
1554,train
25193,train
21030,train
10273,train
44705,train
57165,train
49827,train
39400,train
29447,train
17596,train
3987,train
35763,train
50753,train
32576,train
67989,train
22506,train
171,train
26753,train
59563,train
19577,train
29391,train
16672,train
8840,train
64419,train
10472,train
8232,train
1430,train
10044,train
8492,train
34566,train
29777,train
15821,train
18751,train
58217,train
70654,train
41989,train
35397,train
24055,train
35027,train
19031,train
15225,train
31398,train
55531,train
69943,train
52906,train
44623,train
15542,train
41478,train
19311,train
63121,train
17511,train
22845,train
17084,train
48225,train
29660,train
21159,train
64595,train
9497,train
69922,train
47219,train
3628,train
17708,train
30955,train
41353,train
10090,train
19465,train
60485,train
39651,train
55777,train
42894,train
65901,train
25436,train
12588,train
24615,train
36200,train
4333,train
5607,train
25400,train
42988,train
15102,train
12170,train
46506,train
55754,train
28532,train
25203,train
32502,train
29061,train
9502,train
38190,train
55104,train
6053,train
4683,train
61377,train
66004,train
40480,train
68724,train
44742,train
27924,train
24920,train
41823,train
13491,train
3697,train
5393,train
52501,train
64541,train
56571,train
5723,train
40921,train
22887,train
35575,train
10603,train
45647,train
17789,train
17077,train
58194,train
17478,train
21381,train
38130,train
61810,train
6258,train
42502,train
51699,train
54012,train
40936,train
7546,train
45799,train
70175,train
26580,train
9941,train
7170,train
37704,train
42080,train
55368,train
62975,train
32900,train
15264,train
18127,train
64670,train
59569,train
53442,train
4015,train
39070,train
30688,train
49073,train
29722,train
45514,train
48214,train
61094,train
6949,train
7263,train
20041,train
46202,train
524,train
9846,train
58767,train
65578,train
11014,train
49485,train
39531,train
10241,train
52380,train
3208,train
56998,train
4236,train
36779,train
20042,train
52525,train
2577,train
26853,train
144,train
2746,train
23176,train
1899,train
18383,train
41750,train
57906,train
15990,train
35823,train
59348,train
65628,train
22035,train
16208,train
22310,train
5507,train
16066,train
34026,train
39138,train
25794,train
49535,train
56380,train
42169,train
33085,train
29573,train
24612,train
31283,train
35203,train
57894,train
11536,train
50197,train
19975,train
28698,train
36810,train
63929,train
69704,train
36488,train
8779,train
25911,train
42850,train
41320,train
21807,train
37303,train
65710,train
70073,train
59856,train
53401,train
70509,train
38589,train
14915,train
38149,train
70549,train
19075,train
70635,train
31609,train
9185,train
56483,train
7200,train
17128,train
4254,train
11955,train
1064,train
13002,train
47656,train
25122,train
67825,train
40037,train
57986,train
11186,train
67921,train
28109,train
19760,train
39575,train
56567,train
70678,train
24310,train
36101,train
16493,train
69819,train
18459,train
45529,train
60623,train
1429,train
52071,train
53511,train
69751,train
19497,train
2610,train
33023,train
62270,train
15482,train
52811,train
59263,train
18199,train
57109,train
9620,train
859,train
32913,train
3360,train
56110,train
27198,train
18416,train
68086,train
15148,train
35037,train
2230,train
26154,train
29855,train
19830,train
22404,train
56134,train
50670,train
26989,train
26194,train
41387,train
33530,train
63044,train
25736,train
21124,train
60732,train
45160,train
39151,train
70254,train
45236,train
25102,train
41173,train
62607,train
52798,train
15679,train
26329,train
41018,train
13974,train
26773,train
2152,train
13679,train
48282,train
8085,train
59198,train
12151,train
30909,train
40363,train
16956,train
57891,train
63939,train
8525,train
21858,train
21512,train
51276,train
3661,train
56815,train
41921,train
13620,train
42790,train
21262,train
66660,train
2547,train
15081,train
13025,train
4680,train
15146,train
3086,train
32638,train
52347,train
59021,train
48825,train
15555,train
53194,train
26760,train
12119,train
67150,train
2694,train
9204,train
22369,train
39192,train
61457,train
11033,train
9815,train
42480,train
67181,train
27866,train
32923,train
6141,train
34129,train
8729,train
45083,train
47208,train
27855,train
33313,train
28833,train
70339,train
43519,train
43008,train
37081,train
65235,train
13810,train
28987,train
53372,train
56506,train
61289,train
1399,train
56623,train
13167,train
2216,train
36164,train
40254,train
67279,train
7439,train
16433,train
33411,train
58580,train
6941,train
26607,train
19679,train
45602,train
48852,train
5429,train
34010,train
8497,train
31727,train
64688,train
40318,train
39711,train
11592,train
3102,train
50228,train
52552,train
38841,train
43658,train
51685,train
17063,train
24466,train
35017,train
54030,train
45257,train
40812,train
11231,train
43547,train
34871,train
43285,train
24392,train
69703,train
24041,train
48724,train
44618,train
6613,train
5017,train
36175,train
40360,train
40972,train
55517,train
40280,train
35519,train
57224,train
39085,train
38236,train
36139,train
29678,train
28140,train
48902,train
16367,train
69085,train
33213,train
54860,train
9453,train
18197,train
2319,train
27469,train
41745,train
21705,train
24577,train
21203,train
6360,train
34644,train
25830,train
2754,train
64033,train
19184,train
13015,train
25188,train
2976,train
20525,train
61992,train
9653,train
10836,train
67795,train
19477,train
50214,train
32372,train
23009,train
59149,train
46560,train
14427,train
63915,train
48322,train
11160,train
67793,train
35711,train
29733,train
54115,train
4991,train
23312,train
22128,train
58873,train
23267,train
18445,train
69329,train
37257,train
69312,train
46316,train
39101,train
61252,train
41616,train
40976,train
23616,train
58439,train
14209,train
19568,train
1864,train
4290,train
12128,train
65275,train
690,train
18198,train
5636,train
6080,train
27310,train
18177,train
40855,train
56175,train
54962,train
54574,train
62402,train
16047,train
7266,train
60818,train
45491,train
60128,train
25522,train
69535,train
56206,train
24844,train
54036,train
59702,train
53105,train
50502,train
65902,train
6402,train
54129,train
6804,train
69324,train
8859,train
36031,train
50668,train
62997,train
42503,train
14462,train
55010,train
43582,train
9073,train
24273,train
36581,train
62943,train
780,train
35602,train
52364,train
14935,train
59434,train
21220,train
52734,train
12250,train
37277,train
50287,train
65278,train
62799,train
2113,train
10506,train
41385,train
36422,train
43653,train
46821,train
60084,train
59913,train
38321,train
49490,train
1683,train
65392,train
11315,train
68615,train
25029,train
70081,train
70314,train
7175,train
44646,train
5959,train
28294,train
33102,train
6963,train
55419,train
35465,train
22097,train
33690,train
68322,train
25817,train
10012,train
62912,train
15793,train
58165,train
60250,train
46588,train
13990,train
33503,train
14477,train
32932,train
26935,train
27221,train
27990,train
66777,train
18099,train
55594,train
60450,train
39851,train
56000,train
66516,train
32031,train
21699,train
57144,train
17427,train
63059,train
35306,train
21127,train
44496,train
12194,train
28016,train
46529,train
49688,train
27985,train
11887,train
56684,train
64883,train
3185,train
4906,train
33486,train
12487,train
64796,train
55897,train
32697,train
6928,train
38401,train
3827,train
6334,train
55564,train
68031,train
1035,train
32978,train
6217,train
34325,train
12740,train
44335,train
51677,train
28072,train
65524,train
27689,train
61318,train
32702,train
45162,train
61665,train
603,train
4312,train
41814,train
16494,train
46181,train
68739,train
38536,train
40288,train
39993,train
53267,train
4808,train
2322,train
42158,train
18632,train
1762,train
43976,train
69481,train
48156,train
31875,train
19000,train
61669,train
42530,train
57499,train
21320,train
1731,train
26457,train
39892,train
10722,train
10776,train
46482,train
6192,train
23293,train
63176,train
40540,train
772,train
69813,train
2910,train
67700,train
35249,train
5635,train
67254,train
21924,train
53819,train
48035,train
54222,train
21241,train
22371,train
37395,train
28690,train
46396,train
21103,train
58638,train
3579,train
60274,train
28645,train
43956,train
41422,train
32791,train
25603,train
4011,train
22850,train
65800,train
59148,train
2085,train
35708,train
3459,train
12335,train
41901,train
7448,train
44774,train
20873,train
58273,train
24261,train
26018,train
34068,train
43827,train
67050,train
68074,train
41339,train
57403,train
27756,train
40823,train
60031,train
56293,train
29030,train
33471,train
18550,train
35530,train
57438,train
21762,train
47045,train
46957,train
7452,train
25098,train
39435,train
45915,train
58803,train
26312,train
65658,train
27986,train
56314,train
36064,train
25870,train
58926,train
68429,train
66051,train
65586,train
37082,train
63432,train
39033,train
67476,train
43144,train
60483,train
13458,train
28361,train
14531,train
16254,train
69637,train
63308,train
42001,train
48441,train
28979,train
41252,train
58975,train
50457,train
23067,train
23662,train
15211,train
35115,train
59624,train
59940,train
41366,train
33118,train
23999,train
23434,train
4226,train
46080,train
36327,train
23947,train
32339,train
22755,train
68199,train
11287,train
49033,train
32344,train
37798,train
22315,train
3995,train
34995,train
9487,train
601,train
53026,train
8761,train
4796,train
7408,train
61264,train
8245,train
1975,train
22678,train
42274,train
47759,train
53834,train
6526,train
69705,train
6413,train
29886,train
20595,train
14742,train
61681,train
10822,train
1009,train
29275,train
19053,train
56423,train
5513,train
54909,train
28779,train
1861,train
61875,train
60762,train
47506,train
42705,train
33378,train
57097,train
36326,train
1462,train
64015,train
58274,train
512,train
53300,train
41305,train
22060,train
9089,train
68870,train
65600,train
65130,train
4314,train
64404,train
56120,train
20740,train
32832,train
37065,train
7184,train
39479,train
59296,train
36148,train
57419,train
60501,train
11461,train
47502,train
61415,train
2869,train
41548,train
54959,train
25279,train
3757,train
58082,train
31360,train
59666,train
6234,train
51442,train
57396,train
63829,train
33140,train
33360,train
41188,train
41304,train
21089,train
50851,train
14987,train
11085,train
40183,train
15601,train
29869,train
66207,train
34736,train
27206,train
47395,train
37573,train
9935,train
7991,train
25121,train
24023,train
30278,train
49458,train
3278,train
52197,train
29501,train
55851,train
3179,train
55251,train
8332,train
36167,train
2173,train
61118,train
20063,train
34724,train
3593,train
8785,train
17585,train
63404,train
59247,train
21784,train
42904,train
30033,train
22757,train
63282,train
19450,train
21587,train
57080,train
60527,train
47353,train
62187,train
28704,train
34163,train
37572,train
60779,train
29313,train
12116,train
42884,train
31496,train
67596,train
48064,train
16994,train
59352,train
43562,train
42209,train
41273,train
28250,train
62443,train
42941,train
36987,train
29916,train
43942,train
56719,train
69668,train
43820,train
15983,train
5430,train
38664,train
70261,train
21632,train
34399,train
22335,train
22441,train
662,train
17990,train
62127,train
57390,train
5912,train
14660,train
34508,train
57093,train
26010,train
16181,train
69078,train
52743,train
43754,train
69798,train
12795,train
26072,train
67813,train
55465,train
26007,train
63761,train
37282,train
59754,train
10654,train
30049,train
2647,train
8774,train
9147,train
1708,train
62951,train
29594,train
19120,train
35352,train
19547,train
68240,train
68756,train
69518,train
52429,train
18931,train
66989,train
24415,train
30595,train
28185,train
51385,train
60686,train
65739,train
70316,train
37630,train
24853,train
37770,train
2616,train
65792,train
42267,train
68073,train
3880,train
64450,train
18167,train
43232,train
827,train
40787,train
5472,train
66951,train
63708,train
59105,train
24205,train
5879,train
51849,train
8523,train
54882,train
44962,train
45314,train
28087,train
16358,train
1138,train
46327,train
37189,train
38138,train
41090,train
42379,train
9766,train
19023,train
1361,train
30388,train
30930,train
43088,train
65673,train
30847,train
45380,train
46959,train
46864,train
14533,train
28669,train
19345,train
61553,train
41978,train
24647,train
18,train
24459,train
32586,train
37234,train
30651,train
37022,train
6393,train
21867,train
9922,train
20989,train
36293,train
53840,train
25093,train
64104,train
46698,train
44109,train
42283,train
11495,train
31311,train
26094,train
34092,train
29622,train
12791,train
29266,train
2520,train
23475,train
22893,train
3368,train
62873,train
5696,train
49908,train
35568,train
53940,train
69577,train
18412,train
5107,train
59751,train
2058,train
59420,train
49976,train
56008,train
27183,train
48302,train
52378,train
33307,train
18651,train
43068,train
33999,train
53545,train
43481,train
23884,train
16798,train
24918,train
54157,train
28339,train
50694,train
43907,train
63401,train
9246,train
47777,train
9874,train
17559,train
40041,train
63456,train
37517,train
51850,train
51275,train
37374,train
5858,train
70273,train
27590,train
11807,train
38907,train
57748,train
31514,train
155,train
61871,train
15108,train
36571,train
40952,train
54513,train
9875,train
16952,train
24892,train
47803,train
42847,train
59951,train
31004,train
39407,train
5671,train
15302,train
3710,train
17360,train
1407,train
22358,train
50765,train
19803,train
35524,train
36506,train
5273,train
55162,train
46782,train
43065,train
7766,train
41945,train
44160,train
51147,train
16267,train
13547,train
36110,train
25803,train
2167,train
43313,train
46374,train
64151,train
34880,train
26303,train
19369,train
32186,train
51096,train
4712,train
29453,train
28154,train
29507,train
15728,train
56903,train
16782,train
33859,train
1458,train
53425,train
49848,train
47494,train
39091,train
36417,train
13933,train
60337,train
56102,train
47516,train
51915,train
38369,train
39296,train
46528,train
18779,train
43365,train
48235,train
34894,train
48493,train
33183,train
31436,train
12568,train
43021,train
26483,train
54659,train
9510,train
28988,train
27339,train
57154,train
32019,train
52094,train
53041,train
45943,train
57977,train
1514,train
69338,train
56982,train
60439,train
67626,train
13673,train
66463,train
43322,train
68802,train
37004,train
12291,train
22054,train
6187,train
24168,train
44986,train
36414,train
20451,train
42730,train
34268,train
51980,train
37749,train
6312,train
4026,train
33205,train
46476,train
39241,train
32733,train
57992,train
276,train
57501,train
35928,train
20881,train
67175,train
49789,train
19804,train
8033,train
44855,train
40027,train
69395,train
32471,train
46670,train
3007,train
49816,train
43910,train
52494,train
48184,train
189,train
46277,train
26745,train
67911,train
59700,train
7819,train
19539,train
16628,train
9412,train
49225,train
1170,train
62950,train
42287,train
21628,train
26839,train
22519,train
50445,train
14179,train
32050,train
38641,train
20569,train
4282,train
28725,train
66156,train
31941,train
38904,train
65598,train
23575,train
25952,train
31560,train
63265,train
59968,train
4831,train
11112,train
49928,train
20750,train
53098,train
29097,train
19343,train
50167,train
19777,train
7500,train
59806,train
10973,train
19805,train
13994,train
17462,train
20438,train
2389,train
46516,train
62253,train
62601,train
49391,train
30204,train
40257,train
48318,train
20592,train
18210,train
65422,train
54611,train
60772,train
10641,train
43672,train
18007,train
548,train
37084,train
26829,train
6818,train
18086,train
45047,train
46606,train
1742,train
68958,train
24022,train
40203,train
9463,train
14880,train
61674,train
13129,train
68647,train
58098,train
5586,train
66732,train
59113,train
62694,train
46008,train
62949,train
3911,train
51246,train
40331,train
56455,train
56161,train
3925,train
65547,train
2342,train
66356,train
24633,train
56577,train
49826,train
49340,train
54388,train
49342,train
29721,train
37902,train
67800,train
61482,train
56131,train
65005,train
39586,train
58355,train
59454,train
10076,train
55024,train
46568,train
30758,train
19249,train
7733,train
40774,train
8190,train
69407,train
45431,train
66151,train
69082,train
23516,train
26216,train
23016,train
10035,train
68597,train
2164,train
35336,train
10916,train
64194,train
24122,train
40778,train
44373,train
10564,train
48065,train
25739,train
66275,train
48580,train
15216,train
19175,train
44041,train
70623,train
40805,train
5050,train
63189,train
31612,train
55177,train
17442,train
32416,train
21411,train
35019,train
1442,train
12379,train
60678,train
9457,train
1850,train
66831,train
39370,train
28326,train
53574,train
35186,train
6821,train
14288,train
57480,train
10740,train
4944,train
66786,train
29193,train
24562,train
36543,train
17473,train
14430,train
53616,train
62289,train
13368,train
70448,train
63527,train
44841,train
43205,train
11037,train
59850,train
39954,train
28592,train
3299,train
53991,train
29087,train
52709,train
5614,train
7451,train
69559,train
48465,train
43965,train
17740,train
66385,train
39957,train
37389,train
15969,train
32026,train
56289,train
2736,train
35258,train
52210,train
35345,train
34506,train
30727,train
6235,train
21594,train
829,train
65973,train
15016,train
26147,train
23094,train
40966,train
10503,train
70518,train
36372,train
6274,train
3276,train
41370,train
39512,train
42525,train
13859,train
10307,train
56046,train
41741,train
21179,train
41797,train
11500,train
54755,train
62356,train
20933,train
1774,train
56267,train
24759,train
43056,train
21355,train
27628,train
56037,train
62925,train
14466,train
4244,train
27600,train
58188,train
26080,train
27042,train
68848,train
64599,train
19267,train
22997,train
6706,train
13681,train
65475,train
42062,train
62971,train
26468,train
10031,train
29753,train
2321,train
70232,train
58793,train
3332,train
43369,train
10685,train
8668,train
59481,train
69897,train
20137,train
45657,train
15414,train
34502,train
62994,train
55276,train
48494,train
21393,train
36621,train
38392,train
26006,train
60008,train
8317,train
68022,train
42861,train
55613,train
40256,train
24098,train
36018,train
57019,train
58023,train
24209,train
1302,train
25975,train
33189,train
44927,train
46576,train
6781,train
63968,train
12297,train
12700,train
57083,train
14106,train
59635,train
12667,train
43145,train
37369,train
36071,train
12030,train
28116,train
35197,train
57744,train
50273,train
48264,train
20320,train
5639,train
52088,train
44693,train
46321,train
45290,train
58067,train
41227,train
27288,train
59159,train
41525,train
18111,train
59847,train
21645,train
40739,train
17411,train
32512,train
279,train
49315,train
65649,train
5899,train
7868,train
5194,train
32599,train
51029,train
1527,train
15655,train
67328,train
51762,train
41930,train
43960,train
26136,train
18129,train
21469,train
21571,train
39981,train
60616,train
47438,train
68463,train
65120,train
59619,train
57212,train
53848,train
43795,train
58367,train
64038,train
41678,train
62037,train
36795,train
29569,train
56776,train
46387,train
31236,train
43417,train
5735,train
43511,train
65759,train
4806,train
57158,train
67134,train
26933,train
33558,train
2060,train
65486,train
38790,train
4078,train
66122,train
5458,train
25658,train
69426,train
15395,train
61345,train
64617,train
61354,train
31999,train
35307,train
47147,train
7810,train
12694,train
45260,train
29949,train
31778,train
8681,train
55224,train
34298,train
1675,train
11768,train
11812,train
17295,train
4205,train
44247,train
67953,train
56062,train
23534,train
19260,train
37364,train
12988,train
47756,train
2449,train
43345,train
13323,train
15076,train
9561,train
8094,train
51406,train
61573,train
56090,train
17679,train
15863,train
6341,train
63812,train
52837,train
24579,train
5353,train
17546,train
52490,train
12452,train
41445,train
51254,train
22549,train
14424,train
1476,train
7639,train
69609,train
53363,train
26326,train
62514,train
45771,train
25472,train
10766,train
68758,train
49629,train
41601,train
41412,train
50820,train
45729,train
52863,train
53553,train
49242,train
9699,train
58776,train
40519,train
11140,train
9568,train
28799,train
15459,train
51398,train
64285,train
46363,train
39221,train
25623,train
32892,train
37930,train
6036,train
33222,train
1109,train
59552,train
33308,train
67585,train
65041,train
22061,train
54134,train
68398,train
51588,train
7785,train
47714,train
66501,train
23462,train
36858,train
42368,train
3641,train
60027,train
45425,train
69855,train
65535,train
45331,train
62558,train
45816,train
17464,train
50429,train
5098,train
4084,train
33861,train
60546,train
54727,train
60218,train
54151,train
14926,train
45712,train
56946,train
43913,train
41392,train
15623,train
54469,train
7241,train
50129,train
32542,train
2742,train
29304,train
60939,train
55723,train
7284,train
10736,train
18213,train
43621,train
50430,train
59242,train
27654,train
34294,train
16941,train
16869,train
24886,train
66970,train
70589,train
6302,train
45992,train
6852,train
26677,train
44670,train
59295,train
20855,train
35781,train
20432,train
1511,train
40006,train
37478,train
17631,train
501,train
40127,train
38010,train
31910,train
13483,train
53901,train
7169,train
7979,train
32673,train
6980,train
65134,train
53063,train
23050,train
6812,train
15206,train
28503,train
63107,train
48281,train
39617,train
45077,train
57785,train
59589,train
65727,train
33685,train
51463,train
30152,train
58368,train
26857,train
22292,train
70381,train
32651,train
36749,train
4121,train
13472,train
59181,train
50688,train
18713,train
15164,train
51897,train
63003,train
3785,train
3875,train
55985,train
17785,train
47157,train
9197,train
48365,train
57982,train
27967,train
12897,train
60971,train
18265,train
38728,train
14495,train
43696,train
62640,train
187,train
41934,train
63085,train
1962,train
70527,train
22882,train
9143,train
10635,train
18491,train
63759,train
70669,train
25788,train
29076,train
34675,train
26148,train
49669,train
29968,train
5694,train
3639,train
25429,train
55690,train
52467,train
52995,train
62763,train
66398,train
46163,train
22863,train
44753,train
50175,train
59914,train
36007,train
52707,train
68657,train
56176,train
27150,train
11401,train
61459,train
5945,train
26055,train
55488,train
36348,train
22858,train
926,train
19151,train
58952,train
7465,train
25399,train
31118,train
519,train
7570,train
14942,train
60252,train
31736,train
32718,train
31134,train
29710,train
28993,train
15308,train
61558,train
18983,train
3433,train
11767,train
1979,train
23690,train
61590,train
45561,train
54400,train
28736,train
60748,train
8272,train
46646,train
53124,train
69661,train
2315,train
44216,train
31864,train
60288,train
41799,train
5563,train
39504,train
2957,train
57322,train
40792,train
27039,train
68995,train
6677,train
23101,train
42580,train
33050,train
52457,train
14104,train
4082,train
39644,train
8781,train
52867,train
1510,train
41582,train
69189,train
14728,train
7613,train
59936,train
15316,train
33703,train
38967,train
7377,train
34171,train
65080,train
41384,train
60560,train
39862,train
2468,train
51019,train
54081,train
28018,train
20542,train
30923,train
60503,train
45727,train
33498,train
3688,train
35200,train
8696,train
70426,train
44072,train
45830,train
7176,train
40307,train
28421,train
65079,train
4471,train
3784,train
57269,train
41511,train
31400,train
55957,train
61070,train
17228,train
26609,train
12438,train
21415,train
830,train
157,train
7065,train
2285,train
7440,train
13731,train
30679,train
5044,train
39237,train
9236,train
63789,train
9420,train
65408,train
70542,train
58241,train
55300,train
32295,train
46279,train
55797,train
21313,train
38353,train
40088,train
8793,train
34622,train
41816,train
9542,train
38888,train
55512,train
52908,train
43991,train
26543,train
47563,train
48380,train
56484,train
68700,train
51306,train
46836,train
30713,train
41285,train
67827,train
8119,train
32034,train
69201,train
67241,train
67239,train
14397,train
3161,train
34961,train
29110,train
42470,train
40512,train
962,train
13922,train
51708,train
1249,train
39428,train
48522,train
59992,train
51702,train
49970,train
28180,train
35707,train
23645,train
17524,train
63663,train
3384,train
11840,train
54437,train
20193,train
57603,train
57151,train
62467,train
13282,train
23587,train
32281,train
6929,train
58339,train
41122,train
23070,train
30620,train
64160,train
21733,train
60045,train
46708,train
33281,train
2514,train
18769,train
57957,train
12252,train
3561,train
18474,train
62672,train
43580,train
48988,train
26390,train
27487,train
32010,train
46952,train
20060,train
46336,train
12147,train
30496,train
53814,train
50474,train
34432,train
45110,train
43153,train
32151,train
9878,train
25978,train
16906,train
49702,train
27323,train
44847,train
20874,train
269,train
65286,train
44432,train
20321,train
35793,train
52038,train
34699,train
57710,train
15785,train
14755,train
61492,train
9210,train
33927,train
35892,train
39367,train
47684,train
68076,train
48029,train
42657,train
23432,train
65647,train
8877,train
45174,train
45959,train
62387,train
53815,train
70551,train
23766,train
59984,train
13717,train
32659,train
18483,train
7782,train
39492,train
39942,train
14174,train
45565,train
67271,train
67477,train
66904,train
60704,train
47540,train
16409,train
35830,train
30553,train
39831,train
19919,train
27838,train
55265,train
25545,train
4530,train
57056,train
20500,train
9599,train
68812,train
50776,train
51030,train
58116,train
275,train
31984,train
1104,train
49149,train
28045,train
55193,train
20366,train
27434,train
8833,train
62940,train
55992,train
7356,train
70297,train
66915,train
19822,train
11418,train
1078,train
15325,train
42565,train
19543,train
37944,train
8116,train
30837,train
42596,train
18802,train
8803,train
1303,train
10147,train
57688,train
64041,train
44967,train
24391,train
12064,train
38661,train
46033,train
12857,train
40045,train
44831,train
70097,train
49158,train
21490,train
60718,train
50056,train
57988,train
2068,train
31574,train
26035,train
441,train
68550,train
37251,train
14805,train
43436,train
48704,train
9128,train
58372,train
8150,train
20835,train
55721,train
29941,train
30849,train
5880,train
49995,train
8220,train
7867,train
3791,train
37080,train
9254,train
55123,train
18176,train
51660,train
70627,train
70526,train
6857,train
53861,train
9301,train
13791,train
58053,train
25225,train
28866,train
45966,train
54245,train
23525,train
7988,train
22682,train
30767,train
46596,train
55942,train
660,train
61287,train
21987,train
57290,train
52435,train
43554,train
33164,train
55599,train
57342,train
18744,train
47737,train
26517,train
31652,train
64145,train
1411,train
17881,train
27823,train
27161,train
30507,train
39459,train
5323,train
10421,train
57850,train
42052,train
26692,train
2503,train
61540,train
20794,train
51462,train
1137,train
31145,train
49255,train
54784,train
9120,train
58452,train
46492,train
44403,train
21652,train
12574,train
32462,train
5775,train
31279,train
56648,train
53502,train
27774,train
18988,train
50361,train
25149,train
39417,train
22104,train
64218,train
66223,train
22102,train
245,train
13110,train
30162,train
51945,train
13020,train
14091,train
56149,train
25553,train
66143,train
18422,train
67262,train
52450,train
27493,train
67640,train
39067,train
12536,train
20484,train
40525,train
1255,train
1063,train
65118,train
12509,train
42306,train
20929,train
22493,train
25907,train
64739,train
19109,train
22633,train
7582,train
59756,train
33750,train
59574,train
67091,train
69328,train
28759,train
64503,train
12673,train
22431,train
67045,train
9322,train
69775,train
24540,train
42587,train
28562,train
58625,train
56677,train
6018,train
60738,train
37047,train
38980,train
35023,train
12838,train
8036,train
357,train
30991,train
50309,train
1992,train
12440,train
2271,train
7993,train
53515,train
28257,train
64232,train
17010,train
24149,train
48123,train
29661,train
17575,train
60984,train
45385,train
43836,train
46303,train
55155,train
3096,train
69451,train
56301,train
21162,train
29659,train
28079,train
19259,train
35543,train
68010,train
68177,train
19550,train
42392,train
32202,train
62958,train
2842,train
56920,train
44304,train
47319,train
12375,train
9957,train
41085,train
66412,train
15636,train
29853,train
3015,train
46965,train
14020,train
34303,train
54836,train
42849,train
36322,train
24194,train
66395,train
14147,train
242,train
16106,train
15742,train
6436,train
29288,train
54800,train
5996,train
1829,train
50098,train
35957,train
68066,train
36945,train
19463,train
5026,train
66447,train
7552,train
44654,train
32736,train
14529,train
66114,train
29296,train
22878,train
52889,train
12067,train
17542,train
10459,train
10060,train
23559,train
62107,train
11105,train
6253,train
70411,train
51955,train
67730,train
62827,train
51101,train
29350,train
33980,train
16610,train
47976,train
12798,train
61408,train
11447,train
55147,train
37370,train
713,train
66901,train
69772,train
1996,train
785,train
58601,train
33619,train
25438,train
38303,train
42303,train
59446,train
42282,train
56593,train
66724,train
17760,train
43451,train
58872,train
31657,train
58968,train
25752,train
42555,train
25258,train
69522,train
37942,train
55501,train
51994,train
7515,train
27373,train
13551,train
24210,train
30783,train
63888,train
28473,train
50777,train
20676,train
61027,train
4607,train
13843,train
58050,train
52168,train
27678,train
41600,train
9556,train
48793,train
15046,train
38417,train
18918,train
1964,train
25540,train
37854,train
47674,train
25395,train
47356,train
24268,train
883,train
49367,train
48279,train
2972,train
17383,train
20974,train
20658,train
49259,train
65329,train
57084,train
1099,train
46580,train
53774,train
47605,train
11862,train
24443,train
17964,train
62850,train
3068,train
5358,train
56424,train
2408,train
7787,train
54355,train
25982,train
19521,train
15628,train
19958,train
47891,train
21970,train
17840,train
59726,train
15661,train
42146,train
30922,train
50160,train
6450,train
53909,train
24717,train
65622,train
57722,train
26319,train
45422,train
36964,train
14156,train
15967,train
58205,train
18872,train
12997,train
16790,train
27555,train
37085,train
50292,train
18151,train
37474,train
6055,train
69222,train
2210,train
27212,train
24109,train
6936,train
20885,train
54704,train
40515,train
11944,train
5120,train
56971,train
53053,train
44156,train
43357,train
5739,train
56117,train
69980,train
6175,train
50363,train
48304,train
43146,train
6133,train
64765,train
57527,train
59879,train
17800,train
16468,train
42663,train
17984,train
69688,train
26977,train
44541,train
38995,train
60644,train
60052,train
65915,train
54569,train
45867,train
57445,train
31204,train
3137,train
32003,train
47067,train
40843,train
13862,train
15961,train
40786,train
50153,train
13013,train
63620,train
22307,train
19557,train
23893,train
61464,train
36813,train
8540,train
70621,train
36248,train
22960,train
45221,train
57291,train
58973,train
638,train
60010,train
33372,train
67597,train
5315,train
44095,train
41195,train
45304,train
67926,train
59921,train
46759,train
13436,train
21088,train
20684,train
48261,train
66039,train
27519,train
30175,train
24666,train
61757,train
63891,train
6188,train
24489,train
756,train
8349,train
42917,train
37333,train
63594,train
61411,train
18273,train
17153,train
14450,train
17576,train
45580,train
48905,train
62266,train
1199,train
46119,train
69255,train
69259,train
34395,train
24481,train
37643,train
15713,train
25408,train
48791,train
8403,train
12219,train
52276,train
12993,train
40800,train
70332,train
53537,train
62652,train
56822,train
23782,train
9719,train
3667,train
70225,train
22927,train
2598,train
19741,train
20853,train
63040,train
47638,train
6459,train
3606,train
49370,train
3311,train
11694,train
7161,train
68216,train
21808,train
9192,train
58950,train
60703,train
18393,train
67853,train
3513,train
31605,train
63042,train
55311,train
53008,train
52772,train
67711,train
2748,train
18119,train
23666,train
53224,train
7352,train
42235,train
58385,train
21570,train
55539,train
3223,train
37217,train
2264,train
65899,train
57634,train
44903,train
44170,train
1765,train
24482,train
12,train
68805,train
35328,train
46818,train
36824,train
63525,train
41071,train
33940,train
51777,train
190,train
50096,train
69955,train
55489,train
39008,train
6374,train
42978,train
38972,train
5870,train
43028,train
40914,train
35029,train
28259,train
1547,train
25367,train
43416,train
40151,train
60828,train
12641,train
45640,train
59881,train
43763,train
13044,train
38998,train
17999,train
58359,train
46174,train
45971,train
68674,train
69727,train
69353,train
18128,train
9387,train
67914,train
45190,train
28025,train
1051,train
55422,train
16441,train
42344,train
4021,train
9005,train
32152,train
27859,train
6298,train
31614,train
22147,train
64437,train
51384,train
34284,train
16359,train
32620,train
50741,train
55975,train
8348,train
66119,train
49534,train
28266,train
63303,train
1498,train
63526,train
48683,train
27375,train
58445,train
874,train
48579,train
63735,train
51214,train
23756,train
49775,train
49814,train
7739,train
6657,train
24998,train
14853,train
1596,train
8172,train
38418,train
42212,train
23765,train
37635,train
60013,train
5859,train
20859,train
7617,train
1988,train
50010,train
11161,train
70283,train
65146,train
11925,train
32908,train
35861,train
46430,train
31610,train
6092,train
3843,train
5325,train
18354,train
68821,train
43607,train
68773,train
64161,train
51709,train
31871,train
13081,train
38252,train
15205,train
46280,train
15908,train
12347,train
43166,train
36489,train
40950,train
20373,train
32409,train
27662,train
63585,train
12257,train
2299,train
38677,train
49432,train
50477,train
22742,train
13643,train
45453,train
3975,train
43980,train
1041,train
34493,train
42627,train
58627,train
51283,train
57373,train
16886,train
35749,train
10860,train
47063,train
18071,train
6532,train
54663,train
59748,train
8373,train
58660,train
531,train
66538,train
13973,train
17422,train
10489,train
18403,train
70226,train
41135,train
9335,train
25915,train
54164,train
36644,train
52896,train
28809,train
31992,train
7082,train
39819,train
50876,train
12936,train
55815,train
26776,train
5300,train
46383,train
30161,train
50089,train
57903,train
3314,train
19353,train
4354,train
26966,train
66579,train
41044,train
65764,train
41435,train
1284,train
58326,train
17092,train
35072,train
27355,train
42322,train
777,train
43606,train
20697,train
47213,train
39749,train
62147,train
11021,train
50384,train
8944,train
33656,train
39985,train
68462,train
34437,train
69303,train
29267,train
50105,train
142,train
35305,train
66505,train
24425,train
9676,train
54084,train
65383,train
61332,train
11251,train
55020,train
32062,train
18928,train
21256,train
213,train
39619,train
15775,train
68747,train
1978,train
38492,train
52124,train
59967,train
7806,train
27079,train
58065,train
17640,train
32920,train
61592,train
2006,train
8721,train
3626,train
60506,train
41652,train
59363,train
48985,train
5514,train
21531,train
16733,train
8622,train
58863,train
19230,train
11242,train
23143,train
32210,train
41654,train
31890,train
23443,train
37608,train
69862,train
58048,train
1888,train
37033,train
24387,train
53842,train
40521,train
30427,train
1702,train
40149,train
14981,train
21684,train
44729,train
55286,train
41069,train
61649,train
42534,train
4439,train
30232,train
13691,train
34861,train
68709,train
61538,train
51638,train
70681,train
36695,train
26086,train
66801,train
26111,train
28190,train
52565,train
12037,train
68299,train
52150,train
3598,train
62879,train
7609,train
54754,train
40367,train
47586,train
58222,train
6238,train
297,train
56970,train
697,train
47453,train
62365,train
47027,train
17871,train
27548,train
50170,train
39418,train
39982,train
25679,train
9454,train
68343,train
44738,train
29924,train
40137,train
8998,train
67136,train
39558,train
4675,train
8391,train
33353,train
41028,train
36642,train
23878,train
66228,train
13208,train
57330,train
64389,train
18889,train
50763,train
57460,train
27877,train
41683,train
6647,train
30777,train
12254,train
5272,train
41066,train
39266,train
20942,train
9774,train
88,train
17304,train
52524,train
39658,train
28857,train
19682,train
3017,train
2631,train
64592,train
29632,train
5728,train
55236,train
27484,train
9424,train
70152,train
17923,train
36613,train
62353,train
42658,train
70584,train
22448,train
48624,train
4048,train
68158,train
20233,train
19420,train
38020,train
61835,train
2821,train
66261,train
30937,train
63082,train
28197,train
37009,train
11734,train
62754,train
65346,train
53575,train
10813,train
24864,train
57911,train
7532,train
36421,train
17379,train
52199,train
32036,train
42031,train
7479,train
24437,train
39687,train
11938,train
35665,train
20714,train
34786,train
5070,train
11631,train
5293,train
42902,train
6099,train
12886,train
41769,train
52649,train
70274,train
68729,train
19593,train
34868,train
11005,train
33936,train
52240,train
52827,train
39949,train
57063,train
9566,train
49776,train
52713,train
44406,train
5224,train
57251,train
20601,train
10555,train
46955,train
55733,train
26164,train
11837,train
6068,train
43427,train
55610,train
31179,train
35726,train
66535,train
33727,train
69092,train
61925,train
65870,train
57675,train
70376,train
28020,train
10089,train
16120,train
17083,train
64747,train
64773,train
14266,train
57138,train
15444,train
55384,train
9209,train
40429,train
53229,train
60886,train
9840,train
60432,train
6776,train
382,train
19499,train
50799,train
26907,train
30594,train
49992,train
61943,train
15971,train
37192,train
54139,train
46724,train
48481,train
7915,train
25550,train
3568,train
27118,train
16926,train
59690,train
482,train
59911,train
36785,train
21899,train
20253,train
20634,train
51212,train
50913,train
59994,train
5062,train
38520,train
54141,train
8157,train
67527,train
10590,train
6841,train
29687,train
13082,train
19843,train
39297,train
65595,train
54429,train
21947,train
35742,train
67849,train
31185,train
62636,train
33109,train
58545,train
334,train
15703,train
11448,train
24258,train
69909,train
2181,train
31193,train
54409,train
32962,train
48656,train
66480,train
19330,train
38944,train
38651,train
38105,train
13586,train
16125,train
67204,train
32412,train
29476,train
42515,train
67261,train
67991,train
47152,train
58857,train
26822,train
44248,train
1818,train
40741,train
6345,train
31349,train
31253,train
51357,train
49488,train
48178,train
11034,train
65036,train
16737,train
4862,train
23833,train
64116,train
27754,train
3078,train
28681,train
38507,train
18962,train
69949,train
16780,train
56427,train
22169,train
51336,train
69511,train
45296,train
792,train
53764,train
46152,train
33925,train
32964,train
41476,train
67514,train
30581,train
69823,train
17330,train
40359,train
43438,train
52543,train
18426,train
31377,train
50182,train
18699,train
40230,train
6887,train
13642,train
58075,train
18559,train
39785,train
42035,train
55677,train
16735,train
8439,train
38380,train
10201,train
67172,train
32597,train
11379,train
53753,train
11016,train
21132,train
37157,train
18899,train
54390,train
4547,train
27925,train
31062,train
15907,train
54760,train
41661,train
70257,train
66560,train
13850,train
54627,train
25512,train
52316,train
38132,train
50965,train
18989,train
308,train
36635,train
44272,train
62820,train
8408,train
6035,train
12571,train
20760,train
38119,train
54492,train
621,train
28828,train
70459,train
62481,train
65142,train
16119,train
63257,train
57310,train
11826,train
2487,train
4905,train
25253,train
35437,train
39591,train
42634,train
10639,train
65648,train
6902,train
56887,train
36923,train
45967,train
54415,train
41419,train
37249,train
54118,train
65642,train
25864,train
10912,train
51623,train
50127,train
34069,train
12096,train
4615,train
25269,train
26108,train
49927,train
19701,train
12893,train
63797,train
49941,train
30048,train
46065,train
21592,train
51751,train
23235,train
25554,train
55726,train
55360,train
7718,train
437,train
1539,train
4622,train
66872,train
68173,train
56194,train
35847,train
20936,train
41208,train
18156,train
39732,train
64533,train
67281,train
34500,train
33637,train
61358,train
17425,train
25601,train
36146,train
51185,train
25511,train
28557,train
56792,train
36479,train
24345,train
22293,train
67671,train
45256,train
33012,train
3587,train
3177,train
20140,train
1851,train
41088,train
51431,train
69972,train
8796,train
46718,train
9753,train
2418,train
22227,train
57221,train
45934,train
46024,train
54277,train
55736,train
27800,train
38203,train
68846,train
49704,train
54487,train
32408,train
58922,train
23630,train
70601,train
1828,train
69944,train
21952,train
56564,train
40036,train
51997,train
37231,train
68613,train
10094,train
45440,train
2936,train
12193,train
14489,train
43247,train
54384,train
36296,train
50147,train
17263,train
52753,train
45429,train
64335,train
26453,train
61604,train
20900,train
54710,train
14808,train
6383,train
30665,train
38594,train
24413,train
58773,train
39376,train
7317,train
26922,train
1047,train
34773,train
22801,train
14788,train
57702,train
14774,train
35600,train
3945,train
32396,train
37271,train
26735,train
24064,train
58810,train
21901,train
62714,train
21989,train
2214,train
19211,train
2404,train
43848,train
15392,train
64248,train
10177,train
15992,train
12486,train
36252,train
50743,train
12327,train
62243,train
30009,train
49359,train
42975,train
51657,train
62317,train
42332,train
65373,train
38774,train
2109,train
38152,train
16407,train
24430,train
52161,train
58319,train
42709,train
54212,train
5092,train
21069,train
15852,train
12176,train
58868,train
39242,train
43171,train
32595,train
37855,train
42489,train
3209,train
43934,train
19455,train
17606,train
27792,train
36879,train
51026,train
25088,train
33401,train
48578,train
13039,train
36903,train
29578,train
47297,train
45242,train
32380,train
33244,train
34748,train
21305,train
31851,train
55239,train
58974,train
51515,train
49930,train
40446,train
19170,train
7825,train
61844,train
57587,train
17713,train
69786,train
52351,train
38484,train
27465,train
28344,train
23623,train
69384,train
43584,train
63653,train
49275,train
60242,train
31443,train
45888,train
11266,train
31209,train
8176,train
11717,train
25663,train
25481,train
10377,train
32119,train
33492,train
17759,train
21429,train
58847,train
6054,train
46447,train
5466,train
42391,train
49290,train
14501,train
62264,train
36921,train
3707,train
43360,train
41804,train
60441,train
37570,train
19771,train
19920,train
38414,train
21878,train
3544,train
64273,train
18732,train
52630,train
9277,train
54334,train
31218,train
22752,train
62980,train
24144,train
66485,train
7579,train
16461,train
14767,train
287,train
12532,train
16132,train
36072,train
37193,train
7536,train
65030,train
55468,train
65258,train
52917,train
50610,train
3917,train
16071,train
42882,train
37790,train
66100,train
23917,train
61116,train
51131,train
68147,train
65896,train
41150,train
10020,train
19141,train
15855,train
53453,train
15062,train
59496,train
44101,train
56163,train
41856,train
45367,train
16015,train
43963,train
15840,train
29326,train
293,train
2585,train
26374,train
38400,train
39894,train
24089,train
30389,train
32411,train
19355,train
69575,train
41518,train
3393,train
31887,train
49270,train
10567,train
38157,train
45059,train
61514,train
22672,train
618,train
57672,train
18553,train
26722,train
36111,train
41527,train
52301,train
28070,train
12905,train
14491,train
60414,train
69363,train
11774,train
38455,train
36092,train
14916,train
20762,train
61627,train
61224,train
20281,train
65754,train
45702,train
31345,train
22796,train
39230,train
46846,train
5756,train
66656,train
53863,train
7312,train
57312,train
29481,train
63468,train
31216,train
62708,train
44439,train
57411,train
37134,train
17038,train
28849,train
42067,train
42654,train
44835,train
16373,train
1826,train
26439,train
67976,train
20602,train
7043,train
18341,train
29759,train
10102,train
30012,train
32911,train
15520,train
44329,train
52949,train
13386,train
15945,train
29089,train
54505,train
580,train
54124,train
27909,train
68605,train
65830,train
49074,train
58063,train
31640,train
56118,train
36207,train
69827,train
58029,train
55558,train
36046,train
67422,train
42284,train
23275,train
41753,train
8703,train
25661,train
54260,train
36249,train
7081,train
66090,train
17145,train
27308,train
26741,train
25357,train
60830,train
48947,train
46178,train
34542,train
58912,train
15755,train
53932,train
46903,train
5054,train
68766,train
22980,train
31478,train
35712,train
20775,train
45894,train
11498,train
8973,train
22653,train
389,train
26429,train
28869,train
39728,train
24779,train
51017,train
2597,train
25177,train
19352,train
60897,train
61120,train
67403,train
6001,train
70267,train
22249,train
68041,train
55842,train
22976,train
18946,train
15824,train
53592,train
53696,train
33144,train
8955,train
56404,train
9547,train
16681,train
37043,train
28282,train
22944,train
2121,train
21599,train
65387,train
32421,train
58381,train
35644,train
33884,train
26845,train
43798,train
65187,train
47048,train
54525,train
33314,train
62978,train
2135,train
15231,train
16518,train
68193,train
16818,train
49317,train
69671,train
6266,train
40866,train
40526,train
21614,train
57068,train
47641,train
25755,train
43514,train
68533,train
41842,train
39465,train
54945,train
39930,train
3484,train
13152,train
36661,train
34629,train
60909,train
29073,train
40241,train
804,train
38788,train
35738,train
65125,train
69599,train
67949,train
63300,train
54681,train
48136,train
23492,train
9206,train
30813,train
9787,train
20086,train
44106,train
37556,train
36625,train
51443,train
35909,train
48133,train
58798,train
38562,train
55288,train
34761,train
30662,train
46257,train
50879,train
37436,train
27203,train
55956,train
54696,train
58125,train
67273,train
38483,train
38367,train
52138,train
31995,train
70,train
68552,train
49310,train
43422,train
64877,train
34125,train
33922,train
57732,train
33230,train
35839,train
24737,train
34351,train
25254,train
38684,train
11681,train
14700,train
21578,train
51535,train
15387,train
44500,train
32170,train
27242,train
13074,train
11616,train
58220,train
46294,train
3895,train
7327,train
67693,train
8110,train
20283,train
21736,train
57917,train
27690,train
51974,train
63249,train
49691,train
57052,train
38706,train
44715,train
52615,train
64517,train
4466,train
42880,train
39327,train
6895,train
13655,train
22502,train
60175,train
67407,train
66135,train
49808,train
32815,train
10362,train
49266,train
4,train
10030,train
37421,train
47351,train
3926,train
55252,train
61575,train
31732,train
9790,train
52112,train
28437,train
37596,train
28961,train
6528,train
48915,train
53310,train
63840,train
29658,train
51011,train
57103,train
16936,train
23082,train
33785,train
51213,train
16444,train
67104,train
8811,train
31222,train
219,train
34494,train
145,train
12082,train
29060,train
58263,train
3733,train
50611,train
11636,train
59368,train
25541,train
54488,train
5556,train
69145,train
4557,train
27612,train
9889,train
13876,train
46803,train
28071,train
50696,train
34543,train
17749,train
46799,train
32834,train
62542,train
30301,train
67694,train
65494,train
17775,train
6011,train
45589,train
13703,train
62176,train
66661,train
19045,train
46966,train
8390,train
10499,train
58037,train
19005,train
5048,train
29534,train
55986,train
64178,train
12922,train
59594,train
60811,train
23298,train
57658,train
69282,train
63352,train
11119,train
4166,train
52169,train
68719,train
18274,train
39323,train
37472,train
36727,train
13544,train
4900,train
604,train
41698,train
59962,train
65916,train
51,train
9041,train
11605,train
28998,train
7497,train
45696,train
22527,train
39611,train
31771,train
65192,train
27813,train
42614,train
6368,train
32252,train
13598,train
50905,train
15600,train
47903,train
9781,train
25895,train
31089,train
48691,train
3597,train
32675,train
66750,train
7253,train
16442,train
13992,train
24584,train
43740,train
36217,train
29257,train
61582,train
27720,train
68690,train
36298,train
26571,train
12197,train
23144,train
37417,train
65089,train
7738,train
58403,train
30592,train
25647,train
9418,train
17104,train
67315,train
37728,train
262,train
50204,train
7553,train
19658,train
14761,train
18973,train
25882,train
65523,train
21386,train
32161,train
28906,train
36806,train
55435,train
59812,train
9816,train
24031,train
21358,train
13783,train
28834,train
29210,train
45008,train
60221,train
14727,train
16972,train
19037,train
42136,train
12703,train
70372,train
10612,train
53900,train
67883,train
55707,train
50549,train
4063,train
7386,train
64418,train
48467,train
44574,train
58511,train
17421,train
29679,train
27775,train
31469,train
28850,train
61417,train
56756,train
67859,train
20558,train
2626,train
20477,train
11878,train
51027,train
13883,train
18511,train
40671,train
67848,train
57561,train
25769,train
51201,train
13688,train
56030,train
67884,train
57570,train
60689,train
6855,train
13893,train
46802,train
19516,train
39232,train
12522,train
61440,train
43044,train
12209,train
59927,train
35877,train
15470,train
18839,train
33952,train
16352,train
43031,train
61192,train
36561,train
44440,train
46507,train
63326,train
46976,train
29852,train
26732,train
61597,train
11870,train
48517,train
5642,train
44323,train
2209,train
64366,train
50497,train
10194,train
29644,train
549,train
41282,train
46489,train
41757,train
56957,train
2922,train
16534,train
50232,train
64530,train
14218,train
66418,train
6076,train
16042,train
32431,train
52647,train
39811,train
43265,train
45043,train
68201,train
40340,train
63357,train
58891,train
56708,train
33402,train
45634,train
70214,train
59187,train
4460,train
36091,train
31990,train
46995,train
48823,train
40145,train
36147,train
29734,train
41795,train
21299,train
27367,train
50030,train
50392,train
38314,train
51110,train
60756,train
16959,train
32442,train
31507,train
39209,train
67275,train
55926,train
4331,train
47403,train
70061,train
45117,train
49529,train
6758,train
11426,train
70402,train
19094,train
24939,train
18414,train
52050,train
62528,train
66756,train
43510,train
43001,train
55563,train
45525,train
5692,train
55196,train
65871,train
32792,train
33553,train
49079,train
44012,train
56036,train
37454,train
52503,train
20186,train
8420,train
62508,train
69261,train
62679,train
24510,train
64615,train
70394,train
15104,train
62703,train
66959,train
67453,train
37751,train
29086,train
24805,train
47158,train
49712,train
9512,train
63571,train
50286,train
14968,train
29804,train
21609,train
23910,train
55081,train
49661,train
69110,train
16309,train
38999,train
51038,train
51499,train
7274,train
14562,train
52291,train
36458,train
58235,train
33706,train
31488,train
1849,train
37382,train
68143,train
12051,train
63106,train
11497,train
20224,train
49258,train
32191,train
56853,train
44196,train
54163,train
692,train
58122,train
10137,train
30586,train
55446,train
70107,train
52171,train
60484,train
455,train
28122,train
69934,train
11627,train
38085,train
65024,train
20405,train
59245,train
30449,train
60849,train
40684,train
54439,train
64192,train
61317,train
15133,train
33835,train
22567,train
57740,train
42986,train
12656,train
31429,train
45684,train
53855,train
54365,train
20453,train
63999,train
63751,train
4820,train
1588,train
8135,train
67792,train
41378,train
999,train
21636,train
30473,train
39530,train
5439,train
45340,train
63899,train
16997,train
61701,train
11803,train
61153,train
40719,train
3165,train
34101,train
18478,train
8315,train
61385,train
8244,train
54196,train
9981,train
14854,train
26031,train
8758,train
29503,train
48091,train
46624,train
57893,train
23037,train
52641,train
53090,train
10476,train
37632,train
66651,train
16174,train
41120,train
12261,train
65781,train
65596,train
55450,train
13447,train
5487,train
12882,train
66583,train
66857,train
39709,train
3469,train
25146,train
34130,train
20378,train
7293,train
2681,train
30336,train
67767,train
43306,train
12130,train
31885,train
15921,train
44628,train
41121,train
55071,train
30170,train
51539,train
68797,train
26842,train
43308,train
43755,train
40157,train
11101,train
26139,train
15648,train
40842,train
51532,train
34119,train
17272,train
35275,train
2168,train
41386,train
61091,train
28883,train
59229,train
43780,train
48582,train
9936,train
1431,train
2636,train
43434,train
34063,train
57436,train
48581,train
56639,train
4178,train
28668,train
57636,train
8702,train
53228,train
48870,train
6307,train
35571,train
29067,train
16257,train
55027,train
11746,train
54040,train
4582,train
43431,train
6969,train
21187,train
25189,train
4228,train
67586,train
44066,train
44689,train
507,train
31705,train
16458,train
63462,train
36213,train
18057,train
1739,train
41571,train
57878,train
15014,train
9783,train
20840,train
15123,train
43172,train
13517,train
58878,train
49859,train
56705,train
16350,train
26960,train
14787,train
66405,train
16824,train
43228,train
70002,train
22608,train
31130,train
15838,train
6057,train
28928,train
45620,train
45995,train
67234,train
12756,train
42288,train
6669,train
14583,train
50282,train
2371,train
19077,train
60899,train
61951,train
55921,train
41443,train
38327,train
46153,train
40032,train
36994,train
41902,train
10589,train
23510,train
9536,train
9906,train
46979,train
44751,train
1767,train
24931,train
36434,train
46431,train
64552,train
43298,train
57278,train
55746,train
64708,train
29372,train
44179,train
50444,train
33117,train
24791,train
58698,train
11660,train
18504,train
21888,train
14873,train
12362,train
67076,train
8560,train
37316,train
1022,train
32619,train
63927,train
16565,train
19150,train
39928,train
15130,train
59593,train
38368,train
54195,train
53591,train
55420,train
8638,train
63582,train
23334,train
58846,train
51730,train
17796,train
26218,train
11762,train
16335,train
20423,train
55039,train
17653,train
70059,train
12470,train
6202,train
37024,train
68979,train
59573,train
19524,train
17694,train
28689,train
43694,train
43567,train
12881,train
22103,train
51693,train
38735,train
26831,train
51893,train
13755,train
28641,train
47651,train
11352,train
42841,train
33645,train
35480,train
28091,train
1934,train
13916,train
14154,train
28274,train
40669,train
34663,train
49869,train
21237,train
11179,train
66543,train
41468,train
29872,train
46205,train
15633,train
58586,train
58598,train
11348,train
38117,train
30222,train
58550,train
52733,train
20006,train
57331,train
53852,train
4993,train
61543,train
7855,train
18742,train
24741,train
10998,train
19129,train
18217,train
25687,train
51322,train
23759,train
67659,train
60841,train
13112,train
3285,train
35281,train
51221,train
30113,train
27410,train
24638,train
24736,train
4927,train
18046,train
50364,train
47333,train
68452,train
61189,train
45890,train
19415,train
43364,train
22628,train
1219,train
51745,train
39413,train
39037,train
28609,train
32080,train
59369,train
54543,train
30517,train
54186,train
18724,train
10958,train
17032,train
17080,train
46796,train
63206,train
40449,train
51627,train
54934,train
58463,train
18116,train
57219,train
32875,train
37561,train
57625,train
35494,train
13787,train
63861,train
21967,train
34795,train
60648,train
33777,train
3577,train
35981,train
63998,train
67903,train
63635,train
29650,train
64945,train
48289,train
59774,train
60941,train
5750,train
16639,train
42637,train
56508,train
36546,train
48796,train
32930,train
8588,train
17062,train
40680,train
1144,train
17182,train
24488,train
39166,train
2149,train
11526,train
17989,train
38137,train
2608,train
13616,train
58207,train
57264,train
55174,train
35182,train
10016,train
13128,train
46509,train
59942,train
7571,train
45671,train
58525,train
70616,train
44494,train
55665,train
25858,train
70021,train
46347,train
31338,train
40685,train
25600,train
13119,train
38312,train
8306,train
52803,train
12533,train
36412,train
59349,train
64603,train
65412,train
27956,train
30344,train
36735,train
7495,train
16237,train
30393,train
1641,train
5807,train
51641,train
20362,train
68424,train
10706,train
55884,train
45910,train
36796,train
34602,train
13123,train
36339,train
51076,train
56409,train
57132,train
35468,train
59922,train
649,train
52566,train
37161,train
24949,train
46912,train
63962,train
37613,train
64451,train
18488,train
57914,train
13646,train
43142,train
18579,train
12511,train
40114,train
50556,train
54722,train
66672,train
28517,train
26063,train
38451,train
32872,train
18203,train
11716,train
63634,train
38678,train
66669,train
60103,train
8647,train
583,train
38636,train
37716,train
36525,train
65640,train
51010,train
44325,train
18669,train
44337,train
7859,train
21725,train
66524,train
42607,train
9956,train
47303,train
6034,train
13289,train
30601,train
52287,train
63542,train
25361,train
1106,train
24499,train
15165,train
41102,train
8433,train
60106,train
12080,train
64001,train
60152,train
5333,train
984,train
13582,train
17076,train
44684,train
47106,train
35695,train
15078,train
66554,train
31741,train
52470,train
4376,train
56718,train
65247,train
49856,train
9409,train
37031,train
23897,train
136,train
57062,train
16044,train
32857,train
58334,train
6446,train
13790,train
15358,train
47968,train
30194,train
27121,train
69610,train
63307,train
66605,train
20278,train
46485,train
40347,train
47862,train
59099,train
61772,train
65237,train
6271,train
33474,train
236,train
39616,train
49541,train
11052,train
40068,train
17251,train
34474,train
1534,train
59556,train
57254,train
9094,train
23785,train
67729,train
9551,train
68357,train
36347,train
67751,train
32649,train
49187,train
43243,train
59761,train
18688,train
50886,train
9381,train
22309,train
42522,train
50547,train
30025,train
4102,train
14629,train
67533,train
51496,train
17420,train
36057,train
5707,train
49608,train
35351,train
49268,train
27552,train
69408,train
47388,train
35383,train
60868,train
39573,train
20199,train
32454,train
1295,train
31540,train
60712,train
33490,train
56775,train
54808,train
31987,train
9600,train
35539,train
11573,train
26874,train
43532,train
62874,train
40212,train
7962,train
61923,train
66779,train
40868,train
10531,train
35438,train
37576,train
66512,train
38529,train
11724,train
7897,train
19769,train
41222,train
43518,train
35003,train
11362,train
41779,train
47912,train
67106,train
9563,train
13176,train
58564,train
68873,train
29417,train
6602,train
27685,train
56445,train
45913,train
19894,train
10606,train
18399,train
18602,train
26868,train
42129,train
15249,train
46281,train
53735,train
7681,train
47206,train
15882,train
48120,train
46305,train
66618,train
28941,train
56721,train
51782,train
47606,train
55246,train
15411,train
25107,train
65552,train
32310,train
11255,train
32601,train
37297,train
38319,train
68638,train
14001,train
8364,train
40120,train
53156,train
40940,train
41398,train
37528,train
50157,train
18347,train
23245,train
59789,train
47431,train
4364,train
53473,train
34862,train
45506,train
65216,train
69578,train
47182,train
665,train
12962,train
51458,train
32233,train
8205,train
44416,train
3244,train
20100,train
58498,train
22520,train
64610,train
69320,train
55214,train
24152,train
52278,train
25655,train
39842,train
6537,train
41863,train
41916,train
41361,train
14681,train
56420,train
40871,train
55855,train
60873,train
23396,train
12232,train
30121,train
59253,train
66022,train
9179,train
12330,train
64022,train
66574,train
17732,train
17051,train
31755,train
20665,train
24974,train
26124,train
12858,train
66171,train
16301,train
39439,train
59687,train
28377,train
64928,train
12814,train
1299,train
4655,train
6983,train
37675,train
11656,train
68346,train
53208,train
24349,train
68682,train
63342,train
16830,train
64227,train
33331,train
19457,train
42446,train
6439,train
12179,train
57637,train
5206,train
41568,train
44099,train
54555,train
21522,train
54566,train
14782,train
64067,train
15811,train
20170,train
124,train
47134,train
48862,train
54993,train
8530,train
10467,train
2811,train
37465,train
19744,train
24111,train
16597,train
39102,train
46599,train
54093,train
66975,train
66133,train
37717,train
5186,train
33046,train
21383,train
7800,train
17380,train
64152,train
61436,train
47342,train
70433,train
51521,train
6052,train
47800,train
42936,train
11380,train
5015,train
17160,train
18948,train
50412,train
67092,train
784,train
9399,train
18681,train
9768,train
54160,train
59580,train
46804,train
17033,train
54050,train
41219,train
58054,train
28316,train
68725,train
5960,train
69208,train
57073,train
62819,train
52250,train
37651,train
54169,train
17154,train
51092,train
60098,train
67393,train
43561,train
46086,train
25266,train
5479,train
60249,train
31918,train
58386,train
16375,train
60028,train
21972,train
1207,train
63972,train
68544,train
49494,train
58551,train
25654,train
61505,train
69765,train
2151,train
19938,train
58576,train
16425,train
45509,train
20119,train
20218,train
68394,train
22974,train
50268,train
62717,train
64888,train
14601,train
42002,train
13761,train
65933,train
12834,train
54236,train
61625,train
60299,train
21999,train
13981,train
13439,train
24901,train
8678,train
34115,train
52530,train
27524,train
17702,train
8615,train
49614,train
46355,train
27842,train
47816,train
40893,train
11164,train
30184,train
69236,train
44040,train
26984,train
70060,train
23363,train
17751,train
24825,train
25865,train
33241,train
61611,train
51628,train
162,train
48555,train
4898,train
46533,train
47505,train
45212,train
36219,train
11363,train
37160,train
68196,train
19250,train
67959,train
9105,train
48468,train
37077,train
40550,train
9190,train
25976,train
50223,train
28428,train
29775,train
53280,train
35259,train
50133,train
8018,train
25922,train
50681,train
14232,train
65774,train
55453,train
50664,train
27397,train
44332,train
26523,train
41007,train
5388,train
24035,train
13017,train
11039,train
36682,train
53152,train
36459,train
70082,train
46475,train
51417,train
12900,train
50750,train
13376,train
64916,train
35634,train
57260,train
2786,train
34577,train
69806,train
59325,train
2155,train
1785,train
2326,train
19636,train
28396,train
47003,train
70405,train
45372,train
6628,train
35635,train
1685,train
45375,train
14549,train
11894,train
43361,train
56991,train
56198,train
9123,train
14866,train
37067,train
25404,train
5060,train
51529,train
9945,train
64019,train
70277,train
24051,train
33312,train
54783,train
8828,train
11139,train
66642,train
4606,train
38639,train
65636,train
55192,train
5193,train
60344,train
31045,train
24421,train
36274,train
24979,train
51467,train
16577,train
30047,train
68146,train
21258,train
48599,train
4875,train
13127,train
49215,train
22330,train
69807,train
34536,train
49293,train
58200,train
27204,train
50958,train
35146,train
42853,train
6479,train
58502,train
53356,train
8316,train
10858,train
22929,train
49991,train
8869,train
48042,train
21026,train
40393,train
32093,train
10849,train
43767,train
67634,train
3900,train
2356,train
7164,train
63181,train
21043,train
25948,train
7872,train
60430,train
5204,train
54056,train
45810,train
40270,train
2794,train
57958,train
7969,train
21331,train
60330,train
63760,train
52633,train
6616,train
37211,train
7621,train
66528,train
20044,train
65589,train
30628,train
28115,train
17866,train
36262,train
60755,train
44920,train
36673,train
39744,train
30988,train
8086,train
45338,train
27862,train
38839,train
41198,train
9747,train
19342,train
14705,train
59460,train
19806,train
58389,train
11451,train
61490,train
22582,train
52587,train
6288,train
11154,train
45018,train
43404,train
41113,train
19183,train
54240,train
48756,train
58363,train
68573,train
36939,train
47717,train
34819,train
57004,train
2903,train
65495,train
15151,train
45074,train
69740,train
64513,train
216,train
56396,train
58081,train
25432,train
12015,train
48684,train
27274,train
11412,train
32793,train
30080,train
51230,train
10446,train
42088,train
54259,train
1276,train
58700,train
68159,train
32385,train
40095,train
7873,train
21255,train
56963,train
10427,train
18314,train
7888,train
15981,train
14665,train
5826,train
24978,train
22477,train
4368,train
23306,train
20589,train
8512,train
65300,train
13591,train
6025,train
130,train
8965,train
21202,train
70379,train
51858,train
7822,train
6551,train
27565,train
56232,train
259,train
994,train
29388,train
34210,train
47568,train
5481,train
7375,train
21449,train
49044,train
42233,train
9748,train
11772,train
63203,train
47197,train
4603,train
4298,train
25285,train
48287,train
24373,train
44743,train
272,train
36630,train
23237,train
37424,train
28338,train
7001,train
6780,train
48829,train
66056,train
947,train
59701,train
1072,train
6247,train
54058,train
57284,train
14202,train
29939,train
15157,train
37103,train
30905,train
33007,train
29291,train
46127,train
65855,train
35355,train
22522,train
53699,train
54510,train
46401,train
29549,train
34921,train
16219,train
31967,train
26908,train
1007,train
66586,train
11867,train
65951,train
16694,train
12029,train
12994,train
4018,train
48630,train
32549,train
52371,train
36089,train
53255,train
56019,train
15217,train
21104,train
1069,train
5454,train
7631,train
19291,train
16355,train
46106,train
40809,train
67188,train
42723,train
54886,train
67165,train
49192,train
60408,train
59309,train
56740,train
43571,train
19033,train
65683,train
5128,train
41551,train
9140,train
27987,train
53694,train
27327,train
41522,train
62375,train
60568,train
31265,train
19216,train
1150,train
62698,train
21555,train
37021,train
57942,train
58885,train
46379,train
22181,train
60324,train
196,train
23632,train
22741,train
39825,train
23210,train
63219,train
44419,train
24239,train
4177,train
49007,train
20388,train
45571,train
31581,train
1396,train
10803,train
50968,train
17938,train
41391,train
22570,train
11595,train
16826,train
33010,train
12340,train
49067,train
17657,train
67826,train
65077,train
57045,train
31034,train
49503,train
5669,train
29858,train
49710,train
47320,train
55307,train
43590,train
14353,train
69390,train
1726,train
29944,train
21289,train
4217,train
14819,train
40021,train
17273,train
23872,train
14367,train
70171,train
62533,train
11853,train
5499,train
35786,train
37122,train
67830,train
15495,train
49787,train
50940,train
18900,train
69993,train
64250,train
19254,train
31199,train
20567,train
7030,train
8053,train
64057,train
56035,train
61680,train
18855,train
56908,train
63452,train
63016,train
27998,train
31553,train
12912,train
50080,train
54534,train
8724,train
1325,train
58280,train
42639,train
39364,train
63143,train
69306,train
13492,train
28143,train
68735,train
24652,train
46426,train
53345,train
22534,train
60418,train
22934,train
65831,train
22449,train
42312,train
6667,train
46933,train
69809,train
24675,train
63494,train
35329,train
29614,train
27389,train
47735,train
28880,train
7992,train
26023,train
52612,train
25283,train
6880,train
35180,train
35931,train
61068,train
27034,train
53458,train
38144,train
38554,train
54358,train
25930,train
46769,train
29390,train
50423,train
48939,train
25157,train
60053,train
60651,train
33867,train
69663,train
22990,train
19569,train
32534,train
36970,train
39231,train
6485,train
18145,train
36121,train
5697,train
9142,train
69079,train
27467,train
41727,train
9650,train
52830,train
41537,train
7449,train
62049,train
4933,train
33441,train
21151,train
63418,train
69910,train
35079,train
58501,train
53259,train
38576,train
55998,train
27771,train
4465,train
13684,train
20067,train
21259,train
31038,train
7422,train
50634,train
26930,train
47621,train
63421,train
34151,train
45663,train
35326,train
51592,train
57385,train
63381,train
3694,train
46495,train
27017,train
15580,train
8218,train
43249,train
16410,train
52200,train
15553,train
28256,train
6545,train
44788,train
34403,train
61347,train
42357,train
65610,train
58595,train
18169,train
58112,train
31014,train
52033,train
24985,train
57386,train
14115,train
58722,train
29972,train
48912,train
37129,train
58641,train
16581,train
60817,train
64628,train
51043,train
18496,train
36364,train
33575,train
37804,train
42245,train
11756,train
49273,train
9934,train
44301,train
55965,train
51560,train
39042,train
66871,train
12966,train
62883,train
31552,train
314,train
31508,train
50927,train
11183,train
38342,train
263,train
48697,train
69453,train
32333,train
44767,train
67318,train
52188,train
38269,train
47951,train
20,train
13455,train
38148,train
65353,train
1134,train
20122,train
30209,train
28890,train
57122,train
11508,train
882,train
19166,train
43892,train
19832,train
35074,train
70052,train
42839,train
9595,train
15181,train
16387,train
4150,train
33484,train
2108,train
70019,train
67620,train
48463,train
8603,train
26871,train
69020,train
59857,train
45284,train
68772,train
30659,train
43054,train
9785,train
35294,train
36878,train
38292,train
10901,train
31766,train
43777,train
36834,train
60625,train
26079,train
45307,train
33719,train
3571,train
8230,train
22162,train
35297,train
43849,train
20551,train
39883,train
1110,train
38640,train
33319,train
50247,train
11009,train
17654,train
52449,train
64443,train
30326,train
23098,train
44900,train
62556,train
18438,train
66205,train
53680,train
43919,train
3008,train
47396,train
29847,train
37499,train
47950,train
36226,train
29190,train
50290,train
68356,train
27608,train
50938,train
33436,train
64954,train
30762,train
1441,train
11880,train
26720,train
62999,train
34356,train
49424,train
35291,train
27359,train
44382,train
31208,train
49362,train
7527,train
12351,train
37495,train
20706,train
10933,train
60843,train
53652,train
21197,train
65828,train
3377,train
27087,train
58929,train
54218,train
49821,train
21343,train
61761,train
4632,train
2727,train
34972,train
26497,train
58648,train
47610,train
19891,train
20788,train
47666,train
23772,train
17067,train
49945,train
69689,train
3313,train
25447,train
26590,train
60687,train
36690,train
36766,train
62403,train
22171,train
31044,train
35269,train
11318,train
54275,train
67228,train
70050,train
56937,train
52996,train
40329,train
70212,train
29331,train
41050,train
37470,train
54024,train
29146,train
17600,train
58060,train
13831,train
18922,train
5524,train
52690,train
47952,train
34485,train
3189,train
2381,train
59656,train
67007,train
58535,train
43059,train
20690,train
28141,train
14332,train
63200,train
8362,train
31071,train
62901,train
6601,train
5073,train
53810,train
29998,train
47499,train
31465,train
62489,train
24734,train
23971,train
67963,train
25698,train
64699,train
22277,train
61376,train
43362,train
64582,train
56529,train
4735,train
68294,train
44306,train
40083,train
2731,train
41474,train
663,train
47387,train
63092,train
26939,train
10952,train
55643,train
70009,train
41041,train
46100,train
59639,train
51436,train
52265,train
35589,train
11566,train
22478,train
12971,train
64830,train
17565,train
6599,train
15159,train
36978,train
36036,train
34311,train
48959,train
14860,train
33446,train
15447,train
5252,train
32926,train
636,train
14646,train
24106,train
51197,train
33024,train
29669,train
35688,train
10585,train
17909,train
17815,train
29437,train
17230,train
35853,train
58275,train
15618,train
53939,train
70637,train
43229,train
56347,train
959,train
60954,train
22005,train
5771,train
21020,train
52256,train
39343,train
9232,train
35992,train
8501,train
57562,train
29289,train
15715,train
35317,train
27099,train
38840,train
49214,train
46444,train
23224,train
13546,train
43784,train
50141,train
47977,train
56210,train
37476,train
55370,train
11909,train
69638,train
4966,train
4990,train
34021,train
65601,train
13471,train
51982,train
45876,train
1887,train
42066,train
36930,train
4393,train
12239,train
19880,train
22925,train
7310,train
67202,train
34240,train
47690,train
46816,train
13599,train
16858,train
58117,train
33548,train
19881,train
56609,train
32490,train
15033,train
55640,train
4840,train
33329,train
43974,train
55554,train
28556,train
47109,train
47493,train
39885,train
68075,train
38060,train
55630,train
12753,train
49386,train
31683,train
70174,train
36760,train
3852,train
28297,train
21643,train
18368,train
2095,train
27798,train
9477,train
66825,train
37644,train
35888,train
48986,train
35870,train
62021,train
11998,train
18653,train
56714,train
63131,train
4190,train
46324,train
63780,train
9358,train
2192,train
56065,train
30588,train
18241,train
4620,train
13242,train
12698,train
53055,train
39168,train
3730,train
12382,train
52232,train
14245,train
17161,train
12062,train
17598,train
42268,train
5825,train
24523,train
1788,train
52293,train
11610,train
31564,train
47154,train
64564,train
15027,train
9328,train
51895,train
37162,train
69741,train
13113,train
67906,train
27765,train
16683,train
14411,train
24904,train
24879,train
19380,train
42576,train
37346,train
13502,train
44675,train
55263,train
7086,train
12091,train
20110,train
10586,train
11804,train
63090,train
51983,train
27498,train
7941,train
18533,train
50454,train
61594,train
43421,train
42421,train
68925,train
9926,train
13211,train
24672,train
26127,train
43701,train
69785,train
37884,train
15923,train
19563,train
12079,train
61427,train
14311,train
42649,train
24409,train
30444,train
11931,train
62872,train
41084,train
10250,train
22466,train
20553,train
35901,train
23093,train
45176,train
37769,train
41358,train
75,train
15382,train
2041,train
64388,train
15098,train
21551,train
48375,train
70561,train
35876,train
60061,train
11057,train
20158,train
20496,train
63318,train
32038,train
5650,train
54219,train
11699,train
16380,train
45159,train
45292,train
47008,train
15207,train
68969,train
558,train
51079,train
57644,train
44086,train
54631,train
33841,train
6766,train
67423,train
26978,train
30654,train
55259,train
56221,train
8170,train
42400,train
20420,train
56672,train
39736,train
30692,train
36967,train
49798,train
28797,train
50769,train
66095,train
42407,train
7943,train
21171,train
23048,train
66260,train
27997,train
59406,train
29942,train
69185,train
57541,train
53324,train
29981,train
12419,train
66330,train
7697,train
60498,train
69118,train
37628,train
19445,train
58333,train
63905,train
664,train
63242,train
25836,train
18398,train
29551,train
52145,train
46169,train
37845,train
5871,train
68933,train
42678,train
61266,train
6595,train
50014,train
41403,train
5339,train
23734,train
18498,train
30151,train
61338,train
17673,train
10028,train
15015,train
68400,train
32799,train
60675,train
55014,train
6177,train
8052,train
24056,train
19821,train
66187,train
5320,train
7027,train
17120,train
12223,train
41352,train
17813,train
70503,train
68018,train
42249,train
44559,train
65731,train
11455,train
57470,train
17892,train
32570,train
56897,train
19422,train
62156,train
31512,train
65726,train
66302,train
41485,train
44473,train
54468,train
53914,train
70661,train
34839,train
35171,train
1416,train
41896,train
24259,train
49682,train
60630,train
2705,train
48025,train
24752,train
15847,train
41895,train
4745,train
39106,train
47231,train
57417,train
68695,train
47622,train
22203,train
39578,train
47031,train
52098,train
70176,train
32343,train
37810,train
56847,train
34751,train
68630,train
37368,train
14335,train
34734,train
60846,train
47627,train
12207,train
37115,train
34236,train
63457,train
69880,train
68427,train
36721,train
53203,train
57433,train
63920,train
42164,train
60333,train
14342,train
63800,train
55428,train
5754,train
33883,train
53024,train
6182,train
65460,train
37504,train
15372,train
37238,train
68037,train
39268,train
67139,train
5949,train
5953,train
32154,train
26703,train
64177,train
10573,train
16855,train
44146,train
15611,train
42598,train
53492,train
39931,train
59306,train
22782,train
22495,train
27627,train
62965,train
11927,train
4984,train
16898,train
50622,train
37619,train
1059,train
65531,train
17704,train
39182,train
52757,train
43167,train
70042,train
58629,train
68511,train
20742,train
7238,train
57993,train
45387,train
36229,train
39677,train
10951,train
50894,train
69153,train
52912,train
19924,train
2032,train
58072,train
60645,train
60836,train
12008,train
52527,train
7762,train
29177,train
50420,train
25421,train
25209,train
26281,train
56355,train
19295,train
68172,train
37448,train
47587,train
14090,train
60871,train
13749,train
35517,train
60507,train
19531,train
40652,train
19560,train
56360,train
61522,train
24903,train
48347,train
25578,train
1464,train
68101,train
60589,train
17463,train
4484,train
38454,train
7519,train
20486,train
22847,train
1579,train
67420,train
65881,train
48217,train
39968,train
18938,train
38033,train
34521,train
8543,train
39533,train
22551,train
25224,train
14994,train
5974,train
41695,train
5357,train
10705,train
33380,train
35893,train
49260,train
35136,train
6382,train
42631,train
47957,train
12433,train
30859,train
68692,train
35840,train
14400,train
36976,train
4876,train
47421,train
11844,train
61369,train
45026,train
24930,train
67851,train
39743,train
38947,train
6059,train
60563,train
23230,train
67861,train
31935,train
35392,train
5032,train
43536,train
51840,train
31702,train
26529,train
35223,train
21563,train
5058,train
383,train
24700,train
3830,train
45535,train
8324,train
4583,train
37220,train
284,train
59462,train
9630,train
45424,train
5988,train
67869,train
36371,train
2161,train
29017,train
21,train
62185,train
54154,train
9742,train
40266,train
60339,train
56808,train
38884,train
43808,train
60778,train
59006,train
3349,train
16944,train
3610,train
10041,train
45357,train
10065,train
68200,train
20649,train
46589,train
27915,train
62532,train
16710,train
33738,train
8825,train
37599,train
65985,train
9319,train
61144,train
57596,train
61823,train
14344,train
41396,train
55581,train
62043,train
2849,train
18664,train
51251,train
47103,train
51831,train
25874,train
51091,train
30123,train
43720,train
28888,train
35207,train
66957,train
69517,train
29840,train
51632,train
45785,train
11628,train
41508,train
10815,train
59457,train
43574,train
19443,train
42450,train
37433,train
65992,train
54593,train
5471,train
50794,train
69379,train
5250,train
34142,train
43309,train
46973,train
56806,train
56816,train
2202,train
42102,train
11270,train
70500,train
36565,train
64673,train
57432,train
22963,train
60160,train
14401,train
61670,train
18367,train
36469,train
36654,train
4816,train
41597,train
60182,train
62817,train
3699,train
61465,train
38883,train
48050,train
55836,train
48206,train
46123,train
34575,train
66052,train
45406,train
1029,train
8321,train
3152,train
70436,train
68831,train
10123,train
39607,train
20581,train
38250,train
66500,train
40400,train
41886,train
18035,train
4319,train
58470,train
30356,train
2278,train
34643,train
30294,train
49138,train
10130,train
42674,train
15825,train
27158,train
22239,train
33395,train
37681,train
27617,train
39918,train
2171,train
21678,train
33439,train
31483,train
12446,train
63643,train
43025,train
27453,train
33255,train
66697,train
61873,train
23161,train
22433,train
68909,train
30625,train
61537,train
25642,train
36937,train
16728,train
2846,train
1420,train
30550,train
50408,train
69643,train
22221,train
14702,train
42029,train
54452,train
55016,train
42090,train
36449,train
37100,train
29053,train
44745,train
15353,train
63167,train
28453,train
25262,train
46906,train
35952,train
54686,train
62836,train
30386,train
28397,train
1607,train
45973,train
69138,train
17955,train
68371,train
52282,train
38514,train
5633,train
12580,train
49882,train
2755,train
35814,train
2033,train
68494,train
9880,train
34340,train
43258,train
58676,train
9952,train
35318,train
22709,train
67035,train
5088,train
63581,train
29951,train
31490,train
12604,train
39980,train
44812,train
26665,train
13654,train
59482,train
43329,train
13460,train
6858,train
65554,train
51522,train
27802,train
43806,train
64286,train
2250,train
47899,train
52660,train
40289,train
57972,train
30020,train
51294,train
52346,train
56407,train
56193,train
42959,train
67436,train
47566,train
69872,train
61640,train
52549,train
48382,train
35255,train
48872,train
2034,train
63711,train
8223,train
8776,train
36225,train
39491,train
63947,train
56,train
39093,train
49556,train
770,train
9374,train
43410,train
7803,train
33424,train
42346,train
68867,train
66956,train
23538,train
19032,train
48845,train
17544,train
24935,train
31001,train
8574,train
62510,train
53622,train
56619,train
61622,train
66404,train
64732,train
45301,train
27622,train
13487,train
60393,train
63484,train
12412,train
47411,train
4461,train
22393,train
26843,train
15420,train
48000,train
40085,train
2918,train
35245,train
45251,train
59966,train
16180,train
37763,train
14763,train
47257,train
16887,train
46989,train
58879,train
47531,train
42162,train
51140,train
49679,train
39486,train
50606,train
2086,train
69069,train
67224,train
15743,train
37337,train
41826,train
51094,train
4483,train
4770,train
66835,train
33791,train
25592,train
164,train
15292,train
45442,train
43786,train
31375,train
4138,train
13474,train
41734,train
59485,train
18371,train
17643,train
7716,train
21397,train
17950,train
45157,train
27625,train
12778,train
53797,train
33762,train
18441,train
37683,train
6473,train
55971,train
56599,train
12775,train
12138,train
44846,train
6172,train
3386,train
59327,train
28540,train
46964,train
62154,train
68293,train
32860,train
42038,train
18795,train
37321,train
7950,train
32625,train
27665,train
24343,train
11604,train
24742,train
10113,train
10960,train
20947,train
46689,train
13022,train
4191,train
39444,train
50189,train
52920,train
66597,train
56955,train
45230,train
46656,train
8838,train
62298,train
39173,train
24923,train
49049,train
9967,train
20372,train
28723,train
33110,train
19937,train
52768,train
32956,train
51966,train
49617,train
26092,train
70186,train
40038,train
59339,train
65427,train
65517,train
15020,train
17087,train
34529,train
19610,train
56197,train
50632,train
61542,train
52046,train
9924,train
32717,train
7670,train
19905,train
30545,train
61021,train
30317,train
9639,train
31700,train
2843,train
33722,train
6611,train
25561,train
21809,train
37555,train
58493,train
16297,train
15364,train
25349,train
44886,train
31391,train
57141,train
28195,train
9293,train
25840,train
14051,train
43888,train
40435,train
69722,train
18497,train
41690,train
45366,train
39786,train
67493,train
60768,train
17573,train
1211,train
30883,train
40667,train
64170,train
22023,train
30587,train
41261,train
46605,train
21542,train
3860,train
56157,train
61403,train
57223,train
55195,train
41063,train
61229,train
5167,train
29770,train
32277,train
9799,train
65266,train
53359,train
44203,train
17503,train
22080,train
50804,train
4847,train
56807,train
18434,train
18619,train
46443,train
23394,train
18623,train
14709,train
27908,train
18010,train
23743,train
14287,train
31592,train
39476,train
54234,train
61092,train
18529,train
39001,train
45149,train
43920,train
49178,train
27456,train
33743,train
27607,train
41279,train
55098,train
50862,train
58682,train
18108,train
41119,train
15291,train
29180,train
48443,train
42638,train
33034,train
68838,train
39494,train
69561,train
5626,train
42375,train
39119,train
28786,train
40618,train
13653,train
38973,train
7725,train
62073,train
52795,train
36645,train
51806,train
30236,train
42330,train
37416,train
17756,train
30529,train
5063,train
53794,train
29363,train
4252,train
30035,train
64417,train
18087,train
12819,train
36866,train
3812,train
70646,train
46841,train
1740,train
47525,train
22262,train
22463,train
27686,train
16083,train
58202,train
22581,train
40492,train
52567,train
10630,train
23869,train
26306,train
38950,train
40659,train
37207,train
35157,train
45863,train
35178,train
63419,train
50409,train
59038,train
12941,train
47343,train
7358,train
7300,train
20180,train
43871,train
64413,train
66773,train
3207,train
16385,train
884,train
4117,train
24896,train
64486,train
18184,train
14817,train
27037,train
2391,train
8996,train
58283,train
58011,train
56854,train
43787,train
56791,train
5365,train
7705,train
67084,train
40483,train
43252,train
39849,train
51707,train
63576,train
57916,train
11530,train
16820,train
18334,train
68461,train
59590,train
40025,train
45154,train
698,train
42247,train
28135,train
55937,train
55645,train
24723,train
61462,train
44056,train
15830,train
28098,train
4785,train
33519,train
46791,train
37486,train
69248,train
27740,train
1074,train
43168,train
33792,train
46118,train
51650,train
46999,train
31180,train
18397,train
1711,train
39622,train
60615,train
35458,train
62080,train
50568,train
5646,train
30830,train
20692,train
64594,train
47383,train
48951,train
25643,train
43211,train
54545,train
34722,train
40547,train
22331,train
8679,train
68473,train
14005,train
27969,train
12275,train
69598,train
40588,train
38693,train
38900,train
36560,train
15938,train
66948,train
10276,train
8017,train
16314,train
62208,train
60796,train
36790,train
53846,train
47815,train
4266,train
29308,train
26385,train
69645,train
36914,train
66788,train
31867,train
69482,train
62416,train
11679,train
41333,train
62493,train
25808,train
30916,train
65188,train
65720,train
30419,train
22345,train
7217,train
24477,train
40510,train
68736,train
29008,train
37529,train
11907,train
42801,train
4650,train
49404,train
38650,train
65409,train
54971,train
63639,train
34619,train
14639,train
68733,train
21683,train
5381,train
14672,train
43756,train
50022,train
10490,train
6507,train
26402,train
59340,train
5829,train
29420,train
6533,train
33111,train
42124,train
2127,train
16576,train
11340,train
70521,train
66295,train
51614,train
37999,train
63215,train
55392,train
25151,train
58436,train
10681,train
7690,train
28160,train
48288,train
29358,train
52061,train
9992,train
12089,train
27567,train
2770,train
69438,train
70505,train
17019,train
67219,train
33022,train
5840,train
16039,train
23608,train
68,train
18785,train
35525,train
68440,train
40274,train
57863,train
34386,train
49757,train
13794,train
61855,train
37592,train
67560,train
11690,train
18813,train
62252,train
68923,train
59471,train
62998,train
21485,train
28052,train
7064,train
11117,train
38281,train
22949,train
7971,train
65570,train
8450,train
48305,train
69349,train
11892,train
14907,train
38808,train
64713,train
28541,train
52389,train
46197,train
6063,train
29365,train
45449,train
35926,train
60030,train
1625,train
41244,train
24009,train
7428,train
62609,train
20578,train
24386,train
2163,train
40665,train
14267,train
26061,train
55329,train
29253,train
60741,train
10369,train
42019,train
34836,train
25572,train
25334,train
66002,train
43728,train
55728,train
49466,train
12499,train
70536,train
65267,train
5212,train
1865,train
64412,train
59520,train
17497,train
44137,train
8561,train
13071,train
3449,train
22790,train
50554,train
10900,train
47743,train
61766,train
14970,train
17992,train
21133,train
11517,train
54176,train
2875,train
50495,train
6497,train
24704,train
38086,train
21898,train
61567,train
38208,train
20257,train
30832,train
7548,train
67258,train
60944,train
6198,train
38222,train
4963,train
2488,train
35406,train
3427,train
53708,train
20515,train
32839,train
38891,train
28661,train
10953,train
5382,train
54088,train
16505,train
45908,train
30927,train
69322,train
42250,train
70533,train
23229,train
66837,train
600,train
66659,train
51171,train
57854,train
13179,train
55109,train
33734,train
45998,train
53158,train
3792,train
46512,train
4788,train
54906,train
31506,train
3799,train
21374,train
1648,train
58962,train
61384,train
5467,train
58312,train
45382,train
23112,train
66451,train
37032,train
35339,train
25470,train
14468,train
46168,train
56312,train
68214,train
5397,train
58196,train
68366,train
7580,train
37931,train
14977,train
42901,train
31568,train
15290,train
7674,train
21390,train
65381,train
56234,train
69476,train
10699,train
53793,train
38794,train
3054,train
10256,train
44950,train
2091,train
59092,train
51765,train
19687,train
59670,train
11966,train
39205,train
54103,train
59165,train
17532,train
7182,train
66124,train
11997,train
23900,train
68928,train
44006,train
69418,train
54273,train
37606,train
32537,train
1678,train
59424,train
60764,train
37202,train
22185,train
56311,train
53707,train
2507,train
12161,train
4241,train
55362,train
63361,train
60120,train
9562,train
10811,train
11590,train
55391,train
28825,train
16019,train
9900,train
32402,train
32235,train
53928,train
28182,train
36323,train
63201,train
59267,train
26526,train
22311,train
41611,train
24784,train
43898,train
59706,train
43469,train
63433,train
42971,train
56300,train
41105,train
44077,train
23640,train
26589,train
63395,train
61694,train
6115,train
454,train
30034,train
55440,train
15528,train
70282,train
57357,train
19104,train
58143,train
34522,train
68968,train
18476,train
57559,train
16037,train
23600,train
66984,train
49755,train
9126,train
55943,train
22692,train
55336,train
14413,train
12060,train
52728,train
52561,train
23383,train
67899,train
405,train
33000,train
53589,train
55136,train
48062,train
6285,train
57842,train
58243,train
67351,train
60555,train
30759,train
2076,train
36684,train
66925,train
54448,train
14571,train
14013,train
69937,train
59096,train
35652,train
33425,train
10818,train
42423,train
1786,train
1736,train
38399,train
51873,train
18509,train
60714,train
63549,train
58150,train
271,train
59419,train
23441,train
9097,train
66694,train
13521,train
21175,train
38663,train
36818,train
62460,train
42989,train
14100,train
37907,train
37018,train
23973,train
13442,train
66662,train
7722,train
41130,train
59170,train
24038,train
32258,train
5627,train
61154,train
52792,train
50855,train
34513,train
19554,train
8654,train
63050,train
35964,train
45343,train
27901,train
10376,train
30416,train
46552,train
29631,train
47049,train
9583,train
56247,train
47180,train
9771,train
23187,train
60916,train
62527,train
48154,train
37712,train
33132,train
18957,train
58251,train
35483,train
21158,train
58997,train
37289,train
29826,train
52455,train
33508,train
19540,train
5595,train
5982,train
62712,train
39910,train
62102,train
37306,train
39604,train
1893,train
6408,train
64476,train
38168,train
44171,train
42608,train
8456,train
3364,train
5732,train
12100,train
58636,train
15218,train
9104,train
1248,train
46701,train
65042,train
2943,train
65980,train
46870,train
43120,train
40189,train
11596,train
30139,train
1140,train
70354,train
8462,train
67365,train
19406,train
13410,train
62743,train
68754,train
30,train
27192,train
18346,train
58331,train
16268,train
59103,train
8918,train
55739,train
13855,train
29314,train
19972,train
29229,train
52692,train
61283,train
70574,train
67872,train
54687,train
14341,train
63895,train
32934,train
66612,train
550,train
18836,train
8609,train
62480,train
5638,train
34286,train
23966,train
41342,train
3095,train
4985,train
15446,train
46726,train
64064,train
14932,train
16536,train
49439,train
47854,train
8712,train
7769,train
13365,train
68637,train
64025,train
56107,train
68375,train
8800,train
58254,train
37511,train
43994,train
10604,train
30285,train
37882,train
25067,train
13983,train
18695,train
44959,train
48236,train
15272,train
46554,train
1185,train
22854,train
64081,train
57459,train
8118,train
9991,train
15701,train
49866,train
56141,train
16930,train
27143,train
29276,train
50818,train
46835,train
42806,train
1635,train
38136,train
1113,train
63440,train
23643,train
15843,train
67689,train
22052,train
46246,train
65722,train
25261,train
21789,train
15551,train
64293,train
25388,train
68070,train
29764,train
6168,train
20045,train
40418,train
28656,train
21939,train
16786,train
10921,train
25161,train
28878,train
69667,train
6890,train
4885,train
39122,train
46291,train
61610,train
67072,train
43851,train
10217,train
15008,train
39350,train
57424,train
51007,train
31844,train
15899,train
25731,train
38605,train
4318,train
14243,train
29113,train
48929,train
996,train
22440,train
1080,train
12688,train
53137,train
63137,train
2281,train
59490,train
55241,train
40882,train
65775,train
61483,train
33765,train
42378,train
19581,train
53463,train
53691,train
43502,train
22622,train
50317,train
45635,train
52153,train
55722,train
5589,train
38070,train
4294,train
63151,train
33179,train
63239,train
67516,train
58540,train
68313,train
21368,train
4724,train
68136,train
60642,train
8446,train
67791,train
21344,train
34363,train
34571,train
57578,train
10080,train
52626,train
40309,train
10763,train
41171,train
64275,train
41151,train
5299,train
16141,train
4405,train
49655,train
3756,train
52303,train
25040,train
10749,train
57617,train
29498,train
4896,train
44849,train
55881,train
17312,train
12144,train
36839,train
36918,train
58588,train
52434,train
2077,train
36573,train
46474,train
42716,train
19585,train
33175,train
34473,train
63982,train
41996,train
60808,train
45349,train
44428,train
29910,train
63720,train
60353,train
38156,train
15947,train
27736,train
42755,train
45156,train
60881,train
45279,train
60820,train
26293,train
10263,train
24230,train
28050,train
43064,train
55472,train
28789,train
31463,train
46276,train
17963,train
11168,train
65421,train
34046,train
43262,train
62050,train
62630,train
31900,train
15903,train
15496,train
57953,train
66333,train
32132,train
6811,train
27554,train
57734,train
1638,train
70618,train
68359,train
60185,train
49542,train
65202,train
47509,train
39315,train
44661,train
23357,train
54268,train
56689,train
61349,train
28364,train
53720,train
17867,train
20792,train
55738,train
7604,train
70479,train
24593,train
9696,train
70443,train
10296,train
17927,train
24838,train
38391,train
39903,train
63251,train
51755,train
6643,train
9464,train
41250,train
58017,train
30466,train
11215,train
7534,train
44355,train
70327,train
44317,train
69646,train
3999,train
50699,train
67979,train
52214,train
51090,train
11501,train
64500,train
45764,train
17334,train
64968,train
19824,train
6430,train
54793,train
22001,train
57262,train
26157,train
1087,train
58841,train
6909,train
53637,train
19735,train
11208,train
1745,train
472,train
50896,train
47681,train
9231,train
9354,train
39600,train
33699,train
23880,train
23790,train
32283,train
20575,train
67450,train
46045,train
20270,train
54799,train
49764,train
28708,train
46771,train
2492,train
30637,train
47432,train
34942,train
66511,train
51048,train
40662,train
46210,train
46099,train
21844,train
20444,train
44239,train
56103,train
15175,train
37155,train
50285,train
34645,train
51040,train
54394,train
15514,train
60618,train
35935,train
15319,train
5500,train
25424,train
54340,train
3325,train
58027,train
623,train
57400,train
20970,train
29224,train
45982,train
63184,train
67645,train
25611,train
9594,train
61663,train
43255,train
25133,train
69883,train
46130,train
14822,train
46409,train
37331,train
63198,train
31524,train
57367,train
10727,train
5647,train
41158,train
13832,train
56612,train
11074,train
49609,train
18051,train
20727,train
36263,train
49218,train
58675,train
24278,train
50005,train
47771,train
10819,train
4916,train
70074,train
3893,train
69343,train
39596,train
37140,train
32394,train
26336,train
46451,train
2609,train
47697,train
33523,train
58343,train
11120,train
61195,train
1720,train
13236,train
70416,train
5903,train
61821,train
36676,train
40383,train
32867,train
33236,train
62454,train
57116,train
22891,train
39524,train
4419,train
21697,train
27033,train
13698,train
47772,train
39946,train
46158,train
47193,train
33004,train
62390,train
20887,train
990,train
59870,train
59559,train
47991,train
43297,train
33887,train
48462,train
58761,train
67143,train
15234,train
39092,train
54519,train
65249,train
3879,train
37973,train
51341,train
4848,train
29269,train
51265,train
28055,train
59874,train
23199,train
69016,train
64962,train
14235,train
30217,train
23251,train
64905,train
9813,train
65490,train
22447,train
63701,train
8475,train
32755,train
49077,train
1632,train
41531,train
10326,train
27979,train
10739,train
68704,train
32263,train
28483,train
32884,train
36844,train
65208,train
23642,train
23403,train
29422,train
1531,train
10300,train
26426,train
59264,train
45826,train
67215,train
36187,train
13134,train
29483,train
48399,train
63191,train
19791,train
67158,train
70279,train
12615,train
56894,train
7535,train
68741,train
13825,train
10924,train
11189,train
41688,train
40643,train
15435,train
61074,train
63125,train
68989,train
45130,train
15968,train
49032,train
28682,train
42365,train
66608,train
48685,train
63193,train
19775,train
62562,train
51476,train
26008,train
68208,train
32907,train
16882,train
14795,train
1477,train
60281,train
1055,train
49939,train
49399,train
46925,train
43320,train
10103,train
14072,train
47265,train
60624,train
3801,train
46856,train
34354,train
8674,train
5522,train
1756,train
67371,train
15178,train
51139,train
44228,train
56691,train
36401,train
20409,train
16789,train
39199,train
52993,train
26112,train
34866,train
4877,train
3805,train
68019,train
13259,train
46326,train
50095,train
4325,train
66289,train
10806,train
3745,train
70590,train
15747,train
50248,train
62926,train
13870,train
50342,train
70445,train
20367,train
26934,train
32506,train
37441,train
56340,train
30521,train
49914,train
32067,train
61901,train
27229,train
18355,train
67306,train
51962,train
44029,train
25094,train
63600,train
34632,train
11454,train
6276,train
40225,train
54416,train
15248,train
35316,train
70250,train
4968,train
30065,train
27337,train
36093,train
70143,train
35579,train
33836,train
55292,train
55548,train
8733,train
45662,train
45976,train
49014,train
21873,train
48938,train
43115,train
48125,train
28628,train
50914,train
37656,train
9220,train
1600,train
39204,train
2723,train
20465,train
31300,train
52510,train
36491,train
64889,train
39229,train
51242,train
26514,train
63324,train
54048,train
542,train
33651,train
50375,train
31544,train
58247,train
13172,train
50235,train
65177,train
52911,train
68378,train
49632,train
27888,train
22430,train
23545,train
36896,train
53612,train
29124,train
31979,train
53144,train
64240,train
7530,train
54679,train
23417,train
66784,train
23860,train
67433,train
37030,train
15466,train
56485,train
62892,train
26878,train
21942,train
3434,train
5403,train
16943,train
12950,train
61518,train
12407,train
60680,train
32070,train
17408,train
37208,train
16601,train
24003,train
13401,train
1446,train
63563,train
45648,train
51607,train
3242,train
48995,train
52000,train
4425,train
1183,train
3191,train
30820,train
64906,train
32996,train
65979,train
4246,train
24950,train
51941,train
45,train
55438,train
22598,train
2546,train
34476,train
49858,train
54213,train
1594,train
12061,train
18966,train
26020,train
44220,train
34690,train
52693,train
60896,train
33121,train
42564,train
44895,train
11649,train
66634,train
21776,train
14247,train
15385,train
63778,train
64778,train
44893,train
1629,train
56945,train
44653,train
15734,train
67444,train
24486,train
64784,train
13161,train
23725,train
65692,train
6502,train
48798,train
41367,train
68860,train
39381,train
69832,train
16246,train
1839,train
19095,train
18015,train
5983,train
28477,train
61867,train
44360,train
38822,train
64630,train
63196,train
66380,train
53963,train
55067,train
24751,train
35643,train
5289,train
21832,train
69865,train
488,train
3654,train
17117,train
41429,train
44659,train
54187,train
21156,train
6242,train
44616,train
21534,train
23595,train
38997,train
32262,train
4839,train
24811,train
42138,train
21097,train
34503,train
24725,train
30842,train
56769,train
22344,train
26337,train
1213,train
67545,train
24609,train
43288,train
37355,train
7035,train
11444,train
62362,train
43114,train
59718,train
7805,train
41803,train
34586,train
47806,train
2193,train
67061,train
46937,train
43307,train
58850,train
28623,train
23407,train
62405,train
44318,train
37538,train
6530,train
64981,train
40605,train
56544,train
10056,train
54027,train
48979,train
13096,train
13545,train
2932,train
12809,train
26193,train
34855,train
29120,train
38298,train
10799,train
27305,train
17781,train
44132,train
27077,train
4686,train
3755,train
3329,train
66652,train
24053,train
52667,train
64817,train
44866,train
43944,train
60195,train
18452,train
28632,train
66195,train
62287,train
52044,train
64125,train
6813,train
29407,train
68865,train
11480,train
1438,train
59835,train
45088,train
11429,train
24154,train
8339,train
61363,train
67149,train
20424,train
16500,train
40555,train
44207,train
41668,train
62128,train
43411,train
25711,train
41326,train
59152,train
672,train
56547,train
33746,train
1532,train
371,train
4811,train
1335,train
66924,train
68655,train
29499,train
45897,train
10522,train
60494,train
24728,train
1415,train
25494,train
69317,train
12206,train
15184,train
42767,train
13078,train
45839,train
34960,train
15772,train
30484,train
48762,train
56092,train
44210,train
70382,train
42813,train
27124,train
67912,train
41610,train
3732,train
62367,train
27,train
1644,train
56511,train
24740,train
6874,train
35988,train
30343,train
1218,train
56919,train
48292,train
60822,train
10198,train
8000,train
29123,train
31959,train
69207,train
51216,train
5834,train
50720,train
20631,train
23831,train
54630,train
57008,train
23439,train
11809,train
19555,train
18588,train
2374,train
50347,train
58764,train
9759,train
17466,train
17404,train
69607,train
62015,train
59889,train
45218,train
32835,train
20300,train
5236,train
24263,train
40327,train
32813,train
8314,train
13398,train
17514,train
59378,train
59893,train
38306,train
51569,train
33854,train
47402,train
30254,train
56224,train
29143,train
9411,train
22364,train
14434,train
14439,train
37975,train
31244,train
69301,train
63054,train
57408,train
13277,train
18603,train
43751,train
25336,train
65988,train
18458,train
34471,train
49309,train
32778,train
19747,train
31748,train
16163,train
49531,train
27932,train
66487,train
35645,train
52119,train
11626,train
4059,train
9646,train
37752,train
17844,train
14521,train
45882,train
12614,train
32192,train
22286,train
19688,train
22325,train
35580,train
26325,train
54317,train
57210,train
29783,train
4445,train
52514,train
33737,train
51381,train
61832,train
38743,train
31801,train
25070,train
12270,train
68715,train
15366,train
48363,train
33763,train
56977,train
62530,train
42940,train
21290,train
60260,train
23783,train
67738,train
24334,train
12208,train
55180,train
14171,train
69622,train
39401,train
14626,train
45679,train
32842,train
28859,train
5239,train
66955,train
15801,train
32988,train
25217,train
32967,train
33084,train
13166,train
51042,train
56595,train
11890,train
38772,train
2939,train
31784,train
27890,train
14377,train
25800,train
23563,train
70535,train
59480,train
26320,train
65895,train
27418,train
5356,train
40443,train
68248,train
36865,train
689,train
19599,train
25902,train
59274,train
37440,train
8242,train
1189,train
6333,train
20999,train
45985,train
54897,train
14394,train
24765,train
62426,train
161,train
34309,train
32667,train
55901,train
34572,train
43601,train
19675,train
13384,train
7007,train
26709,train
64154,train
51392,train
65229,train
55848,train
24416,train
16636,train
55240,train
15142,train
22673,train
64208,train
39250,train
5304,train
22117,train
10675,train
31073,train
11126,train
26942,train
50202,train
48849,train
41812,train
48478,train
45125,train
54028,train
37972,train
28817,train
51237,train
36596,train
32376,train
19908,train
22170,train
47860,train
20304,train
49064,train
27488,train
55700,train
16248,train
68399,train
19626,train
68984,train
22482,train
28367,train
5572,train
16142,train
68215,train
9616,train
42506,train
64274,train
66832,train
59217,train
839,train
45423,train
35622,train
29986,train
15331,train
56960,train
10279,train
22558,train
9368,train
477,train
58631,train
40428,train
16595,train
44477,train
28233,train
18148,train
64813,train
27333,train
57577,train
64555,train
29816,train
4285,train
5938,train
8568,train
4934,train
63819,train
58364,train
14976,train
54516,train
38129,train
20292,train
33807,train
50486,train
32185,train
46108,train
43294,train
49233,train
51835,train
46129,train
47726,train
46408,train
5385,train
62646,train
50263,train
7309,train
31504,train
16963,train
16746,train
25925,train
24000,train
27421,train
26360,train
24193,train
45754,train
4702,train
13456,train
10937,train
39585,train
3540,train
62241,train
39116,train
1192,train
9222,train
22736,train
2343,train
33726,train
68015,train
51364,train
40215,train
60037,train
20163,train
51950,train
34332,train
9803,train
35573,train
56023,train
2416,train
58917,train
5406,train
63476,train
16583,train
63057,train
46437,train
32312,train
49416,train
52838,train
27845,train
49059,train
61214,train
19512,train
61461,train
40110,train
61470,train
14120,train
15303,train
69444,train
56693,train
6028,train
9553,train
14919,train
70272,train
24778,train
66666,train
49539,train
49061,train
12278,train
14762,train
59712,train
18915,train
7700,train
44257,train
57680,train
6972,train
47736,train
31593,train
31298,train
47857,train
37819,train
61876,train
21641,train
38687,train
48752,train
38174,train
19892,train
25899,train
41962,train
67637,train
27259,train
8976,train
59225,train
18548,train
31949,train
66703,train
37679,train
42065,train
33571,train
58507,train
61119,train
2224,train
11825,train
33061,train
24495,train
324,train
52971,train
5842,train
12476,train
11707,train
36292,train
34558,train
62260,train
809,train
64762,train
38326,train
62001,train
50739,train
59720,train
30577,train
36197,train
40278,train
30182,train
46002,train
29324,train
13490,train
66855,train
33296,train
31816,train
3679,train
22153,train
5776,train
20543,train
62986,train
46195,train
12520,train
25712,train
58668,train
51325,train
48669,train
50575,train
48931,train
12976,train
35454,train
68514,train
32246,train
58212,train
10042,train
70085,train
29529,train
35043,train
12156,train
42483,train
20814,train
38911,train
58787,train
40825,train
7904,train
69355,train
58621,train
43869,train
33197,train
37624,train
58179,train
67300,train
11391,train
53866,train
48038,train
7784,train
28104,train
19983,train
3006,train
16315,train
16231,train
22428,train
10312,train
39935,train
52451,train
44182,train
44817,train
38897,train
52789,train
62329,train
19510,train
25648,train
29245,train
61735,train
62888,train
19411,train
15641,train
43671,train
52907,train
40216,train
42390,train
8982,train
17366,train
34920,train
47088,train
70360,train
52843,train
8494,train
12284,train
31721,train
33207,train
2526,train
28096,train
48907,train
36405,train
12732,train
38106,train
65634,train
62322,train
61637,train
21325,train
46054,train
5441,train
22314,train
46290,train
41857,train
17246,train
68453,train
46225,train
41767,train
68853,train
60773,train
17822,train
5378,train
19028,train
22405,train
12758,train
60587,train
9230,train
39676,train
1655,train
47990,train
36574,train
53399,train
36104,train
69124,train
14634,train
9628,train
52157,train
28783,train
1505,train
34922,train
45685,train
40693,train
29075,train
30282,train
16191,train
60240,train
43687,train
26182,train
68207,train
23965,train
27477,train
17426,train
20686,train
55900,train
48187,train
51690,train
25596,train
45347,train
3056,train
56702,train
16182,train
1875,train
52095,train
47947,train
54833,train
8222,train
5830,train
58768,train
47913,train
23539,train
16554,train
53052,train
35698,train
56491,train
5677,train
39890,train
35122,train
15317,train
7912,train
27103,train
13788,train
10062,train
25466,train
39074,train
899,train
38795,train
22601,train
18160,train
60889,train
26297,train
18473,train
65860,train
13775,train
27098,train
42139,train
68182,train
25218,train
22057,train
2474,train
44148,train
37159,train
63854,train
26354,train
51822,train
67945,train
36427,train
57904,train
46854,train
51308,train
28697,train
18208,train
70218,train
59694,train
62701,train
47247,train
52440,train
19715,train
9161,train
68319,train
37829,train
4879,train
3116,train
34852,train
28162,train
23402,train
22591,train
16230,train
69842,train
13607,train
31893,train
18055,train
49601,train
2798,train
48967,train
29319,train
54314,train
29176,train
37963,train
39108,train
59682,train
20715,train
43707,train
15199,train
39048,train
6891,train
44891,train
67087,train
21918,train
13847,train
15761,train
55327,train
66284,train
41813,train
48702,train
64169,train
6956,train
56914,train
15421,train
50371,train
47126,train
69154,train
65148,train
2548,train
70322,train
5434,train
45390,train
16195,train
29634,train
31450,train
43717,train
40342,train
23297,train
15017,train
55702,train
67902,train
33904,train
36113,train
15884,train
9788,train
7496,train
59770,train
48804,train
7252,train
51286,train
64107,train
7741,train
61429,train
45978,train
67355,train
67852,train
28569,train
56084,train
32286,train
616,train
402,train
62963,train
26447,train
63280,train
12929,train
19888,train
2540,train
52030,train
41179,train
68303,train
54376,train
40292,train
14674,train
64395,train
34441,train
3419,train
11125,train
53389,train
67079,train
20688,train
51525,train
27194,train
32167,train
69012,train
14714,train
23523,train
47155,train
35006,train
61422,train
23767,train
61626,train
45593,train
13180,train
47178,train
41694,train
34472,train
62881,train
64691,train
24095,train
42439,train
66254,train
17232,train
66300,train
44441,train
37380,train
61510,train
52594,train
46563,train
30382,train
44225,train
6079,train
46936,train
17650,train
11534,train
40013,train
812,train
7201,train
9475,train
41681,train
49378,train
20149,train
20972,train
64253,train
64995,train
46494,train
42727,train
49952,train
7559,train
63690,train
56949,train
26377,train
44566,train
25811,train
14116,train
4435,train
43962,train
15269,train
65852,train
32039,train
53747,train
6111,train
58647,train
31749,train
16048,train
9187,train
22197,train
33337,train
54083,train
69014,train
39875,train
30084,train
54133,train
18081,train
31286,train
17286,train
23844,train
52015,train
23679,train
14908,train
33827,train
44869,train
25657,train
22068,train
63813,train
65243,train
67240,train
30649,train
27839,train
19474,train
67633,train
22546,train
13808,train
68526,train
30556,train
24218,train
52244,train
7846,train
34083,train
56249,train
33030,train
22748,train
12873,train
17123,train
1000,train
36554,train
5079,train
50633,train
40613,train
14425,train
30247,train
41166,train
6557,train
33823,train
50621,train
34090,train
68474,train
18076,train
21075,train
64792,train
48007,train
32720,train
15615,train
37956,train
19138,train
20417,train
1459,train
28408,train
39065,train
14277,train
21934,train
66537,train
62878,train
18832,train
4062,train
59816,train
68237,train
64520,train
24030,train
48827,train
44223,train
46727,train
30666,train
45762,train
10605,train
38384,train
48730,train
63396,train
27592,train
59483,train
30177,train
24364,train
20934,train
67064,train
59131,train
55615,train
15368,train
55343,train
10852,train
62377,train
16981,train
12668,train
63370,train
47140,train
62540,train
31025,train
20365,train
37919,train
6047,train
26121,train
19987,train
11652,train
25302,train
44141,train
30756,train
13238,train
33715,train
13529,train
60722,train
11771,train
5449,train
47292,train
18656,train
21874,train
40913,train
13125,train
64093,train
67179,train
2912,train
50778,train
588,train
18102,train
28334,train
39650,train
21137,train
35798,train
18734,train
38082,train
29209,train
38572,train
56934,train
44934,train
45325,train
48587,train
59544,train
39726,train
6803,train
28782,train
22274,train
23203,train
1922,train
70199,train
14308,train
15152,train
57381,train
69829,train
52180,train
70121,train
39864,train
40150,train
43030,train
26882,train
44848,train
55565,train
63195,train
18372,train
43257,train
36337,train
35550,train
33494,train
17353,train
12322,train
21066,train
20795,train
38672,train
8971,train
30543,train
20202,train
585,train
35581,train
37653,train
41496,train
9239,train
47780,train
12750,train
18831,train
21984,train
57771,train
18982,train
60777,train
12366,train
26481,train
61366,train
51133,train
2048,train
26161,train
29161,train
2176,train
23565,train
21342,train
27762,train
32184,train
21981,train
36754,train
37279,train
56270,train
9274,train
33100,train
15720,train
4914,train
24967,train
37136,train
45744,train
35354,train
66771,train
4524,train
60390,train
1244,train
27060,train
31532,train
54695,train
65035,train
30949,train
41642,train
58679,train
27667,train
40930,train
60652,train
21516,train
58585,train
69801,train
48732,train
16146,train
45536,train
50472,train
38158,train
39662,train
58664,train
58416,train
10353,train
29489,train
29282,train
11899,train
23350,train
39279,train
41673,train
70458,train
11043,train
42679,train
50044,train
57858,train
44286,train
58563,train
61147,train
1827,train
47347,train
11896,train
43998,train
34380,train
62862,train
56979,train
48601,train
34249,train
4747,train
63889,train
32789,train
4196,train
44470,train
17750,train
54604,train
18891,train
53998,train
64576,train
45521,train
62616,train
17389,train
64663,train
45187,train
66629,train
26877,train
18489,train
29567,train
24034,train
29118,train
50274,train
53867,train
48054,train
31285,train
63815,train
38219,train
5793,train
4207,train
50260,train
29540,train
35045,train
11817,train
35857,train
23173,train
51479,train
3013,train
26676,train
27561,train
29098,train
50074,train
28914,train
61169,train
65113,train
39789,train
67655,train
16899,train
51418,train
60839,train
420,train
32148,train
38555,train
44253,train
48705,train
59554,train
1145,train
41773,train
23851,train
7247,train
2782,train
61703,train
43975,train
40345,train
44244,train
59423,train
51160,train
69919,train
22120,train
63949,train
41414,train
67810,train
21883,train
60547,train
70683,train
11623,train
29302,train
56628,train
57683,train
30310,train
11886,train
51536,train
10680,train
13863,train
63,train
4589,train
3347,train
60998,train
31936,train
47009,train
12513,train
26973,train
41492,train
1564,train
55124,train
532,train
19770,train
62612,train
65474,train
69682,train
43534,train
1686,train
38585,train
12258,train
15333,train
47695,train
15790,train
52548,train
19361,train
41590,train
44632,train
16145,train
57861,train
67127,train
49151,train
22978,train
69532,train
43032,train
2711,train
27703,train
56067,train
21413,train
41510,train
42399,train
6318,train
26118,train
24826,train
8858,train
26664,train
66055,train
12402,train
41316,train
43009,train
19939,train
57580,train
17896,train
4232,train
62054,train
48760,train
33598,train
24944,train
58754,train
35918,train
2062,train
33666,train
28875,train
11533,train
42934,train
55439,train
59220,train
51776,train
29009,train
49799,train
4528,train
28285,train
48924,train
3967,train
35194,train
5262,train
37615,train
43344,train
50684,train
22254,train
55353,train
69557,train
2069,train
41243,train
23673,train
38412,train
8089,train
43038,train
18252,train
61853,train
67210,train
22206,train
30570,train
41832,train
63729,train
11951,train
61228,train
61936,train
33154,train
53384,train
68512,train
19431,train
34466,train
15268,train
49189,train
45829,train
9862,train
38597,train
54570,train
3395,train
25284,train
59732,train
9437,train
66706,train
68632,train
28607,train
16893,train
6715,train
19439,train
6455,train
53419,train
47379,train
37221,train
11675,train
913,train
51226,train
42636,train
49647,train
67578,train
56182,train
34807,train
39816,train
63009,train
13614,train
49444,train
23830,train
20985,train
30824,train
59783,train
52808,train
16545,train
34523,train
27067,train
60632,train
29293,train
58068,train
14753,train
24112,train
65456,train
9402,train
35225,train
17528,train
1585,train
8112,train
4765,train
759,train
35024,train
39672,train
26485,train
24599,train
33902,train
40082,train
9333,train
44758,train
44035,train
13736,train
19874,train
36801,train
48114,train
61620,train
59234,train
54109,train
1581,train
56666,train
68349,train
30063,train
31957,train
46832,train
39624,train
51498,train
17021,train
45394,train
58459,train
38005,train
34112,train
43445,train
58040,train
38595,train
19136,train
12187,train
9436,train
31769,train
20093,train
16618,train
45238,train
64706,train
31912,train
70285,train
44725,train
12436,train
13890,train
7062,train
60903,train
32241,train
14292,train
58820,train
54042,train
64891,train
57692,train
17802,train
41165,train
35190,train
15386,train
34052,train
44617,train
41573,train
20725,train
27542,train
42561,train
12510,train
34239,train
29583,train
41106,train
68138,train
36097,train
7607,train
5029,train
16599,train
38206,train
23450,train
50057,train
29303,train
57791,train
68081,train
60676,train
8878,train
41490,train
57231,train
19401,train
18103,train
14369,train
59891,train
40623,train
62570,train
18523,train
55886,train
17917,train
10366,train
37986,train
8951,train
21207,train
4044,train
27391,train
22398,train
54899,train
36869,train
54595,train
30064,train
43413,train
57261,train
3892,train
60556,train
25734,train
11721,train
1274,train
9751,train
3998,train
30721,train
42855,train
70506,train
30263,train
69105,train
10755,train
5619,train
6749,train
17806,train
32585,train
60438,train
26013,train
10211,train
39592,train
19541,train
61072,train
16764,train
281,train
33899,train
30747,train
30600,train
55245,train
52575,train
7734,train
64059,train
63207,train
15180,train
4004,train
46263,train
27443,train
7033,train
43403,train
27441,train
62122,train
56248,train
35767,train
46575,train
66172,train
16357,train
10141,train
65463,train
11096,train
11781,train
56634,train
56116,train
56968,train
63917,train
52659,train
45075,train
2196,train
34811,train
24981,train
31247,train
45793,train
4073,train
34373,train
41663,train
55698,train
16459,train
24613,train
69147,train
65913,train
56576,train
64519,train
36047,train
17342,train
66416,train
22159,train
18543,train
51414,train
21968,train
41506,train
54215,train
31119,train
28095,train
29102,train
14979,train
27566,train
41124,train
19756,train
34443,train
53540,train
38107,train
48819,train
36771,train
18240,train
30060,train
8452,train
4218,train
49572,train
39780,train
54984,train
62658,train
39635,train
12162,train
13564,train
62131,train
26214,train
42869,train
68390,train
56213,train
29893,train
44480,train
31854,train
57606,train
56403,train
11569,train
67470,train
61064,train
30314,train
1668,train
63650,train
5326,train
49265,train
35,train
56839,train
33444,train
13328,train
40476,train
21167,train
52850,train
47722,train
49642,train
50813,train
48639,train
36765,train
37146,train
60316,train
27788,train
41889,train
65835,train
67267,train
61238,train
66047,train
67515,train
25669,train
17666,train
15662,train
14617,train
15445,train
66094,train
34491,train
3453,train
55476,train
43617,train
22851,train
36792,train
12685,train
35172,train
8219,train
28734,train
47549,train
11430,train
30582,train
39422,train
67764,train
27165,train
23362,train
6688,train
10963,train
33347,train
57976,train
41740,train
29497,train
41539,train
9064,train
23776,train
63858,train
40348,train
19642,train
59114,train
752,train
34989,train
61965,train
20272,train
49433,train
40477,train
10857,train
47725,train
41144,train
17812,train
13230,train
64654,train
8480,train
15060,train
32732,train
31659,train
49731,train
34161,train
22835,train
22301,train
7824,train
34009,train
33502,train
12298,train
51193,train
48744,train
34554,train
26814,train
58913,train
56911,train
38212,train
62263,train
62973,train
26054,train
68663,train
14883,train
37320,train
35084,train
7974,train
34753,train
22651,train
38518,train
24410,train
20878,train
60434,train
40272,train
31712,train
10406,train
63129,train
66743,train
39269,train
6790,train
47435,train
3436,train
22150,train
42703,train
51987,train
63793,train
53809,train
13985,train
66348,train
40838,train
63569,train
18655,train
4517,train
39373,train
11855,train
42337,train
44372,train
4892,train
59738,train
50480,train
30174,train
57060,train
44280,train
55627,train
49001,train
46874,train
25968,train
43259,train
24091,train
21250,train
21038,train
40638,train
52219,train
24474,train
62201,train
21012,train
67743,train
481,train
65768,train
65594,train
62554,train
49521,train
7166,train
37127,train
26830,train
49847,train
57919,train
48498,train
31664,train
719,train
62665,train
2691,train
49519,train
56049,train
7801,train
44259,train
23864,train
29818,train
54237,train
46337,train
27904,train
22321,train
9869,train
51663,train
9051,train
56346,train
60672,train
41529,train
60303,train
42043,train
60312,train
53149,train
49932,train
44638,train
36474,train
47315,train
65302,train
12951,train
54684,train
69899,train
3026,train
57597,train
65452,train
57119,train
31132,train
19927,train
25774,train
54865,train
67990,train
37605,train
25549,train
55116,train
48367,train
36037,train
31380,train
65716,train
41209,train
4446,train
55434,train
19072,train
9901,train
31383,train
28538,train
34636,train
69691,train
47565,train
43579,train
21635,train
8302,train
25749,train
56405,train
63817,train
54639,train
66547,train
45808,train
3380,train
18794,train
7746,train
18615,train
22470,train
12001,train
61771,train
62577,train
31237,train
70494,train
21130,train
33025,train
34805,train
65938,train
57482,train
37262,train
42192,train
60194,train
52385,train
31819,train
30324,train
25526,train
25326,train
49065,train
30095,train
39595,train
61346,train
33774,train
64584,train
36815,train
4954,train
38896,train
3834,train
37096,train
57148,train
26624,train
68532,train
60559,train
8164,train
54360,train
12160,train
20648,train
20010,train
44363,train
48155,train
935,train
15402,train
4663,train
2714,train
8849,train
6520,train
62330,train
58327,train
26205,train
70041,train
58469,train
30082,train
17002,train
25886,train
60275,train
18233,train
20784,train
36532,train
45502,train
30687,train
13033,train
53299,train
37883,train
62866,train
41480,train
55650,train
45450,train
6483,train
2856,train
9932,train
64669,train
65135,train
825,train
69365,train
65364,train
40607,train
4534,train
23684,train
44442,train
15208,train
61031,train
33346,train
33033,train
33682,train
62065,train
34306,train
33773,train
57335,train
60233,train
44991,train
46296,train
35941,train
32818,train
28565,train
40752,train
48577,train
60514,train
3202,train
21582,train
65129,train
53186,train
48374,train
13640,train
61227,train
20162,train
14796,train
23926,train
13753,train
37647,train
70144,train
56929,train
15911,train
18070,train
21992,train
55695,train
68337,train
109,train
26980,train
38046,train
55753,train
6977,train
39047,train
44524,train
21950,train
70428,train
9114,train
10431,train
51563,train
41466,train
8726,train
16695,train
28218,train
32349,train
54840,train
38731,train
41670,train
62386,train
25379,train
46275,train
59139,train
15454,train
9585,train
18637,train
22892,train
58157,train
56411,train
21646,train
47330,train
46083,train
67058,train
32560,train
38523,train
60051,train
28132,train
11465,train
24284,train
40955,train
39551,train
41107,train
48071,train
7966,train
60668,train
57042,train
38176,train
36376,train
22763,train
64744,train
40015,train
12495,train
32064,train
53253,train
30066,train
31703,train
52934,train
51301,train
33702,train
16383,train
69991,train
34191,train
17340,train
36547,train
31363,train
43227,train
61715,train
35744,train
60254,train
33550,train
66429,train
8488,train
34685,train
66027,train
23963,train
10808,train
40398,train
58005,train
25970,train
9201,train
51278,train
70629,train
56758,train
59743,train
9860,train
69257,train
62853,train
38497,train
33383,train
52982,train
23568,train
1388,train
35908,train
30281,train
19671,train
3143,train
5208,train
20741,train
42215,train
5902,train
24401,train
30838,train
31133,train
62057,train
26569,train
30148,train
62559,train
37951,train
65964,train
43173,train
14966,train
51114,train
50846,train
27058,train
14946,train
2331,train
7669,train
56966,train
23582,train
908,train
28539,train
65436,train
40737,train
28714,train
56720,train
19371,train
40764,train
33483,train
394,train
8041,train
56952,train
11764,train
8789,train
69802,train
12592,train
44084,train
44044,train
11630,train
59999,train
70624,train
31634,train
23677,train
63244,train
60775,train
66018,train
61008,train
14275,train
57489,train
2248,train
22676,train
51413,train
5150,train
46611,train
67108,train
34411,train
11786,train
66365,train
51489,train
24726,train
17875,train
13248,train
13638,train
15145,train
9470,train
63163,train
50328,train
29867,train
46843,train
68211,train
58684,train
44562,train
27935,train
6947,train
26637,train
18861,train
69592,train
37794,train
64197,train
59467,train
15346,train
66154,train
493,train
33381,train
53165,train
23218,train
36928,train
29833,train
30188,train
51576,train
63109,train
37236,train
37225,train
8505,train
32255,train
24195,train
9954,train
57127,train
4784,train
48980,train
48766,train
56189,train
9213,train
50058,train
38014,train
59016,train
66655,train
3463,train
33599,train
5985,train
62816,train
60224,train
32749,train
48406,train
43535,train
30894,train
31792,train
58197,train
59452,train
50100,train
35090,train
34981,train
24476,train
2854,train
45161,train
43540,train
23137,train
16813,train
58435,train
20938,train
41372,train
8249,train
8557,train
33521,train
355,train
13670,train
25227,train
48385,train
29719,train
24611,train
26271,train
10319,train
25369,train
67011,train
52388,train
64650,train
18645,train
34776,train
27993,train
54140,train
52784,train
36835,train
69515,train
33410,train
14982,train
37740,train
67930,train
51926,train
27088,train
55170,train
65111,train
1493,train
42575,train
37215,train
45019,train
40370,train
53858,train
42253,train
21818,train
4028,train
43716,train
18077,train
30499,train
63871,train
61350,train
45736,train
70478,train
59431,train
62966,train
6286,train
60178,train
50697,train
31554,train
45562,train
62565,train
42362,train
16559,train
37984,train
12155,train
67639,train
8664,train
25516,train
29418,train
66613,train
34467,train
54315,train
53518,train
1500,train
30498,train
4610,train
62593,train
10557,train
1538,train
23001,train
18847,train
67186,train
50661,train
46536,train
8616,train
63485,train
20454,train
52013,train
45617,train
40271,train
59958,train
30238,train
20400,train
52763,train
35750,train
38544,train
45302,train
66820,train
23084,train
47269,train
43512,train
46073,train
47804,train
55075,train
50489,train
51401,train
39648,train
47382,train
50749,train
46692,train
16207,train
52305,train
23092,train
46768,train
61085,train
4505,train
56458,train
69583,train
37285,train
67837,train
55987,train
70187,train
44535,train
59387,train
58799,train
39535,train
70581,train
53482,train
21847,train
64316,train
60131,train
58532,train
69180,train
22735,train
35507,train
69160,train
30605,train
2928,train
42156,train
43744,train
61817,train
11217,train
1614,train
25537,train
16891,train
59974,train
2116,train
61989,train
7887,train
34126,train
52724,train
6685,train
3043,train
3175,train
26752,train
47165,train
63921,train
35818,train
24595,train
14955,train
33083,train
37005,train
39278,train
38493,train
48925,train
3809,train
70114,train
1608,train
25139,train
27279,train
31479,train
49540,train
67761,train
51064,train
50578,train
53472,train
49900,train
20830,train
35166,train
13561,train
37319,train
39481,train
66978,train
31728,train
37299,train
29995,train
34759,train
54276,train
33962,train
70164,train
44067,train
40694,train
5631,train
44604,train
5421,train
42006,train
14065,train
62886,train
53087,train
70265,train
17394,train
37958,train
17214,train
56309,train
27245,train
14698,train
19279,train
44278,train
38487,train
45412,train
54378,train
70023,train
31613,train
3405,train
25403,train
25195,train
8276,train
26355,train
3563,train
46711,train
69358,train
37385,train
1933,train
32874,train
5896,train
6330,train
50459,train
6239,train
51233,train
2635,train
30647,train
63420,train
60140,train
15083,train
70586,train
54272,train
65315,train
42295,train
43941,train
2341,train
62398,train
26172,train
14130,train
28949,train
60750,train
178,train
55350,train
58278,train
7311,train
3682,train
50183,train
24059,train
34438,train
41479,train
58353,train
10034,train
14062,train
9964,train
58790,train
13018,train
59826,train
35154,train
6797,train
1216,train
30144,train
4094,train
40233,train
21142,train
60508,train
2559,train
24703,train
35591,train
52977,train
1089,train
68433,train
23992,train
20743,train
28251,train
64040,train
35150,train
61960,train
35053,train
29866,train
53698,train
3451,train
28035,train
49716,train
64396,train
27255,train
8481,train
22196,train
15397,train
39411,train
202,train
3182,train
67078,train
49441,train
6117,train
8038,train
9030,train
48875,train
9460,train
10189,train
60795,train
42345,train
42071,train
37362,train
23015,train
41657,train
52687,train
1231,train
63559,train
49754,train
44699,train
8842,train
33903,train
46749,train
47399,train
69276,train
60825,train
11402,train
35977,train
31271,train
43202,train
67250,train
58972,train
68315,train
24842,train
27170,train
70462,train
38925,train
55070,train
69283,train
53294,train
60815,train
56627,train
65073,train
41245,train
22421,train
63414,train
50360,train
70397,train
60389,train
53751,train
12333,train
44629,train
14528,train
34369,train
41214,train
37130,train
69445,train
57134,train
45873,train
45899,train
15200,train
52880,train
2710,train
62889,train
50272,train
26489,train
29654,train
23495,train
52998,train
23344,train
4488,train
36794,train
46886,train
22266,train
31841,train
43922,train
66375,train
64959,train
58617,train
4568,train
18395,train
26266,train
13404,train
6240,train
53966,train
42122,train
61924,train
47039,train
28572,train
52196,train
55871,train
42353,train
44396,train
54232,train
7413,train
42403,train
50276,train
13687,train
23928,train
10333,train
7758,train
25425,train
69533,train
48734,train
29351,train
21940,train
54660,train
33705,train
18410,train
53882,train
10469,train
28635,train
66388,train
11214,train
16495,train
22496,train
56173,train
49639,train
31896,train
10000,train
35138,train
10151,train
28310,train
11259,train
51328,train
69839,train
61260,train
9122,train
39432,train
48333,train
8308,train
10105,train
56165,train
66610,train
61802,train
7652,train
3546,train
37116,train
36626,train
55780,train
47328,train
11818,train
3128,train
37604,train
38856,train
18348,train
19055,train
45779,train
19784,train
1807,train
46501,train
41087,train
5280,train
36922,train
27577,train
49836,train
1984,train
34511,train
64919,train
6740,train
1016,train
16776,train
3402,train
48036,train
24305,train
66814,train
70312,train
11406,train
18810,train
65753,train
14577,train
51658,train
51320,train
50046,train
52829,train
33851,train
13393,train
32529,train
35690,train
41191,train
19248,train
21232,train
21196,train
15593,train
14060,train
34368,train
29984,train
35850,train
21698,train
68822,train
59952,train
27977,train
17200,train
63383,train
70408,train
58995,train
17170,train
33708,train
69558,train
24116,train
66569,train
38419,train
6993,train
57698,train
50484,train
24604,train
66775,train
44591,train
37537,train
39049,train
56302,train
9614,train
18760,train
22238,train
6392,train
48926,train
44038,train
45939,train
17401,train
19790,train
5799,train
35694,train
64672,train
4950,train
18387,train
39527,train
61696,train
56279,train
61526,train
9731,train
12597,train
10824,train
33064,train
25607,train
32466,train
23445,train
69815,train
7905,train
45093,train
45703,train
49256,train
22391,train
11439,train
47273,train
69601,train
207,train
36782,train
45740,train
6135,train
32063,train
64030,train
68755,train
4337,train
28006,train
3887,train
54104,train
58012,train
16651,train
10530,train
23676,train
33487,train
54459,train
35958,train
12540,train
2081,train
32606,train
56873,train
10070,train
51631,train
30069,train
37627,train
5660,train
31865,train
13141,train
37697,train
52128,train
15764,train
33070,train
26754,train
14077,train
46557,train
44515,train
18597,train
27197,train
34692,train
6713,train
65322,train
60736,train
37473,train
18365,train
49190,train
28198,train
44660,train
27140,train
45900,train
30869,train
50524,train
19592,train
50745,train
13772,train
7876,train
16232,train
13306,train
25833,train
17642,train
38092,train
51240,train
41162,train
58224,train
44692,train
58058,train
58186,train
3531,train
64386,train
39666,train
38457,train
9455,train
67396,train
34076,train
6506,train
32869,train
5077,train
4604,train
19366,train
17556,train
63671,train
63583,train
45407,train
10692,train
36278,train
57699,train
29861,train
70342,train
29763,train
18225,train
6492,train
2825,train
23976,train
22092,train
50949,train
9761,train
7541,train
44180,train
11831,train
13699,train
55655,train
21584,train
20062,train
98,train
68469,train
34137,train
45828,train
19143,train
57524,train
59002,train
60666,train
49870,train
40008,train
31619,train
15805,train
42072,train
59729,train
49331,train
62202,train
47813,train
43256,train
48976,train
43212,train
29423,train
12872,train
44446,train
52745,train
18028,train
40086,train
61601,train
59356,train
24755,train
66148,train
14741,train
42786,train
33479,train
34353,train
21116,train
34376,train
62860,train
15195,train
6426,train
50788,train
9879,train
64050,train
9611,train
53312,train
21743,train
69386,train
45763,train
27535,train
50908,train
34689,train
45025,train
68140,train
23921,train
10950,train
4132,train
34567,train
59031,train
23008,train
37936,train
12622,train
55944,train
37256,train
30354,train
39112,train
63027,train
29795,train
37788,train
50346,train
26224,train
61211,train
5340,train
53412,train
14535,train
48714,train
49381,train
37212,train
36358,train
30622,train
5086,train
14954,train
50991,train
70369,train
60553,train
870,train
52163,train
35377,train
49887,train
51204,train
51706,train
47477,train
70460,train
23875,train
28959,train
56007,train
11532,train
29080,train
45446,train
516,train
21617,train
48207,train
36979,train
49524,train
11128,train
9186,train
68002,train
50319,train
26644,train
35743,train
20023,train
69594,train
66940,train
6786,train
30412,train
66710,train
68288,train
13603,train
56115,train
53725,train
14175,train
30561,train
56896,train
49610,train
14440,train
13991,train
8915,train
10987,train
6300,train
64206,train
64392,train
35064,train
42535,train
18901,train
60067,train
4309,train
1305,train
34775,train
820,train
19051,train
50726,train
49627,train
37727,train
44750,train
45403,train
34200,train
527,train
56304,train
58749,train
41963,train
7692,train
66396,train
46938,train
4969,train
46071,train
42799,train
3477,train
55454,train
52935,train
9263,train
37377,train
10655,train
50266,train
53635,train
65100,train
43391,train
22645,train
20968,train
1350,train
56563,train
12853,train
54422,train
39143,train
54512,train
64493,train
54047,train
27497,train
62134,train
10212,train
46231,train
60085,train
4304,train
32507,train
7817,train
53608,train
12859,train
57496,train
30823,train
5112,train
35574,train
17459,train
28852,train
28968,train
17605,train
3295,train
41377,train
48721,train
33873,train
59996,train
14109,train
39097,train
44486,train
52482,train
44263,train
17570,train
40654,train
38927,train
63775,train
48362,train
6016,train
21932,train
64937,train
24448,train
63622,train
46907,train
61323,train
4165,train
46996,train
23065,train
48617,train
21885,train
45538,train
66290,train
63529,train
579,train
28720,train
48543,train
62623,train
20576,train
51024,train
23584,train
4731,train
36462,train
30948,train
45261,train
20305,train
62913,train
39464,train
21814,train
46943,train
608,train
1169,train
26614,train
40106,train
26304,train
46143,train
18762,train
8128,train
8345,train
9124,train
33533,train
28365,train
58099,train
745,train
6638,train
34080,train
6823,train
21573,train
18440,train
58876,train
33242,train
27638,train
4854,train
50388,train
37049,train
4824,train
42682,train
10627,train
29615,train
57793,train
57309,train
11253,train
50475,train
41614,train
29469,train
21072,train
18939,train
62038,train
31392,train
7127,train
41815,train
13520,train
47316,train
66797,train
6672,train
5041,train
6397,train
49207,train
37816,train
10810,train
38223,train
42563,train
9842,train
63773,train
46652,train
63896,train
51678,train
26097,train
34270,train
9281,train
32054,train
57275,train
50714,train
7270,train
27991,train
48224,train
66824,train
16418,train
57426,train
28174,train
68392,train
26750,train
38452,train
58541,train
13145,train
60695,train
15506,train
10892,train
27827,train
35608,train
1050,train
21639,train
32594,train
52447,train
63155,train
13667,train
10344,train
69673,train
41160,train
23764,train
58014,train
1292,train
65239,train
47300,train
11230,train
64583,train
64781,train
14764,train
29235,train
31451,train
24975,train
7752,train
51408,train
9528,train
57455,train
52299,train
27721,train
29673,train
12319,train
461,train
55644,train
44592,train
48750,train
69226,train
57908,train
6323,train
24570,train
45891,train
63841,train
5336,train
59478,train
64311,train
3909,train
51508,train
48609,train
40518,train
38933,train
36926,train
37040,train
63439,train
50394,train
65927,train
49973,train
54,train
8251,train
69495,train
62666,train
42486,train
47110,train
63286,train
31188,train
6089,train
36559,train
27708,train
19160,train
65982,train
57877,train
54871,train
36100,train
52160,train
30901,train
26279,train
64381,train
17162,train
60641,train
36845,train
15994,train
63115,train
50041,train
9082,train
7956,train
68035,train
65023,train
44964,train
45342,train
64379,train
39451,train
57270,train
31656,train
27563,train
60306,train
35662,train
39210,train
47268,train
1298,train
28204,train
68727,train
9796,train
53590,train
3932,train
750,train
56951,train
22186,train
32250,train
52365,train
65396,train
17177,train
32901,train
26772,train
53742,train
38067,train
25801,train
734,train
29472,train
33711,train
45414,train
68780,train
43095,train
58659,train
54654,train
27041,train
58560,train
37340,train
53088,train
67529,train
5267,train
55159,train
65566,train
43215,train
9578,train
845,train
25152,train
28165,train
52017,train
29730,train
58674,train
36940,train
52318,train
20447,train
32730,train
53339,train
35746,train
60378,train
10001,train
3250,train
14122,train
30208,train
7837,train
28335,train
6757,train
11165,train
65133,train
51111,train
31023,train
40822,train
15489,train
57184,train
40760,train
70537,train
42656,train
70350,train
41970,train
7874,train
48284,train
24802,train
48814,train
4081,train
68012,train
4317,train
53252,train
15103,train
9323,train
5845,train
8160,train
38722,train
56551,train
13864,train
42933,train
51425,train
33066,train
29315,train
67594,train
23480,train
51382,train
18646,train
51206,train
5579,train
61256,train
49994,train
59041,train
17725,train
36916,train
37729,train
6534,train
56487,train
30973,train
64256,train
2930,train
60380,train
8920,train
55526,train
61591,train
61944,train
65370,train
7503,train
31870,train
27407,train
55253,train
40506,train
49165,train
5813,train
34108,train
34031,train
48871,train
13697,train
57067,train
63406,train
16714,train
1549,train
66881,train
35114,train
26315,train
3514,train
41905,train
64994,train
15204,train
2042,train
6194,train
27914,train
8350,train
31716,train
38546,train
51741,train
13383,train
9029,train
57610,train
66421,train
13254,train
62946,train
56167,train
29894,train
68209,train
23134,train
14378,train
15865,train
30429,train
10913,train
16073,train
30664,train
30728,train
37442,train
1053,train
52663,train
24461,train
9393,train
33271,train
60495,train
26621,train
38823,train
2426,train
23629,train
31421,train
50686,train
56199,train
8106,train
59525,train
3227,train
25350,train
30834,train
45013,train
21001,train
44997,train
61181,train
32772,train
36600,train
14688,train
250,train
25795,train
10134,train
68931,train
20960,train
45942,train
58427,train
15699,train
6992,train
45467,train
17060,train
9018,train
60478,train
39281,train
35014,train
33094,train
15307,train
2112,train
7480,train
11298,train
61025,train
49985,train
49792,train
50693,train
10176,train
19570,train
48638,train
22048,train
46702,train
9848,train
25054,train
65451,train
67373,train
33274,train
5433,train
52047,train
59377,train
30748,train
30225,train
12812,train
7957,train
54739,train
70215,train
52651,train
62741,train
718,train
16115,train
53547,train
63564,train
61308,train
55638,train
62628,train
42434,train
17476,train
60392,train
63615,train
47047,train
27738,train
46620,train
12248,train
9038,train
48349,train
9373,train
53478,train
18450,train
58043,train
57799,train
434,train
31166,train
5090,train
24592,train
46411,train
42793,train
69029,train
14941,train
27109,train
46590,train
56156,train
52941,train
42900,train
56359,train
3222,train
54528,train
53933,train
67653,train
64850,train
2317,train
9194,train
6489,train
69103,train
28164,train
44587,train
32764,train
5078,train
53946,train
25983,train
64215,train
36374,train
20545,train
14899,train
58751,train
70370,train
65561,train
67249,train
23278,train
23752,train
22793,train
3018,train
40486,train
54274,train
36210,train
5917,train
2828,train
28938,train
15160,train
18770,train
38446,train
51354,train
67221,train
20507,train
39386,train
1085,train
40839,train
33641,train
43318,train
8546,train
50069,train
23819,train
59310,train
9001,train
34808,train
59510,train
44434,train
7322,train
44832,train
38966,train
42566,train
11466,train
1674,train
46949,train
24884,train
27135,train
49753,train
21647,train
67839,train
44608,train
23162,train
5171,train
8419,train
6950,train
20114,train
31177,train
44481,train
48571,train
52826,train
4835,train
53118,train
23967,train
19774,train
34933,train
48596,train
62446,train
18825,train
8886,train
13792,train
1171,train
8137,train
48195,train
50996,train
15092,train
55905,train
43185,train
64851,train
42615,train
49093,train
15263,train
52363,train
51867,train
58451,train
32521,train
58437,train
56725,train
12519,train
12242,train
53868,train
29781,train
54614,train
49382,train
64101,train
30315,train
40313,train
5791,train
58152,train
35675,train
12528,train
56703,train
46089,train
66340,train
20508,train
58201,train
15819,train
40720,train
25050,train
22070,train
36931,train
16194,train
8031,train
15756,train
30643,train
42230,train
13297,train
54428,train
9294,train
11462,train
65620,train
392,train
39170,train
3515,train
69174,train
62984,train
57948,train
40826,train
19566,train
38659,train
2107,train
37462,train
12263,train
66811,train
26416,train
35413,train
29554,train
44531,train
55064,train
25992,train
32631,train
6991,train
64085,train
17790,train
6110,train
69033,train
30361,train
63018,train
20339,train
48150,train
52505,train
66932,train
35607,train
16754,train
53951,train
63254,train
40042,train
70477,train
8646,train
11066,train
28231,train
8801,train
37946,train
47076,train
13550,train
39408,train
43990,train
58448,train
5302,train
32395,train
70468,train
16339,train
49115,train
44726,train
11514,train
14556,train
3520,train
26059,train
36885,train
25729,train
52400,train
20194,train
9588,train
39815,train
47398,train
49279,train
49747,train
68310,train
66578,train
38008,train
69685,train
62269,train
54305,train
25996,train
12235,train
13886,train
56888,train
60278,train
14504,train
39149,train
48850,train
7606,train
48799,train
7886,train
18547,train
44857,train
43549,train
46018,train
33938,train
14381,train
60329,train
56671,train
11937,train
39462,train
8663,train
62254,train
18032,train
3919,train
54038,train
2000,train
56488,train
19644,train
4565,train
38464,train
52886,train
52953,train
32731,train
39783,train
46038,train
8743,train
6615,train
18500,train
37891,train
47366,train
57156,train
52262,train
61161,train
15771,train
14458,train
68360,train
1331,train
26256,train
564,train
15131,train
22230,train
33809,train
59839,train
53039,train
45317,train
2541,train
40049,train
22825,train
39248,train
44264,train
37808,train
39214,train
46830,train
19063,train
68775,train
31978,train
16088,train
39020,train
40890,train
12529,train
31242,train
40059,train
11539,train
69900,train
25164,train
67502,train
5278,train
48548,train
60584,train
67340,train
19321,train
38592,train
58888,train
28178,train
48532,train
34176,train
9637,train
56162,train
31192,train
69432,train
47484,train
45531,train
8518,train
1930,train
53506,train
20633,train
58035,train
4577,train
67344,train
21855,train
34514,train
37117,train
47423,train
64696,train
33009,train
49251,train
47687,train
23903,train
25604,train
33309,train
66591,train
24422,train
5802,train
33394,train
33081,train
34556,train
52553,train
48812,train
10179,train
18596,train
25956,train
25310,train
40608,train
39141,train
11136,train
50461,train
59417,train
33772,train
34738,train
21729,train
61641,train
4573,train
5662,train
52387,train
52192,train
38525,train
13512,train
22531,train
47496,train
54775,train
59167,train
32389,train
53316,train
39153,train
18345,train
6683,train
35436,train
29873,train
18864,train
40488,train
30983,train
34784,train
48600,train
62141,train
52302,train
5361,train
22991,train
278,train
45914,train
54820,train
66671,train
10773,train
19220,train
47057,train
33340,train
16945,train
64970,train
48910,train
10380,train
17541,train
322,train
30606,train
14217,train
19732,train
63156,train
25343,train
22724,train
59003,train
7378,train
63688,train
68884,train
51555,train
12173,train
11405,train
19208,train
7914,train
44969,train
10823,train
54507,train
24455,train
40704,train
39171,train
4180,train
22517,train
51234,train
11847,train
69830,train
6342,train
66382,train
30375,train
25563,train
60270,train
61340,train
45180,train
67027,train
24988,train
53995,train
25605,train
53655,train
62647,train
58901,train
33995,train
9046,train
2456,train
3651,train
46007,train
24291,train
58596,train
58727,train
6702,train
30293,train
2188,train
42609,train
14921,train
46541,train
1994,train
46149,train
25941,train
58644,train
67495,train
14983,train
63617,train
10904,train
21712,train
17238,train
34800,train
58388,train
36719,train
42302,train
32621,train
2182,train
35728,train
57361,train
3239,train
9307,train
48087,train
68888,train
37209,train
57930,train
39878,train
53768,train
34564,train
54018,train
3844,train
65256,train
7123,train
50559,train
47994,train
13665,train
35819,train
15132,train
69584,train
1804,train
18083,train
42186,train
33216,train
49376,train
15998,train
46569,train
13341,train
66015,train
61130,train
8941,train
21887,train
69794,train
57320,train
25211,train
52421,train
9661,train
8572,train
8027,train
47625,train
55178,train
14503,train
38434,train
33269,train
1334,train
34991,train
50071,train
41547,train
40399,train
23919,train
33416,train
62124,train
47474,train
60244,train
2960,train
69725,train
60259,train
1252,train
19651,train
3234,train
38430,train
61714,train
15787,train
43802,train
54412,train
61441,train
3374,train
55784,train
7158,train
54717,train
60415,train
26567,train
23228,train
37569,train
52540,train
59036,train
59904,train
16279,train
46172,train
69296,train
46651,train
41278,train
64927,train
34541,train
45747,train
25274,train
35740,train
3134,train
11906,train
8917,train
43810,train
62041,train
20154,train
16299,train
58711,train
39668,train
36118,train
59458,train
12143,train
49777,train
15494,train
56885,train
27873,train
12002,train
40981,train
17942,train
65092,train
54953,train
51360,train
43796,train
36803,train
57298,train
7083,train
66588,train
24555,train
28502,train
26600,train
29412,train
70388,train
12541,train
6543,train
13889,train
6745,train
2159,train
51761,train
50586,train
34418,train
24889,train
52067,train
23997,train
37673,train
42526,train
16889,train
24997,train
55077,train
21864,train
65678,train
54546,train
36861,train
4072,train
37445,train
23656,train
59644,train
31881,train
16591,train
42557,train
46131,train
7339,train
1337,train
26138,train
22456,train
58788,train
59052,train
29830,train
6738,train
30994,train
29812,train
57172,train
18698,train
66966,train
57014,train
2268,train
62933,train
67483,train
8440,train
640,train
45952,train
44732,train
53781,train
55000,train
20998,train
40611,train
45383,train
52068,train
61149,train
50373,train
42762,train
64548,train
13421,train
58474,train
64138,train
12862,train
66664,train
69419,train
31785,train
7328,train
70222,train
55423,train
34782,train
5601,train
70415,train
41080,train
34711,train
66316,train
32264,train
15282,train
20104,train
2851,train
23789,train
22109,train
46543,train
51877,train
26498,train
56438,train
42226,train
19685,train
15589,train
17284,train
18575,train
4598,train
37516,train
25448,train
50034,train
22067,train
31234,train
4998,train
1160,train
22618,train
53325,train
33985,train
3378,train
11598,train
23103,train
36800,train
23843,train
38962,train
6229,train
30981,train
42753,train
26757,train
35756,train
28040,train
31759,train
66833,train
40539,train
32723,train
20111,train
9693,train
38726,train
25741,train
60893,train
16684,train
32180,train
23241,train
41710,train
33172,train
8535,train
33287,train
22290,train
27568,train
22771,train
10110,train
1722,train
14134,train
60412,train
54033,train
63560,train
16411,train
807,train
43859,train
27963,train
49719,train
42574,train
56659,train
47138,train
53915,train
54531,train
47172,train
17193,train
25614,train
63134,train
30876,train
33597,train
1891,train
51191,train
21055,train
4458,train
33516,train
67462,train
34841,train
23263,train
18843,train
15122,train
44979,train
4923,train
30799,train
18776,train
17928,train
44806,train
24702,train
56052,train
40695,train
25535,train
53916,train
44429,train
68896,train
40810,train
15545,train
24549,train
8401,train
744,train
25118,train
9698,train
66977,train
5817,train
42000,train
45167,train
43335,train
45818,train
38047,train
6364,train
17874,train
9795,train
18560,train
23984,train
11020,train
10428,train
1330,train
32109,train
11425,train
39056,train
37853,train
19227,train
10756,train
68164,train
24178,train
11535,train
55217,train
56746,train
24458,train
26702,train
44572,train
32494,train
12418,train
63946,train
25766,train
40597,train
20529,train
34721,train
19841,train
59040,train
46315,train
56538,train
52052,train
59741,train
17112,train
26739,train
59188,train
3808,train
15829,train
11700,train
60901,train
21410,train
64618,train
28512,train
34102,train
47434,train
26393,train
57966,train
44229,train
92,train
50040,train
37110,train
63670,train
18034,train
53838,train
64045,train
31513,train
33180,train
33082,train
45064,train
30129,train
41389,train
10831,train
23532,train
32117,train
70032,train
31248,train
11961,train
32373,train
22948,train
66722,train
12793,train
68407,train
9886,train
23795,train
61,train
59129,train
12003,train
52439,train
63492,train
61163,train
30636,train
49700,train
66704,train
15197,train
13920,train
26656,train
19613,train
55618,train
48140,train
13205,train
38426,train
36043,train
15804,train
2703,train
31292,train
58983,train
49101,train
23738,train
32446,train
45465,train
31811,train
33687,train
61337,train
61004,train
47401,train
39664,train
26627,train
68321,train
35654,train
27495,train
32082,train
5782,train
1097,train
52392,train
38634,train
19430,train
13723,train
37278,train
31049,train
2415,train
55080,train
56074,train
65849,train
7664,train
67880,train
16137,train
49216,train
36952,train
24302,train
69620,train
63752,train
28732,train
53308,train
8925,train
69948,train
7154,train
9087,train
58518,train
56907,train
4229,train
55215,train
43465,train
25290,train
6567,train
65082,train
13967,train
2445,train
1949,train
54440,train
58120,train
10537,train
46194,train
20758,train
49558,train
20308,train
30164,train
55448,train
29409,train
45981,train
55365,train
52383,train
10996,train
40442,train
13151,train
24028,train
34416,train
47943,train
34000,train
23769,train
50761,train
37291,train
56967,train
49791,train
69914,train
31536,train
65241,train
30936,train
53331,train
61232,train
52762,train
25591,train
34110,train
7121,train
27731,train
13443,train
4410,train
31738,train
64411,train
46242,train
35309,train
8331,train
40048,train
61160,train
18932,train
35159,train
11407,train
68262,train
25599,train
52425,train
58978,train
63136,train
4980,train
69724,train
21913,train
53690,train
12392,train
65799,train
54188,train
62821,train
65094,train
50565,train
12570,train
18572,train
20335,train
13298,train
15418,train
70427,train
37889,train
14497,train
19481,train
64892,train
10322,train
20587,train
53952,train
25480,train
56345,train
65230,train
61063,train
4396,train
11743,train
60561,train
8338,train
65232,train
32573,train
54168,train
21446,train
11542,train
15926,train
10837,train
29691,train
16152,train
47633,train
67732,train
19176,train
37861,train
20622,train
29606,train
12381,train
3340,train
32415,train
43925,train
40210,train
69697,train
4442,train
56783,train
45632,train
63210,train
51319,train
32977,train
19534,train
43177,train
15752,train
50416,train
67875,train
43121,train
57456,train
29635,train
1822,train
14637,train
25111,train
69126,train
11162,train
18581,train
40470,train
52026,train
34609,train
28331,train
38836,train
61204,train
60020,train
3071,train
69817,train
9267,train
52746,train
23536,train
4256,train
42720,train
49102,train
54503,train
32784,train
2394,train
57584,train
43863,train
23518,train
68000,train
54111,train
56537,train
13610,train
49983,train
39253,train
38916,train
28203,train
61511,train
46634,train
36455,train
22211,train
15082,train
64357,train
48290,train
37860,train
1912,train
41010,train
60574,train
1043,train
6389,train
27692,train
17210,train
54457,train
31758,train
14810,train
40389,train
60870,train
24514,train
18250,train
29023,train
23081,train
43244,train
27660,train
10792,train
36736,train
16729,train
17365,train
1595,train
53296,train
64189,train
15374,train
12643,train
37298,train
4857,train
38859,train
22630,train
25297,train
17141,train
39295,train
7163,train
57197,train
19846,train
44603,train
20049,train
41473,train
67504,train
21526,train
46954,train
70401,train
12114,train
64270,train
972,train
8006,train
49737,train
42436,train
61740,train
53061,train
18693,train
41163,train
14054,train
63551,train
7292,train
24071,train
38436,train
36804,train
34377,train
59920,train
70667,train
58398,train
67816,train
13426,train
19739,train
27971,train
30844,train
12564,train
69132,train
40700,train
32855,train
43603,train
18859,train
60222,train
52876,train
57733,train
33423,train
1749,train
3603,train
62608,train
62163,train
3674,train
33909,train
51272,train
23060,train
42966,train
10487,train
46393,train
24567,train
28650,train
66557,train
6306,train
66815,train
37900,train
32435,train
41418,train
66298,train
38982,train
52105,train
38502,train
7852,train
63488,train
52601,train
29776,train
22167,train
7975,train
36955,train
35672,train
9812,train
61242,train
13400,train
39157,train
10371,train
69861,train
661,train
3016,train
30547,train
45464,train
9070,train
23281,train
55646,train
37055,train
67587,train
28401,train
68885,train
22768,train
58924,train
40666,train
18694,train
16227,train
51363,train
2010,train
18298,train
60740,train
21524,train
41138,train
23721,train
65876,train
6606,train
62649,train
63430,train
56419,train
3492,train
69144,train
17635,train
11709,train
29952,train
60875,train
21840,train
17437,train
55202,train
45815,train
17610,train
35485,train
9929,train
46394,train
57836,train
65940,train
59037,train
12313,train
62052,train
7032,train
23671,train
476,train
39597,train
2387,train
14783,train
1067,train
63336,train
45460,train
34905,train
15153,train
53618,train
24718,train
68875,train
52089,train
52782,train
31650,train
53386,train
32664,train
57457,train
25158,train
61776,train
54795,train
946,train
30591,train
41211,train
25410,train
2671,train
68242,train
47118,train
10146,train
48620,train
23957,train
69770,train
50159,train
32493,train
57230,train
32602,train
48387,train
29526,train
5574,train
33496,train
27480,train
55779,train
30166,train
70384,train
20868,train
48670,train
30735,train
10230,train
30135,train
44288,train
53197,train
29310,train
17910,train
68978,train
46618,train
45576,train
32106,train
13327,train
35049,train
33497,train
68982,train
45444,train
49084,train
9388,train
5713,train
24677,train
7788,train
70255,train
12762,train
17980,train
15706,train
34217,train
17488,train
30117,train
62059,train
69566,train
56505,train
37203,train
1969,train
27819,train
42435,train
33897,train
31306,train
29127,train
54301,train
53564,train
61185,train
16751,train
52036,train
228,train
6705,train
39633,train
18806,train
203,train
60656,train
68694,train
28575,train
14418,train
47131,train
48557,train
52509,train
53162,train
185,train
57106,train
40372,train
48746,train
57923,train
12856,train
67948,train
39653,train
11375,train
68815,train
8389,train
16122,train
20861,train
45085,train
11258,train
2718,train
9110,train
18591,train
63060,train
43569,train
69450,train
1923,train
63204,train
1812,train
55936,train
26283,train
10607,train
34669,train
50519,train
16111,train
59091,train
48692,train
52717,train
31633,train
68205,train
61941,train
68930,train
35804,train
45150,train
23444,train
45550,train
65724,train
41100,train
47820,train
27646,train
34816,train
59304,train
19038,train
42004,train
8012,train
7544,train
9331,train
58685,train
30944,train
37895,train
44625,train
63971,train
12053,train
49117,train
43824,train
67708,train
62849,train
26153,train
3941,train
39963,train
22072,train
41624,train
67379,train
25525,train
9199,train
49200,train
32666,train
45860,train
69838,train
18512,train
48686,train
7757,train
43164,train
56916,train
67684,train
38337,train
5961,train
5685,train
31468,train
69350,train
65449,train
37413,train
50469,train
6765,train
21302,train
64407,train
31502,train
28232,train
7735,train
63717,train
2141,train
66073,train
2154,train
20799,train
25394,train
56329,train
62629,train
24601,train
44046,train
56820,train
5383,train
30094,train
63073,train
59854,train
69302,train
69858,train
14643,train
56351,train
41356,train
61395,train
20693,train
11794,train
45573,train
5765,train
39988,train
19624,train
57568,train
21527,train
10721,train
23121,train
57881,train
19334,train
62659,train
46171,train
24639,train
52736,train
4757,train
63933,train
30363,train
11311,train
42554,train
42994,train
17430,train
35556,train
31915,train
63183,train
8210,train
25013,train
6908,train
27253,train
17398,train
25844,train
31474,train
3547,train
68222,train
32071,train
57087,train
38287,train
387,train
38126,train
53762,train
66061,train
49840,train
1955,train
25409,train
24667,train
63907,train
8926,train
70644,train
5803,train
60075,train
62660,train
9152,train
26705,train
46772,train
36986,train
35234,train
6771,train
11319,train
65728,train
36015,train
44763,train
59138,train
37464,train
8747,train
62509,train
8231,train
28357,train
17660,train
31257,train
16918,train
17124,train
54203,train
44939,train
44256,train
44402,train
25823,train
22356,train
40738,train
20135,train
9478,train
29208,train
47426,train
3744,train
48165,train
37988,train
31346,train
47710,train
30710,train
43969,train
42953,train
62807,train
19853,train
12211,train
19099,train
3097,train
23458,train
69217,train
19092,train
3961,train
12508,train
27090,train
229,train
16307,train
22182,train
55589,train
47364,train
41472,train
45936,train
48332,train
7463,train
22156,train
12393,train
68892,train
35247,train
6220,train
5657,train
31920,train
60428,train
14238,train
51437,train
49360,train
10259,train
47259,train
42131,train
17830,train
677,train
10981,train
24113,train
59843,train
32822,train
34858,train
152,train
16578,train
6152,train
45950,train
54728,train
64862,train
63686,train
13672,train
36788,train
9258,train
15433,train
41595,train
41937,train
7883,train
39856,train
15371,train
22219,train
53433,train
17268,train
62764,train
29964,train
14158,train
22457,train
4849,train
38135,train
36508,train
52134,train
20930,train
66907,train
20793,train
54573,train
49271,train
37322,train
29353,train
45931,train
38919,train
34918,train
62205,train
33113,train
11377,train
41230,train
8379,train
13567,train
65159,train
63883,train
4725,train
24303,train
48991,train
29256,train
8466,train
12576,train
62190,train
58745,train
26152,train
40923,train
23231,train
25426,train
1152,train
26322,train
56706,train
3094,train
48127,train
27958,train
13580,train
5576,train
29511,train
26316,train
6917,train
51379,train
16394,train
40308,train
54606,train
49121,train
1856,train
67201,train
35821,train
465,train
37028,train
10363,train
64115,train
54239,train
34767,train
22312,train
48485,train
70346,train
15266,train
17608,train
64676,train
44856,train
5264,train
30083,train
5553,train
18772,train
12548,train
9858,train
70141,train
57616,train
63035,train
16236,train
18833,train
24875,train
26556,train
26728,train
28969,train
17012,train
56376,train
60226,train
13108,train
20583,train
58815,train
43937,train
60191,train
46019,train
58671,train
64436,train
45046,train
40975,train
14475,train
19623,train
27466,train
49253,train
30400,train
38307,train
35479,train
2814,train
35346,train
13911,train
21454,train
4918,train
64288,train
6289,train
25777,train
51402,train
45530,train
22327,train
52844,train
667,train
27517,train
69010,train
38271,train
37507,train
3933,train
60882,train
5000,train
28871,train
67248,train
32214,train
39390,train
7654,train
58869,train
64461,train
61933,train
62335,train
16080,train
43406,train
11554,train
19002,train
42053,train
58446,train
52155,train
57632,train
27401,train
45812,train
52584,train
39489,train
66406,train
67345,train
24827,train
66435,train
53218,train
47035,train
38346,train
20096,train
60930,train
1781,train
23730,train
39971,train
28677,train
7900,train
10038,train
13234,train
41334,train
35153,train
48317,train
22849,train
21400,train
56587,train
40030,train
61359,train
17107,train
63566,train
7215,train
52273,train
65369,train
64464,train
61794,train
68045,train
52854,train
60105,train
36129,train
16964,train
18299,train
49506,train
31101,train
40440,train
10875,train
54193,train
54303,train
57469,train
47598,train
11347,train
6951,train
23898,train
17277,train
19743,train
44619,train
25551,train
4715,train
21757,train
63744,train
28440,train
61704,train
21324,train
46773,train
15002,train
55781,train
14599,train
61710,train
55247,train
59849,train
62482,train
28658,train
23323,train
59776,train
24512,train
59269,train
12396,train
26250,train
51345,train
53508,train
10003,train
11123,train
7373,train
16927,train
40698,train
18519,train
18049,train
49739,train
4803,train
50888,train
47663,train
2517,train
35949,train
50156,train
3066,train
58161,train
70154,train
34642,train
17773,train
67028,train
26990,train
7363,train
14333,train
55346,train
36272,train
30185,train
35603,train
3621,train
27536,train
36567,train
41629,train
46090,train
11814,train
31651,train
2967,train
8388,train
37491,train
29696,train
65386,train
11978,train
29671,train
47194,train
19851,train
47308,train
5068,train
747,train
62364,train
61077,train
4498,train
62618,train
68087,train
28100,train
68505,train
18824,train
9800,train
56531,train
68202,train
42829,train
15004,train
49750,train
13714,train
37711,train
33226,train
31432,train
646,train
10844,train
4346,train
38173,train
15760,train
20548,train
14656,train
39280,train
1651,train
2203,train
56034,train
3816,train
51734,train
55052,train
20637,train
1693,train
70053,train
32053,train
65804,train
1620,train
44346,train
15673,train
63725,train
5265,train
64521,train
39075,train
61739,train
27066,train
47607,train
42896,train
19479,train
52872,train
40712,train
15975,train
37765,train
55096,train
50493,train
3297,train
57806,train
29799,train
28380,train
57816,train
17782,train
7149,train
14349,train
15849,train
10895,train
64359,train
576,train
12527,train
34248,train
11232,train
46674,train
4253,train
34598,train
10203,train
35975,train
20871,train
61449,train
48678,train
5387,train
13539,train
31054,train
60193,train
9337,train
20131,train
30896,train
54724,train
13949,train
60745,train
40441,train
12733,train
41017,train
38734,train
32211,train
67939,train
20990,train
69036,train
62235,train
16033,train
12227,train
11199,train
62641,train
6065,train
8126,train
39863,train
56394,train
15839,train
11607,train
9746,train
43433,train
5082,train
48019,train
6838,train
26629,train
15189,train
52174,train
55697,train
17436,train
55821,train
28120,train
59653,train
22717,train
53494,train
66821,train
38824,train
14006,train
10686,train
67144,train
34246,train
55993,train
26641,train
19201,train
51156,train
67831,train
46574,train
1056,train
2512,train
46009,train
64181,train
57870,train
18215,train
642,train
50795,train
36302,train
16001,train
18636,train
51060,train
27105,train
24848,train
61102,train
12016,train
32433,train
41859,train
64863,train
26233,train
27007,train
51404,train
27755,train
65925,train
33190,train
51593,train
68367,train
21230,train
49687,train
22256,train
47521,train
30898,train
60823,train
51790,train
3931,train
46971,train
61711,train
12109,train
29557,train
21626,train
51688,train
15568,train
64292,train
64940,train
59831,train
32410,train
61993,train
27784,train
14848,train
48121,train
33017,train
5534,train
16362,train
52211,train
58039,train
48671,train
29556,train
12472,train
1628,train
9640,train
8441,train
45868,train
39580,train
65209,train
7306,train
28796,train
49584,train
41379,train
12237,train
2350,train
30856,train
54703,train
44194,train
49129,train
18115,train
141,train
68290,train
42420,train
30931,train
14297,train
48917,train
60409,train
31063,train
60978,train
9111,train
45275,train
13037,train
66318,train
10005,train
14699,train
24426,train
61820,train
19796,train
8399,train
51716,train
55800,train
43129,train
2685,train
43078,train
35473,train
11864,train
2260,train
28128,train
1616,train
1432,train
39701,train
9146,train
8850,train
35985,train
40268,train
64284,train
38024,train
3149,train
17245,train
1375,train
53924,train
61642,train
20017,train
32291,train
34150,train
66853,train
68887,train
11175,train
57358,train
19932,train
1384,train
60597,train
68239,train
62729,train
2889,train
42795,train
23770,train
51996,train
31221,train
43732,train
22476,train
3064,train
29231,train
21553,train
10321,train
24249,train
5042,train
42676,train
62251,train
33756,train
13100,train
15833,train
10173,train
49694,train
62761,train
21985,train
49183,train
17068,train
56787,train
64750,train
55087,train
13861,train
29091,train
58259,train
24532,train
50754,train
25324,train
63824,train
16171,train
68451,train
18705,train
5742,train
48307,train
29961,train
9332,train
55810,train
50925,train
15773,train
21091,train
6984,train
69263,train
64183,train
25606,train
60381,train
7075,train
14541,train
42355,train
68232,train
63624,train
66368,train
52645,train
1665,train
7599,train
16183,train
63558,train
54768,train
15477,train
48209,train
53826,train
9740,train
66795,train
62927,train
58690,train
52437,train
38205,train
54713,train
62631,train
17362,train
70264,train
32212,train
18467,train
29227,train
10628,train
6329,train
23837,train
22787,train
48873,train
20364,train
20328,train
63586,train
23827,train
24402,train
25039,train
34703,train
32827,train
8143,train
39440,train
20331,train
67489,train
17649,train
568,train
48757,train
16124,train
48505,train
48074,train
18245,train
54540,train
9391,train
69779,train
7299,train
15875,train
29112,train
29985,train
28826,train
42455,train
51991,train
42803,train
987,train
38288,train
5862,train
40044,train
38797,train
3872,train
49849,train
45933,train
52041,train
39493,train
28803,train
44706,train
13189,train
10390,train
47885,train
42133,train
31680,train
11900,train
32237,train
9685,train
33640,train
54324,train
65853,train
62430,train
15519,train
51068,train
22616,train
56225,train
58739,train
311,train
55587,train
25405,train
44162,train
65757,train
44871,train
2419,train
54862,train
38817,train
70552,train
41172,train
25583,train
20105,train
11969,train
55348,train
2534,train
22422,train
70475,train
4592,train
20744,train
61860,train
8815,train
912,train
27994,train
68154,train
62910,train
49951,train
17109,train
62288,train
15010,train
14192,train
45326,train
57305,train
36704,train
45757,train
37001,train
70674,train
10051,train
43954,train
49783,train
67047,train
25799,train
25730,train
24145,train
38804,train
62338,train
48028,train
15304,train
69510,train
60659,train
35265,train
17178,train
17825,train
53961,train
67333,train
54735,train
25230,train
8402,train
15037,train
53549,train
12888,train
53727,train
18697,train
37301,train
6355,train
35170,train
8946,train
37183,train
45903,train
44813,train
39628,train
20136,train
9786,train
44242,train
14944,train
62151,train
28680,train
3306,train
54278,train
62566,train
30423,train
66840,train
10572,train
67406,train
23951,train
55165,train
25515,train
36265,train
9415,train
67381,train
65101,train
31754,train
28585,train
63147,train
56832,train
38382,train
24139,train
56724,train
27182,train
49105,train
54520,train
18544,train
38850,train
9002,train
48882,train
47344,train
30845,train
62614,train
27332,train
57767,train
17308,train
47938,train
16765,train
9357,train
52445,train
32598,train
29911,train
52087,train
62810,train
13243,train
9255,train
37518,train
46157,train
55416,train
44844,train
15095,train
49781,train
15864,train
24449,train
39471,train
31813,train
59976,train
401,train
18255,train
49146,train
64871,train
42584,train
59351,train
51302,train
22026,train
11237,train
46876,train
39937,train
12833,train
21018,train
22425,train
38078,train
17222,train
16571,train
60942,train
55182,train
35715,train
16473,train
48680,train
24376,train
31720,train
37574,train
65887,train
21520,train
16744,train
2130,train
49812,train
66317,train
41024,train
21312,train
70425,train
36874,train
1010,train
55359,train
57648,train
42210,train
64481,train
46414,train
6086,train
36170,train
8580,train
27828,train
24754,train
34215,train
15464,train
16101,train
38049,train
9688,train
44151,train
5784,train
65491,train
2162,train
31274,train
26364,train
9569,train
64907,train
49758,train
35795,train
2444,train
64976,train
33761,train
25565,train
54926,train
9416,train
65801,train
49765,train
48942,train
70305,train
45351,train
51639,train
47238,train
9348,train
28224,train
197,train
34559,train
13663,train
3341,train
4601,train
10942,train
19929,train
3681,train
13741,train
34096,train
48968,train
46648,train
29320,train
1575,train
16381,train
70375,train
23337,train
13008,train
18369,train
9035,train
26688,train
13000,train
37488,train
64999,train
33051,train
66808,train
11848,train
62315,train
34664,train
58144,train
3632,train
18351,train
66723,train
25430,train
23709,train
31319,train
32940,train
35148,train
51760,train
69062,train
52635,train
50294,train
61042,train
39992,train
16761,train
26471,train
45707,train
70338,train
11947,train
61907,train
14792,train
12292,train
18882,train
38796,train
26598,train
57897,train
26873,train
17914,train
44765,train
61344,train
14972,train
12325,train
62776,train
63715,train
51046,train
22874,train
65959,train
39307,train
37502,train
48631,train
28739,train
33224,train
26719,train
12465,train
35659,train
46357,train
14351,train
54944,train
15708,train
32470,train
36837,train
48800,train
38890,train
22144,train
40224,train
56202,train
29167,train
27268,train
67376,train
292,train
64834,train
36963,train
55055,train
51070,train
29138,train
65706,train
52610,train
47802,train
20555,train
40915,train
64331,train
39833,train
41851,train
22085,train
11470,train
50181,train
59190,train
21525,train
23311,train
49080,train
28582,train
68768,train
8154,train
51435,train
53958,train
5570,train
11591,train
53263,train
44861,train
47798,train
14220,train
60058,train
1091,train
48369,train
31794,train
26440,train
63247,train
61303,train
21367,train
30504,train
7602,train
66654,train
19126,train
23377,train
15942,train
42251,train
59186,train
3266,train
34449,train
2979,train
68726,train
41025,train
27376,train
58653,train
45885,train
17475,train
46807,train
20176,train
31085,train
14519,train
39528,train
47539,train
14827,train
15894,train
27558,train
48053,train
46140,train
42744,train
8111,train
4418,train
34945,train
61795,train
5828,train
23598,train
32052,train
6876,train
7348,train
43346,train
31909,train
46885,train
65231,train
30212,train
4423,train
2123,train
10882,train
44252,train
56088,train
22604,train
59502,train
52209,train
11257,train
70362,train
17824,train
56654,train
18733,train
42447,train
19206,train
3338,train
16084,train
36497,train
43386,train
51652,train
59048,train
8414,train
52233,train
30027,train
20380,train
43618,train
34267,train
1687,train
8427,train
29393,train
1472,train
33635,train
67893,train
17849,train
8798,train
45352,train
6127,train
65349,train
39396,train
68950,train
39818,train
51973,train
6176,train
33252,train
51153,train
49108,train
1135,train
70544,train
42867,train
41070,train
27128,train
25556,train
21711,train
2420,train
30653,train
27639,train
51065,train
4235,train
49229,train
17352,train
35563,train
10498,train
31126,train
55095,train
68149,train
13929,train
59154,train
10239,train
47234,train
11236,train
54772,train
6433,train
3583,train
3930,train
377,train
1268,train
35444,train
24625,train
69243,train
13768,train
27390,train
42570,train
3262,train
49585,train
24085,train
29236,train
33106,train
41553,train
26282,train
9118,train
30711,train
15937,train
11879,train
57157,train
7898,train
44414,train
67020,train
43052,train
61580,train
44663,train
6309,train
26585,train
63672,train
69372,train
64702,train
66280,train
11913,train
3290,train
16096,train
48458,train
37707,train
27040,train
42785,train
20121,train
44605,train
7418,train
54535,train
13622,train
37372,train
36432,train
45322,train
70142,train
42922,train
68683,train
34687,train
4114,train
19272,train
41667,train
29601,train
58458,train
70094,train
56055,train
48334,train
56447,train
5758,train
9612,train
23227,train
9169,train
49720,train
11224,train
53999,train
65987,train
37639,train
10694,train
44954,train
9032,train
6,train
42689,train
11697,train
53761,train
49734,train
31358,train
7899,train
1057,train
14429,train
24708,train
15796,train
64574,train
65462,train
9978,train
22967,train
52875,train
62091,train
19582,train
43770,train
2148,train
57853,train
36066,train
20951,train
49904,train
50063,train
66776,train
30454,train
30339,train
38340,train
16431,train
17961,train
32371,train
12638,train
1158,train
43178,train
5450,train
40132,train
52909,train
31165,train
68765,train
41848,train
47985,train
42719,train
27048,train
37748,train
53528,train
13516,train
69298,train
6067,train
2245,train
49978,train
52963,train
53854,train
67785,train
26253,train
63230,train
31033,train
44370,train
54149,train
69695,train
41287,train
64634,train
64102,train
33198,train
67003,train
55518,train
52839,train
62797,train
25960,train
37296,train
23360,train
17090,train
53320,train
18976,train
68124,train
24921,train
31692,train
31834,train
61237,train
59679,train
21550,train
26541,train
30525,train
1413,train
21447,train
55880,train
55053,train
69644,train
19814,train
24983,train
27483,train
31874,train
42514,train
52401,train
34895,train
37312,train
5701,train
54900,train
15328,train
1821,train
44971,train
67747,train
44456,train
51165,train
67935,train
61560,train
13556,train
37519,train
19859,train
28775,train
37708,train
48971,train
67220,train
26175,train
32468,train
44395,train
68932,train
62561,train
18730,train
30213,train
25843,train
25576,train
37201,train
59354,train
1610,train
12423,train
5547,train
59156,train
45806,train
67612,train
64692,train
60007,train
6939,train
7944,train
38249,train
39716,train
26997,train
59392,train
44546,train
43529,train
40229,train
28445,train
40513,train
17560,train
11755,train
69035,train
67049,train
47459,train
41272,train
33669,train
21212,train
63034,train
55149,train
36180,train
31330,train
14187,train
65155,train
65182,train
38596,train
53321,train
310,train
46247,train
40382,train
60413,train
14670,train
16027,train
59439,train
61015,train
417,train
70417,train
12742,train
57874,train
13780,train
40718,train
45182,train
47326,train
16218,train
19971,train
8125,train
55029,train
53587,train
65521,train
41467,train
68044,train
41802,train
50385,train
65962,train
64532,train
21192,train
26972,train
35357,train
67099,train
61488,train
65206,train
49464,train
33259,train
23603,train
47937,train
66990,train
55860,train
42932,train
31105,train
44523,train
21804,train
68025,train
2787,train
19523,train
67131,train
70469,train
62573,train
48879,train
10843,train
13049,train
34860,train
45592,train
9950,train
41324,train
3863,train
55708,train
53977,train
1294,train
35701,train
68161,train
21427,train
20965,train
43627,train
28913,train
36353,train
12355,train
41946,train
70488,train
5477,train
57101,train
64921,train
49530,train
38826,train
30269,train
3590,train
9778,train
54311,train
3129,train
17515,train
39274,train
47294,train
33234,train
23159,train
50452,train
48391,train
68558,train
34975,train
52330,train
7104,train
66279,train
29429,train
19244,train
56964,train
106,train
2630,train
983,train
9712,train
13169,train
1455,train
35130,train
41502,train
753,train
14316,train
36825,train
31441,train
5061,train
69816,train
29341,train
42187,train
18540,train
10762,train
42837,train
26729,train
818,train
39555,train
67259,train
65972,train
11682,train
26261,train
43722,train
37334,train
39799,train
8802,train
35741,train
22095,train
62280,train
59437,train
37399,train
23242,train
50410,train
61569,train
60138,train
14380,train
12489,train
29982,train
59669,train
64051,train
41328,train
54905,train
4197,train
34732,train
8617,train
44475,train
53060,train
41061,train
8771,train
69604,train
25293,train
44999,train
6449,train
4140,train
28818,train
14833,train
18109,train
37690,train
25457,train
65639,train
24951,train
4080,train
44930,train
54207,train
53023,train
43629,train
66799,train
8381,train
39446,train
48795,train
65114,train
48413,train
38350,train
31032,train
41146,train
26467,train
56682,train
20252,train
41493,train
62031,train
17417,train
15917,train
8688,train
21073,train
32133,train
4739,train
37898,train
32737,train
18292,train
17991,train
56566,train
6604,train
66792,train
53551,train
9465,train
35343,train
12810,train
57967,train
36063,train
57497,train
70191,train
64562,train
56796,train
37669,train
27650,train
29264,train
4115,train
24947,train
63317,train
26107,train
5135,train
65809,train
43464,train
48450,train
43509,train
13959,train
24052,train
20327,train
48009,train
7267,train
10324,train
66861,train
3037,train
31402,train
36194,train
54295,train
46060,train
12561,train
51550,train
37546,train
63535,train
42736,train
26210,train
24198,train
29477,train
252,train
46617,train
4097,train
7954,train
41992,train
69947,train
50666,train
56400,train
68150,train
27696,train
13139,train
34957,train
8751,train
34978,train
64499,train
59882,train
27729,train
38248,train
20262,train
63925,train
9090,train
11806,train
14527,train
55108,train
67776,train
19718,train
6870,train
3637,train
60087,train
37762,train
15044,train
18122,train
20395,train
19797,train
49761,train
63928,train
63390,train
41899,train
51733,train
55334,train
47840,train
66376,train
61898,train
62728,train
6801,train
45205,train
52246,train
43197,train
65008,train
53507,train
49645,train
48763,train
69626,train
25303,train
61521,train
47325,train
20445,train
46547,train
10429,train
19795,train
69534,train
4864,train
54210,train
27026,train
47900,train
68839,train
50805,train
57968,train
46697,train
29482,train
34756,train
40670,train
54514,train
12967,train
56844,train
37105,train
63158,train
22954,train
30093,train
7304,train
17220,train
21079,train
2999,train
42454,train
51434,train
28843,train
17671,train
63460,train
48193,train
17281,train
48895,train
58553,train
41926,train
57551,train
51305,train
5080,train
64652,train
21543,train
64807,train
14655,train
65398,train
31198,train
60767,train
49729,train
55981,train
24447,train
58889,train
45086,train
68448,train
43959,train
9894,train
9350,train
19177,train
19700,train
3467,train
54720,train
24716,train
44634,train
28956,train
9275,train
60406,train
12892,train
59364,train
52029,train
69539,train
5715,train
60056,train
8651,train
39263,train
55920,train
6982,train
43340,train
42510,train
59825,train
42111,train
14024,train
28974,train
58434,train
57077,train
41436,train
69728,train
20346,train
23209,train
34105,train
30626,train
35469,train
49467,train
21223,train
57824,train
60517,train
60799,train
46398,train
70145,train
12671,train
9881,train
12747,train
49172,train
69135,train
34757,train
52559,train
56422,train
50006,train
23652,train
27213,train
42644,train
14589,train
15051,train
49514,train
39637,train
16550,train
16702,train
7661,train
61372,train
57929,train
5762,train
43007,train
28909,train
57661,train
42585,train
18430,train
64467,train
40740,train
46734,train
31830,train
23562,train
8554,train
58430,train
62401,train
47896,train
13473,train
47645,train
46159,train
63491,train
69759,train
7198,train
62549,train
46186,train
69223,train
69762,train
7706,train
43531,train
62136,train
38202,train
54453,train
15384,train
16823,train
26492,train
45250,train
569,train
59015,train
7564,train
41317,train
35791,train
28588,train
65196,train
65590,train
33758,train
47196,train
64961,train
44917,train
61531,train
6461,train
59599,train
46189,train
25169,train
48124,train
45362,train
68579,train
57614,train
40214,train
22360,train
38685,train
31344,train
1222,train
66427,train
31012,train
22871,train
19466,train
41609,train
40558,train
32398,train
38777,train
41854,train
38141,train
26632,train
43023,train
53400,train
39900,train
6448,train
25804,train
39760,train
19838,train
15232,train
21293,train
11051,train
19339,train
42906,train
4889,train
66658,train
57882,train
58296,train
33693,train
34840,train
66072,train
39220,train
40199,train
61895,train
27847,train
3125,train
38996,train
49793,train
64120,train
42518,train
12518,train
66028,train
52493,train
11201,train
34903,train
15813,train
60363,train
21627,train
22737,train
60600,train
20004,train
19190,train
49895,train
56287,train
18296,train
11341,train
29640,train
24463,train
59908,train
24993,train
34297,train
65483,train
8901,train
51602,train
22099,train
56079,train
7892,train
32898,train
12765,train
43620,train
28308,train
10349,train
67915,train
14803,train
23074,train
34914,train
2865,train
28965,train
45557,train
177,train
27676,train
21059,train
56217,train
13513,train
45080,train
44238,train
61190,train
20217,train
10782,train
50836,train
4139,train
9422,train
19100,train
27230,train
8264,train
46014,train
21140,train
24696,train
61193,train
9000,train
69439,train
66241,train
28719,train
25985,train
49897,train
55828,train
6623,train
4799,train
11996,train
11594,train
47731,train
16845,train
18754,train
52266,train
15950,train
38802,train
49597,train
35986,train
68036,train
26223,train
37308,train
56716,train
7320,train
23119,train
19410,train
50043,train
54153,train
10483,train
39305,train
56356,train
9338,train
39030,train
25282,train
49903,train
14846,train
26089,train
60119,train
13437,train
61138,train
28752,train
11238,train
32337,train
42840,train
48700,train
67334,train
55216,train
38466,train
57250,train
22594,train
55525,train
5027,train
58825,train
30045,train
12630,train
61650,train
45791,train
13495,train
26448,train
21491,train
27142,train
57311,train
19317,train
9384,train
43638,train
9749,train
7987,train
23248,train
50875,train
17853,train
26075,train
62339,train
35025,train
25602,train
76,train
28412,train
61418,train
25834,train
37950,train
12183,train
7916,train
24240,train
11366,train
51736,train
17350,train
67778,train
8117,train
26749,train
52711,train
39836,train
53448,train
39326,train
13905,train
62758,train
42735,train
5069,train
58311,train
8621,train
8985,train
29902,train
28499,train
13420,train
65644,train
13884,train
32670,train
55793,train
22786,train
38216,train
43718,train
60731,train
67841,train
13114,train
14431,train
32861,train
63144,train
16827,train
39970,train
8269,train
19596,train
70069,train
46375,train
36618,train
42738,train
27051,train
54837,train
65404,train
36161,train
45356,train
65713,train
18067,train
46770,train
33054,train
37654,train
64814,train
55379,train
31397,train
2634,train
55244,train
18536,train
23088,train
20212,train
19754,train
49339,train
47601,train
62159,train
41763,train
42924,train
56228,train
20763,train
22115,train
66262,train
65338,train
14520,train
47405,train
7025,train
45889,train
19849,train
33194,train
16784,train
18201,train
48330,train
65656,train
38494,train
69935,train
21793,train
7783,train
33122,train
4127,train
64772,train
893,train
12938,train
35606,train
34018,train
15851,train
63552,train
60395,train
38611,train
58258,train
44992,train
31550,train
7911,train
9370,train
63654,train
67196,train
13683,train
18088,train
32149,train
34898,train
64602,train
5437,train
67506,train
39351,train
24247,train
61333,train
3864,train
3943,train
28348,train
32970,train
53290,train
1343,train
33821,train
54988,train
25331,train
41225,train
34435,train
33038,train
43414,train
35176,train
48663,train
45979,train
26300,train
20653,train
30917,train
16829,train
53667,train
41089,train
51933,train
41855,train
8384,train
66617,train
1661,train
37132,train
34062,train
243,train
53639,train
33931,train
18423,train
4421,train
11537,train
20101,train
23327,train
37135,train
36354,train
4135,train
3793,train
52235,train
42320,train
26036,train
46635,train
25758,train
10052,train
20084,train
17374,train
44191,train
1285,train
63205,train
39964,train
13070,train
29396,train
67992,train
50108,train
47819,train
8294,train
65448,train
15003,train
7513,train
20243,train
9663,train
56589,train
26241,train
51419,train
36062,train
9916,train
4003,train
38680,train
34396,train
628,train
47964,train
26292,train
21944,train
55141,train
58908,train
58519,train
25440,train
61929,train
58282,train
32381,train
53123,train
20655,train
59414,train
61123,train
320,train
7458,train
20571,train
61100,train
4200,train
17647,train
65014,train
60158,train
4137,train
3358,train
32103,train
31983,train
40529,train
49547,train
26369,train
43208,train
40357,train
37834,train
52191,train
20018,train
802,train
63135,train
39871,train
56233,train
5132,train
32105,train
61684,train
20425,train
32655,train
40471,train
27791,train
43585,train
54598,train
26789,train
52775,train
39808,train
4669,train
29347,train
65788,train
20088,train
47754,train
64698,train
23747,train
23180,train
13996,train
42874,train
55557,train
68476,train
68145,train
33015,train
66988,train
2370,train
37006,train
8127,train
6998,train
69068,train
18238,train
27796,train
22718,train
35300,train
316,train
1163,train
23047,train
65389,train
22133,train
14007,train
37521,train
26690,train
23239,train
18139,train
9284,train
7642,train
8629,train
43128,train
41631,train
29374,train
8526,train
14510,train
40255,train
3545,train
40876,train
13800,train
63989,train
16888,train
33108,train
40148,train
29720,train
11025,train
41538,train
27463,train
38666,train
41004,train
15058,train
43558,train
46658,train
40602,train
34570,train
62026,train
62753,train
52390,train
26445,train
1694,train
44669,train
50646,train
36768,train
59997,train
61014,train
60575,train
41047,train
4844,train
21770,train
54053,train
33905,train
21961,train
58276,train
41117,train
61164,train
70120,train
4559,train
6518,train
16711,train
24491,train
45320,train
15876,train
64704,train
60749,train
12767,train
19957,train
56481,train
30950,train
15770,train
12924,train
54733,train
38003,train
23212,train
27235,train
3076,train
3743,train
60995,train
42886,train
39532,train
10646,train
50854,train
41374,train
16162,train
43864,train
1724,train
25321,train
12800,train
30472,train
1314,train
35311,train
33745,train
54410,train
57726,train
1395,train
23605,train
54072,train
606,train
68325,train
62737,train
20064,train
27345,train
30043,train
66277,train
24537,train
65305,train
57556,train
58548,train
62846,train
37423,train
433,train
33837,train
4723,train
42254,train
67153,train
33146,train
20141,train
39523,train
70029,train
12600,train
68868,train
63099,train
22199,train
24389,train
12267,train
27023,train
55909,train
58479,train
16689,train
38,train
463,train
23758,train
26209,train
63900,train
29109,train
20426,train
26680,train
52298,train
54312,train
12801,train
53418,train
21842,train
27412,train
30377,train
51645,train
39962,train
12264,train
1753,train
1806,train
54564,train
35419,train
52727,train
49009,train
35434,train
25685,train
34650,train
18175,train
5021,train
17777,train
8777,train
35366,train
46671,train
14215,train
52881,train
68827,train
47730,train
63332,train
29608,train
68521,train
11758,train
5733,train
47861,train
59872,train
67026,train
59441,train
65932,train
55432,train
53045,train
23408,train
35518,train
64321,train
36831,train
9546,train
36407,train
65065,train
9427,train
56080,train
14769,train
31645,train
49896,train
342,train
44579,train
58574,train
47071,train
67290,train
8470,train
60492,train
12721,train
47262,train
35706,train
14139,train
36687,train
70591,train
16198,train
45311,train
54281,train
48900,train
24607,train
5856,train
41327,train
10523,train
50691,train
23902,train
61254,train
17634,train
49981,train
34032,train
69945,train
46967,train
12295,train
30684,train
64083,train
62063,train
4258,train
57781,train
50722,train
27616,train
5147,train
30947,train
40922,train
15009,train
15457,train
12409,train
4667,train
14661,train
54875,train
37475,train
62791,train
50993,train
14867,train
38679,train
28874,train
13747,train
1266,train
33379,train
65617,train
39546,train
597,train
61814,train
67405,train
66459,train
18043,train
36270,train
55715,train
51998,train
22998,train
66602,train
22889,train
7707,train
58953,train
27114,train
25837,train
47200,train
545,train
4338,train
56153,train
53517,train
25030,train
51067,train
10143,train
39669,train
38087,train
58267,train
25351,train
38161,train
66958,train
66287,train
11499,train
70071,train
13014,train
52786,train
39475,train
65750,train
49297,train
46895,train
3890,train
11651,train
39996,train
2963,train
50358,train
44716,train
46333,train
42960,train
35709,train
18737,train
17780,train
44549,train
39696,train
31931,train
10518,train
55332,train
67380,train
35914,train
22536,train
14294,train
63213,train
38902,train
55519,train
56904,train
63627,train
40658,train
70608,train
69485,train
23339,train
9557,train
20565,train
31153,train
19364,train
39142,train
29163,train
45416,train
61725,train
50644,train
17975,train
31419,train
63391,train
49571,train
10414,train
15472,train
20013,train
3656,train
66041,train
18624,train
67343,train
10400,train
4391,train
83,train
65488,train
33842,train
30488,train
1869,train
22012,train
44495,train
9382,train
2443,train
64094,train
28059,train
67523,train
50708,train
8184,train
26582,train
9501,train
25852,train
37365,train
41451,train
32491,train
54475,train
17023,train
22501,train
19988,train
46956,train
47931,train
35632,train
41664,train
64422,train
21876,train
31205,train
51671,train
28760,train
3079,train
58805,train
63154,train
66407,train
15057,train
13419,train
59083,train
38558,train
34725,train
18315,train
37617,train
66059,train
59390,train
69086,train
29954,train
45887,train
52654,train
62370,train
51511,train
34383,train
39306,train
23463,train
39372,train
32806,train
53248,train
22961,train
34627,train
42711,train
29115,train
41,train
67207,train
2240,train
5528,train
2788,train
20834,train
67145,train
49000,train
53607,train
480,train
19745,train
21515,train
16428,train
9979,train
15688,train
30968,train
35256,train
39889,train
4677,train
19731,train
1084,train
40681,train
1649,train
59313,train
32426,train
29940,train
32187,train
40344,train
18114,train
27588,train
50031,train
64979,train
38618,train
36440,train
43862,train
61341,train
14925,train
49286,train
60863,train
65441,train
2247,train
6704,train
33333,train
40385,train
17512,train
14086,train
23593,train
23735,train
5655,train
21164,train
64620,train
14851,train
60453,train
7538,train
51184,train
43170,train
16429,train
65493,train
6560,train
60850,train
54806,train
30800,train
15099,train
61368,train
11971,train
41463,train
1791,train
5255,train
33526,train
24292,train
23184,train
63980,train
66029,train
38932,train
12271,train
37867,train
46825,train
18763,train
57170,train
48051,train
47228,train
38757,train
33882,train
7651,train
13086,train
8082,train
40084,train
22229,train
53869,train
54055,train
3247,train
28763,train
19139,train
8782,train
53153,train
11835,train
12782,train
18320,train
20271,train
63593,train
6252,train
44791,train
62952,train
38607,train
49538,train
54620,train
14588,train
36832,train
22200,train
64653,train
23520,train
13939,train
31007,train
15097,train
24964,train
17006,train
51186,train
17563,train
34720,train
22484,train
2553,train
28370,train
67621,train
25359,train
15896,train
32029,train
4349,train
46776,train
16649,train
59330,train
27005,train
67561,train
30910,train
33149,train
51989,train
5800,train
61930,train
29215,train
34890,train
59461,train
20519,train
56679,train
40799,train
45609,train
19588,train
20943,train
62906,train
14032,train
24196,train
38167,train
37629,train
14779,train
61745,train
8641,train
67389,train
58600,train
21833,train
24266,train
30024,train
46736,train
46927,train
38545,train
53820,train
9099,train
61166,train
51786,train
7592,train
18237,train
37145,train
25236,train
58115,train
35855,train
27697,train
30840,train
56827,train
4401,train
8794,train
27262,train
42552,train
7111,train
10735,train
36889,train
46594,train
36021,train
68122,train
30902,train
13133,train
16881,train
53457,train
18017,train
21206,train
50123,train
8034,train
12006,train
16630,train
6619,train
16118,train
38578,train
46052,train
48310,train
7427,train
68039,train
16632,train
15361,train
35151,train
14572,train
46775,train
56575,train
37255,train
64728,train
22465,train
66939,train
24220,train
50983,train
57074,train
23899,train
6465,train
57532,train
28785,train
28350,train
8183,train
2223,train
38825,train
51383,train
5331,train
58577,train
49546,train
36816,train
23585,train
45853,train
44882,train
45734,train
65254,train
29662,train
22319,train
35476,train
7397,train
1272,train
24269,train
2560,train
45955,train
22636,train
62842,train
27122,train
42771,train
16679,train
64644,train
50496,train
25586,train
9315,train
68981,train
36717,train
15694,train
21346,train
3462,train
32931,train
37659,train
1289,train
39705,train
19153,train
57902,train
35007,train
5113,train
20421,train
49811,train
43418,train
57266,train
57918,train
18271,train
51347,train
24175,train
59980,train
67285,train
69448,train
51356,train
55242,train
51297,train
25617,train
49008,train
45389,train
26421,train
27406,train
50748,train
59587,train
27237,train
877,train
11187,train
41625,train
28403,train
62397,train
8179,train
38675,train
31320,train
16112,train
59977,train
38538,train
18829,train
19347,train
70101,train
45166,train
20557,train
56922,train
41509,train
16548,train
15050,train
41999,train
47127,train
14270,train
23366,train
40852,train
8571,train
63777,train
37144,train
21291,train
54062,train
19307,train
2730,train
55935,train
28804,train
40080,train
54536,train
69756,train
60400,train
52550,train
30147,train
8683,train
14910,train
60832,train
31579,train
47329,train
39809,train
23044,train
49532,train
20491,train
54257,train
67147,train
33529,train
32419,train
36261,train
68746,train
59171,train
29455,train
40582,train
63077,train
3957,train
37431,train
7232,train
13696,train
70625,train
40954,train
34827,train
15471,train
11127,train
48606,train
69318,train
50101,train
11555,train
29547,train
69708,train
64827,train
57655,train
31255,train
65498,train
46417,train
66979,train
65836,train
47873,train
62249,train
11200,train
5059,train
58930,train
59588,train
6136,train
4754,train
45855,train
35163,train
24171,train
7560,train
27722,train
4123,train
60692,train
22138,train
62935,train
30730,train
22609,train
40141,train
20172,train
7093,train
69747,train
68907,train
68993,train
60867,train
52185,train
41809,train
28552,train
23956,train
64190,train
12968,train
60658,train
26444,train
30002,train
51164,train
5496,train
47141,train
47091,train
61379,train
39681,train
16009,train
62070,train
19526,train
15273,train
17584,train
43643,train
56223,train
29760,train
44133,train
32612,train
3156,train
44502,train
34140,train
19008,train
48966,train
14487,train
28163,train
6625,train
56931,train
21054,train
29268,train
4753,train
53857,train
62841,train
64103,train
52523,train
66012,train
20510,train
16153,train
39477,train
35399,train
43710,train
38740,train
15260,train
47619,train
64153,train
70230,train
60960,train
7618,train
40808,train
9966,train
70306,train
7239,train
12505,train
39977,train
67417,train
58859,train
57225,train
10144,train
31,train
7482,train
34872,train
65897,train
31848,train
33352,train
38050,train
26221,train
27314,train
52212,train
39247,train
51855,train
31694,train
51421,train
60083,train
15202,train
53683,train
52101,train
50715,train
5577,train
30593,train
48044,train
41602,train
34818,train
20293,train
66263,train
49804,train
43674,train
41169,train
18069,train
56621,train
36288,train
20537,train
26774,train
33971,train
50650,train
68794,train
50471,train
17212,train
40837,train
38979,train
36495,train
26285,train
16413,train
62695,train
64176,train
68386,train
10821,train
18673,train
61825,train
66517,train
24727,train
48242,train
21640,train
43516,train
39062,train
61774,train
18955,train
34343,train
6469,train
26785,train
51729,train
47201,train
9421,train
46521,train
48567,train
21017,train
13051,train
49742,train
12690,train
12360,train
17847,train
58360,train
49935,train
47809,train
25356,train
57202,train
46926,train
69606,train
41968,train
11351,train
27547,train
31482,train
70340,train
12027,train
51767,train
20593,train
70010,train
2156,train
20586,train
12803,train
8457,train
36957,train
70516,train
48611,train
8200,train
39515,train
55659,train
16388,train
6752,train
31191,train
37263,train
44224,train
67245,train
29133,train
10058,train
3164,train
4457,train
14752,train
27256,train
63884,train
33988,train
21078,train
49525,train
25223,train
25638,train
26559,train
29057,train
40295,train
28011,train
3287,train
18532,train
24916,train
29922,train
51568,train
3672,train
54418,train
24996,train
34232,train
46504,train
21321,train
61726,train
5625,train
42398,train
61331,train
8963,train
5620,train
48129,train
9770,train
8129,train
17403,train
4160,train
2466,train
5907,train
25569,train
23077,train
1643,train
17612,train
47673,train
46737,train
5367,train
41845,train
69063,train
16795,train
3418,train
41594,train
45929,train
66064,train
48690,train
35972,train
47139,train
12088,train
28935,train
49085,train
57635,train
53199,train
6778,train
12139,train
13194,train
38242,train
5260,train
4586,train
24772,train
28864,train
20208,train
62492,train
57193,train
24721,train
12025,train
51180,train
2505,train
19949,train
42797,train
11432,train
33753,train
44199,train
57545,train
8185,train
2853,train
55772,train
66440,train
12723,train
1251,train
61882,train
24213,train
4222,train
51771,train
54977,train
16574,train
2797,train
33464,train
57503,train
4789,train
11688,train
53500,train
28664,train
16992,train
68975,train
49355,train
8069,train
27954,train
52701,train
66911,train
6594,train
3727,train
52319,train
4142,train
22298,train
48737,train
10730,train
51393,train
21119,train
38745,train
51558,train
42633,train
61756,train
23841,train
65532,train
64695,train
19451,train
31102,train
3142,train
17108,train
16235,train
30871,train
52060,train
21277,train
31607,train
20624,train
967,train
56406,train
68672,train
38508,train
25435,train
55342,train
24932,train
21139,train
5372,train
55318,train
53064,train
30984,train
13366,train
59681,train
38993,train
41580,train
46638,train
67191,train
32906,train
41615,train
34828,train
56899,train
1768,train
46844,train
38221,train
25809,train
43984,train
36475,train
70461,train
8,train
50323,train
26342,train
23950,train
48460,train
54014,train
1509,train
29510,train
51172,train
39251,train
63543,train
23207,train
36363,train
13789,train
6157,train
28629,train
39273,train
62622,train
36098,train
59516,train
52945,train
31826,train
53469,train
59367,train
29203,train
27806,train
7347,train
36929,train
51637,train
2878,train
6191,train
52582,train
16871,train
66246,train
59585,train
51269,train
55865,train
29666,train
29085,train
61736,train
48158,train
19359,train
3971,train
23316,train
34941,train
53182,train
31111,train
69269,train
8602,train
28791,train
32636,train
68807,train
2346,train
267,train
66112,train
8478,train
37062,train
13824,train
32156,train
49708,train
46362,train
22828,train
27436,train
43843,train
42602,train
35618,train
59323,train
19243,train
24849,train
39693,train
60134,train
32958,train
45185,train
49365,train
28469,train
55405,train
66985,train
24166,train
43556,train
51590,train
11492,train
25991,train
47286,train
54383,train
13629,train
59779,train
22996,train
63283,train
23446,train
60854,train
24485,train
67071,train
30226,train
57023,train
37843,train
26767,train
39857,train
14623,train
47942,train
67970,train
63179,train
35658,train
61998,train
46750,train
32035,train
13499,train
43636,train
54915,train
65450,train
63382,train
38760,train
23021,train
14949,train
3942,train
25482,train
4472,train
50174,train
64606,train
19725,train
46266,train
17305,train
40259,train
37408,train
24643,train
70442,train
35313,train
49628,train
14939,train
39972,train
43287,train
31770,train
47948,train
45569,train
60311,train
29054,train
62248,train
63875,train
12233,train
10711,train
61515,train
31037,train
29134,train
38255,train
66746,train
45480,train
21489,train
55232,train
67070,train
14663,train
41948,train
7262,train
56784,train
3516,train
55187,train
56761,train
65568,train
23799,train
70062,train
41417,train
457,train
54477,train
47570,train
5109,train
2279,train
24478,train
8780,train
11178,train
64346,train
42154,train
1489,train
47925,train
28425,train
9725,train
31103,train
28898,train
17545,train
58875,train
35282,train
67770,train
32768,train
66045,train
9577,train
28765,train
70182,train
67604,train
40408,train
11067,train
17869,train
24678,train
29385,train
47833,train
60073,train
43880,train
39420,train
22232,train
67803,train
55142,train
57069,train
66523,train
34299,train
39314,train
37034,train
41093,train
60655,train
62025,train
9262,train
3376,train
51355,train
56514,train
19202,train
17746,train
24542,train
53410,train
2293,train
61133,train
24264,train
19402,train
61865,train
69346,train
67668,train
50645,train
4492,train
59602,train
20081,train
8584,train
5491,train
11169,train
8709,train
50723,train
42673,train
53176,train
27427,train
64748,train
8083,train
64801,train
29844,train
6391,train
7276,train
52732,train
60725,train
20827,train
9690,train
51513,train
27906,train
21209,train
4982,train
40262,train
10832,train
33898,train
28455,train
52379,train
7229,train
63547,train
42572,train
70331,train
2483,train
18267,train
27224,train
64009,train
44668,train
66772,train
51034,train
29287,train
70287,train
65124,train
68964,train
67461,train
64951,train
49600,train
51371,train
44826,train
19850,train
59435,train
2599,train
21813,train
26414,train
26759,train
70407,train
50721,train
39206,train
14328,train
49066,train
5763,train
59787,train
56063,train
30494,train
50526,train
40204,train
3424,train
36103,train
70089,train
21264,train
52269,train
49997,train
20175,train
54791,train
29332,train
27739,train
41772,train
65718,train
51520,train
60543,train
27223,train
40099,train
27747,train
22595,train
31805,train
70579,train
23104,train
24839,train
24048,train
58137,train
33609,train
64099,train
2432,train
59350,train
40064,train
65671,train
50503,train
40341,train
18606,train
46853,train
61196,train
3619,train
11965,train
24832,train
34534,train
39189,train
34461,train
52304,train
1466,train
23013,train
49658,train
18322,train
62175,train
36568,train
44883,train
44577,train
39064,train
33161,train
40566,train
24119,train
31246,train
13424,train
1015,train
492,train
43488,train
60308,train
16638,train
19471,train
64236,train
16445,train
31622,train
65638,train
24673,train
44677,train
20211,train
12686,train
52135,train
14720,train
9784,train
19587,train
25877,train
8047,train
24927,train
41950,train
33747,train
45277,train
2920,train
49318,train
14459,train
6809,train
69693,train
8812,train
36384,train
67372,train
13845,train
43180,train
30737,train
9278,train
26156,train
41556,train
65681,train
53104,train
7687,train
56690,train
32146,train
38811,train
69690,train
27133,train
42223,train
68698,train
49634,train
43017,train
60982,train
29904,train
11538,train
1435,train
11202,train
59530,train
6197,train
2688,train
18852,train
29042,train
2035,train
43368,train
1761,train
39026,train
60295,train
17307,train
62427,train
15261,train
62738,train
14863,train
61527,train
28301,train
35435,train
64918,train
29416,train
26081,train
8857,train
42207,train
28602,train
51378,train
40414,train
68901,train
12428,train
42610,train
29284,train
5645,train
27766,train
25135,train
57393,train
5904,train
61785,train
25235,train
58884,train
52815,train
35842,train
62956,train
14221,train
10877,train
53445,train
8943,train
17772,train
16570,train
50828,train
35983,train
36286,train
2538,train
29875,train
12923,train
29237,train
40267,train
27131,train
25653,train
5672,train
65955,train
56572,train
51299,train
43669,train
18195,train
8852,train
35905,train
39766,train
66211,train
7597,train
53082,train
70656,train
28170,train
41143,train
23175,train
51643,train
50702,train
4800,train
61539,train
3041,train
55374,train
60691,train
45541,train
1841,train
62463,train
34241,train
28296,train
67083,train
42114,train
12395,train
34970,train
27093,train
6296,train
55758,train
7556,train
19862,train
40554,train
22957,train
29169,train
45363,train
4203,train
43270,train
13857,train
14579,train
29990,train
37351,train
24080,train
38521,train
20838,train
18853,train
25933,train
49140,train
17280,train
51454,train
50222,train
50331,train
19909,train
40033,train
45749,train
63911,train
52529,train
16587,train
45217,train
40793,train
47703,train
22761,train
1750,train
21673,train
50609,train
19721,train
5033,train
38844,train
44115,train
31487,train
58340,train
36245,train
48969,train
52338,train
36165,train
70034,train
20982,train
60223,train
24586,train
22082,train
62555,train
37929,train
10501,train
59044,train
17003,train
13917,train
8804,train
59409,train
1187,train
69151,train
43000,train
30309,train
27609,train
96,train
27626,train
65684,train
42671,train
55354,train
63007,train
36773,train
13537,train
10528,train
34128,train
30486,train
59135,train
21931,train
4010,train
15356,train
37083,train
38683,train
28889,train
66116,train
44340,train
4657,train
61302,train
8738,train
16955,train
67313,train
65854,train
47535,train
1371,train
24242,train
563,train
27321,train
8739,train
4869,train
40806,train
4953,train
6384,train
16050,train
12104,train
24990,train
3746,train
50800,train
6772,train
57336,train
16722,train
28126,train
32696,train
66582,train
68235,train
46682,train
961,train
53538,train
62769,train
61378,train
40180,train
44881,train
69624,train
33362,train
639,train
54542,train
22299,train
53818,train
4301,train
38189,train
7549,train
49505,train
21311,train
57671,train
18558,train
20209,train
61487,train
20585,train
53757,train
16449,train
17877,train
15155,train
28863,train
67632,train
41264,train
66514,train
55309,train
62909,train
66920,train
26915,train
2766,train
50144,train
2813,train
59326,train
50806,train
3822,train
15563,train
42968,train
5652,train
11267,train
61807,train
29386,train
3022,train
11228,train
50166,train
35496,train
35761,train
34659,train
3219,train
67961,train
55110,train
43689,train
64174,train
39898,train
58656,train
59628,train
22414,train
9990,train
46986,train
61699,train
51925,train
18091,train
47637,train
45817,train
28533,train
54895,train
8506,train
42410,train
52898,train
38284,train
57713,train
2527,train
67972,train
51154,train
16466,train
40541,train
17706,train
28306,train
27043,train
44937,train
68717,train
44870,train
35272,train
26747,train
51270,train
54015,train
5306,train
32747,train
10801,train
58480,train
53907,train
64198,train
26691,train
14664,train
25033,train
61216,train
57544,train
52166,train
2611,train
35642,train
10556,train
68510,train
28574,train
40754,train
15624,train
66079,train
31417,train
11766,train
60326,train
16977,train
66705,train
13637,train
21817,train
2805,train
35109,train
21064,train
35337,train
5037,train
2025,train
39316,train
12827,train
56762,train
66347,train
27742,train
3551,train
34304,train
11040,train
65157,train
69308,train
61432,train
25732,train
12715,train
24090,train
54697,train
53509,train
35470,train
27368,train
67690,train
23416,train
68419,train
17474,train
12069,train
1792,train
23660,train
69057,train
53269,train
6472,train
15707,train
44464,train
23183,train
43183,train
33804,train
14721,train
56860,train
10608,train
1907,train
42628,train
35011,train
26975,train
65011,train
24790,train
60342,train
43877,train
20213,train
65367,train
36697,train
52464,train
46484,train
58510,train
58633,train
60481,train
34561,train
29638,train
676,train
3735,train
42132,train
25306,train
54645,train
63836,train
36154,train
27415,train
27797,train
44308,train
43349,train
47631,train
47624,train
30549,train
67394,train
45692,train
67680,train
2665,train
9183,train
5922,train
33240,train
40598,train
52868,train
43769,train
36343,train
46376,train
6636,train
31396,train
43545,train
2021,train
43394,train
62040,train
9036,train
43778,train
7129,train
19251,train
8714,train
37069,train
24709,train
33158,train
43472,train
10323,train
38302,train
10971,train
57910,train
57111,train
54131,train
58350,train
38723,train
60567,train
43517,train
61334,train
32058,train
30290,train
2951,train
70626,train
2098,train
62181,train
35700,train
2177,train
8564,train
14573,train
49877,train
37959,train
52669,train
68485,train
2150,train
61310,train
14207,train
61719,train
29938,train
4016,train
51108,train
11283,train
50015,train
40979,train
37724,train
44702,train
29504,train
18140,train
50594,train
710,train
66530,train
44226,train
24581,train
49058,train
51088,train
40828,train
17863,train
52442,train
61212,train
6347,train
16040,train
7807,train
15630,train
37235,train
51093,train
39556,train
63844,train
70017,train
55408,train
36284,train
64693,train
66827,train
45835,train
19264,train
58590,train
38694,train
374,train
49843,train
30678,train
30402,train
15463,train
36055,train
54046,train
15476,train
14368,train
57378,train
41977,train
59115,train
52942,train
18949,train
63495,train
42672,train
22648,train
10264,train
69836,train
62138,train
70203,train
50918,train
11832,train
44215,train
16819,train
64403,train
62319,train
47472,train
58737,train
56750,train
6395,train
62168,train
37386,train
41289,train
63926,train
68275,train
16327,train
3126,train
36398,train
39998,train
69037,train
28522,train
55356,train
49496,train
45271,train
22573,train
29148,train
61688,train
24507,train
27928,train
69498,train
8880,train
33422,train
53258,train
17043,train
40073,train
20546,train
44681,train
6621,train
66070,train
42463,train
17065,train
63499,train
11394,train
22829,train
42085,train
69678,train
18801,train
23364,train
4213,train
35087,train
12525,train
30616,train
7156,train
2417,train
3029,train
9837,train
12199,train
35624,train
39543,train
50431,train
33852,train
2024,train
43690,train
24782,train
47317,train
57714,train
43420,train
30875,train
22272,train
37051,train
64840,train
18112,train
4665,train
68809,train
49092,train
44357,train
24715,train
5019,train
35226,train
26900,train
30079,train
19174,train
59108,train
64832,train
49989,train
63368,train
4797,train
26909,train
43143,train
70563,train
24468,train
66675,train
34312,train
9004,train
40396,train
22564,train
16085,train
67956,train
27709,train
12804,train
7566,train
29838,train
70554,train
64616,train
23822,train
61414,train
17195,train
67100,train
16854,train
66714,train
54553,train
21601,train
45434,train
55654,train
41534,train
6729,train
32447,train
50467,train
54387,train
1398,train
3163,train
12103,train
57104,train
59184,train
55060,train
68352,train
50687,train
34235,train
58855,train
10536,train
36214,train
58211,train
60646,train
30424,train
17289,train
31927,train
2883,train
31961,train
52452,train
31303,train
10188,train
22323,train
51211,train
45105,train
50833,train
67367,train
41140,train
15257,train
13288,train
64687,train
37966,train
65190,train
63480,train
3009,train
5755,train
34070,train
11031,train
55917,train
40146,train
33911,train
20145,train
2791,train
9948,train
61979,train
30836,train
36846,train
44867,train
26308,train
6109,train
52259,train
13175,train
52554,train
6226,train
50018,train
30667,train
3226,train
42125,train
35398,train
5943,train
19848,train
57595,train
45148,train
23868,train
24412,train
30534,train
57796,train
24118,train
9713,train
5706,train
62328,train
51834,train
33657,train
11715,train
41405,train
6654,train
26730,train
408,train
62977,train
14449,train
21283,train
64360,train
13202,train
61401,train
29442,train
12457,train
64768,train
31806,train
13239,train
19638,train
7110,train
27381,train
43905,train
53467,train
53663,train
7648,train
47498,train
14480,train
30004,train
41068,train
13158,train
18293,train
33713,train
19300,train
13559,train
48303,train
69022,train
34792,train
13367,train
7965,train
57120,train
55561,train
46939,train
3916,train
35461,train
900,train
63212,train
12737,train
21426,train
14730,train
10011,train
37224,train
63150,train
9735,train
15404,train
68213,train
49420,train
9905,train
65423,train
61045,train
1904,train
2344,train
51880,train
66874,train
37787,train
17700,train
34250,train
10702,train
38928,train
34170,train
68365,train
27619,train
67014,train
57206,train
35096,train
35577,train
19977,train
45173,train
41847,train
70091,train
19776,train
56635,train
40642,train
18472,train
28529,train
27764,train
13173,train
46011,train
45723,train
54099,train
38069,train
57529,train
23923,train
13163,train
39430,train
18206,train
7605,train
28742,train
54967,train
40155,train
55290,train
15561,train
66481,train
51349,train
3684,train
26502,train
60211,train
5422,train
49607,train
5511,train
27021,train
2904,train
18768,train
25542,train
55113,train
7754,train
31214,train
29225,train
56353,train
19148,train
45246,train
35490,train
68292,train
61770,train
32319,train
28205,train
24200,train
11111,train
46681,train
5277,train
45777,train
23310,train
19748,train
7478,train
31277,train
24321,train
16960,train
54059,train
66545,train
45017,train
26149,train
58109,train
23797,train
63514,train
39581,train
29976,train
16095,train
60331,train
56114,train
40918,train
21995,train
21044,train
30195,train
66674,train
29921,train
44929,train
46649,train
4415,train
769,train
19573,train
68947,train
44818,train
53983,train
42835,train
22547,train
8212,train
64808,train
7945,train
6178,train
43709,train
11181,train
38857,train
63026,train
25706,train
53504,train
28920,train
18283,train
65527,train
18373,train
58154,train
57821,train
26953,train
9830,train
57476,train
68314,train
29211,train
64666,train
37767,train
21513,train
4503,train
22657,train
43035,train
59085,train
44614,train
22714,train
8623,train
3703,train
19503,train
31323,train
26004,train
37479,train
11360,train
62419,train
33466,train
53959,train
67448,train
64314,train
2902,train
26779,train
57279,train
60444,train
67123,train
24424,train
23399,train
45109,train
11423,train
29879,train
31140,train
23551,train
14505,train
32915,train
9212,train
26560,train
68393,train
7531,train
12534,train
34007,train
39135,train
9407,train
27398,train
36356,train
8673,train
39695,train
1257,train
65430,train
16748,train
47696,train
17548,train
20481,train
23527,train
33384,train
66050,train
20456,train
5857,train
46757,train
6158,train
13109,train
22797,train
49046,train
37106,train
68977,train
21177,train
27715,train
65213,train
43661,train
60366,train
55122,train
54821,train
24070,train
40660,train
55792,train
59488,train
65478,train
62794,train
12601,train
33262,train
44737,train
49920,train
50368,train
1633,train
43680,train
21889,train
48510,train
50947,train
32230,train
16086,train
7341,train
17434,train
58918,train
33749,train
63685,train
28311,train
19006,train
24357,train
18436,train
47889,train
16491,train
27396,train
49401,train
34743,train
61747,train
41269,train
52787,train
30566,train
22062,train
65049,train
15226,train
70611,train
3450,train
4099,train
38479,train
34557,train
23322,train
32121,train
15940,train
35424,train
69004,train
23068,train
14321,train
31486,train
38039,train
46703,train
21327,train
43693,train
11482,train
37850,train
32391,train
29354,train
61789,train
17860,train
59049,train
61295,train
54970,train
70649,train
8358,train
37042,train
43150,train
3281,train
62710,train
58036,train
15286,train
10667,train
17320,train
39010,train
44828,train
18654,train
51072,train
1215,train
51001,train
57387,train
46905,train
41833,train
23859,train
45147,train
53284,train
15848,train
24280,train
67154,train
54170,train
27815,train
33865,train
57601,train
13892,train
30513,train
6031,train
16284,train
28302,train
889,train
63870,train
15574,train
30107,train
53183,train
614,train
10673,train
36638,train
56009,train
45555,train
70086,train
48542,train
7295,train
38631,train
53108,train
41903,train
65646,train
53979,train
69998,train
20295,train
25719,train
46828,train
48,train
6515,train
1366,train
37721,train
15871,train
9767,train
67737,train
13730,train
19802,train
63023,train
34568,train
26064,train
15683,train
11330,train
40373,train
39727,train
20384,train
11107,train
11177,train
46812,train
65074,train
61348,train
48820,train
16584,train
17879,train
6199,train
68998,train
35661,train
62239,train
20832,train
6985,train
41781,train
40432,train
12640,train
54287,train
13203,train
52367,train
59357,train
33232,train
28989,train
38291,train
31491,train
60034,train
1555,train
57829,train
64614,train
11453,train
65752,train
1954,train
37357,train
62536,train
58504,train
36739,train
32443,train
34656,train
41608,train
19280,train
40464,train
52342,train
10543,train
16018,train
66842,train
41724,train
10867,train
1890,train
60187,train
63037,train
15660,train
59448,train
30676,train
41655,train
57139,train
39150,train
46219,train
36442,train
57449,train
48499,train
15913,train
20941,train
45358,train
28298,train
26660,train
46700,train
24174,train
54644,train
8279,train
54608,train
4379,train
22988,train
48335,train
31187,train
59626,train
50831,train
53621,train
65163,train
43494,train
19612,train
30044,train
11293,train
52377,train
58322,train
51069,train
6477,train
52131,train
59283,train
64858,train
53784,train
45673,train
66460,train
48469,train
5944,train
16436,train
12867,train
21309,train
16622,train
21371,train
66476,train
3918,train
7598,train
29431,train
182,train
49130,train
70485,train
2272,train
35875,train
33639,train
3802,train
44833,train
56959,train
51410,train
29255,train
4681,train
10059,train
38563,train
58528,train
7835,train
5115,train
39309,train
12099,train
7003,train
32141,train
41699,train
36535,train
31374,train
7728,train
40322,train
54714,train
10474,train
47911,train
37114,train
37094,train
1926,train
40031,train
29165,train
39362,train
14361,train
63523,train
61183,train
55367,train
57416,train
15964,train
49894,train
21575,train
24656,train
16512,train
67608,train
64524,train
38185,train
7159,train
22977,train
60956,train
8931,train
26142,train
9228,train
631,train
59746,train
12346,train
15710,train
12479,train
61811,train
36032,train
17495,train
3464,train
52133,train
55131,train
22844,train
47250,train
38485,train
22924,train
12496,train
16234,train
16201,train
8278,train
57684,train
21407,train
35120,train
64046,train
61574,train
14096,train
25577,train
37348,train
23430,train
53865,train
37349,train
25813,train
9085,train
21494,train
69307,train
32938,train
69234,train
59535,train
55001,train
40451,train
67325,train
30014,train
24594,train
48867,train
55201,train
37925,train
21488,train
9181,train
23938,train
54436,train
27822,train
7112,train
14428,train
57534,train
52997,train
3334,train
50498,train
160,train
60394,train
23030,train
3473,train
4296,train
15638,train
37863,train
30258,train
57984,train
35805,train
64027,train
22202,train
27657,train
70652,train
27599,train
26384,train
49164,train
9379,train
12451,train
18916,train
41507,train
45268,train
70648,train
24173,train
26370,train
8247,train
51664,train
59371,train
17155,train
22631,train
67232,train
66899,train
69109,train
20745,train
57950,train
38034,train
9517,train
53117,train
70546,train
27933,train
58578,train
41368,train
48376,train
5781,train
35696,train
64414,train
45735,train
55631,train
4676,train
1520,train
22174,train
27872,train
61314,train
2952,train
59689,train
51303,train
36623,train
65238,train
32135,train
30618,train
28225,train
44739,train
27448,train
25644,train
66273,train
14836,train
51012,train
23692,train
4722,train
36313,train
15258,train
44989,train
20174,train
35703,train
54167,train
14043,train
13099,train
53875,train
31414,train
36740,train
35562,train
15993,train
34589,train
50871,train
68327,train
62234,train
57651,train
24493,train
54108,train
61545,train
13433,train
10883,train
41491,train
4562,train
15873,train
66233,train
51386,train
2383,train
39456,train
2679,train
28193,train
48141,train
55456,train
40191,train
64752,train
35555,train
6832,train
36737,train
5806,train
36864,train
59497,train
53390,train
51113,train
1859,train
21067,train
31859,train
49454,train
27057,train
31892,train
40534,train
24756,train
42137,train
7313,train
12845,train
18717,train
69205,train
13739,train
2721,train
36377,train
24020,train
39548,train
64077,train
19537,train
15188,train
20089,train
44026,train
69847,train
9927,train
42370,train
48994,train
25884,train
1780,train
18804,train
62548,train
48786,train
1026,train
5973,train
43523,train
16671,train
195,train
95,train
17031,train
51447,train
37233,train
59707,train
7178,train
23023,train
38244,train
20338,train
69527,train
7,train
30337,train
39272,train
20077,train
64965,train
31183,train
27919,train
15965,train
23728,train
25119,train
13190,train
64141,train
56338,train
27528,train
9682,train
12794,train
48514,train
22028,train
13844,train
40052,train
22475,train
49248,train
17322,train
25137,train
40116,train
21063,train
13647,train
40057,train
27614,train
62755,train
25401,train
12287,train
69027,train
14098,train
22553,train
62061,train
37713,train
39630,train
17022,train
57339,train
17183,train
376,train
62620,train
61455,train
46102,train
54785,train
21452,train
52195,train
19483,train
68255,train
69098,train
56870,train
34405,train
15644,train
20355,train
51656,train
18222,train
32966,train
47446,train
15345,train
26788,train
45986,train
69863,train
58038,train
43027,train
69076,train
46000,train
64648,train
53718,train
50209,train
44785,train
56768,train
13924,train
15240,train
43734,train
66093,train
8066,train
16012,train
64938,train
14633,train
57974,train
28431,train
62410,train
45905,train
1020,train
61524,train
63140,train
67206,train
31707,train
52454,train
4031,train
27127,train
22240,train
54963,train
13375,train
63704,train
49596,train
48809,train
35554,train
58047,train
59396,train
41765,train
20789,train
12537,train
66949,train
58300,train
11468,train
8630,train
37792,train
5972,train
60580,train
16564,train
20168,train
23580,train
35557,train
51542,train
47949,train
57245,train
6249,train
17402,train
46637,train
36909,train
58880,train
8383,train
28427,train
4842,train
21951,train
16317,train
37163,train
69679,train
43453,train
63606,train
40716,train
4168,train
47998,train
47350,train
43973,train
8227,train
60959,train
32136,train
44108,train
34454,train
9609,train
26850,train
28277,train
40253,train
26192,train
61040,train
48105,train
68312,train
64880,train
6315,train
2568,train
7540,train
34238,train
24404,train
17588,train
7407,train
32469,train
2304,train
21432,train
51128,train
14903,train
38821,train
2661,train
43782,train
19713,train
54162,train
66508,train
30784,train
57375,train
64350,train
40413,train
13093,train
5455,train
40635,train
40388,train
69215,train
34815,train
44092,train
68004,train
28550,train
49238,train
18042,train
8876,train
18171,train
43897,train
52322,train
33870,train
40100,train
16540,train
69766,train
56893,train
8701,train
530,train
49635,train
59532,train
65837,train
16102,train
64126,train
35333,train
18061,train
39700,train
8704,train
64549,train
38320,train
60979,train
19102,train
24907,train
21459,train
20325,train
27322,train
58961,train
43966,train
50277,train
66865,train
64897,train
42256,train
3201,train
58245,train
12245,train
25244,train
15546,train
25392,train
37784,train
22018,train
56168,train
1130,train
36819,train
32323,train
18522,train
66248,train
24722,train
21821,train
5510,train
68987,train
50830,train
60124,train
11930,train
69210,train
50775,train
1236,train
53128,train
35737,train
61847,train
29966,train
40366,train
37550,train
14719,train
20273,train
41942,train
19468,train
2815,train
10578,train
15757,train
36430,train
63628,train
49232,train
59504,train
38990,train
42765,train
6316,train
20222,train
25330,train
1291,train
33770,train
15984,train
45869,train
11174,train
49577,train
61201,train
51422,train
1624,train
44648,train
18830,train
14196,train
38920,train
22365,train
5939,train
58198,train
10886,train
60814,train
6540,train
11440,train
60298,train
24780,train
33368,train
66917,train
4697,train
9983,train
25630,train
64705,train
28417,train
61534,train
16775,train
7750,train
45699,train
10251,train
49224,train
28915,train
12711,train
19706,train
21549,train
43375,train
35000,train
50450,train
62893,train
57962,train
50165,train
35604,train
55667,train
51609,train
69316,train
36524,train
8913,train
19525,train
19637,train
59080,train
36014,train
56421,train
51548,train
53062,train
60640,train
13707,train
13111,train
13515,train
13352,train
4076,train
17223,train
21332,train
55106,train
69381,train
12998,train
24127,train
16661,train
40988,train
65616,train
40713,train
60370,train
35509,train
6978,train
51016,train
8445,train
41604,train
43437,train
20991,train
47254,train
16958,train
68943,train
54079,train
47983,train
31825,train
52520,train
21333,train
32392,train
15137,train
14150,train
53402,train
51603,train
24539,train
54647,train
15828,train
67570,train
32853,train
6612,train
48681,train
16537,train
46248,train
49019,train
19698,train
10272,train
24316,train
56939,train
7037,train
52300,train
31584,train
54007,train
44080,train
1553,train
29258,train
14474,train
22341,train
11647,train
29035,train
11889,train
52751,train
44499,train
33714,train
60197,train
29330,train
19241,train
49980,train
19622,train
18569,train
20247,train
44761,train
7847,train
67643,train
40731,train
7326,train
62268,train
51307,train
51572,train
30850,train
6802,train
4633,train
18486,train
25988,train
33564,train
8948,train
69084,train
30255,train
61767,train
52177,train
68895,train
51262,train
36853,train
22915,train
2803,train
25608,train
30854,train
52251,train
66905,train
56299,train
57513,train
53010,train
66372,train
52027,train
7258,train
27243,train
13153,train
39463,train
1778,train
12191,train
25671,train
16455,train
33907,train
20196,train
8030,train
9893,train
3748,train
3273,train
68751,train
28897,train
68767,train
36271,train
7080,train
39378,train
42777,train
66245,train
40813,train
25143,train
31174,train
14395,train
26113,train
16611,train
46636,train
4321,train
7955,train
58542,train
1157,train
16072,train
50784,train
1715,train
31516,train
42938,train
69698,train
22860,train
835,train
69139,train
5744,train
49209,train
16657,train
7354,train
42327,train
53426,train
52556,train
46641,train
63096,train
14973,train
8474,train
47907,train
61140,train
67728,train
60525,train
67731,train
11599,train
2355,train
22638,train
28388,train
16590,train
31714,train
1542,train
6883,train
24984,train
61866,train
10439,train
68740,train
27380,train
16607,train
2351,train
42776,train
20330,train
49311,train
28686,train
59292,train
12163,train
62774,train
31440,train
20928,train
9657,train
54766,train
44718,train
35546,train
27174,train
57114,train
60638,train
6008,train
54991,train
39348,train
13168,train
27082,train
31643,train
60220,train
37508,train
49779,train
1627,train
28577,train
9439,train
30501,train
8134,train
68043,train
10329,train
69681,train
1116,train
1586,train
63976,train
31751,train
17720,train
32498,train
9287,train
62466,train
57656,train
64446,train
20858,train
37126,train
9034,train
54192,train
53841,train
7056,train
28366,train
58753,train
12842,train
3736,train
198,train
15306,train
47204,train
15521,train
45772,train
64401,train
27095,train
69552,train
2709,train
24419,train
13945,train
38561,train
36643,train
36859,train
60474,train
34930,train
9306,train
9524,train
24574,train
52360,train
26291,train
27916,train
61661,train
17101,train
36724,train
11261,train
1380,train
28683,train
55664,train
69782,train
30538,train
8835,train
15697,train
70224,train
6267,train
11504,train
56478,train
16311,train
4748,train
42216,train
57017,train
20961,train
38146,train
43746,train
9205,train
13397,train
40174,train
20872,train
20768,train
59144,train
9042,train
35179,train
50019,train
16839,train
10931,train
19388,train
41521,train
11991,train
35098,train
15278,train
57708,train
12078,train
33270,train
66695,train
22235,train
70573,train
27284,train
62476,train
62465,train
68069,train
21517,train
36053,train
25513,train
11116,train
50910,train
8072,train
60590,train
62183,train
14937,train
21801,train
64425,train
51407,train
40797,train
5906,train
47023,train
26009,train
59961,train
59134,train
9317,train
27112,train
63094,train
12431,train
25276,train
44651,train
41867,train
39984,train
22124,train
42078,train
49620,train
68283,train
63394,train
26232,train
981,train
36201,train
66131,train
6755,train
64876,train
40957,train
25245,train
14190,train
52749,train
54366,train
19974,train
25681,train
57086,train
2783,train
40091,train
25637,train
30056,train
53716,train
4303,train
21092,train
2280,train
27227,train
50446,train
39519,train
50976,train
9895,train
68661,train
3972,train
1699,train
30370,train
51411,train
33168,train
11865,train
68785,train
36744,train
42732,train
59744,train
40820,train
54352,train
56286,train
32949,train
27152,train
28082,train
34013,train
33299,train
32294,train
49766,train
24629,train
8640,train
60924,train
211,train
37429,train
69541,train
29950,train
11459,train
40377,train
16665,train
14228,train
45505,train
41768,train
3228,train
29896,train
61988,train
31585,train
19327,train
43977,train
24992,train
53434,train
66067,train
68542,train
18165,train
57818,train
42044,train
69926,train
57763,train
30122,train
12240,train
34189,train
50049,train
19207,train
55534,train
9621,train
58449,train
69463,train
20889,train
60665,train
12386,train
9615,train
54907,train
41619,train
658,train
16535,train
36830,train
60505,train
15289,train
63118,train
28034,train
66931,train
59821,train
9587,train
42416,train
67439,train
14729,train
67907,train
25979,train
18880,train
45944,train
23255,train
39965,train
64378,train
25683,train
16447,train
64890,train
10513,train
37137,train
9154,train
55671,train
56201,train
31250,train
29829,train
2579,train
35257,train
41675,train
4951,train
4343,train
2165,train
58324,train
13625,train
64671,train
30741,train
1378,train
41439,train
19036,train
6828,train
69278,train
60705,train
56389,train
46413,train
5216,train
46286,train
56636,train
32544,train
16874,train
12863,train
8819,train
59897,train
13975,train
15925,train
59817,train
59948,train
32069,train
45805,train
35739,train
12589,train
10614,train
14204,train
59408,train
56112,train
25273,train
28456,train
60834,train
32539,train
55675,train
56219,train
35432,train
10289,train
58086,train
11634,train
60216,train
22596,train
3385,train
14500,train
37206,train
53067,train
64925,train
34940,train
4743,train
38530,train
13274,train
62439,train
18415,train
35021,train
965,train
25338,train
20337,train
57502,train
34214,train
27338,train
23873,train
65417,train
14506,train
47463,train
16704,train
41878,train
26652,train
4038,train
60606,train
28048,train
31114,train
16533,train
58104,train
54496,train
54044,train
18863,train
2974,train
15513,train
15891,train
17001,train
49347,train
53912,train
6820,train
45553,train
38373,train
17574,train
26793,train
53624,train
1590,train
24816,train
21287,train
1013,train
9707,train
27431,train
37601,train
51182,train
27562,train
4926,train
61270,train
43822,train
58630,train
22721,train
58397,train
8016,train
23243,train
40161,train
26275,train
67735,train
7193,train
19597,train
54293,train
21523,train
33794,train
61884,train
3640,train
68289,train
57348,train
62572,train
64825,train
57107,train
64276,train
34651,train
69582,train
4171,train
67032,train
23688,train
11551,train
60090,train
37693,train
45597,train
56317,train
68412,train
58131,train
57474,train
4611,train
3044,train
67995,train
40844,train
13872,train
32672,train
11390,train
53627,train
5981,train
67840,train
69130,train
12949,train
15557,train
46754,train
10184,train
21521,train
4729,train
30663,train
46951,train
66226,train
3220,train
16868,train
55160,train
11207,train
66810,train
5898,train
555,train
17179,train
45928,train
48894,train
17163,train
63801,train
46232,train
46969,train
11754,train
38444,train
32819,train
16264,train
58823,train
49933,train
60647,train
48066,train
50616,train
11510,train
18803,train
57998,train
43408,train
52632,train
21533,train
38304,train
54389,train
65677,train
17339,train
29074,train
15322,train
68503,train
19135,train
12608,train
12816,train
48269,train
69669,train
24167,train
34408,train
58513,train
19996,train
50740,train
54881,train
34883,train
68971,train
26515,train
42140,train
69240,train
363,train
24307,train
4277,train
35967,train
56138,train
8496,train
3127,train
19546,train
69357,train
52369,train
18318,train
32353,train
60938,train
1390,train
60044,train
21827,train
63022,train
26998,train
56231,train
61018,train
66498,train
26694,train
12908,train
4170,train
22047,train
13063,train
56838,train
62603,train
46839,train
69735,train
6973,train
12019,train
44315,train
30533,train
29623,train
51750,train
15766,train
60456,train
43591,train
14578,train
16504,train
47271,train
19952,train
4480,train
20221,train
2508,train
27772,train
65270,train
7655,train
22149,train
24380,train
44070,train
56553,train
36070,train
55600,train
17728,train
7041,train
32903,train
21969,train
6900,train
28407,train
54912,train
25905,train
31883,train
53920,train
40594,train
24150,train
48230,train
22106,train
69200,train
33819,train
17920,train
58610,train
7575,train
22822,train
43004,train
41330,train
67342,train
27717,train
39082,train
32948,train
37847,train
8741,train
5711,train
31376,train
59938,train
25127,train
1965,train
54719,train
422,train
11783,train
52327,train
32691,train
20610,train
17821,train
11672,train
46319,train
9918,train
23185,train
69524,train
62437,train
39498,train
40994,train
14575,train
24428,train
52469,train
32464,train
58482,train
16753,train
52902,train
64665,train
45574,train
20318,train
20220,train
27348,train
20319,train
2022,train
40528,train
1125,train
40053,train
14733,train
47181,train
50050,train
26906,train
66071,train
57022,train
12835,train
14384,train
18477,train
7487,train
28271,train
25595,train
44865,train
31314,train
54779,train
49237,train
41549,train
61617,train
12262,train
50447,train
18747,train
17564,train
15543,train
11027,train
58646,train
63795,train
28152,train
39129,train
159,train
50783,train
244,train
23653,train
68942,train
3336,train
55949,train
22973,train
28636,train
11528,train
60969,train
21458,train
26849,train
58724,train
43094,train
34546,train
20296,train
14291,train
30648,train
63608,train
29963,train
45082,train
63955,train
17458,train
31021,train
37687,train
63398,train
9726,train
42915,train
6496,train
32662,train
69319,train
20574,train
55338,train
32943,train
18826,train
14514,train
31083,train
60620,train
17099,train
9229,train
52859,train
50889,train
14826,train
61707,train
49369,train
12903,train
56877,train
33461,train
35549,train
56841,train
59983,train
49344,train
69489,train
4240,train
55121,train
44672,train
29901,train
60763,train
40523,train
61382,train
36729,train
66108,train
24536,train
66209,train
59027,train
43251,train
54432,train
32902,train
48807,train
15524,train
65175,train
14912,train
26895,train
53524,train
57579,train
48950,train
59753,train
49455,train
68883,train
1210,train
53674,train
20258,train
43589,train
59243,train
59788,train
70676,train
60300,train
15492,train
68570,train
12593,train
60336,train
32844,train
23168,train
30477,train
61836,train
19057,train
20563,train
8107,train
12097,train
64498,train
65086,train
37311,train
11521,train
11800,train
43753,train
33914,train
40126,train
43159,train
46850,train
63319,train
60109,train
53126,train
13846,train
929,train
64491,train
35890,train
42942,train
652,train
28269,train
39013,train
48361,train
45651,train
2997,train
45721,train
11163,train
35625,train
13079,train
39598,train
51977,train
67554,train
18610,train
17613,train
24358,train
20492,train
16713,train
35219,train
12680,train
31798,train
56664,train
69140,train
50679,train
52634,train
54318,train
10617,train
35683,train
19035,train
46472,train
29105,train
22674,train
48570,train
60372,train
18818,train
50051,train
34623,train
24246,train
45058,train
54473,train
50826,train
30156,train
8410,train
54202,train
12832,train
28410,train
57628,train
67101,train
60890,train
21249,train
7102,train
57649,train
56336,train
24680,train
19845,train
13891,train
11370,train
13036,train
3470,train
18538,train
35885,train
1960,train
33874,train
69327,train
29701,train
58034,train
47775,train
43300,train
12483,train
41464,train
24906,train
69959,train
14469,train
20097,train
67714,train
9283,train
66945,train
54848,train
5908,train
14530,train
69045,train
7525,train
31057,train
2907,train
39096,train
29519,train
37616,train
34766,train
56793,train
32175,train
70296,train
9851,train
4846,train
21751,train
44037,train
63378,train
52583,train
64406,train
67276,train
51236,train
52891,train
35013,train
13358,train
59204,train
6747,train
16205,train
42588,train
47116,train
44445,train
40319,train
9361,train
38854,train
22460,train
69757,train
2750,train
15564,train
52034,train
41523,train
6210,train
8748,train
49212,train
17348,train
14565,train
55647,train
50863,train
40181,train
5730,train
24224,train
2249,train
37246,train
7188,train
15134,train
10945,train
9397,train
37379,train
6137,train
67846,train
35997,train
11669,train
17226,train
28634,train
40125,train
56148,train
43873,train
18722,train
22637,train
57465,train
64882,train
14058,train
22154,train
40497,train
20701,train
9931,train
28907,train
39340,train
3443,train
38783,train
10643,train
25849,train
19921,train
8755,train
31791,train
9431,train
13938,train
54786,train
32225,train
59237,train
26345,train
10949,train
14868,train
163,train
49730,train
17931,train
41618,train
68799,train
26383,train
32086,train
47971,train
3109,train
11753,train
65510,train
5166,train
46064,train
48621,train
66234,train
51923,train
44728,train
59970,train
40197,train
45588,train
33029,train
63950,train
33056,train
57044,train
25391,train
52670,train
5751,train
67857,train
57437,train
69219,train
58124,train
29681,train
67069,train
11445,train
37890,train
5396,train
56250,train
43799,train
31856,train
61290,train
12447,train
26682,train
49509,train
67833,train
68634,train
20464,train
23195,train
11152,train
38686,train
24462,train
37772,train
55126,train
53581,train
10863,train
68470,train
13390,train
43071,train
51927,train
37832,train
65663,train
4929,train
41759,train
53911,train
19387,train
53086,train
27861,train
53710,train
30701,train
2379,train
28432,train
67171,train
37482,train
54517,train
54560,train
35350,train
54648,train
7770,train
8500,train
49053,train
2942,train
52343,train
46427,train
3337,train
35020,train
61157,train
4974,train
62089,train
17285,train
62155,train
3498,train
46601,train
53125,train
43652,train
50588,train
64697,train
55787,train
59477,train
77,train
52271,train
42781,train
56214,train
18823,train
22550,train
23398,train
25571,train
54855,train
65245,train
29039,train
38568,train
17658,train
2535,train
41972,train
45619,train
49202,train
32910,train
6367,train
58948,train
4762,train
23347,train
3085,train
20805,train
53465,train
16575,train
30101,train
14607,train
21619,train
31828,train
61712,train
33276,train
18335,train
40074,train
38930,train
69795,train
34440,train
29355,train
44615,train
26969,train
36238,train
7977,train
40676,train
54980,train
45283,train
22906,train
14902,train
48176,train
62671,train
50988,train
65540,train
32231,train
27523,train
28399,train
7657,train
7520,train
69148,train
51742,train
10733,train
57933,train
42363,train
42545,train
14849,train
64375,train
39741,train
64473,train
68652,train
27770,train
29150,train
54401,train
51856,train
55005,train
49397,train
50322,train
54445,train
56711,train
23517,train
23980,train
29491,train
57704,train
6922,train
32757,train
50267,train
6130,train
52639,train
44573,train
52542,train
35871,train
68921,train
18971,train
43741,train
34077,train
17797,train
56559,train
40614,train
24781,train
7108,train
53493,train
9593,train
13431,train
67952,train
18288,train
62022,train
63522,train
13826,train
62311,train
38061,train
8879,train
64380,train
43213,train
43301,train
41771,train
67855,train
47532,train
32589,train
24440,train
21806,train
52022,train
11902,train
54506,train
37086,train
69155,train
8163,train
25990,train
42907,train
57999,train
15167,train
27027,train
54524,train
20167,train
18094,train
13880,train
6237,train
43814,train
26837,train
49741,train
67986,train
51847,train
70547,train
21228,train
53670,train
14736,train
34280,train
28848,train
59534,train
69483,train
21110,train
42948,train
50142,train
25793,train
1961,train
57002,train
30114,train
45807,train
30699,train
22669,train
64307,train
50011,train
19875,train
41207,train
39932,train
26461,train
56942,train
41129,train
29286,train
32130,train
25848,train
62321,train
15293,train
7208,train
53777,train
15089,train
36969,train
47575,train
18327,train
26916,train
28598,train
26982,train
30946,train
25229,train
20729,train
30807,train
23382,train
35862,train
54721,train
66886,train
34323,train
14598,train
54391,train
15332,train
30342,train
9481,train
37109,train
2114,train
5010,train
43350,train
40081,train
45886,train
39557,train
41589,train
10361,train
43675,train
68697,train
5407,train
56833,train
6735,train
49767,train
41049,train
1613,train
55916,train
17861,train
13735,train
21215,train
3831,train
1931,train
61357,train
69587,train
47092,train
65153,train
25498,train
17323,train
6314,train
42589,train
35121,train
38195,train
11992,train
40004,train
34123,train
39614,train
1602,train
3045,train
42093,train
30100,train
56696,train
51148,train
16063,train
69857,train
62877,train
56499,train
10159,train
62750,train
63517,train
59749,train
23290,train
13053,train
45042,train
54995,train
32700,train
16240,train
61311,train
6415,train
19981,train
32605,train
61468,train
20609,train
15041,train
5731,train
21811,train
18131,train
40426,train
23189,train
44408,train
37514,train
13871,train
40343,train
65399,train
43927,train
47940,train
52754,train
30276,train
7387,train
25412,train
865,train
51700,train
47883,train
26460,train
25957,train
10404,train
25196,train
21295,train
4587,train
11449,train
67414,train
54498,train
42259,train
43641,train
39382,train
19827,train
53291,train
33849,train
53134,train
43650,train
36448,train
6964,train
20641,train
64894,train
33393,train
43336,train
6003,train
9444,train
5307,train
69013,train
14476,train
34896,train
20483,train
31190,train
44658,train
19192,train
33732,train
746,train
5757,train
50893,train
45586,train
54179,train
9458,train
23826,train
40586,train
44466,train
68902,train
35913,train
11859,train
68271,train
3768,train
68599,train
13245,train
53771,train
19019,train
33477,train
54818,train
12280,train
50059,train
30086,train
39165,train
19946,train
52224,train
7074,train
27276,train
59680,train
36616,train
20854,train
2047,train
497,train
54298,train
58406,train
10457,train
12927,train
27472,train
31835,train
38140,train
62459,train
30248,train
47599,train
63064,train
41530,train
4133,train
50327,train
2373,train
27215,train
57382,train
37702,train
16390,train
69621,train
60403,train
61134,train
19976,train
20977,train
10374,train
42680,train
7438,train
53514,train
42081,train
26986,train
49125,train
12650,train
53543,train
34206,train
22983,train
181,train
51395,train
14557,train
28290,train
39588,train
58747,train
44294,train
9356,train
47424,train
52500,train
25851,train
69313,train
19358,train
17779,train
19332,train
4056,train
4928,train
56863,train
38262,train
13611,train
333,train
6762,train
66013,train
19061,train
27211,train
51358,train
33184,train
45459,train
26701,train
15749,train
12813,train
34638,train
10420,train
36365,train
63221,train
10510,train
2262,train
25288,train
16184,train
5946,train
473,train
45746,train
46313,train
70173,train
10004,train
38702,train
38667,train
44567,train
48781,train
13156,train
11048,train
6480,train
47810,train
11749,train
10684,train
24534,train
14282,train
17381,train
61281,train
40951,train
58412,train
10930,train
22867,train
54751,train
2049,train
30590,train
38767,train
57079,train
5316,train
27902,train
62197,train
8258,train
64134,train
1198,train
782,train
64613,train
20129,train
37640,train
22210,train
33249,train
61342,train
58095,train
48738,train
42443,train
33934,train
19022,train
3655,train
18621,train
42756,train
13256,train
26876,train
53558,train
52806,train
40092,train
4532,train
45612,train
42427,train
10674,train
66,train
3067,train
14945,train
49528,train
5676,train
60782,train
28542,train
48395,train
60807,train
9469,train
49161,train
5225,train
10183,train
61174,train
13441,train
1093,train
34964,train
68554,train
70195,train
31602,train
63745,train
41293,train
21009,train
55706,train
18040,train
56651,train
2040,train
38652,train
42665,train
57800,train
33035,train
24843,train
1559,train
13126,train
9472,train
64908,train
57175,train
64623,train
1108,train
20723,train
49305,train
3092,train
50449,train
831,train
13463,train
17074,train
51329,train
42603,train
15576,train
5787,train
25589,train
48941,train
16062,train
23507,train
32477,train
67054,train
11706,train
54526,train
69713,train
7834,train
25103,train
48248,train
45911,train
68955,train
25475,train
58865,train
62796,train
65936,train
17752,train
24223,train
30611,train
10007,train
68587,train
67019,train
24465,train
64060,train
67472,train
37461,train
20802,train
34263,train
39474,train
57483,train
40153,train
55878,train
68009,train
8114,train
70512,train
57252,train
18366,train
45214,train
5588,train
7335,train
2405,train
56305,train
26398,train
55845,train
54750,train
31466,train
28573,train
11668,train
30039,train
15080,train
38240,train
50535,train
54102,train
52194,train
49817,train
27081,train
4249,train
9219,train
47429,train
55969,train
42842,train
10870,train
5314,train
5414,train
29927,train
12048,train
27442,train
60650,train
26854,train
7301,train
31146,train
45204,train
25071,train
28519,train
35505,train
50009,train
9674,train
45144,train
39443,train
5247,train
57783,train
54322,train
46963,train
34213,train
32824,train
56444,train
70015,train
43723,train
27117,train
39683,train
21561,train
28727,train
25786,train
4427,train
8691,train
2438,train
2298,train
32043,train
46224,train
48006,train
60145,train
62308,train
69591,train
41500,train
65078,train
62915,train
52602,train
39050,train
11150,train
13882,train
4682,train
38948,train
64159,train
55521,train
17137,train
63995,train
7857,train
20109,train
53285,train
32272,train
35107,train
33181,train
13428,train
65679,train
2655,train
69340,train
41621,train
63561,train
45787,train
27533,train
8186,train
44772,train
22537,train
20128,train
13866,train
4085,train
67237,train
17490,train
45392,train
51910,train
58735,train
6243,train
21153,train
57752,train
70664,train
60454,train
11176,train
18022,train
10196,train
70422,train
67126,train
43082,train
68362,train
21234,train
22252,train
33802,train
58193,train
3712,train
66819,train
3108,train
9772,train
67588,train
70000,train
64329,train
8142,train
57447,train
44444,train
24388,train
54893,train
8372,train
64465,train
8323,train
51878,train
70344,train
65794,train
55908,train
32563,train
36445,train
17477,train
52794,train
14857,train
40326,train
58661,train
9027,train
57155,train
36480,train
2219,train
41254,train
53233,train
34560,train
58208,train
2789,train
61966,train
9576,train
12787,train
22116,train
248,train
38662,train
62719,train
29402,train
28201,train
51003,train
43005,train
62469,train
23896,train
64516,train
21552,train
57754,train
21504,train
23911,train
39794,train
39041,train
66157,train
51901,train
38671,train
22172,train
19889,train
31086,train
60774,train
3519,train
53792,train
68734,train
46559,train
62342,train
61022,train
64758,train
66304,train
49364,train
48190,train
22075,train
37887,train
39761,train
15343,train
48496,train
17547,train
66336,train
467,train
13089,train
1895,train
62709,train
31108,train
12226,train
52328,train
31598,train
57554,train
67739,train
70105,train
20242,train
50598,train
1950,train
38571,train
45773,train
65862,train
36385,train
35060,train
56697,train
58281,train
30961,train
7997,train
69850,train
5512,train
44723,train
15944,train
39893,train
17202,train
57543,train
63297,train
43867,train
22727,train
26771,train
26195,train
24120,train
20316,train
15114,train
20892,train
45517,train
14307,train
8493,train
27175,train
26371,train
63490,train
11662,train
68498,train
67758,train
9072,train
17888,train
61801,train
10753,train
36152,train
7710,train
12033,train
57359,train
45473,train
2968,train
59536,train
20442,train
3001,train
19247,train
4308,train
55041,train
2990,train
52325,train
12654,train
2743,train
4107,train
35488,train
23277,train
31171,train
13423,train
49962,train
28710,train
50194,train
31921,train
51618,train
31804,train
49557,train
44437,train
59630,train
57812,train
2333,train
40542,train
46084,train
45595,train
61968,train
66465,train
14442,train
54961,train
55305,train
68186,train
54960,train
22467,train
21797,train
59258,train
17386,train
37226,train
60844,train
28000,train
15354,train
8273,train
38623,train
54743,train
27246,train
25178,train
9844,train
60376,train
11307,train
29925,train
40337,train
64842,train
21149,train
68467,train
58229,train
62663,train
41453,train
13725,train
55325,train
8745,train
47170,train
59616,train
50557,train
35123,train
63822,train
353,train
20698,train
53821,train
50736,train
1928,train
50028,train
42640,train
47520,train
15724,train
14948,train
17110,train
40196,train
61730,train
14222,train
6042,train
50677,train
11711,train
48538,train
65348,train
5502,train
51580,train
14241,train
41752,train
44102,train
57189,train
57051,train
39127,train
18325,train
18912,train
60315,train
11877,train
52231,train
23867,train
62964,train
30013,train
47072,train
56310,train
24550,train
64361,train
8491,train
42974,train
53532,train
61239,train
29713,train
55151,train
66021,train
12579,train
50366,train
42729,train
65793,train
34224,train
58898,train
17217,train
34362,train
44125,train
8254,train
41882,train
41736,train
19419,train
45427,train
57159,train
40245,train
67107,train
57618,train
34672,train
45724,train
26265,train
17501,train
13999,train
914,train
69657,train
3796,train
28659,train
46685,train
40674,train
31636,train
15902,train
16366,train
14877,train
48560,train
47226,train
39838,train
27336,train
20204,train
56984,train
65960,train
20971,train
39792,train
41042,train
41879,train
61870,train
14389,train
432,train
43616,train
32042,train
64325,train
43725,train
1758,train
8422,train
2479,train
10918,train
24417,train
29471,train
9448,train
57629,train
48342,train
25239,train
9654,train
3280,train
22217,train
65966,train
19878,train
21576,train
8240,train
31820,train
6903,train
57845,train
17144,train
4555,train
61122,train
21172,train
8823,train
67724,train
50099,train
52140,train
39722,train
27260,train
15394,train
17487,train
25485,train
16726,train
14759,train
20000,train
25315,train
44816,train
52950,train
37666,train
36700,train
10744,train
54777,train
58344,train
43678,train
42165,train
55951,train
65207,train
45559,train
45508,train
65751,train
68372,train
60613,train
25291,train
29621,train
67326,train
3476,train
62523,train
5424,train
31589,train
44078,train
48778,train
47497,train
31625,train
210,train
58455,train
31284,train
25049,train
53219,train
33421,train
68941,train
3429,train
11863,train
23969,train
5712,train
648,train
22087,train
59621,train
2793,train
5199,train
28041,train
58105,train
26698,train
63629,train
51779,train
9619,train
43372,train
2129,train
38541,train
53957,train
16511,train
40744,train
34098,train
34460,train
15069,train
62803,train
27016,train
5518,train
65306,train
53262,train
40707,train
65128,train
47148,train
54653,train
24818,train
63657,train
55150,train
45794,train
54265,train
25051,train
10880,train
31275,train
36068,train
52438,train
46669,train
17743,train
20582,train
65761,train
13142,train
64988,train
37757,train
56763,train
25096,train
59451,train
3260,train
38411,train
2376,train
1146,train
54010,train
29892,train
55950,train
36501,train
9311,train
20700,train
425,train
37324,train
43126,train
11275,train
17947,train
17428,train
26314,train
64893,train
10328,train
31097,train
23186,train
50959,train
4322,train
61760,train
70595,train
12549,train
28830,train
62081,train
62209,train
13430,train
58262,train
17175,train
26084,train
68712,train
35143,train
44941,train
68141,train
26340,train
59975,train
7488,train
26583,train
38748,train
54968,train
59051,train
60902,train
28086,train
49354,train
54641,train
10838,train
6319,train
20078,train
51848,train
17970,train
57214,train
14410,train
30812,train
12108,train
19561,train
12710,train
68481,train
40907,train
53770,train
19950,train
39226,train
44054,train
58605,train
11173,train
29003,train
31302,train
41153,train
13823,train
46882,train
30041,train
11093,train
16523,train
54500,train
49537,train
28807,train
51889,train
32017,train
19666,train
16546,train
60759,train
44130,train
63894,train
59723,train
43242,train
49552,train
32218,train
12970,train
27543,train
48196,train
8642,train
38331,train
53733,train
2106,train
29171,train
1133,train
27258,train
47845,train
67017,train
50596,train
17972,train
12826,train
33742,train
19551,train
43327,train
47163,train
36975,train
39569,train
55258,train
21548,train
14216,train
65388,train
33191,train
20632,train
6896,train
57944,train
6596,train
3072,train
27613,train
49966,train
32639,train
53990,train
55139,train
56430,train
19318,train
34907,train
66576,train
11410,train
64626,train
48892,train
63988,train
57412,train
48842,train
12123,train
41866,train
17088,train
62129,train
5663,train
68105,train
55411,train
23127,train
2428,train
22749,train
70326,train
30635,train
20181,train
16196,train
14457,train
4564,train
47856,train
5398,train
4300,train
44195,train
6044,train
8171,train
45585,train
44324,train
29880,train
16351,train
64735,train
31701,train
40599,train
36368,train
63788,train
39603,train
3728,train
35565,train
25228,train
20671,train
51368,train
48421,train
10972,train
66929,train
42500,train
57413,train
46881,train
39375,train
32467,train
39011,train
62648,train
14047,train
23614,train
65477,train
1567,train
6906,train
6986,train
54060,train
36868,train
27031,train
36312,train
58003,train
7368,train
8169,train
43838,train
59568,train
60463,train
59000,train
31233,train
45288,train
9137,train
46765,train
30725,train
39572,train
6682,train
5876,train
70640,train
62222,train
6116,train
57054,train
8248,train
49689,train
10097,train
60425,train
52353,train
32278,train
35995,train
43452,train
32448,train
54282,train
13340,train
33712,train
28930,train
39184,train
52484,train
20265,train
59097,train
42667,train
52608,train
27167,train
41026,train
22625,train
21117,train
26357,train
48427,train
17932,train
54852,train
6443,train
19583,train
34426,train
27458,train
46587,train
11414,train
15298,train
55757,train
55268,train
12035,train
43803,train
37339,train
59384,train
53089,train
27134,train
69749,train
13332,train
11891,train
20255,train
14471,train
68457,train
7010,train
29411,train
59636,train
36910,train
327,train
18845,train
43042,train
12189,train
50376,train
3277,train
52981,train
62220,train
21554,train
52979,train
11601,train
25434,train
34624,train
21714,train
52126,train
63726,train
29465,train
9638,train
31307,train
35386,train
53245,train
1100,train
64237,train
25798,train
4643,train
59824,train
32611,train
6918,train
3780,train
28220,train
32418,train
60355,train
43649,train
25518,train
40997,train
44620,train
30669,train
46031,train
24566,train
39328,train
21498,train
29277,train
27272,train
27581,train
47829,train
53163,train
45604,train
35312,train
62148,train
13213,train
22818,train
17507,train
51561,train
36973,train
6527,train
37872,train
37735,train
23181,train
17986,train
6878,train
17455,train
48919,train
4356,train
66593,train
44230,train
60256,train
64158,train
29565,train
7435,train
66103,train
41193,train
62924,train
67517,train
18679,train
36528,train
54321,train
35898,train
3133,train
25497,train
3048,train
69049,train
33675,train
29729,train
16674,train
57964,train
38090,train
49236,train
53204,train
61677,train
47363,train
53241,train
38610,train
21004,train
66849,train
27939,train
44042,train
54297,train
34276,train
37485,train
700,train
48822,train
36476,train
24356,train
45033,train
68364,train
11206,train
29670,train
58733,train
12552,train
2724,train
560,train
22507,train
23801,train
63878,train
14536,train
56824,train
44048,train
43102,train
45800,train
6442,train
5341,train
46085,train
35522,train
27056,train
16641,train
52883,train
66636,train
24942,train
5564,train
32590,train
4502,train
65439,train
4609,train
13060,train
62431,train
5009,train
803,train
19125,train
17456,train
44864,train
38865,train
28492,train
49231,train
52408,train
28509,train
47021,train
59223,train
33986,train
13732,train
65269,train
5599,train
52336,train
41638,train
31509,train
14071,train
66896,train
561,train
107,train
30071,train
61026,train
18661,train
37054,train
10563,train
20028,train
9701,train
59988,train
64624,train
36173,train
49228,train
4870,train
4768,train
55597,train
58752,train
34118,train
38866,train
61469,train
5362,train
24241,train
28027,train
7216,train
40303,train
38688,train
55568,train
62918,train
31393,train
49418,train
36711,train
15934,train
60784,train
32592,train
16719,train
2959,train
38453,train
22575,train
13064,train
7045,train
35615,train
8233,train
29514,train
7587,train
67674,train
15452,train
61629,train
57686,train
14547,train
31829,train
12985,train
58306,train
8035,train
9505,train
56414,train
25140,train
44885,train
21546,train
44375,train
39994,train
44173,train
40884,train
65766,train
51679,train
42821,train
67456,train
3210,train
26962,train
68117,train
62300,train
30530,train
68116,train
4518,train
56780,train
52396,train
56973,train
27485,train
28811,train
6164,train
44730,train
68788,train
60596,train
60248,train
39781,train
55185,train
31853,train
47541,train
23874,train
42438,train
43644,train
22694,train
45871,train
17027,train
11799,train
61049,train
58346,train
42787,train
19404,train
60384,train
37000,train
53195,train
51162,train
33592,train
17129,train
1789,train
20600,train
4143,train
53272,train
30719,train
35349,train
47753,train
18884,train
59266,train
36517,train
63978,train
64257,train
5376,train
25120,train
1557,train
13362,train
52668,train
55061,train
59032,train
61912,train
39137,train
36369,train
9468,train
53476,train
36275,train
18471,train
55298,train
12238,train
49387,train
39517,train
20450,train
67889,train
62011,train
48495,train
47869,train
30425,train
6388,train
44150,train
45265,train
68863,train
58345,train
28372,train
42492,train
31438,train
38625,train
34051,train
48651,train
49713,train
46785,train
32555,train
2457,train
37611,train
38517,train
22469,train
48474,train
32632,train
56645,train
62120,train
4394,train
63903,train
34537,train
58024,train
35276,train
65195,train
17638,train
45172,train
46858,train
24492,train
4212,train
55028,train
48227,train
26678,train
45091,train
11612,train
35302,train
4627,train
38274,train
22817,train
52039,train
2847,train
34329,train
16984,train
40912,train
4377,train
30879,train
379,train
55335,train
20577,train
65984,train
26905,train
19654,train
38649,train
62126,train
37822,train
65553,train
67707,train
60504,train
38131,train
9058,train
23138,train
52694,train
47579,train
70545,train
49631,train
4077,train
34168,train
49526,train
16021,train
41691,train
4674,train
61999,train
31617,train
61128,train
34382,train
48801,train
29327,train
18723,train
66782,train
62675,train
46798,train
53247,train
56177,train
30634,train
23271,train
26828,train
28226,train
15337,train
2180,train
27557,train
45690,train
42149,train
41059,train
20882,train
39516,train
17093,train
32342,train
50659,train
8700,train
7380,train
48918,train
46710,train
10529,train
33973,train
54807,train
64123,train
43334,train
9877,train
58524,train
22096,train
46179,train
2850,train
61883,train
68845,train
53978,train
53783,train
33452,train
66645,train
12374,train
34742,train
24147,train
7948,train
35691,train
39509,train
34959,train
55013,train
5705,train
18134,train
23147,train
9452,train
38878,train
58392,train
49086,train
44583,train
2937,train
18159,train
56179,train
8489,train
23473,train
4260,train
56296,train
9329,train
11760,train
41835,train
46875,train
8436,train
31600,train
63302,train
61365,train
43804,train
1748,train
33844,train
63408,train
1341,train
19517,train
63504,train
4556,train
14616,train
25530,train
3353,train
12830,train
15946,train
0,train
37996,train
15509,train
62600,train
70440,train
10075,train
44764,train
36253,train
24809,train
42266,train
33166,train
58309,train
6639,train
44175,train
61556,train
34585,train
30942,train
47578,train
45760,train
34728,train
2400,train
70598,train
60654,train
21170,train
53927,train
68684,train
54556,train
2591,train
69359,train
56169,train
46578,train
7545,train
50171,train
59612,train
18456,train
9821,train
54617,train
49116,train
33832,train
47409,train
48780,train
70659,train
32018,train
9958,train
479,train
15856,train
18494,train
66621,train
10282,train
44717,train
30751,train
27849,train
44430,train
32854,train
34908,train
29693,train
58004,train
56237,train
33634,train
3263,train
26594,train
34006,train
60700,train
43277,train
28700,train
6806,train
18310,train
49500,train
61388,train
47054,train
18052,train
25598,train
58704,train
16423,train
37672,train
51056,train
61207,train
29486,train
19161,train
50682,train
60018,train
64252,train
36731,train
45229,train
3553,train
32253,train
26053,train
36807,train
60040,train
33080,train
13,train
27440,train
24961,train
34926,train
68286,train
48537,train
13835,train
7745,train
40569,train
21679,train
40109,train
456,train
3658,train
50930,train
5177,train
11941,train
40420,train
31299,train
69712,train
42475,train
32390,train
50885,train
44065,train
41307,train
24743,train
51545,train
44020,train
49802,train
63231,train
49476,train
9570,train
13839,train
31093,train
60170,train
2987,train
5478,train
58266,train
62,train
28194,train
52735,train
32530,train
68139,train
64054,train
28,train
22218,train
26167,train
5373,train
57922,train
10729,train
39059,train
41381,train
8015,train
69192,train
33913,train
36634,train
45248,train
31608,train
27177,train
40644,train
45098,train
24184,train
58411,train
28771,train
55938,train
21391,train
44947,train
32369,train
22548,train
31430,train
58612,train
21541,train
40472,train
3065,train
25144,train
55279,train
68135,train
2596,train
30624,train
22031,train
50946,train
14704,train
30163,train
18499,train
13056,train
9491,train
22387,train
13322,train
28872,train
60086,train
49481,train
54022,train
7192,train
22677,train
32427,train
16648,train
37123,train
13597,train
14874,train
31124,train
55735,train
572,train
14896,train
466,train
6585,train
29141,train
30768,train
22438,train
43269,train
29890,train
25484,train
50816,train
42536,train
30410,train
58927,train
56235,train
22584,train
60296,train
12675,train
48759,train
34696,train
24630,train
18580,train
52179,train
27113,train
5598,train
41990,train
40242,train
176,train
65560,train
51544,train
32072,train
43657,train
52586,train
14276,train
37912,train
24340,train
63110,train
26014,train
10527,train
25163,train
21389,train
21721,train
52536,train
39656,train
10784,train
68653,train
47153,train
20470,train
5122,train
14095,train
62200,train
36454,train
53236,train
22654,train
5539,train
25913,train
35884,train
57558,train
57566,train
25892,train
43383,train
2574,train
35063,train
11813,train
21724,train
42385,train
46311,train
47767,train
47189,train
70665,train
52519,train
16241,train
8675,train
20993,train
42870,train
36604,train
15586,train
64442,train
61109,train
12172,train
59578,train
22046,train
44635,train
29216,train
25445,train
35558,train
66509,train
33696,train
15885,train
66378,train
42058,train
46878,train
31522,train
44932,train
3246,train
53293,train
50136,train
47751,train
44915,train
36190,train
29572,train
5137,train
61176,train
16532,train
69396,train
57776,train
23786,train
17243,train
53825,train
48720,train
60532,train
33616,train
1346,train
3354,train
67628,train
49984,train
58946,train
46094,train
37125,train
11234,train
1075,train
62931,train
2790,train
36457,train
44779,train
34169,train
19292,train
37497,train
18379,train
61131,train
62863,train
13050,train
19281,train
7890,train
63168,train
37689,train
21434,train
43918,train
28460,train
18662,train
5853,train
15970,train
48117,train
1217,train
34319,train
41876,train
51763,train
64342,train
36652,train
40641,train
69788,train
51127,train
50695,train
63587,train
22770,train
21785,train
42087,train
53485,train
47672,train
3088,train
54461,train
53030,train
29724,train
8062,train
35039,train
2806,train
3685,train
20841,train
41967,train
21114,train
21671,train
28159,train
4591,train
66037,train
11952,train
64457,train
68659,train
59864,train
25373,train
16586,train
15120,train
66127,train
65947,train
29049,train
16068,train
5774,train
328,train
42749,train
17685,train
39940,train
43014,train
16544,train
22945,train
24188,train
26528,train
54530,train
70686,train
63236,train
42324,train
10204,train
19172,train
38448,train
53974,train
38385,train
26711,train
43140,train
61666,train
10780,train
65845,train
40553,train
65492,train
27907,train
3624,train
832,train
69512,train
28744,train
70583,train
1058,train
47688,train
63152,train
36389,train
16228,train
63061,train
66980,train
44973,train
46924,train
11488,train
70410,train
8448,train
64042,train
48353,train
62301,train
51737,train
31425,train
68918,train
40873,train
45135,train
52443,train
68854,train
17082,train
27674,train
43860,train
10257,train
28696,train
68708,train
5628,train
13101,train
19669,train
43522,train
6014,train
55280,train
48788,train
49769,train
28912,train
68922,train
28448,train
58904,train
46872,train
39181,train
12847,train
58866,train
63753,train
4810,train
22824,train
12790,train
49633,train
44780,train
21240,train
17767,train
28652,train
70374,train
9859,train
7236,train
29159,train
70531,train
33946,train
11157,train
28054,train
65593,train
4227,train
69369,train
13369,train
16526,train
18911,train
16344,train
14622,train
35799,train
59294,train
66938,train
7094,train
23215,train
39613,train
19412,train
14385,train
42419,train
16594,train
2501,train
18712,train
8327,train
18797,train
11227,train
15042,train
47349,train
11654,train
15348,train
57827,train
62611,train
19840,train
63707,train
26604,train
44153,train
48561,train
24203,train
42200,train
42415,train
46997,train
30904,train
64786,train
49037,train
36085,train
48508,train
57884,train
61477,train
45515,train
51547,train
27726,train
38396,train
1076,train
3431,train
35229,train
23622,train
36707,train
27303,train
50725,train
62786,train
28950,train
20939,train
17567,train
9174,train
67269,train
38622,train
54904,train
49603,train
45539,train
44217,train
500,train
13538,train
57317,train
18462,train
7194,train
22225,train
26362,train
20803,train
13540,train
63241,train
11171,train
52349,train
63412,train
17951,train
12181,train
10884,train
25720,train
35054,train
59562,train
70323,train
46289,train
65099,train
31041,train
47513,train
65908,train
69490,train
17609,train
14666,train
27642,train
20396,train
4858,train
33275,train
33611,train
60258,train
14751,train
55227,train
42313,train
68425,train
60826,train
13319,train
22297,train
48646,train
5760,train
63052,train
63823,train
55812,train
14735,train
27777,train
8236,train
43878,train
40788,train
61905,train
8103,train
22662,train
54190,train
48004,train
20533,train
16272,train
28624,train
26321,train
42494,train
2861,train
33196,train
2660,train
15684,train
33972,train
18251,train
13590,train
8121,train
23613,train
35489,train
32322,train
11240,train
65954,train
18031,train
16699,train
35082,train
36483,train
14435,train
63084,train
56166,train
69799,train
19219,train
3602,train
60361,train
39377,train
41019,train
34655,train
23895,train
22855,train
23455,train
17856,train
70446,train
70293,train
47370,train
14387,train
39802,train
14920,train
28966,train
30817,train
4479,train
4884,train
60096,train
38239,train
34307,train
13919,train
22122,train
45286,train
37076,train
4027,train
51323,train
32787,train
60009,train
53566,train
11106,train
46678,train
65357,train
10856,train
21718,train
28287,train
18875,train
69887,train
46987,train
36168,train
35826,train
46087,train
68329,train
64031,train
58390,train
19574,train
44050,train
14278,train
8292,train
20025,train
43632,train
55015,train
31970,train
70373,train
37498,train
25437,train
46705,train
65260,train
16093,train
10613,train
52834,train
35032,train
26294,train
12145,train
63852,train
60479,train
32015,train
4774,train
46478,train
13028,train
16645,train
26937,train
5485,train
19215,train
70259,train
24968,train
25083,train
45989,train
47028,train
60486,train
14461,train
55274,train
67437,train
14076,train
39787,train
27663,train
34939,train
68650,train
40560,train
10850,train
22051,train
39193,train
8075,train
30104,train
59691,train
32077,train
37618,train
8974,train
22800,train
24502,train
47410,train
57804,train
55923,train
37232,train
28324,train
62193,train
33468,train
51495,train
29279,train
58307,train
59618,train
39947,train
18557,train
60751,train
36054,train
69009,train
59796,train
66555,train
30219,train
42176,train
68919,train
30522,train
18089,train
50614,train
28337,train
13937,train
19268,train
9234,train
42811,train
45421,train
64941,train
31951,train
33623,train
24060,train
14030,train
47636,train
68038,train
11000,train
25355,train
23411,train
34042,train
65085,train
44679,train
58543,train
2388,train
47537,train
5738,train
44713,train
5127,train
21450,train
8956,train
13310,train
35448,train
8301,train
67654,train
19399,train
21353,train
66728,train
41868,train
40821,train
22995,train
57351,train
57213,train
29917,train
29299,train
13526,train
32238,train
10288,train
19185,train
2472,train
8767,train
39260,train
40937,train
58531,train
27454,train
43148,train
27711,train
2594,train
25087,train
64848,train
24398,train
53625,train
48987,train
56490,train
70313,train
2364,train
33223,train
31260,train
1296,train
41239,train
51293,train
31682,train
40848,train
44868,train
27846,train
55869,train
35059,train
14021,train
3489,train
69380,train
17413,train
39038,train
1576,train
32504,train
40970,train
1409,train
50631,train
10412,train
62423,train
42891,train
45710,train
21010,train
56525,train
10982,train
52218,train
3049,train
55567,train
44744,train
6250,train
44090,train
18685,train
28766,train
68258,train
24330,train
12523,train
9580,train
53415,train
31055,train
22751,train
48386,train
56881,train
18041,train
7261,train
10379,train
3267,train
40578,train
3000,train
15110,train
33878,train
20480,train
3366,train
54938,train
33454,train
1813,train
66121,train
57792,train
13418,train
52220,train
37214,train
24690,train
38787,train
58102,train
18936,train
55012,train
45775,train
61519,train
21695,train
52568,train
49916,train
1908,train
16354,train
21777,train
6580,train
51490,train
40206,train
33156,train
57431,train
66445,train
1993,train
15599,train
13023,train
32665,train
61910,train
41315,train
36938,train
45789,train
68063,train
26042,train
5977,train
41954,train
10750,train
13087,train
62414,train
59836,train
57640,train
48883,train
56123,train
9897,train
6631,train
36769,train
64496,train
18571,train
37194,train
12953,train
18658,train
9885,train
25872,train
52592,train
21314,train
60093,train
37633,train
12879,train
65324,train
39788,train
36346,train
8693,train
56674,train
21204,train
4880,train
65335,train
40649,train
25652,train
16176,train
6859,train
27446,train
60,train
10461,train
58019,train
1485,train
28136,train
4221,train
67556,train
9327,train
66964,train
66111,train
9017,train
18628,train
55007,train
2430,train
14914,train
54843,train
56950,train
44905,train
69674,train
47728,train
13465,train
15651,train
25748,train
26804,train
19662,train
45021,train
66606,train
15342,train
65705,train
22942,train
51472,train
63698,train
2133,train
17264,train
3020,train
26950,train
40748,train
58796,train
39646,train
64066,train
62826,train
5303,train
35629,train
44533,train
22947,train
9484,train
63738,train
28614,train
66164,train
14951,train
14898,train
11915,train
2334,train
10112,train
27108,train
23391,train
48393,train
70385,train
19678,train
37515,train
8633,train
56927,train
60157,train
7693,train
33027,train
29217,train
56941,train
9141,train
42358,train
34853,train
34097,train
32314,train
12743,train
27151,train
17716,train
20289,train
11374,train
9745,train
5505,train
45038,train
35552,train
36090,train
39087,train
66136,train
20393,train
36758,train
1738,train
49515,train
31824,train
48476,train
16364,train
51377,train
24137,train
526,train
627,train
55293,train
27853,train
50892,train
68120,train
10696,train
65536,train
50501,train
69942,train
41442,train
26762,train
38025,train
41015,train
19605,train
21288,train
47542,train
70133,train
57809,train
27226,train
53790,train
48749,train
21129,train
58558,train
60081,train
25289,train
38477,train
46470,train
48649,train
16720,train
14963,train
33163,train
53871,train
47359,train
5984,train
19427,train
2668,train
54814,train
31561,train
47282,train
29201,train
55264,train
55607,train
18680,train
42105,train
53523,train
50151,train
68636,train
4108,train
37396,train
41888,train
69818,train
60371,train
23486,train
54392,train
46972,train
24322,train
55968,train
69072,train
60898,train
46921,train
6305,train
20767,train
23389,train
52716,train
46840,train
57840,train
22877,train
17135,train
42675,train
44420,train
47135,train
58305,train
57525,train
62783,train
60716,train
51257,train
59203,train
39670,train
59039,train
21134,train
3061,train
47261,train
9471,train
44447,train
45132,train
52099,train
67740,train
54888,train
16392,train
28347,train
8375,train
22434,train
57851,train
28031,train
44334,train
38816,train
47851,train
57937,train
29642,train
24815,train
43291,train
26083,train
2924,train
12907,train
36325,train
37012,train
39873,train
15018,train
50112,train
31182,train
68584,train
58190,train
45654,train
29325,train
5018,train
41794,train
49543,train
32485,train
67486,train
12134,train
38609,train
64131,train
69752,train
51510,train
51647,train
50931,train
32444,train
16274,train
2269,train
57981,train
5720,train
22607,train
19191,train
20502,train
5658,train
32352,train
30780,train
39450,train
28263,train
14203,train
58132,train
58151,train
22559,train
52901,train
34034,train
25308,train
11929,train
3870,train
28207,train
31017,train
61535,train
23505,train
51940,train
69034,train
13154,train
427,train
43809,train
66165,train
43131,train
34718,train
57248,train
16295,train
59990,train
1344,train
33943,train
42068,train
50269,train
3565,train
29931,train
66624,train
66250,train
45315,train
53129,train
27966,train
41076,train
58756,train
59685,train
19074,train
13204,train
5580,train
23129,train
46371,train
36019,train
12624,train
61962,train
47668,train
69870,train
70525,train
31040,train
24508,train
6181,train
2737,train
60482,train
26687,train
32020,train
38332,train
32254,train
29784,train
28822,train
53180,train
60783,train
48188,train
48488,train
27789,train
16987,train
54148,train
24335,train
11284,train
69525,train
10357,train
28229,train
4852,train
57895,train
52714,train
21624,train
5221,train
3806,train
67760,train
60907,train
61854,train
14747,train
43398,train
24679,train
20076,train
27649,train
183,train
61062,train
60529,train
6750,train
46664,train
50801,train
47299,train
31772,train
27844,train
26983,train
68670,train
67298,train
34913,train
26067,train
12613,train
33265,train
45192,train
64277,train
55658,train
9276,train
28028,train
63253,train
42381,train
6783,train
27482,train
48622,train
42921,train
64667,train
22409,train
2111,train
53648,train
35785,train
21102,train
45441,train
11493,train
32759,train
26985,train
51309,train
68497,train
26708,train
53441,train
56170,train
53330,train
36763,train
69449,train
64798,train
18170,train
29246,train
64949,train
58559,train
39912,train
21791,train
43342,train
24813,train
59717,train
17337,train
68065,train
21917,train
36156,train
48789,train
33514,train
49219,train
47508,train
44169,train
33453,train
35391,train
10231,train
26243,train
2328,train
55552,train
65709,train
60107,train
38939,train
35937,train
53967,train
28604,train
30467,train
23167,train
33298,train
34538,train
35501,train
12890,train
149,train
61691,train
13619,train
53164,train
22543,train
46399,train
65060,train
7277,train
22813,train
67195,train
21749,train
45809,train
14142,train
32686,train
44209,train
43263,train
51239,train
4176,train
14998,train
17321,train
20796,train
20376,train
58689,train
18072,train
70147,train
35782,train
15006,train
7054,train
10611,train
14102,train
34012,train
39765,train
8717,train
11714,train
21493,train
9959,train
32657,train
63954,train
23164,train
31388,train
16474,train
11545,train
18608,train
51155,train
20249,train
21047,train
62880,train
5562,train
7116,train
46741,train
19085,train
2347,train
25776,train
8706,train
13150,train
66712,train
20035,train
46968,train
10598,train
46496,train
45448,train
35089,train
29454,train
1379,train
10894,train
15084,train
67067,train
36428,train
7934,train
26727,train
15544,train
25077,train
43358,train
9730,train
41536,train
61961,train
22557,train
21107,train
246,train
46747,train
49486,train
29849,train
69913,train
12314,train
40403,train
29361,train
62802,train
56137,train
22166,train
53172,train
11572,train
38164,train
40863,train
22943,train
32862,train
30489,train
22535,train
48509,train
19809,train
22483,train
6873,train
38707,train
3012,train
42812,train
8168,train
61971,train
18404,train
26926,train
28485,train
40772,train
36184,train
59286,train
41925,train
61231,train
50500,train
2645,train
70317,train
64841,train
11911,train
21008,train
26235,train
65623,train
7709,train
4560,train
62865,train
56492,train
17551,train
27302,train
64034,train
19338,train
58838,train
47510,train
33839,train
40697,train
7704,train
26510,train
10743,train
7173,train
40562,train
24516,train
27529,train
38730,train
37038,train
42983,train
14934,train
52295,train
1023,train
42214,train
37904,train
9949,train
1819,train
60396,train
58990,train
4659,train
58407,train
39827,train
61215,train
23693,train
30036,train
61509,train
26343,train
62230,train
31075,train
51099,train
68287,train
58354,train
56770,train
40465,train
64449,train
37858,train
24648,train
3874,train
64804,train
57247,train
9250,train
56541,train
40136,train
38803,train
54354,train
20002,train
38301,train
56486,train
20604,train
55704,train
15440,train
64860,train
29038,train
70205,train
10714,train
8870,train
3103,train
24301,train
61380,train
55515,train
16961,train
24683,train
31595,train
38108,train
51853,train
32610,train
60711,train
56190,train
38989,train
65943,train
14592,train
62829,train
32968,train
57834,train
59422,train
6083,train
16971,train
1844,train
21473,train
28149,train
7369,train
50353,train
27343,train
66457,train
68317,train
65109,train
22529,train
55500,train
19421,train
19232,train
68665,train
66867,train
48722,train
2927,train
36117,train
55455,train
11518,train
38798,train
64179,train
22121,train
10772,train
66592,train
14984,train
47822,train
54120,train
69811,train
62458,train
16673,train
51995,train
63353,train
8113,train
691,train
55980,train
43100,train
26191,train
56851,train
1814,train
69884,train
39888,train
24498,train
65169,train
25908,train
59971,train
17652,train
46666,train
21796,train
33419,train
51041,train
45680,train
30279,train
26783,train
70630,train
52149,train
48063,train
38217,train
70207,train
16669,train
13007,train
49574,train
60169,train
15634,train
13694,train
25963,train
18295,train
19829,train
10600,train
66442,train
2772,train
38002,train
38716,train
34184,train
68601,train
22764,train
66230,train
47465,train
65909,train
12471,train
2897,train
59633,train
61718,train
23857,train
50923,train
52640,train
62790,train
61630,train
25057,train
61967,train
11124,train
41651,train
8056,train
65366,train
56592,train
35808,train
1088,train
33221,train
30300,train
68722,train
31638,train
29022,train
28711,train
63782,train
35866,train
65756,train
317,train
17513,train
34842,train
19315,train
42740,train
58970,train
39927,train
43737,train
24664,train
33385,train
12102,train
23755,train
57057,train
65156,train
56581,train
35348,train
25074,train
41701,train
11776,train
64162,train
4299,train
58089,train
62058,train
14152,train
63863,train
30365,train
44459,train
26268,train
8765,train
67916,train
12969,train
41940,train
2339,train
16356,train
47418,train
58083,train
40459,train
3502,train
66475,train
15548,train
28293,train
34824,train
63487,train
15893,train
51952,train
31849,train
11446,train
8477,train
38191,train
2531,train
20605,train
43279,train
15751,train
53780,train
65952,train
49850,train
20455,train
57046,train
3268,train
30932,train
20780,train
25918,train
54794,train
13760,train
27857,train
20815,train
17332,train
64753,train
20203,train
54408,train
31773,train
48456,train
9167,train
48816,train
59277,train
18952,train
17922,train
5347,train
21971,train
44258,train
49640,train
65272,train
28895,train
64818,train
48436,train
36578,train
64726,train
27148,train
52684,train
21439,train
20052,train
25378,train
36895,train
29627,train
45463,train
12052,train
59007,train
36390,train
19898,train
38145,train
35260,train
20680,train
62902,train
57173,train
2239,train
29184,train
15996,train
69611,train
38006,train
55763,train
13980,train
37272,train
64211,train
50163,train
51661,train
1465,train
54319,train
64674,train
34465,train
64974,train
52970,train
48308,train
3080,train
38626,train
7878,train
6023,train
57379,train
18927,train
50491,train
26451,train
13131,train
44047,train
26165,train
27036,train
24954,train
34458,train
50643,train
10814,train
66011,train
47628,train
32719,train
7759,train
15814,train
42477,train
41943,train
44034,train
10759,train
28608,train
4563,train
52926,train
67385,train
15389,train
3807,train
63538,train
39073,train
53066,train
49196,train
27295,train
58808,train
52648,train
14376,train
5223,train
27942,train
16626,train
47742,train
3695,train
6687,train
2669,train
17625,train
14582,train
17850,train
43132,train
35990,train
62231,train
49281,train
42905,train
10947,train
52104,train
15886,train
52258,train
39549,train
34082,train
26333,train
15748,train
48733,train
34693,train
67615,train
235,train
7165,train
35078,train
60880,train
35720,train
53535,train
62368,train
51608,train
53202,train
28737,train
37799,train
24899,train
37460,train
70687,train
39605,train
45846,train
17395,train
51080,train
30671,train
63473,train
10383,train
44590,train
63208,train
4511,train
47713,train
51342,train
12581,train
14117,train
63945,train
6624,train
64317,train
12984,train
26219,train
22746,train
23888,train
16291,train
50396,train
3818,train
9447,train
16949,train
44948,train
59923,train
68795,train
8042,train
27530,train
55144,train
5294,train
54633,train
40147,train
18324,train
5909,train
58819,train
29044,train
64429,train
60509,train
21895,train
64140,train
58781,train
18338,train
18890,train
24876,train
30085,train
22489,train
20290,train
9564,train
7070,train
53948,train
64477,train
31994,train
7481,train
21461,train
49832,train
40404,train
3254,train
33813,train
33506,train
61489,train
11926,train
68397,train
54008,train
11092,train
29778,train
26550,train
39752,train
31528,train
68938,train
62525,train
49999,train
37846,train
44913,train
18531,train
56325,train
14225,train
52459,train
29630,train
53353,train
31485,train
65719,train
68243,train
51122,train
55974,train
51013,train
13661,train
31991,train
66329,train
55785,train
68745,train
45360,train
22819,train
4558,train
34849,train
70216,train
38057,train
51000,train
1878,train
3342,train
27753,train
31821,train
9223,train
48312,train
31213,train
48569,train
62421,train
51936,train
51420,train
63724,train
69651,train
47133,train
11727,train
40870,train
58854,train
32989,train
39867,train
31928,train
13954,train
13257,train
15347,train
57546,train
42553,train
19189,train
62626,train
10423,train
57899,train
13347,train
25828,train
8544,train
38704,train
15780,train
751,train
33005,train
21963,train
49673,train
44874,train
64523,train
29935,train
65812,train
52558,train
56017,train
10441,train
6593,train
14161,train
49806,train
3666,train
61779,train
65347,train
57121,train
50613,train
22368,train
45895,train
51229,train
47839,train
65573,train
7881,train
31571,train
59978,train
34884,train
7298,train
25756,train
36044,train
773,train
68382,train
55191,train
54935,train
17414,train
69391,train
33162,train
69003,train
32159,train
2689,train
18084,train
23146,train
66046,train
15741,train
52574,train
26406,train
42261,train
28273,train
8885,train
69979,train
5219,train
29362,train
45306,train
41696,train
70520,train
38469,train
58782,train
3753,train
42568,train
27462,train
55287,train
4144,train
53713,train
54130,train
34074,train
67575,train
15256,train
32644,train
49621,train
12501,train
17007,train
384,train
10084,train
14014,train
22705,train
39767,train
6066,train
58383,train
24506,train
65321,train
41065,train
11329,train
48937,train
44424,train
7434,train
13525,train
4475,train
69521,train
11563,train
17601,train
21347,train
50121,train
12719,train
2756,train
63611,train
12590,train
40978,train
32524,train
20092,train
7185,train
7202,train
57742,train
18862,train
15549,train
18179,train
32177,train
23579,train
60674,train
64812,train
62765,train
2044,train
55442,train
5851,train
7174,train
67593,train
40219,train
62690,train
52845,train
50797,train
60776,train
44600,train
34041,train
32981,train
36746,train
63459,train
6432,train
9308,train
30415,train
62112,train
14040,train
10879,train
65303,train
31986,train
1308,train
48808,train
24141,train
5641,train
3319,train
66549,train
53850,train
12092,train
27306,train
19757,train
64185,train
3509,train
58250,train
46298,train
69931,train
38052,train
55270,train
39738,train
62744,train
44909,train
1634,train
54694,train
59210,train
21611,train
36400,train
4863,train
33316,train
55732,train
11578,train
33554,train
33387,train
12434,train
51799,train
23637,train
12425,train
17729,train
23028,train
27910,train
352,train
35289,train
62404,train
5773,train
35405,train
61218,train
5558,train
27146,train
38393,train
59622,train
58707,train
3706,train
4429,train
60113,train
12677,train
40173,train
40467,train
20733,train
60643,train
10091,train
21477,train
23528,train
60126,train
31510,train
55235,train
59678,train
62306,train
9403,train
7931,train
49510,train
42116,train
61387,train
15174,train
36527,train
58822,train
64537,train
53461,train
775,train
46160,train
20022,train
27897,train
18231,train
13518,train
47708,train
46062,train
59202,train
11417,train
41495,train
60726,train
38711,train
27392,train
21902,train
52181,train
14041,train
44389,train
24963,train
49417,train
47828,train
40603,train
66768,train
66967,train
57133,train
63267,train
38077,train
49782,train
18506,train
25693,train
24970,train
42761,train
43330,train
34149,train
36375,train
63750,train
48660,train
8077,train
61028,train
5844,train
34505,train
13633,train
65,train
67954,train
32713,train
64319,train
37718,train
23192,train
53074,train
58816,train
63589,train
59,train
45432,train
40646,train
65214,train
9559,train
36611,train
61037,train
2911,train
69675,train
28102,train
58127,train
18232,train
56936,train
41565,train
37625,train
32909,train
38064,train
22671,train
13325,train
32562,train
48512,train
16620,train
9404,train
53583,train
23731,train
22968,train
46935,train
30943,train
16685,train
44815,train
57608,train
53892,train
18650,train
22392,train
4707,train
44596,train
54689,train
14960,train
26486,train
58269,train
35242,train
32313,train
32726,train
53975,train
67847,train
54523,train
62515,train
56053,train
55823,train
27648,train
50085,train
6466,train
30969,train
46604,train
400,train
18692,train
61784,train
7050,train
20419,train
49329,train
8889,train
49738,train
21035,train
47470,train
13572,train
46036,train
5234,train
36140,train
61915,train
61577,train
18357,train
58582,train
33942,train
59785,train
39850,train
15733,train
8762,train
63345,train
1243,train
17258,train
28023,train
11820,train
39445,train
36294,train
15238,train
37539,train
15798,train
58526,train
62032,train
33660,train
16094,train
54502,train
26885,train
5942,train
26359,train
16848,train
41998,train
37524,train
41257,train
23232,train
20876,train
15147,train
4020,train
28510,train
41397,train
38766,train
42854,train
48605,train
12649,train
12260,train
18774,train
7029,train
22841,train
34194,train
7983,train
27061,train
48787,train
64795,train
34928,train
3091,train
63737,train
24132,train
40069,train
895,train
3913,train
68520,train
31384,train
19276,train
24329,train
32279,train
56020,train
22352,train
20407,train
31497,train
28024,train
20962,train
15321,train
54329,train
1944,train
62674,train
19686,train
2852,train
51726,train
57191,train
31621,train
69537,train
52893,train
51809,train
57160,train
9253,train
24565,train
52731,train
56610,train
46527,train
42082,train
4173,train
5783,train
60282,train
32124,train
28886,train
5023,train
9666,train
66313,train
29240,train
29999,train
127,train
50401,train
50262,train
43174,train
42294,train
38110,train
5956,train
27503,train
37099,train
2880,train
350,train
48891,train
33339,train
25117,train
14618,train
21317,train
2971,train
58044,train
59050,train
38445,train
16573,train
47557,train
15585,train
29782,train
40250,train
18079,train
66184,train
64952,train
48437,train
3691,train
3512,train
22260,train
15059,train
13233,train
19990,train
9134,train
48251,train
31548,train
33555,train
37893,train
42995,train
3511,train
58090,train
24067,train
10125,train
15579,train
47832,train
43033,train
56253,train
43047,train
30558,train
47361,train
65000,train
57994,train
65098,train
37102,train
53688,train
57421,train
5074,train
61624,train
62891,train
24308,train
55380,train
28901,train
261,train
62664,train
31746,train
39545,train
8193,train
23542,train
30106,train
69889,train
12042,train
17249,train
1083,train
31731,train
64556,train
39393,train
47452,train
56655,train
5124,train
36144,train
13950,train
24021,train
50024,train
2687,train
10986,train
67383,train
66267,train
69994,train
3014,train
45254,train
31239,train
21081,train
70564,train
65704,train
45484,train
34190,train
20225,train
37553,train
69146,train
8443,train
61541,train
44970,train
68744,train
39615,train
63842,train
66757,train
7919,train
63882,train
57749,train
7421,train
28223,train
25785,train
32056,train
61496,train
16280,train
56449,train
43367,train
38616,train
12324,train
7902,train
10752,train
17432,train
33405,train
40993,train
9040,train
5321,train
29397,train
64971,train
9031,train
15927,train
62212,train
62759,train
43135,train
57802,train
31072,train
52914,train
16912,train
32204,train
553,train
30661,train
2494,train
12430,train
68781,train
56994,train
24153,train
17624,train
45000,train
47880,train
10812,train
53014,train
30861,train
45739,train
2982,train
4590,train
67025,train
37842,train
53029,train
64983,train
60723,train
53388,train
70310,train
60095,train
47169,train
17206,train
34565,train
24341,train
46198,train
44972,train
20952,train
19456,train
30116,train
46353,train
41265,train
65963,train
7923,train
39223,train
452,train
36254,train
48853,train
5368,train
33215,train
61187,train
26043,train
7084,train
14081,train
20826,train
40143,train
23798,train
33151,train
8152,train
57237,train
632,train
54656,train
65331,train
2646,train
21034,train
14799,train
57746,train
19647,train
35955,train
50036,train
55930,train
46722,train
29943,train
35323,train
70491,train
24560,train
39387,train
27818,train
48828,train
21966,train
48640,train
18380,train
58775,train
10022,train
46525,train
7999,train
15401,train
59933,train
24044,train
15194,train
57098,train
27496,train
45355,train
64838,train
30963,train
13464,train
34146,train
20416,train
14399,train
43724,train
55853,train
27335,train
8947,train
23457,train
66276,train
62337,train
9117,train
41871,train
68720,train
54637,train
57560,train
29166,train
54678,train
33788,train
33846,train
57768,train
37917,train
9589,train
20914,train
47355,train
10751,train
60550,train
25346,train
65923,train
54484,train
712,train
38100,train
15948,train
349,train
33992,train
10946,train
42538,train
4374,train
41347,train
33499,train
3282,train
24285,train
26257,train
58837,train
51719,train
1263,train
12848,train
5228,train
45461,train
16920,train
26712,train
21036,train
55418,train
46849,train
32873,train
29131,train
41276,train
40629,train
51312,train
3229,train
48545,train
45345,train
59122,train
23792,train
9434,train
30483,train
30680,train
44755,train
38234,train
26867,train
42684,train
44919,train
23641,train
56184,train
33303,train
3894,train
3769,train
56886,train
4079,train
10265,train
52121,train
1233,train
11876,train
8281,train
13001,train
58204,train
62110,train
15667,train
67278,train
40948,train
13952,train
9466,train
58534,train
51830,train
56348,train
1404,train
16287,train
50512,train
57777,train
35230,train
66074,train
53711,train
62551,train
62343,train
68068,train
63225,train
45196,train
70438,train
68380,train
38153,train
62723,train
73,train
10433,train
65037,train
2909,train
29918,train
8684,train
18439,train
37607,train
17189,train
62318,train
6189,train
10642,train
26511,train
58813,train
48326,train
62792,train
38096,train
57985,train
38323,train
40688,train
24774,train
59361,train
18117,train
25521,train
4340,train
3457,train
41637,train
12696,train
53645,train
1914,train
29571,train
67140,train
68267,train
7052,train
14649,train
6456,train
58694,train
24487,train
25458,train
5440,train
25682,train
43663,train
132,train
28015,train
69662,train
64135,train
5014,train
45766,train
49177,train
46746,train
1282,train
68194,train
34282,train
9429,train
69141,train
26305,train
38845,train
39069,train
9659,train
29558,train
11685,train
14743,train
63632,train
17857,train
64110,train
64668,train
45044,train
21612,train
24980,train
3317,train
29948,train
50308,train
15340,train
23236,train
24243,train
63153,train
3390,train
62221,train
48429,train
30892,train
62981,train
9647,train
4936,train
27630,train
21216,train
34181,train
43066,train
18350,train
51298,train
57563,train
35929,train
35273,train
56932,train
64577,train
34141,train
46519,train
59797,train
68099,train
29162,train
61278,train
10394,train
35910,train
48428,train
62938,train
38200,train
46058,train
25509,train
49527,train
34287,train
57058,train
36691,train
18565,train
60227,train
25142,train
38720,train
52992,train
24368,train
42926,train
69821,train
47769,train
15383,train
52243,train
6538,train
1868,train
60440,train
62441,train
64996,train
39812,train
48999,train
66749,train
7079,train
24517,train
70194,train
7522,train
45476,train
20098,train
60063,train
66083,train
56556,train
63261,train
53989,train
62974,train
60713,train
20057,train
22146,train
32142,train
59888,train
52139,train
52294,train
517,train
65007,train
54031,train
63072,train
50032,train
38335,train
60383,train
42022,train
50334,train
15486,train
56837,train
49246,train
21800,train
64320,train
10351,train
25878,train
28923,train
30757,train
32704,train
6263,train
66763,train
6935,train
62531,train
26039,train
37275,train
19992,train
8287,train
31405,train
51459,train
24400,train
23702,train
9586,train
24608,train
40455,train
62848,train
34512,train
45715,train
53094,train
26791,train
24691,train
3481,train
25055,train
10397,train
33045,train
65416,train
9752,train
15987,train
16721,train
42456,train
55703,train
68501,train
13452,train
23508,train
19866,train
31676,train
36360,train
856,train
64785,train
38739,train
10678,train
16757,train
65534,train
69570,train
56734,train
67039,train
34608,train
38344,train
38377,train
55017,train
24187,train
10260,train
32509,train
55827,train
3052,train
26802,train
27860,train
63677,train
53283,train
64399,train
7122,train
55877,train
14123,train
36380,train
67265,train
66817,train
20161,train
59236,train
56475,train
57072,train
32307,train
15844,train
16588,train
37171,train
64478,train
61078,train
55086,train
62706,train
26027,train
45202,train
5463,train
66452,train
24215,train
2728,train
65400,train
50198,train
9838,train
50625,train
63598,train
8635,train
35776,train
45353,train
26610,train
11603,train
10767,train
23488,train
6056,train
4045,train
17075,train
32540,train
29394,train
60405,train
11950,train
45233,train
20306,train
17433,train
20984,train
48773,train
6948,train
31570,train
62687,train
58183,train
49474,train
56701,train
14612,train
10497,train
55577,train
15224,train
35868,train
12404,train
40425,train
14214,train
1681,train
25398,train
66324,train
55003,train
16374,train
51116,train
46613,train
40895,train
9804,train
41186,train
7884,train
360,train
37869,train
6955,train
4384,train
48089,train
38095,train
41360,train
4922,train
38211,train
17252,train
43374,train
33728,train
49680,train
33580,train
29376,train
3527,train
47360,train
11059,train
42263,train
32954,train
31681,train
17677,train
4057,train
5131,train
61205,train
8916,train
38329,train
50001,train
17761,train
15535,train
62851,train
68445,train
38286,train
68428,train
8893,train
7145,train
18303,train
15024,train
50766,train
38498,train
59205,train
55102,train
8599,train
27594,train
34851,train
43074,train
56817,train
49452,train
9574,train
1833,train
50352,train
62654,train
47074,train
4199,train
67749,train
17317,train
29490,train
16988,train
5552,train
36306,train
55896,train
14726,train
37634,train
63104,train
69297,train
65469,train
46350,train
63700,train
33991,train
61653,train
42023,train
40841,train
30822,train
50955,train
61813,train
24858,train
10310,train
63703,train
59278,train
7896,train
33768,train
63754,train
59260,train
11038,train
37182,train
60348,train
35640,train
34591,train
60198,train
69233,train
51951,train
69755,train
21835,train
68279,train
51438,train
65652,train
35288,train
70559,train
1529,train
38553,train
24796,train
61845,train
27597,train
8046,train
13120,train
63465,train
48408,train
17676,train
36311,train
63041,train
22650,train
18424,train
10494,train
17011,train
38906,train
16724,train
18563,train
62919,train
54619,train
30303,train
67581,train
48556,train
6923,train
18460,train
53319,train
10314,train
67599,train
439,train
17648,train
31898,train
28057,train
14654,train
37541,train
50180,train
52018,train
24631,train
45621,train
48739,train
66479,train
41126,train
7885,train
4449,train
36686,train
2142,train
27353,train
70303,train
56021,train
5442,train
4185,train
59192,train
44550,train
31159,train
42011,train
56066,train
7242,train
7119,train
57238,train
18842,train
55140,train
68548,train
20666,train
29121,train
31763,train
47992,train
52946,train
26954,train
31583,train
61247,train
65205,train
32998,train
21545,train
68871,train
41682,train
22215,train
54981,train
58287,train
53266,train
1690,train
32123,train
25428,train
24472,train
58366,train
59730,train
27356,train
55068,train
48239,train
25191,train
26618,train
66082,train
47770,train
46391,train
1799,train
1082,train
19852,train
129,train
41924,train
41187,train
40634,train
45811,train
63087,train
55317,train
21948,train
18484,train
5179,train
69472,train
53665,train
62389,train
12312,train
54685,train
2200,train
44359,train
64394,train
48835,train
21398,train
10010,train
18243,train
47729,train
10393,train
8902,train
25772,train
50600,train
19209,train
46237,train
62232,train
5453,train
45158,train
47481,train
32796,train
56846,train
15127,train
27748,train
35185,train
67801,train
23279,train
16286,train
51605,train
52960,train
2561,train
17908,train
40139,train
29655,train
9708,train
60047,train
62400,train
55621,train
19818,train
6933,train
38227,train
57535,train
67411,train
48743,train
48186,train
66552,train
33105,train
57448,train
24015,train
38343,train
27053,train
48981,train
57521,train
35775,train
58244,train
48771,train
27677,train
42827,train
69090,train
62696,train
11358,train
50867,train
65953,train
55228,train
47195,train
36297,train
58169,train
39688,train
11055,train
15854,train
66556,train
27550,train
57196,train
6363,train
62392,train
62012,train
23529,train
63850,train
3517,train
66908,train
32883,train
19639,train
54419,train
18038,train
20704,train
6161,train
40190,train
12961,train
58523,train
51174,train
8670,train
13379,train
24142,train
23303,train
35801,train
39148,train
32762,train
16187,train
50877,train
30325,train
32912,train
50184,train
39302,train
158,train
14205,train
49147,train
28996,train
29767,train
62805,train
37892,train
35936,train
6338,train
23931,train
29577,train
50850,train
38941,train
45376,train
31985,train
33789,train
46763,train
66129,train
49695,train
55882,train
679,train
48945,train
37777,train
18647,train
46055,train
18425,train
68604,train
16067,train
2741,train
33664,train
68641,train
63130,train
3298,train
42751,train
5133,train
2578,train
16361,train
49686,train
21402,train
1271,train
9136,train
59180,train
4417,train
66534,train
35923,train
53965,train
64458,train
49205,train
54657,train
22683,train
10152,train
52069,train
42285,train
66807,train
32480,train
67255,train
34,train
13370,train
6085,train
3198,train
10167,train
69173,train
59140,train
60792,train
12345,train
57391,train
47058,train
12045,train
41917,train
5108,train
42784,train
45549,train
42984,train
64505,train
58382,train
38830,train
45115,train
70139,train
29754,train
39448,train
23217,train
24136,train
64766,train
51049,train
9243,train
35725,train
68891,train
8495,train
8428,train
34136,train
65912,train
25171,train
11946,train
50978,train
63796,train
58828,train
4960,train
3403,train
37768,train
46537,train
32488,train
20823,train
57024,train
44509,train
58882,train
55358,train
39249,train
29791,train
58562,train
65176,train
66507,train
24801,train
13944,train
58373,train
48652,train
6775,train
35134,train
38282,train
291,train
12839,train
17198,train
35863,train
3788,train
27930,train
51464,train
12849,train
37181,train
55748,train
69227,train
65571,train
2217,train
13412,train
28262,train
28900,train
30295,train
43909,train
67526,train
50870,train
16847,train
46372,train
3359,train
63991,train
35422,train
56230,train
33620,train
18190,train
40315,train
58362,train
45092,train
54353,train
62272,train
38782,train
25386,train
41337,train
24819,train
13631,train
52221,train
57209,train
49154,train
7789,train
16460,train
39824,train
28258,train
46151,train
16727,train
67734,train
49963,train
56917,train
20664,train
44904,train
59696,train
22044,train
25320,train
45988,train
45616,train
61893,train
14290,train
12704,train
9765,train
47927,train
29848,train
536,train
50119,train
51841,train
3430,train
48944,train
56002,train
57007,train
918,train
51282,train
53073,train
50954,train
65931,train
1351,train
52497,train
635,train
1569,train
47884,train
654,train
53872,train
22820,train
25973,train
28563,train
46744,train
28474,train
60572,train
10719,train
53548,train
66998,train
35610,train
44888,train
19470,train
56698,train
16056,train
8547,train
26554,train
69199,train
6118,train
45615,train
22908,train
67404,train
64333,train
24082,train
19965,train
58314,train
9971,train
34258,train
2261,train
37814,train
45916,train
34172,train
11990,train
37739,train
34028,train
10185,train
53695,train
29749,train
4829,train
64997,train
36359,train
25198,train
48258,train
58429,train
19026,train
10807,train
49491,train
10337,train
52954,train
27532,train
37924,train
56319,train
38872,train
30693,train
59127,train
26477,train
147,train
59549,train
42741,train
26500,train
28921,train
910,train
17543,train
23233,train
32891,train
51432,train
15300,train
32995,train
66721,train
28908,train
50972,train
12154,train
22123,train
633,train
11873,train
25159,train
8566,train
41350,train
43193,train
2673,train
31668,train
41013,train
47874,train
56200,train
699,train
3850,train
38874,train
45310,train
53484,train
68945,train
31907,train
13295,train
52488,train
59919,train
55831,train
43505,train
29316,train
34993,train
11808,train
5253,train
6050,train
59344,train
34888,train
12303,train
4041,train
32538,train
46929,train
39539,train
20570,train
30575,train
45339,train
20436,train
2981,train
38416,train
30704,train
58726,train
68924,train
29625,train
18846,train
42796,train
34283,train
12644,train
880,train
11670,train
9340,train
7085,train
30897,train
28717,train
13801,train
62718,train
12055,train
20538,train
29212,train
69305,train
54939,train
48179,train
17615,train
55091,train
26890,train
40115,train
62097,train
54916,train
3497,train
5492,train
1935,train
33776,train
63692,train
60350,train
52755,train
8120,train
33729,train
43861,train
58624,train
14781,train
21377,train
3591,train
31919,train
12752,train
20894,train
32055,train
56054,train
13726,train
60401,train
61869,train
55395,train
28713,train
63902,train
13032,train
32324,train
63767,train
43821,train
9913,train
8019,train
21589,train
1744,train
49709,train
36935,train
68616,train
28815,train
61997,train
5039,train
2320,train
16255,train
5557,train
52226,train
21268,train
69569,train
33862,train
3423,train
31016,train
50882,train
21978,train
55138,train
69143,train
68263,train
21095,train
49499,train
28772,train
49198,train
16130,train
26643,train
31206,train
40445,train
34592,train
48935,train
25275,train
36335,train
48228,train
68309,train
49646,train
3770,train
13338,train
25889,train
50919,train
67137,train
9855,train
56568,train
37354,train
31462,train
39365,train
67969,train
20495,train
15874,train
40580,train
35869,train
41364,train
42879,train
48404,train
36723,train
54773,train
19998,train
19625,train
66562,train
49501,train
28676,train
16740,train
299,train
50330,train
57940,train
64760,train
7141,train
44088,train
55976,train
22544,train
62378,train
20617,train
56362,train
58015,train
43353,train
48444,train
58665,train
29726,train
10540,train
50281,train
48897,train
48240,train
31428,train
64746,train
67192,train
68693,train
52695,train
13313,train
66536,train
48445,train
60001,train
64405,train
28384,train
69767,train
37168,train
63411,train
24484,train
57859,train
2720,train
5116,train
26178,train
36215,train
52974,train
64711,train
12841,train
23699,train
33953,train
22317,train
55371,train
37909,train
16627,train
2835,train
21451,train
7838,train
13865,train
2556,train
7891,train
55861,train
9249,train
6040,train
21745,train
9145,train
59662,train
21157,train
68333,train
15664,train
65444,train
37620,train
36679,train
23171,train
11860,train
7791,train
9449,train
7456,train
24102,train
670,train
11696,train
42805,train
52014,train
46459,train
27342,train
45784,train
1834,train
6324,train
64821,train
9736,train
52332,train
22411,train
38752,train
60475,train
23426,train
7504,train
54763,train
55094,train
53496,train
53910,train
48052,train
67122,train
67200,train
40956,train
51567,train
10246,train
40986,train
14148,train
28394,train
34966,train
53277,train
60162,train
13504,train
63397,train
19515,train
46679,train
8412,train
41421,train
60531,train
34878,train
64397,train
2530,train
70528,train
34999,train
54483,train
58279,train
6183,train
68095,train
38603,train
59404,train
47062,train
13280,train
44493,train
63794,train
57758,train
31249,train
15413,train
25920,train
42822,train
68163,train
7672,train
53864,train
5145,train
20106,train
53520,train
29956,train
60622,train
50303,train
12308,train
26689,train
12398,train
49957,train
52268,train
30391,train
58515,train
61420,train
30597,train
15980,train
67056,train
173,train
23152,train
4302,train
65327,train
471,train
46456,train
60385,train
52162,train
24314,train
66559,train
1658,train
65637,train
17842,train
14512,train
1630,train
7442,train
12748,train
13149,train
38976,train
46553,train
3910,train
39258,train
50507,train
34727,train
17651,train
61660,train
25207,train
39550,train
70104,train
1541,train
29937,train
31322,train
16948,train
35279,train
27938,train
34054,train
31620,train
35070,train
23554,train
46360,train
50817,train
40502,train
56741,train
63132,train
8817,train
50608,train
67924,train
67505,train
42977,train
28144,train
55586,train
14393,train
19348,train
55530,train
49880,train
30032,train
58530,train
19375,train
52314,train
12361,train
44302,train
7663,train
20048,train
46017,train
54629,train
17628,train
65246,train
65748,train
23996,train
40498,train
60710,train
27946,train
53525,train
46693,train
2232,train
4269,train
6768,train
24744,train
3616,train
30797,train
5046,train
22065,train
15250,train
24606,train
29755,train
14213,train
58947,train
17768,train
27965,train
68180,train
57362,train
25176,train
51789,train
66567,train
67227,train
2377,train
12200,train
7922,train
15350,train
48884,train
59010,train
53888,train
66337,train
37466,train
50874,train
11149,train
26552,train
22379,train
30349,train
70353,train
8661,train
32008,train
16592,train
60677,train
32994,train
69295,train
9291,train
65630,train
34971,train
36040,train
8122,train
60576,train
14279,train
21535,train
33627,train
56528,train
2119,train
56565,train
22641,train
41348,train
35420,train
32982,train
53077,train
13623,train
26630,train
29683,train
54948,train
52486,train
20997,train
56731,train
23039,train
56638,train
53358,train
64910,train
18589,train
47659,train
38515,train
70177,train
36467,train
1877,train
43337,train
36919,train
6087,train
54227,train
58606,train
40621,train
55545,train
26716,train
1712,train
63020,train
38600,train
24763,train
44016,train
2092,train
63676,train
29292,train
46627,train
4690,train
34174,train
50476,train
7461,train
32140,train
44064,train
41407,train
323,train
22073,train
8196,train
35734,train
19146,train
37709,train
48634,train
5976,train
55566,train
9056,train
39599,train
1326,train
49357,train
19386,train
27365,train
62560,train
52420,train
51944,train
66789,train
57304,train
8498,train
54463,train
49199,train
11916,train
21292,train
62033,train
2823,train
1436,train
60184,train
42321,train
9937,train
51281,train
10275,train
528,train
13936,train
25046,train
43048,train
11731,train
42196,train
39511,train
63413,train
8010,train
67701,train
9898,train
67497,train
55462,train
35772,train
28208,train
15068,train
42560,train
27959,train
8991,train
69315,train
42175,train
25879,train
19082,train
50499,train
4605,train
44781,train
53013,train
60573,train
10793,train
55663,train
53786,train
63509,train
51427,train
8689,train
2294,train
37173,train
36705,train
11988,train
11213,train
36413,train
7150,train
16561,train
22774,train
34264,train
5118,train
35118,train
11399,train
52288,train
52444,train
67440,train
25881,train
38519,train
60951,train
28684,train
60657,train
50289,train
27475,train
34885,train
56428,train
33159,train
5428,train
65013,train
38893,train
19367,train
13674,train
17262,train
8430,train
13470,train
24296,train
54076,train
23784,train
58454,train
31690,train
66635,train
68737,train
2065,train
9347,train
3445,train
18465,train
64484,train
20299,train
12586,train
57600,train
66540,train
49559,train
65061,train
67031,train
3817,train
17686,train
42476,train
22838,train
58730,train
17667,train
24027,train
42868,train
35881,train
52178,train
23424,train
67121,train
31431,train
43948,train
9737,train
41253,train
12784,train
21136,train
40039,train
53160,train
36651,train
61720,train
21337,train
29953,train
65380,train
13877,train
47436,train
63772,train
4386,train
64431,train
48696,train
33088,train
15437,train
54357,train
43583,train
47467,train
49815,train
15336,train
70677,train
28200,train
55813,train
55911,train
14331,train
16643,train
23583,train
61695,train
31433,train
32607,train
8764,train
36591,train
43896,train
29590,train
67822,train
60869,train
34924,train
28568,train
49175,train
35809,train
51919,train
24521,train
38646,train
16517,train
25974,train
54155,train
29250,train
15711,train
62685,train
1653,train
56596,train
53333,train
17184,train
47882,train
46345,train
60364,train
82,train
28212,train
26521,train
17778,train
9662,train
65378,train
57573,train
69311,train
20818,train
41390,train
9714,train
10558,train
62596,train
43050,train
17498,train
62324,train
10520,train
70453,train
24434,train
22932,train
4297,train
4515,train
6866,train
47078,train
6214,train
25580,train
3521,train
68778,train
45551,train
21862,train
52414,train
45103,train
64684,train
27018,train
10885,train
49801,train
11613,train
17008,train
31065,train
54266,train
39105,train
55044,train
48172,train
58240,train
4924,train
39926,train
65631,train
26284,train
36340,train
17005,train
22253,train
18037,train
35572,train
56397,train
63545,train
35038,train
33001,train
8874,train
27130,train
42395,train
35263,train
30089,train
45548,train
30781,train
18888,train
24938,train
27525,train
55958,train
45051,train
45821,train
21677,train
24982,train
2143,train
68687,train
28867,train
31455,train
12367,train
37637,train
18711,train
58210,train
24669,train
7049,train
552,train
47929,train
47390,train
3575,train
58967,train
20386,train
23395,train
35886,train
43191,train
41632,train
49325,train
65629,train
47491,train
49048,train
28648,train
38627,train
50589,train
42611,train
50078,train
10017,train
64943,train
49662,train
65550,train
7042,train
15657,train
56542,train
13337,train
2043,train
53633,train
24395,train
34095,train
48997,train
25004,train
30223,train
37815,train
66518,train
18738,train
12595,train
17883,train
12878,train
45203,train
20753,train
30438,train
51633,train
3771,train
33349,train
11609,train
65093,train
49663,train
61165,train
18821,train
52263,train
30796,train
9170,train
55184,train
69831,train
46234,train
55006,train
10859,train
8174,train
52054,train
19458,train
27601,train
11032,train
6653,train
41543,train
49083,train
10386,train
6441,train
11710,train
26679,train
32492,train
33229,train
8945,train
64037,train
36770,train
15640,train
28051,train
19107,train
1167,train
40012,train
5827,train
48854,train
50587,train
8368,train
27330,train
66454,train
11196,train
24552,train
46072,train
43936,train
30221,train
53452,train
28654,train
17714,train
20674,train
32618,train
70493,train
46752,train
63790,train
52978,train
7490,train
63612,train
1382,train
16519,train
22806,train
13077,train
13690,train
24390,train
64297,train
9489,train
22504,train
922,train
55716,train
19673,train
62678,train
44320,train
28272,train
39216,train
35547,train
57468,train
48223,train
4122,train
23705,train
1556,train
540,train
42279,train
51304,train
67432,train
25989,train
51738,train
68965,train
4695,train
60496,train
57607,train
27952,train
9413,train
42990,train
30015,train
69123,train
9513,train
53976,train
8521,train
26718,train
43274,train
52272,train
59345,train
39167,train
5415,train
48005,train
13814,train
53787,train
17454,train
34333,train
1132,train
23686,train
53462,train
7984,train
42179,train
55400,train
59308,train
46068,train
26847,train
61618,train
13066,train
69253,train
43729,train
41687,train
42524,train
54996,train
29204,train
68948,train
4385,train
59383,train
36418,train
46719,train
119,train
54224,train
12713,train
47108,train
16807,train
5575,train
66303,train
14570,train
44609,train
48390,train
15959,train
68254,train
6260,train
59725,train
52764,train
66288,train
55693,train
57586,train
53709,train
19058,train
8895,train
36016,train
38633,train
67982,train
32877,train
47096,train
46540,train
11209,train
48014,train
68890,train
14312,train
59505,train
16002,train
44910,train
51990,train
29015,train
29945,train
39262,train
8573,train
11359,train
68816,train
36647,train
29889,train
29723,train
9401,train
68228,train
35787,train
58156,train
66294,train
57530,train
61841,train
37840,train
63647,train
351,train
36582,train
14922,train
5590,train
70160,train
34361,train
70607,train
68576,train
47630,train
20254,train
25816,train
33491,train
70387,train
61955,train
32613,train
10082,train
37481,train
59814,train
23404,train
56218,train
42964,train
41918,train
59863,train
34262,train
9722,train
12497,train
38913,train
32753,train
34400,train
28946,train
55601,train
26902,train
51161,train
68842,train
46077,train
12594,train
26213,train
13251,train
14509,train
47385,train
31288,train
57787,train
6714,train
60565,train
61921,train
44696,train
70251,train
26888,train
66420,train
7357,train
19798,train
19726,train
42109,train
44851,train
49306,train
44483,train
2563,train
12551,train
43062,train
9776,train
40701,train
38422,train
30409,train
40661,train
373,train
5664,train
47221,train
25994,train
25190,train
53099,train
38038,train
50974,train
68030,train
27710,train
68458,train
40235,train
128,train
31321,train
9260,train
18725,train
50332,train
60057,train
67185,train
29260,train
55498,train
63718,train
10708,train
4691,train
57920,train
48713,train
37229,train
56582,train
868,train
67809,train
23177,train
7026,train
51081,train
68302,train
66168,train
51232,train
20497,train
40430,train
12013,train
3089,train
54191,train
49475,train
24505,train
18391,train
47955,train
8458,train
30805,train
23117,train
64070,train
34486,train
42461,train
18718,train
45528,train
33489,train
50314,train
49471,train
19820,train
45892,train
20817,train
17257,train
56469,train
47404,train
32634,train
10443,train
46600,train
70247,train
5678,train
17174,train
38929,train
52571,train
17940,train
69990,train
55372,train
46464,train
67133,train
16379,train
4273,train
61497,train
70328,train
66596,train
40973,train
33721,train
45415,train
31480,train
2464,train
4823,train
59758,train
70532,train
28586,train
14936,train
41303,train
50255,train
45606,train
50552,train
70666,train
40628,train
25179,train
58228,train
68221,train
45239,train
3176,train
35594,train
43985,train
52333,train
66443,train
44236,train
30867,train
63248,train
7259,train
33918,train
20669,train
24217,train
59365,train
18118,train
52348,train
44821,train
48169,train
21486,train
19350,train
15318,train
2510,train
24795,train
8657,train
59895,train
43407,train
11780,train
59597,train
56151,train
60629,train
14396,train
1162,train
63697,train
18969,train
9106,train
44426,train
16705,train
15784,train
39848,train
10512,train
9269,train
67878,train
26648,train
50924,train
53243,train
48628,train
58129,train
49166,train
16483,test
49773,test
24233,test
55582,test
32384,test
67716,test
56726,test
31582,test
11625,test
44251,test
37412,test
37874,test
48350,test
61808,test
63355,test
20829,test
33694,test
22865,test
16244,test
67503,test
45566,test
33741,test
43572,test
22423,test
22366,test
55207,test
54851,test
3959,test
19351,test
18183,test
2014,test
19370,test
69642,test
21048,test
59020,test
53336,test
65653,test
13968,test
55560,test
69898,test
29647,test
18640,test
20860,test
66926,test
32059,test
503,test
7329,test
49902,test
60837,test
62569,test
13708,test
67977,test
53686,test
35347,test
46662,test
43811,test
6122,test
44018,test
28166,test
12087,test
12081,test
12904,test
2965,test
47764,test
5582,test
9904,test
50393,test
359,test
65200,test
13961,test
70631,test
32414,test
3409,test
31523,test
42919,test
14002,test
38575,test
66603,test
59724,test
7924,test
40590,test
36780,test
69647,test
31760,test
5975,test
2254,test
56987,test
41960,test
48254,test
18524,test
39884,test
44449,test
12973,test
32378,test
63943,test
42699,test
42277,test
35833,test
61851,test
36282,test
53845,test
18301,test
66473,test
46412,test
44058,test
21182,test
2146,test
1811,test
48388,test
57220,test
58533,test
56215,test
39579,test
53598,test
65627,test
380,test
48024,test
70566,test
8090,test
59311,test
15716,test
63973,test
54032,test
25964,test
23352,test
59795,test
61857,test
14363,test
33724,test
27156,test
67361,test
9023,test
33042,test
56597,test
43194,test
28246,test
15150,test
11413,test
11723,test
25838,test
20746,test
4116,test
988,test
16805,test
47774,test
8067,test
2529,test
58123,test
47389,test
17078,test
5702,test
4594,test
63766,test
60698,test
7691,test
62563,test
49278,test
63339,test
53230,test
50989,test
26681,test
54123,test
26262,test
19096,test
9946,test
10657,test
17814,test
42473,test
53560,test
41110,test
25880,test
54701,test
4366,test
38598,test
37520,test
23812,test
49011,test
40007,test
65893,test
42662,test
25532,test
14093,test
1034,test
38570,test
59158,test
6635,test
12243,test
44004,test
68936,test
66864,test
14284,test
3025,test
25820,test
14478,test
51905,test
10274,test
61816,test
54045,test
23800,test
68593,test
1468,test
4656,test
65641,test
28039,test
23502,test
16064,test
64557,test
23736,test
39725,test
51514,test
6879,test
8900,test
58288,test
2747,test
47760,test
22588,test
50873,test
10691,test
25299,test
60279,test
22509,test
65981,test
29731,test
3994,test
38668,test
4718,test
31939,test
17913,test
53831,test
60447,test
61197,test
17993,test
5508,test
6180,test
6248,test
70169,test
40751,test
60856,test
64898,test
39046,test
70167,test
39478,test
47278,test
52019,test
21851,test
29688,test
67513,test
3617,test
36948,test
22354,test
6681,test
31333,test
21349,test
42367,test
50291,test
68915,test
63849,test
32048,test
69158,test
93,test
46877,test
39058,test
38724,test
15283,test
30714,test
70471,test
29506,test
62942,test
15550,test
25362,test
15086,test
1178,test
56901,test
70575,test
15608,test
43206,test
63897,test
37723,test
67508,test
35193,test
19980,test
66166,test
8770,test
48779,test
21468,test
67274,test
24180,test
10500,test
9871,test
2777,test
5542,test
27745,test
18822,test
13449,test
49855,test
56244,test
2461,test
58233,test
36696,test
24654,test
40211,test
64742,test
59901,test
27879,test
25162,test
61285,test
8797,test
44096,test
2453,test
66153,test
33293,test
55303,test
31467,test
35418,test
51343,test
8882,test
56999,test
1490,test
13508,test
70140,test
27854,test
1471,test
44640,test
35486,test
60476,test
29626,test
13342,test
10302,test
41526,test
33642,test
33906,test
22008,test
12063,test
64373,test
67610,test
30563,test
63429,test
15227,test
51798,test
60570,test
29827,test
44235,test
23343,test
40727,test
34278,test
11787,test
27972,test
36984,test
61033,test
22689,test
29006,test
4520,test
69352,test
11923,test
27725,test
5656,test
34994,test
62832,test
29599,test
33780,test
24101,test
37455,test
69636,test
58769,test
37402,test
43586,test
32104,test
34310,test
8735,test
43419,test
28673,test
61495,test
38313,test
11180,test
48501,test
5425,test
11371,test
43708,test
23524,test
17382,test
16919,test
67501,test
11678,test
1114,test
62479,test
14889,test
45309,test
27181,test
14473,test
29900,test
68090,test
35181,test
38522,test
2528,test
42343,test
62237,test
3966,test
8866,test
65569,test
58514,test
56208,test
50132,test
55636,test
45029,test
51284,test
38761,test
56205,test
33406,test
67102,test
25316,test
27100,test
63992,test
38209,test
11730,test
16903,test
49430,test
27602,test
60491,test
44858,test
20259,test
5573,test
8032,test
31022,test
33417,test
16791,test
64326,test
60236,test
34401,test
67288,test
33076,test
51624,test
26309,test
23113,test
57276,test
38056,test
8239,test
52091,test
49060,test
45055,test
42650,test
167,test
39080,test
35267,test
18945,test
8097,test
34138,test
16924,test
24323,test
19417,test
5615,test
39606,test
44949,test
20705,test
45207,test
36748,test
55034,test
199,test
33377,test
955,test
20348,test
650,test
65685,test
23286,test
1445,test
11588,test
594,test
15285,test
18943,test
61549,test
43085,test
38689,test
42881,test
22572,test
22803,test
23761,test
5814,test
42405,test
65921,test
18809,test
59287,test
38429,test
50211,test
64547,test
31444,test
34524,test
35889,test
5380,test
15438,test
9592,test
45487,test
8300,test
61985,test
36583,test
16846,test
50909,test
64538,test
18665,test
20842,test
27518,test
36890,test
44842,test
24863,test
16386,test
69218,test
17186,test
64690,test
68167,test
21032,test
11262,test
58910,test
66106,test
61607,test
25707,test
30329,test
14548,test
24497,test
954,test
52485,test
8020,test
56828,test
32032,test
17803,test
27089,test
3217,test
10405,test
23912,test
60604,test
47691,test
64355,test
1123,test
53367,test
10629,test
48699,test
21070,test
40164,test
7224,test
53803,test
34639,test
42878,test
30660,test
47836,test
10999,test
22848,test
51074,test
6401,test
30789,test
14416,test
28321,test
19513,test
48492,test
61759,test
21279,test
35655,test
14372,test
50451,test
42406,test
31060,test
23296,test
17944,test
60894,test
10665,test
28749,test
65287,test
27083,test
14965,test
49135,test
65171,test
36295,test
45388,test
5176,test
52747,test
19819,test
20517,test
42876,test
13348,test
24385,test
5126,test
25987,test
14667,test
62167,test
57762,test
68129,test
4289,test
38981,test
5210,test
30744,test
16049,test
69119,test
47022,test
31155,test
57788,test
31569,test
49562,test
447,test
4261,test
66238,test
48137,test
9410,test
38297,test
62214,test
58935,test
19301,test
41091,test
37505,test
36244,test
36209,test
21756,test
8434,test
53085,test
62859,test
32356,test
46235,test
11082,test
16635,test
12168,test
6100,test
4850,test
41558,test
51817,test
39336,test
16276,test
11441,test
36637,test
15182,test
11611,test
37237,test
60911,test
20931,test
45060,test
5932,test
61568,test
43122,test
11945,test
25740,test
67059,test
64186,test
66738,test
13076,test
3439,test
54069,test
16188,test
48554,test
49622,test
56130,test
2988,test
41156,test
19727,test
23746,test
18096,test
34997,test
27633,test
43376,test
8191,test
42310,test
55413,test
43605,test
42188,test
54228,test
45980,test
21148,test
27799,test
67798,test
18003,test
18731,test
2221,test
58379,test
1126,test
25251,test
51969,test
66976,test
53681,test
6819,test
43818,test
57857,test
4432,test
4355,test
42220,test
55502,test
18209,test
23392,test
13026,test
11549,test
21662,test
33964,test
14677,test
14523,test
6791,test
24655,test
50977,test
68959,test
66829,test
41579,test
47808,test
44232,test
1684,test
5708,test
9835,test
6634,test
47615,test
40780,test
3726,test
5966,test
57666,test
53844,test
7820,test
63376,test
67933,test
36615,test
51189,test
34802,test
52499,test
15474,test
49384,test
37089,test
38617,test
54039,test
25789,test
60407,test
26401,test
25674,test
34419,test
34244,test
10170,test
64700,test
63051,test
64973,test
4311,test
50261,test
29344,test
4198,test
12126,test
3258,test
43999,test
42224,test
8059,test
62194,test
32153,test
45783,test
3021,test
44534,test
51224,test
34998,test
33399,test
318,test
65736,test
29172,test
7364,test
33740,test
31699,test
29270,test
34887,test
54658,test
45344,test
22320,test
34279,test
36934,test
60091,test
22592,test
32044,test
15094,test
34005,test
68411,test
3584,test
39005,test
48324,test
42229,test
36756,test
28498,test
25327,test
13353,test
65687,test
64689,test
41487,test
9728,test
57642,test
69694,test
4977,test
64502,test
59358,test
49095,test
2071,test
28239,test
25696,test
62487,test
24994,test
7978,test
63461,test
4965,test
3058,test
14300,test
27760,test
49472,test
59057,test
2796,test
26796,test
65481,test
53295,test
8720,test
38134,test
28672,test
15883,test
46356,test
33440,test
69165,test
29616,test
14724,test
24661,test
33709,test
23597,test
69351,test
19839,test
8938,test
30733,test
57837,test
53111,test
58167,test
55838,test
18594,test
25166,test
56357,test
15765,test
49676,test
45247,test
30966,test
18904,test
46502,test
10077,test
35599,test
22094,test
7509,test
36983,test
41715,test
16487,test
5181,test
51036,test
3172,test
69273,test
67923,test
65674,test
10045,test
32245,test
8100,test
277,test
16251,test
58833,test
3302,test
4994,test
412,test
3432,test
27551,test
64497,test
43648,test
45689,test
557,test
55955,test
70636,test
14574,test
37595,test
28925,test
66693,test
16289,test
2592,test
62051,test
18157,test
28466,test
20975,test
65292,test
35736,test
58936,test
14996,test
43292,test
16060,test
57567,test
65057,test
58289,test
64656,test
52111,test
34134,test
47865,test
14451,test
28353,test
23413,test
18363,test
14085,test
6675,test
29410,test
1368,test
60273,test
861,test
3888,test
2752,test
52289,test
43833,test
28835,test
66411,test
38781,test
27329,test
8589,test
12933,test
28527,test
67811,test
10480,test
42338,test
55819,test
52662,test
44005,test
42270,test
50335,test
26859,test
32517,test
65167,test
29774,test
12492,test
70249,test
26713,test
19614,test
68348,test
64353,test
23329,test
53891,test
32463,test
23428,test
10745,test
25329,test
22413,test
65661,test
24895,test
41246,test
65865,test
50284,test
38843,test
49352,test
22279,test
23333,test
42328,test
40962,test
13354,test
33155,test
29107,test
16214,test
33716,test
14888,test
15627,test
70189,test
68999,test
53972,test
22045,test
52116,test
7092,test
66854,test
23440,test
36802,test
33124,test
30791,test
14181,test
43204,test
23729,test
47978,test
42717,test
66009,test
27672,test
31604,test
23172,test
16693,test
18025,test
32760,test
3869,test
60466,test
3483,test
60877,test
57115,test
52386,test
11191,test
11411,test
9316,test
8983,test
31318,test
4000,test
3983,test
15569,test
48243,test
21480,test
29222,test
56836,test
38655,test
12653,test
21403,test
47086,test
66599,test
1448,test
68585,test
32127,test
42898,test
9119,test
24216,test
3969,test
50835,test
45023,test
45925,test
42712,test
3723,test
49772,test
4473,test
70690,test
146,test
12469,test
6501,test
21318,test
23288,test
52791,test
16211,test
34877,test
68590,test
6078,test
35271,test
43691,test
34139,test
50293,test
11077,test
24501,test
40390,test
59026,test
6646,test
58568,test
57195,test
62483,test
45697,test
24959,test
21345,test
32933,test
10481,test
52031,test
12894,test
7365,test
57388,test
2101,test
45738,test
50435,test
44265,test
54551,test
59931,test
23710,test
57481,test
58464,test
55194,test
34832,test
54291,test
60239,test
56093,test
39222,test
17017,test
3835,test
22032,test
8050,test
48767,test
53409,test
26141,test
22912,test
4327,test
18480,test
65199,test
35009,test
10800,test
31026,test
32786,test
39319,test
64002,test
23678,test
31329,test
54994,test
67950,test
69336,test
2079,test
34085,test
23345,test
38837,test
31929,test
51106,test
3828,test
48276,test
48132,test
27632,test
6610,test
5169,test
2992,test
58461,test
70126,test
2396,test
39276,test
16985,test
51169,test
34014,test
31154,test
15275,test
6030,test
59095,test
13770,test
31546,test
57392,test
7516,test
26289,test
19118,test
17138,test
22141,test
9530,test
66390,test
56618,test
14163,test
66520,test
20678,test
45293,test
45113,test
36628,test
53436,test
15508,test
29962,test
3648,test
17712,test
65251,test
3327,test
54902,test
30394,test
55857,test
47419,test
30160,test
44013,test
16507,test
19708,test
34666,test
51389,test
17537,test
22839,test
29457,test
19088,test
52685,test
13506,test
13019,test
39357,test
64112,test
43152,test
6061,test
13198,test
30404,test
47162,test
27537,test
28767,test
50667,test
48266,test
16617,test
54127,test
59575,test
8611,test
65507,test
44859,test
21184,test
28841,test
22486,test
13511,test
30855,test
41540,test
69265,test
12202,test
9507,test
17744,test
1764,test
9820,test
64466,test
14070,test
53554,test
46137,test
53702,test
47222,test
46272,test
44676,test
13695,test
55494,test
27072,test
36997,test
54349,test
60163,test
46892,test
51899,test
933,test
22151,test
63372,test
31669,test
57366,test
19336,test
40750,test
43997,test
871,test
10437,test
54486,test
1487,test
43748,test
9669,test
47871,test
64875,test
2795,test
18066,test
45872,test
70418,test
2824,test
16525,test
11132,test
26769,test
63838,test
17158,test
3192,test
28793,test
55979,test
49660,test
57108,test
22556,test
18625,test
16851,test
13925,test
63832,test
53656,test
65501,test
50462,test
62210,test
27811,test
55373,test
28125,test
3566,test
39852,test
11088,test
61106,test
44519,test
69660,test
37456,test
28831,test
32951,test
20811,test
59731,test
51724,test
27951,test
55744,test
9430,test
60581,test
13758,test
54986,test
32527,test
13307,test
34371,test
53394,test
33073,test
56624,test
22661,test
63562,test
20056,test
2810,test
29955,test
49206,test
56550,test
6283,test
47758,test
61651,test
8451,test
44178,test
13617,test
67866,test
26792,test
4283,test
3953,test
56779,test
65734,test
16796,test
35971,test
58007,test
26386,test
26338,test
56384,test
68696,test
52182,test
41376,test
32788,test
44011,test
35927,test
1193,test
15246,test
35678,test
38877,test
69982,test
7340,test
64044,test
24836,test
65480,test
701,test
43348,test
26872,test
29318,test
66751,test
70112,test
32777,test
8079,test
69717,test
30971,test
39057,test
49373,test
36843,test
14330,test
46503,test
26114,test
9076,test
50359,test
40575,test
37265,test
62418,test
20877,test
23062,test
65950,test
7673,test
13563,test
27837,test
42911,test
40773,test
56540,test
15782,test
59828,test
29333,test
48046,test
42550,test
39909,test
43220,test
51917,test
19677,test
36950,test
36924,test
26201,test
2739,test
42371,test
59560,test
46981,test
10848,test
36614,test
65363,test
5632,test
28345,test
36192,test
460,test
55617,test
67455,test
56004,test
52016,test
29617,test
1004,test
3848,test
6710,test
69565,test
29202,test
16179,test
31008,test
3475,test
63683,test
41623,test
24371,test
56064,test
60904,test
66402,test
6592,test
36077,test
8534,test
62771,test
67304,test
17722,test
25265,test
43846,test
9705,test
41072,test
27695,test
50865,test
43951,test
20607,test
28171,test
57723,test
51894,test
27671,test
25763,test
51492,test
61096,test
53101,test
55025,test
39665,test
7626,test
1131,test
16069,test
55206,test
50774,test
619,test
69758,test
16980,test
70115,test
4187,test
55648,test
57550,test
9011,test
5886,test
21790,test
53408,test
33397,test
25097,test
65368,test
66800,test
23020,test
61658,test
62702,test
5594,test
46425,test
51788,test
3438,test
6499,test
41861,test
62457,test
45348,test
39771,test
38213,test
2650,test
46244,test
3774,test
9203,test
43775,test
66847,test
3804,test
46743,test
44165,test
41057,test
38476,test
12799,test
1825,test
40909,test
5716,test
63469,test
46421,test
39331,test
938,test
2970,test
22670,test
68236,test
48293,test
44889,test
40353,test
28991,test
29711,test
11639,test
2838,test
25129,test
57389,test
51892,test
9309,test
51493,test
42773,test
32341,test
43382,test
6822,test
57095,test
59932,test
37995,test
47870,test
66202,test
43647,test
19544,test
7865,test
41014,test
64420,test
14265,test
5301,test
20310,test
46103,test
30456,test
554,test
67034,test
29690,test
41785,test
36752,test
68986,test
61668,test
8039,test
60812,test
50998,test
63644,test
54143,test
11244,test
27880,test
44024,test
4983,test
14313,test
12364,test
68376,test
7726,test
49549,test
14352,test
29887,test
44840,test
69274,test
64525,test
1463,test
2816,test
20828,test
36157,test
19641,test
66542,test
64612,test
8809,test
61916,test
40000,test
6207,test
50620,test
64901,test
25089,test
1377,test
57118,test
51196,test
10462,test
51203,test
47060,test
5006,test
65696,test
20785,test
1571,test
13357,test
6303,test
58963,test
28665,test
34053,test
30749,test
11778,test
20418,test
45728,test
686,test
57765,test
61413,test
9456,test
4181,test
45831,test
51540,test
9925,test
24192,test
69905,test
44612,test
36443,test
57886,test
31774,test
60681,test
17872,test
15560,test
59332,test
13088,test
6796,test
26263,test
58342,test
40104,test
44956,test
2511,test
23359,test
23703,test
30380,test
22056,test
49623,test
32340,test
66146,test
14843,test
13618,test
33041,test
30330,test
54229,test
4234,test
31869,test
60420,test
41415,test
30531,test
4662,test
30434,test
34154,test
41839,test
57678,test
970,test
5873,test
57049,test
68723,test
55101,test
43840,test
35099,test
51906,test
35442,test
18516,test
55078,test
7220,test
50481,test
35283,test
56081,test
30387,test
15341,test
61948,test
66449,test
60636,test
30006,test
55680,test
41298,test
20237,test
56342,test
23713,test
45518,test
11789,test
55839,test
31533,test
39415,test
34417,test
5831,test
21638,test
62716,test
28647,test
27883,test
33089,test
43876,test
39332,test
21011,test
57727,test
16480,test
44081,test
59162,test
2925,test
41302,test
17959,test
47629,test
489,test
59683,test
20824,test
54624,test
46688,test
60284,test
69706,test
21122,test
26465,test
21759,test
62639,test
12391,test
25664,test
15783,test
16053,test
65018,test
48709,test
64048,test
57439,test
23648,test
60382,test
25680,test
59860,test
57146,test
5360,test
56699,test
1201,test
23979,test
65506,test
53659,test
37361,test
34183,test
15918,test
43275,test
22188,test
34745,test
58466,test
63997,test
36656,test
9461,test
3902,test
69478,test
61135,test
58827,test
23631,test
32065,test
54223,test
11884,test
59558,test
51205,test
32750,test
3842,test
22000,test
66878,test
50717,test
22479,test
51805,test
54931,test
22226,test
13766,test
29651,test
61780,test
48992,test
68667,test
30778,test
33462,test
53531,test
41677,test
5798,test
5710,test
9383,test
20124,test
52404,test
11747,test
23948,test
8257,test
22505,test
35491,test
12294,test
4860,test
3962,test
45709,test
31616,test
19193,test
12746,test
33880,test
39369,test
53191,test
48906,test
59716,test
4454,test
20430,test
33928,test
16150,test
8556,test
23651,test
31136,test
16508,test
44479,test
6424,test
4075,test
53190,test
63386,test
37682,test
70560,test
64490,test
25873,test
57009,test
48726,test
61125,test
31036,test
31289,test
12449,test
60110,test
20761,test
19584,test
26128,test
65635,test
34301,test
31339,test
50964,test
24355,test
18951,test
21022,test
37901,test
2571,test
22783,test
21282,test
2606,test
6554,test
33739,test
23606,test
25966,test
49751,test
847,test
68318,test
435,test
26002,test
6222,test
30016,test
66877,test
38506,test
11785,test
40071,test
25123,test
31730,test
24893,test
55846,test
63458,test
31587,test
58330,test
47097,test
37177,test
68178,test
23240,test
44687,test
59033,test
843,test
45770,test
6926,test
65293,test
795,test
5999,test
40077,test
28145,test
54119,test
3291,test
47654,test
17089,test
16233,test
4023,test
35052,test
65924,test
55285,test
15573,test
3536,test
39820,test
40795,test
23431,test
23157,test
55461,test
35338,test
18728,test
6351,test
40878,test
27786,test
9075,test
52593,test
11531,test
68131,test
63160,test
65880,test
24711,test
24748,test
26522,test
1664,test
35788,test
9180,test
29513,test
60143,test
36531,test
57171,test
38362,test
14053,test
16270,test
59646,test
50942,test
11310,test
54200,test
37434,test
64327,test
49388,test
15497,test
60190,test
1601,test
70487,test
58414,test
60088,test
17591,test
3625,test
20621,test
13080,test
65097,test
12076,test
31129,test
40938,test
17823,test
62519,test
69056,test
39987,test
4571,test
27920,test
19446,test
6494,test
54171,test
35484,test
29888,test
53805,test
811,test
41680,test
48491,test
43537,test
620,test
59486,test
20469,test
29189,test
64731,test
49087,test
33390,test
63000,test
51289,test
48068,test
2601,test
14227,test
11932,test
49126,test
32368,test
67886,test
43179,test
45437,test
35916,test
57011,test
57963,test
10410,test
14901,test
40995,test
5821,test
34501,test
69083,test
58960,test
63641,test
22337,test
32465,test
56186,test
43138,test
33655,test
37165,test
26190,test
19194,test
15738,test
20916,test
24767,test
17645,test
69516,test
66566,test
22571,test
45917,test
38657,test
12384,test
40625,test
54326,test
60121,test
46720,test
38232,test
66311,test
54320,test
61210,test
9750,test
58744,test
47415,test
29122,test
64861,test
21761,test
39797,test
69241,test
15671,test
11431,test
28359,test
33513,test
9541,test
8548,test
28491,test
3778,test
46407,test
21700,test
62271,test
24868,test
16623,test
70658,test
45537,test
12565,test
42369,test
13335,test
29997,test
59902,test
29467,test
52620,test
46984,test
32273,test
70320,test
63190,test
43610,test
6211,test
30914,test
27921,test
3269,test
58226,test
47307,test
4909,test
13005,test
18815,test
2478,test
16116,test
9622,test
5889,test
42582,test
17333,test
26674,test
27816,test
44284,test
9015,test
33174,test
23946,test
59846,test
35331,test
26211,test
19409,test
18942,test
35674,test
66844,test
43857,test
1148,test
4732,test
38669,test
13836,test
57747,test
64810,test
54071,test
33615,test
24384,test
11028,test
7349,test
18978,test
4109,test
23813,test
23006,test
6346,test
62870,test
65814,test
5243,test
38348,test
21152,test
16105,test
28255,test
21852,test
13982,test
67896,test
55223,test
60516,test
67548,test
46182,test
50187,test
68743,test
42008,test
22173,test
53584,test
51960,test
42428,test
12945,test
40857,test
12169,test
33138,test
58304,test
21741,test
22972,test
65351,test
10538,test
46251,test
30159,test
46488,test
43915,test
15721,test
49555,test
69331,test
41770,test
35637,test
15952,test
38083,test
57954,test
1657,test
48608,test
61200,test
2686,test
66320,test
34004,test
32482,test
66468,test
53314,test
25335,test
35385,test
25490,test
22911,test
33320,test
18442,test
17958,test
32805,test
2363,test
38093,test
64948,test
23512,test
65884,test
21462,test
66963,test
62615,test
6125,test
22408,test
17037,test
62117,test
20324,test
14223,test
846,test
32377,test
11869,test
33173,test
21747,test
2719,test
24018,test
65003,test
7106,test
340,test
14492,test
3183,test
48291,test
2873,test
12906,test
36361,test
18502,test
35205,test
18992,test
64579,test
40244,test
35427,test
60345,test
1743,test
61861,test
17388,test
46806,test
19492,test
943,test
61330,test
39834,test
20120,test
64794,test
5843,test
70421,test
15606,test
59541,test
25695,test
43057,test
50583,test
8652,test
36500,test
27091,test
62822,test
51248,test
6039,test
66648,test
58178,test
34352,test
33435,test
29452,test
28148,test
60887,test
13600,test
54571,test
45285,test
8511,test
1953,test
13417,test
28415,test
62777,test
54683,test
33960,test
19966,test
29084,test
20072,test
27793,test
70181,test
29048,test
5282,test
52339,test
34923,test
32721,test
66081,test
3323,test
60809,test
18286,test
7473,test
9112,test
54086,test
12153,test
45765,test
68596,test
9352,test
1808,test
13265,test
54677,test
20616,test
708,test
14244,test
60166,test
7565,test
23096,test
44665,test
42647,test
53798,test
55495,test
34428,test
63262,test
3261,test
29752,test
30395,test
22864,test
69156,test
65314,test
22011,test
31395,test
28003,test
28210,test
30249,test
4728,test
53649,test
57536,test
38372,test
69929,test
23955,test
7749,test
29175,test
64942,test
8484,test
67251,test
36966,test
17595,test
20352,test
31687,test
54737,test
59346,test
43568,test
46180,test
19320,test
63032,test
39341,test
55592,test
34579,test
10781,test
68249,test
29198,test
34810,test
4342,test
42957,test
45713,test
65033,test
9324,test
35894,test
46146,test
21850,test
25372,test
17457,test
44711,test
16569,test
58473,test
67068,test
44787,test
57372,test
65059,test
49054,test
37388,test
16999,test
19046,test
15398,test
9634,test
10679,test
49982,test
69198,test
4033,test
4949,test
51934,test
61561,test
60472,test
18979,test
556,test
34909,test
47556,test
42696,test
27975,test
58720,test
44093,test
63075,test
19836,test
15889,test
10524,test
12083,test
33052,test
28049,test
17221,test
59873,test
18707,test
67601,test
35042,test
68326,test
65043,test
51338,test
19432,test
2471,test
53801,test
30537,test
15330,test
66561,test
61230,test
64682,test
32957,test
40453,test
45935,test
64839,test
2252,test
40263,test
55520,test
48547,test
18396,test
35626,test
4055,test
44975,test
29856,test
46794,test
45249,test
60769,test
59959,test
3259,test
61724,test
4920,test
8431,test
55105,test
28108,test
27240,test
11968,test
50042,test
3002,test
27008,test
41766,test
54870,test
46040,test
50466,test
49193,test
25187,test
57218,test
37563,test
23832,test
60915,test
61940,test
3720,test
59762,test
45193,test
38887,test
2648,test
53174,test
12684,test
10392,test
35576,test
67211,test
21921,test
25165,test
52546,test
17367,test
9596,test
29343,test
46322,test
2812,test
14689,test
17150,test
62086,test
36862,test
58189,test
10019,test
47173,test
53897,test
29857,test
25619,test
64800,test
12317,test
60213,test
67888,test
33245,test
26904,test
40129,test
7316,test
58989,test
1874,test
16345,test
39522,test
26848,test
42548,test
58348,test
8387,test
57442,test
47831,test
42846,test
4147,test
36791,test
65567,test
51271,test
5777,test
21906,test
21682,test
62969,test
61886,test
17064,test
18064,test
7616,test
59782,test
47099,test
67482,test
57604,test
14587,test
61583,test
32200,test
52143,test
47471,test
24628,test
37793,test
70005,test
8690,test
55469,test
57064,test
23160,test
43615,test
61621,test
4444,test
2263,test
50460,test
10331,test
64963,test
56976,test
63501,test
56142,test
49385,test
7019,test
49269,test
5894,test
9519,test
33935,test
5846,test
28405,test
9148,test
60019,test
33689,test
7646,test
64336,test
19014,test
37264,test
22994,test
62444,test
32997,test
11354,test
8753,test
45683,test
28404,test
19873,test
17633,test
66667,test
22155,test
33098,test
52518,test
60457,test
40537,test
431,test
57162,test
48636,test
54021,test
69869,test
63159,test
31780,test
47826,test
26029,test
16337,test
42945,test
9406,test
20461,test
42897,test
47089,test
34518,test
64113,test
47391,test
30933,test
16404,test
21713,test
68678,test
24917,test
37432,test
36650,test
8868,test
6559,test
33078,test
66025,test
1030,test
27593,test
45513,test
37789,test
38009,test
36281,test
14035,test
41373,test
37750,test
4958,test
31228,test
7850,test
59391,test
42757,test
19062,test
9887,test
59500,test
40028,test
69505,test
66292,test
346,test
5610,test
24547,test
40984,test
54736,test
64341,test
27340,test
14496,test
5785,test
46797,test
33975,test
49949,test
20485,test
21547,test
57398,test
43889,test
5446,test
599,test
38776,test
20360,test
294,test
53641,test
1327,test
44279,test
18388,test
47098,test
14252,test
6877,test
48464,test
44721,test
62064,test
8371,test
13218,test
39723,test
69107,test
21238,test
39587,test
19794,test
13210,test
39975,test
50915,test
4618,test
3693,test
11332,test
49400,test
10083,test
60835,test
57670,test
21872,test
11987,test
5348,test
16687,test
27254,test
23373,test
12722,test
58527,test
67057,test
1143,test
51348,test
3159,test
17146,test
35067,test
47616,test
6101,test
51971,test
61065,test
59030,test
38615,test
16801,test
69995,test
27141,test
22580,test
5864,test
29019,test
47901,test
62449,test
24900,test
13413,test
66633,test
59125,test
52106,test
51808,test
5456,test
68334,test
2286,test
49717,test
53440,test
27452,test
50088,test
68776,test
7455,test
23369,test
41739,test
53398,test
20625,test
18133,test
21190,test
21492,test
63959,test
32178,test
42238,test
61327,test
19997,test
54304,test
69209,test
32888,test
57510,test
927,test
22194,test
59842,test
66397,test
18708,test
44413,test
18047,test
48736,test
62204,test
19080,test
4046,test
23083,test
41634,test
13501,test
25056,test
36829,test
65676,test
4526,test
13042,test
31050,test
18909,test
26024,test
45629,test
55588,test
25052,test
32553,test
45219,test
69879,test
20897,test
26135,test
66828,test
58438,test
58547,test
37992,test
21456,test
60683,test
72,test
6325,test
31411,test
69258,test
5371,test
27812,test
51373,test
51646,test
30726,test
68826,test
59009,test
36949,test
44465,test
4206,test
41617,test
12021,test
26317,test
49477,test
67557,test
7287,test
50821,test
64637,test
47475,test
46842,test
6637,test
27102,test
27947,test
70330,test
55553,test
7689,test
31831,test
57673,test
11841,test
44552,test
59261,test
7498,test
22560,test
54328,test
62590,test
68517,test
20133,test
69433,test
46331,test
58162,test
67765,test
43945,test
11999,test
9285,test
66240,test
62535,test
17646,test
68197,test
60840,test
66367,test
53902,test
36653,test
48199,test
50230,test
12559,test
31753,test
65002,test
62182,test
11562,test
32551,test
48023,test
61551,test
58231,test
44185,test
58683,test
38059,test
11836,test
19817,test
7510,test
22148,test
34844,test
62380,test
45842,test
7477,test
57333,test
37588,test
26202,test
26568,test
2407,test
59665,test
61932,test
919,test
27220,test
12546,test
40409,test
46683,test
44805,test
27385,test
42397,test
40573,test
1483,test
36857,test
49383,test
50254,test
54544,test
4459,test
54367,test
20080,test
48372,test
3308,test
59605,test
2996,test
66040,test
23621,test
11080,test
56413,test
57463,test
50037,test
50505,test
40105,test
7589,test
18272,test
20776,test
16521,test
68387,test
24987,test
8243,test
37087,test
43130,test
37451,test
40897,test
14375,test
67427,test
38533,test
59246,test
26186,test
537,test
63783,test
49431,test
9521,test
54612,test
55538,test
54331,test
62327,test
35733,test
25701,test
46931,test
22499,test
52744,test
51503,test
56732,test
49230,test
47582,test
62544,test
63486,test
15360,test
10853,test
70030,test
19801,test
55079,test
22377,test
14804,test
60702,test
10990,test
33976,test
41142,test
18248,test
1714,test
53332,test
23638,test
63602,test
18161,test
14555,test
9303,test
18196,test
63315,test
52005,test
14875,test
40121,test
38394,test
50002,test
39442,test
40609,test
44241,test
8744,test
35069,test
19368,test
19314,test
39412,test
54034,test
5038,test
2246,test
26091,test
43912,test
31846,test
4684,test
59614,test
54397,test
55120,test
7022,test
45681,test
27882,test
9678,test
63503,test
9060,test
21663,test
7744,test
65418,test
40777,test
65574,test
23838,test
37680,test
52357,test
37971,test
49612,test
19562,test
11719,test
50464,test
15989,test
64601,test
6425,test
175,test
39967,test
2020,test
63024,test
51630,test
55574,test
30734,test
17695,test
69824,test
28813,test
35755,test
59686,test
23814,test
43930,test
35384,test
47572,test
50349,test
51984,test
3883,test
51625,test
23307,test
44901,test
11192,test
47643,test
21373,test
2132,test
63081,test
20241,test
45436,test
68264,test
47958,test
58257,test
37393,test
33822,test
7809,test
37667,test
21076,test
50203,test
32439,test
14453,test
67780,test
25063,test
11823,test
47527,test
61586,test
47988,test
50734,test
67692,test
40323,test
63736,test
43655,test
20898,test
22896,test
43829,test
68409,test
18601,test
45608,test
3716,test
7089,test
17734,test
55394,test
43158,test
51104,test
17717,test
70047,test
44305,test
28576,test
30189,test
62000,test
61423,test
51784,test
34164,test
8522,test
24503,test
50243,test
57429,test
31099,test
69666,test
26496,test
17580,test
63019,test
2429,test
36424,test
22163,test
15462,test
4392,test
70057,test
64370,test
13012,test
62707,test
29576,test
26367,test
27549,test
28657,test
25527,test
67445,test
38715,test
21251,test
26407,test
10926,test
60231,test
44564,test
63310,test
49703,test
26185,test
59336,test
38936,test
34295,test
33437,test
4946,test
66493,test
60228,test
53021,test
26409,test
38753,test
35673,test
35144,test
16076,test
13971,test
63350,test
3310,test
11221,test
56284,test
61758,test
7336,test
31943,test
826,test
17668,test
41974,test
5550,test
16563,test
45122,test
50356,test
44953,test
22905,test
49408,test
8130,test
60534,test
3790,test
65584,test
43278,test
19403,test
14350,test
40627,test
49554,test
50768,test
68432,test
30632,test
30360,test
66192,test
43181,test
55406,test
14113,test
21193,test
50275,test
6475,test
15481,test
56515,test
37736,test
46145,test
24221,test
61013,test
67530,test
24190,test
26695,test
24299,test
52873,test
48908,test
19768,test
28942,test
65967,test
54803,test
17973,test
39320,test
7844,test
30130,test
48535,test
49419,test
16347,test
36266,test
11118,test
30216,test
56656,test
70129,test
50939,test
37496,test
16403,test
35984,test
38870,test
266,test
65783,test
59119,test
66137,test
40832,test
31138,test
2104,test
14470,test
56557,test
67909,test
70484,test
4671,test
27624,test
55893,test
63012,test
43490,test
52082,test
12279,test
21060,test
3098,test
7396,test
48204,test
52884,test
35848,test
7088,test
55611,test
6730,test
68567,test
3485,test
23469,test
18771,test
28411,test
38910,test
63069,test
22375,test
8509,test
32096,test
41658,test
38341,test
66863,test
20391,test
14370,test
6946,test
10199,test
54327,test
65096,test
2089,test
19262,test
37381,test
80,test
55536,test
19501,test
5495,test
1279,test
16326,test
62574,test
27101,test
21586,test
70492,test
34717,test
68779,test
66484,test
17331,test
14180,test
4262,test
10043,test
17279,test
64560,test
67452,test
56974,test
14022,test
11722,test
20837,test
59555,test
57797,test
54635,test
8708,test
8181,test
48122,test
32993,test
11436,test
67691,test
35514,test
5698,test
70414,test
58246,test
24366,test
35213,test
17915,test
52672,test
66191,test
15625,test
38207,test
34830,test
9238,test
69116,test
56728,test
10172,test
34288,test
58594,test
37027,test
48513,test
69951,test
65989,test
14502,test
10466,test
20959,test
42661,test
1673,test
6708,test
46630,test
28670,test
30571,test
56935,test
14692,test
50038,test
51748,test
55084,test
60790,test
37287,test
7323,test
45364,test
30967,test
18447,test
35961,test
68598,test
67904,test
44410,test
63645,test
44059,test
43771,test
26740,test
18967,test
43971,test
9567,test
47814,test
56095,test
47657,test
69290,test
49756,test
63941,test
67934,test
42228,test
46808,test
49057,test
16467,test
69335,test
49469,test
50340,test
64021,test
59880,test
61927,test
7826,test
50792,test
9271,test
4493,test
14606,test
3474,test
30414,test
16769,test
54094,test
34528,test
26096,test
46128,test
22265,test
42380,test
53313,test
7331,test
19906,test
11193,test
23687,test
67988,test
60118,test
53856,test
47916,test
2218,test
48483,test
39829,test
15895,test
13476,test
19968,test
13993,test
13035,test
23818,test
14454,test
16318,test
45601,test
70662,test
60489,test
68170,test
11763,test
23836,test
21245,test
8927,test
4007,test
38428,test
8352,test
68332,test
36277,test
62937,test
66765,test
4554,test
16463,test
59013,test
62484,test
40397,test
8980,test
14295,test
34963,test
13374,test
16170,test
31447,test
3135,test
4941,test
20332,test
1300,test
14444,test
51713,test
5093,test
11846,test
15777,test
27841,test
12084,test
50400,test
43246,test
11516,test
48056,test
45742,test
7181,test
34334,test
45069,test
43801,test
49579,test
6114,test
43715,test
43230,test
25449,test
21118,test
41570,test
60685,test
22403,test
4271,test
11975,test
8620,test
40240,test
39211,test
9425,test
10458,test
14676,test
63001,test
36276,test
61934,test
20153,test
26174,test
29596,test
37064,test
20415,test
50077,test
22802,test
37600,test
59663,test
40297,test
41575,test
41959,test
61513,test
30569,test
59592,test
53246,test
45179,test
16271,test
69965,test
34983,test
69608,test
15570,test
55903,test
40977,test
21659,test
62075,test
68783,test
64659,test
32239,test
60149,test
35656,test
36603,test
20921,test
69567,test
47762,test
2587,test
29426,test
53499,test
6712,test
40415,test
2002,test
32489,test
50832,test
6372,test
61233,test
24874,test
55302,test
7283,test
26620,test
47400,test
31445,test
68580,test
54770,test
523,test
32971,test
28894,test
26078,test
39136,test
67942,test
39671,test
36408,test
20937,test
23982,test
49188,test
67549,test
66467,test
47614,test
15995,test
39289,test
11387,test
53007,test
30211,test
30181,test
68904,test
17776,test
8447,test
58103,test
59514,test
15242,test
11223,test
44117,test
25762,test
63722,test
67814,test
7226,test
68490,test
55996,test
24890,test
11543,test
29230,test
57711,test
27107,test
332,test
4154,test
61089,test
61410,test
29792,test
64714,test
46725,test
65807,test
1892,test
20385,test
20667,test
3779,test
46628,test
12127,test
70434,test
18994,test
16965,test
32460,test
5473,test
32118,test
68777,test
57047,test
42361,test
44731,test
58108,test
2467,test
28240,test
46788,test
62867,test
15458,test
6169,test
1142,test
65283,test
6167,test
55341,test
65701,test
755,test
69789,test
21273,test
17733,test
36905,test
36300,test
31046,test
36912,test
21925,test
13031,test
69431,test
14962,test
48147,test
26494,test
66450,test
312,test
30353,test
59201,test
45850,test
36203,test
25287,test
31047,test
47430,test
19559,test
6414,test
45486,test
38351,test
52564,test
50595,test
24377,test
47932,test
33048,test
13815,test
2410,test
59132,test
24441,test
206,test
62283,test
8054,test
11316,test
23270,test
52283,test
29322,test
31646,test
55485,test
38124,test
17233,test
25857,test
28058,test
44773,test
28781,test
60585,test
66297,test
15982,test
59642,test
32309,test
28443,test
19645,test
32953,test
54137,test
11205,test
8837,test
66197,test
15853,test
4961,test
65776,test
31241,test
39094,test
56260,test
44154,test
14042,test
61171,test
22884,test
25898,test
41931,test
43637,test
47512,test
22329,test
68523,test
37359,test
8081,test
68247,test
4008,test
67965,test
2231,test
20797,test
40567,test
68985,test
10992,test
23191,test
14420,test
44656,test
47075,test
1373,test
20561,test
17143,test
59012,test
46213,test
61353,test
25718,test
53341,test
54810,test
45607,test
25341,test
35962,test
6925,test
36610,test
24294,test
29553,test
67706,test
32514,test
47779,test
41123,test
50215,test
8048,test
32925,test
33633,test
38441,test
43749,test
39621,test
30172,test
19323,test
62048,test
4668,test
55222,test
33961,test
39649,test
67858,test
2441,test
31630,test
7382,test
49727,test
35919,test
66482,test
52051,test
5568,test
3399,test
63029,test
46460,test
5369,test
54470,test
47190,test
20160,test
58009,test
61434,test
59232,test
28610,test
29068,test
34653,test
50522,test
49244,test
15112,test
42151,test
56412,test
53306,test
61301,test
32973,test
3635,test
54949,test
23425,test
66369,test
16108,test
24538,test
57889,test
33954,test
44036,test
66099,test
56251,test
1165,test
10847,test
38276,test
56615,test
21285,test
26797,test
59916,test
56663,test
63855,test
24693,test
5661,test
15898,test
32674,test
32766,test
36570,test
47655,test
60301,test
40003,test
43845,test
18954,test
2103,test
21975,test
54706,test
22909,test
63985,test
25984,test
61098,test
1710,test
46284,test
60443,test
53075,test
14358,test
16014,test
24158,test
29381,test
31499,test
18413,test
10409,test
38424,test
58860,test
40434,test
55551,test
26048,test
6103,test
59954,test
65191,test
33114,test
8587,test
34892,test
39502,test
6343,test
10891,test
63288,test
64142,test
46063,test
60205,test
2552,test
20478,test
18920,test
20522,test
9093,test
58645,test
3328,test
7009,test
10287,test
61309,test
53505,test
28134,test
34788,test
34988,test
36712,test
4830,test
3252,test
40338,test
131,test
10118,test
7143,test
44887,test
10311,test
58615,test
59577,test
51103,test
38048,test
215,test
16372,test
27478,test
54651,test
33601,test
34372,test
59775,test
18259,test
47122,test
19692,test
9178,test
51846,test
9975,test
36109,test
11708,test
38359,test
36927,test
14710,test
30583,test
2473,test
34535,test
42752,test
64635,test
54557,test
44778,test
67135,test
36446,test
40380,test
10088,test
61097,test
2657,test
18633,test
26310,test
47591,test
53347,test
7686,test
49613,test
20973,test
5350,test
11146,test
11744,test
47024,test
42923,test
39115,test
17977,test
29405,test
14834,test
11026,test
50922,test
7601,test
1917,test
25597,test
18517,test
24732,test
62121,test
56101,test
53610,test
68091,test
66458,test
40847,test
15781,test
40834,test
18260,test
46811,test
56584,test
70557,test
15279,test
28747,test
62071,test
55575,test
4428,test
69732,test
64972,test
26295,test
27615,test
43079,test
31677,test
32251,test
7650,test
48506,test
46672,test
14894,test
17504,test
60891,test
55959,test
34953,test
5322,test
4243,test
54001,test
18457,test
2029,test
66843,test
26667,test
27188,test
7703,test
18848,test
21194,test
32208,test
40228,test
8660,test
69417,test
50654,test
55396,test
1018,test
65914,test
49790,test
18887,test
62199,test
66078,test
39837,test
54092,test
20808,test
20123,test
50680,test
61073,test
48504,test
67205,test
61300,test
23429,test
799,test
48673,test
47650,test
29366,test
13744,test
33997,test
19917,test
46061,test
66688,test
11142,test
3508,test
42605,test
18820,test
10126,test
47786,test
33578,test
17656,test
58180,test
966,test
70367,test
37809,test
41259,test
42101,test
36990,test
57757,test
5569,test
61947,test
10418,test
39925,test
5940,test
62681,test
9003,test
14329,test
48635,test
38729,test
20810,test
38643,test
37877,test
67323,test
21518,test
20040,test
70038,test
29045,test
66310,test
37406,test
32275,test
21957,test
23805,test
69989,test
15616,test
67650,test
57168,test
55257,test
36509,test
36387,test
66120,test
67897,test
48626,test
6495,test
40729,test
24300,test
45142,test
43745,test
15241,test
46913,test
68300,test
6723,test
16292,test
56381,test
19750,test
3954,test
35237,test
36820,test
33430,test
16664,test
12437,test
56630,test
62684,test
3589,test
47407,test
20019,test
23089,test
19484,test
28173,test
11522,test
51793,test
19473,test
56242,test
11838,test
1006,test
60265,test
26974,test
68525,test
26663,test
29653,test
34633,test
44902,test
63913,test
57703,test
40631,test
13435,test
33011,test
17577,test
54602,test
20408,test
32847,test
42479,test
819,test
26519,test
35083,test
32423,test
14748,test
62970,test
25186,test
39385,test
52836,test
21360,test
11584,test
10493,test
26269,test
46603,test
35370,test
4501,test
45039,test
18616,test
33787,test
29232,test
59632,test
52595,test
32219,test
58759,test
12964,test
21914,test
64645,test
1929,test
62857,test
41516,test
57484,test
41003,test
4541,test
40783,test
27852,test
7622,test
36590,test
36319,test
22285,test
40557,test
42478,test
52508,test
59362,test
12190,test
49588,test
64089,test
55678,test
25560,test
45267,test
58253,test
67364,test
20682,test
9703,test
8504,test
29523,test
48055,test
43111,test
29088,test
6404,test
69249,test
34893,test
37307,test
44371,test
42993,test
17558,test
5311,test
63111,test
8293,test
1729,test
50422,test
28985,test
33400,test
17173,test
65295,test
11458,test
17798,test
31562,test
17843,test
25868,test
63537,test
21991,test
51775,test
14355,test
39626,test
47975,test
62808,test
66016,test
14652,test
12716,test
8366,test
58695,test
5104,test
65889,test
10267,test
4868,test
54954,test
68806,test
64267,test
41283,test
36776,test
37991,test
27433,test
7000,test
57552,test
4400,test
26252,test
30257,test
16815,test
36151,test
31006,test
25919,test
13960,test
32889,test
36658,test
16371,test
45232,test
10715,test
46619,test
68492,test
12516,test
35679,test
66196,test
52802,test
7321,test
44187,test
16472,test
18746,test
20439,test
6662,test
56003,test
34231,test
67208,test
55745,test
4837,test
19738,test
58881,test
11306,test
32407,test
53776,test
60313,test
61754,test
24887,test
15030,test
8080,test
11046,test
18144,test
57631,test
40237,test
9741,test
42802,test
54688,test
23533,test
25835,test
51595,test
48503,test
46962,test
37894,test
54515,test
21025,test
14770,test
52129,test
41533,test
19091,test
64338,test
20116,test
55940,test
57094,test
70628,test
43029,test
19326,test
51682,test
52560,test
40102,test
59257,test
890,test
735,test
3729,test
34084,test
6603,test
10569,test
31169,test
8091,test
63049,test
39201,test
35537,test
24072,test
43781,test
30186,test
25832,test
485,test
16715,test
63281,test
24182,test
31459,test
35631,test
64011,test
31882,test
24438,test
54248,test
54399,test
23007,test
30206,test
54922,test
37597,test
32002,test
30133,test
50192,test
54600,test
54884,test
31877,test
39712,test
45578,test
23078,test
15924,test
27911,test
4489,test
25916,test
21096,test
23610,test
43069,test
14406,test
54831,test
4581,test
54414,test
54020,test
37990,test
381,test
58892,test
25932,test
57407,test
39083,test
7211,test
67468,test
69586,test
51807,test
59126,test
10253,test
4265,test
51903,test
31704,test
41181,test
44804,test
17738,test
17900,test
67750,test
14858,test
6676,test
47306,test
46318,test
21694,test
52456,test
54674,test
54476,test
29228,test
15425,test
30230,test
49211,test
22731,test
29906,test
61588,test
66426,test
24770,test
44110,test
66718,test
47600,test
63763,test
18816,test
9531,test
18147,test
1645,test
59591,test
7415,test
22464,test
16437,test
63846,test
51126,test
50270,test
66393,test
21771,test
54356,test
52335,test
20379,test
63721,test
62434,test
46582,test
4095,test
35778,test
32552,test
46897,test
14412,test
24454,test
1730,test
56869,test
42119,test
2980,test
15997,test
11424,test
36332,test
5379,test
5747,test
12547,test
8158,test
17419,test
1154,test
66894,test
23655,test
61145,test
4901,test
22010,test
52158,test
51528,test
5160,test
69596,test
24699,test
43296,test
11782,test
48541,test
8766,test
49361,test
51351,test
65873,test
35638,test
65986,test
16756,test
27425,test
20668,test
2486,test
62757,test
40328,test
57718,test
32155,test
64014,test
55795,test
65666,test
24870,test
7157,test
68568,test
52538,test
6206,test
42862,test
14414,test
64992,test
29611,test
53271,test
7053,test
12316,test
53808,test
69730,test
57274,test
24989,test
27510,test
34992,test
52062,test
37239,test
12553,test
33128,test
49599,test
53804,test
42910,test
14004,test
62983,test
48549,test
39966,test
3139,test
51035,test
24084,test
10249,test
37002,test
9292,test
5261,test
55616,test
69939,test
65435,test
34681,test
57971,test
40156,test
50478,test
13578,test
32881,test
18098,test
55555,test
27892,test
35332,test
68606,test
69932,test
58712,test
39007,test
14388,test
57553,test
49925,test
49,test
50604,test
25543,test
22922,test
42152,test
63472,test
49451,test
54932,test
46894,test
40831,test
60137,test
48500,test
38613,test
28816,test
55190,test
6970,test
57915,test
30535,test
38587,test
63447,test
10064,test
19571,test
61321,test
56616,test
41700,test
1060,test
11108,test
68970,test
54609,test
11079,test
68307,test
51865,test
66141,test
20236,test
55145,test
37056,test
44112,test
46916,test
55966,test
25912,test
30057,test
27945,test
70040,test
57013,test
10698,test
8188,test
27940,test
23071,test
43952,test
29272,test
38747,test
66057,test
54336,test
46461,test
18269,test
1956,test
48275,test
45273,test
46021,test
38260,test
4629,test
59521,test
25454,test
10407,test
66006,test
31718,test
55062,test
11381,test
58709,test
8834,test
7245,test
57026,test
63463,test
38128,test
2964,test
15334,test
27307,test
70347,test
5188,test
14513,test
47939,test
1470,test
51931,test
34313,test
15556,test
29805,test
31348,test
70184,test
40803,test
28199,test
25927,test
17552,test
26109,test
7773,test
30708,test
41426,test
49892,test
65741,test
67021,test
39534,test
30280,test
51740,test
9534,test
33208,test
63359,test
53899,test
54586,test
44641,test
32738,test
56713,test
67184,test
15803,test
41340,test
28667,test
55083,test
21836,test
57518,test
18463,test
61503,test
26021,test
36827,test
53116,test
17235,test
54082,test
1823,test
48010,test
56313,test
67763,test
9385,test
47664,test
11919,test
21960,test
14128,test
12620,test
35359,test
33572,test
25768,test
59335,test
17690,test
23701,test
4542,test
26825,test
31590,test
53623,test
43359,test
11003,test
3187,test
61697,test
63699,test
4092,test
3335,test
55496,test
43988,test
12164,test
11070,test
49051,test
1592,test
8734,test
3084,test
25125,test
12177,test
50035,test
58472,test
21049,test
28333,test
51820,test
8426,test
35666,test
36870,test
62486,test
67584,test
36677,test
10280,test
39773,test
55238,test
4329,test
8310,test
6134,test
52738,test
33764,test
29871,test
9237,test
53261,test
66415,test
13729,test
41756,test
32774,test
55226,test
63885,test
33367,test
62451,test
59382,test
58982,test
7162,test
33396,test
39995,test
509,test
3908,test
63097,test
43015,test
64534,test
65997,test
61603,test
4490,test
66734,test
36049,test
61550,test
47584,test
44551,test
56590,test
21841,test
29768,test
18376,test
23004,test
6264,test
1855,test
9863,test
51324,test
15872,test
20901,test
64213,test
33568,test
3507,test
29220,test
18381,test
21028,test
43923,test
52324,test
12309,test
32668,test
19694,test
36291,test
14136,test
24596,test
37805,test
42918,test
46994,test
54246,test
17572,test
56039,test
51058,test
37677,test
21996,test
55540,test
66194,test
52096,test
22823,test
28731,test
49536,test
10166,test
45523,test
23454,test
37328,test
56121,test
2493,test
8109,test
44200,test
5687,test
40287,test
31596,test
28360,test
57873,test
41686,test
10096,test
5804,test
65316,test
43109,test
54078,test
20012,test
23414,test
43624,test
22952,test
49301,test
68840,test
38031,test
65659,test
19242,test
42097,test
51985,test
23618,test
10191,test
52144,test
45472,test
27749,test
54183,test
60391,test
71,test
68377,test
21514,test
70633,test
33939,test
18592,test
67725,test
69264,test
46890,test
52483,test
4569,test
19578,test
52679,test
63298,test
27869,test
6256,test
25923,test
63006,test
66155,test
49696,test
15370,test
47635,test
23024,test
23726,test
68835,test
38280,test
35727,test
53904,test
64966,test
17066,test
38357,test
20489,test
60114,test
35628,test
2729,test
4529,test
9312,test
34631,test
50433,test
7659,test
47305,test
60026,test
14784,test
728,test
13909,test
47274,test
65083,test
65939,test
66889,test
14878,test
255,test
10120,test
14881,test
43790,test
40060,test
54254,test
56875,test
24559,test
41344,test
8286,test
28500,test
35371,test
6254,test
63450,test
8784,test
30891,test
62494,test
51728,test
49675,test
23894,test
54013,test
67375,test
12824,test
10695,test
67093,test
35545,test
19111,test
51681,test
33193,test
45781,test
56025,test
68939,test
3963,test
3503,test
46300,test
68903,test
1502,test
31839,test
35425,test
49598,test
34269,test
48070,test
52037,test
62273,test
55254,test
42018,test
68234,test
59315,test
6147,test
42733,test
43370,test
69166,test
60730,test
33974,test
2011,test
36331,test
37148,test
64229,test
19945,test
47295,test
60917,test
1079,test
184,test
23005,test
12290,test
3686,test
67894,test
68750,test
40221,test
10988,test
52296,test
46222,test
68324,test
8686,test
42899,test
68832,test
63446,test
54438,test
8088,test
6556,test
34448,test
64571,test
56031,test
23906,test
43022,test
51871,test
12253,test
65971,test
21180,test
39642,test
24873,test
48790,test
36716,test
46873,test
21382,test
45926,test
62655,test
57450,test
13264,test
13806,test
31916,test
1732,test
43758,test
69720,test
7272,test
68825,test
65132,test
17935,test
46829,test
69768,test
25463,test
20509,test
25815,test
53660,test
20981,test
3955,test
39742,test
12050,test
48459,test
52573,test
59703,test
7677,test
33605,test
40499,test
24079,test
25977,test
66469,test
49664,test
85,test
28957,test
37075,test
52042,test
50288,test
68361,test
38283,test
7066,test
19123,test
66913,test
39045,test
41850,test
54335,test
59307,test
64881,test
19607,test
63877,test
32814,test
39632,test
14745,test
44602,test
63599,test
10626,test
66314,test
35077,test
62236,test
35710,test
1882,test
52857,test
44140,test
36789,test
50735,test
4533,test
27604,test
16646,test
23085,test
25507,test
30475,test
24183,test
56685,test
56450,test
63227,test
27826,test
27893,test
22157,test
13651,test
3920,test
36178,test
16192,test
1336,test
47114,test
822,test
66729,test
68705,test
54066,test
37293,test
58071,test
66856,test
15484,test
20201,test
66668,test
11385,test
10040,test
50752,test
59179,test
15672,test
44105,test
15390,test
1945,test
65744,test
39161,test
49090,test
33733,test
36255,test
62008,test
7147,test
52938,test
20954,test
25109,test
20070,test
32347,test
55112,test
53741,test
5644,test
63662,test
68465,test
4538,test
56051,test
68226,test
18791,test
8687,test
67113,test
35131,test
36267,test
56840,test
64347,test
36942,test
55549,test
3050,test
24768,test
34772,test
51497,test
25237,test
23664,test
48211,test
15339,test
63682,test
48274,test
12339,test
52846,test
9806,test
39731,test
30705,test
29020,test
29785,test
45126,test
21637,test
37061,test
26947,test
52569,test
31332,test
31117,test
63058,test
48170,test
16675,test
25581,test
13632,test
56800,test
35292,test
11326,test
56144,test
19548,test
20148,test
49611,test
24076,test
37876,test
36537,test
17621,test
2229,test
4902,test
21511,test
15448,test
26896,test
24902,test
37779,test
2627,test
29158,test
46468,test
1568,test
59859,test
2215,test
23550,test
57061,test
18100,test
48676,test
54790,test
54368,test
5445,test
6827,test
64071,test
40516,test
59542,test
13181,test
46778,test
67041,test
44404,test
55962,test
14731,test
19269,test
69374,test
59284,test
49683,test
66158,test
23246,test
6113,test
35882,test
7403,test
68718,test
5028,test
33831,test
21243,test
19753,test
8697,test
70148,test
45243,test
43592,test
48489,test
25175,test
59479,test
58160,test
67541,test
49726,test
34730,test
41233,test
21664,test
61053,test
29126,test
36503,test
48647,test
62734,test
31381,test
842,test
61566,test
22617,test
6186,test
6563,test
43736,test
43917,test
19164,test
14239,test
40600,test
2369,test
48352,test
67999,test
3141,test
47332,test
9717,test
44189,test
13241,test
5951,test
14737,test
39710,test
31373,test
22417,test
66753,test
36095,test
56549,test
58762,test
7555,test
30803,test
20350,test
4658,test
12877,test
61913,test
32823,test
62470,test
32209,test
60611,test
63285,test
37566,test
16074,test
50161,test
23853,test
66914,test
49136,test
8790,test
22699,test
69102,test
44690,test
46452,test
27013,test
23924,test
27265,test
39275,test
6734,test
3480,test
7963,test
19441,test
69987,test
51481,test
41721,test
6614,test
67704,test
59302,test
45847,test
19106,test
3255,test
16822,test
41672,test
40421,test
13666,test
43979,test
10359,test
59207,test
38699,test
65211,test
17449,test
63043,test
13531,test
48246,test
8098,test
18454,test
60340,test
23206,test
48082,test
13195,test
40892,test
36024,test
65095,test
41643,test
688,test
10514,test
48776,test
26423,test
30992,test
44176,test
38160,test
53396,test
62267,test
47033,test
9242,test
50864,test
18262,test
38713,test
52198,test
18505,test
39325,test
56323,test
68577,test
34490,test
56694,test
51053,test
63961,test
33663,test
26028,test
2706,test
68817,test
7073,test
28756,test
46092,test
14918,test
31359,test
21603,test
65885,test
32122,test
1491,test
44120,test
14034,test
12077,test
12947,test
17699,test
27160,test
30062,test
23205,test
42334,test
32942,test
45520,test
35183,test
47241,test
52410,test
4383,test
30881,test
28616,test
38889,test
22261,test
51020,test
1,test
18975,test
36520,test
26638,test
24619,test
29443,test
6349,test
26838,test
17517,test
59475,test
70538,test
24872,test
17260,test
57969,test
45859,test
29716,test
22614,test
15367,test
11008,test
13130,test
34854,test
16717,test
25684,test
48337,test
59123,test
57987,test
8821,test
21746,test
25114,test
51372,test
17912,test
43526,test
7936,test
42713,test
60663,test
18752,test
47065,test
22390,test
45391,test
26780,test
469,test
46585,test
58001,test
776,test
9300,test
64456,test
51250,test
17899,test
5596,test
8964,test
11883,test
47524,test
39441,test
33388,test
50124,test
34635,test
51157,test
62954,test
59338,test
63250,test
6104,test
10387,test
48613,test
16090,test
6204,test
62055,test
17299,test
19616,test
40275,test
17836,test
49653,test
61146,test
38257,test
45445,test
52021,test
12875,test
30574,test
38177,test
32833,test
18024,test
65294,test
65660,test
38988,test
54868,test
59397,test
15125,test
70298,test
67521,test
89,test
15449,test
26714,test
8104,test
61528,test
56669,test
64222,test
56127,test
5545,test
38535,test
51653,test
21997,test
1512,test
17142,test
48588,test
55402,test
50190,test
12854,test
9636,test
61708,test
36338,test
56695,test
17525,test
32525,test
51863,test
10827,test
56196,test
10984,test
43739,test
40387,test
38043,test
28133,test
26593,test
11784,test
57907,test
28927,test
17884,test
25255,test
54744,test
16502,test
38621,test
65051,test
15732,test
62840,test
34706,test
11957,test
30046,test
23696,test
60554,test
68047,test
58248,test
25744,test
35974,test
7908,test
1447,test
39300,test
16430,test
30136,test
65735,test
50571,test
6097,test
41354,test
54973,test
59739,test
52413,test
66048,test
43020,test
56145,test
65808,test
26298,test
24627,test
50169,test
28047,test
22025,test
48299,test
62905,test
52175,test
49137,test
43911,test
41971,test
63712,test
57931,test
56229,test
22278,test
307,test
32475,test
12659,test
45625,test
1854,test
29806,test
12606,test
66017,test
40703,test
27681,test
43642,test
11100,test
53292,test
24587,test
9414,test
64741,test
31567,test
68571,test
14068,test
2131,test
31113,test
29259,test
58680,test
9644,test
21113,test
64012,test
34719,test
46252,test
54091,test
34612,test
30126,test
34281,test
8806,test
39526,test
33227,test
30316,test
55894,test
21701,test
2625,test
19027,test
17431,test
2241,test
5266,test
685,test
50599,test
7684,test
33783,test
38805,test
28307,test
61424,test
56337,test
2725,test
37147,test
14760,test
56874,test
14642,test
35431,test
28478,test
37636,test
6295,test
26047,test
18058,test
6407,test
60429,test
49722,test
474,test
42009,test
53526,test
4540,test
4509,test
36211,test
3675,test
40487,test
46473,test
8830,test
51705,test
59567,test
38983,test
51519,test
66609,test
7191,test
55234,test
2857,test
61548,test
25345,test
22563,test
63162,test
39745,test
59174,test
5612,test
28692,test
69962,test
17094,test
65428,test
12342,test
69781,test
14298,test
16028,test
29337,test
31644,test
56891,test
4153,test
16453,test
47894,test
23314,test
16420,test
15722,test
6618,test
29706,test
46483,test
60682,test
26060,test
50845,test
68609,test
27795,test
67156,test
11297,test
62334,test
48858,test
69032,test
12991,test
54444,test
19335,test
60586,test
27059,test
12599,test
4087,test
16654,test
30210,test
33504,test
992,test
62198,test
56774,test
4362,test
52968,test
38388,test
37722,test
56439,test
67998,test
55550,test
5136,test
70357,test
62957,test
27366,test
29915,test
3293,test
53017,test
1141,test
15111,test
12885,test
50509,test
63010,test
47043,test
50849,test
25528,test
13533,test
68067,test
43628,test
5649,test
52441,test
61564,test
49786,test
57913,test
7453,test
10779,test
28081,test
21621,test
49159,test
62472,test
7632,test
43816,test
37276,test
135,test
40018,test
48751,test
8792,test
24681,test
42540,test
1663,test
393,test
27957,test
48695,test
49445,test
67566,test
28751,test
50710,test
33092,test
46299,test
20311,test
70241,test
35991,test
56152,test
10008,test
9488,test
27541,test
34159,test
19407,test
1172,test
53365,test
49838,test
11658,test
37154,test
49705,test
63048,test
59172,test
48802,test
8165,test
53421,test
40495,test
32315,test
17579,test
17166,test
65312,test
1501,test
6799,test
35057,test
53351,test
43788,test
61598,test
70092,test
31287,test
54398,test
70481,test
47304,test
23442,test
53712,test
58696,test
4617,test
11018,test
16229,test
29947,test
11427,test
40725,test
36563,test
430,test
38921,test
54064,test
5805,test
37785,test
51259,test
29912,test
39169,test
31878,test
52797,test
52064,test
59979,test
62366,test
21758,test
14057,test
29041,test
55657,test
45833,test
39158,test
22419,test
39506,test
49005,test
60032,test
55752,test
58692,test
36842,test
18374,test
26928,test
49241,test
57983,test
70588,test
39398,test
25172,test
61969,test
3160,test
3031,test
69342,test
68963,test
1444,test
44149,test
19356,test
59939,test
45497,test
20382,test
21750,test
65066,test
59463,test
44680,test
44427,test
55862,test
9022,test
8737,test
35202,test
3944,test
69401,test
67573,test
4378,test
51949,test
30331,test
4339,test
32047,test
544,test
44682,test
21748,test
39657,test
49220,test
20336,test
57901,test
39941,test
56209,test
7576,test
12411,test
63934,test
17341,test
64072,test
23835,test
6651,test
10021,test
12777,test
65866,test
40883,test
42442,test
39132,test
9459,test
31904,test
7753,test
9548,test
17443,test
736,test
31366,test
30433,test
33584,test
20906,test
62039,test
40568,test
6673,test
33522,test
39123,test
3392,test
4363,test
39691,test
43791,test
18107,test
67983,test
61186,test
7842,test
25824,test
60786,test
57898,test
56665,test
111,test
58195,test
20771,test
17296,test
1224,test
38220,test
29010,test
40424,test
172,test
51938,test
3465,test
3855,test
16003,test
21830,test
21915,test
65342,test
61476,test
35404,test
19090,test
66229,test
27085,test
53552,test
28065,test
23649,test
62953,test
43455,test
67946,test
11515,test
69314,test
55762,test
68624,test
24134,test
66349,test
13977,test
36709,test
66696,test
6826,test
32445,test
5681,test
31818,test
57177,test
62217,test
60077,test
23644,test
1701,test
46893,test
45786,test
60793,test
43317,test
6069,test
63374,test
57869,test
25496,test
56745,test
12982,test
8049,test
36669,test
61284,test
27730,test
45228,test
57006,test
43141,test
62721,test
10164,test
53572,test
31230,test
69600,test
58567,test
56410,test
4631,test
60892,test
59168,test
47372,test
48826,test
8206,test
26501,test
25487,test
45488,test
44911,test
49098,test
64007,test
11664,test
49186,test
44978,test
20535,test
47119,test
58544,test
46187,test
42542,test
25300,test
29356,test
26898,test
9343,test
54511,test
10968,test
49512,test
63145,test
55404,test
29605,test
49030,test
59792,test
19877,test
25,test
16328,test
6090,test
69656,test
47923,test
67399,test
58603,test
18590,test
64815,test
69992,test
906,test
24642,test
28484,test
40317,test
52699,test
53570,test
10561,test
51857,test
20032,test
6927,test
70684,test
30610,test
39144,test
21436,test
50934,test
8881,test
53169,test
53148,test
69702,test
15183,test
28459,test
48562,test
45028,test
41471,test
62795,test
5256,test
46859,test
23698,test
64008,test
25953,test
29521,test
40753,test
64803,test
37961,test
2005,test
8909,test
36186,test
10602,test
35240,test
23477,test
61525,test
57801,test
15700,test
67194,test
41094,test
25396,test
42056,test
11687,test
41572,test
55458,test
18750,test
1507,test
4843,test
12766,test
2649,test
40546,test
67089,test
23042,test
45854,test
15637,test
738,test
46278,test
65956,test
45123,test
58077,test
52874,test
37983,test
13395,test
17472,test
69672,test
26046,test
45708,test
52416,test
21099,test
51854,test
31586,test
40407,test
70155,test
69398,test
39239,test
53322,test
59946,test
40601,test
13737,test
65974,test
45199,test
67854,test
35327,test
24408,test
34946,test
61250,test
17349,test
25771,test
33621,test
28715,test
36726,test
52990,test
63185,test
2026,test
39077,test
67602,test
44469,test
56742,test
25856,test
3118,test
57772,test
63892,test
7798,test
16340,test
11742,test
8919,test
45519,test
14017,test
61020,test
18475,test
20816,test
58537,test
41545,test
2708,test
8215,test
4769,test
44365,test
67900,test
42783,test
68270,test
13798,test
6088,test
33228,test
43573,test
27900,test
27171,test
17602,test
68092,test
50107,test
22033,test
20467,test
17549,test
45522,test
34956,test
62854,test
16763,test
58371,test
47010,test
61815,test
31052,test
9158,test
23000,test
41194,test
15951,test
36406,test
44945,test
27851,test
42834,test
15653,test
27832,test
2544,test
10898,test
65787,test
18700,test
60592,test
62637,test
14437,test
70202,test
48911,test
28439,test
11372,test
30739,test
32366,test
58508,test
5666,test
64588,test
61438,test
19926,test
65459,test
367,test
44736,test
13565,test
18990,test
59206,test
63445,test
46732,test
26889,test
35542,test
41077,test
43660,test
5227,test
44435,test
30313,test
45583,test
63197,test
47778,test
40112,test
14776,test
24436,test
48249,test
2802,test
7866,test
41806,test
8073,test
55146,test
37151,test
18121,test
34337,test
35334,test
50219,test
25419,test
42848,test
49862,test
6251,test
54362,test
65998,test
19590,test
44028,test
27658,test
29026,test
4932,test
14324,test
11153,test
6162,test
14210,test
49905,test
34509,test
28591,test
54211,test
56818,test
59745,test
15538,test
21768,test
11256,test
39468,test
35268,test
19912,test
11172,test
43175,test
7254,test
20850,test
8045,test
51698,test
24637,test
69501,test
55649,test
56905,test
45002,test
30481,test
17783,test
69613,test
31011,test
28975,test
35360,test
41201,test
28284,test
47686,test
37088,test
737,test
49800,test
4441,test
55260,test
725,test
869,test
421,test
5490,test
10495,test
8940,test
41697,test
43766,test
3372,test
15973,test
29238,test
9920,test
31740,test
1566,test
26952,test
40406,test
59275,test
46325,test
13090,test
69556,test
57405,test
24557,test
61056,test
38442,test
8214,test
22183,test
2697,test
54576,test
46566,test
33585,test
49111,test
2088,test
12989,test
36002,test
9155,test
8312,test
60319,test
57743,test
59324,test
5587,test
16424,test
61732,test
2094,test
17453,test
10959,test
27470,test
36685,test
31081,test
4216,test
15725,test
45836,test
45503,test
18287,test
19286,test
68125,test
18229,test
55820,test
12212,test
37623,test
69654,test
47291,test
61458,test
70197,test
11167,test
52308,test
46211,test
7913,test
61286,test
47863,test
35623,test
61791,test
18268,test
2166,test
32057,test
59241,test
49208,test
10670,test
59909,test
69001,test
44993,test
67244,test
62305,test
30491,test
43813,test
5875,test
21538,test
47935,test
62500,test
39196,test
32085,test
68406,test
45627,test
35410,test
57353,test
62246,test
51112,test
26459,test
5551,test
2670,test
27968,test
51967,test
35062,test
22938,test
31855,test
46642,test
17774,test
59518,test
58826,test
39236,test
46442,test
25876,test
51412,test
52461,test
20879,test
38345,test
51158,test
2569,test
45272,test
21900,test
51711,test
14861,test
67086,test
44703,test
54787,test
375,test
65144,test
56782,test
45546,test
14694,test
27201,test
41693,test
7058,test
11122,test
51292,test
63482,test
69128,test
42807,test
3777,test
14110,test
47676,test
29050,test
56226,test
23974,test
52417,test
16285,test
34211,test
13856,test
61360,test
16860,test
43293,test
24924,test
16572,test
46625,test
64238,test
65691,test
114,test
22950,test
39944,test
5769,test
67187,test
4651,test
14189,test
11002,test
31350,test
14723,test
25082,test
64313,test
48534,test
54911,test
44393,test
40522,test
19187,test
27955,test
36671,test
22804,test
52058,test
66627,test
1587,test
50301,test
65556,test
31954,test
28626,test
17718,test
30546,test
15846,test
37046,test
896,test
53049,test
23672,test
14052,test
70655,test
42519,test
70018,test
51119,test
70585,test
24004,test
30445,test
23870,test
38040,test
56125,test
2290,test
48515,test
39384,test
39285,test
50081,test
10645,test
59508,test
3292,test
7114,test
27132,test
3677,test
22926,test
9969,test
47678,test
20345,test
27835,test
44249,test
47105,test
61051,test
28615,test
54941,test
52141,test
56990,test
65052,test
64993,test
51317,test
54597,test
67222,test
48727,test
46762,test
9044,test
14687,test
53212,test
1845,test
3363,test
22603,test
21437,test
52576,test
40953,test
20275,test
59034,test
4443,test
70562,test
67571,test
51667,test
36029,test
60334,test
70565,test
70198,test
32483,test
12825,test
10785,test
53626,test
13316,test
9757,test
21941,test
18378,test
25699,test
17274,test
6010,test
31653,test
66010,test
30641,test
65548,test
66414,test
6452,test
49422,test
32179,test
14584,test
35834,test
47944,test
53703,test
7554,test
67339,test
51937,test
50351,test
59161,test
9777,test
66731,test
41640,test
7747,test
23500,test
51429,test
7928,test
29974,test
50566,test
66174,test
51247,test
67874,test
58619,test
53289,test
65822,test
30476,test
43049,test
68437,test
8824,test
70119,test
25278,test
20039,test
4685,test
19703,test
56160,test
19730,test
64462,test
65784,test
53533,test
15362,test
25797,test
31775,test
67295,test
26380,test
64770,test
44988,test
44741,test
11333,test
35880,test
31207,test
9582,test
69653,test
50329,test
47175,test
61178,test
31098,test
31043,test
62670,test
32199,test
24279,test
46480,test
34583,test
41648,test
68001,test
9288,test
305,test
38379,test
28836,test
37164,test
15172,test
34254,test
57234,test
19105,test
10411,test
30888,test
41196,test
31259,test
8376,test
10477,test
418,test
63426,test
42430,test
1229,test
7366,test
18226,test
27110,test
5007,test
29637,test
55766,test
44313,test
37345,test
52916,test
47956,test
47235,test
60410,test
31334,test
57201,test
51330,test
39233,test
29368,test
2619,test
67305,test
24403,test
37023,test
30407,test
11301,test
24100,test
68102,test
15121,test
27264,test
487,test
12605,test
27078,test
50593,test
42759,test
23733,test
69985,test
12920,test
40096,test
14701,test
14088,test
18552,test
34750,test
49171,test
36035,test
45076,test
14029,test
56811,test
2382,test
39368,test
28954,test
44111,test
29515,test
47365,test
32441,test
42987,test
68927,test
16557,test
64896,test
68966,test
22554,test
21657,test
46857,test
39460,test
68261,test
24632,test
8147,test
50948,test
16046,test
21798,test
59771,test
8567,test
31420,test
36169,test
32698,test
30362,test
31116,test
67843,test
52337,test
69700,test
17470,test
19690,test
22050,test
50414,test
4814,test
18865,test
43276,test
38370,test
55782,test
22857,test
32513,test
23762,test
10855,test
56754,test
62067,test
63555,test
55701,test
22681,test
67870,test
46534,test
44411,test
29712,test
40171,test
50926,test
67638,test
25418,test
11546,test
8334,test
48273,test
9130,test
21101,test
58896,test
61587,test
9995,test
57384,test
16135,test
1260,test
70308,test
21093,test
17253,test
33608,test
60670,test
25738,test
67125,test
20030,test
50997,test
29585,test
52070,test
13613,test
20219,test
70245,test
57364,test
41263,test
37037,test
49958,test
57167,test
15168,test
31158,test
13284,test
26076,test
63893,test
21042,test
34856,test
69745,test
69212,test
36750,test
8653,test
42290,test
61664,test
6904,test
43611,test
1752,test
66709,test
28323,test
24911,test
46884,test
68625,test
40908,test
7091,test
256,test
41718,test
40463,test
33480,test
25455,test
46,test
35998,test
68555,test
33955,test
54708,test
34605,test
28378,test
63030,test
49595,test
44599,test
6262,test
26611,test
32361,test
62597,test
26821,test
49122,test
57150,test
34859,test
15375,test
4264,test
63312,test
2702,test
61878,test
35751,test
10343,test
1894,test
19182,test
36607,test
12371,test
39406,test
2442,test
58688,test
55412,test
16670,test
57137,test
64856,test
55864,test
60523,test
40437,test
24304,test
57283,test
50698,test
25845,test
12121,test
69763,test
30455,test
16036,test
14754,test
54142,test
46564,test
13270,test
4670,test
13408,test
65749,test
40927,test
56923,test
1316,test
4579,test
62742,test
67386,test
62502,test
33805,test
56601,test
46328,test
31852,test
31335,test
62653,test
59444,test
66403,test
56386,test
15407,test
21430,test
17804,test
624,test
18796,test
13781,test
247,test
13764,test
49972,test
42195,test
24835,test
57236,test
52825,test
30674,test
48002,test
69808,test
61108,test
19029,test
25616,test
21280,test
13773,test
3157,test
69393,test
39513,test
53213,test
49934,test
69536,test
28666,test
27154,test
59130,test
6848,test
62009,test
41205,test
54065,test
49460,test
34347,test
22207,test
44367,test
58852,test
19113,test
5560,test
43485,test
20994,test
24073,test
43513,test
10222,test
51629,test
68410,test
42342,test
22599,test
35286,test
46487,test
30023,test
39720,test
20623,test
11959,test
35001,test
25625,test
64108,test
60272,test
46120,test
148,test
61662,test
37352,test
43842,test
2197,test
64220,test
1801,test
8064,test
58121,test
49245,test
48461,test
14628,test
58271,test
15502,test
15066,test
10475,test
43730,test
4223,test
53744,test
58485,test
29438,test
705,test
17754,test
59623,test
17354,test
49550,test
28534,test
30058,test
56393,test
67940,test
26671,test
2656,test
43609,test
56801,test
36968,test
22127,test
47376,test
19452,test
59141,test
18186,test
38696,test
25270,test
19691,test
47450,test
31078,test
18759,test
49435,test
41411,test
2973,test
24747,test
28363,test
8423,test
69581,test
34153,test
15162,test
28022,test
3361,test
69333,test
44453,test
63442,test
46349,test
61032,test
34166,test
37376,test
26363,test
65063,test
50733,test
38116,test
7812,test
37525,test
44709,test
45796,test
63904,test
64448,test
9629,test
38565,test
33237,test
9823,test
16660,test
55822,test
25201,test
47515,test
33357,test
67400,test
39358,test
10874,test
67580,test
12530,test
24033,test
1772,test
21610,test
40755,test
65218,test
40946,test
52496,test
56848,test
48339,test
38543,test
2893,test
46032,test
32987,test
29815,test
62395,test
59924,test
63218,test
714,test
22739,test
40794,test
4613,test
65624,test
10668,test
7269,test
35681,test
28275,test
43037,test
9681,test
21715,test
48728,test
57491,test
15087,test
53956,test
5605,test
32808,test
29280,test
42084,test
60980,test
24880,test
53215,test
1721,test
5102,test
40879,test
285,test
59347,test
67617,test
54892,test
8482,test
38628,test
20499,test
64076,test
64480,test
7180,test
21399,test
25949,test
11775,test
66971,test
20852,test
47608,test
65075,test
34796,test
1139,test
7760,test
25173,test
39335,test
22807,test
12101,test
47793,test
36220,test
42441,test
68418,test
32430,test
50657,test
47554,test
60473,test
33680,test
40561,test
20935,test
14240,test
20074,test
35474,test
60996,test
30548,test
26865,test
38963,test
24941,test
47248,test
57280,test
27499,test
21365,test
12023,test
39813,test
52189,test
49143,test
30459,test
45801,test
6310,test
26509,test
1536,test
64920,test
40926,test
14786,test
21323,test
60564,test
11659,test
68032,test
18074,test
6142,test
32798,test
16709,test
52678,test
4790,test
13027,test
38635,test
22510,test
29958,test
17329,test
46602,test
46361,test
18106,test
424,test
55369,test
13657,test
37839,test
38853,test
27999,test
66575,test
23978,test
51187,test
55637,test
41045,test
32308,test
53214,test
8136,test
23522,test
55737,test
44100,test
32568,test
51125,test
10742,test
18626,test
22711,test
26505,test
62715,test
65892,test
52331,test
26437,test
64819,test
23003,test
46091,test
14636,test
23876,test
30621,test
66506,test
39128,test
22105,test
4064,test
9591,test
51504,test
11320,test
31364,test
51852,test
50590,test
44161,test
64632,test
45932,test
20369,test
38080,test
54462,test
20596,test
9537,test
44023,test
34906,test
1032,test
3180,test
58422,test
22815,test
67777,test
15750,test
32449,test
49616,test
46863,test
37419,test
1469,test
10568,test
54087,test
63524,test
32403,test
56417,test
68506,test
31301,test
45507,test
60673,test
42742,test
31194,test
62226,test
5254,test
29069,test
46370,test
63299,test
45006,test
27313,test
44850,test
63837,test
70610,test
9819,test
63070,test
69410,test
67662,test
26686,test
70066,test
33957,test
8759,test
43765,test
33658,test
63101,test
39529,test
55375,test
226,test
46889,test
5841,test
35843,test
47077,test
58227,test
51359,test
51210,test
57028,test
4324,test
6400,test
7288,test
23650,test
62835,test
11567,test
29766,test
19828,test
47207,test
53177,test
11147,test
446,test
53369,test
56764,test
56132,test
4638,test
29188,test
24925,test
46622,test
62491,test
57307,test
66152,test
33376,test
37274,test
41846,test
67322,test
64580,test
47161,test
62772,test
61671,test
21775,test
44734,test
48222,test
7391,test
59445,test
7796,test
32532,test
21920,test
60634,test
68830,test
20210,test
39501,test
47,test
65587,test
56446,test
41484,test
18984,test
51217,test
9560,test
38590,test
69149,test
41290,test
5462,test
62830,test
24952,test
29349,test
49394,test
23483,test
33032,test
32316,test
66873,test
3256,test
6062,test
23496,test
50311,test
13779,test
28612,test
57697,test
15753,test
51992,test
50883,test
14614,test
10760,test
17499,test
69920,test
22145,test
3493,test
20066,test
10384,test
36005,test
53800,test
46691,test
12467,test
21090,test
47626,test
36793,test
326,test
31729,test
54835,test
47930,test
24829,test
66224,test
38495,test
61899,test
33214,test
53615,test
10347,test
56826,test
48020,test
13200,test
32285,test
21779,test
64000,test
29408,test
29517,test
55713,test
57589,test
64106,test
32725,test
37014,test
69376,test
27341,test
47558,test
66643,test
38387,test
69470,test
66221,test
23667,test
8773,test
66742,test
21388,test
562,test
57441,test
18431,test
51310,test
53032,test
16126,test
3564,test
27727,test
27432,test
68953,test
1716,test
66689,test
65424,test
14522,test
35994,test
53357,test
33829,test
16538,test
20927,test
55891,test
8429,test
23476,test
57016,test
56560,test
28511,test
36901,test
21558,test
30227,test
54373,test
626,test
2401,test
67263,test
60292,test
32120,test
25559,test
26015,test
14564,test
9341,test
26454,test
55596,test
21481,test
25038,test
23374,test
66611,test
32624,test
16434,test
38665,test
46382,test
42048,test
774,test
61631,test
32526,test
21315,test
47748,test
49076,test
35735,test
68059,test
16931,test
64852,test
51743,test
70286,test
29746,test
4134,test
20264,test
59319,test
8369,test
51009,test
24682,test
45184,test
18841,test
8856,test
15504,test
56579,test
33342,test
69520,test
65721,test
62704,test
42130,test
7429,test
541,test
51142,test
68305,test
17826,test
1081,test
44311,test
56246,test
6524,test
19565,test
63228,test
32095,test
45674,test
59011,test
65549,test
31942,test
49462,test
30826,test
24591,test
25909,test
16249,test
66371,test
25502,test
20307,test
49170,test
53070,test
33292,test
31787,test
50648,test
20487,test
33731,test
4058,test
37247,test
36114,test
60369,test
26801,test
29329,test
22526,test
58320,test
60246,test
44503,test
64368,test
39110,test
39017,test
20150,test
13969,test
58199,test
38584,test
31515,test
20836,test
44529,test
18284,test
40881,test
41331,test
29298,test
13232,test
43493,test
26259,test
22340,test
56252,test
14314,test
27953,test
13885,test
52544,test
15113,test
23751,test
22236,test
54668,test
46632,test
50807,test
24250,test
11936,test
70576,test
50629,test
53193,test
44255,test
52597,test
67920,test
43429,test
41563,test
52125,test
21226,test
104,test
53278,test
10119,test
65650,test
32108,test
11815,test
4345,test
59425,test
23266,test
17044,test
29566,test
35768,test
34553,test
30557,test
7036,test
31802,test
30346,test
5154,test
22888,test
37158,test
29744,test
70473,test
49964,test
37152,test
47734,test
17357,test
41881,test
35713,test
54435,test
67114,test
4093,test
59399,test
34879,test
44819,test
11089,test
13061,test
40678,test
23040,test
1024,test
14756,test
2169,test
47675,test
68227,test
63316,test
64219,test
335,test
16634,test
57324,test
37743,test
35802,test
30696,test
66947,test
40645,test
19991,test
64291,test
37886,test
17692,test
25524,test
35414,test
25567,test
17133,test
33570,test
10549,test
30786,test
29384,test
21651,test
53250,test
7558,test
22406,test
63723,test
30810,test
36960,test
42339,test
41267,test
29117,test
49876,test
47129,test
45768,test
68368,test
63056,test
1412,test
50246,test
18002,test
70682,test
43515,test
69454,test
11593,test
45543,test
43524,test
39118,test
3184,test
23925,test
50518,test
9396,test
16772,test
66034,test
15294,test
4572,test
4775,test
57020,test
17921,test
64,test
22091,test
62357,test
31842,test
50510,test
56058,test
61428,test
11342,test
26725,test
22897,test
68500,test
20896,test
59081,test
65798,test
21838,test
28355,test
29932,test
26575,test
18959,test
48425,test
62770,test
27076,test
21019,test
53337,test
40854,test
27989,test
4964,test
2664,test
22258,test
65850,test
22487,test
56056,test
8071,test
59853,test
55011,test
66326,test
25863,test
30124,test
57939,test
31547,test
46329,test
61291,test
43339,test
56954,test
50615,test
9047,test
2206,test
5818,test
22898,test
37483,test
17377,test
48162,test
36176,test
44938,test
54776,test
7138,test
51721,test
49998,test
17562,test
63887,test
20963,test
60203,test
30689,test
9724,test
42089,test
47457,test
13124,test
6570,test
70077,test
1011,test
4708,test
47020,test
55953,test
43546,test
63986,test
8605,test
58778,test
64529,test
43805,test
3542,test
61799,test
46416,test
16117,test
52127,test
43899,test
5410,test
46335,test
50013,test
28336,test
35620,test
68759,test
19695,test
36977,test
26923,test
35362,test
26513,test
6120,test
1153,test
6544,test
8461,test
58476,test
45677,test
6301,test
54043,test
22426,test
18704,test
4272,test
49517,test
17097,test
21945,test
22706,test
42843,test
52715,test
16501,test
50432,test
46469,test
27881,test
63696,test
12749,test
56512,test
53728,test
42135,test
4422,test
7251,test
4070,test
45409,test
5075,test
28844,test
42413,test
38415,test
38012,test
51394,test
16172,test
18600,test
22497,test
53603,test
15141,test
48712,test
38139,test
67595,test
64677,test
39436,test
41636,test
28495,test
39431,test
10539,test
43395,test
69387,test
27582,test
15305,test
64518,test
57622,test
53387,test
64171,test
10676,test
61399,test
12751,test
30374,test
58958,test
50138,test
10139,test
12776,test
25337,test
64701,test
11866,test
10929,test
23415,test
8435,test
21602,test
15850,test
63182,test
67362,test
70075,test
2716,test
23578,test
17521,test
28919,test
21912,test
50148,test
39920,test
56915,test
7221,test
58883,test
58369,test
49070,test
10508,test
45646,test
12672,test
27032,test
65790,test
38182,test
50176,test
50017,test
5794,test
18419,test
52840,test
41939,test
69996,test
44879,test
37782,test
56038,test
1784,test
28107,test
50907,test
63008,test
21618,test
17328,test
16138,test
34463,test
34674,test
18885,test
24957,test
41043,test
22881,test
26940,test
14280,test
7426,test
19428,test
57113,test
30199,test
16872,test
47799,test
23745,test
34588,test
496,test
44722,test
23259,test
12954,test
48205,test
22545,test
1102,test
21949,test
13535,test
45840,test
32293,test
55885,test
11587,test
69634,test
45964,test
37336,test
65193,test
62092,test
67115,test
15327,test
7222,test
30614,test
34735,test
33036,test
7569,test
64426,test
18642,test
23253,test
19944,test
18953,test
35578,test
844,test
21620,test
22164,test
49127,test
23489,test
2170,test
34865,test
15299,test
15954,test
12152,test
32284,test
26805,test
28017,test
24787,test
30544,test
54405,test
36852,test
61009,test
61404,test
21826,test
31647,test
46192,test
59238,test
7958,test
49743,test
38895,test
25937,test
13740,test
54796,test
63659,test
6836,test
40932,test
69060,test
48619,test
6864,test
10920,test
28322,test
66572,test
64262,test
46739,test
20735,test
45545,test
53376,test
48948,test
17091,test
40982,test
6428,test
53110,test
11248,test
23158,test
25508,test
50086,test
12390,test
61325,test
58172,test
11705,test
10372,test
22861,test
25807,test
28371,test
24689,test
44328,test
39759,test
18126,test
13908,test
581,test
54364,test
47812,test
42409,test
57467,test
55712,test
615,test
38676,test
68946,test
56383,test
12786,test
69530,test
9651,test
67819,test
52890,test
39419,test
53837,test
48993,test
29773,test
63518,test
22029,test
29541,test
66123,test
2760,test
66898,test
45327,test
27015,test
22418,test
45270,test
45200,test
35093,test
69041,test
20387,test
28420,test
29262,test
59517,test
39625,test
15427,test
28716,test
4259,test
20730,test
27269,test
21306,test
41338,test
22326,test
21956,test
9976,test
16006,test
42387,test
43563,test
39052,test
45482,test
43267,test
64542,test
23624,test
61904,test
14305,test
4703,test
21884,test
66441,test
31498,test
40655,test
37011,test
66682,test
53568,test
42296,test
50487,test
65846,test
22920,test
22179,test
3413,test
11456,test
40538,test
659,test
30358,test
19752,test
65382,test
18291,test
53131,test
19823,test
16363,test
22098,test
40312,test
16787,test
66522,test
67925,test
41581,test
25495,test
34495,test
58587,test
15022,test
68913,test
22263,test
42857,test
13746,test
22503,test
39175,test
59819,test
1049,test
56089,test
3039,test
64172,test
20285,test
12005,test
69167,test
3211,test
62144,test
8722,test
19011,test
64128,test
7096,test
20996,test
35040,test
60399,test
60519,test
51600,test
16809,test
37826,test
66063,test
54661,test
32596,test
44345,test
16092,test
64266,test
57288,test
12231,test
28769,test
65487,test
39561,test
12326,test
43188,test
43906,test
41828,test
22306,test
66091,test
37310,test
53678,test
31261,test
51243,test
23829,test
17817,test
37967,test
28543,test
51957,test
60885,test
32510,test
60872,test
20893,test
27319,test
505,test
42425,test
20055,test
37323,test
45823,test
68889,test
40858,test
40098,test
29704,test
40527,test
16079,test
11506,test
68594,test
65345,test
31018,test
5269,test
22732,test
45605,test
35503,test
28467,test
62396,test
6892,test
49213,test
22959,test
6417,test
22613,test
24821,test
37580,test
17569,test
1386,test
6356,test
69977,test
60375,test
60005,test
53896,test
32975,test
18302,test
12377,test
45191,test
30351,test
27191,test
32023,test
7444,test
67832,test
66176,test
10442,test
40572,test
53459,test
41164,test
4462,test
32139,test
33853,test
10693,test
44147,test
66105,test
39208,test
53392,test
28382,test
70389,test
23282,test
17724,test
63731,test
40101,test
44700,test
7379,test
49568,test
62113,test
67775,test
16133,test
64468,test
2712,test
43776,test
25746,test
52718,test
1439,test
5515,test
26133,test
2275,test
22220,test
5103,test
52432,test
26886,test
29432,test
6517,test
15799,test
39697,test
43662,test
15612,test
94,test
54411,test
7061,test
53796,test
40172,test
47594,test
25081,test
47960,test
21946,test
15531,test
20857,test
60985,test
7507,test
27504,test
45997,test
28422,test
28497,test
30256,test
24830,test
57464,test
23823,test
23073,test
15315,test
3631,test
2075,test
15516,test
67103,test
51008,test
66183,test
22289,test
42460,test
18443,test
46497,test
56755,test
49820,test
4491,test
52489,test
57090,test
63500,test
41157,test
55816,test
5861,test
19155,test
28735,test
60167,test
30731,test
27312,test
70127,test
3468,test
43454,test
6081,test
63113,test
20564,test
12952,test
70063,test
63232,test
3023,test
32190,test
17059,test
13587,test
29639,test
66614,test
52642,test
62800,test
40062,test
45667,test
33186,test
35111,test
13718,test
65268,test
36268,test
26327,test
63952,test
64504,test
52983,test
36742,test
52545,test
67368,test
28868,test
35175,test
47473,test
55401,test
63601,test
15678,test
11285,test
46051,test
49813,test
7318,test
25028,test
41155,test
16258,test
35315,test
9362,test
9555,test
58770,test
47149,test
27492,test
8182,test
6871,test
23410,test
7196,test
45081,test
8479,test
21928,test
65514,test
31953,test
57847,test
36608,test
49544,test
2102,test
63174,test
37422,test
19490,test
34601,test
16175,test
61843,test
16061,test
25479,test
15219,test
25575,test
21866,test
68602,test
63305,test
19736,test
36317,test
1184,test
17788,test
46810,test
68435,test
6165,test
24248,test
56364,test
19392,test
48095,test
33006,test
54385,test
65429,test
25471,test
3899,test
55844,test
20866,test
58670,test
25221,test
68388,test
59799,test
38858,test
46941,test
42722,test
30176,test
7177,test
41820,test
36702,test
56650,test
35005,test
45556,test
24351,test
36747,test
40947,test
18961,test
40209,test
57140,test
53047,test
49911,test
27350,test
67790,test
54767,test
40503,test
41684,test
4284,test
16384,test
56727,test
67337,test
13989,test
7920,test
12652,test
46555,test
18998,test
30411,test
42617,test
19372,test
54095,test
28130,test
66564,test
19899,test
21532,test
49323,test
66553,test
60935,test
20786,test
24267,test
13279,test
27004,test
38443,test
29357,test
15124,test
34584,test
20911,test
50504,test
70116,test
42432,test
48573,test
4375,test
4083,test
6311,test
36171,test
7793,test
23654,test
66521,test
5668,test
62087,test
35487,test
6017,test
6981,test
30405,test
22333,test
25416,test
63451,test
25238,test
58512,test
69204,test
35388,test
16222,test
56657,test
59820,test
44231,test
26765,test
34671,test
36714,test
16414,test
8393,test
53133,test
62507,test
26415,test
44666,test
55945,test
48526,test
70345,test
12111,test
53380,test
19527,test
49582,test
59476,test
43841,test
47755,test
40284,test
30244,test
43101,test
21301,test
59501,test
28706,test
34977,test
38513,test
10834,test
41357,test
34777,test
30646,test
31220,test
22615,test
67656,test
59868,test
48533,test
14423,test
24444,test
24969,test
49497,test
32722,test
34234,test
14126,test
31557,test
1597,test
39298,test
55203,test
27052,test
29656,test
30717,test
2726,test
58170,test
27682,test
47739,test
18220,test
19869,test
35321,test
1995,test
20660,test
37057,test
16427,test
60033,test
1127,test
36086,test
60739,test
22242,test
50811,test
1637,test
54822,test
41299,test
34201,test
53132,test
24313,test
20130,test
67230,test
10955,test
21453,test
50671,test
66845,test
38886,test
25676,test
3365,test
30187,test
8592,test
964,test
17168,test
29989,test
19579,test
56045,test
51972,test
36102,test
55755,test
38026,test
39905,test
20065,test
51488,test
64287,test
25153,test
451,test
21708,test
46610,test
33060,test
30262,test
12695,test
27699,test
68297,test
45216,test
41483,test
18417,test
36105,test
57065,test
6700,test
9814,test
66265,test
51506,test
31934,test
20443,test
3717,test
28042,test
21529,test
14185,test
27394,test
52028,test
69614,test
52084,test
61007,test
55463,test
331,test
27506,test
15698,test
32604,test
9214,test
20915,test
10373,test
11819,test
19132,test
11720,test
41840,test
4019,test
241,test
12336,test
43533,test
3213,test
61623,test
50999,test
54379,test
5536,test
55888,test
69744,test
40651,test
41192,test
46380,test
59586,test
21773,test
3652,test
29610,test
38197,test
58308,test
50000,test
10027,test
56402,test
1062,test
19357,test
4482,test
45094,test
26,test
18644,test
2422,test
58291,test
56978,test
26503,test
52204,test
39627,test
9021,test
49336,test
10061,test
18800,test
21016,test
59498,test
26037,test
426,test
5087,test
70335,test
7410,test
67528,test
1424,test
17597,test
45365,test
50240,test
17216,test
42292,test
29865,test
3586,test
38489,test
24442,test
7483,test
10221,test
46902,test
65090,test
48597,test
36985,test
57830,test
3355,test
19418,test
31551,test
69065,test
39324,test
54138,test
398,test
40234,test
29845,test
64939,test
2899,test
52975,test
43104,test
32647,test
9257,test
66841,test
58851,test
15070,test
49182,test
46934,test
70153,test
51886,test
29219,test
9025,test
29441,test
42999,test
34025,test
52913,test
58718,test
3437,test
32748,test
49701,test
33165,test
53692,test
62211,test
31743,test
49153,test
40452,test
343,test
3612,test
34984,test
27301,test
42178,test
35612,test
33673,test
3466,test
29868,test
13828,test
57325,test
11457,test
55250,test
7424,test
1876,test
44588,test
39359,test
6128,test
15126,test
36465,test
10026,test
15861,test
15905,test
54538,test
67719,test
3760,test
51461,test
39874,test
13988,test
27556,test
19772,test
23855,test
12539,test
65248,test
8549,test
56470,test
51582,test
48185,test
1656,test
56611,test
59596,test
41933,test
32870,test
7927,test
7524,test
58349,test
25890,test
18249,test
9198,test
11571,test
37664,test
3772,test
13553,test
62216,test
25686,test
21935,test
37439,test
40431,test
34739,test
10382,test
21923,test
57038,test
68291,test
5887,test
67657,test
23901,test
26200,test
16432,test
17247,test
61981,test
22081,test
25100,test
19670,test
43326,test
34698,test
20230,test
3650,test
22562,test
46510,test
50576,test
53672,test
54976,test
54481,test
6589,test
13894,test
68050,test
56292,test
15598,test
21165,test
48679,test
15582,test
2879,test
2226,test
18612,test
69554,test
47747,test
45748,test
55913,test
31172,test
32232,test
59111,test
58084,test
39830,test
16631,test
29509,test
65104,test
28151,test
41040,test
47123,test
19746,test
9933,test
37686,test
25312,test
37831,test
57519,test
66132,test
67667,test
36821,test
3455,test
61508,test
21350,test
35867,test
62161,test
57142,test
48777,test
55119,test
31790,test
18871,test
23775,test
7060,test
3615,test
11750,test
17623,test
39682,test
49285,test
45100,test
47371,test
44379,test
28213,test
15163,test
56688,test
36182,test
12689,test
3725,test
14971,test
19825,test
26795,test
63275,test
61647,test
10072,test
24483,test
29433,test
6486,test
53168,test
21379,test
46432,test
3622,test
69046,test
39104,test
14537,test
40193,test
70270,test
63471,test
10168,test
35160,test
47781,test
2935,test
55571,test
53240,test
65255,test
15270,test
27163,test
1598,test
51098,test
6940,test
1593,test
47886,test
51769,test
9720,test
56930,test
62023,test
38381,test
31104,test
7797,test
1836,test
1206,test
34030,test
20068,test
40,test
52770,test
10395,test
39342,test
22542,test
42817,test
38463,test
56274,test
19709,test
30245,test
62932,test
64136,test
24808,test
35353,test
12125,test
1966,test
35217,test
49069,test
26835,test
20657,test
54407,test
38540,test
36150,test
4516,test
18817,test
66529,test
67457,test
4507,test
60753,test
68556,test
69513,test
21962,test
27976,test
28085,test
15583,test
42198,test
9754,test
787,test
20383,test
19200,test
43828,test
27513,test
38705,test
66892,test
51930,test
35135,test
65557,test
39392,test
16998,test
12500,test
33177,test
8464,test
11693,test
56482,test
5076,test
17925,test
6150,test
32937,test
46121,test
4434,test
57588,test
18182,test
7337,test
58755,test
66344,test
8417,test
13830,test
43762,test
22814,test
11086,test
54106,test
44425,test
55717,test
62635,test
17505,test
47408,test
45718,test
32976,test
390,test
28400,test
1310,test
10101,test
30028,test
61547,test
62242,test
41035,test
45637,test
20033,test
20069,test
69574,test
66996,test
38708,test
12307,test
3574,test
21753,test
27734,test
47864,test
8065,test
20689,test
49343,test
32171,test
12266,test
21294,test
6373,test
52078,test
69692,test
63805,test
58964,test
23401,test
39095,test
55990,test
69538,test
4552,test
26534,test
21385,test
2227,test
27360,test
35689,test
25460,test
23573,test
19442,test
59073,test
49163,test
59986,test
7374,test
22970,test
17587,test
58654,test
50188,test
10516,test
39371,test
27691,test
54847,test
13392,test
43053,test
7910,test
55720,test
8695,test
16879,test
34729,test
59950,test
3028,test
47032,test
57736,test
57779,test
12482,test
26968,test
62003,test
406,test
62069,test
68906,test
55850,test
28601,test
33769,test
39899,test
63337,test
67539,test
39647,test
33797,test
24851,test
15631,test
66759,test
21359,test
19188,test
56459,test
54675,test
41860,test
66752,test
18844,test
15904,test
31933,test
26949,test
36612,test
21121,test
11525,test
33282,test
10233,test
33863,test
54844,test
46591,test
35925,test
50205,test
38775,test
15837,test
7995,test
44433,test
37806,test
16864,test
54979,test
41375,test
26430,test
16698,test
34697,test
790,test
29648,test
30366,test
43399,test
11327,test
44823,test
10468,test
16562,test
1795,test
56256,test
30075,test
3117,test
37817,test
6627,test
53881,test
50233,test
40949,test
50533,test
62123,test
44527,test
46097,test
21278,test
55048,test
24531,test
31679,test
1580,test
17384,test
9643,test
31410,test
16976,test
69080,test
681,test
36564,test
8768,test
22652,test
30479,test
3271,test
65025,test
54017,test
3389,test
19724,test
37228,test
30155,test
21839,test
6789,test
19683,test
30422,test
1578,test
11933,test
16896,test
60266,test
21583,test
25451,test
51935,test
17727,test
49349,test
68335,test
57721,test
43772,test
64261,test
61080,test
23125,test
60621,test
18297,test
36370,test
51902,test
34038,test
4470,test
35198,test
38150,test
42394,test
37068,test
12619,test
66096,test
16688,test
40924,test
35844,test
67443,test
32531,test
19580,test
67110,test
36393,test
60802,test
23295,test
51346,test
40775,test
56298,test
45129,test
42838,test
31403,test
22450,test
60388,test
4911,test
3838,test
19414,test
39140,test
47999,test
29930,test
69188,test
69834,test
66085,test
70603,test
12072,test
20790,test
14844,test
35416,test
16983,test
52086,test
14026,test
58255,test
8256,test
47879,test
8961,test
29800,test
48833,test
46910,test
39921,test
37052,test
48604,test
43080,test
41408,test
33538,test
6546,test
49959,test
61046,test
52851,test
70161,test
69164,test
40735,test
34804,test
65867,test
18143,test
56072,test
49795,test
48654,test
11583,test
8826,test
26479,test
28515,test
42153,test
60251,test
52681,test
63341,test
35408,test
43218,test
24135,test
8333,test
43439,test
57759,test
10609,test
10232,test
36849,test
32359,test
41351,test
45628,test
61082,test
47130,test
23330,test
54797,test
9016,test
14409,test
12901,test
27913,test
69129,test
31563,test
15171,test
25520,test
54725,test
8132,test
38028,test
31807,test
48183,test
14025,test
36692,test
2518,test
49923,test
46961,test
13378,test
59053,test
33210,test
58405,test
48354,test
51370,test
70441,test
37172,test
3320,test
15023,test
22579,test
39016,test
67301,test
36954,test
49353,test
4365,test
14206,test
6719,test
61920,test
27779,test
30265,test
9218,test
41286,test
60539,test
31273,test
56326,test
50780,test
35849,test
761,test
18573,test
25613,test
57745,test
12866,test
14647,test
49041,test
19948,test
15912,test
65152,test
3333,test
6336,test
22726,test
1027,test
4812,test
4360,test
3759,test
19128,test
49878,test
10669,test
38532,test
21176,test
57241,test
33632,test
54903,test
55899,test
47995,test
63287,test
51143,test
39303,test
22635,test
34290,test
18433,test
49276,test
33455,test
49518,test
27147,test
7568,test
66189,test
60367,test
41086,test
65464,test
11050,test
6664,test
348,test
27656,test
25248,test
57495,test
48341,test
33665,test
20580,test
33428,test
4382,test
12844,test
69341,test
22076,test
46302,test
464,test
23287,test
52967,test
4037,test
19935,test
61646,test
22971,test
40236,test
38431,test
6041,test
70099,test
45695,test
15026,test
35051,test
54054,test
56675,test
51783,test
42388,test
24598,test
29271,test
62297,test
35231,test
56113,test
56307,test
15726,test
62538,test
1759,test
64947,test
15609,test
12840,test
2353,test
44163,test
23685,test
18518,test
39183,test
41838,test
60360,test
2895,test
16524,test
44398,test
42013,test
17061,test
33283,test
40332,test
57472,test
37710,test
48098,test
39243,test
56281,test
20683,test
34799,test
59401,test
24397,test
9165,test
56997,test
32929,test
43118,test
36411,test
68142,test
22663,test
56497,test
60050,test
4886,test
12935,test
35471,test
19893,test
12543,test
1741,test
1717,test
24926,test
11421,test
4305,test
61162,test
43507,test
17805,test
7454,test
70065,test
60180,test
8910,test
7425,test
60631,test
43446,test
1457,test
38041,test
57399,test
27352,test
11409,test
42893,test
11064,test
26599,test
17125,test
27426,test
47776,test
61104,test
53268,test
17889,test
59818,test
9710,test
45141,test
10266,test
48539,test
13493,test
49592,test
37857,test
17165,test
46643,test
66604,test
47924,test
4286,test
24326,test
9782,test
18059,test
56748,test
60100,test
60720,test
60566,test
69330,test
46595,test
51466,test
10015,test
61155,test
49898,test
60257,test
61506,test
30372,test
51375,test
15190,test
13330,test
10596,test
24710,test
57813,test
57685,test
39339,test
47533,test
20358,test
5934,test
26891,test
17636,test
23668,test
40759,test
33301,test
28827,test
53960,test
47936,test
50369,test
55397,test
56005,test
31013,test
31628,test
69114,test
43045,test
10258,test
65603,test
68204,test
17988,test
45145,test
56456,test
26818,test
54997,test
70620,test
65777,test
61828,test
53444,test
57975,test
4841,test
68151,test
28729,test
65816,test
10269,test
19572,test
52666,test
70567,test
46709,test
31143,test
58113,test
40505,test
23892,test
56105,test
1320,test
70358,test
16647,test
66258,test
39832,test
51870,test
19385,test
24914,test
59265,test
25853,test
25582,test
64664,test
10449,test
34455,test
39708,test
5324,test
22336,test
39076,test
46229,test
54343,test
40378,test
6119,test
42912,test
41900,test
42163,test
52533,test
34177,test
27574,test
52591,test
65864,test
60235,test
23846,test
30979,test
67678,test
69462,test
31024,test
21396,test
13809,test
28111,test
27964,test
17371,test
53360,test
17936,test
61956,test
22021,test
25548,test
39483,test
2016,test
9836,test
18670,test
45120,test
46105,test
68861,test
47251,test
36809,test
7660,test
62944,test
67264,test
70064,test
66887,test
36438,test
16802,test
48466,test
3986,test
7279,test
29824,test
63243,test
14717,test
4039,test
47150,test
33398,test
59650,test
45291,test
4981,test
20904,test
33145,test
20717,test
5246,test
23916,test
33587,test
50179,test
19382,test
66744,test
14257,test
13034,test
12007,test
53166,test
63764,test
53417,test
35168,test
69456,test
1863,test
51118,test
9508,test
34740,test
32916,test
9088,test
6817,test
3522,test
38602,test
42034,test
2945,test
7059,test
63211,test
14345,test
69024,test
64384,test
28726,test
56091,test
24097,test
47721,test
25444,test
59303,test
18253,test
62606,test
45603,test
29992,test
66834,test
54286,test
7107,test
4481,test
33541,test
42873,test
34936,test
13459,test
61248,test
67723,test
1817,test
35769,test
51485,test
63065,test
37398,test
40194,test
22754,test
29233,test
50742,test
2255,test
29814,test
23118,test
55915,test
55995,test
8539,test
67618,test
630,test
5759,test
28794,test
16605,test
8844,test
23427,test
70280,test
54346,test
17949,test
19476,test
70262,test
3997,test
6179,test
27225,test
13462,test
41006,test
58977,test
69008,test
41343,test
5567,test
26331,test
10717,test
44538,test
12106,test
44581,test
7409,test
49844,test
30299,test
10893,test
51757,test
70016,test
59063,test
57738,test
56788,test
31227,test
57354,test
27363,test
62277,test
8516,test
63477,test
22629,test
63768,test
44944,test
42687,test
47341,test
23468,test
47458,test
54375,test
62475,test
11548,test
24281,test
38402,test
22412,test
58431,test
16910,test
61888,test
67733,test
9304,test
940,test
28801,test
62941,test
47115,test
18878,test
18142,test
49409,test
25450,test
15235,test
53851,test
54764,test
8899,test
69871,test
15396,test
11725,test
64640,test
68645,test
69415,test
42191,test
57328,test
33420,test
46923,test
30993,test
52680,test
40998,test
67499,test
26733,test
46631,test
53585,test
40024,test
12610,test
54901,test
13923,test
38732,test
60940,test
63914,test
39159,test
5275,test
38791,test
29545,test
17851,test
22135,test
46696,test
39354,test
52704,test
16052,test
54289,test
52951,test
1238,test
3588,test
58981,test
65737,test
37698,test
18120,test
11068,test
50543,test
15154,test
63694,test
28083,test
25539,test
63348,test
68295,test
45101,test
29841,test
56871,test
1533,test
49733,test
61805,test
40067,test
48135,test
27278,test
20228,test
45881,test
66903,test
7400,test
13662,test
8021,test
2993,test
30724,test
58853,test
59833,test
25417,test
48953,test
48030,test
60829,test
34457,test
41796,test
17048,test
34145,test
27618,test
28798,test
13505,test
28313,test
19505,test
49017,test
62972,test
52605,test
25821,test
27474,test
30068,test
67292,test
10724,test
6326,test
63170,test
59098,test
62550,test
27570,test
41470,test
20618,test
48591,test
32999,test
14242,test
42659,test
34407,test
51717,test
48142,test
7486,test
44062,test
52777,test
66098,test
27931,test
22498,test
63005,test
32545,test
35010,test
7172,test
18757,test
26203,test
68823,test
24274,test
19173,test
49605,test
49124,test
39950,test
50990,test
42931,test
41941,test
67576,test
54978,test
33325,test
24551,test
42047,test
67317,test
8871,test
22611,test
47357,test
38051,test
17965,test
33552,test
7470,test
44079,test
48329,test
34881,test
5404,test
38266,test
43560,test
31631,test
64978,test
44268,test
29728,test
2307,test
45274,test
9695,test
33133,test
14814,test
59926,test
32327,test
34925,test
34587,test
33677,test
40656,test
35948,test
9779,test
54175,test
14997,test
32160,test
11289,test
14016,test
67051,test
16637,test
13853,test
30774,test
43201,test
52190,test
19010,test
54731,test
57149,test
7469,test
6512,test
50712,test
59078,test
35779,test
21428,test
11802,test
33700,test
20046,test
67644,test
25944,test
53534,test
16911,test
70464,test
29311,test
68769,test
61982,test
56026,test
64156,test
22444,test
19114,test
4478,test
23166,test
51888,test
4106,test
23325,test
27645,test
14678,test
1605,test
733,test
66042,test
36132,test
64271,test
62223,test
54004,test
24439,test
32030,test
41829,test
22810,test
40595,test
68677,test
53,test
32501,test
29018,test
9993,test
60122,test
41238,test
57071,test
23821,test
61034,test
47773,test
35663,test
59120,test
53198,test
48482,test
65708,test
32296,test
55475,test
57803,test
27208,test
4052,test
60377,test
24653,test
2872,test
57203,test
25468,test
55499,test
46265,test
18828,test
62312,test
51939,test
33116,test
12000,test
45137,test
36309,test
38499,test
11350,test
46156,test
44069,test
14957,test
23972,test
59280,test
29399,test
66237,test
58384,test
13046,test
11895,test
18343,test
41029,test
21644,test
70136,test
46264,test
19304,test
3958,test
32820,test
12277,test
66117,test
9215,test
41104,test
25352,test
51440,test
21272,test
28757,test
11912,test
5537,test
28590,test
60816,test
62029,test
19865,test
27941,test
3638,test
10438,test
13748,test
60992,test
48659,test
13560,test
39961,test
18194,test
57287,test
31027,test
18216,test
50345,test
64434,test
24668,test
42725,test
64909,test
66519,test
13927,test
27713,test
25955,test
36450,test
47973,test
56947,test
42724,test
28131,test
52307,test
12931,test
47693,test
51032,test
11222,test
66381,test
57263,test
16841,test
66470,test
61213,test
30906,test
70613,test
14286,test
11271,test
44784,test
29470,test
55209,test
63237,test
47546,test
67624,test
61733,test
43289,test
17852,test
47785,test
16035,test
35188,test
14613,test
40170,test
69733,test
35559,test
43639,test
59212,test
26099,test
14969,test
14347,test
415,test
44516,test
24626,test
21286,test
69923,test
9943,test
69213,test
30138,test
7989,test
24798,test
21540,test
67132,test
52334,test
12094,test
36224,test
44977,test
25846,test
24282,test
53539,test
10851,test
56759,test
67744,test
60986,test
37360,test
42304,test
12745,test
3960,test
46958,test
11090,test
38383,test
18181,test
10710,test
46208,test
65355,test
28885,test
17655,test
8783,test
6412,test
35342,test
44291,test
58107,test
68220,test
58934,test
16041,test
9162,test
43338,test
24620,test
11657,test
69073,test
4440,test
54992,test
62815,test
15817,test
24522,test
6944,test
52323,test
48215,test
65197,test
6686,test
31087,test
57066,test
46538,test
4404,test
62713,test
3186,test
3225,test
42701,test
60948,test
42234,test
63532,test
46250,test
51255,test
23825,test
66918,test
16509,test
60442,test
54458,test
17554,test
60347,test
32360,test
9290,test
54377,test
43890,test
34873,test
34864,test
42721,test
6901,test
5106,test
37118,test
20156,test
2603,test
29170,test
60706,test
44757,test
17040,test
9371,test
32205,test
23213,test
33989,test
64063,test
5767,test
30469,test
31764,test
59844,test
6535,test
55559,test
49507,test
57687,test
10002,test
47006,test
66678,test
40902,test
30972,test
45121,test
18773,test
1589,test
23262,test
4940,test
23557,test
40160,test
23318,test
68583,test
35184,test
9623,test
38867,test
64463,test
1061,test
61293,test
41744,test
43432,test
59418,test
10464,test
1873,test
19755,test
46868,test
40941,test
8672,test
44347,test
12850,test
59279,test
30681,test
16303,test
9872,test
17471,test
13409,test
46607,test
57761,test
45802,test
67291,test
61919,test
50065,test
16263,test
56334,test
34199,test
69066,test
55804,test
48998,test
47914,test
31048,test
10725,test
5745,test
21274,test
39631,test
37153,test
55115,test
43598,test
5865,test
60540,test
5600,test
13711,test
16792,test
529,test
63633,test
894,test
14490,test
3478,test
64203,test
66953,test
58817,test
3773,test
30886,test
5420,test
2296,test
50580,test
56652,test
66199,test
28026,test
57817,test
8760,test
57978,test
56879,test
53435,test
66590,test
41139,test
53231,test
62150,test
47223,test
43528,test
27346,test
61324,test
58738,test
51516,test
39126,test
67890,test
29130,test
61137,test
25887,test
10306,test
39240,test
35627,test
13875,test
46458,test
53650,test
69746,test
10631,test
1312,test
21297,test
50249,test
23110,test
48146,test
41030,test
50767,test
31565,test
11632,test
35973,test
7450,test
63114,test
35387,test
19907,test
46970,test
63993,test
3034,test
50674,test
37906,test
55724,test
46866,test
6590,test
14823,test
37176,test
8382,test
31930,test
9849,test
61991,test
40066,test
32816,test
45512,test
14524,test
50265,test
3288,test
28340,test
7296,test
26208,test
50935,test
30596,test
42939,test
15116,test
56643,test
55452,test
49954,test
5400,test
43400,test
63416,test
8490,test
59426,test
17300,test
13549,test
37108,test
33536,test
70090,test
16313,test
50325,test
41730,test
20441,test
26566,test
61258,test
28066,test
10902,test
1746,test
48471,test
19050,test
35939,test
27471,test
30061,test
65948,test
3303,test
36550,test
37078,test
56263,test
53096,test
40668,test
2713,test
58380,test
2896,test
68874,test
52722,test
65542,test
45252,test
50134,test
56385,test
14019,test
5881,test
70248,test
53072,test
20747,test
60827,test
13906,test
48914,test
2929,test
19390,test
14000,test
60455,test
55767,test
62976,test
57547,test
47422,test
39800,test
3397,test
34821,test
47256,test
51869,test
59564,test
33628,test
61612,test
52511,test
38133,test
4036,test
30753,test
11801,test
4477,test
14750,test
4030,test
25715,test
43124,test
35296,test
21704,test
52928,test
1662,test
62045,test
13706,test
32546,test
11060,test
46304,test
26910,test
17757,test
58931,test
35902,test
11972,test
47454,test
30990,test
36556,test
63224,test
45618,test
61001,test
12415,test
12204,test
34504,test
42620,test
50419,test
9670,test
2023,test
28777,test
35636,test
11903,test
28931,test
2572,test
57739,test
14551,test
5286,test
36416,test
16837,test
62346,test
43332,test
6562,test
17446,test
17627,test
53931,test
50607,test
63004,test
69562,test
40020,test
9067,test
21495,test
39822,test
29063,test
41630,test
7860,test
14850,test
9490,test
49807,test
15941,test
6914,test
55045,test
22540,test
32301,test
56918,test
140,test
46774,test
2807,test
963,test
67459,test
37019,test
38360,test
54173,test
25574,test
15335,test
58944,test
39577,test
20183,test
67660,test
23503,test
49119,test
23059,test
42166,test
2414,test
11940,test
59830,test
20559,test
17045,test
10332,test
62393,test
13594,test
55377,test
16880,test
3965,test
18727,test
21506,test
47203,test
14708,test
42433,test
48241,test
35780,test
46287,test
15880,test
25552,test
46428,test
1771,test
46615,test
63127,test
11369,test
62262,test
2780,test
37243,test
40971,test
52313,test
37184,test
31080,test
55734,test
59928,test
59312,test
19779,test
34744,test
28423,test
50760,test
44478,test
25967,test
67614,test
39960,test
52275,test
18641,test
57956,test
6434,test
18464,test
35582,test
69494,test
48973,test
37411,test
25726,test
38953,test
58460,test
30373,test
66436,test
14498,test
37191,test
47588,test
47745,test
10479,test
39507,test
37113,test
6290,test
6516,test
1434,test
55410,test
37098,test
52411,test
31675,test
40134,test
40410,test
12124,test
35440,test
49906,test
38162,test
56111,test
59661,test
38586,test
6514,test
43380,test
52603,test
45730,test
43634,test
42054,test
63621,test
69564,test
69961,test
43866,test
25862,test
15962,test
17293,test
65747,test
63364,test
50912,test
35583,test
58701,test
44376,test
29348,test
23324,test
54471,test
26892,test
8928,test
4293,test
24724,test
14797,test
40481,test
70539,test
43682,test
43238,test
43105,test
68716,test
50070,test
12930,test
5900,test
2898,test
6976,test
27120,test
63475,test
28464,test
58765,test
53366,test
40182,test
68749,test
48396,test
22251,test
27509,test
32436,test
8074,test
14619,test
4717,test
49615,test
3600,test
53944,test
68574,test
48497,test
7302,test
55483,test
20501,test
55043,test
15820,test
28234,test
7980,test
30821,test
24665,test
26088,test
5964,test
9443,test
24191,test
64309,test
43016,test
53311,test
18808,test
48045,test
65468,test
55261,test
36122,test
35895,test
2469,test
58703,test
65499,test
1467,test
16109,test
57770,test
40894,test
47761,test
39618,test
67577,test
61874,test
19507,test
60801,test
47801,test
12726,test
13469,test
49393,test
59301,test
41692,test
44931,test
47918,test
69655,test
54404,test
46837,test
52532,test
43938,test
50436,test
133,test
70083,test
60993,test
6996,test
1454,test
7489,test
64609,test
30827,test
38273,test
116,test
17523,test
15622,test
27515,test
30355,test
62238,test
4553,test
25001,test
18239,test
3105,test
70243,test
62320,test
62725,test
51245,test
47252,test
8211,test
31858,test
37358,test
12146,test
15201,test
47750,test
41433,test
33322,test
765,test
63053,test
10638,test
25108,test
59664,test
38879,test
13555,test
19069,test
26005,test
15007,test
38184,test
5045,test
59906,test
28854,test
27294,test
10594,test
53898,test
11828,test
53878,test
64685,test
44505,test
3371,test
11928,test
15453,test
16013,test
67454,test
15988,test
38151,test
64822,test
66036,test
9962,test
38846,test
24972,test
28270,test
68181,test
10748,test
24776,test
55220,test
12990,test
25945,test
8536,test
40581,test
25802,test
45961,test
51054,test
607,test
10658,test
1840,test
37092,test
32578,test
2437,test
57323,test
35960,test
62948,test
26608,test
34470,test
45500,test
32922,test
27216,test
12687,test
29309,test
45281,test
23945,test
63371,test
70058,test
12558,test
32692,test
61693,test
61980,test
70111,test
67623,test
60212,test
33382,test
37167,test
44213,test
28702,test
68436,test
17034,test
102,test
6121,test
22612,test
43113,test
37530,test
51470,test
41742,test
24202,test
59862,test
2337,test
39764,test
33351,test
36439,test
25393,test
50083,test
47192,test
6541,test
62265,test
43743,test
24833,test
26450,test
3237,test
58956,test
1770,test
28123,test
36728,test
10507,test
1884,test
14402,test
2481,test
1340,test
67531,test
52773,test
40133,test
17447,test
45813,test
32459,test
21824,test
42618,test
2126,test
24490,test
26490,test
14837,test
30541,test
60991,test
18964,test
32616,test
51238,test
51168,test
43210,test
23038,test
53679,test
7168,test
23151,test
62661,test
45099,test
60219,test
11914,test
9028,test
68350,test
48741,test
49797,test
66803,test
55947,test
52785,test
49063,test
15460,test
55895,test
4230,test
18837,test
43504,test
67299,test
69484,test
46813,test
1269,test
20737,test
3876,test
47910,test
13742,test
3937,test
69523,test
68679,test
15109,test
69719,test
53827,test
14404,test
22119,test
52381,test
10140,test
50655,test
24526,test
3596,test
9610,test
58356,test
41822,test
25901,test
26596,test
47280,test
46454,test
29839,test
25200,test
15220,test
20169,test
62968,test
57204,test
27144,test
18469,test
67552,test
46384,test
44662,test
61571,test
21596,test
42449,test
22516,test
32752,test
43946,test
29512,test
47276,test
60291,test
9052,test
61619,test
26095,test
62411,test
11989,test
40999,test
7593,test
67413,test
56343,test
8040,test
57905,test
15135,test
29822,test
61911,test
41787,test
30478,test
29676,test
5790,test
14056,test
937,test
6131,test
33047,test
21082,test
46663,test
31747,test
13957,test
18568,test
17069,test
63346,test
61686,test
13615,test
25587,test
48996,test
36540,test
14357,test
50729,test
26065,test
2863,test
31932,test
61320,test
53767,test
43692,test
47311,test
10731,test
22287,test
2844,test
40286,test
68855,test
8304,test
27123,test
35124,test
29090,test
53541,test
45755,test
56604,test
8044,test
28494,test
70668,test
31832,test
27119,test
27644,test
9318,test
41037,test
14739,test
32882,test
17771,test
50125,test
40771,test
25566,test
21720,test
709,test
54554,test
48961,test
1805,test
55770,test
42348,test
6070,test
21936,test
9156,test
13143,test
6331,test
2266,test
34581,test
32641,test
6519,test
2425,test
16107,test
36548,test
52691,test
66875,test
37559,test
48921,test
65669,test
50076,test
60234,test
8872,test
51988,test
39999,test
5585,test
62149,test
57174,test
67919,test
60079,test
62332,test
68996,test
153,test
40202,test
15539,test
60946,test
22921,test
30273,test
49314,test
37330,test
23908,test
19179,test
44400,test
31464,test
46193,test
60569,test
10304,test
57350,test
105,test
32134,test
44192,test
66464,test
54302,test
30764,test
33185,test
17111,test
47652,test
16168,test
68801,test
11443,test
41956,test
21418,test
25099,test
62858,test
2836,test
23320,test
51424,test
40610,test
12038,test
46214,test
64829,test
51526,test
2125,test
34979,test
17240,test
15213,test
17838,test
58919,test
65107,test
56083,test
41465,test
14990,test
13935,test
1481,test
25113,test
29194,test
10318,test
53405,test
46544,test
59353,test
17529,test
48558,test
22454,test
61512,test
22903,test
28247,test
61364,test
26239,test
24729,test
61326,test
1757,test
64354,test
69321,test
45041,test
32919,test
13778,test
19628,test
26420,test
7069,test
8875,test
12757,test
39146,test
67170,test
10025,test
56969,test
23877,test
20757,test
40633,test
12865,test
520,test
26388,test
33225,test
31810,test
25962,test
9247,test
32049,test
69892,test
2837,test
42769,test
49575,test
2332,test
36551,test
44364,test
14309,test
27080,test
18289,test
67797,test
13477,test
37731,test
67598,test
27944,test
21423,test
70447,test
27186,test
62617,test
30926,test
19007,test
53001,test
10335,test
2753,test
5679,test
60989,test
69458,test
14518,test
36004,test
61848,test
41713,test
61011,test
39609,test
25783,test
65440,test
6399,test
50362,test
48306,test
23777,test
21470,test
4915,test
28755,test
55018,test
32240,test
37885,test
1936,test
32318,test
48774,test
41197,test
23380,test
20923,test
12602,test
51907,test
45324,test
38812,test
20652,test
44497,test
39088,test
9132,test
39948,test
66097,test
19699,test
45598,test
12769,test
21083,test
44119,test
27759,test
30589,test
16245,test
12056,test
7856,test
43895,test
43117,test
18337,test
4995,test
47460,test
26987,test
69701,test
2573,test
59386,test
50090,test
13763,test
30998,test
66257,test
49889,test
60878,test
43072,test
58725,test
70548,test
13534,test
47451,test
41306,test
38474,test
14038,test
48061,test
61769,test
42789,test
27270,test
43757,test
567,test
39877,test
8153,test
982,test
61849,test
21919,test
48101,test
1275,test
26347,test
37218,test
4825,test
1422,test
60176,test
1957,test
36741,test
33150,test
5332,test
65361,test
30399,test
18634,test
30493,test
53791,test
37548,test
53028,test
54181,test
21689,test
36530,test
54549,test
48536,test
5375,test
19867,test
19034,test
18018,test
58074,test
24383,test
41798,test
67630,test
53167,test
37044,test
69452,test
5413,test
23711,test
29580,test
22316,test
49977,test
22902,test
2744,test
54144,test
51149,test
28325,test
14366,test
30841,test
51860,test
51885,test
58571,test
12820,test
51482,test
42946,test
6897,test
33684,test
5258,test
7494,test
16707,test
35523,test
33120,test
19834,test
50405,test
42426,test
17035,test
3605,test
6353,test
57689,test
68384,test
28564,test
59499,test
56747,test
37908,test
13881,test
64512,test
11741,test
3839,test
35071,test
51200,test
24087,test
10734,test
47335,test
48012,test
32952,test
51541,test
6487,test
51718,test
44762,test
12387,test
24170,test
45495,test
15380,test
22143,test
60571,test
25980,test
19297,test
45056,test
11712,test
38860,test
49944,test
59430,test
12661,test
45031,test
10553,test
53139,test
24138,test
5772,test
7361,test
66594,test
44157,test
49456,test
38181,test
15958,test
25612,test
22872,test
27009,test
34402,test
429,test
57641,test
6934,test
43993,test
742,test
3283,test
4335,test
37921,test
55620,test
3535,test
22981,test
38903,test
40845,test
59473,test
48898,test
43209,test
30304,test
32144,test
16496,test
7105,test
9892,test
30229,test
4778,test
38371,test
39845,test
32511,test
57693,test
7730,test
36867,test
62928,test
66264,test
50675,test
65016,test
63969,test
42571,test
26132,test
69840,test
47490,test
53561,test
59355,test
38591,test
58669,test
51801,test
66410,test
55537,test
37965,test
61099,test
8009,test
26038,test
11874,test
38066,test
5651,test
9914,test
6569,test
852,test
29226,test
10485,test
35012,test
21300,test
58715,test
34969,test
47683,test
70242,test
54872,test
25134,test
51260,test
47263,test
46144,test
23025,test
35390,test
22760,test
50333,test
53249,test
59607,test
47087,test
12925,test
22600,test
8975,test
59875,test
17594,test
38871,test
25624,test
52570,test
16865,test
19098,test
47050,test
13048,test
5162,test
7895,test
32097,test
2582,test
67766,test
58315,test
32125,test
70689,test
25609,test
23865,test
23849,test
39917,test
51183,test
41780,test
37671,test
36670,test
678,test
11561,test
14250,test
23773,test
61533,test
64733,test
24933,test
69177,test
68245,test
25757,test
42544,test
47040,test
31776,test
61937,test
46800,test
46365,test
4468,test
13159,test
47518,test
9514,test
67782,test
55388,test
27210,test
5144,test
2745,test
3747,test
33456,test
36998,test
30811,test
15408,test
18792,test
41705,test
63970,test
49533,test
9652,test
48049,test
56867,test
54880,test
52932,test
65390,test
38275,test
38741,test
40630,test
60411,test
48111,test
45581,test
1604,test
27706,test
22043,test
24777,test
69743,test
53726,test
60499,test
28376,test
12837,test
16799,test
2984,test
22759,test
525,test
60161,test
11356,test
7533,test
18784,test
20949,test
68610,test
10588,test
2855,test
45661,test
21853,test
166,test
67302,test
17376,test
53722,test
48614,test
22799,test
27834,test
59273,test
57959,test
28642,test
13819,test
47890,test
589,test
31836,test
58225,test
13438,test
19423,test
24225,test
55685,test
66653,test
2916,test
34366,test
2054,test
40238,test
56395,test
70679,test
19333,test
35864,test
23449,test
64088,test
3749,test
19271,test
15236,test
63556,test
24504,test
53038,test
22788,test
14456,test
40179,test
37979,test
30862,test
41132,test
59421,test
70472,test
26578,test
27296,test
65285,test
5835,test
1250,test
66486,test
29125,test
34899,test
35232,test
41606,test
4124,test
31526,test
41908,test
28741,test
68281,test
41175,test
40314,test
18799,test
13754,test
60990,test
61939,test
28235,test
16078,test
34391,test
34344,test
64065,test
40140,test
13915,test
2338,test
19672,test
53490,test
17409,test
42404,test
43316,test
26561,test
44770,test
50302,test
39955,test
52049,test
49684,test
35567,test
17071,test
295,test
11317,test
38670,test
60112,test
27250,test
26184,test
20354,test
62165,test
55751,test
39202,test
26422,test
13552,test
19885,test
26069,test
46093,test
25106,test
64109,test
48219,test
17620,test
42377,test
25714,test
9658,test
36145,test
5105,test
43089,test
69286,test
43470,test
10682,test
30266,test
63441,test
39735,test
11102,test
64501,test
68992,test
539,test
40687,test
59887,test
58033,test
31149,test
46148,test
19619,test
15991,test
44136,test
18307,test
55466,test
16275,test
23932,test
69172,test
57538,test
14887,test
24099,test
4546,test
17269,test
65172,test
11619,test
54998,test
63291,test
32709,test
1264,test
8328,test
8520,test
61946,test
36470,test
8161,test
12926,test
52895,test
43685,test
41009,test
34093,test
11041,test
50872,test
26897,test
2242,test
33171,test
51965,test
15597,test
45466,test
30607,test
30851,test
54206,test
46082,test
43449,test
2602,test
15129,test
52783,test
40023,test
11585,test
66615,test
47270,test
1642,test
35828,test
56850,test
42782,test
45313,test
36257,test
51362,test
27595,test
22006,test
11665,test
34484,test
49254,test
3215,test
582,test
57427,test
37392,test
24036,test
10157,test
51439,test
31107,test
19001,test
34255,test
30327,test
38259,test
53596,test
57540,test
11324,test
10583,test
41095,test
34033,test
45883,test
22137,test
59941,test
51313,test
69617,test
31252,test
44922,test
26626,test
25073,test
43807,test
62692,test
51703,test
18178,test
39438,test
28013,test
53044,test
30158,test
45687,test
8487,test
62868,test
24882,test
59405,test
18435,test
46531,test
34704,test
15228,test
32850,test
1098,test
4090,test
55778,test
53908,test
56678,test
69250,test
32985,test
9133,test
56180,test
37350,test
34195,test
4809,test
51916,test
30462,test
59943,test
19941,test
33915,test
6144,test
3428,test
62259,test
34444,test
42623,test
47853,test
46465,test
53114,test
1920,test
4782,test
59272,test
44621,test
1147,test
65823,test
21303,test
29301,test
57624,test
27046,test
50084,test
16894,test
30334,test
22069,test
19400,test
2195,test
52581,test
57246,test
61244,test
7821,test
52077,test
55314,test
23930,test
70337,test
39114,test
64239,test
9045,test
38719,test
17878,test
43225,test
63758,test
69968,test
62809,test
53884,test
52142,test
58893,test
15405,test
13705,test
40730,test
61088,test
27576,test
65137,test
33115,test
22500,test
50994,test
54177,test
52760,test
35811,test
63554,test
40026,test
5921,test
24212,test
14132,test
45649,test
68017,test
28349,test
61975,test
59883,test
43955,test
28955,test
56333,test
45968,test
8386,test
9997,test
27539,test
47941,test
64720,test
59213,test
42408,test
62233,test
25174,test
20132,test
66859,test
52943,test
10671,test
51875,test
45733,test
22659,test
54537,test
68060,test
38407,test
16897,test
2434,test
2509,test
26715,test
32991,test
50548,test
63678,test
3915,test
62899,test
54827,test
54565,test
20812,test
34350,test
2313,test
65029,test
15845,test
54156,test
44366,test
7942,test
64531,test
39318,test
53811,test
28637,test
43283,test
33019,test
59972,test
33370,test
20472,test
35685,test
69585,test
32025,test
7334,test
5138,test
27000,test
16947,test
49834,test
55099,test
67316,test
45220,test
4612,test
31489,test
22555,test
14164,test
6584,test
64114,test
61570,test
68530,test
46176,test
65360,test
24527,test
38873,test
64173,test
37195,test
48565,test
19872,test
31678,test
21764,test
3496,test
64078,test
19429,test
51735,test
67802,test
65614,test
48231,test
25810,test
24786,test
55967,test
4120,test
32561,test
57187,test
8432,test
66997,test
54987,test
62843,test
4450,test
56614,test
2018,test
25130,test
61800,test
43253,test
21050,test
2566,test
14112,test
49912,test
54089,test
39283,test
56306,test
64854,test
45947,test
33153,test
47179,test
69631,test
50403,test
22798,test
6550,test
51770,test
25505,test
12902,test
31665,test
4976,test
53895,test
15487,test
46292,test
7671,test
37242,test
13928,test
1253,test
61084,test
15025,test
67522,test
38324,test
4112,test
49226,test
51531,test
10492,test
55811,test
43947,test
20782,test
51004,test
30857,test
26050,test
63923,test
64363,test
27267,test
52393,test
3676,test
40050,test
67871,test
48772,test
3348,test
19294,test
67712,test
67582,test
24597,test
29462,test
58332,test
25621,test
27810,test
28620,test
57031,test
27843,test
20905,test
64006,test
4357,test
30908,test
21246,test
44082,test
7949,test
19379,test
30508,test
3077,test
50062,test
29705,test
32282,test
32567,test
57852,test
6588,test
14172,test
11129,test
26525,test
17180,test
36126,test
974,test
48191,test
51047,test
38604,test
50258,test
29575,test
1309,test
65848,test
62412,test
13986,test
7830,test
41503,test
51970,test
5734,test
25866,test
15505,test
45852,test
36069,test
6155,test
38113,test
59060,test
54587,test
743,test
64340,test
38386,test
17244,test
14816,test
14271,test
44837,test
38361,test
19911,test
8614,test
28073,test
68274,test
23626,test
25666,test
8930,test
64864,test
16553,test
12047,test
18812,test
34640,test
21166,test
67390,test
7786,test
58085,test
16697,test
44643,test
57574,test
47489,test
41183,test
61950,test
12095,test
45178,test
10073,test
37610,test
9063,test
17791,test
20038,test
69837,test
46855,test
46593,test
52900,test
45308,test
62111,test
65820,test
59416,test
49446,test
41801,test
8357,test
50628,test
69946,test
37205,test
6994,test
23530,test
61790,test
13734,test
60708,test
56744,test
32646,test
58045,test
25818,test
67685,test
68881,test
66983,test
3980,test
51451,test
48641,test
36124,test
26696,test
28578,test
61974,test
2776,test
40583,test
40368,test
51494,test
23223,test
27825,test
6132,test
52478,test
6072,test
30007,test
13246,test
35705,test
23149,test
7319,test
60285,test
16070,test
54626,test
9890,test
29895,test
35227,test
13116,test
18835,test
36452,test
31077,test
58213,test
67214,test
37786,test
30420,test
21409,test
24260,test
34188,test
49272,test
7768,test
33795,test
8960,test
69413,test
10237,test
41912,test
7521,test
48022,test
8284,test
56109,test
12517,test
20800,test
27534,test
61889,test
8347,test
50711,test
51264,test
31245,test
26956,test
35657,test
68656,test
20619,test
8528,test
2536,test
66053,test
10206,test
65975,test
49026,test
566,test
46783,test
47483,test
10346,test
47100,test
32880,test
9961,test
16308,test
22885,test
40791,test
34803,test
54589,test
10085,test
57515,test
41180,test
28525,test
68160,test
66327,test
22826,test
47258,test
42213,test
27393,test
42118,test
61909,test
9268,test
44021,test
18264,test
3578,test
31010,test
10430,test
69094,test
3204,test
62477,test
3123,test
40632,test
70685,test
42590,test
8906,test
67512,test
57947,test
16417,test
62019,test
9175,test
62409,test
8187,test
65511,test
18280,test
56192,test
36138,test
61563,test
57667,test
15012,test
45374,test
14403,test
42683,test
60549,test
46586,test
28561,test
67762,test
6867,test
5503,test
40419,test
68961,test
50185,test
68225,test
18997,test
18709,test
5517,test
37827,test
22532,test
35944,test
35718,test
42017,test
18228,test
70138,test
53361,test
64932,test
20606,test
4699,test
60737,test
51818,test
39039,test
41005,test
2629,test
7332,test
19504,test
54690,test
32354,test
54159,test
34710,test
44422,test
51714,test
42372,test
49081,test
32011,test
16435,test
29786,test
2030,test
50563,test
54910,test
7367,test
24865,test
5083,test
70467,test
65220,test
10566,test
44776,test
59214,test
23122,test
38333,test
67142,test
10775,test
28784,test
60368,test
57537,test
52793,test
57430,test
23474,test
65626,test
4758,test
2839,test
2676,test
139,test
15055,test
26817,test
29820,test
33895,test
15469,test
66930,test
54363,test
22626,test
64147,test
32000,test
13489,test
29024,test
13678,test
32581,test
35467,test
16750,test
23284,test
50201,test
62170,test
4403,test
18703,test
47765,test
59750,test
68130,test
19273,test
37119,test
59634,test
12836,test
19799,test
9261,test
35831,test
68543,test
54518,test
29306,test
42417,test
46991,test
62518,test
48909,test
8359,test
52035,test
26721,test
37695,test
41662,test
29797,test
10048,test
61803,test
64811,test
40928,test
44652,test
28899,test
54828,test
52871,test
10862,test
52329,test
56435,test
66474,test
5863,test
48259,test
29128,test
24057,test
69074,test
39973,test
36329,test
60148,test
33125,test
58797,test
54337,test
8411,test
5541,test
41646,test
33518,test
45462,test
28853,test
67631,test
34124,test
31673,test
5291,test
63974,test
16619,test
35835,test
20494,test
44491,test
31390,test
46012,test
29273,test
33112,test
58442,test
2944,test
67246,test
46781,test
34257,test
17171,test
30439,test
41964,test
34002,test
21846,test
37314,test
14684,test
26726,test
3921,test
55143,test
35046,test
52315,test
29725,test
30102,test
31917,test
39562,test
1278,test
5271,test
15915,test
28967,test
4172,test
42341,test
34328,test
12442,test
28444,test
40875,test
64985,test
11761,test
31795,test
32817,test
43996,test
63827,test
5268,test
32452,test
54650,test
3253,test
28768,test
25022,test
3326,test
67152,test
45676,test
8531,test
19528,test
55714,test
9802,test
67677,test
69428,test
50029,test
20073,test
13649,test
62875,test
8590,test
54495,test
30639,test
2117,test
61113,test
47288,test
16199,test
42556,test
23954,test
68152,test
12645,test
11489,test
34260,test
12426,test
45837,test
345,test
3224,test
39729,test
66701,test
3649,test
46524,test
14455,test
65665,test
56501,test
21680,test
36012,test
17737,test
15718,test
29882,test
40029,test
69235,test
57110,test
57844,test
25488,test
36141,test
65702,test
11792,test
23053,test
44576,test
9330,test
62787,test
53609,test
20922,test
45864,test
11069,test
10677,test
30465,test
55960,test
61054,test
30246,test
23625,test
11156,test
28806,test
38224,test
15143,test
24908,test
33097,test
50370,test
21893,test
53006,test
8542,test
51188,test
42485,test
8425,test
22180,test
7603,test
63229,test
49283,test
57147,test
9342,test
70001,test
30880,test
21310,test
40213,test
31762,test
55383,test
54294,test
6484,test
32944,test
6126,test
54347,test
51015,test
61103,test
64485,test
34045,test
13185,test
69812,test
47511,test
42076,test
49520,test
11061,test
67478,test
68559,test
15870,test
41039,test
46056,test
67012,test
4700,test
29899,test
7986,test
35428,test
47852,test
39473,test
4065,test
51617,test
17378,test
17811,test
16443,test
18097,test
70641,test
3284,test
54610,test
13304,test
39737,test
42060,test
38103,test
44860,test
35922,test
5352,test
39187,test
49699,test
46542,test
32150,test
59529,test
2986,test
56722,test
8778,test
25641,test
58140,test
66054,test
67320,test
44924,test
29168,test
8606,test
56522,test
24429,test
1107,test
40708,test
64960,test
57434,test
25115,test
57272,test
61742,test
27024,test
62440,test
26330,test
43325,test
45825,test
64029,test
14581,test
29056,test
18019,test
54220,test
59547,test
12132,test
1718,test
69916,test
8404,test
47596,test
29421,test
58164,test
24088,test
19914,test
68257,test
2506,test
8155,test
59965,test
12744,test
69430,test
10247,test
50986,test
69326,test
1847,test
1880,test
38847,test
59484,test
27414,test
28352,test
66384,test
39004,test
38560,test
50103,test
51696,test
6504,test
58938,test
15646,test
15329,test
38440,test
35158,test
6359,test
58864,test
59705,test
68808,test
10794,test
3398,test
5190,test
27379,test
30053,test
45655,test
28001,test
67558,test
64004,test
29001,test
13914,test
41460,test
16103,test
21954,test
9845,test
66296,test
9216,test
59769,test
64283,test
15592,test
65004,test
47550,test
42493,test
50756,test
45061,test
9055,test
28746,test
30775,test
59565,test
20713,test
34980,test
25131,test
64589,test
28893,test
14958,test
25281,test
7701,test
68296,test
43463,test
37418,test
23319,test
54238,test
53731,test
19362,test
41578,test
31903,test
32226,test
24256,test
11277,test
64371,test
68507,test
9841,test
2358,test
13278,test
15581,test
22222,test
15985,test
49652,test
49810,test
58494,test
53189,test
4447,test
31627,test
67044,test
10817,test
68545,test
14931,test
34060,test
4156,test
41938,test
33692,test
54662,test
36629,test
70196,test
41494,test
25618,test
51166,test
36251,test
2605,test
30802,test
34652,test
12105,test
31269,test
47448,test
31913,test
57164,test
67607,test
8454,test
20532,test
44636,test
54244,test
6244,test
8180,test
56707,test
7233,test
60451,test
42347,test
232,test
25433,test
10401,test
8585,test
26572,test
5884,test
39176,test
67868,test
36836,test
60465,test
43184,test
56992,test
5279,test
6007,test
18364,test
51050,test
46020,test
56520,test
34349,test
41973,test
11225,test
62114,test
30234,test
56086,test
27193,test
9965,test
3914,test
38178,test
50241,test
37685,test
4248,test
16555,test
27317,test
48301,test
28770,test
66952,test
48775,test
65221,test
38800,test
39293,test
60287,test
2001,test
5604,test
20679,test
55296,test
42411,test
27450,test
44455,test
70260,test
63746,test
9919,test
64455,test
32090,test
32879,test
44261,test
22108,test
63479,test
41583,test
56608,test
1779,test
69402,test
66419,test
29779,test
3849,test
69590,test
43450,test
43630,test
9729,test
19857,test
47283,test
58028,test
51241,test
51552,test
33369,test
45399,test
63497,test
47640,test
16624,test
39466,test
52780,test
29525,test
11218,test
4408,test
47581,test
62945,test
3657,test
13059,test
13970,test
48400,test
26102,test
42808,test
57414,test
67162,test
46918,test
33718,test
49249,test
56681,test
12323,test
37259,test
31527,test
15281,test
19884,test
15222,test
28457,test
57650,test
34114,test
53877,test
65945,test
7581,test
47246,test
63881,test
47084,test
70580,test
25997,test
33838,test
64510,test
51291,test
23341,test
60181,test
25005,test
49551,test
34547,test
46113,test
8954,test
52675,test
18330,test
56057,test
67166,test
53947,test
45879,test
19650,test
58821,test
16844,test
54839,test
3042,test
44951,test
49025,test
57418,test
11494,test
13913,test
17338,test
57349,test
54180,test
37939,test
44436,test
4416,test
54930,test
34823,test
36755,test
60544,test
22789,test
13461,test
21519,test
29,test
64482,test
25194,test
24103,test
48128,test
16567,test
44152,test
29543,test
1194,test
58062,test
9066,test
69563,test
43587,test
51914,test
31719,test
37026,test
15424,test
47917,test
54575,test
54741,test
42778,test
4596,test
18013,test
64934,test
68153,test
45206,test
44,test
39876,test
5693,test
65918,test
14493,test
40565,test
8392,test
18075,test
47318,test
60321,test
5989,test
21357,test
3322,test
32781,test
8867,test
52373,test
6317,test
16989,test
33968,test
39079,test
32046,test
67190,test
57492,test
13228,test
8808,test
65805,test
118,test
14149,test
31667,test
60662,test
1038,test
59947,test
33350,test
19133,test
20629,test
42976,test
13187,test
1338,test
8499,test
56073,test
59811,test
37008,test
64479,test
14272,test
69997,test
34794,test
52921,test
1958,test
2933,test
66220,test
20598,test
38552,test
51654,test
11386,test
4975,test
26936,test
21585,test
68097,test
33501,test
41957,test
11934,test
45485,test
30369,test
60215,test
2359,test
6911,test
30463,test
66741,test
47529,test
50164,test
17845,test
13411,test
70234,test
36655,test
19212,test
24764,test
11684,test
2983,test
48420,test
53632,test
20223,test
49873,test
41944,test
2633,test
22361,test
67696,test
41676,test
55294,test
11822,test
54809,test
31696,test
10018,test
179,test
14568,test
81,test
58758,test
27038,test
68027,test
44443,test
4705,test
49047,test
666,test
26433,test
40647,test
58818,test
48675,test
38537,test
60963,test
51387,test
69738,test
19826,test
5043,test
24746,test
50528,test
20728,test
10795,test
64264,test
58783,test
45259,test
63536,test
58284,test
23753,test
26484,test
24336,test
4390,test
46983,test
35002,test
52481,test
68642,test
17345,test
68005,test
20351,test
6630,test
57520,test
19145,test
32432,test
57924,test
67030,test
52468,test
74,test
4634,test
7420,test
64084,test
38473,test
40904,test
37932,test
16330,test
1428,test
56259,test
6860,test
12110,test
32836,test
42913,test
58804,test
48890,test
16658,test
68113,test
36657,test
25402,test
21802,test
41031,test
53890,test
40827,test
18230,test
43389,test
12070,test
10158,test
69044,test
24636,test
9694,test
8253,test
35970,test
60601,test
55789,test
35036,test
6280,test
44798,test
67494,test
60927,test
66510,test
26071,test
3898,test
11502,test
37527,test
6542,test
70437,test
60387,test
45316,test
49569,test
7678,test
37852,test
6690,test
43508,test
16081,test
27926,test
37970,test
47111,test
59100,test
51649,test
67966,test
38882,test
58708,test
48300,test
32332,test
39389,test
63246,test
27531,test
4164,test
28570,test
65186,test
18082,test
13331,test
42189,test
22767,test
41301,test
69652,test
1783,test
60595,test
53544,test
17976,test
26022,test
18893,test
26532,test
15040,test
8303,test
53187,test
21990,test
21435,test
65851,test
13634,test
70056,test
39520,test
6232,test
27586,test
46477,test
16252,test
32115,test
2820,test
49638,test
2769,test
22328,test
59791,test
63637,test
17491,test
54798,test
7829,test
63630,test
23367,test
67065,test
52004,test
66147,test
44122,test
17326,test
35803,test
38727,test
8162,test
60966,test
48115,test
30220,test
14641,test
22586,test
47245,test
62871,test
56191,test
51900,test
729,test
51819,test
3608,test
63851,test
57410,test
64295,test
33231,test
45300,test
23543,test
35633,test
716,test
33365,test
17211,test
43858,test
9527,test
15575,test
48657,test
42830,test
34545,test
50762,test
47699,test
64722,test
17115,test
16982,test
43107,test
12909,test
41229,test
53830,test
36391,test
40304,test
9671,test
17589,test
61652,test
62992,test
40507,test
13943,test
58272,test
5603,test
24092,test
33781,test
15737,test
56580,test
30272,test
38405,test
4341,test
43273,test
28351,test
14627,test
31541,test
16450,test
2614,test
44391,test
67408,test
47217,test
69441,test
52578,test
36775,test
52989,test
61463,test
11346,test
34358,test
59710,test
49461,test
33090,test
70096,test
12059,test
2427,test
51619,test
46405,test
49463,test
24828,test
44392,test
35789,test
12963,test
46715,test
29395,test
34094,test
4600,test
19475,test
1611,test
12180,test
46346,test
66334,test
28929,test
46354,test
30237,test
46419,test
58546,test
65012,test
65697,test
48253,test
8194,test
23609,test
62153,test
36575,test
64258,test
22918,test
23087,test
55315,test
63646,test
51018,test
36659,test
67713,test
11520,test
23421,test
59727,test
12974,test
66408,test
22876,test
3570,test
59429,test
42050,test
222,test
57027,test
19808,test
9910,test
59832,test
41738,test
723,test
14031,test
32577,test
63565,test
52123,test
9095,test
34686,test
31226,test
62812,test
45134,test
31783,test
62529,test
37684,test
22190,test
33815,test
54849,test
22773,test
65689,test
2887,test
31337,test
63787,test
61277,test
46690,test
67109,test
40817,test
51953,test
18941,test
8145,test
27943,test
65385,test
49516,test
21780,test
4009,test
23566,test
3193,test
56662,test
48553,test
45901,test
21242,test
2958,test
48664,test
67895,test
61926,test
30218,test
69753,test
61460,test
44532,test
5412,test
45303,test
54396,test
29077,test
2985,test
21788,test
45516,test
12014,test
32790,test
23737,test
37329,test
63449,test
68082,test
68223,test
13253,test
64400,test
5178,test
53211,test
15209,test
38308,test
36971,test
61451,test
19630,test
68176,test
67198,test
61850,test
64068,test
16224,test
1902,test
51642,test
27724,test
35018,test
54493,test
69251,test
16320,test
11384,test
41078,test
3633,test
37938,test
57294,test
57909,test
11641,test
17215,test
20712,test
45269,test
54306,test
37952,test
459,test
12039,test
21716,test
67077,test
21224,test
13854,test
10957,test
16849,test
24094,test
3188,test
61638,test
33871,test
14768,test
33505,test
47146,test
24953,test
29834,test
59086,test
61881,test
24735,test
3982,test
45656,test
11921,test
36706,test
15735,test
36191,test
16169,test
43924,test
27936,test
8827,test
28583,test
43412,test
16217,test
27655,test
19815,test
63574,test
58087,test
62455,test
7137,test
28002,test
51300,test
268,test
1443,test
2489,test
61400,test
3629,test
53822,test
22647,test
62673,test
52355,test
35506,test
68096,test
65244,test
40014,test
49851,test
65632,test
70587,test
29294,test
7303,test
39426,test
33891,test
25754,test
19498,test
21363,test
50424,test
47946,test
21579,test
46255,test
67053,test
16551,test
37856,test
65403,test
54757,test
15554,test
53734,test
3305,test
7882,test
53011,test
14323,test
18406,test
54420,test
53095,test
44399,test
18903,test
68423,test
34228,test
14621,test
30825,test
52193,test
38063,test
60761,test
15179,test
33037,test
57609,test
63762,test
35841,test
64035,test
37493,test
23708,test
45368,test
19871,test
41217,test
39702,test
47593,test
38909,test
5923,test
34308,test
34812,test
39308,test
58871,test
24530,test
66895,test
26427,test
39880,test
538,test
31537,test
55606,test
65882,test
44792,test
41669,test
68028,test
15064,test
595,test
41782,test
26198,test
41550,test
63951,test
65276,test
17678,test
25292,test
31135,test
21487,test
643,test
42201,test
3147,test
41145,test
8166,test
22451,test
4005,test
8037,test
46577,test
4267,test
58462,test
13478,test
4210,test
46035,test
66271,test
58302,test
29002,test
15245,test
20599,test
21084,test
39768,test
4772,test
8932,test
20235,test
63021,test
44198,test
33408,test
16633,test
17854,test
38638,test
4759,test
41231,test
35254,test
64279,test
6075,test
62227,test
29043,test
59512,test
42731,test
4242,test
63290,test
39402,test
11121,test
66483,test
31494,test
14107,test
27918,test
12244,test
29936,test
18877,test
32941,test
51577,test
29913,test
18000,test
25366,test
55761,test
50391,test
64228,test
11188,test
59760,test
25214,test
54758,test
31623,test
41911,test
44916,test
70130,test
19664,test
25066,test
69051,test
30675,test
11145,test
13135,test
64427,test
65605,test
4369,test
20919,test
54672,test
46066,test
3412,test
41323,test
54182,test
51579,test
54096,test
65344,test
51475,test
55684,test
8123,test
2090,test
39779,test
64621,test
22040,test
53015,test
48840,test
45752,test
27045,test
693,test
63214,test
63544,test
20268,test
27010,test
43151,test
66580,test
14644,test
34040,test
55058,test
29234,test
64984,test
69878,test
40860,test
17302,test
41308,test
47018,test
35732,test
51732,test
15800,test
6093,test
52412,test
38263,test
68880,test
59704,test
21976,test
8013,test
27589,test
5469,test
43352,test
51585,test
65040,test
31503,test
45057,test
42710,test
19121,test
34370,test
28157,test
43084,test
66711,test
41592,test
49940,test
1254,test
42772,test
31100,test
65323,test
58176,test
21868,test
39399,test
3949,test
13155,test
2490,test
12441,test
42307,test
10622,test
44462,test
3700,test
31473,test
56183,test
64879,test
30884,test
28981,test
24561,test
18607,test
30974,test
44777,test
46274,test
37534,test
38914,test
31725,test
2840,test
66760,test
22296,test
29619,test
58570,test
41258,test
49881,test
10816,test
55464,test
45350,test
20197,test
63578,test
10197,test
13972,test
1846,test
14553,test
2564,test
51102,test
67415,test
53773,test
61296,test
70435,test
36817,test
65304,test
53766,test
55569,test
29552,test
46288,test
37803,test
59603,test
67314,test
43366,test
63638,test
53750,test
32091,test
48723,test
67242,test
68513,test
22992,test
3671,test
19837,test
1867,test
38581,test
41774,test
21023,test
43497,test
28694,test
19329,test
48576,test
52638,test
51397,test
43011,test
34067,test
37730,test
50542,test
39212,test
18672,test
56324,test
52431,test
65806,test
50316,test
57253,test
20256,test
41046,test
69874,test
32904,test
26085,test
33591,test
63740,test
13641,test
69978,test
61502,test
46491,test
43651,test
66312,test
16134,test
5363,test
29649,test
54449,test
69434,test
59334,test
35764,test
70578,test
11984,test
46260,test
61485,test
23914,test
5990,test
25531,test
54402,test
21155,test
7491,test
6321,test
56316,test
4734,test
16788,test
578,test
32265,test
69460,test
45622,test
45181,test
48017,test
6717,test
587,test
58078,test
24928,test
51828,test
59316,test
16725,test
35548,test
4310,test
68796,test
35251,test
32654,test
69053,test
8969,test
20392,test
47571,test
730,test
41904,test
53588,test
34271,test
68967,test
13396,test
28181,test
67537,test
5419,test
33921,test
24312,test
1354,test
22940,test
47186,test
51686,test
1119,test
9135,test
7353,test
63568,test
65203,test
30446,test
1048,test
10484,test
63987,test
59829,test
69952,test
68051,test
34346,test
41748,test
61751,test
29456,test
27129,test
61690,test
58992,test
12919,test
69499,test
32849,test
29430,test
50920,test
26778,test
44022,test
7024,test
17496,test
34229,test
29597,test
66830,test
41053,test
48855,test
58909,test
43475,test
64421,test
13222,test
53629,test
10664,test
48198,test
24812,test
48152,test
2463,test
13475,test
28745,test
6077,test
67699,test
53853,test
57425,test
39542,test
59982,test
5695,test
60433,test
3241,test
25101,test
58862,test
54474,test
10688,test
17310,test
15239,test
48594,test
2409,test
35215,test
55605,test
7126,test
44104,test
12293,test
32656,test
7389,test
64241,test
28093,test
55417,test
64328,test
6196,test
2460,test
888,test
34950,test
50407,test
385,test
44626,test
38756,test
14507,test
60307,test
15277,test
26704,test
20448,test
31343,test
257,test
62885,test
48047,test
12701,test
43235,test
26387,test
43381,test
56451,test
61605,test
51274,test
58628,test
51573,test
11505,test
22627,test
45079,test
16861,test
49144,test
29748,test
53048,test
56736,test
490,test
23576,test
50847,test
34987,test
1938,test
54351,test
19764,test
2822,test
10375,test
17461,test
63856,test
48607,test
113,test
20095,test
6390,test
17391,test
55019,test
21105,test
42020,test
49112,test
16817,test
42864,test
42889,test
25344,test
52937,test
41706,test
7976,test
51644,test
34406,test
15659,test
9656,test
11638,test
50597,test
20406,test
29643,test
14917,test
31744,test
2284,test
42883,test
23453,test
47648,test
61862,test
56859,test
12828,test
22597,test
49107,test
6184,test
41566,test
40473,test
39748,test
64157,test
48694,test
67789,test
69354,test
55510,test
41709,test
35951,test
48192,test
26963,test
31661,test
36674,test
16365,test
6868,test
20291,test
41985,test
57402,test
7325,test
29898,test
34481,test
27884,test
15532,test
64559,test
14620,test
70252,test
38690,test
30958,test
59935,test
948,test
66455,test
39147,test
68212,test
38102,test
11072,test
56415,test
32267,test
727,test
1460,test
25871,test
30251,test
23063,test
31888,test
44330,test
69506,test
55056,test
64694,test
53715,test
64385,test
16193,test
51350,test
42533,test
60861,test
1008,test
27344,test
68564,test
24958,test
50665,test
19424,test
2462,test
6608,test
11856,test
62433,test
10533,test
37987,test
27996,test
12352,test
36778,test
49950,test
67005,test
33069,test
24719,test
41011,test
56872,test
9193,test
33847,test
53706,test
29451,test
23712,test
12937,test
59372,test
33650,test
20312,test
30921,test
36840,test
65058,test
54811,test
58046,test
12458,test
53303,test
6200,test
33676,test
53755,test
28555,test
44510,test
50313,test
32138,test
2465,test
68660,test
7392,test
15632,test
24762,test
38779,test
57841,test
2830,test
52074,test
63656,test
38169,test
41335,test
60528,test
28188,test
2277,test
5833,test
156,test
45496,test
10313,test
397,test
26062,test
11980,test
11633,test
68752,test
46166,test
942,test
23198,test
47036,test
40504,test
1342,test
11777,test
39570,test
54792,test
21737,test
37663,test
8829,test
34378,test
37248,test
33556,test
2658,test
67141,test
9417,test
10348,test
46175,test
26861,test
6574,test
28982,test
53071,test
20059,test
67589,test
84,test
66035,test
53004,test
55628,test
62553,test
7097,test
49010,test
61806,test
50411,test
1453,test
42340,test
17196,test
778,test
26188,test
19277,test
67613,test
67941,test
53557,test
14740,test
31599,test
56308,test
62768,test
66942,test
11198,test
28078,test
69473,test
23041,test
47168,test
29682,test
47953,test
47795,test
2083,test
50841,test
64680,test
29004,test
30978,test
41402,test
12665,test
47394,test
20005,test
66891,test
10825,test
10672,test
15794,test
27195,test
65340,test
48943,test
65228,test
44348,test
66813,test
34886,test
3765,test
46177,test
36447,test
14777,test
16797,test
26288,test
38881,test
53121,test
10932,test
38958,test
7811,test
42424,test
39063,test
63172,test
38960,test
56349,test
35561,test
50236,test
22664,test
36299,test
38658,test
26358,test
18193,test
8746,test
47480,test
11245,test
44686,test
50751,test
15739,test
62991,test
50987,test
36667,test
31066,test
39817,test
50372,test
68635,test
54711,test
24793,test
54878,test
17674,test
27030,test
65714,test
42095,test
26417,test
39593,test
65518,test
36946,test
67553,test
4819,test
23272,test
46191,test
45468,test
65489,test
1858,test
58539,test
34048,test
23056,test
32099,test
1570,test
32487,test
10235,test
11389,test
28780,test
5141,test
11661,test
19312,test
13947,test
47338,test
65019,test
38834,test
3653,test
19405,test
885,test
42792,test
10716,test
70227,test
44673,test
17136,test
10624,test
47603,test
41020,test
42037,test
42291,test
34049,test
28653,test
60819,test
1129,test
37489,test
52136,test
19144,test
1173,test
8662,test
14811,test
32543,test
15430,test
48864,test
32004,test
14550,test
52419,test
6644,test
66719,test
12948,test
20488,test
24065,test
69195,test
9509,test
66102,test
27020,test
47095,test
16200,test
18173,test
20227,test
35586,test
32311,test
9144,test
45240,test
61444,test
21871,test
65693,test
38700,test
5546,test
58370,test
3011,test
10846,test
8503,test
59651,test
65765,test
58059,test
10637,test
9982,test
44287,test
38045,test
49341,test
3837,test
43483,test
23589,test
11212,test
9398,test
47536,test
51311,test
30658,test
14732,test
8666,test
61593,test
16448,test
12098,test
52475,test
27583,test
64717,test
62355,test
49672,test
54567,test
12182,test
2345,test
49222,test
22890,test
28764,test
31088,test
61613,test
6642,test
38186,test
19705,test
69383,test
52384,test
42642,test
53374,test
54615,test
24847,test
35516,test
22357,test
70095,test
47107,test
39499,test
15091,test
50150,test
30132,test
7131,test
4101,test
7970,test
36576,test
10413,test
40218,test
69170,test
45037,test
14897,test
62383,test
32963,test
25594,test
20950,test
29449,test
50860,test
11490,test
29533,test
11553,test
55437,test
54247,test
50824,test
20825,test
1290,test
49040,test
34345,test
26945,test
3170,test
41723,test
12506,test
35443,test
30524,test
60046,test
52619,test
48881,test
63853,test
54594,test
68843,test
55169,test
43384,test
7013,test
53954,test
18905,test
309,test
36936,test
69918,test
45700,test
26104,test
36218,test
67709,test
17241,test
29699,test
27429,test
57205,test
26646,test
45963,test
22291,test
37864,test
28442,test
58481,test
35912,test
40536,test
42695,test
26462,test
34996,test
69028,test
39360,test
68064,test
49566,test
55023,test
22962,test
61634,test
15916,test
48731,test
6500,test
37373,test
25770,test
35400,test
4315,test
19381,test
33288,test
45433,test
32763,test
126,test
44061,test
55163,test
5408,test
2962,test
31076,test
43392,test
17619,test
1499,test
40672,test
9977,test
47530,test
193,test
44074,test
21071,test
5158,test
31061,test
64835,test
47632,test
57820,test
47166,test
22111,test
23274,test
30560,test
39667,test
63505,test
18246,test
29717,test
28580,test
10415,test
39891,test
21905,test
64886,test
67421,test
23681,test
21422,test
10029,test
38548,test
60101,test
12282,test
29708,test
8377,test
5218,test
41915,test
60448,test
36242,test
15443,test
42074,test
47561,test
55759,test
8250,test
55774,test
67231,test
3623,test
37199,test
1313,test
66341,test
41817,test
30520,test
30037,test
14775,test
16277,test
29602,test
48080,test
44571,test
65843,test
26019,test
43929,test
5779,test
28567,test
4287,test
22246,test
21892,test
57973,test
34436,test
8267,test
35717,test
64343,test
44319,test
11044,test
16331,test
25354,test
26452,test
41891,test
9363,test
37612,test
11076,test
55313,test
61673,test
9891,test
59506,test
66755,test
34955,test
47113,test
2393,test
37981,test
20200,test
6205,test
5056,test
70269,test
39775,test
1618,test
4426,test
52613,test
4888,test
51683,test
