index,set
56187,train
33698,train
388,train
54646,train
35638,train
24164,train
12734,train
23828,train
21131,train
26335,train
6478,train
41979,train
46150,train
50531,train
58421,train
61576,train
27423,train
36112,train
29439,train
60905,train
28219,train
63227,train
14855,train
22777,train
69549,train
37138,train
18908,train
16043,train
10437,train
6146,train
33814,train
19378,train
16395,train
30604,train
795,train
46390,train
10961,train
26273,train
24845,train
44193,train
3589,train
39133,train
54009,train
49312,train
43605,train
9683,train
45906,train
56071,train
37720,train
43543,train
38784,train
25182,train
27445,train
11797,train
56573,train
57215,train
67500,train
17028,train
4159,train
54121,train
36968,train
16716,train
12913,train
48936,train
26242,train
13115,train
15085,train
64611,train
65819,train
65096,train
36230,train
11221,train
20829,train
30157,train
61184,train
28391,train
41296,train
15173,train
31231,train
65664,train
50796,train
18947,train
41393,train
63358,train
18676,train
15043,train
64210,train
33757,train
68763,train
64415,train
5156,train
54107,train
59322,train
44961,train
56570,train
59305,train
46022,train
26787,train
12285,train
59583,train
51804,train
23866,train
58615,train
47053,train
69650,train
28118,train
788,train
28781,train
10974,train
20948,train
43988,train
41247,train
11970,train
52270,train
49726,train
21033,train
22935,train
70481,train
46141,train
45842,train
54370,train
42828,train
35189,train
16914,train
25656,train
60397,train
18073,train
68464,train
12634,train
36726,train
35727,train
53923,train
31175,train
32101,train
41181,train
45090,train
50494,train
1919,train
52957,train
39784,train
33949,train
28487,train
17036,train
6882,train
69894,train
22552,train
16923,train
15918,train
10698,train
18869,train
21056,train
57522,train
62684,train
21421,train
49447,train
23379,train
13212,train
64788,train
28305,train
38433,train
5516,train
68575,train
7019,train
5274,train
4274,train
60200,train
15172,train
38016,train
3293,train
47406,train
10327,train
68588,train
54284,train
50599,train
44344,train
65676,train
13592,train
67759,train
47993,train
17049,train
50764,train
48682,train
49411,train
48504,train
22655,train
15869,train
46436,train
38975,train
18358,train
26310,train
44598,train
37063,train
38260,train
53669,train
45024,train
39145,train
67679,train
19956,train
54071,train
51598,train
3059,train
4071,train
7630,train
15233,train
40816,train
9014,train
7686,train
22969,train
18174,train
39839,train
65198,train
55319,train
66603,train
30918,train
8773,train
21875,train
57401,train
56631,train
38294,train
16890,train
41819,train
25348,train
37402,train
69502,train
17831,train
7187,train
39689,train
43457,train
56476,train
64678,train
45323,train
32993,train
27786,train
44804,train
68133,train
32014,train
20329,train
21598,train
41325,train
66400,train
54016,train
26780,train
45770,train
42334,train
14532,train
36533,train
32131,train
53106,train
34144,train
69000,train
46308,train
59018,train
58658,train
41340,train
35570,train
1707,train
1925,train
33077,train
42537,train
7151,train
43982,train
31684,train
56277,train
36022,train
2297,train
43526,train
44714,train
45795,train
55036,train
40223,train
22508,train
53666,train
57227,train
44655,train
15827,train
13509,train
66937,train
9182,train
27778,train
5684,train
25532,train
55145,train
35778,train
22972,train
37744,train
20251,train
30523,train
67046,train
69687,train
63944,train
31365,train
1916,train
49278,train
14339,train
32505,train
15614,train
20535,train
27829,train
33067,train
4574,train
62487,train
18068,train
40897,train
36688,train
18860,train
10222,train
34863,train
40485,train
7756,train
52107,train
52818,train
2690,train
44539,train
18967,train
45201,train
31317,train
43747,train
48865,train
8229,train
20353,train
26655,train
38461,train
63807,train
50963,train
70301,train
2592,train
43879,train
58957,train
63730,train
37075,train
59627,train
23512,train
60239,train
56665,train
32643,train
11088,train
20769,train
43134,train
24909,train
4871,train
25141,train
4371,train
51519,train
43928,train
2446,train
27137,train
17839,train
48018,train
68261,train
51399,train
6201,train
59468,train
46680,train
51310,train
23522,train
45241,train
9426,train
35453,train
59282,train
18446,train
62020,train
18764,train
50582,train
50211,train
20739,train
47291,train
6292,train
44186,train
39756,train
22471,train
61513,train
41498,train
3692,train
10249,train
18925,train
21581,train
59066,train
11779,train
35933,train
29435,train
26734,train
18361,train
40184,train
68330,train
21694,train
68008,train
66422,train
47202,train
66409,train
8346,train
42700,train
53721,train
12986,train
67973,train
46915,train
39991,train
841,train
1666,train
44235,train
66010,train
18420,train
15432,train
34944,train
18323,train
24733,train
40365,train
3954,train
57443,train
47660,train
64305,train
28977,train
38080,train
58232,train
67610,train
19242,train
65319,train
41711,train
22698,train
18437,train
17439,train
18261,train
14334,train
49408,train
66873,train
39796,train
52410,train
70325,train
63846,train
67329,train
24694,train
54921,train
19502,train
23007,train
54673,train
32727,train
4359,train
38574,train
12706,train
18807,train
9750,train
7359,train
44237,train
64508,train
199,train
23470,train
30451,train
37805,train
28671,train
3721,train
29690,train
31259,train
14362,train
33919,train
22308,train
2607,train
36875,train
48552,train
3301,train
46764,train
62449,train
44897,train
4334,train
63869,train
49088,train
69768,train
42635,train
67901,train
6411,train
9649,train
60149,train
12999,train
41284,train
40094,train
3158,train
21706,train
44810,train
12090,train
16036,train
2708,train
63922,train
48344,train
21479,train
52076,train
22873,train
32600,train
36774,train
51150,train
43163,train
23876,train
10153,train
15588,train
28049,train
60923,train
66862,train
61226,train
52103,train
55527,train
60591,train
3907,train
37927,train
37166,train
12196,train
66236,train
3383,train
64557,train
37432,train
33071,train
50705,train
19989,train
7398,train
30718,train
66310,train
31142,train
43745,train
55585,train
51095,train
51145,train
5801,train
14785,train
1259,train
19204,train
45572,train
25150,train
16276,train
37457,train
12754,train
53649,train
61410,train
24533,train
25332,train
19953,train
59008,train
11233,train
44212,train
14831,train
43,train
27013,train
64826,train
30789,train
20526,train
29993,train
22747,train
9715,train
55188,train
33435,train
31370,train
2311,train
10761,train
17985,train
44773,train
3851,train
48626,train
70229,train
61498,train
47614,train
9129,train
70122,train
28985,train
52655,train
1141,train
2453,train
52720,train
21219,train
27922,train
56694,train
2308,train
16256,train
13148,train
46165,train
44595,train
16178,train
8032,train
20685,train
54061,train
29103,train
10409,train
24732,train
66193,train
47334,train
48103,train
24494,train
58256,train
41792,train
50948,train
33173,train
53398,train
20837,train
45851,train
2283,train
13318,train
27746,train
4128,train
22733,train
36028,train
12177,train
26254,train
67929,train
39188,train
17630,train
28255,train
35439,train
49723,train
63791,train
47064,train
50200,train
23817,train
31558,train
9871,train
61588,train
1006,train
9503,train
11302,train
66057,train
24352,train
33320,train
5549,train
2050,train
7780,train
61826,train
6659,train
24738,train
11070,train
33261,train
6139,train
29616,train
58375,train
22509,train
45523,train
30432,train
12524,train
10703,train
7574,train
62354,train
27494,train
27701,train
53336,train
17703,train
48039,train
17592,train
48389,train
55206,train
2189,train
1469,train
61863,train
49210,train
5200,train
15390,train
19335,train
65446,train
54709,train
35378,train
64803,train
38559,train
25206,train
9043,train
67958,train
5238,train
35361,train
8799,train
68188,train
10948,train
51352,train
37575,train
8003,train
45501,train
41083,train
12358,train
9408,train
70470,train
13785,train
15360,train
6005,train
24204,train
7994,train
3135,train
69810,train
18105,train
31056,train
5741,train
33831,train
34616,train
60459,train
58468,train
13838,train
35058,train
69628,train
17344,train
67551,train
57095,train
5263,train
43354,train
62174,train
64655,train
50060,train
34813,train
43415,train
48934,train
52253,train
56443,train
16732,train
50453,train
27196,train
2662,train
32259,train
54304,train
19780,train
14840,train
61202,train
1536,train
40158,train
6807,train
28373,train
10281,train
46462,train
36106,train
15450,train
21068,train
17341,train
13942,train
24852,train
23509,train
23326,train
61632,train
15265,train
33014,train
8624,train
1773,train
69493,train
44749,train
30565,train
36471,train
34035,train
5854,train
62494,train
42798,train
15978,train
16946,train
10424,train
70510,train
31069,train
11316,train
5919,train
15301,train
32453,train
31586,train
52678,train
11082,train
13231,train
42726,train
4330,train
38438,train
43378,train
24083,train
19786,train
49407,train
13377,train
10341,train
34869,train
21731,train
62152,train
24817,train
25781,train
5824,train
45743,train
27745,train
23535,train
25173,train
13193,train
53745,train
19844,train
2761,train
7445,train
12639,train
26115,train
66982,train
61858,train
37443,train
11788,train
14515,train
24788,train
31500,train
13934,train
6971,train
28835,train
5405,train
10475,train
17400,train
31050,train
33929,train
13813,train
54586,train
39468,train
69975,train
50718,train
18714,train
39224,train
50979,train
46978,train
12462,train
31799,train
42844,train
65604,train
7583,train
20117,train
62358,train
1478,train
54632,train
43090,train
59042,train
63194,train
40121,train
42422,train
28429,train
28139,train
49380,train
7913,train
14892,train
20206,train
46893,train
65886,train
27553,train
33951,train
16105,train
53244,train
47267,train
11829,train
8970,train
25856,train
2693,train
3866,train
38977,train
31588,train
47137,train
12895,train
60634,train
63771,train
5847,train
49445,train
25371,train
67673,train
16382,train
57807,train
16126,train
25478,train
58566,train
56656,train
47967,train
38065,train
64143,train
17472,train
26536,train
17119,train
8610,train
47629,train
37741,train
28390,train
4903,train
68300,train
55846,train
14022,train
39945,train
69550,train
31424,train
8181,train
49308,train
48695,train
54223,train
18539,train
30868,train
35513,train
54241,train
26117,train
65139,train
68920,train
64044,train
69043,train
23611,train
63669,train
24910,train
66681,train
3705,train
64724,train
27292,train
70119,train
31064,train
64553,train
64632,train
62002,train
69055,train
59533,train
38296,train
53630,train
62108,train
61402,train
33485,train
26996,train
8459,train
11671,train
29807,train
14472,train
50574,train
29383,train
22198,train
62505,train
64229,train
66060,train
57778,train
1052,train
14233,train
57273,train
46005,train
5052,train
24749,train
16667,train
58444,train
59385,train
51620,train
6839,train
2158,train
40677,train
4034,train
99,train
6577,train
21349,train
2324,train
16867,train
26633,train
41487,train
54462,train
51235,train
8305,train
50483,train
10083,train
31823,train
39317,train
29495,train
21217,train
53119,train
22086,train
51556,train
1159,train
7403,train
1090,train
13209,train
45831,train
16055,train
29611,train
52671,train
64777,train
6525,train
69648,train
43002,train
3160,train
61764,train
28065,train
63937,train
13613,train
7832,train
49971,train
67877,train
61897,train
21266,train
59261,train
22077,train
42650,train
56829,train
21252,train
35609,train
61816,train
34254,train
61220,train
44031,train
40283,train
50601,train
52186,train
38549,train
17213,train
9390,train
212,train
10695,train
23451,train
58969,train
1941,train
5643,train
34111,train
28832,train
55660,train
10267,train
8533,train
44862,train
9270,train
9366,train
31447,train
7004,train
69769,train
43087,train
17410,train
14815,train
43711,train
592,train
66927,train
25694,train
23541,train
5916,train
7227,train
6310,train
3053,train
17887,train
64144,train
40499,train
4945,train
14320,train
65735,train
26617,train
447,train
69310,train
5889,train
25590,train
68810,train
51085,train
39098,train
27490,train
59082,train
16760,train
29604,train
64118,train
9798,train
66785,train
27560,train
4493,train
20513,train
54356,train
41755,train
18671,train
64544,train
24622,train
6799,train
26667,train
19159,train
7723,train
57296,train
8319,train
48331,train
26810,train
69596,train
50822,train
47974,train
68251,train
60041,train
61517,train
67896,train
49644,train
10154,train
38509,train
28855,train
2900,train
44271,train
67033,train
10248,train
54467,train
13307,train
53599,train
53081,train
36399,train
37742,train
65903,train
52518,train
65771,train
24206,train
12777,train
28472,train
49111,train
45210,train
33195,train
61356,train
67720,train
2733,train
54868,train
39211,train
2619,train
10968,train
8486,train
41148,train
58942,train
64914,train
57581,train
3991,train
37041,train
40192,train
17070,train
41935,train
57934,train
25219,train
43116,train
70330,train
17549,train
9428,train
41910,train
38000,train
5148,train
33142,train
362,train
3797,train
46221,train
40511,train
66086,train
1155,train
66323,train
37796,train
67650,train
69190,train
10956,train
33473,train
29248,train
43204,train
37265,train
67480,train
65582,train
134,train
32807,train
29317,train
5022,train
48110,train
26748,train
29537,train
62905,train
55496,train
47323,train
32168,train
26921,train
55756,train
11071,train
31113,train
66229,train
9617,train
5360,train
1522,train
25660,train
6966,train
60467,train
8344,train
24084,train
31955,train
59822,train
65437,train
69824,train
43655,train
35022,train
36243,train
45405,train
53949,train
20493,train
35441,train
4850,train
65461,train
22779,train
62930,train
18838,train
20668,train
1142,train
16957,train
35137,train
23355,train
64221,train
51337,train
69618,train
58218,train
54052,train
25339,train
37839,train
53407,train
17480,train
7055,train
6061,train
7646,train
39136,train
47623,train
36333,train
27694,train
64098,train
46114,train
68508,train
26361,train
12384,train
9930,train
49660,train
32128,train
37463,train
38338,train
24024,train
34381,train
63375,train
9582,train
34291,train
57488,train
18183,train
16492,train
13873,train
8131,train
68669,train
40287,train
43373,train
20428,train
40579,train
26832,train
26577,train
4265,train
65481,train
38635,train
40163,train
25688,train
17102,train
57249,train
12466,train
10979,train
35477,train
13533,train
65350,train
67860,train
29612,train
13011,train
25353,train
51754,train
62145,train
3599,train
10209,train
8597,train
32859,train
3233,train
23179,train
42715,train
8465,train
45896,train
5952,train
62876,train
62716,train
38644,train
30302,train
63350,train
54310,train
66502,train
54145,train
68609,train
58230,train
61129,train
51787,train
33932,train
35667,train
22268,train
51295,train
59444,train
46146,train
29405,train
53305,train
43845,train
31499,train
32478,train
30347,train
58025,train
55092,train
67511,train
61284,train
23742,train
9,train
39660,train
42238,train
23560,train
67540,train
29157,train
290,train
11475,train
46307,train
58096,train
61060,train
8504,train
44878,train
56094,train
12066,train
22410,train
121,train
41929,train
5965,train
61561,train
54579,train
67704,train
7653,train
58268,train
78,train
50458,train
12956,train
9989,train
12746,train
41754,train
56498,train
9101,train
151,train
28039,train
20752,train
1471,train
4828,train
1306,train
21388,train
56265,train
28089,train
54568,train
46805,train
34385,train
10243,train
34615,train
37568,train
20134,train
26855,train
25018,train
21471,train
38270,train
367,train
51680,train
24713,train
1229,train
2864,train
64547,train
19245,train
49289,train
4571,train
8482,train
4441,train
37185,train
55701,train
25841,train
11745,train
54638,train
41486,train
21113,train
14325,train
51455,train
68954,train
28655,train
47556,train
593,train
43223,train
22261,train
60535,train
17114,train
29591,train
4179,train
59790,train
36743,train
13744,train
32118,train
66204,train
38192,train
43026,train
44822,train
44221,train
57516,train
65814,train
16985,train
57833,train
30853,train
17957,train
56545,train
50383,train
32889,train
25233,train
4625,train
5349,train
26597,train
7743,train
42780,train
29364,train
67010,train
29663,train
55907,train
47337,train
60895,train
44876,train
8791,train
18020,train
12538,train
26034,train
54618,train
11300,train
67431,train
15571,train
4740,train
64113,train
50081,train
25265,train
48213,train
42501,train
52877,train
57839,train
24924,train
14285,train
21763,train
14913,train
31730,train
30379,train
43293,train
855,train
56344,train
45439,train
52933,train
15685,train
54397,train
69808,train
2890,train
50305,train
66411,train
42479,train
8156,train
31047,train
33681,train
33928,train
42359,train
55304,train
46440,train
10966,train
36681,train
31173,train
33877,train
64929,train
53430,train
12044,train
9251,train
25966,train
30136,train
51512,train
18594,train
5170,train
24180,train
10024,train
62942,train
63467,train
16419,train
69659,train
27940,train
54745,train
55686,train
7903,train
28268,train
52899,train
59373,train
45587,train
31382,train
67168,train
55632,train
66238,train
63953,train
5532,train
20058,train
49194,train
6420,train
39976,train
23351,train
42305,train
50381,train
305,train
14596,train
12831,train
49145,train
14240,train
39349,train
8437,train
7840,train
9419,train
11742,train
45189,train
51074,train
17517,train
59300,train
59133,train
37341,train
12642,train
69272,train
45267,train
40207,train
13425,train
26076,train
32535,train
22979,train
53739,train
21588,train
57345,train
16024,train
45880,train
56363,train
23521,train
7431,train
12342,train
33544,train
42356,train
25007,train
14293,train
70631,train
5089,train
54288,train
4313,train
47643,train
42497,train
19634,train
67327,train
2817,train
23633,train
27537,train
10440,train
46838,train
24580,train
43926,train
19225,train
55049,train
51865,train
55425,train
65893,train
17721,train
10925,train
17191,train
32439,train
4399,train
31644,train
675,train
2183,train
60231,train
22922,train
62780,train
68935,train
29371,train
21049,train
50195,train
26494,train
36276,train
68284,train
23596,train
53719,train
59374,train
7907,train
61383,train
53789,train
12344,train
23238,train
23265,train
48033,train
15448,train
64246,train
66240,train
34220,train
21048,train
2458,train
7925,train
48751,train
29811,train
13542,train
23075,train
43278,train
16396,train
6736,train
64244,train
6597,train
31215,train
19194,train
3146,train
56236,train
42448,train
67622,train
54393,train
60110,train
2740,train
34856,train
49949,train
64641,train
12184,train
35370,train
27767,train
66691,train
7742,train
64737,train
14113,train
46457,train
51540,train
9810,train
30791,train
43714,train
67253,train
33716,train
56772,train
60637,train
22022,train
3090,train
49235,train
51474,train
10509,train
47277,train
8766,train
25672,train
67564,train
66754,train
703,train
43081,train
28461,train
30434,train
31713,train
9575,train
44124,train
33169,train
5867,train
60427,train
46562,train
30792,train
56661,train
32840,train
67923,train
51595,train
60497,train
32434,train
53913,train
44165,train
32841,train
2184,train
63062,train
60060,train
13215,train
62139,train
42414,train
63983,train
4519,train
66032,train
55415,train
36696,train
50207,train
23418,train
63001,train
38104,train
70450,train
22836,train
62016,train
65921,train
40103,train
25427,train
26252,train
44690,train
37107,train
7576,train
11097,train
53200,train
395,train
27950,train
40000,train
48407,train
944,train
10093,train
11821,train
50508,train
58591,train
32113,train
40439,train
31379,train
5873,train
20594,train
28133,train
63705,train
49972,train
30995,train
35724,train
40942,train
51958,train
38437,train
48866,train
45341,train
27430,train
57446,train
20036,train
53921,train
23696,train
18814,train
23496,train
35161,train
28484,train
49013,train
60957,train
23221,train
57500,train
47199,train
6261,train
13782,train
9303,train
543,train
68499,train
49422,train
14274,train
49304,train
65279,train
38475,train
6837,train
41665,train
5571,train
2390,train
47302,train
47841,train
51468,train
21051,train
45801,train
32843,train
29178,train
45927,train
9280,train
12821,train
55436,train
62903,train
32786,train
3524,train
38251,train
14085,train
20012,train
27281,train
3731,train
14211,train
15779,train
63240,train
45097,train
63843,train
11522,train
24121,train
51684,train
13214,train
35445,train
58295,train
52721,train
3004,train
26274,train
53941,train
52170,train
10402,train
33294,train
53292,train
60892,train
43539,train
65062,train
49805,train
48257,train
54368,train
61557,train
59762,train
67048,train
42474,train
10554,train
51864,train
2831,train
56713,train
17311,train
52599,train
46241,train
54041,train
12915,train
69677,train
430,train
36583,train
67178,train
24079,train
48345,train
70108,train
42237,train
33089,train
54348,train
48858,train
46262,train
7795,train
68344,train
22723,train
31946,train
63393,train
48260,train
42354,train
30954,train
63320,train
9299,train
8093,train
23975,train
33211,train
38471,train
32273,train
51759,train
42927,train
33916,train
16464,train
14590,train
15526,train
35253,train
31353,train
9801,train
38721,train
32326,train
11246,train
41542,train
8596,train
59541,train
52426,train
7275,train
20085,train
6339,train
29274,train
21975,train
21058,train
57146,train
35211,train
22013,train
42653,train
42698,train
66322,train
16004,train
49905,train
24382,train
23368,train
17776,train
9235,train
24199,train
48357,train
26001,train
65341,train
55331,train
51815,train
15485,train
17445,train
12410,train
69915,train
7237,train
68750,train
25932,train
28009,train
5435,train
35874,train
46213,train
53379,train
39872,train
62854,train
3248,train
68125,train
22821,train
68940,train
22400,train
9321,train
48418,train
10338,train
13840,train
70129,train
40963,train
3269,train
42444,train
47528,train
14042,train
38037,train
28841,train
19407,train
5473,train
48077,train
57363,train
51136,train
30321,train
37812,train
65995,train
32671,train
30306,train
31355,train
40961,train
49690,train
64793,train
11615,train
68444,train
3576,train
21463,train
19395,train
19290,train
7338,train
17832,train
8095,train
36388,train
65691,train
8775,train
45624,train
25733,train
52485,train
44273,train
68121,train
43495,train
44174,train
30230,train
63402,train
39179,train
674,train
7155,train
49809,train
41127,train
54025,train
49513,train
56790,train
43637,train
35113,train
26856,train
26603,train
16185,train
5761,train
3350,train
32496,train
58168,train
60853,train
34158,train
68361,train
63821,train
40517,train
11659,train
36920,train
58336,train
8888,train
3813,train
49583,train
57075,train
67727,train
49379,train
29851,train
46039,train
69938,train
19067,train
43158,train
22619,train
32627,train
63728,train
58663,train
47306,train
24658,train
55972,train
11973,train
53428,train
54813,train
28168,train
63839,train
33016,train
34222,train
14391,train
1242,train
32304,train
167,train
32083,train
3646,train
28638,train
20467,train
46714,train
923,train
61546,train
59757,train
32802,train
32347,train
37095,train
40277,train
59347,train
23483,train
35174,train
33793,train
18333,train
7095,train
11949,train
32463,train
49356,train
26611,train
38354,train
1046,train
50522,train
19564,train
707,train
4262,train
70123,train
24902,train
6558,train
46003,train
25912,train
11757,train
53260,train
64216,train
16903,train
40108,train
41346,train
5594,train
45312,train
14511,train
4512,train
18682,train
46629,train
49050,train
4017,train
13422,train
18490,train
44845,train
24,train
58736,train
66866,train
54522,train
6372,train
13235,train
15344,train
33217,train
42594,train
6886,train
61439,train
21518,train
8728,train
8158,train
30914,train
24544,train
766,train
6422,train
15288,train
38833,train
34876,train
47784,train
50514,train
17526,train
7473,train
46306,train
4540,train
29766,train
62543,train
9131,train
42739,train
42143,train
25322,train
56474,train
69623,train
52936,train
36579,train
47098,train
59331,train
42113,train
46517,train
61456,train
3203,train
23715,train
41032,train
2497,train
32845,train
18576,train
18036,train
14414,train
16514,train
1495,train
16488,train
23760,train
67670,train
20215,train
52825,train
49772,train
55833,train
14566,train
48024,train
6816,train
28094,train
35544,train
20244,train
26077,train
28435,train
7244,train
13799,train
32364,train
70361,train
46057,train
18427,train
43110,train
29413,train
52817,train
11567,train
12987,train
29888,train
61586,train
70290,train
17894,train
9406,train
1947,train
32102,train
8431,train
33820,train
65181,train
13091,train
29550,train
14986,train
12917,train
21630,train
66770,train
49495,train
20381,train
15533,train
47867,train
67571,train
32497,train
12268,train
52176,train
21735,train
64069,train
26505,train
32302,train
28644,train
17709,train
42376,train
34157,train
10715,train
35693,train
19454,train
58181,train
68654,train
34237,train
60541,train
11663,train
63680,train
35015,train
42956,train
47310,train
44842,train
59557,train
47635,train
24378,train
61197,train
51484,train
9493,train
44552,train
32199,train
63374,train
54983,train
40475,train
66546,train
2131,train
31710,train
5540,train
1033,train
30240,train
70633,train
69436,train
2499,train
27858,train
15381,train
27511,train
47346,train
4661,train
14482,train
33674,train
53917,train
34716,train
36223,train
25304,train
43006,train
12272,train
12202,train
25751,train
41728,train
15565,train
61585,train
34580,train
43245,train
8595,train
49589,train
14300,train
68565,train
53638,train
36119,train
63311,train
15484,train
56275,train
34576,train
1692,train
54035,train
25829,train
6848,train
14540,train
31973,train
41431,train
56388,train
40615,train
7441,train
25459,train
49470,train
7967,train
61830,train
20039,train
60974,train
27297,train
23308,train
15398,train
49883,train
40325,train
37455,train
29434,train
61878,train
62911,train
16934,train
40227,train
3858,train
25949,train
36671,train
326,train
65791,train
5527,train
29742,train
23191,train
14144,train
43051,train
27364,train
5072,train
14392,train
70480,train
625,train
42092,train
16108,train
61452,train
975,train
65645,train
14749,train
11547,train
34874,train
54712,train
44639,train
68219,train
54729,train
61445,train
43721,train
20765,train
69636,train
28524,train
30729,train
14029,train
59370,train
21828,train
14539,train
11975,train
60564,train
44601,train
924,train
66734,train
33295,train
68591,train
23935,train
40769,train
34606,train
44051,train
28960,train
49011,train
10050,train
52116,train
34510,train
8922,train
34789,train
5222,train
4648,train
65833,train
60277,train
52623,train
24423,train
58936,train
44940,train
194,train
44093,train
748,train
57033,train
52887,train
38075,train
48084,train
33824,train
49043,train
15259,train
21675,train
50404,train
23257,train
34321,train
5523,train
9884,train
32518,train
38073,train
13897,train
33810,train
8883,train
38701,train
49987,train
60876,train
64625,train
68167,train
31861,train
7713,train
62009,train
51851,train
39291,train
15000,train
26819,train
19544,train
53565,train
27384,train
34628,train
39335,train
3422,train
3157,train
54936,train
52650,train
8593,train
61081,train
70560,train
6957,train
17858,train
22728,train
24294,train
16298,train
54006,train
12230,train
66558,train
42499,train
43487,train
57512,train
10872,train
30011,train
63262,train
15493,train
50733,train
58313,train
31879,train
22518,train
20895,train
56313,train
55727,train
68525,train
55035,train
37239,train
25854,train
55404,train
14567,train
26465,train
32708,train
70599,train
68118,train
52148,train
69665,train
28125,train
57096,train
40657,train
15594,train
66178,train
35145,train
1095,train
68014,train
56976,train
23885,train
17066,train
34180,train
59169,train
29492,train
59892,train
21662,train
48528,train
11001,train
9716,train
68986,train
69030,train
66726,train
66527,train
66973,train
59235,train
48709,train
35515,train
7696,train
40285,train
49664,train
47086,train
33955,train
9068,train
37649,train
10542,train
25061,train
43169,train
66430,train
70132,train
57128,train
3401,train
40803,train
19600,train
31618,train
64372,train
29137,train
3750,train
11805,train
68529,train
31267,train
9887,train
59307,train
51084,train
53116,train
59553,train
48082,train
12940,train
170,train
47984,train
10712,train
46185,train
27285,train
15696,train
16979,train
63101,train
10618,train
24045,train
3687,train
6410,train
55788,train
37789,train
4684,train
9346,train
24897,train
50149,train
18401,train
29136,train
59638,train
23669,train
36602,train
37318,train
15878,train
24165,train
64725,train
38093,train
61812,train
9461,train
56416,train
55074,train
53546,train
30940,train
26140,train
67964,train
36436,train
51720,train
66690,train
50624,train
6215,train
22563,train
25896,train
17893,train
7589,train
64423,train
4268,train
57989,train
3978,train
39080,train
34285,train
33374,train
19044,train
33096,train
34278,train
15507,train
264,train
20568,train
43012,train
37347,train
29360,train
35797,train
55576,train
67223,train
15431,train
68418,train
52924,train
70647,train
68662,train
16482,train
31860,train
34683,train
37156,train
31685,train
58111,train
1714,train
18503,train
35673,train
50186,train
69238,train
9835,train
44085,train
56379,train
14273,train
22151,train
39421,train
14082,train
12040,train
11109,train
30889,train
31698,train
30008,train
31850,train
59698,train
60744,train
35878,train
49550,train
54969,train
38862,train
45686,train
32276,train
57473,train
59338,train
17313,train
40336,train
24529,train
62953,train
39090,train
66742,train
41199,train
7625,train
70140,train
68897,train
37531,train
20144,train
68857,train
65866,train
58118,train
11932,train
68878,train
39203,train
3573,train
45776,train
57089,train
17296,train
21384,train
20945,train
35899,train
35815,train
50627,train
20644,train
21362,train
29647,train
56616,train
62278,train
37773,train
50025,train
3595,train
53446,train
70497,train
37066,train
38109,train
51676,train
14999,train
10422,train
66828,train
37701,train
44766,train
56789,train
32814,train
32927,train
18342,train
25441,train
8028,train
1491,train
14828,train
35075,train
28387,train
45136,train
58277,train
61749,train
34877,train
33130,train
52154,train
8467,train
49714,train
60813,train
23990,train
9703,train
7682,train
54550,train
67509,train
29375,train
37703,train
32959,train
48034,train
30253,train
46883,train
3493,train
41292,train
17485,train
24602,train
44218,train
67452,train
5462,train
18153,train
14771,train
64774,train
18204,train
47595,train
51911,train
40051,train
15455,train
54034,train
30584,train
8415,train
38166,train
61276,train
46091,train
43123,train
48736,train
40631,train
27836,train
38657,train
17239,train
14876,train
62576,train
60727,train
33720,train
9826,train
60857,train
5634,train
48249,train
25231,train
62602,train
55890,train
52813,train
14967,train
34269,train
3719,train
836,train
24433,train
59713,train
14281,train
61744,train
14176,train
239,train
66424,train
366,train
58092,train
59089,train
27960,train
799,train
29202,train
51044,train
21803,train
25787,train
45318,train
24775,train
31956,train
1619,train
52479,train
61614,train
29328,train
44914,train
62739,train
30108,train
65577,train
61024,train
48040,train
22042,train
50251,train
37818,train
57757,train
14253,train
4833,train
68847,train
41685,train
13467,train
39908,train
65316,train
43731,train
58402,train
49762,train
33876,train
26827,train
68264,train
2500,train
66748,train
65418,train
70100,train
31573,train
69902,train
54571,train
6927,train
64872,train
12898,train
37733,train
64922,train
20842,train
63372,train
28155,train
11042,train
20880,train
64289,train
59683,train
20572,train
21921,train
27876,train
3495,train
32179,train
13321,train
37112,train
12058,train
21440,train
53740,train
61030,train
27500,train
37405,train
17755,train
11722,train
39951,train
15668,train
12730,train
43964,train
14561,train
39713,train
59907,train
43667,train
35140,train
47094,train
33933,train
14845,train
47,train
43633,train
12955,train
10574,train
36872,train
31332,train
30559,train
64095,train
29232,train
33517,train
51852,train
55879,train
43748,train
61837,train
49671,train
57936,train
64647,train
24869,train
38522,train
12269,train
2555,train
9780,train
31315,train
33152,train
48368,train
34618,train
58008,train
13964,train
57420,train
23540,train
44200,train
4647,train
1927,train
21742,train
69005,train
41995,train
3070,train
1021,train
36059,train
24403,train
2819,train
11540,train
15617,train
50678,train
17810,train
15603,train
16970,train
32706,train
61251,train
33969,train
59182,train
53489,train
29697,train
19122,train
59511,train
17331,train
49100,train
7622,train
22168,train
24863,train
56921,train
34882,train
66584,train
53440,train
59125,train
67217,train
65242,train
64267,train
70336,train
35996,train
41322,train
19013,train
47352,train
35934,train
44707,train
17052,train
59740,train
67024,train
17297,train
59561,train
26775,train
19027,train
42252,train
58937,train
70281,train
45209,train
49022,train
50440,train
38763,train
32750,train
40969,train
35605,train
60019,train
5699,train
29771,train
13574,train
19703,train
59775,train
46415,train
24564,train
56098,train
39621,train
5548,train
67090,train
32826,train
41660,train
25461,train
18578,train
70146,train
55718,train
46548,train
34637,train
65755,train
46142,train
41240,train
70391,train
47132,train
65038,train
21263,train
23011,train
49498,train
19426,train
22131,train
27603,train
64055,train
6505,train
69748,train
51314,train
32714,train
1230,train
60116,train
56015,train
46647,train
39289,train
28948,train
4372,train
56494,train
7761,train
59126,train
23276,train
18739,train
19719,train
20798,train
4211,train
14283,train
21208,train
44902,train
40747,train
19618,train
8483,train
42919,train
24238,train
365,train
62086,train
69252,train
63662,train
43221,train
61935,train
16221,train
26844,train
37594,train
31128,train
29515,train
21930,train
12781,train
42458,train
65723,train
58399,train
11007,train
35669,train
42173,train
44245,train
65674,train
54087,train
65874,train
58135,train
12046,train
18074,train
18407,train
57030,train
16650,train
43699,train
67663,train
62711,train
30362,train
62214,train
63250,train
32690,train
13577,train
35187,train
55629,train
22093,train
50464,train
36730,train
38238,train
52062,train
18030,train
43775,train
25192,train
46820,train
39608,train
21193,train
61892,train
56069,train
14610,train
49502,train
40056,train
28613,train
1716,train
24124,train
60015,train
40609,train
63702,train
11769,train
53636,train
8261,train
21480,train
18648,train
11687,train
23006,train
66202,train
42878,train
47159,train
49425,train
30715,train
12773,train
51921,train
64024,train
27783,train
2399,train
60272,train
47375,train
57088,train
51376,train
13003,train
19252,train
43953,train
55083,train
24642,train
70609,train
16151,train
44033,train
17290,train
30120,train
62748,train
32024,train
63162,train
18374,train
31750,train
16677,train
30357,train
62752,train
17919,train
15029,train
69632,train
9903,train
24966,train
37245,train
35907,train
5948,train
16097,train
22334,train
59359,train
37002,train
40117,train
64931,train
26397,train
31630,train
11948,train
28836,train
30733,train
64649,train
3190,train
30790,train
39859,train
65410,train
61603,train
1537,train
54023,train
59035,train
63786,train
42763,train
61023,train
3951,train
53765,train
28692,train
14802,train
65641,train
63935,train
42717,train
32804,train
33103,train
63977,train
19643,train
27714,train
51969,train
14432,train
931,train
34143,train
1816,train
43614,train
53382,train
36991,train
66390,train
33031,train
62633,train
14419,train
28911,train
6889,train
10021,train
22338,train
65516,train
3529,train
40576,train
66962,train
44310,train
63901,train
38918,train
13311,train
45049,train
47358,train
12516,train
64308,train
10738,train
42794,train
22916,train
63866,train
33449,train
49752,train
50755,train
55910,train
13716,train
907,train
21872,train
10866,train
36984,train
7395,train
32182,train
811,train
9296,train
60932,train
7419,train
49618,train
906,train
19933,train
31026,train
23567,train
50284,train
33707,train
16759,train
45273,train
47128,train
18775,train
8619,train
14165,train
14544,train
6796,train
42909,train
32110,train
65894,train
20107,train
48370,train
56294,train
14818,train
8322,train
31670,train
30201,train
23033,train
49346,train
19758,train
30971,train
51137,train
26911,train
7280,train
53075,train
16653,train
5648,train
44536,train
32406,train
9221,train
66415,train
70496,train
2017,train
14252,train
52628,train
45714,train
41091,train
20403,train
70492,train
9037,train
48372,train
46216,train
52463,train
32645,train
20944,train
41108,train
47059,train
53192,train
303,train
11621,train
19611,train
6720,train
54211,train
27011,train
16139,train
56811,train
10758,train
14083,train
35061,train
21147,train
23978,train
64196,train
61466,train
66425,train
55794,train
17712,train
51493,train
37101,train
9824,train
11065,train
31109,train
43317,train
48519,train
18975,train
54116,train
34688,train
33524,train
22337,train
48309,train
31840,train
63306,train
2012,train
65970,train
25822,train
66076,train
3905,train
34694,train
33427,train
11838,train
64612,train
51810,train
41983,train
49768,train
67627,train
58742,train
17929,train
42364,train
6651,train
4531,train
68593,train
51784,train
24573,train
48710,train
56910,train
47077,train
46481,train
60972,train
15567,train
67771,train
13052,train
52289,train
67487,train
59759,train
42579,train
36871,train
63652,train
30928,train
296,train
50210,train
38276,train
17355,train
68285,train
69565,train
20439,train
9400,train
19417,train
6241,train
20210,train
48483,train
57664,train
12385,train
12823,train
46616,train
5644,train
26657,train
63359,train
40636,train
50612,train
61397,train
39707,train
64448,train
28500,train
21654,train
9282,train
40422,train
8226,train
52723,train
45404,train
14417,train
21169,train
10687,train
5605,train
43761,train
66391,train
51023,train
42429,train
23054,train
29012,train
1552,train
46779,train
22158,train
20630,train
26302,train
40168,train
1820,train
29443,train
55982,train
56901,train
48377,train
32472,train
3130,train
46253,train
18944,train
26350,train
43923,train
8977,train
70673,train
51565,train
66383,train
1755,train
55480,train
55858,train
40886,train
52747,train
39983,train
13774,train
69670,train
70241,train
10977,train
36244,train
44963,train
57444,train
24569,train
42077,train
1197,train
37503,train
21860,train
49909,train
8139,train
43915,train
65869,train
28329,train
60598,train
62722,train
68171,train
51635,train
41204,train
46977,train
44018,train
26474,train
35208,train
1470,train
14438,train
57921,train
32852,train
62882,train
2145,train
59289,train
30672,train
47285,train
32685,train
38534,train
5941,train
61708,train
6378,train
57533,train
6021,train
46564,train
25639,train
26645,train
39846,train
30632,train
54067,train
64348,train
13344,train
60429,train
55678,train
55929,train
65063,train
33434,train
52465,train
39380,train
66548,train
33935,train
40989,train
59230,train
28389,train
10881,train
26919,train
57441,train
10548,train
27683,train
15540,train
16816,train
57271,train
62856,train
51318,train
58655,train
24452,train
5290,train
53805,train
30900,train
52344,train
9375,train
19973,train
64572,train
6060,train
32305,train
42134,train
70324,train
69270,train
36045,train
28753,train
45693,train
29928,train
23150,train
15802,train
8846,train
60981,train
3847,train
44800,train
63081,train
14722,train
18163,train
18272,train
33026,train
55082,train
38376,train
22634,train
18942,train
29010,train
52008,train
64800,train
16082,train
43839,train
29195,train
43949,train
45070,train
12281,train
39564,train
24480,train
20720,train
65990,train
44607,train
14163,train
22016,train
14159,train
47922,train
61501,train
52159,train
26635,train
54548,train
59095,train
34901,train
2542,train
35846,train
15826,train
37584,train
5886,train
63502,train
22110,train
30323,train
52562,train
56441,train
68401,train
7203,train
15859,train
64105,train
21364,train
58592,train
56995,train
58831,train
40164,train
4971,train
36750,train
33760,train
20413,train
6746,train
51651,train
10471,train
28709,train
22234,train
43818,train
14068,train
2529,train
62513,train
62921,train
41410,train
25418,train
36664,train
24384,train
20317,train
4899,train
18063,train
38062,train
5584,train
51097,train
49383,train
38829,train
11882,train
49122,train
26134,train
11625,train
61507,train
34527,train
7017,train
65991,train
39195,train
46155,train
24039,train
29739,train
1924,train
21982,train
24211,train
39276,train
49123,train
64193,train
51705,train
46998,train
31775,train
70236,train
40456,train
29464,train
33961,train
21014,train
18308,train
36095,train
24288,train
47010,train
48272,train
62406,train
6208,train
20953,train
55025,train
10636,train
39717,train
12542,train
32280,train
23336,train
57010,train
42876,train
70424,train
30207,train
34909,train
66679,train
36185,train
1367,train
30167,train
23678,train
36289,train
67681,train
50437,train
59151,train
51452,train
56048,train
10195,train
67112,train
17593,train
69337,train
29020,train
23131,train
67174,train
53190,train
61922,train
69873,train
63277,train
14978,train
44656,train
30505,train
59109,train
12738,train
28821,train
35710,train
24557,train
45751,train
62835,train
59376,train
28810,train
5025,train
5535,train
705,train
40450,train
27293,train
52835,train
24245,train
41988,train
1200,train
58569,train
21676,train
40018,train
61662,train
54702,train
62575,train
43557,train
70209,train
60345,train
6676,train
41574,train
48137,train
69890,train
60290,train
48729,train
1528,train
24600,train
41735,train
52759,train
44498,train
7191,train
16190,train
50245,train
39718,train
41760,train
39424,train
29929,train
22530,train
10964,train
30572,train
29675,train
687,train
62715,train
59649,train
31333,train
18363,train
67286,train
6791,train
42323,train
26229,train
56521,train
9565,train
67146,train
52286,train
34809,train
68353,train
44736,train
8636,train
29006,train
23749,train
12063,train
56186,train
7106,train
38447,train
68826,train
2099,train
38235,train
44297,train
9495,train
65297,train
35492,train
61495,train
30537,train
48662,train
23716,train
35631,train
2595,train
64930,train
1178,train
66467,train
22729,train
54547,train
38566,train
10691,train
39109,train
20072,train
17105,train
22269,train
34057,train
3138,train
7167,train
20530,train
47719,train
63422,train
26605,train
45007,train
7034,train
48338,train
60108,train
22984,train
12662,train
67981,train
58985,train
52472,train
40070,train
16051,train
34837,train
66943,train
27751,train
20979,train
68614,train
43645,train
45630,train
39746,train
61587,train
59735,train
33588,train
49512,train
66160,train
64322,train
20341,train
36751,train
56882,train
59375,train
872,train
35264,train
37945,train
30655,train
40058,train
29426,train
6303,train
8311,train
61352,train
49284,train
19506,train
1136,train
66816,train
32145,train
8336,train
14648,train
57623,train
54263,train
36677,train
42157,train
36357,train
50326,train
65512,train
46721,train
48200,train
46377,train
69093,train
18675,train
18065,train
66778,train
4584,train
9039,train
44386,train
2407,train
67662,train
37878,train
8014,train
38814,train
16763,train
68770,train
32061,train
22660,train
23197,train
46628,train
38981,train
62806,train
26706,train
57526,train
36502,train
61983,train
60730,train
60035,train
56158,train
65112,train
28169,train
6603,train
48940,train
22002,train
61041,train
22063,train
6346,train
41733,train
13907,train
63645,train
67282,train
25753,train
15223,train
30203,train
24856,train
41446,train
28571,train
58453,train
4787,train
3235,train
69954,train
21077,train
49448,train
9288,train
60765,train
35047,train
47970,train
43250,train
40991,train
16543,train
12408,train
5176,train
38853,train
13931,train
27794,train
67686,train
33178,train
22886,train
57735,train
36277,train
50869,train
45759,train
1311,train
39896,train
38183,train
5935,train
49611,train
36829,train
41588,train
56855,train
2375,train
29145,train
20870,train
32652,train
23405,train
69771,train
1239,train
28603,train
56284,train
60289,train
33764,train
7611,train
26574,train
39698,train
25360,train
8080,train
35699,train
3990,train
38465,train
2931,train
26636,train
58842,train
63763,train
2309,train
30017,train
36366,train
51668,train
91,train
62490,train
19879,train
36227,train
43040,train
22101,train
8790,train
1684,train
4231,train
26412,train
35982,train
63613,train
69545,train
4153,train
41766,train
52962,train
37778,train
42955,train
15681,train
39290,train
27620,train
61671,train
68598,train
62285,train
24359,train
3552,train
61398,train
28695,train
6586,train
30992,train
68183,train
43371,train
14872,train
26392,train
4585,train
5994,train
47702,train
65879,train
1571,train
64090,train
14890,train
10532,train
40275,train
60111,train
2194,train
22248,train
49320,train
15753,train
10648,train
19868,train
38762,train
16220,train
35619,train
3456,train
44003,train
34394,train
44482,train
46029,train
16856,train
21098,train
16932,train
54913,train
3541,train
16003,train
15523,train
31148,train
65467,train
10798,train
7225,train
4537,train
2867,train
40130,train
50773,train
7114,train
58195,train
34507,train
50169,train
61458,train
54866,train
49042,train
41635,train
51326,train
43036,train
37809,train
56297,train
69986,train
8337,train
53831,train
65770,train
46884,train
69209,train
1568,train
17278,train
7645,train
9912,train
15795,train
52726,train
30695,train
60602,train
65749,train
40967,train
30305,train
28820,train
48585,train
11332,train
33739,train
64005,train
28124,train
24162,train
53385,train
66919,train
30668,train
66137,train
20625,train
35702,train
23071,train
46720,train
22879,train
67353,train
61476,train
40755,train
11004,train
12127,train
13192,train
33332,train
45688,train
28386,train
44682,train
38898,train
69433,train
49947,train
42024,train
8424,train
14306,train
32268,train
12684,train
36315,train
35209,train
25924,train
3938,train
53287,train
60002,train
67375,train
22823,train
22141,train
22386,train
29521,train
45048,train
20843,train
43525,train
60301,train
9723,train
11075,train
62683,train
24311,train
59606,train
2078,train
70383,train
49862,train
67111,train
23097,train
55669,train
43039,train
54790,train
35541,train
5182,train
54838,train
60177,train
42881,train
62053,train
6498,train
59531,train
28858,train
46584,train
1045,train
22163,train
68561,train
68119,train
14829,train
17298,train
19707,train
68226,train
58622,train
19532,train
70569,train
50509,train
45659,train
54911,train
36531,train
17056,train
7132,train
65941,train
42630,train
915,train
20452,train
55873,train
59479,train
58417,train
32098,train
21178,train
44759,train
48472,train
27014,train
53210,train
50253,train
18009,train
43837,train
31224,train
62594,train
7048,train
59233,train
48719,train
60661,train
37783,train
2157,train
48435,train
3853,train
4239,train
60757,train
34785,train
21478,train
11371,train
53702,train
5346,train
48078,train
34104,train
38334,train
32729,train
32074,train
43713,train
32766,train
14337,train
55573,train
63948,train
64490,train
54069,train
8076,train
63781,train
20148,train
68956,train
22160,train
816,train
37736,train
16508,train
10121,train
63664,train
64605,train
36780,train
60964,train
4641,train
10127,train
1673,train
35199,train
22214,train
57199,train
47239,train
53985,train
40152,train
46789,train
7249,train
47447,train
23852,train
65262,train
42079,train
43916,train
6452,train
57868,train
37177,train
34020,train
5747,train
61986,train
7268,train
6637,train
66450,train
16516,train
67974,train
28063,train
110,train
34442,train
62115,train
17795,train
17054,train
21000,train
54605,train
7153,train
18958,train
3302,train
20921,train
19360,train
50252,train
23836,train
26278,train
10723,train
55413,train
30378,train
30726,train
60320,train
68168,train
27629,train
46331,train
54235,train
31642,train
43237,train
51665,train
48982,train
49230,train
44107,train
51879,train
18556,train
46572,train
43829,train
35459,train
59711,train
52703,train
44553,train
38226,train
67557,train
42462,train
41579,train
59577,train
14254,train
57099,train
13026,train
10301,train
4746,train
52311,train
21979,train
12054,train
63590,train
2773,train
28211,train
14370,train
37305,train
69960,train
17231,train
31739,train
40384,train
42106,train
14237,train
5895,train
35360,train
14372,train
52739,train
25738,train
1307,train
68666,train
44943,train
21271,train
53968,train
6213,train
51058,train
7748,train
60065,train
9644,train
37591,train
9057,train
28994,train
9704,train
9237,train
40968,train
24298,train
1315,train
10133,train
59394,train
50859,train
56773,train
42592,train
66806,train
23650,train
29574,train
44955,train
49685,train
22459,train
11026,train
28314,train
40159,train
50604,train
47554,train
35466,train
58191,train
45814,train
38127,train
56264,train
16045,train
28962,train
5348,train
56384,train
32637,train
33099,train
44181,train
64538,train
63683,train
38712,train
17868,train
65520,train
6581,train
17064,train
69477,train
20323,train
58984,train
29377,train
40448,train
10632,train
24176,train
14364,train
52790,train
23317,train
22423,train
5256,train
32166,train
40427,train
49982,train
33540,train
62840,train
2914,train
16741,train
43568,train
37545,train
39855,train
17958,train
69553,train
30329,train
37200,train
59795,train
4673,train
9171,train
11683,train
5866,train
53191,train
54951,train
51636,train
27283,train
28584,train
8418,train
20926,train
3670,train
40167,train
35452,train
34204,train
45378,train
43623,train
3038,train
43842,train
40944,train
10311,train
19508,train
18044,train
39228,train
63141,train
31808,train
19978,train
67203,train
27181,train
62083,train
25340,train
51426,train
23845,train
59903,train
64790,train
47836,train
25286,train
59614,train
51021,train
50858,train
50367,train
66299,train
47514,train
48297,train
22554,train
69908,train
8297,train
31545,train
54344,train
13262,train
2795,train
55262,train
22032,train
45436,train
19993,train
46135,train
15255,train
20410,train
67359,train
52350,train
42211,train
65544,train
56632,train
51409,train
42766,train
23627,train
29815,train
33167,train
25690,train
56890,train
26863,train
57605,train
43578,train
55282,train
7210,train
62895,train
66115,train
27400,train
25659,train
57619,train
27176,train
55026,train
27768,train
14773,train
49667,train
19492,train
18562,train
58852,train
37865,train
24841,train
4412,train
28385,train
19980,train
63463,train
51492,train
19284,train
14695,train
54424,train
4946,train
70434,train
64347,train
44479,train
36888,train
60469,train
860,train
15090,train
28466,train
14195,train
58998,train
68534,train
12234,train
10965,train
58321,train
38915,train
58257,train
52517,train
61178,train
13977,train
67975,train
13921,train
56268,train
42928,train
63111,train
6335,train
56331,train
56358,train
37344,train
25815,train
42007,train
22173,train
6038,train
26301,train
31203,train
25847,train
45170,train
58514,train
48113,train
29101,train
27652,train
64023,train
43933,train
27266,train
5809,train
48274,train
37391,train
32876,train
56849,train
45854,train
65655,train
23615,train
19437,train
53647,train
2287,train
69364,train
54781,train
58485,train
22837,train
50868,train
8288,train
3592,train
49578,train
45116,train
34202,train
42692,train
7157,train
54666,train
15621,train
31046,train
47240,train
56315,train
20848,train
21100,train
5533,train
44896,train
52009,train
52627,train
57255,train
23466,train
65240,train
36799,train
8050,train
10985,train
27404,train
33315,train
26109,train
19093,train
21015,train
1516,train
20171,train
47741,train
51781,train
1397,train
23454,train
3556,train
44974,train
42760,train
19717,train
59815,train
22305,train
1131,train
32609,train
37820,train
21510,train
62491,train
32770,train
40840,train
41558,train
64180,train
56104,train
2455,train
59064,train
69061,train
391,train
13309,train
36247,train
70113,train
4978,train
26238,train
43779,train
40226,train
48839,train
30527,train
3417,train
23145,train
51217,train
58713,train
35131,train
39540,train
39452,train
8148,train
29592,train
18161,train
12946,train
56463,train
3857,train
23481,train
37877,train
17808,train
66387,train
25053,train
55970,train
2683,train
58845,train
24912,train
56251,train
11167,train
56285,train
49636,train
39834,train
55073,train
14363,train
52182,train
12131,train
43855,train
2672,train
56555,train
27419,train
1737,train
8987,train
14757,train
65892,train
54869,train
26267,train
32413,train
47443,train
9833,train
28566,train
55088,train
32365,train
6414,train
18384,train
29062,train
69893,train
53956,train
64566,train
32615,train
15518,train
21205,train
58185,train
70048,train
23988,train
55181,train
41658,train
34431,train
57,train
64312,train
31439,train
16951,train
52538,train
33717,train
56830,train
26413,train
31200,train
15379,train
34061,train
56624,train
54853,train
16506,train
27757,train
6471,train
58465,train
51441,train
31117,train
63691,train
29707,train
3530,train
22588,train
29247,train
7632,train
14992,train
53273,train
8335,train
40200,train
27670,train
19452,train
47301,train
15955,train
27502,train
40009,train
20754,train
48422,train
64600,train
18605,train
27974,train
8882,train
21296,train
48208,train
46891,train
38781,train
61101,train
34155,train
35067,train
65956,train
25422,train
12081,train
42890,train
53326,train
31880,train
47220,train
2581,train
28127,train
1186,train
49322,train
51591,train
57823,train
44083,train
21138,train
23080,train
58602,train
24616,train
9184,train
64056,train
42336,train
66974,train
58520,train
20414,train
55590,train
47211,train
56413,train
4033,train
33585,train
3888,train
10770,train
22461,train
12565,train
25241,train
4623,train
8088,train
55117,train
38074,train
47897,train
46233,train
59281,train
33062,train
43887,train
35142,train
24011,train
12983,train
3647,train
50709,train
4629,train
67688,train
5248,train
61808,train
37977,train
23393,train
65543,train
14843,train
44028,train
32648,train
13541,train
27743,train
59519,train
55626,train
52254,train
37933,train
39488,train
12304,train
40460,train
56204,train
5364,train
50094,train
34752,train
55683,train
24986,train
52458,train
24965,train
9697,train
24955,train
10280,train
46511,train
682,train
24558,train
19575,train
20412,train
7505,train
69529,train
18574,train
33595,train
30216,train
2201,train
35987,train
46585,train
49244,train
12397,train
38838,train
31318,train
40019,train
54832,train
16900,train
53146,train
32217,train
5490,train
10629,train
2136,train
66351,train
4988,train
48847,train
63323,train
39821,train
47187,train
45704,train
52637,train
64089,train
10132,train
18865,train
14465,train
15136,train
55745,train
44011,train
49052,train
6190,train
30243,train
8914,train
51682,train
25692,train
53007,train
60579,train
4389,train
1794,train
36423,train
19052,train
36468,train
41564,train
11851,train
38409,train
31782,train
27050,train
20988,train
33203,train
28291,train
19226,train
38055,train
67905,train
35897,train
49103,train
69718,train
16010,train
46107,train
23861,train
15767,train
11568,train
15892,train
24181,train
66751,train
52737,train
43236,train
48718,train
19376,train
58428,train
55316,train
42752,train
26522,train
65328,train
21730,train
50969,train
45652,train
39584,train
8940,train
9660,train
51689,train
54622,train
35402,train
63747,train
15768,train
277,train
42120,train
45487,train
26082,train
40261,train
40851,train
2237,train
24234,train
62669,train
37388,train
9604,train
59715,train
8173,train
7120,train
37532,train
24785,train
56446,train
65602,train
62742,train
23733,train
66761,train
55649,train
34927,train
40804,train
19545,train
20080,train
11773,train
54152,train
51296,train
8921,train
61775,train
44965,train
59056,train
12620,train
6834,train
46704,train
18294,train
27455,train
24605,train
39753,train
65906,train
65413,train
14131,train
64097,train
54817,train
51838,train
51554,train
64904,train
32794,train
5623,train
43471,train
22195,train
57960,train
18196,train
28037,train
33021,train
32557,train
5217,train
3139,train
23200,train
2160,train
68619,train
41535,train
36030,train
64958,train
35628,train
67559,train
18207,train
29032,train
52297,train
15121,train
43139,train
16659,train
58328,train
68537,train
37111,train
28113,train
23156,train
44599,train
68762,train
56933,train
18254,train
4897,train
31294,train
60669,train
66357,train
60914,train
66386,train
38717,train
35843,train
68420,train
55101,train
11306,train
4451,train
44358,train
15765,train
35504,train
25965,train
61177,train
31454,train
8753,train
8909,train
19158,train
66446,train
14696,train
69567,train
57405,train
66431,train
57927,train
36461,train
64843,train
47551,train
12247,train
65858,train
63849,train
44412,train
51803,train
26535,train
35790,train
52990,train
30683,train
20561,train
27199,train
59686,train
40043,train
27870,train
44201,train
21027,train
215,train
64660,train
40072,train
45858,train
60074,train
55093,train
20003,train
9760,train
27420,train
7474,train
18312,train
70511,train
26197,train
65102,train
38015,train
62605,train
20719,train
52462,train
16883,train
24706,train
70396,train
8719,train
67260,train
6698,train
62445,train
26012,train
47428,train
9550,train
60068,train
18388,train
40187,train
4866,train
16160,train
24840,train
26262,train
36153,train
4275,train
8607,train
44580,train
48112,train
51646,train
52477,train
12783,train
46424,train
54166,train
1496,train
59898,train
63377,train
39503,train
18834,train
64715,train
590,train
58396,train
39409,train
14199,train
16421,train
16065,train
16285,train
14545,train
9504,train
8939,train
6937,train
55481,train
58148,train
32193,train
48632,train
12876,train
37960,train
14193,train
61297,train
8159,train
70501,train
8309,train
52359,train
33601,train
23194,train
34352,train
7349,train
36441,train
66693,train
46200,train
8587,train
23254,train
6695,train
69007,train
16566,train
2765,train
58342,train
58915,train
49193,train
65283,train
17579,train
53845,train
60214,train
40346,train
55497,train
54479,train
53615,train
44023,train
36713,train
11513,train
3144,train
23886,train
59469,train
47232,train
10786,train
50849,train
43978,train
57883,train
38336,train
46706,train
40402,train
21182,train
35244,train
1647,train
31170,train
69115,train
23870,train
48100,train
34548,train
24614,train
8502,train
3820,train
45054,train
61175,train
2567,train
28589,train
39072,train
16940,train
5064,train
31873,train
54551,train
37480,train
37535,train
46483,train
38076,train
17279,train
37760,train
6281,train
67116,train
45068,train
29135,train
27651,train
503,train
2424,train
3183,train
69973,train
17794,train
17662,train
27382,train
17971,train
39353,train
55961,train
70006,train
35129,train
64008,train
5057,train
22231,train
36258,train
46889,train
16502,train
63938,train
60476,train
24563,train
33397,train
15654,train
39288,train
23369,train
63541,train
41737,train
65660,train
57334,train
31137,train
45419,train
23034,train
46819,train
39989,train
53925,train
16089,train
57872,train
57076,train
57565,train
10163,train
4397,train
69285,train
29088,train
23123,train
66689,train
1349,train
16017,train
25455,train
34938,train
28675,train
10370,train
39472,train
45243,train
57860,train
3989,train
54854,train
4616,train
19403,train
8788,train
6013,train
14723,train
5683,train
8363,train
4074,train
52708,train
8757,train
64338,train
42599,train
57153,train
5065,train
29900,train
16164,train
14834,train
4149,train
56145,train
7636,train
51059,train
6142,train
66643,train
3564,train
20430,train
65703,train
30760,train
66935,train
31404,train
22265,train
21615,train
2335,train
14064,train
43852,train
25718,train
18726,train
12918,train
4487,train
66026,train
21106,train
29475,train
54664,train
57479,train
2213,train
1929,train
55390,train
36529,train
40995,train
48360,train
44936,train
26449,train
20964,train
5573,train
58763,train
19326,train
45004,train
49588,train
2372,train
46642,train
15054,train
58623,train
59324,train
23012,train
18466,train
63177,train
69776,train
57028,train
56146,train
26365,train
38567,train
67331,train
17169,train
12380,train
5475,train
6851,train
51891,train
12626,train
43430,train
19620,train
31068,train
22233,train
33828,train
41839,train
65506,train
64536,train
62521,train
43840,train
3032,train
65121,train
38924,train
18321,train
59522,train
36854,train
41789,train
6759,train
12981,train
16831,train
70051,train
69573,train
7542,train
39538,train
68688,train
7901,train
26334,train
53338,train
19217,train
40702,train
68301,train
70538,train
67646,train
46187,train
15276,train
12829,train
57718,train
50511,train
38099,train
67225,train
56003,train
57182,train
67177,train
10984,train
25129,train
39632,train
69616,train
69739,train
68442,train
36435,train
50857,train
1710,train
55948,train
29524,train
15552,train
6865,train
8011,train
54680,train
15587,train
68053,train
14251,train
10576,train
18260,train
58387,train
29874,train
13727,train
67307,train
40626,train
10389,train
63105,train
31211,train
68187,train
3881,train
44457,train
58497,train
36511,train
2627,train
50852,train
1277,train
48234,train
61394,train
15529,train
65900,train
18066,train
11993,train
7586,train
5099,train
18555,train
23328,train
45489,train
45266,train
19285,train
24066,train
7726,train
68316,train
18551,train
10899,train
18107,train
49670,train
62191,train
44411,train
25186,train
59964,train
21756,train
27923,train
1235,train
14615,train
21003,train
28535,train
10210,train
35248,train
26478,train
34273,train
29831,train
5093,train
36305,train
7160,train
65185,train
52923,train
1482,train
36881,train
39826,train
8752,train
66144,train
40722,train
11686,train
4358,train
898,train
64881,train
8507,train
64569,train
6678,train
54229,train
4912,train
29149,train
67434,train
64315,train
22205,train
11269,train
62067,train
31342,train
57308,train
29576,train
53242,train
4032,train
34954,train
42688,train
63334,train
34047,train
69279,train
26033,train
43564,train
29239,train
12770,train
36344,train
1232,train
70507,train
24054,train
25365,train
64278,train
57240,train
32227,train
15500,train
65465,train
44925,train
61188,train
18132,train
44507,train
57564,train
32489,train
41603,train
29185,train
25651,train
41271,train
28819,train
25744,train
6268,train
68246,train
39641,train
65776,train
47112,train
30568,train
37800,train
22280,train
65822,train
7939,train
53526,train
47173,train
8713,train
59946,train
2926,train
56387,train
69373,train
63736,train
41702,train
25383,train
21783,train
31385,train
9289,train
62082,train
31922,train
33725,train
66876,train
16913,train
41406,train
49188,train
27983,train
14451,train
35101,train
12774,train
5322,train
56804,train
40715,train
32626,train
39403,train
24546,train
369,train
5157,train
50732,train
33658,train
14416,train
59584,train
37603,train
58536,train
44362,train
6349,train
12316,train
48960,train
36300,train
61994,train
55234,train
53483,train
46539,train
55560,train
16693,train
66423,train
33065,train
62568,train
8690,train
3953,train
22533,train
44610,train
24396,train
67183,train
62198,train
32331,train
55021,train
41400,train
34826,train
11243,train
67377,train
47887,train
45579,train
30819,train
64853,train
17167,train
16475,train
39663,train
52097,train
33578,train
46829,train
49234,train
50456,train
4431,train
69547,train
18994,train
2147,train
26405,train
69274,train
29947,train
49134,train
58626,train
37050,train
6045,train
67651,train
61503,train
38599,train
45728,train
57965,train
62517,train
13316,train
54544,train
45483,train
4280,train
46707,train
62177,train
47340,train
6572,train
5955,train
70534,train
51785,train
57094,train
61778,train
18887,train
5126,train
64249,train
5020,train
67887,train
44928,train
60317,train
13971,train
41836,train
63067,train
31863,train
35261,train
55612,train
35593,train
34251,train
54691,train
55152,train
26296,train
19535,train
33258,train
37897,train
66346,train
1548,train
69165,train
26731,train
6696,train
39425,train
17453,train
69070,train
52852,train
31924,train
10561,train
46630,train
22780,train
69875,train
19896,train
68434,train
41471,train
3221,train
67658,train
32195,train
39679,train
41413,train
44331,train
16655,train
11197,train
30271,train
7794,train
3782,train
33806,train
52700,train
43137,train
34127,train
27575,train
37581,train
64302,train
18897,train
5937,train
41114,train
51288,train
26662,train
29881,train
19536,train
56826,train
22953,train
35314,train
59957,train
49245,train
31036,train
22255,train
58203,train
61073,train
63199,train
37490,train
66152,train
8949,train
69642,train
9733,train
800,train
13479,train
66353,train
24803,train
40577,train
55799,train
7961,train
34066,train
30171,train
13140,train
7471,train
48531,train
38285,train
20234,train
42846,train
443,train
47612,train
6959,train
62062,train
20673,train
34708,train
13715,train
51739,train
14094,train
20246,train
16771,train
57517,train
27875,train
35692,train
30598,train
61536,train
62240,train
47024,train
60021,train
47425,train
64245,train
5344,train
26204,train
5992,train
13958,train
28722,train
69179,train
4350,train
56615,train
5040,train
54946,train
17948,train
27750,train
16060,train
6617,train
11979,train
18701,train
37795,train
65115,train
2366,train
61864,train
68560,train
64000,train
56823,train
35962,train
17166,train
16525,train
13757,train
45169,train
26736,train
65522,train
48058,train
36050,train
40729,train
43968,train
61269,train
41599,train
19923,train
3504,train
35813,train
15783,train
5319,train
60055,train
69424,train
21146,train
53513,train
30510,train
56710,train
61263,train
42326,train
63641,train
6610,train
7502,train
47464,train
16938,train
14686,train
26803,train
44164,train
5804,train
31812,train
16873,train
46245,train
45395,train
34153,train
33297,train
489,train
204,train
69649,train
12406,train
34401,train
1577,train
35777,train
66515,train
60851,train
47177,train
18549,train
52257,train
30795,train
14255,train
48785,train
51538,train
10262,train
54433,train
1796,train
52858,train
27865,train
45393,train
43314,train
35891,train
49545,train
37295,train
57552,train
34892,train
20187,train
21880,train
49414,train
36689,train
30761,train
38753,train
52460,train
25940,train
48544,train
46761,train
34252,train
33678,train
7865,train
29633,train
32378,train
34526,train
34275,train
11564,train
62564,train
70571,train
64681,train
36409,train
69580,train
32728,train
13752,train
35298,train
51985,train
23096,train
48559,train
55711,train
49227,train
53788,train
57990,train
49291,train
52959,train
31351,train
47142,train
30074,train
60888,train
61945,train
954,train
70671,train
10053,train
25347,train
39319,train
62818,train
22037,train
13511,train
69406,train
62351,train
42693,train
57700,train
23808,train
45481,train
69901,train
22024,train
65224,train
23906,train
6697,train
16334,train
44985,train
65445,train
52665,train
62000,train
58052,train
20433,train
38689,train
60490,train
50898,train
26380,train
813,train
36902,train
52925,train
36833,train
15512,train
19205,train
68976,train
61230,train
39467,train
18326,train
38213,train
51077,train
34221,train
50402,train
6670,train
30435,train
57642,train
6377,train
56825,train
30627,train
256,train
7181,train
48629,train
47468,train
70284,train
2097,train
29857,train
22058,train
35984,train
24973,train
3166,train
32603,train
35758,train
18309,train
53527,train
7443,train
44611,train
22004,train
20374,train
62309,train
39801,train
37404,train
16541,train
54135,train
17814,train
12577,train
52531,train
810,train
9915,train
30159,train
60788,train
46203,train
35833,train
35938,train
17804,train
24692,train
18447,train
52778,train
6675,train
35369,train
50667,train
56432,train
6965,train
33537,train
767,train
62344,train
2589,train
3538,train
69220,train
46059,train
14865,train
60988,train
5151,train
16259,train
18657,train
2717,train
26324,train
53347,train
30183,train
57346,train
393,train
12530,train
31354,train
70577,train
68787,train
8098,train
8894,train
12587,train
30986,train
60636,train
9607,train
42532,train
14780,train
53656,train
40124,train
50132,train
13021,train
29278,train
63015,train
54299,train
32881,train
40938,train
12370,train
26992,train
30076,train
62967,train
60323,train
33318,train
53724,train
69465,train
70471,train
24026,train
63956,train
55112,train
49020,train
39536,train
36233,train
46422,train
8524,train
35512,train
10411,train
721,train
16271,train
24232,train
38442,train
29052,train
8923,train
36499,train
46857,train
47962,train
66600,train
6598,train
43912,train
51894,train
16621,train
33710,train
52973,train
31742,train
58856,train
3970,train
31270,train
23713,train
64488,train
19018,train
9792,train
68917,train
3318,train
70597,train
27903,train
52245,train
53238,train
33653,train
22390,train
19730,train
12796,train
3019,train
45843,train
19967,train
21859,train
20764,train
17388,train
38892,train
57774,train
66863,train
25768,train
52860,train
49936,train
35536,train
986,train
65140,train
26781,train
30193,train
61494,train
20986,train
36003,train
48972,train
5708,train
70210,train
13373,train
62173,train
33582,train
55542,train
40311,train
31254,train
68272,train
61755,train
57123,train
42467,train
51205,train
7843,train
53521,train
30197,train
4467,train
21369,train
30130,train
32928,train
59737,train
39282,train
46545,train
69106,train
42273,train
24670,train
21070,train
3854,train
69197,train
1777,train
41248,train
59106,train
15671,train
53676,train
22750,train
34755,train
17369,train
410,train
6648,train
36990,train
27949,train
46349,train
50283,train
2096,train
28773,train
4430,train
11531,train
15230,train
3218,train
2191,train
63025,train
40035,train
31002,train
49576,train
19473,train
65528,train
3550,train
59328,train
32751,train
11624,train
27074,train
55830,train
48642,train
5893,train
50466,train
63069,train
61499,train
960,train
41235,train
40734,train
49884,train
56814,train
43704,train
27951,train
5468,train
37563,train
25109,train
62292,train
22175,train
65426,train
25019,train
63649,train
58642,train
7189,train
32547,train
24789,train
41994,train
31409,train
14317,train
55038,train
37061,train
61554,train
46300,train
59077,train
17368,train
11420,train
172,train
48346,train
13668,train
70271,train
24977,train
27814,train
5071,train
11904,train
34715,train
23052,train
69113,train
27003,train
28699,train
8865,train
5852,train
19223,train
59287,train
49217,train
61528,train
47823,train
28292,train
42641,train
61003,train
61846,train
47975,train
62373,train
63957,train
51175,train
30492,train
57493,train
36693,train
41575,train
61430,train
66601,train
22880,train
45540,train
62726,train
30708,train
34889,train
19377,train
63528,train
15221,train
28099,train
37013,train
17659,train
65424,train
51722,train
70371,train
26520,train
39805,train
54486,train
59721,train
32079,train
42582,train
62578,train
44295,train
26823,train
44582,train
16676,train
44671,train
21799,train
59285,train
60862,train
4035,train
23385,train
57337,train
50118,train
23887,train
60633,train
31003,train
68835,train
30481,train
67666,train
16159,train
39703,train
37241,train
22339,train
32517,train
14953,train
69193,train
18340,train
62613,train
55773,train
44990,train
32777,train
4370,train
42110,train
40624,train
11296,train
36725,train
45518,train
2923,train
5872,train
33475,train
60709,train
47486,train
6375,train
24525,train
46688,train
68527,train
63496,train
28419,train
52697,train
50434,train
1060,train
60588,train
63327,train
17121,train
48442,train
1669,train
65847,train
57523,train
11789,train
27879,train
41241,train
20207,train
56429,train
14885,train
6701,train
15791,train
12957,train
43833,train
36592,train
16560,train
37621,train
63187,train
23115,train
61606,train
59929,train
32271,train
64073,train
2702,train
58136,train
58357,train
35681,train
47041,train
23370,train
3523,train
6712,train
69244,train
8851,train
30576,train
41185,train
13372,train
39692,train
36094,train
32155,train
40520,train
9994,train
65105,train
10175,train
64571,train
5617,train
25138,train
18873,train
321,train
1393,train
39563,train
19337,train
43679,train
47313,train
21093,train
49035,train
68115,train
23905,train
24297,train
57703,train
11523,train
64543,train
23960,train
55673,train
37091,train
3716,train
35393,train
24016,train
61931,train
7694,train
2473,train
16623,train
15229,train
38459,train
21719,train
13062,train
27249,train
56031,train
50934,train
50900,train
38503,train
16527,train
10905,train
9573,train
9529,train
61066,train
7256,train
49241,train
54932,train
22514,train
1214,train
14657,train
26044,train
32986,train
55285,train
2238,train
69133,train
44584,train
8818,train
7683,train
53391,train
59438,train
36538,train
41149,train
50143,train
70030,train
21960,train
6743,train
46145,train
44976,train
32965,train
24155,train
13488,train
56140,train
13708,train
11606,train
5722,train
44410,train
59290,train
30257,train
5737,train
29772,train
11653,train
24859,train
60593,train
21040,train
61198,train
60241,train
51932,train
34165,train
22132,train
21424,train
50270,train
8198,train
26884,train
8026,train
11365,train
63296,train
37579,train
42945,train
52819,train
48491,train
17282,train
41993,train
28430,train
41234,train
66196,train
47997,train
27139,train
34843,train
53003,train
49436,train
68856,train
41807,train
4187,train
624,train
37375,train
21812,train
36239,train
70190,train
62169,train
31733,train
36157,train
12605,train
59570,train
64820,train
40324,train
31878,train
45400,train
36115,train
38228,train
27516,train
24941,train
58565,train
10577,train
6361,train
8067,train
41123,train
18593,train
55344,train
18683,train
31786,train
18147,train
25934,train
57697,train
19750,train
35832,train
12611,train
69367,train
52579,train
20903,train
11291,train
27232,train
68370,train
47209,train
64540,train
53033,train
36593,train
66417,train
62686,train
17582,train
29356,train
25380,train
66544,train
18981,train
21882,train
49770,train
5165,train
8029,train
65565,train
23946,train
68277,train
26190,train
64374,train
14893,train
24888,train
26894,train
54896,train
12474,train
49168,train
54623,train
40135,train
29095,train
7517,train
123,train
45584,train
31042,train
45479,train
48008,train
2659,train
55189,train
36662,train
56337,train
57885,train
19319,train
18421,train
58064,train
36905,train
17738,train
68851,train
2868,train
50839,train
67779,train
16300,train
53836,train
37326,train
63910,train
38645,train
65772,train
62096,train
27808,train
39123,train
56467,train
55824,train
54683,train
24227,train
48424,train
22864,train
28738,train
14975,train
22351,train
49986,train
69225,train
11383,train
16452,train
50803,train
36514,train
6513,train
9882,train
2735,train
47979,train
33920,train
24894,train
30474,train
13998,train
62773,train
10463,train
50193,train
37164,train
65225,train
54425,train
38352,train
44321,train
63932,train
10833,train
56507,train
62624,train
20314,train
30912,train
33803,train
23051,train
69658,train
66798,train
15782,train
41986,train
69184,train
51613,train
34135,train
7624,train
69178,train
64299,train
4110,train
60125,train
66338,train
8853,train
17158,train
2674,train
49707,train
13743,train
12852,train
58809,train
24987,train
52003,train
50122,train
65546,train
32153,train
21974,train
41786,train
16521,train
58486,train
4022,train
45344,train
16389,train
43083,train
42670,train
46095,train
30691,train
63145,train
993,train
47609,train
34453,train
64028,train
53416,train
12435,train
65431,train
45682,train
25208,train
33375,train
44565,train
48016,train
20523,train
68833,train
23356,train
5727,train
58216,train
45706,train
62599,train
6467,train
60999,train
30865,train
13305,train
33323,train
31629,train
32774,train
5311,train
34641,train
12086,train
61267,train
54677,train
3120,train
39414,train
3709,train
50620,train
35141,train
63045,train
63415,train
37526,train
46655,train
23497,train
35655,train
42713,train
33735,train
56956,train
43742,train
10697,train
38747,train
9552,train
53661,train
65529,train
29094,train
17157,train
63562,train
27254,train
57026,train
55802,train
42651,train
60965,train
68192,train
24603,train
26323,train
28447,train
58441,train
32092,train
63996,train
15956,train
43440,train
44409,train
70363,train
15035,train
43199,train
54398,train
15032,train
36698,train
11249,train
28942,train
19370,train
39720,train
31372,train
61840,train
69023,train
44485,train
47576,train
25333,train
5160,train
58802,train
39379,train
65027,train
7493,train
49706,train
67881,train
18541,train
46657,train
49220,train
58609,train
16682,train
63595,train
70135,train
34288,train
48837,train
47981,train
61096,train
12599,train
8639,train
53157,train
6920,train
32213,train
57326,train
50357,train
7751,train
43773,train
20263,train
62457,train
47705,train
30907,train
49423,train
62290,train
61645,train
10700,train
37837,train
8522,train
43240,train
36362,train
6734,train
23285,train
14517,train
47733,train
14125,train
2461,train
40733,train
52696,train
31709,train
22839,train
29366,train
57961,train
22913,train
49749,train
51881,train
29230,train
10135,train
50772,train
55107,train
41448,train
54395,train
38311,train
5085,train
61964,train
30190,train
5143,train
6728,train
49668,train
23531,train
23170,train
52589,train
35338,train
66551,train
67490,train
13312,train
10709,train
67009,train
53314,train
26557,train
53468,train
8997,train
55952,train
60064,train
7880,train
51124,train
60770,train
69089,train
51581,train
42498,train
7523,train
16485,train
57835,train
17616,train
33759,train
67748,train
45519,train
10270,train
51954,train
33845,train
29703,train
66730,train
11476,train
15275,train
28398,train
66314,train
34569,train
34029,train
9809,train
14832,train
50690,train
22909,train
60447,train
48147,train
31051,train
14525,train
2663,train
38160,train
12417,train
56464,train
55854,train
32216,train
62283,train
59672,train
62255,train
18501,train
52217,train
22583,train
37836,train
9773,train
47790,train
15115,train
70240,train
50435,train
59436,train
31276,train
60758,train
40358,train
49705,train
60048,train
28081,train
67862,train
70670,train
12159,train
62884,train
24418,train
69287,train
22435,train
18502,train
54742,train
12315,train
64868,train
29228,train
58584,train
69555,train
5470,train
18996,train
64121,train
35792,train
6371,train
45104,train
20399,train
57879,train
58260,train
62852,train
31154,train
14593,train
56081,train
20277,train
2513,train
42969,train
629,train
30340,train
46919,train
14127,train
66923,train
21109,train
227,train
24768,train
66393,train
68323,train
20151,train
63222,train
4402,train
23506,train
15140,train
3062,train
68553,train
64349,train
56602,train
55484,train
45012,train
31043,train
42622,train
9069,train
52541,train
36020,train
6552,train
40571,train
12676,train
8551,train
26869,train
21903,train
64497,train
55933,train
5725,train
19767,train
25271,train
22693,train
18418,train
28534,train
12625,train
32939,train
38330,train
65068,train
65150,train
7516,train
13268,train
31453,train
7940,train
64440,train
44112,train
20369,train
2870,train
41097,train
47233,train
61548,train
67799,train
42892,train
4055,train
58785,train
14667,train
2955,train
58022,train
37691,train
53411,train
41246,train
7668,train
59231,train
67951,train
4873,train
6169,train
36033,train
10903,train
62299,train
9598,train
10359,train
11477,train
45782,train
9435,train
65989,train
9613,train
49564,train
19728,train
52260,train
39322,train
34374,train
46713,train
51486,train
69119,train
10213,train
31230,train
60097,train
11875,train
37660,train
48753,train
9432,train
22094,train
60133,train
35304,train
60294,train
69881,train
66339,train
36748,train
8109,train
25764,train
36256,train
67521,train
68417,train
29897,train
53971,train
51502,train
6297,train
1968,train
38035,train
25413,train
41991,train
62524,train
8255,train
64950,train
19320,train
22830,train
40508,train
43846,train
18004,train
19162,train
48479,train
24872,train
64452,train
56989,train
60421,train
43573,train
12032,train
50087,train
11438,train
63550,train
14754,train
66224,train
10732,train
22875,train
33668,train
20125,train
849,train
67458,train
35409,train
18777,train
29428,train
12332,train
59859,train
17359,train
52418,train
36588,train
1066,train
15419,train
61692,train
68342,train
47278,train
17907,train
64086,train
5839,train
11472,train
988,train
53533,train
43219,train
48293,train
13417,train
48803,train
30051,train
4989,train
32622,train
48851,train
38165,train
56064,train
2475,train
59241,train
858,train
17900,train
5285,train
55051,train
57647,train
14236,train
10057,train
43788,train
1732,train
36899,train
51130,train
32315,train
22966,train
69054,train
62989,train
58832,train
70483,train
61549,train
8687,train
50355,train
67280,train
36757,train
7947,train
1790,train
61298,train
50226,train
44030,train
29461,train
26003,train
28933,train
64243,train
16294,train
27179,train
12276,train
13387,train
67601,train
40356,train
12871,train
939,train
3110,train
41824,train
56584,train
21779,train
37990,train
60626,train
20336,train
50945,train
55856,train
64847,train
33775,train
54861,train
17025,train
19562,train
47764,train
3994,train
68269,train
28839,train
6819,train
30933,train
52910,train
68957,train
21514,train
36464,train
9060,train
63046,train
8887,train
22366,train
13076,train
51905,train
39267,train
55457,train
62247,train
66902,train
48379,train
354,train
61607,train
61250,train
11945,train
7009,train
53883,train
5592,train
31395,train
11581,train
22462,train
26581,train
25678,train
52261,train
669,train
11045,train
49298,train
38297,train
53620,train
34423,train
7254,train
29488,train
13806,train
55433,train
41790,train
31313,train
37252,train
19266,train
22809,train
34595,train
33437,train
68092,train
52625,train
55852,train
35147,train
37027,train
52019,train
31161,train
2038,train
54336,train
45845,train
42471,train
34574,train
41703,train
35534,train
22856,train
29903,train
28061,train
33495,train
60156,train
29862,train
45994,train
50131,train
62488,train
40753,train
64344,train
66971,train
27264,train
19641,train
22376,train
65226,train
55460,train
55513,train
20027,train
28581,train
30059,train
65827,train
27540,train
8935,train
11744,train
59719,train
6026,train
23806,train
62118,train
26230,train
50884,train
52884,train
60280,train
67155,train
11343,train
31052,train
54705,train
53641,train
33091,train
68664,train
17974,train
39238,train
61416,train
6337,train
2848,train
25640,train
16422,train
60852,train
57341,train
32738,train
30239,train
31369,train
45379,train
69100,train
53281,train
34844,train
14659,train
56801,train
43914,train
27848,train
38801,train
70454,train
31688,train
30450,train
14027,train
62670,train
60374,train
56245,train
31461,train
49036,train
29196,train
38017,train
9543,train
2433,train
51999,train
7591,train
51715,train
42197,train
66987,train
60787,train
49759,train
43397,train
26206,train
4652,train
42075,train
38505,train
15183,train
51261,train
21726,train
13252,train
64558,train
2758,train
63570,train
41077,train
1012,train
70036,train
62218,train
60970,train
22443,train
14355,train
22281,train
31603,train
5181,train
18026,train
23854,train
47414,train
4730,train
22439,train
18934,train
6930,train
29343,train
69142,train
45011,train
40166,train
62296,train
22491,train
14128,train
34289,train
58330,train
25725,train
31356,train
33515,train
55312,train
45601,train
68379,train
42708,train
3826,train
49099,train
22453,train
67808,train
50891,train
55134,train
62035,train
37401,train
34779,train
21465,train
25867,train
69750,train
28383,train
29337,train
2411,train
48298,train
21120,train
3614,train
46852,train
44560,train
64409,train
50104,train
57372,train
62325,train
19029,train
19265,train
36798,train
69625,train
15106,train
38946,train
53205,train
58573,train
32266,train
62496,train
36709,train
11622,train
51827,train
37500,train
40296,train
62274,train
59176,train
53705,train
3168,train
54625,train
65377,train
5544,train
12947,train
49523,train
60276,train
57784,train
45972,train
35451,train
12959,train
41639,train
66125,train
2871,train
52474,train
15920,train
37307,train
6684,train
63579,train
66566,train
5920,train
15957,train
48521,train
21112,train
14713,train
36959,train
58080,train
29467,train
26693,train
60719,train
49208,train
12714,train
30623,train
70055,train
58692,train
61995,train
14996,train
14793,train
33680,train
38472,train
47309,train
29975,train
19520,train
5890,train
28465,train
49825,train
68233,train
66986,train
70318,train
43813,train
16372,train
43387,train
51115,train
54198,train
38504,train
62206,train
67339,train
30360,train
22342,train
23739,train
30934,train
48031,train
17370,train
14812,train
23031,train
43997,train
23467,train
48167,train
60840,train
18592,train
35806,train
64992,train
16902,train
36745,train
46503,train
20429,train
23386,train
8063,train
54652,train
2265,train
31837,train
48790,train
51817,train
46488,train
33176,train
52688,train
64391,train
15428,train
23904,train
749,train
26272,train
15013,train
25246,train
42542,train
7281,train
18937,train
66963,train
39233,train
24160,train
49841,train
1368,train
6231,train
69475,train
11481,train
37288,train
33767,train
43147,train
46985,train
65977,train
45953,train
13075,train
32551,train
5670,train
41455,train
20411,train
36318,train
60521,train
13009,train
64734,train
6656,train
6332,train
58352,train
67520,train
148,train
1318,train
40807,train
30569,train
47817,train
34434,train
21767,train
67568,train
30350,train
70231,train
4721,train
66252,train
65310,train
33561,train
19860,train
47526,train
22834,train
15695,train
64071,train
11775,train
27999,train
64432,train
42310,train
56594,train
32285,train
41008,train
31112,train
31452,train
52144,train
32422,train
34116,train
70451,train
22666,train
5978,train
20597,train
8900,train
37894,train
42014,train
28418,train
65926,train
63017,train
33478,train
10633,train
31005,train
53069,train
31797,train
57663,train
5024,train
37590,train
69325,train
2586,train
11747,train
29562,train
36444,train
34719,train
42664,train
25389,train
41718,train
47229,train
42262,train
6030,train
36143,train
12365,train
37692,train
32693,train
52073,train
7818,train
66153,train
62900,train
69906,train
36932,train
49548,train
63260,train
19940,train
12317,train
13692,train
68894,train
28288,train
67218,train
17967,train
36433,train
51324,train
8055,train
65053,train
61059,train
46847,train
10521,train
47646,train
15508,train
63289,train
16402,train
23862,train
55661,train
54857,train
53257,train
50490,train
330,train
45282,train
22720,train
1316,train
35410,train
69970,train
8207,train
62047,train
35943,train
38887,train
69804,train
40381,train
8313,train
21042,train
51189,train
41844,train
23061,train
67592,train
13570,train
63360,train
30882,train
11467,train
66753,train
31729,train
59979,train
58316,train
16288,train
23309,train
66854,train
10538,train
48525,train
5051,train
49292,train
11256,train
30638,train
40107,train
18095,train
37543,train
66889,train
1696,train
50433,train
69505,train
46603,train
54599,train
10069,train
17493,train
14871,train
3897,train
43239,train
40231,train
17046,train
22933,train
4593,train
17,train
58209,train
6881,train
39911,train
22910,train
67811,train
17318,train
34912,train
47868,train
54489,train
2198,train
28591,train
66354,train
19676,train
19079,train
9827,train
15019,train
36349,train
40766,train
46341,train
64494,train
3934,train
37064,train
36851,train
59118,train
65745,train
23448,train
13887,train
28112,train
46466,train
602,train
39054,train
10591,train
4642,train
63481,train
38926,train
29321,train
41489,train
3836,train
62495,train
2666,train
23813,train
63271,train
38421,train
34429,train
20504,train
44953,train
43971,train
59343,train
67866,train
32355,train
18493,train
30268,train
9272,train
8307,train
17237,train
67815,train
29083,train
68003,train
40596,train
42086,train
50300,train
9584,train
3356,train
24509,train
14911,train
15572,train
16471,train
10452,train
47416,train
66641,train
38467,train
46004,train
56222,train
31011,train
68710,train
31555,train
35270,train
48097,train
23471,train
43854,train
55382,train
40394,train
19351,train
27604,train
20332,train
1070,train
22574,train
18970,train
39460,train
35872,train
45980,train
61697,train
1237,train
29792,train
40709,train
12887,train
31649,train
43220,train
21650,train
68282,train
60968,train
45335,train
7509,train
20485,train
25327,train
54890,train
51430,train
59058,train
68611,train
35429,train
5630,train
34661,train
11981,train
18906,train
27700,train
22208,train
27510,train
51874,train
25375,train
33959,train
49888,train
12491,train
52156,train
2950,train
44275,train
10253,train
20457,train
16391,train
45126,train
56096,train
25759,train
38345,train
20924,train
54918,train
51202,train
49006,train
1324,train
31435,train
31067,train
5897,train
19955,train
54189,train
12228,train
7711,train
38355,train
2649,train
35418,train
60562,train
521,train
53559,train
68056,train
33348,train
9024,train
55183,train
2124,train
28778,train
8353,train
26313,train
53395,train
15716,train
24117,train
41420,train
38832,train
38749,train
49740,train
66216,train
36838,train
16925,train
24007,train
22792,train
52512,train
13006,train
23205,train
45164,train
24646,train
953,train
53714,train
31059,train
58238,train
16833,train
51514,train
39724,train
42150,train
36246,train
38278,train
68631,train
55406,train
43981,train
6265,train
24140,train
36166,train
41062,train
25743,train
23461,train
8517,train
67466,train
7330,train
51778,train
52809,train
20724,train
44009,train
47005,train
12118,train
15067,train
19331,train
40097,train
6451,train
21213,train
39081,train
59162,train
59143,train
6074,train
16136,train
3539,train
7134,train
8837,train
45177,train
69754,train
38729,train
51845,train
44794,train
41110,train
1526,train
65298,train
66585,train
1504,train
18050,train
56802,train
2015,train
63388,train
54381,train
42123,train
22165,train
19222,train
2046,train
47778,train
48783,train
6143,train
69879,train
8064,train
42217,train
8843,train
66767,train
30722,train
59074,train
43665,train
61005,train
50219,train
30091,train
29828,train
57575,train
70365,train
44413,train
50304,train
4541,train
41560,train
24355,train
21135,train
956,train
56410,train
55829,train
35004,train
28222,train
55737,train
34611,train
17717,train
18431,train
41605,train
42655,train
60791,train
58253,train
41872,train
67194,train
49261,train
29684,train
44202,train
39869,train
26423,train
20198,train
42519,train
40458,train
54261,train
11368,train
22407,train
39057,train
16038,train
13405,train
68454,train
51774,train
12464,train
11135,train
17327,train
1921,train
35325,train
17185,train
62194,train
39244,train
64224,train
65651,train
10086,train
44957,train
19753,train
55941,train
49361,train
1449,train
43435,train
7437,train
32040,train
17256,train
70149,train
30457,train
45263,train
64661,train
7747,train
67535,train
45778,train
23108,train
62461,train
40249,train
25381,train
18707,train
52857,train
17966,train
54332,train
6693,train
36893,train
27640,train
27593,train
42221,train
14988,train
47933,train
3828,train
69398,train
67082,train
55541,train
19229,train
66769,train
36601,train
2590,train
1433,train
3776,train
67817,train
25888,train
18121,train
65358,train
16680,train
53159,train
25024,train
53833,train
60117,train
19087,train
31035,train
8618,train
36850,train
44314,train
52422,train
50649,train
13946,train
24025,train
50636,train
44353,train
61061,train
25534,train
41469,train
10934,train
42696,train
36857,train
49677,train
33459,train
20236,train
22919,train
42466,train
56178,train
12473,train
41555,train
3258,train
59271,train
23533,train
53918,train
48337,train
11252,train
24568,train
66078,train
59391,train
22136,train
67330,train
26028,train
7415,train
55103,train
66155,train
64165,train
8919,train
15823,train
65690,train
61052,train
4955,train
44685,train
28433,train
56868,train
13807,train
29058,train
65420,train
23710,train
68828,train
68819,train
50079,train
6206,train
65672,train
65619,train
25722,train
9467,train
46161,train
15287,train
60664,train
13724,train
63048,train
15247,train
49960,train
8708,train
47878,train
25407,train
20091,train
32973,train
60833,train
60313,train
20449,train
5569,train
7763,train
36993,train
63071,train
68020,train
22436,train
46370,train
50048,train
66550,train
61158,train
56401,train
38828,train
31262,train
1336,train
17977,train
13265,train
18185,train
17644,train
33672,train
8421,train
44630,train
11349,train
5254,train
21744,train
14807,train
46913,train
64294,train
39213,train
14045,train
41545,train
61793,train
44211,train
32356,train
18047,train
14980,train
41137,train
50130,train
34490,train
68355,train
44995,train
37174,train
47222,train
64957,train
52729,train
31492,train
36083,train
51210,train
60510,train
34489,train
9921,train
16863,train
41981,train
54931,train
21655,train
28036,train
62833,train
27340,train
48267,train
16718,train
27518,train
26964,train
28450,train
53381,train
57303,train
32516,train
34796,train
28606,train
42759,train
1832,train
12512,train
12343,train
4103,train
40570,train
21123,train
50145,train
41697,train
51215,train
34120,train
16377,train
49885,train
53346,train
14891,train
18787,train
61578,train
30967,train
4860,train
7973,train
58221,train
15243,train
5390,train
17419,train
27761,train
64142,train
22294,train
5395,train
59771,train
31291,train
33074,train
40898,train
48046,train
39590,train
26864,train
23577,train
27611,train
20368,train
37766,train
45232,train
6104,train
52866,train
13781,train
56093,train
40985,train
8469,train
43781,train
62585,train
325,train
24327,train
19922,train
30137,train
27837,train
46650,train
40663,train
10826,train
47811,train
63116,train
49819,train
56042,train
59211,train
69304,train
9225,train
17013,train
23572,train
31562,train
21338,train
22614,train
29218,train
59660,train
45084,train
34339,train
33457,train
18205,train
33850,train
6665,train
65993,train
48806,train
17954,train
67233,train
24244,train
64743,train
25993,train
39286,train
2667,train
17733,train
57047,train
24265,train
47573,train
6262,train
33493,train
41131,train
7831,train
23824,train
26738,train
41561,train
24548,train
48161,train
2385,train
70189,train
9158,train
65519,train
4001,train
24043,train
17766,train
40353,train
57100,train
33509,train
9608,train
62313,train
13648,train
16662,train
2996,train
24105,train
30316,train
54413,train
9642,train
4012,train
2396,train
9479,train
33983,train
59793,train
46320,train
54142,train
13514,train
58935,train
59090,train
18582,train
12651,train
38587,train
4704,train
67977,train
14069,train
9525,train
4710,train
33193,train
62574,train
44704,train
46385,train
28171,train
25318,train
1747,train
66670,train
62042,train
19633,train
54074,train
51724,train
16030,train
19997,train
37037,train
30877,train
17219,train
59838,train
3711,train
65922,train
40861,train
717,train
56852,train
57462,train
47592,train
6000,train
32289,train
55238,train
36699,train
48451,train
16895,train
35380,train
2657,train
48776,train
14048,train
4409,train
65968,train
2934,train
41311,train
14012,train
56032,train
13291,train
66087,train
70005,train
17566,train
49028,train
21099,train
20506,train
14329,train
45321,train
1156,train
68820,train
4500,train
25904,train
21029,train
58687,train
24013,train
33042,train
34713,train
46801,train
61598,train
26675,train
59708,train
54002,train
31611,train
59059,train
54584,train
40790,train
61142,train
25860,train
31523,train
25747,train
43085,train
3627,train
61628,train
36408,train
40437,train
31530,train
65548,train
36811,train
36410,train
16828,train
30736,train
34044,train
29809,train
8092,train
50238,train
68320,train
19017,train
13685,train
4367,train
27621,train
64330,train
23915,train
4779,train
2007,train
30046,train
34763,train
25562,train
38229,train
50791,train
48218,train
41354,train
14110,train
10180,train
13199,train
62039,train
59362,train
69619,train
16717,train
7721,train
40154,train
43182,train
49748,train
22030,train
43086,train
59765,train
57826,train
54214,train
64797,train
20427,train
5338,train
49326,train
31616,train
33409,train
30485,train
35837,train
39661,train
56686,train
37186,train
69588,train
6884,train
29100,train
26202,train
38056,train
69699,train
31708,train
52222,train
19398,train
46115,train
1358,train
49554,train
54924,train
38750,train
67268,train
34138,train
63431,train
5559,train
11888,train
65432,train
35381,train
224,train
38660,train
33155,train
34783,train
68936,train
27666,train
20614,train
45195,train
69660,train
6756,train
13157,train
10418,train
56781,train
20849,train
47847,train
25946,train
51104,train
34053,train
1370,train
48327,train
55059,train
61886,train
8147,train
65583,train
57892,train
22353,train
66360,train
9003,train
36503,train
44296,train
64593,train
58611,train
36650,train
6921,train
60735,train
37542,train
60077,train
40796,train
36001,train
59034,train
17375,train
41720,train
40392,train
60049,train
4086,train
10299,train
14260,train
14406,train
17590,train
23283,train
63503,train
20282,train
43106,train
56417,train
45822,train
23099,train
57935,train
60583,train
30428,train
46526,train
18454,train
9794,train
49374,train
2495,train
29599,train
27160,train
66107,train
42229,train
50939,train
5543,train
3625,train
35810,train
46167,train
36027,train
19142,train
21606,train
47255,train
64282,train
49051,train
3846,train
22303,train
12135,train
10644,train
28527,train
3361,train
66158,train
62539,train
44530,train
14628,train
64745,train
48529,train
10519,train
36460,train
18475,train
49612,train
35389,train
61208,train
14371,train
50719,train
36131,train
52560,train
21700,train
67746,train
63351,train
67498,train
65050,train
63434,train
17502,train
57365,train
11335,train
33617,train
50213,train
39234,train
48316,train
67934,train
68483,train
20191,train
48568,train
726,train
39674,train
61246,train
66170,train
19270,train
69323,train
22859,train
31929,train
9970,train
13272,train
18106,train
8097,train
61135,train
3981,train
42239,train
63331,train
37353,train
12880,train
2956,train
61728,train
36646,train
34528,train
60925,train
21455,train
10161,train
65635,train
37283,train
19441,train
7753,train
7998,train
15498,train
19101,train
28619,train
17150,train
14084,train
46258,train
45175,train
44488,train
56440,train
38339,train
10226,train
54925,train
9359,train
61012,train
54460,train
35927,train
781,train
34027,train
50097,train
4251,train
7619,train
63908,train
15809,train
29695,train
44451,train
32143,train
65513,train
6751,train
43872,train
32458,train
4111,train
68217,train
51942,train
3829,train
42516,train
23499,train
37025,train
18920,train
11441,train
33344,train
59960,train
32990,train
66913,train
20910,train
70412,train
3973,train
25076,train
33412,train
29005,train
36279,train
31336,train
66007,train
22739,train
21275,train
11158,train
14383,train
58301,train
51713,train
11099,train
1414,train
13085,train
28312,train
27002,train
38406,train
51022,train
12627,train
3669,train
49167,train
61786,train
36513,train
46922,train
20053,train
5317,train
47966,train
18270,train
23222,train
40310,train
15810,train
31120,train
29466,train
67308,train
13728,train
65160,train
53464,train
19813,train
23301,train
57347,train
40260,train
28281,train
25926,train
29093,train
30941,train
3774,train
27984,train
67159,train
46932,train
53704,train
21253,train
8562,train
53365,train
52040,train
56398,train
19389,train
39485,train
55984,train
53992,train
46920,train
42298,train
21356,train
49468,train
14073,train
15881,train
35201,train
61798,train
35859,train
11600,train
48520,train
16668,train
10100,train
1939,train
36169,train
42442,train
33134,train
174,train
63897,train
67096,train
62189,train
66188,train
18025,train
1086,train
12357,train
36934,train
56457,train
64235,train
51449,train
38004,train
48672,train
41201,train
14861,train
29714,train
51039,train
19661,train
39853,train
55725,train
45053,train
4324,train
31258,train
34154,train
6022,train
6464,train
20054,train
68306,train
67128,train
30734,train
11435,train
36863,train
34838,train
10665,train
9777,train
69497,train
51938,train
9626,train
54730,train
21993,train
33801,train
53962,train
26565,train
20639,train
21752,train
38810,train
54150,train
20588,train
70498,train
13275,train
54070,train
27591,train
3912,train
2991,train
43774,train
19196,train
35729,train
28479,train
23273,train
9488,train
28463,train
6899,train
9769,train
66922,train
29290,train
69064,train
70320,train
25105,train
15943,train
63825,train
13348,train
8784,train
17469,train
40757,train
30364,train
63924,train
15284,train
28984,train
55859,train
47322,train
25636,train
63721,train
58943,train
61938,train
59632,train
56129,train
13482,train
68013,train
9631,train
23804,train
69962,train
57276,train
25543,train
21394,train
9996,train
64575,train
18113,train
27318,train
70066,train
32251,train
29871,train
17537,train
3372,train
55302,train
68131,train
62610,train
18677,train
2289,train
59302,train
34167,train
11194,train
47304,train
7635,train
58103,train
19489,train
13955,train
16919,train
38134,train
370,train
54846,train
4161,train
43200,train
7894,train
19556,train
56328,train
44894,train
5038,train
38214,train
15997,train
12664,train
24231,train
70349,train
24133,train
647,train
19336,train
25168,train
22129,train
18974,train
42041,train
15077,train
24399,train
69930,train
11732,train
20348,train
25097,train
5704,train
51120,train
24553,train
63458,train
63274,train
41033,train
46184,train
38079,train
36395,train
26651,train
8972,train
33052,train
59410,train
37586,train
30417,train
14227,train
68723,train
6810,train
68270,train
10668,train
40335,train
27424,train
37916,train
68078,train
55768,train
35396,train
10043,train
34121,train
54143,train
42595,train
21568,train
16110,train
10223,train
17621,train
55546,train
15479,train
66812,train
59022,train
39055,train
51681,train
58379,train
12692,train
65470,train
18986,train
52042,train
69629,train
18360,train
54964,train
70404,train
67549,train
65059,train
29946,train
69613,train
17450,train
10426,train
68696,train
30953,train
16054,train
27801,train
2454,train
35385,train
64017,train
42898,train
53179,train
58657,train
27354,train
23335,train
36913,train
23256,train
52237,train
54243,train
26813,train
41577,train
66916,train
56128,train
21769,train
68760,train
5864,train
3501,train
7779,train
44075,train
54692,train
36424,train
16341,train
11110,train
26002,train
16531,train
50224,train
40339,train
7844,train
4542,train
26396,train
5798,train
33442,train
55914,train
61361,train
47386,train
936,train
7117,train
67080,train
881,train
54270,train
30554,train
48440,train
59772,train
49829,train
55301,train
7908,train
21755,train
63605,train
27505,train
13440,train
33220,train
1999,train
64383,train
57969,train
3382,train
57353,train
29014,train
33584,train
22494,train
4794,train
1697,train
28934,train
30359,train
62371,train
3245,train
22680,train
6997,train
57242,train
8816,train
1174,train
4533,train
58503,train
13612,train
25385,train
66992,train
60139,train
68535,train
58180,train
17336,train
68934,train
11708,train
32260,train
37587,train
18344,train
58662,train
65184,train
38809,train
69120,train
12494,train
26176,train
37010,train
206,train
36820,train
1494,train
22716,train
16635,train
46013,train
52828,train
60837,train
51284,train
7464,train
6048,train
60627,train
10445,train
3842,train
18093,train
31580,train
21536,train
22914,train
56798,train
36720,train
14488,train
32404,train
65857,train
53352,train
49029,train
8228,train
21227,train
51937,train
44177,train
33881,train
24456,train
56831,train
27927,train
10718,train
6655,train
52741,train
21298,train
1447,train
14841,train
31357,train
12133,train
54455,train
43597,train
56532,train
25341,train
35097,train
37918,train
47235,train
55508,train
50717,train
14420,train
9195,train
15541,train
20959,train
27190,train
54209,train
51339,train
4805,train
35474,train
15365,train
45940,train
63906,train
24835,train
38374,train
6568,train
6294,train
17315,train
47176,train
3119,train
21642,train
14479,train
44853,train
12771,train
53051,train
38460,train
2082,train
67037,train
5174,train
32703,train
54922,train
12582,train
61792,train
62267,train
49385,train
2977,train
30490,train
51672,train
69042,train
15128,train
69640,train
48701,train
38258,train
44449,train
69137,train
58579,train
29752,train
28776,train
19065,train
4219,train
62360,train
29747,train
30720,train
26237,train
65556,train
24699,train
42930,train
55066,train
21775,train
44802,train
24866,train
45499,train
48754,train
43789,train
53899,train
41596,train
13818,train
16700,train
68128,train
49482,train
10855,train
54307,train
6322,train
27867,train
32569,train
52215,train
8049,train
26024,train
16825,train
43079,train
65415,train
1664,train
50747,train
16924,train
41717,train
6084,train
46450,train
7109,train
63783,train
25009,train
57913,train
26045,train
36291,train
30609,train
23294,train
8814,train
41922,train
64642,train
58419,train
56018,train
27220,train
37551,train
39053,train
18793,train
61145,train
35228,train
28010,train
55219,train
19984,train
28545,train
46271,train
34456,train
21265,train
65466,train
43196,train
64204,train
53334,train
38754,train
53572,train
6024,train
47608,train
27704,train
45866,train
10111,train
41428,train
53563,train
35950,train
19181,train
42521,train
27894,train
32482,train
43468,train
34605,train
28196,train
54873,train
51333,train
44640,train
54482,train
17387,train
69579,train
38388,train
14447,train
21173,train
47895,train
67706,train
30289,train
67270,train
49,train
15048,train
26130,train
43234,train
33507,train
43992,train
39773,train
31768,train
27817,train
31976,train
30471,train
61017,train
42491,train
56408,train
17787,train
52495,train
22640,train
12166,train
19228,train
10465,train
3752,train
68162,train
37120,train
36002,train
70185,train
64200,train
26488,train
20607,train
9227,train
38121,train
9113,train
63446,train
54085,train
45804,train
59121,train
52203,train
28498,train
51975,train
65789,train
22139,train
63614,train
63117,train
66266,train
57980,train
25499,train
13593,train
66843,train
47236,train
21382,train
11011,train
33610,train
32129,train
59539,train
21528,train
19828,train
18027,train
12401,train
38849,train
30690,train
51249,train
22403,train
41961,train
50911,train
40484,train
62772,train
45456,train
5987,train
57987,train
57645,train
30920,train
6573,train
52403,train
14687,train
57875,train
68197,train
55741,train
16497,train
69764,train
13805,train
69156,train
31367,train
70366,train
68910,train
44676,train
63030,train
10228,train
59801,train
54975,train
28733,train
28246,train
20958,train
17009,train
68903,train
58914,train
605,train
2757,train
6134,train
52539,train
13786,train
56391,train
23261,train
15607,train
63811,train
1854,train
23513,train
52070,train
15866,train
44521,train
3678,train
19800,train
52931,train
17899,train
33227,train
53474,train
30846,train
24870,train
7484,train
1319,train
5447,train
60144,train
43666,train
37968,train
44385,train
62442,train
32287,train
18752,train
48453,train
51791,train
48745,train
27236,train
39936,train
19916,train
67038,train
67672,train
41726,train
32564,train
9008,train
1245,train
52761,train
45575,train
289,train
4204,train
3554,train
8978,train
6398,train
69992,train
27578,train
14804,train
58949,train
67366,train
19691,train
40186,train
61446,train
16731,train
1986,train
23288,train
37589,train
41016,train
62916,train
37447,train
62100,train
44292,train
54999,train
19187,train
20240,train
54216,train
41785,train
39879,train
25916,train
6343,train
5047,train
61783,train
42685,train
56732,train
37699,train
22840,train
33256,train
35827,train
31446,train
15559,train
24323,train
7417,train
43187,train
41920,train
64573,train
12911,train
39990,train
47461,train
68898,train
12544,train
25251,train
19895,train
5207,train
33613,train
69455,train
44733,train
2632,train
50815,train
5526,train
55839,train
26424,train
34397,train
9383,train
14079,train
9727,train
63709,train
37437,train
68531,train
31458,train
45720,train
50311,train
61903,train
39654,train
59582,train
16921,train
11898,train
50455,train
17736,train
20778,train
34769,train
44240,train
10417,train
17096,train
15311,train
59963,train
43156,train
50570,train
43794,train
12797,train
65334,train
21437,train
65136,train
9157,train
52324,train
11785,train
65558,train
39442,train
29040,train
24438,train
45558,train
26087,train
32032,train
58401,train
68732,train
26476,train
68023,train
5566,train
25420,train
65701,train
18616,train
40291,train
9456,train
8217,train
47332,train
54928,train
21507,train
2138,train
59332,train
6835,train
62246,train
53005,train
36767,train
11733,train
43686,train
24541,train
8892,train
29126,train
48043,train
33633,train
39227,train
23591,train
13005,train
60357,train
49893,train
63493,train
2946,train
8934,train
27132,train
40423,train
56935,train
27880,train
11147,train
45397,train
26141,train
49868,train
7115,train
29440,train
48416,train
39665,train
21595,train
54078,train
49637,train
42224,train
61859,train
67962,train
25252,train
62340,train
35932,train
68308,train
26531,train
33481,train
51780,train
18960,train
52799,train
413,train
24999,train
62727,train
4529,train
19461,train
37198,train
50992,train
55009,train
54957,train
29068,train
34185,train
60205,train
8556,train
35678,train
27507,train
21771,train
51028,train
40017,train
12475,train
37802,train
47136,train
5954,train
48419,train
11153,train
23321,train
3448,train
17042,train
50835,train
9339,train
41116,train
5997,train
25185,train
37280,train
5554,train
38988,train
51389,train
16777,train
33811,train
48250,train
23376,train
57491,train
48857,train
12121,train
18788,train
52814,train
34682,train
36351,train
23655,train
54693,train
31347,train
50336,train
45426,train
33068,train
41045,train
66533,train
19934,train
7643,train
67617,train
19999,train
34160,train
6833,train
25700,train
52083,train
65191,train
10128,train
46235,train
18133,train
7650,train
59567,train
2137,train
25419,train
55516,train
46984,train
35940,train
32451,train
45076,train
32460,train
991,train
45493,train
47216,train
3357,train
47397,train
57280,train
43224,train
15312,train
33264,train
14009,train
17396,train
5119,train
3856,train
38089,train
57220,train
65606,train
68644,train
20694,train
33414,train
8073,train
15789,train
62179,train
37776,train
11290,train
59509,train
22374,train
25709,train
16121,train
13628,train
56774,train
36179,train
51505,train
61055,train
14952,train
3162,train
41870,train
41022,train
3294,train
5457,train
33683,train
54825,train
57319,train
69394,train
67984,train
20677,train
1942,train
26110,train
68479,train
35668,train
67931,train
22684,train
33063,train
21444,train
33784,train
58830,train
33566,train
17508,train
37187,train
38725,train
17106,train
32183,train
66804,train
64756,train
31587,train
14587,train
6245,train
60536,train
17536,train
19522,train
15977,train
57571,train
45689,train
55954,train
49477,train
53332,train
46269,train
8805,train
28286,train
8283,train
37833,train
14546,train
51687,train
31278,train
52862,train
12459,train
65525,train
3480,train
11113,train
4060,train
23838,train
48433,train
3766,train
3693,train
58424,train
23472,train
55988,train
25745,train
887,train
45819,train
36039,train
20734,train
38696,train
32687,train
36787,train
12596,train
55925,train
57360,train
27425,train
30706,train
67384,train
39487,train
67635,train
48673,train
47723,train
12569,train
4994,train
37955,train
69731,train
58477,train
46845,train
25075,train
34072,train
7528,train
46468,train
34730,train
25610,train
68034,train
27636,train
64332,train
10358,train
58729,train
4694,train
45932,train
42613,train
16158,train
15144,train
22191,train
16745,train
38983,train
27168,train
55248,train
56709,train
19103,train
66043,train
62632,train
6291,train
67412,train
14066,train
18926,train
69336,train
30110,train
35817,train
25767,train
44094,train
50417,train
5808,train
14405,train
52564,train
47038,train
55173,train
13293,train
59270,train
53856,train
27863,train
23095,train
6462,train
42923,train
34791,train
56041,train
40530,train
15047,train
25154,train
34198,train
51465,train
29806,train
47842,train
13909,train
53488,train
13413,train
25317,train
2491,train
10544,train
12279,train
24450,train
21322,train
55614,train
53107,train
15700,train
32206,train
41612,train
18186,train
5615,train
25987,train
57166,train
16333,train
56239,train
1223,train
28814,train
40011,train
14070,train
56526,train
36099,train
15363,train
47043,train
29468,train
64580,train
9300,train
65662,train
67001,train
18854,train
38449,train
61480,train
15591,train
10995,train
51862,train
26469,train
55749,train
38709,train
28278,train
27522,train
39807,train
51775,train
63074,train
62093,train
15682,train
61048,train
62645,train
8385,train
58422,train
69925,train
45870,train
13822,train
31511,train
29603,train
69075,train
32829,train
61261,train
53897,train
30140,train
68102,train
7411,train
66577,train
23771,train
25014,train
20709,train
43333,train
4925,train
22923,train
22937,train
38177,train
21870,train
26707,train
69500,train
50808,train
55233,train
65734,train
50737,train
49459,train
5933,train
14671,train
44746,train
62282,train
29345,train
29805,train
52800,train
7388,train
61292,train
38970,train
42820,train
10788,train
55940,train
45526,train
45122,train
42244,train
12188,train
36266,train
21782,train
65859,train
66186,train
8405,train
4696,train
789,train
35974,train
56453,train
42361,train
64560,train
57589,train
26743,train
32668,train
16076,train
27162,train
65032,train
47706,train
30816,train
13762,train
23046,train
17870,train
7190,train
17205,train
23428,train
62832,train
43832,train
23258,train
13117,train
34317,train
5581,train
26859,train
53313,train
16269,train
42824,train
30292,train
65686,train
45095,train
36927,train
23089,train
65351,train
11748,train
56154,train
12824,train
36908,train
53634,train
1860,train
57668,train
24545,train
49718,train
42581,train
45016,train
44222,train
685,train
23299,train
42063,train
16005,train
64645,train
21530,train
10541,train
23606,train
47657,train
54251,train
6269,train
37327,train
38264,train
9405,train
31601,train
43503,train
10049,train
60611,train
34714,train
15675,train
63695,train
54110,train
63312,train
833,train
38738,train
33559,train
44544,train
42397,train
22808,train
2706,train
57582,train
8300,train
14965,train
68032,train
46729,train
45186,train
30018,train
51086,train
51343,train
8020,train
61900,train
65880,train
53732,train
5602,train
25875,train
19714,train
69191,train
58509,train
50595,train
43648,train
53065,train
41887,train
44243,train
13605,train
34834,train
4029,train
30054,train
43207,train
8937,train
70348,train
19518,train
49925,train
64741,train
66363,train
51456,train
6725,train
35820,train
68667,train
20415,train
59714,train
55805,train
13961,train
7020,train
1450,train
36280,train
29485,train
37274,train
59848,train
21340,train
54005,train
2451,train
17086,train
58214,train
62535,train
32172,train
57983,train
57384,train
8023,train
6769,train
68480,train
33948,train
30003,train
55696,train
6953,train
67332,train
41715,train
34904,train
41552,train
36555,train
49929,train
61890,train
37705,train
43542,train
17399,train
59916,train
65273,train
13531,train
55198,train
62485,train
41528,train
69700,train
30571,train
30109,train
15687,train
53084,train
39255,train
63367,train
21653,train
59194,train
6493,train
9734,train
3159,train
62333,train
45503,train
44111,train
10839,train
50998,train
29846,train
6140,train
42660,train
69157,train
5501,train
59440,train
56059,train
58741,train
58450,train
43958,train
25234,train
47433,train
60417,train
24873,train
16675,train
61530,train
9728,train
23452,train
8356,train
60449,train
19488,train
42159,train
24905,train
35155,train
47266,train
31977,train
46898,train
30173,train
46423,train
12077,train
47987,train
46226,train
45626,train
40350,train
20761,train
46201,train
19076,train
35788,train
4786,train
1014,train
57039,train
27610,train
28359,train
34387,train
50020,train
55205,train
8820,train
64831,train
49030,train
31765,train
18586,train
20516,train
57081,train
38488,train
5519,train
18316,train
42405,train
65763,train
56876,train
34854,train
51504,train
56510,train
65717,train
50173,train
41762,train
2642,train
502,train
12320,train
47555,train
18756,train
56962,train
65971,train
29680,train
37700,train
20377,train
19740,train
58527,train
35035,train
69471,train
824,train
65682,train
47478,train
58999,train
70131,train
57314,train
30142,train
29531,train
35083,train
12724,train
29996,train
58744,train
10783,train
13345,train
60926,train
27304,train
56370,train
39904,train
27185,train
61336,train
46050,train
27070,train
62733,train
57694,train
43499,train
46339,train
3416,train
61272,train
60800,train
36883,train
37453,train
5053,train
3996,train
38322,train
51583,train
27929,train
31152,train
38837,train
25581,train
27820,train
69586,train
21261,train
3689,train
66720,train
13978,train
49157,train
67465,train
22346,train
56374,train
29609,train
63743,train
59873,train
59900,train
1691,train
7978,train
59545,train
33612,train
45023,train
3878,train
11299,train
57706,train
34496,train
42957,train
40990,train
39933,train
2992,train
3098,train
22127,train
62639,train
19963,train
35116,train
25684,train
16836,train
68016,train
47412,train
49953,train
17670,train
51570,train
45294,train
69347,train
21790,train
3618,train
48635,train
16692,train
3754,train
13960,train
19214,train
3435,train
13563,train
8736,train
5298,train
39952,train
34410,train
12616,train
10909,train
12658,train
5445,train
26812,train
15096,train
57848,train
21387,train
17904,train
304,train
26570,train
10200,train
39384,train
35564,train
9602,train
18487,train
5152,train
65795,train
69905,train
19711,train
58696,train
506,train
35105,train
63126,train
25082,train
12450,train
69602,train
39835,train
22556,train
11416,train
57050,train
46268,train
44467,train
7555,train
46981,train
42866,train
3969,train
60204,train
40920,train
8861,train
36392,train
28813,train
12164,train
36812,train
53804,train
54171,train
14605,train
49262,train
28605,train
25950,train
5232,train
29494,train
56273,train
21728,train
49023,train
43098,train
42270,train
34421,train
17354,train
31164,train
41885,train
30874,train
15759,train
31079,train
62007,train
2205,train
17843,train
66453,train
9520,train
42484,train
49990,train
7547,train
28983,train
49822,train
47679,train
69904,train
22711,train
200,train
9266,train
20498,train
54434,train
5778,train
68252,train
46974,train
499,train
41520,train
66179,train
28346,train
3291,train
38965,train
46228,train
64130,train
29334,train
53351,train
37655,train
60766,train
7063,train
67321,train
40349,train
32048,train
3408,train
65087,train
273,train
33782,train
61927,train
47249,train
22561,train
28276,train
17739,train
40416,train
54011,train
36178,train
26368,train
40129,train
14559,train
70672,train
137,train
52292,train
25314,train
3584,train
66718,train
47855,train
46236,train
36485,train
50866,train
2061,train
3167,train
45650,train
60790,train
5310,train
3447,train
46147,train
49372,train
42979,train
47902,train
57633,train
70657,train
38432,train
55574,train
53050,train
51629,train
57226,train
59489,train
7649,train
42851,train
35616,train
55912,train
61438,train
7468,train
14182,train
12023,train
4776,train
51087,train
65141,train
21273,train
69985,train
43765,train
36887,train
69777,train
12454,train
47560,train
60137,train
70355,train
18235,train
33752,train
11885,train
58567,train
8529,train
66458,train
18172,train
35660,train
49078,train
41281,train
11752,train
63940,train
67798,train
44098,train
64007,train
54658,train
8397,train
48286,train
51616,train
36808,train
50669,train
31717,train
19105,train
40568,train
32249,train
63610,train
69116,train
62394,train
50187,train
34673,train
11541,train
43324,train
42030,train
5231,train
54091,train
43875,train
57805,train
54966,train
27063,train
62448,train
60653,train
48107,train
26029,train
35682,train
25557,train
45298,train
48610,train
61928,train
31646,train
220,train
57557,train
11881,train
19928,train
50546,train
17550,train
34625,train
20153,train
22904,train
5354,train
16087,train
65700,train
5355,train
54749,train
52045,train
24585,train
45668,train
23201,train
15989,train
55507,train
66309,train
45040,train
67736,train
469,train
11282,train
37722,train
10403,train
53619,train
61664,train
62109,train
62236,train
19663,train
62498,train
51523,train
16465,train
36639,train
64012,train
68487,train
62747,train
63516,train
54889,train
69814,train
58860,train
12891,train
67481,train
56216,train
34737,train
46407,train
61602,train
24501,train
43311,train
49332,train
10690,train
69181,train
34211,train
11073,train
69833,train
19493,train
27413,train
32066,train
44807,train
32593,train
58921,train
24286,train
23338,train
55991,train
5067,train
54640,train
1017,train
37459,train
35566,train
35533,train
54013,train
66139,train
66702,train
12241,train
44269,train
2989,train
68033,train
39739,train
60210,train
30848,train
28022,train
47274,train
33075,train
64127,train
495,train
57888,train
13454,train
70162,train
35371,train
2208,train
18951,train
57856,train
43626,train
65143,train
41210,train
64709,train
55349,train
39725,train
436,train
9009,train
21591,train
46582,train
27975,train
51846,train
64565,train
49480,train
13485,train
64578,train
51746,train
46397,train
64763,train
46006,train
65698,train
42856,train
9618,train
1300,train
36269,train
16437,train
63557,train
26912,train
5476,train
64472,train
57797,train
64220,train
39453,train
40457,train
48716,train
33855,train
32174,train
8601,train
22999,train
66311,train
68803,train
33280,train
36181,train
29285,train
23569,train
43441,train
46048,train
42061,train
1128,train
63539,train
69136,train
24528,train
28922,train
17358,train
21002,train
17754,train
62731,train
21061,train
40935,train
8567,train
445,train
30694,train
56884,train
31131,train
24252,train
2948,train
9896,train
41291,train
11871,train
28454,train
47034,train
45732,train
55740,train
15550,train
54533,train
7839,train
52526,train
43093,train
12556,train
19178,train
56912,train
54178,train
19653,train
57315,train
55364,train
1117,train
44687,train
42473,train
70359,train
6154,train
56473,train
44975,train
9817,train
47916,train
12460,train
19657,train
41142,train
65929,train
9107,train
6893,train
7269,train
65165,train
67676,train
8655,train
21604,train
16803,train
47712,train
53102,train
34335,train
12350,train
67336,train
53980,train
876,train
51170,train
62569,train
50651,train
41873,train
69254,train
40763,train
10170,train
2515,train
46259,train
8981,train
52229,train
909,train
15049,train
36586,train
30705,train
33341,train
45774,train
63498,train
34492,train
56938,train
54208,train
44489,train
61437,train
26931,train
14560,train
41810,train
10908,train
59110,train
65729,train
38309,train
68450,train
62347,train
57145,train
32678,train
44554,train
57514,train
56024,train
14758,train
21412,train
16783,train
38628,train
20627,train
69551,train
20266,train
46556,train
23955,train
19041,train
45223,train
10087,train
41843,train
10582,train
51728,train
22372,train
4485,train
28536,train
43950,train
63335,train
25364,train
49580,train
11796,train
20014,train
67347,train
41648,train
1227,train
13767,train
62072,train
58175,train
33542,train
6741,train
19665,train
49643,train
58538,train
27773,train
33979,train
45022,train
14608,train
28514,train
7205,train
35510,train
43957,train
32580,train
37544,train
54443,train
53503,train
8354,train
25869,train
30633,train
50291,train
4580,train
3479,train
57553,train
37626,train
1802,train
47184,train
7436,train
112,train
51876,train
61917,train
6101,train
45123,train
27069,train
67463,train
57282,train
63344,train
39066,train
45756,train
62814,train
27164,train
30890,train
24874,train
67725,train
5123,train
68431,train
61644,train
65281,train
23289,train
6522,train
4523,train
67519,train
32825,train
59079,train
4348,train
17833,train
53617,train
68566,train
59780,train
32,train
13188,train
46975,train
2436,train
1871,train
70307,train
45504,train
60166,train
29593,train
58979,train
9554,train
65317,train
61268,train
69891,train
29415,train
62010,train
28861,train
35382,train
28186,train
66190,train
56472,train
51906,train
41869,train
69633,train
41461,train
3946,train
63447,train
15021,train
57890,train
28029,train
31238,train
6474,train
13834,train
41607,train
21443,train
30198,train
64977,train
67428,train
1417,train
9839,train
49174,train
15692,train
54947,train
13896,train
10878,train
50124,train
62983,train
64902,train
40919,train
70378,train
68718,train
65624,train
28237,train
44394,train
43501,train
58408,train
8395,train
23815,train
30766,train
61090,train
66319,train
42246,train
37598,train
27795,train
41002,train
9633,train
69971,train
1143,train
27572,train
40756,train
59209,train
55689,train
23644,train
55729,train
70610,train
25423,train
65569,train
5504,train
61006,train
14800,train
23240,train
65091,train
114,train
22041,train
28559,train
12085,train
8438,train
57490,train
20280,train
36056,train
14734,train
16975,train
32013,train
70178,train
35796,train
46842,train
24836,train
56203,train
36125,train
28489,train
32559,train
8671,train
138,train
10477,train
57876,train
54582,train
34359,train
10999,train
31008,train
11280,train
13391,train
24885,train
68007,train
66305,train
62859,train
40564,train
17197,train
52085,train
6744,train
20636,train
64527,train
4668,train
54942,train
29994,train
57439,train
62036,train
59164,train
30297,train
2729,train
35167,train
32914,train
47260,train
7047,train
69404,train
53335,train
43347,train
3635,train
21492,train
49630,train
49622,train
37676,train
38171,train
38922,train
36212,train
21062,train
46930,train
31060,train
4838,train
43967,train
59046,train
64459,train
48336,train
56378,train
10626,train
29034,train
44299,train
15375,train
55502,train
57299,train
28253,train
17073,train
15323,train
16179,train
8862,train
6236,train
32450,train
68640,train
18058,train
4834,train
29560,train
24519,train
33686,train
10906,train
43303,train
52335,train
46425,train
45152,train
4130,train
62537,train
17449,train
48222,train
2970,train
5125,train
2697,train
35498,train
14201,train
1713,train
17316,train
43216,train
59117,train
7537,train
3136,train
55223,train
46212,train
64651,train
23940,train
47791,train
62651,train
50271,train
14859,train
22480,train
7412,train
47564,train
33032,train
61412,train
48041,train
36352,train
18640,train
22038,train
22066,train
46217,train
55731,train
15960,train
17617,train
65609,train
60472,train
67052,train
35080,train
61393,train
9196,train
30261,train
6932,train
29542,train
4183,train
67569,train
17715,train
48109,train
14003,train
6962,train
43022,train
6912,train
8927,train
51263,train
65026,train
65039,train
1574,train
19397,train
53660,train
9019,train
18429,train
42276,train
39554,train
56527,train
41641,train
38450,train
58583,train
15656,train
54600,train
32275,train
1657,train
67041,train
43594,train
3309,train
13569,train
58779,train
16995,train
23359,train
61746,train
47016,train
57798,train
12805,train
26123,train
40328,train
2094,train
49760,train
17807,train
5874,train
42758,train
28008,train
68047,train
31212,train
59671,train
7842,train
17356,train
66469,train
29586,train
6051,train
15161,train
16629,train
6275,train
34583,train
29029,train
48464,train
44055,train
32361,train
59057,train
21760,train
62655,train
40065,train
5680,train
15596,train
29856,train
7755,train
34654,train
37678,train
56685,train
64470,train
5714,train
62101,train
8351,train
27569,train
45373,train
67120,train
7767,train
40444,train
36906,train
46251,train
67335,train
9079,train
27723,train
20034,train
42520,train
56552,train
7355,train
36282,train
29876,train
64462,train
35919,train
44674,train
25210,train
34055,train
60188,train
26952,train
22610,train
12383,train
56188,train
21957,train
62689,train
70031,train
12648,train
34462,train
41721,train
66008,train
70158,train
59810,train
37641,train
35601,train
66739,train
13055,train
27955,train
22209,train
52894,train
10142,train
68495,train
39207,train
59314,train
8263,train
21682,train
39201,train
34681,train
35537,train
70504,train
11381,train
54465,train
28521,train
47808,train
7567,train
44327,train
18894,train
43876,train
35722,train
12629,train
1963,train
14597,train
55105,train
56159,train
40958,train
55157,train
68052,train
17519,train
65055,train
28740,train
48644,train
11180,train
52167,train
13263,train
9108,train
28747,train
38491,train
36989,train
3613,train
43708,train
45975,train
53101,train
55674,train
49683,train
66639,train
49184,train
927,train
26756,train
38425,train
33817,train
7058,train
42069,train
35569,train
56143,train
59673,train
33596,train
10526,train
2302,train
41505,train
31757,train
17792,train
25272,train
3002,train
48984,train
62470,train
6968,train
30133,train
20820,train
49744,train
46190,train
59538,train
37056,train
40007,train
45797,train
25250,train
50752,train
38118,train
30215,train
2071,train
18408,train
1188,train
5308,train
23720,train
15595,train
13249,train
16476,train
35924,train
9326,train
54290,train
39829,train
36712,train
1279,train
33238,train
54313,train
55973,train
13067,train
65443,train
36678,train
27275,train
9450,train
51227,train
4996,train
59591,train
65070,train
63857,train
2423,train
44606,train
9756,train
60038,train
52476,train
49473,train
39045,train
51176,train
37758,train
56290,train
39215,train
37294,train
14191,train
59447,train
44128,train
49788,train
39513,train
24143,train
62894,train
2013,train
27315,train
39437,train
46267,train
65898,train
24850,train
13686,train
35965,train
32682,train
46238,train
52821,train
45457,train
9151,train
67057,train
68426,train
47694,train
18124,train
3555,train
32407,train
24619,train
36764,train
38101,train
32076,train
27106,train
9940,train
37873,train
46760,train
17793,train
19322,train
37962,train
58993,train
43972,train
43783,train
8527,train
54253,train
63078,train
33886,train
48220,train
31945,train
3862,train
48384,train
31916,train
60947,train
52152,train
19167,train
23018,train
3966,train
6805,train
32695,train
42712,train
55977,train
63426,train
7133,train
55412,train
36052,train
20008,train
58963,train
9163,train
70188,train
63079,train
17998,train
39522,train
39083,train
62486,train
66950,train
27299,train
7365,train
69920,train
53870,train
57388,train
61275,train
61392,train
37880,train
2775,train
66649,train
60328,train
19870,train
36823,train
51036,train
64186,train
46299,train
16347,train
46132,train
49993,train
47724,train
69150,train
40683,train
64199,train
2386,train
3236,train
39131,train
14177,train
38992,train
61117,train
53350,train
61734,train
53184,train
69486,train
1195,train
48590,train
61759,train
14650,train
65627,train
4198,train
26263,train
37046,train
17229,train
37074,train
35284,train
36481,train
18508,train
41233,train
3777,train
47908,train
35076,train
56371,train
9271,train
8891,train
52873,train
20672,train
46479,train
30313,train
53738,train
2243,train
41082,train
66402,train
25935,train
21462,train
18375,train
64799,train
59252,train
24128,train
58001,train
2906,train
25147,train
41533,train
1983,train
3312,train
29579,train
32481,train
44144,train
61065,train
42925,train
52644,train
64585,train
40176,train
20322,train
60752,train
24270,train
38112,train
30670,train
54117,train
11452,train
48677,train
37058,train
67447,train
21280,train
8813,train
23691,train
62907,train
38364,train
55624,train
20219,train
68858,train
54805,train
2841,train
28750,train
53369,train
23469,train
27409,train
56613,train
51611,train
57900,train
48647,train
35511,train
56985,train
38835,train
68249,train
1973,train
33984,train
27623,train
16600,train
31735,train
11597,train
19,train
43046,train
52113,train
11195,train
56050,train
55351,train
25616,train
58801,train
10587,train
65877,train
70302,train
19344,train
10245,train
62502,train
66456,train
10104,train
26595,train
52228,train
18643,train
26348,train
46358,train
33128,train
57995,train
21269,train
60619,train
8581,train
6760,train
2784,train
24676,train
58678,train
42208,train
1911,train
32047,train
39412,train
44647,train
63642,train
19616,train
62567,train
53451,train
41034,train
52118,train
57583,train
4344,train
66084,train
43328,train
3963,train
7698,train
20326,train
63047,train
11056,train
714,train
16503,train
54982,train
28790,train
50902,train
42073,train
26277,train
49675,train
9832,train
28148,train
435,train
3181,train
33783,train
59763,train
64336,train
46032,train
66646,train
59185,train
13860,train
39246,train
22313,train
69052,train
18690,train
29798,train
19970,train
22794,train
21248,train
27821,train
2363,train
22355,train
50379,train
23558,train
2845,train
13776,train
361,train
22679,train
25625,train
70268,train
32503,train
39051,train
37451,train
34662,train
6010,train
4738,train
25839,train
42629,train
49606,train
53404,train
55876,train
14330,train
33978,train
59896,train
10778,train
65695,train
18482,train
69803,train
27428,train
64010,train
39299,train
65738,train
41220,train
18743,train
17941,train
1036,train
29116,train
55441,train
56597,train
45658,train
36951,train
59647,train
38468,train
985,train
62734,train
49263,train
32887,train
56142,train
70319,train
13041,train
59299,train
70084,train
36290,train
67773,train
15979,train
50350,train
43480,train
21464,train
56121,train
20776,train
6954,train
1293,train
34022,train
33624,train
5497,train
68166,train
57171,train
29436,train
28060,train
40243,train
59742,train
28990,train
60663,train
35266,train
41960,train
32805,train
36334,train
47218,train
7565,train
18910,train
55963,train
51405,train
5401,train
60247,train
458,train
8146,train
66731,train
24032,train
34994,train
10967,train
50637,train
1915,train
42996,train
55275,train
48138,train
46909,train
8175,train
22367,train
7423,train
65910,train
26714,train
9334,train
10473,train
21854,train
46948,train
47105,train
23314,train
49141,train
46207,train
32475,train
67352,train
62775,train
51956,train
15769,train
61406,train
5460,train
38985,train
4802,train
45923,train
42382,train
41438,train
43409,train
46364,train
1369,train
6112,train
22455,train
7406,train
68629,train
61729,train
1176,train
48534,train
23842,train
34292,train
3192,train
61565,train
47792,train
46571,train
43900,train
2802,train
8682,train
38565,train
68568,train
47475,train
67397,train
61171,train
41401,train
9168,train
3738,train
11388,train
41125,train
69203,train
50759,train
46369,train
13777,train
26249,train
188,train
29997,train
62756,train
26925,train
47945,train
55414,train
24783,train
4815,train
16289,train
4406,train
35320,train
35946,train
52507,train
48767,train
11642,train
63665,train
35721,train
4292,train
15729,train
48527,train
64416,train
18993,train
40489,train
69067,train
41517,train
17367,train
52631,train
16840,train
6185,train
35508,train
36303,train
31538,train
17176,train
45411,train
30798,train
49818,train
20259,train
52227,train
57389,train
27545,train
51497,train
16188,train
48092,train
1484,train
58666,train
62326,train
40814,train
48081,train
59648,train
50102,train
39046,train
44417,train
63392,train
68339,train
32207,train
63916,train
53576,train
57297,train
8002,train
46227,train
68089,train
36710,train
64869,train
15066,train
14360,train
62117,train
16939,train
19448,train
64062,train
57306,train
68578,train
14798,train
56195,train
33800,train
27526,train
36520,train
65551,train
63284,train
58608,train
7240,train
20659,train
13804,train
49823,train
9474,train
16580,train
67043,train
25910,train
50003,train
30250,train
8809,train
59132,train
61353,train
57762,train
513,train
26222,train
69017,train
51711,train
65884,train
69127,train
50426,train
55666,train
14858,train
42440,train
58499,train
55760,train
32358,train
57137,train
15296,train
49337,train
725,train
22589,train
1584,train
11650,train
30531,train
16016,train
69856,train
36631,train
16625,train
54228,train
56618,train
3114,train
2893,train
60950,train
11939,train
54609,train
41109,train
45377,train
15924,train
3153,train
10192,train
896,train
67243,train
19904,train
20478,train
399,train
13320,train
20029,train
34152,train
36484,train
5209,train
64466,train
67060,train
17637,train
14744,train
38048,train
30965,train
35295,train
932,train
36793,train
62762,train
2550,train
61319,train
20082,train
32401,train
56339,train
48625,train
17146,train
9531,train
3458,train
50647,train
44341,train
26588,train
50378,train
4194,train
23993,train
13588,train
54063,train
41457,train
2877,train
44015,train
30580,train
9526,train
13745,train
41484,train
70352,train
16908,train
32007,train
52183,train
44004,train
5369,train
35066,train
20302,train
36196,train
18141,train
49402,train
39338,train
66192,train
17872,train
1545,train
69907,train
43868,train
62634,train
21761,train
43447,train
59515,train
12168,train
38091,train
23697,train
11095,train
1956,train
17335,train
3307,train
49427,train
24697,train
11262,train
54330,train
68374,train
19384,train
36526,train
23909,train
69877,train
69470,train
36828,train
52024,train
45494,train
38125,train
63235,train
56548,train
3532,train
2325,train
27478,train
3099,train
20462,train
32623,train
13664,train
10845,train
54345,train
30656,train
19645,train
67865,train
18150,train
46283,train
61529,train
23076,train
1815,train
12972,train
31359,train
48447,train
42161,train
47870,train
19785,train
53432,train
17303,train
7346,train
53593,train
61550,train
50838,train
52247,train
36109,train
2523,train
1105,train
8079,train
29379,train
27047,train
34360,train
33964,train
1096,train
21703,train
13595,train
31427,train
23345,train
17697,train
6457,train
60159,train
5721,train
21431,train
18758,train
18598,train
40883,train
48002,train
54563,train
20422,train
35442,train
47487,train
62760,train
48145,train
62615,train
5464,train
30196,train
31911,train
26593,train
20248,train
51947,train
17599,train
65277,train
970,train
2178,train
26658,train
28927,train
25850,train
42980,train
15052,train
1719,train
4289,train
42369,train
17089,train
36605,train
56509,train
1353,train
27546,train
26098,train
66933,train
12036,train
3388,train
14289,train
21352,train
43281,train
67904,train
65162,train
45194,train
56765,train
38128,train
46053,train
4095,train
68276,train
48088,train
31202,train
41971,train
64627,train
48057,train
12011,train
66747,train
7457,train
28097,train
22701,train
28991,train
55550,train
5446,train
9677,train
55398,train
53318,train
62897,train
32571,train
29685,train
47378,train
43771,train
12920,train
59528,train
34478,train
37494,train
3275,train
47544,train
17309,train
25335,train
62341,train
59013,train
65773,train
32194,train
34014,train
13103,train
26366,train
70038,train
35851,train
51035,train
40980,train
62303,train
33840,train
35963,train
33400,train
55161,train
5551,train
26591,train
66976,train
42645,train
23027,train
51388,train
5597,train
8214,train
67542,train
19702,train
35274,train
61500,train
30509,train
25474,train
25032,train
66104,train
67023,train
6703,train
64884,train
28092,train
24371,train
43911,train
14766,train
19180,train
67563,train
66374,train
17682,train
64155,train
19959,train
18339,train
45542,train
46122,train
59878,train
50117,train
9295,train
7316,train
53027,train
38668,train
51694,train
43019,train
4388,train
30562,train
55272,train
21900,train
20379,train
21958,train
13183,train
44393,train
29369,train
30038,train
65271,train
25742,train
24347,train
55458,train
36694,train
38647,train
23939,train
56905,train
12843,train
17962,train
62085,train
59178,train
33513,train
50513,train
565,train
63169,train
55449,train
33733,train
69781,train
10525,train
4263,train
64353,train
56150,train
21007,train
16736,train
38247,train
44622,train
40911,train
3601,train
7477,train
58892,train
18278,train
62680,train
28615,train
68517,train
46441,train
15415,train
59464,train
28649,train
42527,train
39325,train
46792,train
64509,train
29933,train
26258,train
66239,train
34075,train
48011,train
4098,train
53560,train
69389,train
56842,train
56858,train
49842,train
36607,train
58051,train
6622,train
42177,train
38655,train
35719,train
24820,train
62864,train
29213,train
38280,train
1273,train
33545,train
56014,train
43310,train
16469,train
43230,train
39922,train
64700,train
6905,train
32158,train
18224,train
28627,train
50168,train
5175,train
22343,train
69542,train
39642,train
32947,train
69696,train
12142,train
1166,train
39007,train
32345,train
69,train
23141,train
50744,train
43801,train
989,train
1288,train
62074,train
33343,train
58288,train
51448,train
66278,train
24156,train
52535,train
52255,train
37363,train
14089,train
21781,train
19842,train
8361,train
31869,train
11503,train
10448,train
11295,train
32486,train
36669,train
37910,train
61206,train
36134,train
21276,train
39429,train
12802,train
33944,train
33277,train
25017,train
25473,train
10871,train
9535,train
43160,train
47164,train
62583,train
30613,train
21621,train
24829,train
8325,train
65393,train
46075,train
50135,train
18791,train
70484,train
15309,train
31162,train
39,train
4942,train
10378,train
12311,train
62923,train
12591,train
63990,train
57670,train
45289,train
62506,train
29207,train
26770,train
2680,train
13682,train
29692,train
17595,train
68850,train
44508,train
53844,train
59112,train
60341,train
30143,train
49269,train
49421,train
31846,train
53377,train
3742,train
38819,train
31938,train
32811,train
29843,train
12606,train
49484,train
55656,train
35747,train
30644,train
47144,train
26298,train
3,train
29646,train
40436,train
33076,train
2146,train
56322,train
54780,train
32868,train
48886,train
44994,train
43489,train
33581,train
51823,train
67303,train
60172,train
62286,train
40653,train
23618,train
50904,train
29107,train
43622,train
30602,train
25689,train
20528,train
12229,train
30296,train
13220,train
13930,train
50906,train
69540,train
10959,train
48815,train
12212,train
25072,train
18879,train
26674,train
4798,train
57450,train
24479,train
52593,train
69039,train
42236,train
1322,train
57167,train
37196,train
17661,train
36478,train
33127,train
27824,train
20019,train
48446,train
43698,train
29084,train
64719,train
11666,train
43162,train
51157,train
68714,train
48381,train
2441,train
18566,train
20343,train
5318,train
60904,train
18866,train
57539,train
36151,train
56601,train
65802,train
23447,train
58091,train
15818,train
27716,train
27512,train
8841,train
28068,train
42464,train
62384,train
65234,train
63209,train
70098,train
33377,train
58141,train
53953,train
26437,train
17390,train
64202,train
56372,train
4414,train
37914,train
54201,train
34414,train
56085,train
68048,train
5240,train
49223,train
28812,train
53251,train
10865,train
9522,train
58178,train
11923,train
16360,train
42531,train
13105,train
18168,train
59915,train
4278,train
41722,train
65411,train
10055,train
36599,train
64896,train
17138,train
6328,train
44265,train
38575,train
36772,train
59207,train
30380,train
64146,train
37104,train
11843,train
52961,train
36797,train
11012,train
39626,train
27374,train
16579,train
33013,train
30433,train
41821,train
66733,train
63322,train
63002,train
36443,train
23636,train
17242,train
59841,train
11336,train
64373,train
3889,train
70430,train
63873,train
3787,train
9071,train
16316,train
41176,train
50781,train
23062,train
28958,train
14,train
12697,train
25835,train
40453,train
63223,train
14121,train
37879,train
2259,train
14933,train
67697,train
9567,train
65567,train
52092,train
23136,train
17127,train
24101,train
39680,train
66677,train
33469,train
28865,train
62705,train
48434,train
2392,train
49451,train
67364,train
45765,train
21959,train
41764,train
59722,train
36264,train
38007,train
14927,train
38870,train
27852,train
61259,train
1149,train
9665,train
29066,train
10517,train
50427,train
55536,train
43458,train
54863,train
51913,train
19549,train
19147,train
56320,train
48889,train
763,train
5957,train
41834,train
54019,train
51748,train
9084,train
64187,train
36950,train
40833,train
57078,train
28240,train
27006,train
3124,train
45834,train
7626,train
8141,train
22930,train
41036,train
537,train
11103,train
9808,train
42562,train
59321,train
61732,train
41862,train
54877,train
5665,train
32163,train
10145,train
17912,train
4637,train
65097,train
47207,train
52955,train
58374,train
165,train
50243,train
8626,train
58673,train
48015,train
30745,train
16652,train
5394,train
26435,train
49133,train
33647,train
17855,train
55906,train
24877,train
48489,train
46797,train
41644,train
9953,train
25463,train
70660,train
51061,train
20987,train
61486,train
10340,train
56119,train
10737,train
21986,train
63651,train
25052,train
2089,train
10619,train
35156,train
11098,train
40075,train
46515,train
51626,train
54075,train
44407,train
40675,train
27110,train
41190,train
6565,train
35497,train
2684,train
25645,train
18259,train
52964,train
13898,train
6999,train
49492,train
6325,train
58073,train
27324,train
67350,train
62830,train
60520,train
15952,train
43670,train
55891,train
35585,train
47469,train
50602,train
45642,train
33963,train
31096,train
64255,train
60856,train
2747,train
5003,train
25784,train
64855,train
64124,train
23920,train
21566,train
8715,train
59268,train
49132,train
35152,train
53342,train
2295,train
13255,train
23871,train
60346,train
54350,train
29520,train
39341,train
8237,train
35173,train
41751,train
4545,train
16457,train
27664,train
69825,train
897,train
40777,train
31070,train
50439,train
30168,train
65924,train
21348,train
66890,train
28482,train
59045,train
21319,train
58965,train
23042,train
28236,train
25294,train
1803,train
59695,train
55983,train
52758,train
10095,train
64310,train
56865,train
2442,train
44808,train
69886,train
54597,train
11122,train
69647,train
68055,train
65680,train
1572,train
6180,train
1903,train
61479,train
23682,train
5283,train
65824,train
29370,train
38290,train
57485,train
11637,train
28459,train
34712,train
11024,train
21238,train
32001,train
42954,train
21229,train
10009,train
65504,train
62450,train
62693,train
40953,train
21608,train
58702,train
29555,train
39987,train
46788,train
53964,train
27486,train
3526,train
68876,train
31476,train
24271,train
64020,train
19925,train
29071,train
67400,train
13480,train
30390,train
33406,train
2257,train
36074,train
31981,train
9265,train
68006,train
24900,train
22130,train
43668,train
56883,train
52391,train
62982,train
53643,train
17669,train
43691,train
29479,train
56644,train
31413,train
56925,train
68377,train
69841,train
230,train
17946,train
37045,train
60477,train
15451,train
67828,train
60660,train
30526,train
46434,train
18848,train
49250,train
4352,train
14169,train
51836,train
4288,train
48901,train
11320,train
33586,train
45276,train
15241,train
27749,train
63520,train
16481,train
50307,train
11431,train
21634,train
9320,train
51187,train
2254,train
17939,train
47871,train
33652,train
20682,train
12022,train
66826,train
69175,train
39094,train
644,train
48747,train
58960,train
25268,train
5423,train
41749,train
16603,train
16206,train
44168,train
23140,train
13581,train
28451,train
59173,train
38054,train
28315,train
58906,train
10820,train
64324,train
69050,train
42338,train
9173,train
66496,train
37926,train
42517,train
29263,train
53234,train
11836,train
54954,train
62077,train
69281,train
53806,train
68633,train
35056,train
30855,train
64164,train
24891,train
9011,train
53323,train
53181,train
13899,train
70418,train
54628,train
70045,train
201,train
3010,train
64579,train
30657,train
50658,train
51020,train
1377,train
31000,train
52508,train
21404,train
47618,train
23304,train
12736,train
70228,train
60104,train
3560,train
7162,train
21326,train
19043,train
70395,train
11094,train
15177,train
28202,train
44918,train
63166,train
12310,train
57928,train
11723,train
60696,train
14526,train
14052,train
56626,train
23196,train
66688,train
1940,train
13497,train
63417,train
21339,train
24962,train
55495,train
12427,train
55766,train
70604,train
22538,train
14499,train
9523,train
20935,train
973,train
52672,train
9425,train
43537,train
8257,train
33286,train
70658,train
24324,train
65458,train
15158,train
44898,train
21926,train
49068,train
6212,train
58472,train
55918,train
32330,train
15982,train
59020,train
51073,train
42737,train
29969,train
63573,train
449,train
62374,train
23436,train
1513,train
31518,train
14010,train
38021,train
25489,train
32009,train
39259,train
3304,train
70341,train
69778,train
47980,train
26317,train
29842,train
8548,train
22304,train
69737,train
9441,train
65890,train
44667,train
40617,train
10741,train
12632,train
47965,train
36541,train
45124,train
2447,train
50344,train
30332,train
23958,train
4972,train
51752,train
35836,train
29041,train
56452,train
27218,train
998,train
40798,train
24473,train
54688,train
7680,train
2290,train
55555,train
57808,train
29339,train
36123,train
5587,train
33373,train
20357,train
67193,train
19621,train
56212,train
46661,train
64390,train
33778,train
15672,train
52822,train
26974,train
66766,train
15138,train
40706,train
26169,train
12504,train
27841,train
58714,train
14516,train
44461,train
56431,train
12356,train
15777,train
55713,train
23190,train
37540,train
15663,train
40417,train
48181,train
3696,train
958,train
34678,train
3339,train
34845,train
6218,train
43609,train
23726,train
39311,train
22955,train
26196,train
40909,train
12699,train
63000,train
19486,train
58537,train
7005,train
36283,train
68869,train
20195,train
240,train
21631,train
46318,train
12157,train
50468,train
69314,train
62838,train
25464,train
60953,train
16909,train
25492,train
46284,train
21547,train
28342,train
36420,train
29987,train
16165,train
67510,train
69917,train
3927,train
63592,train
25036,train
2570,train
59193,train
35222,train
45402,train
8380,train
40198,train
25593,train
42257,train
45143,train
25069,train
16000,train
49089,train
45522,train
53169,train
41447,train
13457,train
4448,train
40282,train
43738,train
4939,train
18811,train
7854,train
12148,train
68960,train
48963,train
18331,train
35921,train
68782,train
2316,train
60554,train
41849,train
45993,train
2800,train
63658,train
12779,train
46418,train
396,train
10914,train
45884,train
32653,train
66106,train
69339,train
56683,train
31197,train
4602,train
29221,train
31125,train
59191,train
69352,train
37342,train
40561,train
3063,train
8994,train
10754,train
36570,train
49969,train
58418,train
30461,train
38476,train
60502,train
14778,train
69409,train
67086,train
45969,train
55540,train
52032,train
47658,train
67226,train
65659,train
54874,train
40692,train
54039,train
7073,train
5297,train
5327,train
43935,train
35540,train
40835,train
51844,train
5710,train
14467,train
64021,train
57660,train
32838,train
43835,train
68024,train
68830,train
28187,train
48315,train
36900,train
24337,train
12485,train
31418,train
66243,train
55955,train
209,train
24319,train
19856,train
70246,train
29908,train
28679,train
63973,train
686,train
10254,train
33254,train
47417,train
39870,train
63913,train
8396,train
9634,train
70170,train
62079,train
19833,train
34634,train
18376,train
66673,train
50785,train
52225,train
47185,train
3396,train
3984,train
44708,train
58484,train
17744,train
32680,train
64337,train
61035,train
54676,train
33139,train
56368,train
31098,train
11584,train
36341,train
57772,train
53785,train
28879,train
49865,train
69732,train
5235,train
22008,train
51562,train
10570,train
51380,train
67430,train
69742,train
37313,train
17982,train
57889,train
40573,train
4014,train
31232,train
7321,train
26971,train
33458,train
17688,train
11408,train
20978,train
11413,train
23807,train
58466,train
59886,train
58021,train
1704,train
21053,train
50075,train
2767,train
57747,train
39553,train
63810,train
30408,train
46449,train
71,train
10827,train
13527,train
10294,train
39449,train
61047,train
53860,train
70276,train
63816,train
20722,train
17103,train
1400,train
49886,train
66174,train
8352,train
46001,train
54086,train
31847,train
33389,train
49774,train
48085,train
17572,train
52939,train
70617,train
39156,train
37896,train
67256,train
20079,train
6381,train
44952,train
50700,train
20185,train
55197,train
20920,train
38642,train
49005,train
10364,train
57243,train
61355,train
14141,train
3824,train
13448,train
29595,train
65455,train
44377,train
892,train
20124,train
33445,train
39721,train
18564,train
44899,train
53628,train
24686,train
704,train
69758,train
33543,train
5894,train
36762,train
8519,train
57887,train
758,train
36882,train
8575,train
46676,train
31334,train
15426,train
24971,train
641,train
50656,train
31535,train
21267,train
55271,train
24362,train
21837,train
41725,train
22617,train
31281,train
59894,train
7673,train
2580,train
40751,train
45672,train
60688,train
12488,train
41224,train
5049,train
56373,train
1362,train
1617,train
37648,train
63031,train
14731,train
52441,train
65842,train
63510,train
56082,train
4151,train
27758,train
27298,train
68900,train
40745,train
6646,train
4013,train
8730,train
4851,train
47926,train
6468,train
23105,train
18157,train
48182,train
221,train
60697,train
53449,train
59062,train
39571,train
50296,train
18659,train
8950,train
63904,train
67820,train
47442,train
53093,train
23549,train
38362,train
1974,train
11313,train
46668,train
21778,train
13583,train
56653,train
4311,train
3940,train
43103,train
20408,train
17131,train
31993,train
68779,train
70495,train
65608,train
64106,train
37688,train
23206,train
6064,train
68179,train
58552,train
26666,train
17798,train
59071,train
21499,train
58026,train
23423,train
52774,train
42507,train
51673,train
69182,train
11323,train
54097,train
51546,train
30839,train
65083,train
6429,train
44114,train
17539,train
68266,train
30318,train
16646,train
37452,train
59716,train
24590,train
8656,train
70636,train
49996,train
53443,train
43939,train
44984,train
11148,train
7729,train
40850,train
42317,train
38072,train
57679,train
56533,train
9819,train
19469,train
8550,train
25510,train
29173,train
21076,train
62294,train
53147,train
16113,train
43521,train
59813,train
28862,train
65935,train
38612,train
53906,train
15647,train
39566,train
40879,train
28341,train
55057,train
17292,train
17611,train
7699,train
34733,train
24610,train
23174,train
55588,train
5130,train
7600,train
28894,train
43541,train
26796,train
35403,train
5251,train
57198,train
14594,train
42389,train
30307,train
53078,train
70278,train
51863,train
13817,train
21032,train
16453,train
35423,train
37835,train
5249,train
3873,train
41949,train
32176,train
33604,train
2452,train
28248,train
48779,train
62379,train
509,train
70643,train
1039,train
14173,train
16664,train
55207,train
36486,train
33126,train
64168,train
23761,train
70592,train
42734,train
55069,train
31711,train
44351,train
3558,train
14178,train
44935,train
1874,train
36135,train
14028,train
55176,train
66145,train
20469,train
16197,train
9829,train
42278,train
47264,train
58784,train
930,train
55806,train
29078,train
38094,train
37868,train
26606,train
53340,train
3868,train
53823,train
23700,train
5188,train
31531,train
70558,train
13227,train
70392,train
1356,train
45613,train
22675,train
8904,train
60150,train
10580,train
55893,train
39583,train
33251,train
27171,train
10165,train
2073,train
3251,train
70529,train
56504,train
61075,train
70244,train
42255,train
45087,train
12674,train
13451,train
36431,train
30742,train
37923,train
47391,train
17254,train
5203,train
66686,train
65116,train
218,train
48366,train
2725,train
27851,train
37317,train
51533,train
68699,train
8832,train
2964,train
70166,train
43588,train
52897,train
9410,train
20890,train
2569,train
4777,train
36537,train
50683,train
42331,train
13965,train
17276,train
25855,train
17283,train
34648,train
54100,train
30381,train
68742,train
61221,train
7744,train
7046,train
8051,train
18666,train
37995,train
48343,train
16480,train
20691,train
58182,train
48956,train
20628,train
25443,train
50662,train
27405,train
22719,train
64598,train
2251,train
38241,train
59072,train
57725,train
19765,train
47119,train
23515,train
13968,train
56948,train
68872,train
62429,train
35538,train
44418,train
29175,train
55,train
28670,train
56196,train
46222,train
51002,train
56607,train
57201,train
4859,train
40696,train
60286,train
2066,train
31493,train
28406,train
40908,train
38843,train
57143,train
9130,train
1599,train
22055,train
23291,train
65218,train
3924,train
60006,train
55769,train
49004,train
66414,train
20404,train
34833,train
18609,train
69508,train
43119,train
5769,train
58133,train
10045,train
6556,train
18771,train
24911,train
8216,train
61475,train
53188,train
48134,train
42757,train
26751,train
10621,train
31624,train
19113,train
12309,train
50544,train
5409,train
8660,train
51423,train
27912,train
25501,train
55682,train
24919,train
60017,train
19374,train
31833,train
34122,train
63602,train
33272,train
21399,train
46030,train
13895,train
8299,train
50825,train
68774,train
39574,train
55807,train
54762,train
17748,train
12220,train
9721,train
69828,train
20531,train
26318,train
14555,train
26419,train
37143,train
54262,train
66565,train
33209,train
31653,train
19640,train
37376,train
32379,train
64639,train
35359,train
20833,train
18520,train
65599,train
57585,train
59871,train
35865,train
31081,train
64953,train
54572,train
307,train
27300,train
60682,train
8806,train
48518,train
44852,train
69058,train
32399,train
13671,train
14053,train
64534,train
60729,train
46297,train
44309,train
31566,train
3698,train
53730,train
55306,train
31186,train
30612,train
33011,train
58303,train
59141,train
47476,train
52492,train
22429,train
16973,train
11487,train
45119,train
58774,train
14486,train
18625,train
54734,train
47019,train
2648,train
36961,train
3789,train
7590,train
30067,train
55783,train
29410,train
69378,train
16687,train
49264,train
69851,train
12443,train
21600,train
46946,train
64591,train
25762,train
26768,train
2450,train
42083,train
24854,train
21603,train
24582,train
69370,train
4901,train
14985,train
67062,train
55538,train
52198,train
47519,train
41168,train
16656,train
23929,train
19255,train
56767,train
53600,train
20160,train
23879,train
49400,train
56513,train
64002,train
22241,train
67950,train
67806,train
53288,train
45071,train
11100,train
52606,train
54824,train
23365,train
34253,train
52143,train
58732,train
54249,train
21251,train
47462,train
56060,train
43688,train
45636,train
41649,train
2698,train
6421,train
24228,train
61013,train
3686,train
15995,train
53682,train
30426,train
39457,train
67135,train
52740,train
52985,train
19068,train
31155,train
20015,train
42973,train
27351,train
56676,train
45492,train
20732,train
65402,train
11268,train
50966,train
51372,train
9539,train
41060,train
32027,train
4771,train
2037,train
34501,train
13503,train
5227,train
24037,train
26746,train
55396,train
66709,train
45917,train
9062,train
68944,train
30119,train
44988,train
33008,train
5764,train
8367,train
10746,train
22003,train
12480,train
19668,train
48093,train
18262,train
50338,train
68589,train
39458,train
58987,train
64234,train
33622,train
5129,train
35679,train
18062,train
17823,train
34900,train
8756,train
36776,train
67894,train
62304,train
32848,train
25891,train
25237,train
59381,train
7099,train
30750,train
16479,train
15086,train
56433,train
67088,train
21656,train
47963,train
69519,train
1402,train
68415,train
6842,train
32520,train
34475,train
31964,train
37250,train
12557,train
34509,train
56172,train
21856,train
59752,train
50225,train
49191,train
70653,train
69848,train
68468,train
4567,train
29823,train
66215,train
19432,train
26809,train
4216,train
65937,train
67361,train
10785,train
12301,train
64789,train
69501,train
46834,train
29909,train
54940,train
2478,train
35267,train
67807,train
53550,train
19409,train
5832,train
44561,train
57340,train
11994,train
33263,train
20475,train
26821,train
42505,train
48667,train
44260,train
31839,train
19789,train
60000,train
16338,train
54887,train
1180,train
67151,train
66946,train
8718,train
69099,train
45566,train
30172,train
55837,train
7714,train
18781,train
42816,train
10160,train
6831,train
69763,train
13565,train
3677,train
67940,train
5578,train
4685,train
65865,train
51117,train
36536,train
36856,train
61839,train
35637,train
12068,train
44949,train
61657,train
45171,train
33822,train
14448,train
36232,train
55352,train
53712,train
45832,train
41310,train
65572,train
64791,train
11301,train
34780,train
46410,train
19140,train
61152,train
44901,train
52002,train
17266,train
69414,train
61115,train
9743,train
34951,train
27180,train
68224,train
68396,train
21805,train
38023,train
20906,train
45872,train
67205,train
55547,train
6877,train
44293,train
52788,train
11229,train
24172,train
36539,train
53230,train
65508,train
2300,train
53556,train
3024,train
65371,train
34375,train
920,train
44214,train
36944,train
48627,train
13342,train
42929,train
29473,train
56367,train
58002,train
39974,train
36597,train
26456,train
15393,train
63865,train
39336,train
30738,train
8442,train
5877,train
57053,train
55535,train
42099,train
4726,train
17429,train
41729,train
22107,train
31456,train
51247,train
63089,train
61329,train
51802,train
7815,train
25773,train
955,train
66638,train
18741,train
10941,train
7396,train
48648,train
21665,train
16613,train
33910,train
62990,train
18978,train
13065,train
53653,train
23090,train
21401,train
48903,train
66581,train
20394,train
30097,train
3763,train
22699,train
66030,train
44683,train
7918,train
21466,train
63437,train
1772,train
63256,train
47471,train
1419,train
42218,train
17265,train
8591,train
6952,train
48501,train
12916,train
5494,train
28611,train
12009,train
48516,train
56834,train
5823,train
69368,train
56943,train
52521,train
29620,train
69966,train
55445,train
20770,train
58409,train
69229,train
65769,train
49038,train
58293,train
23882,train
59867,train
52051,train
13523,train
16965,train
12141,train
36791,train
70465,train
30809,train
16875,train
40060,train
35953,train
9102,train
59255,train
49751,train
66616,train
56524,train
12944,train
40917,train
5436,train
31963,train
29905,train
10864,train
2476,train
14879,train
11695,train
63279,train
69730,train
3488,train
5746,train
50068,train
30631,train
13530,train
46272,train
28424,train
5389,train
68908,train
66497,train
45413,train
52405,train
17156,train
51330,train
3173,train
55652,train
51826,train
63820,train
1982,train
41666,train
29055,train
59555,train
20115,train
17018,train
46809,train
186,train
4054,train
50537,train
63867,train
38310,train
44854,train
25674,train
37393,train
66700,train
20957,train
61667,train
30023,train
64506,train
63461,train
26177,train
43396,train
35030,train
7727,train
2947,train
44680,train
65785,train
2336,train
11216,train
5729,train
50768,train
43246,train
66320,train
20071,train
66379,train
19070,train
47978,train
7511,train
58680,train
65066,train
12041,train
29312,train
56704,train
15872,train
41404,train
48278,train
55482,train
978,train
46863,train
27449,train
51348,train
22541,train
70288,train
40673,train
27159,train
15754,train
63623,train
2493,train
54810,train
59397,train
34498,train
31894,train
460,train
19684,train
35028,train
21648,train
12980,train
50617,train
31386,train
25568,train
58158,train
18542,train
43428,train
36107,train
53436,train
4443,train
17577,train
70357,train
66598,train
20397,train
43348,train
61112,train
61831,train
56986,train
55688,train
23219,train
63354,train
67449,train
54057,train
55032,train
47707,train
2368,train
49853,train
50463,train
29155,train
17829,train
69351,train
22419,train
61914,train
9645,train
60464,train
2128,train
29641,train
2652,train
4949,train
37807,train
26862,train
22474,train
16250,train
27316,train
38613,train
70109,train
55255,train
5716,train
17864,train
16815,train
46514,train
33625,train
43951,train
28114,train
67488,train
63295,train
49553,train
36350,train
42481,train
34419,train
23621,train
33654,train
43018,train
33956,train
446,train
36267,train
40776,train
53934,train
18850,train
66999,train
54256,train
54738,train
33787,train
33869,train
13247,train
1392,train
67479,train
23160,train
32428,train
14246,train
47928,train
49803,train
40496,train
26381,train
22776,train
69974,train
3549,train
40142,train
21849,train
1621,train
4750,train
66839,train
55389,train
16528,train
60937,train
48983,train
46040,train
65967,train
56549,train
45996,train
18526,train
19060,train
58697,train
60805,train
1332,train
23246,train
34019,train
3500,train
28409,train
9050,train
34946,train
7656,train
21335,train
60059,train
35290,train
26473,train
56583,train
46691,train
332,train
4464,train
70233,train
29028,train
42188,train
43684,train
40691,train
5958,train
1663,train
6826,train
34089,train
37680,train
46128,train
19287,train
38044,train
24766,train
950,train
59402,train
53302,train
55822,train
34607,train
9673,train
4392,train
59216,train
25634,train
54591,train
64787,train
69376,train
20294,train
23214,train
48880,train
49785,train
40493,train
48616,train
50829,train
68071,train
22989,train
40867,train
23130,train
69374,train
42117,train
7211,train
22734,train
51625,train
13241,train
67548,train
22670,train
3407,train
59890,train
31908,train
57355,train
57789,train
47365,train
10470,train
65318,train
38237,train
42271,train
18080,train
40390,train
39334,train
22488,train
4718,train
46640,train
63699,train
38654,train
12429,train
43908,train
52341,train
66684,train
42549,train
4373,train
37197,train
23354,train
12259,train
65171,train
16223,train
48764,train
7015,train
10620,train
22894,train
21425,train
42496,train
33354,train
60088,train
1040,train
48174,train
31582,train
60480,train
49398,train
34551,train
80,train
24275,train
63435,train
56633,train
29119,train
59808,train
11083,train
5718,train
28917,train
30773,train
29698,train
46433,train
61748,train
27341,train
27874,train
3411,train
43593,train
64833,train
56717,train
18923,train
38155,train
63313,train
18735,train
70463,train
70043,train
6618,train
48782,train
8241,train
11491,train
51220,train
4882,train
48589,train
21476,train
67870,train
8933,train
50553,train
47824,train
15792,train
9086,train
40281,train
56381,train
51460,train
32274,train
50916,train
63343,train
9925,train
11823,train
31167,train
66025,train
23953,train
440,train
48878,train
9149,train
54624,train
38348,train
45133,train
20279,train
21243,train
3324,train
19594,train
10496,train
33182,train
17173,train
9741,train
11018,train
34302,train
2051,train
20178,train
53221,train
16770,train
5860,train
48055,train
14356,train
9022,train
8792,train
45471,train
47543,train
55633,train
19278,train
32386,train
39394,train
37677,train
8653,train
13432,train
31674,train
17072,train
55128,train
1900,train
67160,train
60487,train
32528,train
36189,train
49313,train
67492,train
976,train
57185,train
16640,train
59160,train
4092,train
66969,train
56799,train
2234,train
59239,train
63604,train
68363,train
68912,train
28379,train
6913,train
12289,train
48003,train
62582,train
4728,train
64108,train
3781,train
51842,train
5686,train
10169,train
17172,train
18796,train
61454,train
6872,train
15045,train
40005,train
3964,train
37345,train
24524,train
24661,train
4463,train
6645,train
27727,train
53891,train
60354,train
13258,train
19655,train
27812,train
42194,train
56603,train
4066,train
48094,train
55506,train
56625,train
51222,train
70294,train
32893,train
44484,train
67917,train
59934,train
33028,train
26074,train
25628,train
23220,train
27068,train
65126,train
52012,train
29582,train
35117,train
61654,train
6308,train
65832,train
12562,train
18155,train
70655,train
59930,train
20860,train
12693,train
15252,train
39383,train
68381,train
31296,train
56503,train
38512,train
27320,train
37623,train
2901,train
42402,train
51691,train
30460,train
61086,train
56462,train
41966,train
39346,train
56028,train
56238,train
20390,train
37785,train
69605,train
9238,train
64682,train
44277,train
39191,train
64052,train
67000,train
52241,train
37737,train
31968,train
2282,train
18396,train
46811,train
11030,train
45893,train
67426,train
41544,train
4306,train
37638,train
16225,train
55578,train
3815,train
6521,train
20016,train
7393,train
70541,train
59944,train
46043,train
64072,train
59196,train
64096,train
29373,train
117,train
48977,train
53813,train
66355,train
9538,train
50995,train
5753,train
66217,train
45902,train
66048,train
46871,train
23646,train
67277,train
58265,train
43712,train
58843,train
66281,train
56751,train
27675,train
17423,train
70126,train
32239,train
2876,train
44734,train
44492,train
35807,train
53100,train
19447,train
36192,train
23639,train
58423,train
65233,train
28701,train
62350,train
51501,train
51820,train
11559,train
55572,train
7615,train
12190,train
61327,train
16069,train
68800,train
56924,train
6160,train
47762,train
30870,train
36716,train
59866,train
16478,train
44872,train
53613,train
57009,train
40710,train
32866,train
52622,train
10285,train
67424,train
45552,train
15530,train
34424,train
16229,train
30925,train
3425,train
53475,train
39820,train
67567,train
48859,train
23883,train
44768,train
3734,train
37190,train
42094,train
62133,train
9178,train
51400,train
64986,train
12855,train
36048,train
18731,train
60410,train
4651,train
65840,train
44824,train
15931,train
44068,train
66017,train
43133,train
1220,train
23894,train
25035,train
43096,train
3343,train
53997,train
35144,train
47825,train
34320,train
7459,train
54255,train
2413,train
58604,train
53673,train
52151,train
28788,train
26685,train
7291,train
37662,train
32552,train
4977,train
47042,train
11791,train
3726,train
48417,train
26875,train
39887,train
29712,train
59959,train
1032,train
28007,train
58757,train
36557,train
37609,train
57392,train
10447,train
26903,train
3908,train
62008,train
57478,train
31677,train
64358,train
47522,train
36894,train
47786,train
26650,train
68387,train
36594,train
25456,train
11677,train
36446,train
40447,train
51854,train
19368,train
13382,train
57926,train
3869,train
53254,train
61559,train
20549,train
40925,train
49095,train
48397,train
19696,train
15816,train
39447,train
17467,train
61615,train
29132,train
54233,train
14105,train
68259,train
52607,train
33174,train
68963,train
20902,train
34593,train
32614,train
26991,train
57505,train
6931,train
48202,train
62479,train
61316,train
46740,train
32298,train
33358,train
66506,train
7390,train
52643,train
70198,train
34516,train
27287,train
33504,train
36108,train
58923,train
45937,train
42309,train
1972,train
4920,train
9974,train
13821,train
68091,train
7623,train
9473,train
35680,train
1735,train
18535,train
63609,train
31201,train
64802,train
51653,train
6002,train
29051,train
62162,train
42319,train
45073,train
36029,train
26518,train
67474,train
26653,train
55402,train
33356,train
70204,train
63508,train
57760,train
19009,train
16642,train
56857,train
5380,train
28345,train
61375,train
67629,train
45738,train
57043,train
28936,train
27624,train
35278,train
47905,train
68728,train
39397,train
12869,train
65290,train
50571,train
68701,train
30233,train
53754,train
8215,train
59276,train
69526,train
56523,train
55919,train
35404,train
41712,train
1953,train
46619,train
20001,train
33511,train
34415,train
30551,train
20032,train
58147,train
33500,train
46218,train
54923,train
43559,train
22599,train
47122,train
30442,train
18822,train
39897,train
3373,train
63666,train
37583,train
67518,train
49845,train
6652,train
32089,train
67600,train
59703,train
50977,train
6854,train
5928,train
52991,train
3101,train
67388,train
59215,train
48487,train
39217,train
57938,train
64300,train
28657,train
57428,train
48844,train
32424,train
68776,train
4295,train
42243,train
33539,train
47600,train
44349,train
32303,train
2496,train
54883,train
24123,train
38780,train
56909,train
8275,train
41174,train
63837,train
24698,train
11549,train
45329,train
35613,train
60943,train
27831,train
43479,train
17050,train
15254,train
18029,train
24017,train
21188,train
7140,train
29636,train
65057,train
26612,train
63845,train
4783,train
65838,train
26495,train
20705,train
4281,train
65732,train
61431,train
44547,train
55366,train
67687,train
62917,train
63992,train
24707,train
6961,train
1410,train
69194,train
57709,train
52362,train
56342,train
13658,train
41679,train
35110,train
55243,train
61010,train
57176,train
60130,train
28730,train
33868,train
32758,train
25523,train
47807,train
9096,train
7057,train
44279,train
37750,train
69656,train
43069,train
34024,train
23307,train
29970,train
39144,train
24363,train
37631,train
23019,train
46762,train
38698,train
36972,train
42540,train
17047,train
9203,train
2448,train
5426,train
26889,train
54380,train
58049,train
6458,train
44558,train
27895,train
34279,train
36361,train
22950,train
68049,train
52075,train
59885,train
36183,train
4347,train
69844,train
12186,train
19951,train
57621,train
4283,train
56108,train
65515,train
19221,train
61804,train
66852,train
54446,train
31671,train
13721,train
21988,train
38115,train
10013,train
10593,train
29581,train
2833,train
9176,train
27417,train
67967,train
21638,train
69845,train
3976,train
16935,train
47151,train
48592,train
62157,train
60468,train
9442,train
45454,train
6440,train
69951,train
37954,train
50329,train
20155,train
42039,train
35491,train
37552,train
17906,train
1728,train
50515,train
40846,train
17201,train
22745,train
42185,train
42865,train
14092,train
13029,train
66800,train
30615,train
62778,train
46429,train
25126,train
1165,train
62484,train
47293,train
4613,train
66462,train
21685,train
22688,train
29474,train
57769,train
45865,train
2057,train
57801,train
32248,train
39858,train
43179,train
55817,train
33431,train
60309,train
60933,train
37771,train
7557,train
50293,train
38959,train
46173,train
50660,train
33688,train
5820,train
30352,train
63309,train
42248,train
62314,train
55471,train
67354,train
28873,train
42199,train
11130,train
68536,train
58982,train
63660,train
45475,train
51075,train
24701,train
53700,train
44472,train
22027,train
51903,train
42810,train
47046,train
41569,train
9345,train
22743,train
11133,train
35856,train
40965,train
23225,train
21831,train
54665,train
13371,train
51843,train
63898,train
10008,train
9172,train
15846,train
27978,train
39865,train
47939,train
58061,train
53943,train
8822,train
30977,train
8710,train
50538,train
47909,train
22226,train
2738,train
2651,train
17591,train
52082,train
53279,train
13858,train
50689,train
46730,train
3030,train
42318,train
52765,train
22695,train
37287,train
46332,train
19123,train
58681,train
7932,train
59954,train
70028,train
60797,train
41283,train
69437,train
18021,train
52882,train
4495,train
70596,train
33404,train
15101,train
11143,train
68689,train
46988,train
35460,train
62702,train
12854,train
12635,train
14964,train
39120,train
43577,train
34680,train
25086,train
34187,train
6400,train
14365,train
53567,train
10891,train
11816,train
56439,train
40714,train
19591,train
54073,train
36521,train
6043,train
12083,train
9486,train
8151,train
29092,train
32950,train
29974,train
46550,train
27460,train
42190,train
2498,train
36753,train
65384,train
34487,train
25626,train
69117,train
372,train
3992,train
20623,train
44789,train
14991,train
53570,train
19913,train
5195,train
11910,train
70409,train
36789,train
19233,train
69936,train
53662,train
36220,train
5006,train
13630,train
48805,train
2654,train
41444,train
56135,train
25477,train
48784,train
66066,train
31884,train
13361,train
69461,train
66283,train
52522,train
16135,train
34590,train
19887,train
57869,train
21907,train
4209,train
21304,train
16342,train
28526,train
52064,train
44458,train
33780,train
64377,train
55595,train
57102,train
35319,train
70054,train
15481,train
50746,train
33334,train
43492,train
7446,train
41928,train
9541,train
66089,train
27634,train
20645,train
48229,train
34911,train
64782,train
48546,train
59459,train
60865,train
68155,train
3174,train
10182,train
38917,train
65127,train
51924,train
51445,train
56739,train
62066,train
67842,train
21877,train
12996,train
47380,train
2088,train
3673,train
60026,train
61029,train
21920,train
69331,train
15889,train
31753,train
57866,train
32292,train
59973,train
35731,train
53531,train
26647,train
26967,train
1385,train
16483,train
11250,train
1981,train
13650,train
38111,train
53439,train
14710,train
32743,train
48243,train
2593,train
30603,train
35824,train
13301,train
6727,train
6529,train
30475,train
12851,train
33535,train
40333,train
8810,train
65363,train
11486,train
2303,train
38885,train
6793,train
7702,train
51207,train
39866,train
50113,train
22815,train
60614,train
35195,train
45577,train
16730,train
64721,train
27707,train
6447,train
66936,train
47253,train
30320,train
50915,train
57161,train
41557,train
3272,train
53161,train
54914,train
34023,train
33790,train
56004,train
36980,train
28146,train
67572,train
1734,train
55008,train
55168,train
63333,train
61087,train
51963,train
13676,train
805,train
3855,train
41643,train
61132,train
11485,train
31882,train
39868,train
10342,train
19494,train
52528,train
46904,train
28947,train
55997,train
53723,train
18329,train
12718,train
47099,train
15429,train
64767,train
68178,train
5486,train
57035,train
18527,train
14194,train
58941,train
18627,train
46134,train
26260,train
47466,train
21414,train
6108,train
9963,train
33338,train
41626,train
8665,train
21933,train
3074,train
33930,train
56743,train
60794,train
10652,train
47538,train
65330,train
23610,train
22090,train
40294,train
53135,train
38511,train
66194,train
13982,train
8407,train
30555,train
43175,train
26976,train
45904,train
61581,train
19712,train
30771,train
23657,train
7764,train
13389,train
12299,train
51808,train
48602,train
14989,train
29147,train
60900,train
55479,train
45681,train
15853,train
23333,train
12175,train
57837,train
14701,train
70566,train
52053,train
28299,train
5561,train
12265,train
69169,train
12203,train
38682,train
47821,train
25779,train
54125,train
53343,train
57604,train
46659,train
64238,train
16336,train
16262,train
33629,train
8537,train
48566,train
13165,train
6666,train
58270,train
26673,train
21361,train
26482,train
52572,train
66685,train
52719,train
32068,train
10515,train
63864,train
68345,train
22424,train
64445,train
19119,train
33284,train
68437,train
51872,train
56730,train
60493,train
66790,train
6351,train
4145,train
68083,train
4061,train
47796,train
50356,train
50707,train
49082,train
37658,train
66802,train
63450,train
15295,train
70602,train
22011,train
48653,train
66128,train
49824,train
12531,train
10215,train
5187,train
58945,train
60365,train
7665,train
8008,train
29535,train
50441,train
66000,train
16438,train
24078,train
21360,train
11646,train
40705,train
13346,train
67288,train
61265,train
24806,train
40600,train
34107,train
43405,train
60975,train
34750,train
68058,train
20083,train
740,train
32742,train
18987,train
57475,train
53349,train
15185,train
37430,train
35829,train
36142,train
1444,train
7814,train
26299,train
39158,train
46049,train
55511,train
15686,train
68625,train
37141,train
34446,train
52137,train
63268,train
50406,train
68326,train
29548,train
64771,train
18279,train
46766,train
52930,train
120,train
11166,train
1005,train
938,train
9998,train
21722,train
62801,train
51037,train
29506,train
60760,train
18786,train
48717,train
16793,train
13207,train
39690,train
58814,train
61906,train
64522,train
30099,train
58139,train
61442,train
58769,train
18943,train
1201,train
31308,train
68307,train
47611,train
38295,train
2785,train
48877,train
61780,train
41622,train
37754,train
67324,train
52430,train
38564,train
64039,train
59640,train
10581,train
8246,train
22050,train
44721,train
17603,train
61339,train
6629,train
65911,train
66683,train
2763,train
1980,train
28064,train
21834,train
16604,train
14114,train
47653,train
38773,train
19446,train
11131,train
62471,train
58101,train
36904,train
39861,train
69397,train
11857,train
5097,train
49390,train
59427,train
38569,train
65043,train
43552,train
47324,train
30518,train
13326,train
1881,train
24556,train
33192,train
6207,train
2818,train
33583,train
38807,train
62637,train
25155,train
41255,train
28153,train
38254,train
7455,train
32917,train
36992,train
40468,train
46252,train
6849,train
54706,train
45678,train
6195,train
44838,train
61240,train
58771,train
42962,train
64794,train
28674,train
33438,train
3604,train
40412,train
9485,train
65815,train
23476,train
43673,train
66791,train
56516,train
24860,train
8705,train
143,train
19246,train
69981,train
12928,train
5213,train
5789,train
38963,train
59433,train
37492,train
23107,train
11008,train
26220,train
3289,train
34658,train
58393,train
56797,train
36666,train
44908,train
25003,train
70632,train
65653,train
49536,train
18917,train
12583,train
28531,train
42325,train
5950,train
3075,train
5100,train
25264,train
59297,train
5878,train
59937,train
49891,train
14820,train
11692,train
13932,train
62825,train
68391,train
39006,train
49641,train
69410,train
414,train
40889,train
47124,train
36078,train
26883,train
34017,train
26401,train
44172,train
7712,train
617,train
40650,train
54801,train
30887,train
1193,train
1490,train
41072,train
16756,train
36128,train
52406,train
68639,train
17558,train
28530,train
65592,train
11963,train
49619,train
11373,train
30394,train
45705,train
2576,train
34525,train
18428,train
42418,train
11827,train
46962,train
49790,train
42386,train
49437,train
12659,train
8742,train
41266,train
66461,train
59546,train
55491,train
42193,train
14746,train
10927,train
61773,train
42809,train
48676,train
3315,train
24943,train
7816,train
53832,train
3296,train
26163,train
56043,train
56106,train
42098,train
44057,train
55523,train
43460,train
23412,train
57233,train
15001,train
44281,train
8929,train
43109,train
22010,train
16144,train
37420,train
58916,train
17698,train
9944,train
29493,train
69896,train
17683,train
50809,train
37549,train
30150,train
16701,train
59842,train
63315,train
1190,train
68685,train
60168,train
65813,train
3243,train
15973,train
637,train
12768,train
8192,train
34700,train
62119,train
23049,train
45451,train
26100,train
40864,train
13333,train
59784,train
53111,train
26798,train
16778,train
16773,train
15616,train
7278,train
52557,train
36127,train
34065,train
12553,train
13558,train
12637,train
4653,train
4201,train
47814,train
57569,train
17663,train
47691,train
69377,train
39345,train
49778,train
27883,train
59076,train
70508,train
52309,train
2908,train
31022,train
819,train
42329,train
28508,train
30630,train
34393,train
7959,train
55622,train
52646,train
7031,train
9499,train
54128,train
12612,train
10790,train
30585,train
62428,train
53955,train
58010,train
3798,train
4510,train
18011,train
32769,train
36195,train
31416,train
56754,train
57510,train
54708,train
36995,train
32782,train
24457,train
55924,train
57207,train
68582,train
18590,train
29174,train
2480,train
58928,train
38363,train
14640,train
5359,train
62434,train
31328,train
1521,train
46368,train
62954,train
32476,train
62890,train
36087,train
4428,train
47665,train
39115,train
23818,train
68893,train
39099,train
68001,train
43282,train
18631,train
18258,train
23675,train
25923,train
36336,train
38428,train
48500,train
69957,train
70115,train
46534,train
23881,train
54327,train
35903,train
51723,train
21195,train
19289,train
20418,train
191,train
17287,train
68413,train
58298,train
13779,train
3057,train
8434,train
30259,train
1240,train
48946,train
20995,train
36378,train
60437,train
6575,train
30987,train
4716,train
54671,train
25500,train
31225,train
14262,train
10242,train
43702,train
7662,train
18985,train
55604,train
14882,train
65889,train
68411,train
49443,train
50027,train
7863,train
49045,train
66162,train
26943,train
5726,train
29957,train
46044,train
65503,train
41805,train
69457,train
24366,train
4720,train
69796,train
47604,train
2253,train
70155,train
66244,train
38637,train
16617,train
1943,train
6166,train
14724,train
4208,train
67118,train
49692,train
24353,train
2519,train
2670,train
58688,train
60693,train
24086,train
59221,train
50418,train
17397,train
45600,train
44694,train
70076,train
11958,train
46614,train
22912,train
12910,train
42242,train
51788,train
16846,train
45163,train
26464,train
17159,train
46597,train
52043,train
62452,train
41659,train
68618,train
18765,train
55166,train
32798,train
28896,train
34205,train
7928,train
61896,train
29715,train
54335,train
44589,train
58464,train
36675,train
63682,train
70486,train
22267,train
43382,train
21354,train
49890,train
47865,train
64703,train
20113,train
66308,train
67272,train
27527,train
8627,train
14080,train
19788,train
9224,train
21908,train
67501,train
40933,train
63755,train
64303,train
21122,train
24221,train
66225,train
1700,train
9013,train
16154,train
6163,train
27416,train
65996,train
8213,train
15403,train
29802,train
70321,train
34530,train
14259,train
40405,train
47400,train
38724,train
62644,train
64973,train
11509,train
70079,train
40434,train
10019,train
5924,train
45193,train
33901,train
20552,train
1825,train
22585,train
44233,train
7781,train
69348,train
344,train
28891,train
62579,train
24375,train
1483,train
9831,train
19024,train
32196,train
58456,train
68373,train
63770,train
19195,train
19877,train
24069,train
57463,train
27452,train
20611,train
43656,train
19224,train
68991,train
30951,train
17448,train
38876,train
28905,train
32465,train
59684,train
68792,train
30260,train
22804,train
9744,train
60809,train
68280,train
418,train
62359,train
34216,train
66699,train
14635,train
37759,train
24315,train
23736,train
18528,train
42342,train
40585,train
21691,train
37510,train
1945,train
61942,train
1809,train
64554,train
67978,train
13286,train
3740,train
55966,train
66140,train
42606,train
64511,train
24720,train
36552,train
28332,train
33463,train
4225,train
30338,train
61233,train
62444,train
30739,train
57458,train
32221,train
50943,train
66358,train
25503,train
9669,train
45370,train
39352,train
66255,train
5416,train
3005,train
47961,train
39814,train
59088,train
55826,train
26116,train
44968,train
24333,train
34760,train
5812,train
61313,train
28970,train
3331,train
7072,train
67755,train
59629,train
41778,train
46502,train
43647,train
59249,train
52823,train
59293,train
28354,train
27641,train
35596,train
39284,train
20440,train
67469,train
29694,train
54280,train
27071,train
30016,train
22928,train
50021,train
15362,train
43513,train
70553,train
27970,train
39239,train
34934,train
50840,train
46758,train
60207,train
64769,train
4597,train
25181,train
68911,train
46867,train
36382,train
46154,train
51196,train
59778,train
50842,train
66180,train
64944,train
838,train
55514,train
8330,train
54718,train
30619,train
47986,train
46551,train
16020,train
15326,train
47171,train
12735,train
6673,train
60225,train
8565,train
20310,train
51146,train
13848,train
41416,train
3351,train
20584,train
22895,train
62195,train
35751,train
31948,train
60271,train
35676,train
1998,train
65067,train
63859,train
4814,train
61312,train
55602,train
60592,train
9150,train
27062,train
37151,train
29825,train
65406,train
50844,train
30200,train
55256,train
68879,train
23934,train
8628,train
31666,train
15118,train
5001,train
1566,train
59145,train
39155,train
17913,train
55004,train
56493,train
18461,train
4958,train
41576,train
46211,train
27868,train
48371,train
55994,train
2885,train
35592,train
8754,train
52712,train
23431,train
1623,train
40078,train
40376,train
52375,train
15,train
62281,train
60114,train
1823,train
68562,train
48811,train
54669,train
13024,train
14336,train
67167,train
39415,train
15590,train
10220,train
43681,train
31325,train
55898,train
61032,train
23619,train
22079,train
37270,train
45015,train
26988,train
40587,train
6369,train
5276,train
10124,train
63063,train
15860,train
56393,train
17719,train
60069,train
20324,train
59969,train
6170,train
40071,train
9973,train
25299,train
63749,train
69869,train
59575,train
11893,train
31925,train
40102,train
29532,train
27459,train
806,train
4067,train
51727,train
43217,train
9605,train
6708,train
13118,train
27688,train
60269,train
17324,train
14386,train
24712,train
1234,train
41686,train
444,train
36494,train
63868,train
21964,train
41770,train
8896,train
6491,train
63269,train
42097,train
50072,train
40300,train
22769,train
6815,train
56207,train
43296,train
64053,train
14108,train
14101,train
22938,train
29378,train
60265,train
39684,train
31901,train
40762,train
44537,train
34859,train
51564,train
24110,train
23,train
35221,train
33212,train
12445,train
50386,train
69342,train
28599,train
46137,train
63380,train
60961,train
64225,train
13040,train
32971,train
10255,train
10225,train
40849,train
45631,train
58347,train
17253,train
60310,train
49549,train
35656,train
37048,train
34533,train
1650,train
35595,train
53945,train
45731,train
50337,train
2832,train
46626,train
68466,train
453,train
52208,train
60864,train
66150,train
47615,train
53578,train
65299,train
29382,train
2600,train
22384,train
27573,train
55381,train
6563,train
9494,train
15056,train
29821,train
11078,train
65034,train
48588,train
17484,train
35213,train
70134,train
67850,train
69083,train
50438,train
28884,train
21198,train
57652,train
66282,train
18516,train
1853,train
52846,train
60980,train
13164,train
6151,train
8634,train
59389,train
20350,train
63667,train
54499,train
68680,train
61235,train
11730,train
65538,train
44735,train
36206,train
45035,train
11081,train
68651,train
60319,train
18023,train
44875,train
14111,train
55543,train
4424,train
25806,train
68915,train
8138,train
39024,train
21953,train
1688,train
51141,train
25812,train
28758,train
13993,train
54698,train
33926,train
3665,train
11841,train
54231,train
4147,train
67873,train
25708,train
12074,train
4520,train
51610,train
42100,train
68551,train
29400,train
13403,train
36304,train
52483,train
39525,train
27826,train
1563,train
26893,train
43764,train
63835,train
50814,train
12490,train
4543,train
47797,train
14200,train
41275,train
33450,train
62142,train
17622,train
43356,train
16007,train
2288,train
54952,train
67573,train
48159,train
27579,train
12678,train
22753,train
2059,train
6773,train
49659,train
61053,train
64454,train
35915,train
69265,train
16609,train
60025,train
31151,train
16202,train
61141,train
45697,train
57001,train
56477,train
11424,train
18622,train
32858,train
42746,train
61668,train
30924,train
4436,train
14382,train
12682,train
38030,train
61033,train
23964,train
2340,train
52653,train
24179,train
26836,train
32921,train
19882,train
4987,train
24104,train
39657,train
30945,train
44135,train
70562,train
42406,train
4366,train
66921,train
33590,train
16318,train
24794,train
15370,train
13407,train
21448,train
70249,train
55593,train
12174,train
46625,train
63848,train
22951,train
21943,train
30202,train
66214,train
38673,train
13359,train
9572,train
6777,train
56988,train
65986,train
17134,train
44889,train
43596,train
9533,train
14299,train
51052,train
44703,train
17140,train
42992,train
16156,train
27705,train
33138,train
38786,train
21445,train
29959,train
8881,train
46021,train
49988,train
19817,train
15584,train
1525,train
15569,train
61236,train
57037,train
68416,train
5843,train
26179,train
1363,train
8716,train
52776,train
6148,train
19088,train
58667,train
70439,train
19576,train
26784,train
37723,train
39579,train
64859,train
57486,train
63943,train
17828,train
62732,train
37444,train
64362,train
738,train
62215,train
65365,train
5002,train
33981,train
70179,train
61947,train
26601,train
61434,train
19942,train
8834,train
31297,train
30574,train
20391,train
6798,train
46522,train
41894,train
16192,train
50903,train
44782,train
15072,train
1030,train
53173,train
17218,train
31891,train
1892,train
60460,train
32725,train
50618,train
2860,train
37427,train
15378,train
70220,train
26011,train
44142,train
3935,train
36320,train
66113,train
24320,train
66477,train
2886,train
10283,train
31905,train
5013,train
26993,train
60793,train
7098,train
30872,train
17435,train
2994,train
30864,train
15039,train
59733,train
63276,train
55692,train
29048,train
42350,train
24229,train
51457,train
40195,train
19256,train
58870,train
226,train
53495,train
5661,train
3316,train
47051,train
3344,train
7290,train
38456,train
22204,train
33547,train
68389,train
43883,train
32810,train
50997,train
12864,train
26533,train
44139,train
55522,train
30641,train
18728,train
50899,train
19435,train
485,train
67119,train
37523,train
22803,train
49711,train
6156,train
13197,train
1317,train
31975,train
60920,train
41656,train
10238,train
5836,train
18618,train
67401,train
39925,train
47559,train
48564,train
35240,train
60891,train
6748,train
11507,train
27233,train
25016,train
21406,train
59102,train
28074,train
54830,train
28402,train
18954,train
42694,train
61020,train
22155,train
30573,train
14886,train
46899,train
21323,train
57136,train
33371,train
40406,train
55430,train
14298,train
10454,train
34677,train
42707,train
53373,train
9312,train
33104,train
6861,train
47676,train
66342,train
39929,train
66492,train
48954,train
483,train
27187,train
5184,train
14830,train
37180,train
34594,train
50581,train
43943,train
4024,train
70078,train
14388,train
34731,train
7526,train
49830,train
9092,train
9098,train
5927,train
28014,train
47602,train
10802,train
29368,train
5229,train
66764,train
3199,train
45219,train
19258,train
315,train
26616,train
42045,train
44388,train
42699,train
65333,train
56016,train
47720,train
38470,train
43043,train
10067,train
46861,train
31092,train
47582,train
38934,train
10171,train
33451,train
18064,train
21865,train
28378,train
49301,train
59070,train
61423,train
27214,train
40847,train
7294,train
61294,train
62316,train
8342,train
7774,train
16538,train
34917,train
69459,train
4751,train
62382,train
65914,train
53261,train
51725,train
69963,train
32984,train
29596,train
27200,train
47642,train
59005,train
49110,train
43961,train
55490,train
20973,train
44140,train
14162,train
18940,train
34949,train
2696,train
47849,train
24994,train
46665,train
16810,train
39934,train
336,train
14313,train
53529,train
42315,train
32403,train
36237,train
31926,train
64495,train
4999,train
41359,train
45369,train
39510,train
13573,train
47242,train
15314,train
1592,train
49287,train
12585,train
42586,train
62116,train
36342,train
60419,train
33253,train
45645,train
26546,train
2382,train
40293,train
12825,train
4380,train
65170,train
2640,train
31549,train
42548,train
14745,train
49979,train
21914,train
20591,train
55054,train
31796,train
18995,train
33646,train
59834,train
16467,train
23949,train
823,train
53207,train
31954,train
50398,train
61731,train
18317,train
42108,train
9309,train
50530,train
47121,train
58699,train
22738,train
53265,train
12623,train
69166,train
49413,train
63389,train
68985,train
7128,train
32767,train
44036,train
35745,train
47932,train
57218,train
15867,train
14212,train
49560,train
51361,train
13244,train
46892,train
29199,train
21221,train
40604,train
63961,train
17030,train
44644,train
4983,train
44557,train
29832,train
29912,train
66520,train
33567,train
29122,train
35879,train
5545,train
35092,train
64428,train
10505,train
23687,train
63175,train
11974,train
55394,train
1519,train
52624,train
13394,train
56001,train
13617,train
43067,train
8697,train
4867,train
35653,train
46822,train
63482,train
28537,train
319,train
50299,train
31897,train
33310,train
25914,train
5656,train
36240,train
15573,train
24731,train
50567,train
3518,train
33020,train
8836,train
22505,train
2011,train
59840,train
68983,train
11635,train
1212,train
30103,train
12420,train
25761,train
29934,train
38550,train
36786,train
69443,train
12885,train
53756,train
23420,train
56647,train
24497,train
66307,train
51764,train
21184,train
55771,train
12216,train
23055,train
18012,train
14538,train
26932,train
66630,train
15730,train
44518,train
22848,train
25646,train
43091,train
53737,train
58094,train
62638,train
14576,train
39003,train
18620,train
17531,train
14794,train
5337,train
58506,train
13636,train
2644,train
57040,train
61425,train
2256,train
41874,train
24365,train
37870,train
28728,train
61705,train
17641,train
25728,train
47367,train
66444,train
31699,train
58616,train
3634,train
15725,train
63255,train
44545,train
32088,train
4807,train
419,train
25172,train
6277,train
39804,train
44827,train
2528,train
62955,train
59130,train
518,train
48933,train
44820,train
65071,train
17918,train
46790,train
31389,train
18405,train
58069,train
33958,train
10,train
70087,train
22853,train
7245,train
30088,train
25213,train
45213,train
31687,train
19020,train
29249,train
69676,train
64365,train
15650,train
47013,train
57277,train
54441,train
15187,train
29187,train
3867,train
70490,train
33306,train
38439,train
59004,train
15933,train
15458,train
9920,train
49648,train
42668,train
67161,train
13729,train
13833,train
48666,train
2892,train
70421,train
8025,train
2768,train
51391,train
5869,train
31029,train
52614,train
23252,train
64805,train
61768,train
66352,train
68522,train
56874,train
55047,train
32178,train
6681,train
53580,train
16877,train
66877,train
16014,train
44039,train
40123,train
63534,train
1172,train
43108,train
68484,train
24338,train
55328,train
56895,train
41793,train
50676,train
54423,train
44336,train
8959,train
29189,train
19149,train
41103,train
40779,train
14789,train
30770,train
19607,train
60918,train
35365,train
50577,train
1848,train
10149,train
6910,train
3440,train
25256,train
53145,train
44081,train
44145,train
50883,train
24862,train
4698,train
54226,train
47444,train
6561,train
39023,train
53605,train
40563,train
52609,train
10579,train
68404,train
55022,train
57593,train
14324,train
17710,train
27209,train
16569,train
63959,train
35456,train
24005,train
33148,train
63964,train
62839,train
59912,train
25387,train
59382,train
67386,train
13820,train
62237,train
23384,train
814,train
50922,train
43952,train
23723,train
58341,train
57130,train
34227,train
17774,train
56181,train
3901,train
53394,train
32739,train
51528,train
23465,train
46110,train
12075,train
67938,train
46010,train
38771,train
33267,train
11338,train
27737,train
23148,train
62478,train
7466,train
44880,train
27257,train
64306,train
45354,train
25090,train
57397,train
54841,train
43341,train
11304,train
25619,train
39552,train
34314,train
48388,train
66491,train
60928,train
8413,train
49136,train
12249,train
45987,train
57612,train
50630,train
47372,train
21723,train
53902,train
34798,train
47011,train
57602,train
26201,train
4736,train
69335,train
2235,train
41000,train
68959,train
9127,train
37268,train
30985,train
34612,train
66627,train
54973,train
10229,train
46490,train
43610,train
9867,train
19794,train
15722,train
7853,train
7023,train
40379,train
19782,train
39218,train
68080,train
28918,train
27718,train
50832,train
58705,train
66541,train
4937,train
58529,train
1646,train
65332,train
30073,train
30814,train
15625,train
45769,train
61822,train
3375,train
59658,train
18750,train
53862,train
23701,train
40247,train
30154,train
2739,train
21765,train
65597,train
7953,train
44123,train
23478,train
29978,train
50704,train
57318,train
14534,train
65591,train
38761,train
24328,train
29182,train
35911,train
63466,train
68523,train
48728,train
20511,train
37595,train
6916,train
42950,train
43506,train
67584,train
43874,train
49440,train
6407,train
6352,train
52466,train
45069,train
21191,train
55154,train
17142,train
37661,train
49142,train
18968,train
27864,train
20603,train
68681,train
49435,train
6071,train
901,train
35531,train
3238,train
20554,train
20166,train
34679,train
68383,train
29323,train
8980,train
30341,train
34923,train
15676,train
33894,train
27680,train
38424,train
17741,train
14151,train
48023,train
13453,train
60859,train
58415,train
16743,train
54199,train
26797,train
60402,train
61648,train
52618,train
53779,train
64828,train
52940,train
24189,train
12942,train
33697,train
52059,train
54778,train
22658,train
32801,train
5104,train
41806,train
15879,train
9876,train
47662,train
42380,train
44043,train
49784,train
20040,train
62936,train
48277,train
34233,train
59450,train
70169,train
15320,train
62331,train
11922,train
62985,train
8604,train
22606,train
24432,train
17151,train
41519,train
55634,train
8416,train
64013,train
8191,train
57814,train
18999,train
50950,train
33689,train
13444,train
12449,train
20562,train
40321,train
56715,train
59869,train
55486,train
30308,train
31053,train
64226,train
39771,train
4407,train
58471,train
6222,train
28056,train
30385,train
39560,train
22088,train
4570,train
14692,train
64247,train
6403,train
69864,train
46389,train
35889,train
54581,train
64551,train
11203,train
54333,train
37976,train
12421,train
23948,train
42027,train
68793,train
64975,train
34519,train
10071,train
27387,train
15690,train
66332,train
50890,train
42472,train
3718,train
64269,train
3668,train
16,train
66609,train
67754,train
46723,train
30311,train
58286,train
63803,train
52546,train
19552,train
18963,train
43390,train
30447,train
66468,train
50279,train
61093,train
54655,train
58829,train
9125,train
47492,train
51534,train
25555,train
24254,train
56983,train
33723,train
32441,train
57615,train
54552,train
32679,train
49429,train
34197,train
62284,train
47704,train
52020,train
49321,train
48689,train
13738,train
35883,train
6926,train
57343,train
17809,train
17465,train
31689,train
42096,train
44116,train
63741,train
57764,train
7813,train
13811,train
7960,train
22700,train
56764,train
11751,train
8090,train
20846,train
17695,train
9624,train
44453,train
59474,train
46042,train
23353,train
8201,train
39496,train
7638,train
32169,train
25249,train
22270,train
45264,train
10077,train
5593,train
33661,train
68627,train
56282,train
29241,train
25328,train
21564,train
52988,train
16852,train
52206,train
38789,train
70033,train
26026,train
45447,train
27659,train
54230,train
23296,train
17618,train
37961,train
42128,train
60987,train
38957,train
27435,train
3683,train
13802,train
34649,train
13918,train
52398,train
48275,train
31481,train
30125,train
37487,train
56898,train
46928,train
49431,train
53141,train
39021,train
50035,train
27001,train
42512,train
62782,train
21483,train
34081,train
13287,train
38027,train
44354,train
29977,train
27712,train
31422,train
46931,train
52433,train
3537,train
61473,train
5629,train
11704,train
14930,train
7634,train
37070,train
44641,train
23111,train
29553,train
45034,train
25002,train
68103,train
50004,train
58795,train
14906,train
28595,train
38742,train
3081,train
38510,train
35327,train
4737,train
8583,train
66781,train
62571,train
41546,train
30062,train
192,train
39124,train
58996,train
46982,train
37600,train
27173,train
50527,train
69230,train
9969,train
25384,train
32299,train
31969,train
57394,train
25222,train
3751,train
62188,train
28877,train
31872,train
2031,train
31817,train
49651,train
28470,train
55409,train
64175,train
1365,train
36587,train
59852,train
25156,train
37957,train
41633,train
33392,train
55050,train
63436,train
14790,train
67063,train
41974,train
30367,train
23810,train
57200,train
55939,train
6792,train
49934,train
4935,train
58285,train
30578,train
26180,train
60698,train
42428,train
61934,train
12403,train
31169,train
35976,train
41001,train
2361,train
28172,train
4182,train
3928,train
41567,train
50887,train
18759,train
1721,train
28108,train
18561,train
1706,train
10842,train
40298,train
6224,train
38827,train
11118,train
38778,train
29322,train
49201,train
10848,train
46598,train
20539,train
23628,train
18180,train
19734,train
37513,train
53422,train
55158,train
27673,train
6097,train
39391,train
20718,train
66532,train
14057,train
1870,train
7836,train
25705,train
34218,train
35482,train
16520,train
22866,train
57662,train
61407,train
30700,train
70628,train
62688,train
30436,train
29813,train
28743,train
13856,train
30878,train
56517,train
5448,train
20043,train
1787,train
3363,train
6754,train
6037,train
31756,train
7798,train
59674,train
49330,train
34183,train
32788,train
37501,train
46400,train
42373,train
67360,train
54101,train
56586,train
15488,train
44384,train
62922,train
4387,train
53085,train
47014,train
58153,train
10410,train
52664,train
34182,train
28916,train
4042,train
2318,train
7264,train
27029,train
68506,train
70125,train
65158,train
41524,train
67787,train
57599,train
55376,train
45234,train
59001,train
19480,train
26887,train
46684,train
67148,train
22868,train
22442,train
67741,train
60603,train
45669,train
50038,train
22177,train
3663,train
23714,train
39840,train
55133,train
62736,train
2055,train
7016,train
2412,train
23378,train
51811,train
5811,train
26395,train
32550,train
39029,train
27793,train
31460,train
6418,train
63874,train
34226,train
18448,train
17098,train
23211,train
36204,train
48868,train
19462,train
5883,train
6499,train
2360,train
40178,train
66286,train
62451,train
5142,train
48911,train
29392,train
4855,train
4548,train
64188,train
48126,train
66038,train
19453,train
48255,train
45224,train
70298,train
58490,train
68721,train
46992,train
18359,train
31099,train
23045,train
51057,train
30714,train
49915,train
15649,train
69866,train
17891,train
39416,train
3920,train
18290,train
57626,train
903,train
35358,train
40169,train
20238,train
8740,train
62199,train
13816,train
14408,train
68567,train
68198,train
38299,train
18630,train
40089,train
21052,train
12979,train
2301,train
27091,train
69976,train
4608,train
1425,train
62203,train
68446,train
18851,train
45050,train
52748,train
48027,train
15061,train
62447,train
37747,train
34428,train
46453,train
58833,train
16204,train
6096,train
34016,train
17204,train
24233,train
13300,train
37974,train
13381,train
7720,train
26400,train
44284,train
20108,train
51530,train
37983,train
37525,train
26309,train
49591,train
791,train
42170,train
39762,train
69964,train
30398,train
8370,train
28488,train
10787,train
69198,train
32220,train
6248,train
13353,train
16150,train
53232,train
48687,train
9506,train
28328,train
27265,train
58108,train
67208,train
36941,train
300,train
64596,train
50560,train
14352,train
18867,train
17468,train
25662,train
33977,train
20142,train
61330,train
47843,train
52870,train
68675,train
25765,train
12515,train
11897,train
57531,train
11602,train
42770,train
61738,train
7476,train
5796,train
47156,train
41746,train
15841,train
28787,train
46712,train
41884,train
56723,train
34342,train
31423,train
57717,train
59993,train
54515,train
56029,train
49375,train
68916,train
17041,train
53893,train
62204,train
63963,train
39790,train
23124,train
46074,train
38905,train
16345,train
70605,train
65818,train
56461,train
29450,train
11908,train
16282,train
37,train
17745,train
59494,train
2104,train
19186,train
60884,train
1265,train
16616,train
55403,train
23546,train
36199,train
42126,train
42184,train
42558,train
12049,train
48513,train
4064,train
24651,train
46767,train
21710,train
15738,train
69071,train
5197,train
3084,train
23981,train
1558,train
45547,train
21334,train
15702,train
34524,train
5402,train
4599,train
6009,train
52551,train
54497,train
15150,train
53808,train
38869,train
37682,train
24010,train
11091,train
37343,train
64441,train
40375,train
26834,train
19519,train
69702,train
48603,train
498,train
42981,train
64955,train
67251,train
55326,train
1339,train
11244,train
3485,train
60135,train
45991,train
22157,train
69820,train
37394,train
19694,train
37726,train
29223,train
3483,train
3720,train
65500,train
21417,train
871,train
7209,train
27980,train
23422,train
47749,train
30863,train
37838,train
2774,train
28892,train
17055,train
56382,train
9285,train
33415,train
45924,train
34371,train
10295,train
56990,train
37947,train
24547,train
23315,train
11778,train
35754,train
30957,train
61222,train
30564,train
46162,train
36637,train
58020,train
25329,train
11726,train
44380,train
36949,train
57229,train
38736,train
50536,train
67579,train
17116,train
69853,train
51089,train
3906,train
26519,train
68668,train
66716,train
6431,train
3956,train
46126,train
33608,train
30072,train
40862,train
48415,train
8004,train
58556,train
24589,train
5342,train
38557,train
69859,train
61370,train
70600,train
10482,train
10491,train
1676,train
27438,train
28678,train
3902,train
30029,train
69431,train
9355,train
49902,train
4270,train
58994,train
62808,train
17518,train
64712,train
15352,train
3362,train
68953,train
39497,train
25132,train
6825,train
8942,train
2118,train
44543,train
30186,train
35630,train
42504,train
49763,train
38328,train
25778,train
62781,train
67238,train
43659,train
69903,train
61143,train
63834,train
4801,train
56471,train
18266,train
49267,train
41708,train
11678,train
21472,train
8643,train
55832,train
21403,train
17130,train
52446,train
39602,train
57509,train
42547,train
36505,train
30804,train
36966,train
29584,train
33290,train
16929,train
66708,train
47846,train
24446,train
6794,train
35999,train
34488,train
44945,train
43986,train
67692,train
61373,train
13195,train
57729,train
34445,train
57550,train
1606,train
47757,train
27188,train
43826,train
17846,train
43299,train
62171,train
56630,train
39675,train
13632,train
64048,train
28831,train
44884,train
40305,train
8964,train
40782,train
40391,train
24767,train
66696,train
7845,train
46183,train
12463,train
42107,train
28688,train
11159,train
8677,train
46699,train
34469,train
34705,train
3936,train
8124,train
60338,train
10432,train
4400,train
24655,train
46570,train
22833,train
49975,train
66126,train
26549,train
9445,train
16966,train
21260,train
40533,train
16348,train
3310,train
66893,train
49384,train
57788,train
60334,train
37179,train
9738,train
24253,train
45222,train
3572,train
41027,train
57183,train
49109,train
53025,train
42311,train
32797,train
36281,train
54105,train
49054,train
39810,train
47015,train
30787,train
6423,train
70011,train
339,train
59199,train
28177,train
37449,train
44966,train
66910,train
23435,train
28513,train
6600,train
16811,train
36653,train
10330,train
63442,train
68791,train
63885,train
16155,train
13737,train
4174,train
38163,train
58018,train
47295,train
34336,train
50989,train
8329,train
62960,train
56534,train
16686,train
42998,train
27632,train
48067,train
12914,train
30052,train
1256,train
52366,train
52515,train
26663,train
25842,train
8953,train
10915,train
50951,train
2327,train
18617,train
7071,train
44793,train
25263,train
40461,train
18211,train
33480,train
29914,train
65261,train
48645,train
11588,train
3197,train
7964,train
17431,train
4576,train
63058,train
17147,train
68904,train
45970,train
19855,train
56840,train
61386,train
54920,train
52987,train
43530,train
25827,train
49307,train
49917,train
69940,train
6554,train
37072,train
38179,train
175,train
9865,train
26699,train
34404,train
40593,train
14725,train
62837,train
65976,train
10315,train
44720,train
68456,train
35671,train
44183,train
11959,train
18667,train
14319,train
48832,train
46487,train
8485,train
3617,train
53486,train
51083,train
61899,train
52956,train
18033,train
20541,train
36332,train
43136,train
63985,train
11673,train
24834,train
31838,train
56209,train
47082,train
2070,train
32684,train
25060,train
19773,train
20925,train
3257,train
20851,train
47117,train
68832,train
55959,train
46261,train
60781,train
21748,train
66249,train
39706,train
69790,train
37978,train
36159,train
18480,train
54491,train
4433,train
32809,train
31009,train
67960,train
27637,train
26106,train
23757,train
39803,train
49327,train
27544,train
9702,train
46,train
24855,train
55341,train
50339,train
55625,train
56295,train
20966,train
22363,train
65607,train
11273,train
16386,train
29967,train
53606,train
9433,train
2028,train
52264,train
18633,train
49693,train
21815,train
58517,train
50425,train
65699,train
26436,train
51290,train
40409,train
53327,train
18984,train
11575,train
50713,train
27631,train
57737,train
2029,train
15560,train
9061,train
23959,train
3955,train
54884,train
54787,train
7255,train
19365,train
15407,train
26217,train
68713,train
5768,train
87,train
70639,train
62210,train
44313,train
9091,train
33630,train
57724,train
28829,train
30776,train
37060,train
19373,train
966,train
31350,train
28547,train
36077,train
58731,train
70367,train
12215,train
60673,train
12502,train
25588,train
44695,train
43189,train
9482,train
48949,train
43635,train
45030,train
50033,train
43870,train
60887,train
65252,train
5681,train
62056,train
45072,train
19171,train
40945,train
66325,train
22883,train
14638,train
38954,train
36255,train
8763,train
13657,train
2258,train
10453,train
41923,train
19416,train
48461,train
11845,train
39089,train
13604,train
11372,train
4257,train
23178,train
10186,train
3352,train
30211,train
34196,train
50216,train
19762,train
38018,train
45691,train
4521,train
16742,train
5488,train
47655,train
10181,train
38531,train
4509,train
28903,train
7087,train
12702,train
49955,train
55570,train
20708,train
45960,train
10122,train
11241,train
33600,train
67908,train
19047,train
36545,train
59054,train
4868,train
61301,train
13606,train
25092,train
4961,train
7382,train
7667,train
38765,train
52968,train
62643,train
29689,train
23280,train
4664,train
1857,train
46778,train
32513,train
64635,train
54341,train
31272,train
33448,train
41118,train
6254,train
56496,train
65219,train
46381,train
30487,train
69245,train
45750,train
32856,train
43473,train
60123,train
38316,train
63607,train
17557,train
37964,train
52213,train
57049,train
20116,train
59805,train
40535,train
19118,train
7307,train
42005,train
21996,train
12453,train
51899,train
33525,train
52573,train
70444,train
3414,train
63180,train
54937,train
6102,train
29380,train
25323,train
47075,train
17568,train
28551,train
15643,train
4454,train
29923,train
46493,train
44946,train
44204,train
56500,train
69221,train
39782,train
23249,train
3607,train
4727,train
17952,train
58645,train
22479,train
67125,train
12101,train
57498,train
6069,train
16484,train
34929,train
47485,train
1247,train
37779,train
29099,train
49352,train
60343,train
50114,train
69149,train
58391,train
38951,train
4489,train
31662,train
14379,train
56875,train
27097,train
61504,train
65414,train
13315,train
14513,train
9256,train
40865,train
24976,train
27008,train
41073,train
48358,train
41167,train
66182,train
22078,train
64779,train
61300,train
31944,train
2810,train
14484,train
57188,train
28705,train
50909,train
48245,train
32100,train
33603,train
64026,train
22865,train
68678,train
53876,train
32094,train
22762,train
24650,train
53799,train
59206,train
60715,train
57380,train
23133,train
46639,train
56465,train
25699,train
1882,train
52399,train
17029,train
33966,train
9053,train
20831,train
28275,train
29513,train
27251,train
5035,train
39132,train
19722,train
36058,train
55641,train
25620,train
16593,train
31194,train
70047,train
5814,train
65022,train
39841,train
67059,train
7195,train
26619,train
63855,train
67763,train
47284,train
34956,train
52874,train
1561,train
34963,train
8451,train
7101,train
2722,train
57222,train
35048,train
5703,train
33247,train
54320,train
9571,train
47831,train
55619,train
61257,train
66213,train
18921,train
65033,train
48896,train
46096,train
55355,train
58719,train
64643,train
31923,train
61067,train
43538,train
69268,train
29154,train
53046,train
53905,train
69680,train
28358,train
41865,train
41650,train
21886,train
14145,train
11582,train
14433,train
64586,train
68241,train
65707,train
23269,train
45498,train
10120,train
15806,train
26807,train
57018,train
54761,train
18382,train
13751,train
1374,train
29991,train
55146,train
64631,train
39355,train
26979,train
574,train
37911,train
34626,train
63832,train
19960,train
24695,train
13675,train
39321,train
23035,train
53408,train
58910,train
32336,train
1191,train
42091,train
52428,train
28279,train
46047,train
22791,train
14441,train
21231,train
28953,train
6814,train
11247,train
31467,train
22284,train
3121,train
68098,train
25175,train
1659,train
68524,train
562,train
55699,train
44121,train
64637,train
4931,train
52972,train
45614,train
20967,train
26737,train
60743,train
57070,train
21750,train
54325,train
15732,train
52339,train
50703,train
8735,train
44471,train
29988,train
49131,train
11883,train
19394,train
44300,train
22587,train
42049,train
11104,train
13976,train
65293,train
38283,train
62363,train
27892,train
66235,train
54612,train
34413,train
57506,train
42084,train
36942,train
69077,train
65017,train
43904,train
45644,train
4883,train
25703,train
20361,train
8108,train
17818,train
722,train
1427,train
8463,train
68824,train
43154,train
739,train
20808,train
37571,train
32375,train
36784,train
55114,train
29181,train
65368,train
64967,train
1364,train
13147,train
55553,train
59939,train
59256,train
60416,train
5530,train
64710,train
60922,train
32473,train
22237,train
65434,train
12780,train
49104,train
70137,train
27205,train
12646,train
53950,train
67722,train
3151,train
11579,train
58683,train
3400,train
53610,train
67095,train
26171,train
68493,train
12373,train
25136,train
20573,train
44741,train
39778,train
68970,train
69280,train
60121,train
8334,train
53512,train
27437,train
18311,train
26103,train
67944,train
4075,train
21701,train
24576,train
46787,train
25059,train
7551,train
21881,train
9310,train
69627,train
46662,train
65314,train
29980,train
16416,train
45179,train
26131,train
4947,train
25929,train
44368,train
69262,train
39270,train
28774,train
24671,train
48076,train
61953,train
31401,train
32846,train
42834,train
10164,train
51586,train
16922,train
36482,train
23774,train
37029,train
13494,train
52175,train
44830,train
27383,train
37438,train
288,train
50460,train
51507,train
19308,train
61044,train
341,train
39433,train
19238,train
66878,train
48216,train
51887,train
33923,train
28309,train
58905,train
29965,train
39388,train
7113,train
70148,train
55100,train
28191,train
65337,train
51839,train
52621,train
32137,train
15608,train
60967,train
4826,train
20716,train
23548,train
61245,train
23913,train
35979,train
3778,train
39252,train
18370,train
16670,train
64659,train
43013,train
53307,train
30785,train
52506,train
45272,train
48131,train
7186,train
30092,train
46806,train
30021,train
59641,train
34973,train
39111,train
15898,train
7250,train
11450,train
58933,train
12222,train
23313,train
33662,train
7996,train
62408,train
3122,train
52081,train
13995,train
19589,train
13867,train
21074,train
19478,train
4619,train
57666,train
63765,train
59755,train
13191,train
39594,train
36205,train
8371,train
60115,train
58907,train
18729,train
36477,train
56450,train
46826,train
25167,train
56366,train
57631,train
34600,train
37940,train
33208,train
655,train
61609,train
12107,train
54165,train
49602,train
26251,train
8406,train
53282,train
17479,train
64885,train
12129,train
66914,train
67591,train
16993,train
58006,train
52616,train
63591,train
41182,train
53148,train
14888,train
37352,train
4473,train
16768,train
980,train
44799,train
37237,train
1421,train
35759,train
14821,train
6475,train
25998,train
12400,train
48438,train
57765,train
21863,train
2583,train
48978,train
40463,train
36,train
35641,train
13770,train
36507,train
30512,train
6174,train
21257,train
13796,train
32321,train
41488,train
2622,train
36155,train
28284,train
67416,train
24068,train
29677,train
41808,train
26537,train
13900,train
10745,train
38232,train
19090,train
41587,train
5330,train
49118,train
22178,train
12218,train
32309,train
46435,train
42151,train
5788,train
47336,train
30779,train
52010,train
43548,train
21509,train
50929,train
15456,train
24693,train
50640,train
7616,train
48492,train
169,train
62749,train
7562,train
44809,train
11054,train
19982,train
40869,train
46310,train
46894,train
9641,train
40386,train
62511,train
15602,train
17765,train
13427,train
46309,train
61125,train
57782,train
33843,train
45844,train
48742,train
66161,train
69097,train
62823,train
26551,train
34670,train
61885,train
61599,train
13869,train
64376,train
6494,train
61996,train
58748,train
59518,train
19274,train
6488,train
27096,train
53631,train
45717,train
62947,train
46612,train
38233,train
36884,train
44575,train
12456,train
14645,train
32558,train
33429,train
50787,train
29335,train
265,train
32116,train
56437,train
31095,train
24076,train
67605,train
55742,train
27313,train
56642,train
15176,train
67055,train
13756,train
22036,train
31556,train
4930,train
65928,train
55451,train
45859,train
14374,train
66762,train
61782,train
48475,train
31604,train
40228,train
68090,train
36403,train
67664,train
5328,train
32087,train
35283,train
15935,train
13102,train
33123,train
56812,train
38123,train
10290,train
43544,train
43695,train
35500,train
20759,train
67606,train
28952,train
13266,train
34948,train
43444,train
47449,train
44890,train
15071,train
58297,train
68447,train
44978,train
69898,train
67319,train
34223,train
16032,train
64460,train
11483,train
67309,train
11010,train
26432,train
17905,train
33214,train
35736,train
57383,train
37875,train
54771,train
3256,train
6614,train
36827,train
32533,train
27055,train
15836,train
23571,train
54161,train
11957,train
39939,train
48060,train
59336,train
992,train
66960,train
64581,train
31210,train
35873,train
53697,train
68813,train
69783,train
6919,train
49698,train
41784,train
64439,train
60491,train
6435,train
39909,train
26434,train
43727,train
12484,train
16916,train
39742,train
2544,train
59201,train
61525,train
39005,train
33266,train
9938,train
35411,train
17742,train
27878,train
11023,train
2330,train
49392,train
15822,train
65289,train
64213,train
68114,train
52063,train
15972,train
14961,train
62795,train
54616,train
19165,train
25377,train
50016,train
16885,train
49852,train
52779,train
47715,train
1763,train
55386,train
41067,train
23794,train
28945,train
21505,train
61168,train
50639,train
11185,train
48535,train
32823,train
12024,train
18332,train
43677,train
15778,train
12353,train
33532,train
35347,train
41216,train
35783,train
5386,train
14268,train
61306,train
9923,train
45709,train
56809,train
40736,train
53109,train
34015,train
45063,train
44787,train
41329,train
25797,train
66306,train
53736,train
19084,train
19835,train
67235,train
62219,train
30319,train
61797,train
20340,train
45408,train
47026,train
18545,train
51109,train
23165,train
43459,train
24237,train
47534,train
31399,train
41312,train
29588,train
69403,train
29026,train
27805,train
10131,train
40138,train
33367,train
2584,train
20663,train
47125,train
7850,train
1733,train
39969,train
14231,train
31972,train
51934,train
16884,train
33982,train
65939,train
68509,train
783,train
11015,train
35858,train
23392,train
1148,train
19985,train
41079,train
13035,train
47167,train
40046,train
27371,train
18110,train
3825,train
20927,train
23464,train
45168,train
31669,train
1348,train
36203,train
29546,train
57407,train
1766,train
6147,train
60293,train
36890,train
26049,train
44701,train
26246,train
63273,train
24878,train
48201,train
48325,train
30621,train
53264,train
41959,train
16463,train
34117,train
19124,train
39886,train
45155,train
3214,train
59142,train
25763,train
13750,train
55210,train
55662,train
20909,train
57370,train
5244,train
46814,train
31950,train
24295,train
27273,train
1004,train
53824,train
38116,train
12846,train
64535,train
65584,train
24464,train
11842,train
70514,train
23663,train
67774,train
64149,train
27900,train
44450,train
40495,train
18896,train
65095,train
65201,train
65428,train
41497,train
61655,train
5616,train
41890,train
30482,train
55672,train
44981,train
7213,train
48480,train
34422,train
56669,train
56412,train
23020,train
35774,train
33418,train
1115,train
56779,train
48180,train
23169,train
8579,train
1752,train
14609,train
47738,train
15511,train
21747,train
546,train
37093,train
10435,train
44383,train
59876,train
60983,train
60054,train
53256,train
60599,train
16462,train
41236,train
55584,train
66725,train
64942,train
63366,train
44526,train
17314,train
32712,train
29962,train
18485,train
46621,train
12171,train
12195,train
5329,train
66848,train
64334,train
12253,train
24632,train
54649,train
6739,train
30010,train
8532,train
39028,train
5095,train
26941,train
13926,train
69849,train
47848,train
59335,train
57727,train
30407,train
50936,train
67845,train
8355,train
43894,train
7990,train
69995,train
55429,train
28761,train
13084,train
38842,train
45452,train
30224,train
43280,train
68814,train
23270,train
68738,train
1800,train
10647,train
50591,train
41562,train
60070,train
43419,train
29774,train
22192,train
8707,train
49508,train
36615,train
7272,train
68185,train
51271,train
47583,train
30552,train
7286,train
35493,train
65211,train
39264,train
56745,train
65675,train
17014,train
70221,train
62788,train
15036,train
10657,train
24107,train
35332,train
49373,train
14093,train
1587,train
5169,train
54950,train
58794,train
41064,train
22257,train
3948,train
66099,train
27811,train
9823,train
45486,train
36915,train
49745,train
64339,train
21365,train
7314,train
38770,train
9850,train
28685,train
37949,train
70555,train
52604,train
40711,train
22084,train
13276,train
67451,train
51208,train
60945,train
5465,train
20651,train
58549,train
55037,train
43797,train
54444,train
42768,train
61972,train
2771,train
55297,train
7088,train
40874,train
10634,train
52738,train
7691,train
46686,train
2052,train
50843,train
44522,train
68607,train
9686,train
51173,train
19501,train
66595,train
4383,train
62908,train
60685,train
7893,train
22245,train
49837,train
18700,train
5242,train
63029,train
38921,train
65343,train
42815,train
68234,train
26000,train
69032,train
25696,train
39121,train
50521,train
68837,train
38187,train
19926,train
16397,train
13339,train
58121,train
16762,train
356,train
26441,train
38394,train
58223,train
36756,train
37148,train
37645,train
13566,train
55399,train
50861,train
8054,train
5008,train
1615,train
50642,train
33257,train
10742,train
68175,train
63748,train
69121,train
4692,train
1373,train
14584,train
48291,train
12731,train
57951,train
48398,train
21663,train
44740,train
50706,train
52833,train
37281,train
51340,train
17306,train
36041,train
67442,train
36805,train
26046,train
9518,train
54972,train
40113,train
12112,train
60201,train
37088,train
55946,train
42914,train
11872,train
33364,train
25278,train
58097,train
39685,train
26491,train
35598,train
46911,train
51480,train
62497,train
36948,train
19396,train
59768,train
70003,train
18706,train
23500,train
60577,train
59548,train
51758,train
25936,train
22347,train
3255,train
57730,train
10896,train
17561,train
65054,train
63553,train
28837,train
53036,train
62961,train
29144,train
66141,train
49114,train
29727,train
28756,train
2675,train
9394,train
11565,train
67391,train
17953,train
12507,train
19112,train
46392,train
13578,train
33560,train
20287,train
35502,train
54894,train
2486,train
59642,train
49595,train
49405,train
56303,train
50067,train
20749,train
17085,train
67616,train
9689,train
47547,train
36897,train
15669,train
67022,train
21199,train
29047,train
14436,train
47384,train
56835,train
46034,train
41430,train
64622,train
4719,train
35822,train
13335,train
69361,train
49665,train
35560,train
35285,train
29081,train
45836,train
7610,train
44017,train
32588,train
68486,train
55229,train
68748,train
29854,train
51317,train
49016,train
13264,train
3426,train
23085,train
68165,train
42833,train
41719,train
42056,train
12679,train
10345,train
6270,train
38154,train
28808,train
6145,train
10208,train
10451,train
8024,train
19324,train
18505,train
37020,train
50215,train
6607,train
36958,train
33724,train
46654,train
21126,train
70593,train
16408,train
22112,train
64656,train
35765,train
59645,train
63766,train
735,train
40743,train
19903,train
67876,train
5288,train
19763,train
35233,train
24945,train
30214,train
48530,train
50343,train
53994,train
17901,train
14839,train
40834,train
18649,train
18530,train
55385,train
18552,train
69654,train
31442,train
53306,train
55204,train
31459,train
10074,train
27781,train
56241,train
3979,train
9995,train
10595,train
52802,train
57898,train
29191,train
22464,train
50680,train
22223,train
32741,train
37774,train
66644,train
66270,train
31329,train
19766,train
6122,train
56502,train
8081,train
69822,train
59455,train
66081,train
28925,train
6358,train
34192,train
31626,train
56794,train
52416,train
3131,train
23704,train
1591,train
30503,train
29340,train
63103,train
31176,train
28080,train
6233,train
14136,train
11333,train
3922,train
21181,train
68472,train
15031,train
68385,train
4921,train
4046,train
23986,train
16644,train
2715,train
891,train
44298,train
25382,train
43286,train
17113,train
25010,train
4474,train
58473,train
65295,train
15610,train
4732,train
6663,train
68988,train
34802,train
11219,train
66403,train
53420,train
66201,train
58261,train
10063,train
42600,train
30852,train
68519,train
11770,train
66737,train
61474,train
28221,train
66657,train
43615,train
29737,train
45127,train
70159,train
20239,train
54258,train
31590,train
39518,train
29530,train
21580,train
9259,train
51209,train
70201,train
25406,train
48834,train
54985,train
60452,train
4970,train
48412,train
48549,train
51473,train
15112,train
14685,train
57873,train
14407,train
19115,train
61421,train
34164,train
48612,train
26999,train
3767,train
11643,train
1461,train
13925,train
9544,train
64759,train
31331,train
61371,train
21715,train
31635,train
51225,train
49280,train
66900,train
44542,train
65934,train
17440,train
41096,train
27886,train
48356,train
10419,train
56749,train
9343,train
20746,train
8509,train
16378,train
58420,train
46328,train
8744,train
18674,train
34810,train
32773,train
50415,train
69593,train
35956,train
53922,train
10047,train
17443,train
56022,train
1018,train
54450,train
12341,train
5993,train
49780,train
13635,train
34357,train
13500,train
4100,train
63424,train
41395,train
29254,train
37484,train
61467,train
62516,train
25665,train
16660,train
43575,train
25750,train
18432,train
64636,train
64757,train
40016,train
36924,train
25737,train
45067,train
31326,train
19649,train
41982,train
50301,train
34056,train
26516,train
36067,train
65044,train
70380,train
35880,train
48073,train
8104,train
37922,train
15409,train
60473,train
53019,train
21857,train
58171,train
36425,train
43812,train
31569,train
41680,train
31803,train
34071,train
65433,train
20231,train
18313,train
52661,train
10355,train
63960,train
29523,train
3714,train
10559,train
32122,train
26681,train
29955,train
37007,train
29021,train
51503,train
8290,train
22320,train
33975,train
32955,train
28047,train
20229,train
25259,train
46352,train
34820,train
5172,train
39356,train
11458,train
69309,train
19433,train
26236,train
30464,train
21279,train
12411,train
13771,train
16149,train
70413,train
69487,train
67294,train
52831,train
10425,train
13178,train
39174,train
52205,train
42852,train
3472,train
30843,train
66173,train
40063,train
8409,train
64755,train
20616,train
35239,train
13576,train
12050,train
26228,train
28267,train
27064,train
34847,train
48173,train
2115,train
43989,train
64087,train
52372,train
57682,train
41892,train
25893,train
23343,train
40509,train
20173,train
61050,train
59766,train
57528,train
27228,train
6470,train
13660,train
68864,train
48256,train
21709,train
44270,train
54726,train
36222,train
16426,train
5632,train
28214,train
18402,train
32514,train
58106,train
10368,train
62014,train
48352,train
8476,train
18304,train
65743,train
12875,train
61818,train
2087,train
20550,train
14146,train
5335,train
23553,train
3460,train
15522,train
54485,train
2431,train
36544,train
63727,train
15168,train
33376,train
54221,train
6186,train
63173,train
59605,train
49907,train
59262,train
60358,train
36777,train
3021,train
66542,train
10653,train
24559,train
14869,train
2063,train
60838,train
52114,train
27291,train
32198,train
34832,train
42119,train
46877,train
39979,train
14454,train
52832,train
22348,train
4141,train
40780,train
5882,train
4986,train
50261,train
47818,train
21254,train
67927,train
43631,train
60694,train
42275,train
15193,train
61722,train
12255,train
35210,train
4579,train
31263,train
67874,train
37811,train
61249,train
16568,train
13602,train
5377,train
26185,train
24758,train
63616,train
36487,train
4522,train
64597,train
2074,train
23889,train
55190,train
22900,train
8905,train
38751,train
10444,train
38500,train
40251,train
54892,train
9625,train
44907,train
46041,train
68347,train
20382,train
43816,train
29070,train
9116,train
2809,train
62013,train
38198,train
39031,train
34758,train
44665,train
21657,train
57849,train
20356,train
20917,train
68129,train
49613,train
25021,train
56025,train
14947,train
23912,train
48163,train
9870,train
39161,train
10396,train
53032,train
15215,train
66433,train
59024,train
4626,train
30629,train
12150,train
8058,train
63893,train
21574,train
22140,train
67814,train
26475,train
46687,train
28468,train
14842,train
31691,train
40112,train
62224,train
70037,train
36708,train
59275,train
6539,train
65447,train
10236,train
12607,train
23502,train
56735,train
25363,train
50045,train
63776,train
8022,train
70556,train
46994,train
30610,train
34610,train
3308,train
47089,train
56803,train
65559,train
4188,train
21148,train
18247,train
36060,train
26017,train
2812,train
26846,train
1503,train
7858,train
24989,train
39645,train
65265,train
22148,train
17199,train
21372,train
11962,train
32044,train
16654,train
7051,train
58057,train
27973,train
60245,train
51615,train
27092,train
38501,train
20781,train
35621,train
64899,train
25,train
7866,train
12165,train
40794,train
85,train
11115,train
50738,train
50221,train
11529,train
26234,train
13815,train
52345,train
27744,train
11144,train
7666,train
36162,train
39975,train
1976,train
63427,train
41383,train
56436,train
10969,train
11353,train
8289,train
40482,train
9459,train
37745,train
48848,train
41178,train
32201,train
6340,train
23069,train
42788,train
48197,train
7381,train
70112,train
39163,train
4865,train
13836,train
45430,train
70223,train
7550,train
29142,train
468,train
51126,train
59358,train
8658,train
62504,train
59828,train
28646,train
23856,train
51882,train
65259,train
32918,train
7067,train
39018,train
58425,train
40474,train
25026,train
50821,train
70168,train
25240,train
63083,train
64100,train
60958,train
61481,train
2940,train
62422,train
14870,train
65957,train
13709,train
66717,train
12894,train
13334,train
16343,train
42490,train
17079,train
23811,train
42286,train
41984,train
45781,train
56640,train
70266,train
32740,train
52994,train
40297,train
21244,train
14284,train
69112,train
2653,train
40252,train
68408,train
53409,train
51948,train
68438,train
67484,train
4744,train
16114,train
69895,train
6846,train
57371,train
59905,train
62988,train
53295,train
30677,train
26114,train
25943,train
7864,train
63019,train
48674,train
18276,train
10869,train
14835,train
18098,train
30376,train
46117,train
24214,train
42943,train
57011,train
35417,train
17684,train
51604,train
3724,train
2826,train
19727,train
48026,train
32269,train
32864,train
13270,train
57673,train
63012,train
16270,train
9709,train
46748,train
61305,train
14050,train
14825,train
43092,train
25011,train
25370,train
23387,train
39058,train
23979,train
29958,train
10271,train
24804,train
12943,train
42935,train
32899,train
54856,train
55687,train
21659,train
58989,train
65784,train
32527,train
43823,train
67698,train
45719,train
10990,train
25533,train
14923,train
63618,train
68825,train
15227,train
63483,train
34983,train
39427,train
24451,train
46124,train
36580,train
4192,train
28217,train
64809,train
843,train
10940,train
4919,train
1970,train
62824,train
67937,train
60747,train
52590,train
27202,train
38495,train
61255,train
60936,train
43660,train
50002,train
48584,train
63892,train
35334,train
65132,train
17209,train
18287,train
49300,train
5613,train
55002,train
33649,train
22784,train
21270,train
41055,train
17841,train
51701,train
9075,train
573,train
63537,train
18085,train
32257,train
45165,train
21830,train
36577,train
60461,train
38193,train
38769,train
38387,train
49179,train
43302,train
47114,train
44131,train
20352,train
31129,train
3659,train
13363,train
58858,train
45346,train
3790,train
55883,train
44863,train
40546,train
70572,train
33857,train
559,train
53640,train
45112,train
21938,train
59731,train
53216,train
21713,train
35551,train
27395,train
24881,train
43642,train
61687,train
50663,train
61700,train
69411,train
68929,train
54789,train
41302,train
48470,train
15065,train
7053,train
14326,train
59739,train
39691,train
50786,train
28053,train
52158,train
42142,train
36680,train
10623,train
24837,train
61173,train
66167,train
61990,train
11437,train
51666,train
70482,train
39160,train
1775,train
14004,train
29891,train
41052,train
6904,train
31368,train
29793,train
56862,train
62028,train
5202,train
2913,train
19632,train
65309,train
10303,train
941,train
13912,train
37650,train
61315,train
3779,train
65222,train
53217,train
66392,train
6661,train
65336,train
66885,train
12026,train
52239,train
30723,train
9805,train
15369,train
12759,train
38293,train
25939,train
20590,train
23429,train
33890,train
48748,train
53043,train
634,train
65472,train
58599,train
26981,train
46455,train
59244,train
67829,train
6691,train
8133,train
43424,train
65783,train
32532,train
23017,train
35599,train
47068,train
66428,train
47237,train
33860,train
58007,train
22832,train
20980,train
64751,train
69018,train
40380,train
17885,train
6123,train
26078,train
10367,train
28245,train
13137,train
15740,train
54094,train
51135,train
67933,train
24431,train
43612,train
69128,train
32734,train
30935,train
69929,train
12560,train
67534,train
9080,train
53414,train
19393,train
52848,train
57695,train
58695,train
54949,train
57232,train
33534,train
66077,train
8797,train
4755,train
44517,train
728,train
33945,train
30153,train
6869,train
19197,train
26211,train
66359,train
42807,train
66495,train
2873,train
7136,train
34451,train
2380,train
6989,train
59177,train
64878,train
3630,train
5930,train
65178,train
57731,train
6571,train
14580,train
44307,train
7171,train
57112,train
60102,train
41260,train
19042,train
11396,train
57646,train
56606,train
380,train
25868,train
65733,train
38994,train
40306,train
68841,train
39916,train
42231,train
52173,train
29801,train
16049,train
12535,train
26970,train
67854,train
58954,train
54902,train
44858,train
51807,train
4973,train
21160,train
49931,train
51285,train
30127,train
17373,train
30546,train
27785,train
60962,train
13669,train
13879,train
44797,train
39740,train
20940,train
7383,train
49857,train
40901,train
58887,train
30443,train
62627,train
62104,train
36886,train
15750,train
32229,train
60136,train
55324,train
1680,train
40374,train
50340,train
45420,train
4932,train
5520,train
19513,train
64749,train
57032,train
13953,train
26764,train
41161,train
45874,train
9298,train
60062,train
50052,train
2357,train
66883,train
35065,train
30732,train
48262,train
17770,train
70606,train
64629,train
7362,train
9700,train
40239,train
60186,train
54113,train
20787,train
4804,train
7588,train
31637,train
27840,train
62034,train
26929,train
49060,train
2039,train
18389,train
7917,train
61036,train
2056,train
59625,train
64588,train
16278,train
55283,train
3196,train
1401,train
30149,train
17711,train
23694,train
48266,train
29025,train
28579,train
47415,train
60917,train
7809,train
54478,train
62650,train
63340,train
33574,train
1937,train
38031,train
48056,train
48359,train
47241,train
29716,train
23890,train
16323,train
13408,train
4438,train
44185,train
50506,train
45708,train
29500,train
26341,train
32669,train
9797,train
64740,train
58903,train
38643,train
19961,train
36429,train
64117,train
694,train
43790,train
33593,train
53601,train
20250,train
42328,train
34364,train
43768,train
36549,train
64014,train
2019,train
51524,train
63245,train
28471,train
10777,train
18583,train
18980,train
54374,train
53175,train
46683,train
53829,train
2484,train
30031,train
21983,train
13609,train
33577,train
2617,train
15619,train
62472,train
27899,train
6284,train
16454,train
44019,train
53693,train
20123,train
17094,train
10917,train
20051,train
26159,train
65284,train
29732,train
8293,train
6379,train
46942,train
53536,train
26349,train
40767,train
9033,train
52864,train
28999,train
27580,train
68021,train
14063,train
27457,train
65108,train
47789,train
10910,train
39694,train
66864,train
60462,train
25483,train
47876,train
68106,train
64956,train
40264,train
69694,train
1885,train
63862,train
44025,train
57613,train
67093,train
23128,train
37170,train
35183,train
11308,train
9164,train
54558,train
43482,train
68169,train
24309,train
19667,train
45472,train
20661,train
30284,train
70024,train
63478,train
62598,train
56208,train
42064,train
30535,train
27372,train
3840,train
10771,train
52812,train
13098,train
48794,train
61706,train
69277,train
5418,train
47501,train
17987,train
10462,train
34867,train
61824,train
44254,train
25782,train
48813,train
22125,train
32803,train
15680,train
27101,train
39019,train
23683,train
63028,train
15034,train
35947,train
63693,train
23941,train
68518,train
36656,train
2695,train
29787,train
6246,train
45919,train
1631,train
53120,train
61282,train
43127,train
57409,train
32173,train
6523,train
39287,train
46780,train
64036,train
67900,train
41513,train
59595,train
66926,train
47793,train
57971,train
23746,train
39967,train
26622,train
14074,train
17026,train
43477,train
42862,train
1383,train
9507,train
15367,train
33551,train
10898,train
26824,train
55765,train
25085,train
16999,train
34723,train
54583,train
21284,train
3031,train
5719,train
59380,train
19025,train
46204,train
26825,train
18746,train
48887,train
62589,train
3327,train
3369,train
19533,train
50190,train
32888,train
18078,train
50724,train
37406,train
37292,train
866,train
57195,train
6113,train
6107,train
63719,train
29884,train
11519,train
66787,train
60537,train
50819,train
69289,train
21910,train
66625,train
34788,train
58438,train
60206,train
36415,train
26128,train
42280,train
25880,train
4689,train
23968,train
20520,train
54470,train
56972,train
34850,train
67252,train
20056,train
38813,train
58939,train
34937,train
52031,train
52636,train
28478,train
16954,train
62273,train
54414,train
59851,train
4588,train
63304,train
26904,train
41021,train
31578,train
39776,train
16420,train
10919,train
61150,train
69264,train
32021,train
29059,train
64191,train
57676,train
2859,train
19681,train
28665,train
14463,train
30716,train
59197,train
27937,train
4742,train
66003,train
64913,train
68886,train
28103,train
46078,train
20809,train
18515,train
44401,train
25116,train
28363,train
36324,train
52147,train
995,train
17820,train
5173,train
38851,train
10339,train
10486,train
30030,train
47572,train
48826,train
68029,train
32721,train
23853,train
61616,train
55213,train
58568,train
59899,train
36563,train
57674,train
13047,train
33906,train
34952,train
43461,train
18678,train
4455,train
56760,train
48455,train
49875,train
18146,train
37309,train
25287,train
66879,train
16808,train
43474,train
27854,train
49872,train
66175,train
22408,train
33740,train
29561,train
18328,train
61819,train
67555,train
2440,train
61913,train
18144,train
16774,train
21375,train
68557,train
21316,train
19723,train
22703,train
61861,train
40543,train
44374,train
56205,train
29036,train
31793,train
11811,train
54068,train
14099,train
22381,train
54049,train
3528,train
8999,train
63264,train
36504,train
47956,train
12822,train
52404,train
52861,train
62777,train
3585,train
49299,train
59379,train
33039,train
33043,train
58581,train
34540,train
46644,train
41099,train
19509,train
41427,train
68126,train
29819,train
40265,train
24513,train
31181,train
56147,train
57681,train
23816,train
11387,train
25680,train
64528,train
56350,train
16283,train
25362,train
38632,train
12992,train
68539,train
52423,train
56836,train
1703,train
68061,train
4189,train
28058,train
26917,train
69468,train
23491,train
19303,train
61741,train
53423,train
16371,train
10309,train
2502,train
60325,train
68789,train
59227,train
34499,train
55459,train
23456,train
19883,train
32897,train
54250,train
24649,train
504,train
20647,train
38423,train
68403,train
55194,train
5480,train
12221,train
10944,train
59136,train
48285,train
13501,train
6313,train
11942,train
61472,train
65961,train
21467,train
17995,train
52361,train
18479,train
38940,train
18601,train
51353,train
10663,train
6830,train
25065,train
55323,train
69773,train
8202,train
21820,train
42967,train
1208,train
38390,train
64993,train
50961,train
67885,train
63994,train
42885,train
19263,train
35430,train
69706,train
39172,train
45520,train
7006,train
46139,train
41788,train
46561,train
8854,train
69479,train
31542,train
45984,train
24063,train
7833,train
15613,train
27957,train
25633,train
33426,train
30180,train
69260,train
4157,train
44371,train
36855,train
26101,train
48885,train
2185,train
52011,train
50933,train
30938,train
15717,train
41449,train
5622,train
20099,train
56699,train
54815,train
18766,train
16329,train
44138,train
53586,train
32350,train
7343,train
29424,train
51279,train
36925,train
3952,train
58792,train
57825,train
27073,train
16321,train
68966,train
19602,train
41425,train
18972,train
50973,train
62898,train
26562,train
31457,train
42152,train
27489,train
2613,train
9380,train
58413,train
30899,train
20748,train
10757,train
12563,train
19235,train
63531,train
5979,train
31028,train
711,train
28687,train
41526,train
38397,train
23419,train
20216,train
50619,train
24645,train
42182,train
31572,train
59128,train
50881,train
35687,train
35341,train
57126,train
41980,train
7092,train
51433,train
24049,train
61209,train
27661,train
7257,train
13218,train
68040,train
41475,train
52847,train
9376,train
62904,train
54264,train
9706,train
10666,train
9856,train
32865,train
2187,train
27248,train
42032,train
8749,train
39113,train
21879,train
61127,train
6674,train
24596,train
22114,train
29765,train
46622,train
16513,train
23544,train
6925,train
38969,train
43856,train
6370,train
50698,train
20269,train
54001,train
38486,train
39304,train
35650,train
67550,train
2398,train
18691,train
62987,train
6863,train
27760,train
35969,train
3525,train
34011,train
30453,train
11918,train
13712,train
33512,train
20385,train
54406,train
49965,train
19111,train
51203,train
63123,train
61321,train
22276,train
24306,train
70046,train
60142,train
65342,train
66185,train
38429,train
28630,train
286,train
6576,train
8453,train
13357,train
47670,train
63339,train
33131,train
30206,train
61721,train
26700,train
54114,train
4146,train
68100,train
49735,train
66740,train
50941,train
7401,train
34039,train
69721,train
12521,train
38351,train
45788,train
69345,train
16812,train
14602,train
42836,train
14496,train
39959,train
30335,train
65581,train
35527,train
45183,train
52915,train
45199,train
18166,train
23208,train
16028,train
59101,train
51675,train
60526,train
10936,train
35427,train
68210,train
53530,train
24654,train
30740,train
58743,train
9207,train
53460,train
15412,train
11047,train
4508,train
19690,train
24684,train
58226,train
54576,train
55867,train
24824,train
7499,train
12169,train
17372,train
14398,train
39774,train
4089,train
44585,train
2134,train
318,train
34244,train
65161,train
55776,train
26540,train
59858,train
14864,train
36208,train
58292,train
702,train
8271,train
70487,train
29082,train
28137,train
8563,train
53741,train
16572,train
6587,train
69639,train
50310,train
28491,train
63524,train
44568,train
9279,train
36035,train
67409,train
16213,train
49135,train
38527,train
6943,train
1001,train
64290,train
18898,train
2700,train
50921,train
47517,train
68094,train
58376,train
54529,train
26493,train
47667,train
31266,train
4575,train
62512,train
7212,train
29318,train
23352,train
35091,train
19296,train
23985,train
9987,train
40478,train
58991,train
22639,train
4711,train
7077,train
40637,train
12302,train
19078,train
19261,train
1151,train
33606,train
64912,train
22145,train
25906,train
6406,train
67717,train
49120,train
70540,train
30548,train
66995,train
18935,train
59443,train
62621,train
63798,train
135,train
58836,train
41739,train
37657,train
15928,train
8553,train
48351,train
35457,train
57327,train
69425,train
29164,train
51551,train
25713,train
63075,train
46848,train
46565,train
779,train
59657,train
55825,train
544,train
56913,train
46206,train
59453,train
12806,train
15705,train
45608,train
61987,train
6039,train
52,train
64901,train
52025,train
63347,train
68491,train
27277,train
50206,train
64447,train
51896,train
39482,train
62349,train
34301,train
38435,train
61136,train
10478,train
6579,train
53437,train
18378,train
35499,train
19156,train
38230,train
5606,train
29664,train
28932,train
66488,train
53687,train
20509,train
60078,train
26487,train
17981,train
36163,train
63512,train
30542,train
33324,train
34459,train
55862,train
37381,train
10252,train
33390,train
26126,train
44197,train
48563,train
48268,train
32222,train
32157,train
3040,train
46460,train
26404,train
11655,train
40122,train
9015,train
52285,train
17837,train
62822,train
63469,train
59093,train
20901,train
9139,train
61089,train
9119,train
31546,train
43886,train
48615,train
17248,train
43490,train
25986,train
24377,train
66897,train
46733,train
61976,train
70557,train
9883,train
22302,train
40664,train
18977,train
6583,train
69635,train
8102,train
58351,train
57954,train
11279,train
26096,train
56944,train
29508,train
68952,train
68671,train
44002,train
69805,train
18352,train
1583,train
43566,train
47507,train
65999,train
10066,train
17799,train
35169,train
36624,train
69224,train
21727,train
46461,train
24235,train
3877,train
66253,train
49090,train
47362,train
25506,train
45922,train
48096,train
28663,train
14373,train
49942,train
63032,train
22118,train
33239,train
58432,train
8238,train
66692,train
13226,train
59566,train
16177,train
34771,train
15503,train
21144,train
32341,train
62217,train
15605,train
54090,train
31780,train
23113,train
34603,train
59845,train
22201,train
43063,train
20192,train
55186,train
6510,train
59901,train
34064,train
52216,train
34772,train
7760,train
36209,train
45599,train
23511,train
40299,train
39152,train
732,train
60127,train
31577,train
35088,train
24222,train
16953,train
52308,train
69589,train
50275,train
28597,train
31364,train
19749,train
32980,train
22417,train
56283,train
60845,train
64382,train
22019,train
27681,train
58750,train
43999,train
67073,train
60551,train
44316,train
65356,train
23526,train
48623,train
57945,train
66794,train
45096,train
22917,train
52706,train
39180,train
23064,train
63165,train
45477,train
37412,train
17865,train
35308,train
7462,train
62869,train
42240,train
28119,train
61156,train
13956,train
10261,train
26959,train
3594,train
12481,train
62046,train
3046,train
69019,train
16239,train
39966,train
41951,train
45725,train
51674,train
53403,train
25838,train
26631,train
62804,train
46660,train
44474,train
56061,train
31693,train
23719,train
56578,train
4329,train
47090,train
65501,train
50960,train
70106,train
21772,train
30642,train
47888,train
48211,train
28323,train
33796,train
30165,train
5012,train
58237,train
59598,train
33893,train
49570,train
20801,train
27514,train
46831,train
36518,train
3330,train
60545,train
1209,train
54737,train
55835,train
30441,train
10935,train
16440,train
33994,train
20139,train
15714,train
48727,train
24937,train
18950,train
39032,train
19316,train
3399,train
20845,train
15417,train
60171,train
16834,train
40916,train
54399,train
15639,train
20667,train
64874,train
28548,train
7601,train
62305,train
38935,train
24583,train
37876,train
51107,train
43312,train
64345,train
22576,train
29796,train
65308,train
33967,train
37458,train
31591,train
52471,train
494,train
32400,train
32479,train
17347,train
33250,train
7246,train
484,train
10106,train
28243,train
67752,train
13758,train
45912,train
1221,train
67042,train
52021,train
26170,train
69159,train
15242,train
5702,train
51014,train
31815,train
14155,train
46633,train
69152,train
2604,train
48122,train
5484,train
10040,train
5198,train
6531,train
50971,train
41586,train
11920,train
14226,train
34103,train
34305,train
36310,train
1932,train
62415,train
42697,train
27882,train
52461,train
46725,train
27059,train
20806,train
25721,train
25597,train
34043,train
65425,train
29743,train
59861,train
58643,train
34088,train
10064,train
25056,train
61754,train
67750,train
30192,train
14765,train
20152,train
18248,train
26961,train
31361,train
36860,train
28189,train
15578,train
26391,train
61787,train
8455,train
42895,train
44303,train
39944,train
1161,train
42277,train
3454,train
25716,train
50793,train
38899,train
47327,train
5287,train
40162,train
44014,train
56785,train
64545,train
65661,train
25529,train
30456,train
51177,train
9596,train
46535,train
17186,train
61651,train
63233,train
28343,train
40725,train
58264,train
31904,train
1403,train
26472,train
54753,train
5121,train
919,train
29401,train
67638,train
14959,train
39526,train
64856,train
22765,train
7640,train
13043,train
49152,train
31280,train
55801,train
62962,train
53286,train
60262,train
7708,train
48693,train
11428,train
5905,train
5205,train
13554,train
58632,train
15868,train
28553,train
14137,train
20024,train
44814,train
63033,train
1328,train
20613,train
515,train
44405,train
13528,train
47248,train
25942,train
23524,train
42972,train
16470,train
33631,train
9369,train
24753,train
3370,train
70406,train
6660,train
24587,train
4907,train
68203,train
67034,train
19847,train
53298,train
69168,train
4913,train
31818,train
45653,train
45435,train
10610,train
34967,train
56600,train
2858,train
8983,train
53130,train
52563,train
12455,train
40548,train
44246,train
69939,train
2467,train
61918,train
33053,train
60806,train
21991,train
59069,train
21668,train
65741,train
61596,train
35449,train
46293,train
54065,train
17882,train
53150,train
48048,train
4656,train
5007,train
11460,train
55212,train
69284,train
29527,train
47482,train
50218,train
42920,train
34976,train
56805,train
56843,train
40217,train
41147,train
56495,train
28616,train
5482,train
19004,train
61413,train
26568,train
29915,train
44431,train
43921,train
5596,train
34139,train
30682,train
41409,train
12444,train
50735,train
36603,train
66715,train
45207,train
10352,train
67886,train
67988,train
46869,train
46240,train
23348,train
3107,train
41411,train
41628,train
21482,train
56160,train
16968,train
59065,train
26792,train
33818,train
67796,train
32085,train
17261,train
44454,train
27602,train
19693,train
50229,train
54891,train
61675,train
29305,train
47954,train
19659,train
44511,train
23814,train
5153,train
63272,train
19595,train
58159,train
51908,train
51181,train
17361,train
55872,train
64049,train
16767,train
34219,train
6761,train
11172,train
63142,train
8091,train
54490,train
68840,train
40888,train
40201,train
14718,train
16304,train
59767,train
68247,train
38815,train
34520,train
56087,train
57048,train
52249,train
52413,train
869,train
43020,train
41184,train
51655,train
48874,train
50757,train
52658,train
42352,train
23674,train
31539,train
48916,train
58717,train
52109,train
30242,train
69723,train
58130,train
4979,train
36752,train
58613,train
9241,train
21819,train
57422,train
64214,train
2628,train
62707,train
66880,train
30205,train
19236,train
59611,train
13803,train
30274,train
3421,train
64764,train
69047,train
50254,train
60533,train
31594,train
22807,train
65028,train
49296,train
47920,train
51986,train
29013,train
70026,train
62302,train
39678,train
12874,train
69088,train
60179,train
5875,train
32387,train
16715,train
37554,train
55902,train
62914,train
32127,train
23292,train
37371,train
32830,train
44120,train
8855,train
18809,train
36049,train
61809,train
18755,train
18381,train
8968,train
50727,train
67648,train
21125,train
1347,train
61107,train
56227,train
66850,train
7594,train
40872,train
41459,train
18790,train
5495,train
70420,train
17968,train
50540,train
51163,train
16510,train
33476,train
53642,train
64607,train
19046,train
46180,train
14679,train
4105,train
22176,train
19590,train
1543,train
12995,train
56891,train
67398,train
47639,train
52337,train
17192,train
28439,train
69921,train
38938,train
3708,train
37646,train
16870,train
8831,train
16853,train
20864,train
60952,train
12210,train
58358,train
20738,train
58760,train
18990,train
54539,train
4452,train
15834,train
2459,train
27222,train
66513,train
43752,train
8070,train
19182,train
24640,train
43600,train
55979,train
48637,train
40545,train
44076,train
5868,train
20774,train
63185,train
48166,train
26661,train
34131,train
39261,train
48665,train
7869,train
63362,train
10760,train
58162,train
11433,train
30058,train
34384,train
5456,train
53487,train
13414,train
65779,train
54747,train
52657,train
26307,train
21605,train
32224,train
42147,train
59019,train
6438,train
39537,train
40727,train
37828,train
63631,train
34596,train
65878,train
59601,train
35099,train
65021,train
7283,train
6082,train
50470,train
32554,train
45455,train
7585,train
27968,train
25664,train
60883,train
42205,train
47488,train
61857,train
19986,train
21681,train
67209,train
2682,train
45524,train
29559,train
10975,train
38379,train
50873,train
22074,train
43393,train
32189,train
1333,train
41952,train
34207,train
62336,train
64736,train
11718,train
60213,train
35252,train
49126,train
7849,train
68477,train
20103,train
26669,train
34562,train
40364,train
6707,train
5451,train
63454,train
25104,train
7282,train
44052,train
36648,train
57118,train
51747,train
31706,train
60707,train
60512,train
50657,train
37133,train
2998,train
67369,train
42290,train
10970,train
19299,train
19886,train
23010,train
38942,train
13374,train
49303,train
33974,train
33569,train
29251,train
31115,train
7608,train
29096,train
11577,train
2824,train
10450,train
34891,train
67546,train
6511,train
68658,train
54933,train
15538,train
15629,train
14153,train
44469,train
35450,train
2179,train
22646,train
59709,train
36759,train
54527,train
16990,train
61600,train
701,train
61307,train
48151,train
16596,train
18229,train
61180,train
63710,train
9942,train
37901,train
12251,train
43901,train
1301,train
30752,train
33889,train
11629,train
19253,train
44786,train
45118,train
44783,train
22193,train
30330,train
41202,train
8611,train
4856,train
26264,train
63190,train
10205,train
4672,train
38413,train
69101,train
63263,train
68743,train
34962,train
20771,train
62668,train
15334,train
11006,train
50208,train
45926,train
56828,train
10926,train
70334,train
63238,train
28362,train
23848,train
12225,train
36387,train
33709,train
12691,train
45107,train
31814,train
26090,train
7324,train
51589,train
34392,train
64846,train
49656,train
8177,train
1468,train
70662,train
29741,train
50758,train
37016,train
62064,train
64714,train
49156,train
20883,train
34355,train
45348,train
28261,train
57707,train
28610,train
14658,train
5011,train
7078,train
14263,train
13223,train
58686,train
37213,train
33206,train
49863,train
24822,train
41504,train
38543,train
26649,train
4764,train
45445,train
44219,train
66774,train
59224,train
66149,train
44859,train
56468,train
34296,train
49453,train
16376,train
55556,train
47838,train
7139,train
55477,train
32219,train
52797,train
22704,train
38949,train
56550,train
47746,train
968,train
48037,train
29751,train
45188,train
15467,train
10847,train
56375,train
34003,train
40622,train
57404,train
59055,train
19571,train
63108,train
14689,train
27479,train
2225,train
45293,train
2144,train
29605,train
17680,train
35243,train
32885,train
17978,train
51553,train
18876,train
47450,train
43058,train
60039,train
44249,train
19021,train
26642,train
18510,train
49854,train
35375,train
34935,train
11719,train
817,train
35415,train
4769,train
53671,train
13733,train
32979,train
18227,train
60382,train
29702,train
21590,train
23634,train
55084,train
10728,train
42910,train
43304,train
3580,train
234,train
48083,train
41775,train
741,train
36553,train
45977,train
15897,train
9076,train
64091,train
22113,train
29242,train
61453,train
55743,train
31223,train
15723,train
34225,train
3003,train
25845,train
56010,train
28617,train
10079,train
50638,train
29478,train
11943,train
69158,train
1463,train
39186,train
24469,train
38713,train
6975,train
13966,train
47919,train
18761,train
19237,train
68174,train
5947,train
16556,train
60379,train
66058,train
53936,train
36917,train
50716,train
66648,train
48836,train
47562,train
50730,train
34390,train
14543,train
62653,train
40258,train
24929,train
65615,train
5687,train
56280,train
12977,train
30999,train
18904,train
26247,train
40022,train
23796,train
6694,train
60082,train
40987,train
47070,train
34315,train
19495,train
27501,train
65782,train
10980,train
69108,train
53225,train
6753,train
8699,train
60147,train
22009,train
63769,train
22329,train
33147,train
29516,train
63100,train
66539,train
3722,train
68592,train
51119,train
1456,train
55485,train
60754,train
34717,train
46312,train
22014,train
16247,train
11982,train
62279,train
54803,train
18045,train
8376,train
30514,train
54372,train
35614,train
30567,train
63171,train
63049,train
39565,train
51144,train
14680,train
18513,train
9054,train
19648,train
36614,train
32847,train
39036,train
31434,train
69107,train
49324,train
42513,train
68268,train
52427,train
49835,train
38188,train
27153,train
18629,train
24061,train
17363,train
37706,train
65288,train
8988,train
43331,train
38984,train
33188,train
44514,train
22064,train
67794,train
37302,train
26311,train
27157,train
38868,train
31774,train
44602,train
41441,train
29427,train
65459,train
43555,train
51857,train
14197,train
21189,train
12729,train
10458,train
10234,train
25095,train
39529,train
7228,train
23058,train
58712,train
15807,train
13429,train
58639,train
60798,train
12469,train
53749,train
12290,train
16850,train
2615,train
36641,train
38496,train
46063,train
3536,train
56961,train
14636,train
3145,train
62662,train
28147,train
42903,train
32368,train
57332,train
38952,train
48708,train
34916,train
56993,train
24797,train
67357,train
65730,train
12031,train
67102,train
33880,train
17349,train
14034,train
60915,train
70308,train
60435,train
52048,train
66272,train
37469,train
48562,train
60605,train
6167,train
20505,train
4250,train
27521,train
61105,train
3392,train
55932,train
11463,train
36738,train
67957,train
19231,train
28374,train
58233,train
24995,train
28426,train
5030,train
43130,train
18567,train
55681,train
31160,train
65740,train
32242,train
34535,train
58728,train
25123,train
36273,train
44633,train
50771,train
66016,train
523,train
45745,train
23670,train
22707,train
695,train
63252,train
44234,train
16878,train
63872,train
36598,train
43970,train
18226,train
5850,train
57705,train
69429,train
30401,train
23286,train
47782,train
55461,train
70466,train
61595,train
64935,train
1906,train
65746,train
42172,train
13524,train
30005,train
28707,train
35133,train
67184,train
17726,train
13170,train
28242,train
69933,train
56786,train
62055,train
4339,train
14446,train
16025,train
2969,train
54831,train
45228,train
52744,train
41852,train
18638,train
43730,train
17803,train
35164,train
5313,train
12973,train
17451,train
45237,train
55999,train
42745,train
62811,train
17639,train
33304,train
8669,train
14852,train
11667,train
44468,train
66218,train
62229,train
20245,train
15338,train
3060,train
21441,train
34550,train
29114,train
8374,train
17470,train
32033,train
50116,train
9159,train
44007,train
15658,train
41540,train
7008,train
208,train
64475,train
3206,train
5995,train
68475,train
19288,train
31495,train
62642,train
60824,train
65076,train
15422,train
35206,train
46486,train
18285,train
21661,train
30169,train
58614,train
52487,train
39009,train
24831,train
12288,train
16011,train
24283,train
13107,train
6692,train
66370,train
33305,train
12214,train
15283,train
21977,train
41424,train
61419,train
38124,train
17407,train
12372,train
52415,train
17224,train
40811,train
64966,train
11834,train
33361,train
70351,train
62957,train
5261,train
66894,train
8725,train
951,train
65313,train
36822,train
15351,train
36983,train
10747,train
20031,train
36211,train
21610,train
53942,train
68691,train
63577,train
47589,train
28476,train
29587,train
36406,train
5583,train
49587,train
67705,train
25667,train
32629,train
36636,train
20143,train
66426,train
13402,train
46373,train
58088,train
61954,train
1660,train
68580,train
50354,train
27473,train
13356,train
27672,train
58447,train
60314,train
25701,train
59475,train
52938,train
24895,train
33987,train
32997,train
58032,train
56987,train
826,train
47001,train
61223,train
27917,train
17516,train
16292,train
46412,train
17873,train
28882,train
21593,train
403,train
12364,train
49021,train
66637,train
50798,train
40222,train
48574,train
32306,train
22905,train
30959,train
2199,train
7231,train
12213,train
41213,train
38349,train
35834,train
39139,train
35016,train
24360,train
31184,train
45470,train
31567,train
14918,train
67312,train
67669,train
7514,train
11985,train
1246,train
58886,train
20434,train
57292,train
19567,train
22134,train
64408,train
69258,train
30888,train
54592,train
51469,train
32203,train
66373,train
8061,train
18883,train
1123,train
32455,train
63689,train
47698,train
46069,train
4733,train
18614,train
50572,train
49062,train
57504,train
55347,train
20983,train
10662,train
20459,train
38441,train
8559,train
30939,train
68085,train
66159,train
19558,train
51756,train
8637,train
6721,train
53140,train
41598,train
53421,train
5114,train
39914,train
18874,train
57690,train
5951,train
3947,train
2557,train
29688,train
4992,train
63919,train
17346,train
6942,train
36463,train
41081,train
55303,train
65204,train
7637,train
28954,train
31019,train
30191,train
6073,train
24348,train
55284,train
62591,train
67665,train
58693,train
34604,train
56051,train
5918,train
29295,train
31857,train
35670,train
11077,train
37985,train
62140,train
58290,train
42300,train
4893,train
26826,train
43486,train
42661,train
42652,train
7968,train
33704,train
38923,train
35246,train
12868,train
5270,train
11297,train
4649,train
32351,train
43572,train
51321,train
47224,train
26620,train
49139,train
50082,train
54986,train
32075,train
115,train
56426,train
69571,train
5736,train
62105,train
19003,train
23247,train
2749,train
36663,train
61633,train
38404,train
46249,train
46508,train
13948,train
24046,train
54000,train
55330,train
19460,train
60362,train
2778,train
49938,train
31217,train
24543,train
862,train
32430,train
37425,train
64570,train
65670,train
44839,train
67947,train
69031,train
21768,train
41907,train
60518,train
13072,train
67994,train
1175,train
25469,train
51793,train
13759,train
27361,train
67547,train
34830,train
27911,train
15079,train
43149,train
31147,train
8847,train
54197,train
26501,train
60199,train
54122,train
3490,train
62785,train
28303,train
18189,train
54021,train
39100,train
33993,train
31378,train
18130,train
45803,train
55062,train
64489,train
554,train
52824,train
11680,train
61124,train
50937,train
7501,train
19096,train
51103,train
41274,train
47381,train
58426,train
24385,train
49358,train
34341,train
50012,train
21613,train
62361,train
57129,train
12975,train
31157,train
32640,train
16950,train
51597,train
23361,train
49106,train
51071,train
50802,train
54132,train
14256,train
33642,train
23032,train
26016,train
20560,train
64139,train
60335,train
38818,train
65958,train
19936,train
42947,train
5848,train
12728,train
29446,train
62595,train
50231,train
32833,train
35486,train
36250,train
17020,train
66343,train
45458,train
645,train
59174,train
39986,train
66169,train
24445,train
47055,train
4506,train
6211,train
66868,train
30231,train
68569,train
5555,train
23550,train
9907,train
12514,train
52922,train
57429,train
37715,train
41893,train
24572,train
54759,train
49676,train
57015,train
60997,train
36523,train
54003,train
38793,train
56261,train
12348,train
67661,train
39995,train
18702,train
6173,train
40144,train
11674,train
46567,train
14738,train
42550,train
19836,train
48698,train
18451,train
40165,train
65787,train
25650,train
7204,train
10116,train
25170,train
26051,train
15156,train
35597,train
60304,train
9853,train
12388,train
1811,train
3985,train
17148,train
48658,train
2637,train
16273,train
30903,train
59643,train
35268,train
48448,train
27408,train
22982,train
16851,train
13874,train
27508,train
14591,train
37450,train
2471,train
32060,train
6605,train
37304,train
19966,train
26394,train
32635,train
39501,train
24131,train
44423,train
48013,train
26367,train
60424,train
57487,train
39405,train
66345,train
49654,train
48221,train
28639,train
59248,train
34745,train
51621,train
25527,train
42144,train
40355,train
6453,train
66736,train
64122,train
10943,train
2587,train
66599,train
19301,train
52878,train
6988,train
27239,train
42621,train
56327,train
58055,train
64233,train
15324,train
26407,train
69956,train
48364,train
26186,train
32780,train
40934,train
53685,train
25631,train
2552,train
302,train
30960,train
24674,train
38978,train
42591,train
15359,train
30397,train
4891,train
4909,train
65533,train
12670,train
22377,train
42543,train
33087,train
15192,train
46112,train
28173,train
28249,train
5259,train
68836,train
731,train
11422,train
55211,train
59246,train
24381,train
63288,train
16302,train
4654,train
43676,train
31394,train
2699,train
25008,train
7433,train
23022,train
52710,train
39027,train
46092,train
12725,train
64076,train
59884,train
1488,train
25411,train
18236,train
38231,train
19553,train
28003,train
67068,train
42445,train
26207,train
29079,train
65666,train
62503,train
63164,train
14315,train
21861,train
46342,train
18336,train
69846,train
51315,train
22884,train
49625,train
51837,train
61098,train
53215,train
61179,train
63540,train
44688,train
68731,train
63448,train
46742,train
3903,train
49483,train
31006,train
48143,train
44387,train
1609,train
798,train
3093,train
52274,train
16075,train
56095,train
42669,train
17722,train
24575,train
24033,train
53505,train
51596,train
24470,train
12559,train
57627,train
56127,train
31163,train
53206,train
28501,train
48821,train
56663,train
37761,train
8259,train
2197,train
40974,train
56033,train
67105,train
59676,train
53623,train
19049,train
11019,train
33549,train
154,train
58400,train
10954,train
24354,train
21330,train
4158,train
26150,train
16053,train
19484,train
29836,train
29860,train
44993,train
46314,train
26918,train
57886,train
53083,train
35998,train
26670,train
67295,train
9305,train
9160,train
5257,train
5822,train
40880,train
11964,train
26576,train
52242,train
51082,train
9074,train
34162,train
56271,train
17187,train
64515,train
26659,train
36451,train
68123,train
51192,train
17668,train
31240,train
29151,train
54770,train
49565,train
30452,train
23043,train
27461,train
65312,train
52547,train
7142,train
63918,train
7287,train
10854,train
68376,train
39941,train
48974,train
9711,train
60016,train
32582,train
15901,train
60255,train
14460,train
54472,train
59646,train
52090,train
16585,train
55339,train
21894,train
19213,train
10571,train
35069,train
60470,train
31686,train
15341,train
30772,train
40592,train
53555,train
69666,train
43138,train
44650,train
56352,train
56673,train
55989,train
5538,train
31940,train
10524,train
34515,train
28549,train
44187,train
57289,train
39953,train
13090,train
68057,train
47577,train
48148,train
11063,train
48423,train
55705,train
10534,train
23494,train
63814,train
25345,train
58114,train
21168,train
61491,train
599,train
50348,train
2132,train
61643,train
66707,train
42567,train
60446,train
3494,train
40589,train
23157,train
62547,train
4223,train
64679,train
31219,train
17530,train
65856,train
53092,train
33396,train
40750,train
9177,train
13476,train
54020,train
35584,train
45469,train
47935,train
51648,train
13027,train
4792,train
42859,train
64435,train
1831,train
46254,train
9739,train
19608,train
53059,train
2020,train
28088,train
37210,train
40494,train
17581,train
59807,train
56535,train
55894,train
38617,train
39369,train
48797,train
36338,train
13903,train
35237,train
50790,train
68409,train
33872,train
41349,train
20182,train
36732,train
31779,train
36397,train
12785,train
31477,train
52376,train
21798,train
50256,train
4255,train
33003,train
27972,train
5230,train
9847,train
66860,train
4660,train
29197,train
38246,train
56554,train
35050,train
42704,train
55928,train
26512,train
66620,train
45474,train
19578,train
8698,train
62552,train
19609,train
41012,train
1204,train
4646,train
25917,train
42632,train
45918,train
26295,train
69196,train
39368,train
62563,train
15439,train
69218,train
64686,train
54927,train
55260,train
17333,train
69982,train
22593,train
23260,train
35716,train
19106,train
66665,train
67429,train
47834,train
2799,train
27920,train
9807,train
50110,train
14421,train
46717,train
36005,train
23936,train
18716,train
51517,train
69249,train
68817,train
20681,train
27615,train
53018,train
37859,train
65841,train
9825,train
26530,train
19901,train
6578,train
8821,train
40246,train
16161,train
30913,train
51289,train
60351,train
7144,train
12120,train
39337,train
38410,train
9100,train
67410,train
25969,train
17718,train
12503,train
19778,train
40601,train
66364,train
46439,train
64119,train
70390,train
28964,train
43271,train
55834,train
60612,train
46592,train
16064,train
38848,train
40640,train
12657,train
36394,train
65253,train
63399,train
42982,train
67513,train
63588,train
26187,train
5161,train
16755,train
11415,train
43850,train
45417,train
34425,train
50387,train
9188,train
69293,train
63159,train
22725,train
66219,train
53002,train
3506,train
58041,train
37899,train
48199,train
21891,train
20370,train
24617,train
45235,train
14023,train
40946,train
17499,train
55076,train
1971,train
62545,train
584,train
4938,train
24332,train
45113,train
45758,train
19269,train
1228,train
66092,train
66793,train
39671,train
69366,train
39078,train
26851,train
44097,train
18924,train
33997,train
9764,train
45838,train
70211,train
9980,train
70202,train
5785,train
65694,train
69581,train
18221,train
52702,train
7848,train
28043,train
17731,train
39434,train
69792,train
51909,train
17250,train
4773,train
33798,train
18149,train
19954,train
7627,train
50880,train
63259,train
557,train
14296,train
46273,train
4091,train
11142,train
62929,train
5489,train
49277,train
31543,train
52611,train
48923,train
45780,train
52958,train
62745,train
51825,train
18006,train
65821,train
55072,train
20489,train
14186,train
65236,train
29920,train
42115,train
68705,train
2229,train
17152,train
30421,train
2211,train
60931,train
8868,train
14304,train
64453,train
7933,train
2781,train
14415,train
69388,train
38573,train
26896,train
69950,train
260,train
33302,train
16614,train
24151,train
23695,train
62798,train
25668,train
58557,train
44911,train
3415,train
13299,train
7235,train
62887,train
9360,train
56390,train
25000,train
9873,train
8178,train
17126,train
30915,train
17880,train
61555,train
3132,train
22687,train
52918,train
59155,train
22445,train
26995,train
43060,train
52948,train
21572,train
3379,train
4544,train
17208,train
12741,train
40424,train
47407,train
49150,train
42299,train
54802,train
4167,train
13773,train
59147,train
16806,train
25162,train
23812,train
3441,train
38243,train
32760,train
41570,train
33073,train
38776,train
33291,train
61520,train
14481,train
68829,train
59123,train
46438,train
33694,train
60359,train
20020,train
20891,train
2093,train
53571,train
51327,train
20710,train
57598,train
62137,train
44921,train
36396,train
48992,train
22952,train
32370,train
33546,train
7391,train
49319,train
55904,train
7226,train
40746,train
40323,train
56278,train
10148,train
62180,train
27679,train
19831,train
65618,train
38261,train
36898,train
38009,train
19169,train
70615,train
57265,train
26563,train
29408,train
67757,train
8958,train
11046,train
41841,train
6171,train
38703,train
49746,train
8400,train
47210,train
24800,train
26686,train
24148,train
55978,train
9153,train
21341,train
53510,train
36933,train
29657,train
35205,train
65045,train
54442,train
34085,train
61781,train
21420,train
57952,train
1270,train
41704,train
14445,train
21065,train
49415,train
56266,train
34256,train
50413,train
69048,train
57406,train
25487,train
40785,train
35374,train
31106,train
53744,train
2174,train
23781,train
1695,train
40003,train
35475,train
41133,train
8903,train
67349,train
33098,train
6634,train
23722,train
56365,train
3823,train
40537,train
11589,train
39763,train
4162,train
45002,train
2348,train
56667,train
13498,train
32495,train
46751,train
35379,train
55903,train
9286,train
17225,train
57192,train
61532,train
7394,train
9822,train
69332,train
3446,train
14412,train
61562,train
68771,train
1448,train
65003,train
63445,train
5031,train
15929,train
33947,train
69826,train
22295,train
25041,train
7644,train
48086,train
12815,train
48439,train
6385,train
11658,train
17897,train
16057,train
57536,train
5345,train
32608,train
57216,train
64546,train
867,train
42487,train
36606,train
49725,train
61095,train
61891,train
67169,train
16589,train
51797,train
13201,train
22621,train
3036,train
61752,train
26740,train
70513,train
65287,train
23592,train
3643,train
46817,train
48484,train
24058,train
3702,train
12739,train
38936,train
1381,train
7703,train
44520,train
1118,train
52473,train
69514,train
4104,train
30468,train
58620,train
11080,train
29188,train
16026,train
32972,train
2286,train
9083,train
12792,train
22025,train
57901,train
68432,train
59677,train
52006,train
58966,train
49864,train
27189,train
11737,train
21623,train
21841,train
24108,train
42227,train
48608,train
45106,train
4186,train
66163,train
35042,train
58236,train
10551,train
10129,train
3675,train
53554,train
4040,train
55310,train
66231,train
32541,train
16486,train
53644,train
45990,train
29444,train
36962,train
22420,train
66623,train
40801,train
2537,train
20344,train
11028,train
39547,train
35617,train
62831,train
37015,train
50061,train
16116,train
34958,train
338,train
40316,train
2220,train
43268,train
21161,train
62226,train
66858,train
14683,train
38199,train
30384,train
5,train
43825,train
16099,train
620,train
66829,train
68914,train
36456,train
14995,train
56981,train
68590,train
48841,train
13261,train
23555,train
7827,train
57511,train
32208,train
18392,train
54427,train
60594,train
39455,train
31381,train
14737,train
16131,train
70474,train
61381,train
28318,train
33638,train
3865,train
46945,train
19500,train
66432,train
51481,train
59543,train
27735,train
26613,train
67266,train
45610,train
57061,train
7926,train
65762,train
45716,train
57307,train
50280,train
22843,train
46016,train
17095,train
48486,train
54835,train
43902,train
22161,train
46344,train
52742,train
47700,train
68648,train
12818,train
28062,train
44365,train
21649,train
62380,train
1508,train
45280,train
22661,train
58145,train
65199,train
7180,train
30885,train
3499,train
43602,train
50042,train
45783,train
52129,train
62721,train
10707,train
4662,train
22994,train
5550,train
70570,train
33129,train
26496,train
11385,train
21502,train
68621,train
53584,train
51796,train
21560,train
6255,train
58521,train
15149,train
706,train
28280,train
11193,train
19912,train
46282,train
30608,train
42025,train
13283,train
37824,train
61948,train
56442,train
24807,train
45857,train
11550,train
33059,train
12087,train
10078,train
5525,train
54765,train
35733,train
55532,train
2829,train
12073,train
5196,train
596,train
4050,train
34563,train
51731,train
11798,train
55874,train
27349,train
67543,train
30448,train
13651,train
3983,train
17604,train
25691,train
25961,train
5752,train
27725,train
47188,train
22458,train
70245,train
18152,train
47369,train
51199,train
58812,train
18457,train
5066,train
12021,train
35149,train
40185,train
36584,train
55934,train
32745,train
11013,train
50298,train
10764,train
5969,train
29244,train
4327,train
15087,train
22592,train
50120,train
25311,train
57657,train
5885,train
2215,train
48246,train
48707,train
37935,train
47348,train
67438,train
65401,train
14234,train
52879,train
59918,train
61716,train
23706,train
27807,train
59465,train
6767,train
10504,train
70575,train
14604,train
60404,train
33407,train
13608,train
19635,train
63668,train
36234,train
55199,train
19787,train
34631,train
34943,train
49426,train
27520,train
64867,train
7628,train
66575,train
58635,train
62004,train
18719,train
26403,train
1560,train
20309,train
68054,train
69548,train
20678,train
33565,train
6763,train
17664,train
28870,train
64351,train
828,train
36023,train
63687,train
58881,train
7148,train
58440,train
68866,train
69852,train
63403,train
7305,train
5102,train
10660,train
10569,train
38547,train
14875,train
6592,train
60977,train
11002,train
48817,train
48270,train
57179,train
45909,train
27271,train
24915,train
44960,train
19434,train
1405,train
27282,train
24659,train
58746,train
33107,train
17078,train
39320,train
65509,train
879,train
15125,train
68311,train
48583,train
40397,train
37223,train
38710,train
47858,train
26386,train
7333,train
51587,train
9947,train
15709,train
35852,train
42222,train
17482,train
67081,train
43315,train
18525,train
22740,train
9023,train
36542,train
25295,train
63809,train
11398,train
18840,train
60523,train
53237,train
22511,train
68818,train
4499,train
65920,train
49899,train
67346,train
43932,train
9863,train
2801,train
14697,train
21336,train
40479,train
3662,train
37216,train
45005,train
4578,train
25145,train
4342,train
39022,train
55127,train
30057,train
66884,train
13434,train
347,train
62068,train
13829,train
22686,train
56845,train
66503,train
63410,train
62172,train
63828,train
18136,train
7909,train
37361,train
4169,train
30431,train
25558,train
29389,train
1913,train
10562,train
30040,train
43305,train
19864,train
40857,train
53885,train
67718,train
19918,train
62366,train
56810,train
18858,train
22385,train
19674,train
52620,train
55642,train
51920,train
42441,train
6730,train
28587,train
45142,train
24304,train
36988,train
32429,train
37367,train
51487,train
12669,train
25792,train
19356,train
18819,train
61709,train
17405,train
42831,train
50550,train
26339,train
45102,train
69989,train
58920,train
5689,train
33300,train
9349,train
28067,train
28004,train
28032,train
610,train
17438,train
11691,train
39294,train
68189,train
26199,train
23970,train
31781,train
26542,train
51332,train
11334,train
65983,train
60908,train
12717,train
14889,train
29887,train
51252,train
69059,train
28438,train
42605,train
41716,train
15473,train
44005,train
11328,train
58589,train
40469,train
25431,train
69095,train
14075,train
58013,train
38068,train
10033,train
19127,train
50845,train
34261,train
54382,train
41584,train
2734,train
32756,train
63674,train
36558,train
50428,train
26584,train
34676,train
47307,train
63066,train
57996,train
46862,train
36308,train
17275,train
20522,train
68882,train
65154,train
21222,train
24893,train
17705,train
6547,train
21118,train
66663,train
38272,train
20626,train
35100,train
29568,train
61724,train
43443,train
47287,train
58142,train
59014,train
24277,train
11810,train
18305,train
22571,train
49465,train
56068,train
58986,train
40531,train
59168,train
39480,train
29907,train
52673,train
50047,train
4581,train
57257,train
1946,train
10302,train
57036,train
4621,train
59486,train
52132,train
16290,train
19487,train
43295,train
50066,train
5986,train
54858,train
63216,train
49943,train
15274,train
3475,train
70449,train
23718,train
6770,train
17100,train
28090,train
62132,train
69275,train
28019,train
9353,train
67222,train
5220,train
14542,train
55775,train
53297,train
2524,train
16046,train
26944,train
9775,train
48378,train
69860,train
63966,train
29484,train
26376,train
16456,train
3118,train
52280,train
41363,train
60208,train
32414,train
43865,train
21794,train
41177,train
17259,train
68134,train
61856,train
56856,train
24657,train
30976,train
69717,train
29172,train
6850,train
64844,train
47512,train
39061,train
38097,train
59472,train
16747,train
51159,train
2751,train
58544,train
3896,train
54309,train
40984,train
16233,train
15808,train
44563,train
51478,train
55964,train
62078,train
11793,train
64393,train
65502,train
23078,train
67562,train
63733,train
53354,train
67783,train
47445,train
53569,train
3507,train
14208,train
13292,train
49623,train
19328,train
14878,train
40087,train
33472,train
33044,train
4237,train
51045,train
11544,train
55636,train
7416,train
70530,train
58149,train
12939,train
5028,train
67844,train
38715,train
54331,train
306,train
35766,train
67013,train
23800,train
37991,train
18895,train
53604,train
62121,train
34797,train
9537,train
29448,train
258,train
39895,train
56136,train
32006,train
16415,train
63425,train
42616,train
36051,train
67942,train
20468,train
53717,train
8398,train
18138,train
35041,train
57366,train
64633,train
46445,train
23727,train
11698,train
979,train
25919,train
52986,train
55473,train
61286,train
6223,train
46067,train
50520,train
16403,train
65471,train
48320,train
46901,train
4636,train
67311,train
2565,train
28647,train
3645,train
22964,train
20075,train
68231,train
35684,train
67173,train
6230,train
28505,train
61097,train
59600,train
70634,train
8270,train
28239,train
19218,train
54092,train
38861,train
17753,train
32525,train
44578,train
2421,train
36236,train
68859,train
10068,train
20797,train
24346,train
47143,train
24868,train
46025,train
22350,train
46865,train
62438,train
7492,train
46794,train
34367,train
26129,train
9516,train
60091,train
6078,train
48818,train
34079,train
37456,train
52172,train
40606,train
32689,train
38462,train
46220,train
33040,train
59802,train
6742,train
61172,train
4872,train
32951,train
32388,train
57925,train
6256,train
22212,train
50320,train
68777,train
54174,train
48119,train
66928,train
16243,train
58766,train
3471,train
9389,train
69885,train
10625,train
18385,train
21115,train
1951,train
41693,train
59609,train
28840,train
22602,train
61963,train
37557,train
39567,train
17181,train
44283,train
6227,train
53491,train
53068,train
17834,train
53651,train
38019,train
54746,train
61471,train
49442,train
7765,train
24374,train
27307,train
49724,train
14422,train
28404,train
13284,train
28304,train
66350,train
29667,train
44369,train
54509,train
47161,train
25735,train
15577,train
19873,train
51710,train
26093,train
27432,train
3886,train
36734,train
22,train
16173,train
57256,train
21897,train
41861,train
15547,train
40819,train
12978,train
49018,train
27075,train
8824,train
68974,train
48802,train
6100,train
31845,train
18202,train
60639,train
1512,train
31123,train
59781,train
63192,train
21688,train
69300,train
52499,train
9591,train
66110,train
3962,train
58839,train
16368,train
1359,train
56733,train
42593,train
59540,train
22730,train
3543,train
15626,train
17973,train
46756,train
55493,train
60866,train
44476,train
6724,train
32357,train
37694,train
31980,train
55357,train
41831,train
48263,train
11361,train
23918,train
20916,train
40040,train
64111,train
15117,train
50465,train
19979,train
27247,train
3977,train
58940,train
57234,train
47718,train
20721,train
43520,train
54480,train
2014,train
1793,train
70238,train
11314,train
57970,train
8312,train
19652,train
180,train
3216,train
28926,train
51273,train
28446,train
11995,train
53413,train
5474,train
56152,train
37338,train
19440,train
16128,train
1776,train
60189,train
64539,train
6348,train
1689,train
46735,train
54740,train
30404,train
44143,train
27244,train
32812,train
20517,train
21281,train
14264,train
47613,train
21538,train
50485,train
20635,train
3841,train
30497,train
57810,train
40829,train
70118,train
57268,train
56155,train
41074,train
462,train
69271,train
41877,train
48843,train
13910,train
52796,train
9423,train
55443,train
44958,train
3929,train
8912,train
33363,train
11639,train
63310,train
25080,train
19697,train
6503,train
46361,train
54965,train
6125,train
6967,train
30275,train
67216,train
14018,train
12084,train
35626,train
1071,train
48904,train
9763,train
1917,train
42690,train
6875,train
42145,train
69228,train
52952,train
40784,train
57333,train
42546,train
6209,train
51670,train
38764,train
6149,train
67936,train
70594,train
13997,train
69440,train
30793,train
24029,train
36000,train
29653,train
7719,train
37079,train
69122,train
58000,train
35127,train
30131,train
14210,train
66473,train
2954,train
9655,train
32500,train
31324,train
49257,train
38257,train
44836,train
24660,train
13951,train
62146,train
42055,train
20612,train
33317,train
50932,train
47597,train
11664,train
1372,train
34166,train
45036,train
8541,train
57669,train
4941,train
42015,train
34875,train
24618,train
6784,train
54667,train
67538,train
12945,train
19193,train
43455,train
49015,train
10277,train
7360,train
37756,train
68624,train
19781,train
69273,train
8204,train
40899,train
32983,train
68643,train
32078,train
59366,train
68489,train
48075,train
55111,train
54603,train
65657,train
14168,train
11263,train
41380,train
50555,train
14929,train
54864,train
26120,train
65031,train
28321,train
69161,train
6689,train
1843,train
68939,train
29281,train
64207,train
59692,train
3848,train
8310,train
41897,train
19071,train
45388,train
11516,train
68877,train
20435,train
69516,train
17000,train
4247,train
48350,train
12004,train
67212,train
42848,train
20994,train
41362,train
54994,train
58365,train
70237,train
69416,train
51250,train
32045,train
42601,train
2263,train
39710,train
29794,train
42459,train
15909,train
56641,train
22862,train
52804,train
41318,train
39837,train
61335,train
54596,train
37204,train
53357,train
9044,train
55378,train
41270,train
10779,train
67156,train
33330,train
38590,train
40931,train
53035,train
43275,train
3140,train
34617,train
32499,train
23349,train
61902,train
52370,train
39361,train
18481,train
70007,train
59470,train
51415,train
4595,train
39236,train
31366,train
168,train
51078,train
9446,train
24714,train
54674,train
5837,train
2543,train
21810,train
14569,train
15527,train
5797,train
58861,train
22492,train
59800,train
23732,train
49389,train
29626,train
27893,train
11676,train
67580,train
68465,train
58166,train
42872,train
10701,train
62413,train
37928,train
10853,train
2153,train
55153,train
23438,train
15949,train
11239,train
35271,train
44569,train
70329,train
30210,train
48160,train
2874,train
25342,train
11854,train
40096,train
46743,train
42101,train
18039,train
53573,train
32957,train
15888,train
15491,train
40131,train
31533,train
32522,train
39385,train
32761,train
3474,train
29672,train
27606,train
57352,train
55551,train
63124,train
37746,train
60129,train
69212,train
11618,train
26382,train
62075,train
25025,train
43930,train
51403,train
32162,train
59320,train
17164,train
57186,train
43122,train
59655,train
11469,train
25112,train
1918,train
68806,train
27104,train
58030,train
19994,train
22427,train
34749,train
35723,train
9521,train
10408,train
37409,train
43979,train
32397,train
56321,train
14033,train
62724,train
9675,train
20638,train
31715,train
32896,train
18001,train
11570,train
59667,train
6203,train
13652,train
62310,train
16915,train
35838,train
54359,train
3974,train
24750,train
125,train
42677,train
36715,train
59254,train
13701,train
56687,train
30893,train
50673,train
36943,train
51978,train
57301,train
23139,train
64483,train
39843,train
46256,train
27596,train
17525,train
58155,train
2036,train
11134,train
21329,train
23952,train
40878,train
18979,train
60458,train
24073,train
9664,train
54602,train
33879,train
36733,train
7572,train
27089,train
66031,train
14673,train
39060,train
57780,train
63507,train
45027,train
50944,train
34231,train
47441,train
45590,train
36061,train
29645,train
33671,train
25449,train
61639,train
3452,train
26073,train
15653,train
38305,train
33079,train
50128,train
57576,train
20164,train
1321,train
4000,train
38083,train
26212,train
43370,train
1898,train
49918,train
57211,train
13045,train
29297,train
5096,train
38614,train
69488,train
23487,train
30744,train
65579,train
19559,train
64016,train
9820,train
16439,train
2004,train
43272,train
68341,train
35942,train
15497,train
27049,train
29459,train
9313,train
28475,train
28105,train
37997,train
24867,train
8873,train
57235,train
51248,train
52093,train
35825,train
42059,train
57006,train
27804,train
68338,train
35086,train
69241,train
36703,train
64420,train
60092,train
266,train
53322,train
37477,train
48321,train
21759,train
801,train
7952,train
64590,train
4069,train
51976,train
49351,train
41218,train
2120,train
2643,train
52781,train
32165,train
28600,train
47827,train
22939,train
6559,train
41170,train
2816,train
861,train
35262,train
61564,train
53470,train
55470,train
26684,train
52617,train
16563,train
45951,train
69576,train
31362,train
59163,train
3642,train
38570,train
31952,train
26041,train
50091,train
57979,train
55467,train
43599,train
11617,train
33160,train
46795,train
4243,train
42453,train
22399,train
40028,train
7323,train
1797,train
39769,train
66293,train
8848,train
33779,train
56692,train
51373,train
29651,train
31293,train
70429,train
45151,train
60910,train
33124,train
64770,train
24197,train
59333,train
2551,train
43811,train
66146,train
6424,train
8598,train
25226,train
52676,train
65505,train
11987,train
1540,train
20899,train
55042,train
60803,train
40856,train
52115,train
48572,train
30703,train
20703,train
50505,train
31534,train
40079,train
6709,train
56819,train
21468,train
49334,train
51594,train
11527,train
17969,train
19614,train
34793,train
51917,train
8068,train
13626,train
49773,train
38357,train
67753,train
55719,train
44887,train
31127,train
68844,train
30418,train
35900,train
62676,train
49335,train
69787,train
26047,train
15166,train
6376,train
4163,train
66166,train
16978,train
68538,train
21096,train
22722,train
39277,train
5117,train
62178,train
20050,train
36079,train
22623,train
14801,train
41237,train
53122,train
48313,train
52969,train
36683,train
40616,train
15262,train
421,train
2975,train
40639,train
4336,train
1054,train
33888,train
20146,train
10036,train
11560,train
33531,train
47837,train
39245,train
30881,train
53031,train
10601,train
18470,train
65001,train
17902,train
358,train
45428,train
4049,train
28748,train
35666,train
61958,train
1355,train
36082,train
14603,train
23620,train
53171,train
40749,train
32437,train
65496,train
35401,train
54029,train
8966,train
33345,train
30096,train
63472,train
23300,train
12437,train
45625,train
61274,train
28129,train
55426,train
7861,train
33748,train
49160,train
50789,train
26799,train
45741,train
35553,train
65200,train
23961,train
3885,train
59613,train
67864,train
49071,train
15436,train
46777,train
3259,train
47866,train
19134,train
24411,train
7308,train
57654,train
12932,train
13710,train
15721,train
61219,train
3087,train
4538,train
48831,train
12618,train
40188,train
57283,train
38855,train
40939,train
34817,train
46887,train
54707,train
27898,train
13094,train
52929,train
51622,train
6225,train
17915,train
45418,train
17689,train
3195,train
52321,train
48021,train
4908,train
51798,train
28767,train
21559,train
67821,train
10092,train
70103,train
44103,train
52885,train
29885,train
44513,train
70183,train
16404,train
1670,train
17271,train
57862,train
60684,train
715,train
2504,train
66631,train
69183,train
68108,train
54744,train
378,train
53873,train
50115,train
37813,train
18386,train
5971,train
64166,train
59388,train
52905,train
12653,train
52756,train
30264,train
37903,train
14138,train
60165,train
47654,train
27451,train
31078,train
60174,train
67652,train
66954,train
21758,train
37982,train
43882,train
66401,train
23003,train
15774,train
60742,train
55078,train
15388,train
30685,train
70315,train
11954,train
49921,train
28823,train
34497,train
35917,train
66619,train
23346,train
61191,train
14390,train
37793,train
17004,train
32209,train
150,train
65072,train
36498,train
31937,train
47083,train
7014,train
27115,train
66856,train
48598,train
24414,train
13695,train
54296,train
63093,train
16059,train
47649,train
32244,train
23498,train
49388,train
53930,train
19514,train
12300,train
46583,train
22071,train
53758,train
53729,train
31411,train
9048,train
34412,train
8860,train
8188,train
59902,train
33432,train
42612,train
28210,train
62979,train
23698,train
23922,train
56712,train
59195,train
44612,train
57368,train
7577,train
14806,train
51829,train
21740,train
53170,train
19117,train
49206,train
48506,train
51904,train
65998,train
69715,train
9597,train
13446,train
57828,train
21236,train
56489,train
28493,train
8555,train
53522,train
62699,train
64047,train
40556,train
49002,train
7265,train
59157,train
12631,train
56965,train
64182,train
22831,train
50315,train
20087,train
15665,train
13904,train
9705,train
10550,train
19584,train
61977,train
70184,train
22279,train
32837,train
3775,train
50685,train
32483,train
23504,train
70568,train
69131,train
51396,train
2796,train
67544,train
33460,train
69026,train
613,train
56126,train
41731,train
10037,train
47314,train
63644,train
64281,train
30806,train
32256,train
65484,train
18584,train
56590,train
45039,train
7002,train
66014,train
15652,train
43884,train
26158,train
5608,train
50088,train
66118,train
51292,train
58457,train
9476,train
54464,train
48247,train
1280,train
54879,train
62352,train
40415,train
67485,train
2521,train
53614,train
50926,train
41756,train
50558,train
53843,train
696,train
27378,train
9668,train
40903,train
26507,train
8285,train
22300,train
6387,train
44176,train
51794,train
22275,train
45410,train
9972,train
39751,train
3169,train
59413,train
53037,train
62385,train
60094,train
19346,train
49922,train
60011,train
22259,train
68104,train
43254,train
35250,train
22468,train
2779,train
5962,train
53993,train
48164,train
20650,train
61579,train
14129,train
39606,train
36419,train
20642,train
63146,train
25058,train
50810,train
34582,train
5351,train
5309,train
42281,train
609,train
32236,train
25305,train
54098,train
11397,train
33078,train
42314,train
41371,train
21496,train
29810,train
37738,train
43186,train
39357,train
32953,train
54454,train
35331,train
34774,train
45786,train
57085,train
59061,train
8366,train
7689,train
53155,train
46673,train
39130,train
60877,train
41880,train
55249,train
424,train
45010,train
1182,train
1281,train
2638,train
1,train
2919,train
48761,train
2707,train
44504,train
20865,train
37522,train
15693,train
65064,train
63675,train
1679,train
54225,train
57150,train
23667,train
16734,train
43800,train
55063,train
37471,train
44415,train
63356,train
50414,train
33830,train
53042,train
20437,train
58911,train
30815,train
18798,train
8772,train
28449,train
11288,train
60780,train
28486,train
46188,train
22958,train
21211,train
48740,train
28161,train
20608,train
58042,train
61200,train
23617,train
2429,train
5565,train
50026,train
60243,train
337,train
52504,train
6095,train
47085,train
65149,train
60132,train
61083,train
68443,train
2190,train
17132,train
31914,train
22869,train
9917,train
18789,train
40591,train
45560,train
19496,train
9189,train
2777,train
22857,train
442,train
17510,train
58483,train
26957,train
48650,train
29398,train
41707,train
66377,train
6221,train
12283,train
28030,train
43853,train
7820,train
17234,train
1764,train
22644,train
59179,train
67784,train
57180,train
70027,train
10502,train
59403,train
11924,train
61304,train
12799,train
58780,train
22965,train
68646,train
32484,train
39461,train
10797,train
67387,train
22183,train
61984,train
20783,train
40054,train
24201,train
8277,train
43024,train
38209,train
39730,train
11427,train
30980,train
32705,train
12609,train
11986,train
39077,train
41689,train
12256,train
62896,train
4618,train
51883,train
56695,train
29011,train
48906,train
49195,train
46023,train
25180,train
69734,train
39484,train
40516,train
20009,train
8612,train
43195,train
63934,train
20736,train
17924,train
35235,train
20301,train
8484,train
51918,train
34348,train
21433,train
67838,train
57639,train
55623,train
10320,train
886,train
1479,train
52853,train
22446,train
30709,train
14310,train
4956,train
67922,train
30134,train
6633,train
28845,train
18753,train
62996,train
23372,train
4837,train
43152,train
65807,train
33557,train
46285,train
12547,train
69544,train
49012,train
41572,train
13849,train
14901,train
7906,train
21285,train
57064,train
6658,train
60356,train
25573,train
20544,train
30006,train
55598,train
30395,train
37089,train
40962,train
19720,train
48452,train
59411,train
36500,train
15704,train
19425,train
10191,train
2384,train
48072,train
7772,train
65796,train
7543,train
56782,train
21039,train
14437,train
24074,train
32744,train
24072,train
22521,train
50478,train
55892,train
43739,train
64836,train
20157,train
67297,train
65861,train
27012,train
35277,train
4644,train
36622,train
17578,train
46672,train
17221,train
51890,train
2601,train
64861,train
45641,train
57442,train
45215,train
39271,train
61723,train
51518,train
38820,train
26173,train
50964,train
11170,train
65251,train
2110,train
25047,train
70239,train
58811,train
2988,train
49579,train
12136,train
62920,train
6808,train
28881,train
54271,train
38526,train
66068,train
21456,train
48930,train
17696,train
53703,train
70476,train
40407,train
60284,train
11976,train
4152,train
37509,train
12391,train
65223,train
19203,train
22689,train
22931,train
13329,train
54634,train
64657,train
59445,train
54804,train
58071,train
10054,train
8007,train
49377,train
67189,train
45361,train
60183,train
25547,train
20375,train
61656,train
66607,train
62027,train
12321,train
65359,train
63086,train
27633,train
57857,train
28252,train
37150,train
1544,train
22539,train
39643,train
5841,train
60581,train
63197,train
20463,train
33812,train
64163,train
59288,train
66735,train
14302,train
9718,train
17535,train
22681,train
49350,train
8280,train
34086,train
63580,train
17392,train
27945,train
20656,train
62751,train
23987,train
3321,train
19168,train
3644,train
10416,train
68324,train
45594,train
25894,train
32245,train
28150,train
27470,train
26955,train
63095,train
35520,train
32316,train
42269,train
57239,train
65015,train
47617,train
14464,train
67765,train
44027,train
31241,train
17522,train
51194,train
36116,train
15930,train
67882,train
15999,train
28441,train
43112,train
29756,train
33136,train
31996,train
56012,train
27653,train
60042,train
54246,train
1394,train
65018,train
49328,train
9006,train
39134,train
29480,train
63423,train
10436,train
14167,train
64263,train
46827,train
66208,train
26841,train
51195,train
28971,train
70414,train
47515,train
54990,train
46088,train
33829,train
66676,train
24946,train
26280,train
34599,train
15919,train
62499,train
55065,train
28520,train
57846,train
46859,train
68410,train
66413,train
51772,train
35526,train
33924,train
15976,train
16507,train
50264,train
23933,train
59956,train
18104,train
54476,train
36668,train
59456,train
63006,train
43073,train
49128,train
58800,train
15107,train
108,train
21741,train
36619,train
53800,train
13030,train
19157,train
22247,train
60163,train
50324,train
20461,train
1824,train
25301,train
65081,train
4215,train
35216,train
2639,train
20869,train
4378,train
43385,train
55847,train
57831,train
66906,train
40590,train
25615,train
42028,train
26030,train
17207,train
9148,train
35495,train
5936,train
60237,train
69478,train
37169,train
23672,train
4917,train
58467,train
25467,train
32663,train
46467,train
1855,train
13057,train
38542,train
66349,train
55130,train
35128,train
6847,train
28576,train
30189,train
26545,train
1103,train
47065,train
57190,train
67036,train
39002,train
62207,train
35455,train
8720,train
59514,train
47844,train
39623,train
48132,train
52386,train
19314,train
70386,train
42430,train
62592,train
1003,train
15803,train
64444,train
18219,train
42814,train
26527,train
66525,train
51816,train
60209,train
58516,train
40723,train
57021,train
17024,train
58335,train
18463,train
65151,train
48975,train
2470,train
36534,train
10331,train
32556,train
45139,train
30895,train
55889,train
2166,train
63515,train
3786,train
7792,train
63080,train
11645,train
18815,train
67358,train
45974,train
3505,train
13415,train
49203,train
14694,train
43604,train
7044,train
32012,train
47685,train
33941,train
10399,train
4126,train
17645,train
57638,train
3187,train
34985,train
55608,train
7220,train
44285,train
17494,train
47524,train
63626,train
53886,train
8473,train
6822,train
14748,train
17538,train
57611,train
70304,train
60302,train
43608,train
8648,train
51031,train
24300,train
41297,train
62766,train
49794,train
9049,train
6960,train
54521,train
18158,train
5084,train
6362,train
23029,train
31745,train
14124,train
11331,train
56242,train
45510,train
37286,train
43987,train
16794,train
43478,train
13568,train
22378,train
50529,train
40732,train
2838,train
20954,train
28667,train
20696,train
7823,train
9632,train
66981,train
3804,train
22515,train
61608,train
50573,train
51979,train
65891,train
67980,train
41319,train
15558,train
44564,train
56122,train
20547,train
40077,train
45945,train
21041,train
72,train
42887,train
47523,train
38535,train
5855,train
13795,train
4469,train
7472,train
47279,train
16785,train
60874,train
41671,train
63636,train
29864,train
32438,train
10460,train
48432,train
40761,train
2792,train
60071,train
3069,train
6027,train
38317,train
17058,train
35478,train
40726,train
4307,train
70040,train
15251,train
6649,train
12603,train
69969,train
16663,train
47711,train
13200,train
51634,train
36026,train
20897,train
52569,train
53598,train
65394,train
47374,train
21190,train
27116,train
63014,train
22643,train
50234,train
1262,train
3819,train
49838,train
35340,train
39178,train
68332,train
28596,train
53370,train
62334,train
56341,train
67824,train
18524,train
63501,train
4513,train
28360,train
59610,train
9093,train
6090,train
52207,train
62376,train
38347,train
6782,train
60029,train
69983,train
47584,train
15285,train
43248,train
36912,train
46500,train
68460,train
19606,train
62182,train
59360,train
16337,train
10495,train
29186,train
60143,train
67566,train
2410,train
14595,train
20862,train
38593,train
34156,train
4614,train
28673,train
22394,train
67997,train
25507,train
26951,train
1723,train
55875,train
24913,train
47969,train
43181,train
63808,train
62435,train
25486,train
55424,train
64074,train
11839,train
24769,train
31943,train
47783,train
23717,train
26786,train
313,train
63157,train
62588,train
10592,train
67244,train
5915,train
3279,train
21028,train
13004,train
69232,train
12526,train
38699,train
12683,train
69932,train
51931,train
70093,train
61309,train
8582,train
205,train
56729,train
37366,train
59346,train
57244,train
57756,train
25819,train
5284,train
28939,train
53479,train
54908,train
4895,train
16937,train
60153,train
4238,train
48688,train
11558,train
50155,train
69125,train
40205,train
5411,train
17203,train
23665,train
12906,train
65301,train
69784,train
70347,train
6396,train
64133,train
43261,train
65576,train
3261,train
15478,train
42559,train
54541,train
15746,train
52184,train
39704,train
19680,train
41294,train
47752,train
4195,train
33744,train
18162,train
35431,train
44134,train
14327,train
7405,train
10166,train
56980,train
49098,train
4670,train
57041,train
60667,train
10240,train
64480,train
27447,train
16723,train
52096,train
49478,train
49967,train
43321,train
6979,train
17520,train
50192,train
25260,train
8262,train
58691,train
19542,train
4261,train
34902,train
16430,train
54292,train
7432,train
64474,train
42393,train
5110,train
57720,train
17935,train
57344,train
14103,train
61636,train
32633,train
41189,train
27816,train
49091,train
28012,train
68334,train
68999,train
60879,train
1114,train
57177,train
53355,train
31289,train
29570,train
21664,train
69242,train
45570,train
62501,train
14711,train
1654,train
51244,train
2522,train
43706,train
41196,train
25938,train
22811,train
2306,train
39582,train
21200,train
25697,train
58093,train
32795,train
1897,train
33470,train
9692,train
58317,train
40892,train
17762,train
67675,train
64926,train
1991,train
45278,train
28523,train
34835,train
32831,train
837,train
59315,train
33663,train
13766,train
47081,train
7351,train
28416,train
63138,train
44227,train
44208,train
35344,train
38863,train
13019,train
59398,train
46196,train
64845,train
1727,train
67818,train
47389,train
54137,train
55887,train
39589,train
25124,train
13901,train
31855,train
34998,train
5591,train
7273,train
51959,train
32925,train
44010,train
67356,train
3442,train
54438,train
32041,train
59395,train
17602,train
8208,train
69876,train
17057,train
249,train
13557,train
39882,train
15434,train
56332,train
4220,train
42367,train
64991,train
51366,train
20030,train
55030,train
59910,train
31866,train
36198,train
11759,train
10726,train
13267,train
45332,train
31722,train
1518,train
34272,train
69686,train
30249,train
51859,train
9681,train
6898,train
56660,train
8224,train
51335,train
39798,train
50779,train
27309,train
13237,train
58508,train
10391,train
35994,train
53919,train
8967,train
31639,train
28075,train
41456,train
1905,train
49732,train
42168,train
70651,train
29270,train
67888,train
43176,train
57267,train
15966,train
44825,train
68586,train
25514,train
45567,train
9534,train
12712,train
22273,train
26671,train
10298,train
4631,train
15536,train
26410,train
39508,train
40354,train
43500,train
48099,train
41314,train
61658,train
34464,train
31723,train
53816,train
31448,train
59542,train
850,train
53054,train
6445,train
45627,train
10039,train
14563,train
59017,train
29750,train
35293,train
28506,train
25079,train
8897,train
2834,train
22100,train
39366,train
24880,train
25300,train
23832,train
24130,train
5805,train
62293,train
68144,train
41152,train
33626,train
64716,train
65585,train
42860,train
65419,train
42779,train
14183,train
64815,train
59560,train
69422,train
41313,train
53017,train
26379,train
47214,train
48314,train
51258,train
41058,train
50517,train
52397,train
44795,train
59697,train
22778,train
37090,train
66328,train
68358,train
66251,train
10514,train
58174,train
61877,train
21660,train
66285,train
36096,train
32111,train
671,train
14340,train
52080,train
27094,train
35119,train
20066,train
54826,train
50792,train
42021,train
27549,train
3286,train
16324,train
14691,train
40175,train
11473,train
26255,train
19325,train
13016,train
30455,train
28715,train
58844,train
12633,train
10126,train
37131,train
43161,train
20021,train
24628,train
47033,train
58378,train
26865,train
33328,train
65379,train
47788,train
59991,train
8048,train
2354,train
29333,train
3794,train
44724,train
19931,train
16251,train
37276,train
14483,train
3739,train
25183,train
56923,train
53689,train
42057,train
59158,train
23234,train
52480,train
57743,train
20772,train
1989,train
20931,train
54859,train
61234,train
65588,train
3968,train
9946,train
64370,train
60217,train
58146,train
8225,train
27695,train
25390,train
56800,train
9899,train
59175,train
28940,train
18663,train
20026,train
29160,train
15745,train
66005,train
33187,train
25068,train
59250,train
47002,train
58489,train
46367,train
37948,train
34887,train
32051,train
58650,train
58304,train
45713,train
12122,train
40387,train
34746,train
23607,train
12617,train
2291,train
21128,train
61678,train
11053,train
13210,train
46421,train
22049,train
25953,train
54682,train
27334,train
50306,train
32084,train
40721,train
18400,train
54279,train
56011,train
25496,train
57643,train
24771,train
66589,train
7936,train
39884,train
997,train
13068,train
3323,train
3680,train
6293,train
55680,train
39649,train
5932,train
46070,train
15280,train
4271,train
21006,train
41251,train
49368,train
10244,train
1179,train
24624,train
9857,train
50109,train
44000,train
50152,train
41791,train
48010,train
54369,train
66297,train
64873,train
55085,train
57716,train
55611,train
65292,train
31529,train
46960,train
13349,train
39747,train
2965,train
37426,train
31788,train
17836,train
50592,train
37588,train
9077,train
34829,train
16281,train
62580,train
43484,train
19598,train
45062,train
31348,train
7089,train
14265,train
22324,train
36186,train
36295,train
38036,train
1862,train
67180,train
54941,train
50834,train
9866,train
48020,train
64608,train
51112,train
43343,train
4362,train
12899,train
32197,train
8884,train
11740,train
60398,train
2881,train
42009,train
3715,train
64259,train
3025,train
9968,train
31312,train
46103,train
23106,train
11286,train
62845,train
21235,train
62656,train
32894,train
56728,train
57931,train
64806,train
25476,train
53658,train
20726,train
60014,train
28227,train
61833,train
42437,train
18507,train
14350,train
39714,train
50541,train
44397,train
68351,train
42871,train
21658,train
31889,train
1028,train
42180,train
43442,train
16862,train
46325,train
28044,train
9911,train
35906,train
61685,train
38961,train
44404,train
25325,train
53196,train
64819,train
46888,train
46890,train
45443,train
5034,train
28166,train
35394,train
63732,train
70022,train
65654,train
58299,train
59909,train
786,train
48459,train
47230,train
17646,train
14784,train
56515,train
65173,train
13012,train
54252,train
58988,train
11254,train
54588,train
30470,train
5667,train
22228,train
28142,train
47037,train
65280,train
57452,train
37390,train
23388,train
50623,train
37560,train
50975,train
11211,train
45527,train
51753,train
41223,train
24361,train
59189,train
26744,train
44778,train
30145,train
33245,train
65574,train
22499,train
3758,train
31998,train
52662,train
21430,train
21366,train
5749,train
57949,train
60422,train
66965,train
20476,train
21927,train
63673,train
56229,train
8060,train
47768,train
64895,train
60679,train
15480,train
66713,train
41232,train
43733,train
1990,train
54367,train
34433,train
35085,train
18820,train
15253,train
36911,train
18005,train
21674,train
70295,train
29808,train
24890,train
27290,train
6204,train
57302,train
4326,train
34324,train
36870,train
42773,train
7218,train
55786,train
16779,train
39395,train
32677,train
6032,train
11419,train
16326,train
1124,train
46549,train
20371,train
25454,train
28480,train
40549,train
21408,train
26057,train
14295,train
46880,train
65758,train
1705,train
11464,train
7288,train
54590,train
11036,train
65454,train
30160,train
48414,train
22187,train
5399,train
34781,train
28230,train
41290,train
23358,train
45546,train
19472,train
70343,train
11543,train
51667,train
6990,train
38943,train
52865,train
41700,train
5966,train
38606,train
6680,train
3274,train
17015,train
27207,train
19627,train
34825,train
7563,train
14928,train
25493,train
47830,train
13486,train
55764,train
8686,train
5370,train
35108,train
56257,train
58461,train
63160,train
59508,train
37446,train
28046,train
35068,train
22781,train
3104,train
8387,train
7804,train
11132,train
23442,train
6640,train
1122,train
59558,train
53212,train
45001,train
70275,train
28411,train
36519,train
26914,train
35125,train
63122,train
67467,train
23991,train
54989,train
36009,train
15606,train
30660,train
35854,train
41761,train
44982,train
58070,train
30640,train
57915,train
50158,train
35532,train
7230,train
11337,train
9999,train
32698,train
61698,train
23635,train
26466,train
9325,train
10876,train
12647,train
6088,train
56185,train
50237,train
45065,train
7350,train
9244,train
59654,train
26579,train
65994,train
46530,train
58348,train
32828,train
19444,train
36221,train
59786,train
65479,train
2378,train
67441,train
6566,train
68595,train
46420,train
41226,train
62625,train
26947,train
50579,train
47289,train
13571,train
38624,train
359,train
70619,train
66020,train
59998,train
17629,train
18054,train
1760,train
30702,train
30516,train
25204,train
64061,train
48706,train
33648,train
6419,train
61572,train
21622,train
66944,train
40351,train
32405,train
3051,train
59581,train
29338,train
1909,train
64223,train
49879,train
66993,train
57620,train
40061,train
13496,train
2759,train
46378,train
48157,train
69290,train
62453,train
66023,train
68990,train
68206,train
38656,train
49593,train
54077,train
28504,train
8680,train
42742,train
66065,train
7749,train
2008,train
64326,train
2656,train
51971,train
52771,train
25900,train
36008,train
34919,train
7771,train
32016,train
26508,train
8096,train
64969,train
40929,train
59693,train
12439,train
14198,train
64341,train
3884,train
27025,train
45639,train
25027,train
55782,train
48339,train
60934,train
38398,train
25012,train
42625,train
35095,train
47104,train
67006,train
13639,train
69417,train
39125,train
38315,train
10109,train
63148,train
70172,train
39521,train
26899,train
48964,train
61273,train
6774,train
15186,train
41228,train
37943,train
54338,train
31352,train
69726,train
6938,train
59291,train
22015,train
23597,train
68238,train
5891,train
41743,train
40208,train
35310,train
6626,train
24406,train
22667,train
49913,train
64313,train
49155,train
39639,train
54643,train
46323,train
29973,train
34113,train
27358,train
42899,train
57471,train
20711,train
12331,train
21225,train
37565,train
27107,train
26848,train
55580,train
54494,train
44113,train
44053,train
65051,train
60230,train
58487,train
58849,train
27385,train
21145,train
4617,train
19464,train
24627,train
49828,train
59033,train
30077,train
44438,train
8625,train
39506,train
5649,train
38480,train
34277,train
19341,train
18008,train
10287,train
30962,train
67427,train
48770,train
7695,train
977,train
23002,train
31020,train
25446,train
44877,train
16123,train
68927,train
6425,train
51571,train
52869,train
54870,train
17233,train
39559,train
63567,train
58607,train
19738,train
65863,train
53746,train
64963,train
20232,train
35535,train
65974,train
36202,train
34398,train
51821,train
29065,train
42897,train
16515,train
41051,train
65668,train
12933,train
8199,train
55421,train
282,train
60099,train
61170,train
29019,train
36383,train
18660,train
5266,train
15670,train
50382,train
57316,train
45833,train
62586,train
40567,train
12921,train
11901,train
487,train
329,train
51766,train
27111,train
9843,train
3959,train
70614,train
59699,train
23155,train
19759,train
29788,train
570,train
66504,train
55474,train
4693,train
32754,train
70423,train
57822,train
17930,train
43592,train
54421,train
65562,train
37593,train
736,train
68563,train
16170,train
30146,train
17763,train
26181,train
16996,train
53579,train
17816,train
33095,train
22388,train
30267,train
46738,train
68107,train
60911,train
52102,train
19811,train
4767,train
29877,train
14078,train
3465,train
29300,train
7022,train
21180,train
65969,train
27022,train
31971,train
66019,train
13010,train
54051,train
34787,train
63521,train
50864,train
22842,train
38365,train
23590,train
38313,train
9386,train
70499,train
11917,train
7430,train
48636,train
15355,train
65180,train
51066,train
25277,train
21692,train
61002,train
13285,train
57169,train
386,train
38806,train
31031,train
23482,train
60733,train
31831,train
34293,train
32363,train
14087,train
67197,train
10118,train
17122,train
8472,train
69958,train
5004,train
69780,train
29458,train
55841,train
67858,train
28731,train
17769,train
29496,train
54248,train
38669,train
33135,train
49657,train
37937,train
34953,train
26032,train
46950,train
69474,train
62870,train
39500,train
1267,train
47716,train
35677,train
19995,train
14261,train
20524,train
67040,train
48860,train
70057,train
1730,train
28593,train
39854,train
17509,train
25270,train
62847,train
8101,train
27331,train
23927,train
68406,train
33018,train
1837,train
60236,train
8221,train
8266,train
5846,train
12012,train
51063,train
16332,train
38458,train
61880,train
32905,train
1196,train
60786,train
15986,train
22322,train
63328,train
12716,train
49786,train
37325,train
20816,train
8558,train
8045,train
40887,train
51669,train
10599,train
7724,train
9020,train
5091,train
53894,train
69888,train
32417,train
13336,train
64946,train
44664,train
16608,train
20458,train
14706,train
15719,train
42952,train
13963,train
58826,train
68673,train
63997,train
62740,train
23586,train
26151,train
10046,train
42258,train
63453,train
5531,train
47872,train
22362,train
13508,train
8084,train
37597,train
52816,train
13536,train
35372,train
11728,train
50492,train
27169,train
49555,train
62959,train
62420,train
41927,train
46125,train
1168,train
14676,train
22213,train
57507,train
50146,train
2558,train
32164,train
44262,train
50901,train
10713,train
38207,train
30749,train
24158,train
45089,train
49371,train
22656,train
32785,train
8100,train
12137,train
4645,train
6354,train
50220,train
61838,train
36516,train
23413,train
59917,train
65711,train
5312,train
1426,train
39813,train
56738,train
5666,train
48922,train
4206,train
7103,train
58720,train
15763,train
19819,train
6733,train
21218,train
28856,train
12727,train
3264,train
26901,train
24075,train
33864,train
21537,train
59925,train
36814,train
17583,train
42495,train
53684,train
58716,train
68496,train
67507,train
44691,train
39198,train
15525,train
15974,train
18394,train
2545,train
67419,train
24408,train
22624,train
20499,train
45611,train
62192,train
57567,train
51100,train
26058,train
6049,train
4756,train
49616,train
68686,train
7812,train
55164,train
32096,train
60003,train
36609,train
14303,train
62939,train
21869,train
17506,train
34857,train
13080,train
46239,train
43194,train
37506,train
53397,train
33799,train
66033,train
29505,train
27366,train
39495,train
20695,train
11735,train
24208,train
65391,train
15604,train
11310,train
27172,train
2072,train
16974,train
58723,train
3988,train
33643,train
56617,train
55040,train
15812,train
38218,train
6946,train
64150,train
8274,train
47859,train
11190,train
30673,train
657,train
17351,train
61551,train
7985,train
6635,train
15162,train
63097,train
1743,train
54585,train
49861,train
52730,train
24114,train
61262,train
34531,train
16781,train
41280,train
2980,train
47774,train
86,train
53701,train
53364,train
4910,train
60457,train
50177,train
35528,train
11496,train
63818,train
32002,train
39103,train
522,train
13450,train
51491,train
52791,train
20473,train
60146,train
4760,train
14600,train
9603,train
29027,train
68455,train
28333,train
90,train
20275,train
39734,train
7206,train
15731,train
55524,train
11580,train
18886,train
66568,train
32992,train
57518,train
67508,train
6731,train
12205,train
63128,train
19807,train
49697,train
57108,train
917,train
43703,train
43625,train
27752,train
2222,train
29837,train
44642,train
62158,train
16582,train
34990,train
11850,train
43611,train
51662,train
12158,train
28167,train
3328,train
33278,train
67460,train
8731,train
28033,train
11442,train
53668,train
22184,train
18319,train
43983,train
68783,train
9986,train
63511,train
50848,train
16346,train
18154,train
44063,train
58289,train
14502,train
65075,train
45255,train
11084,train
16209,train
5780,train
12877,train
32523,train
31471,train
45701,train
32783,train
23414,train
15468,train
27693,train
1406,train
12363,train
17656,train
7799,train
44771,train
14523,train
25358,train
27934,train
39300,train
56864,train
21766,train
62834,train
31408,train
59104,train
41909,train
49039,train
43700,train
48765,train
44032,train
29740,train
50770,train
4002,train
47580,train
55266,train
53112,train
46581,train
17364,train
11035,train
30406,train
51125,train
30111,train
12492,train
34245,train
67998,train
21565,train
67445,train
6800,train
29758,train
59407,train
45197,train
6124,train
63464,train
61957,train
53227,train
9245,train
2618,train
47958,train
29367,train
2562,train
43586,train
42465,train
56226,train
7951,train
41101,train
56757,train
41883,train
5910,train
24960,train
70092,train
4790,train
46513,train
61589,train
39128,train
64298,train
4878,train
26431,train
10689,train
69412,train
53935,train
26880,train
61343,train
55838,train
890,train
26564,train
5786,train
27083,train
10800,train
62060,train
31150,train
12017,train
57435,train
69015,train
2949,train
43323,train
49678,train
19915,train
45841,train
10136,train
64355,train
17444,train
26125,train
44167,train
44166,train
43359,train
24096,train
13784,train
41965,train
58555,train
35753,train
16814,train
35034,train
13435,train
16752,train
69953,train
41827,train
39312,train
59924,train
9414,train
30835,train
53562,train
26276,train
20138,train
68184,train
29538,train
35930,train
24621,train
19438,train
6012,train
59119,train
49211,train
11138,train
50055,train
66622,train
44045,train
13174,train
32037,train
66478,train
60570,train
17188,train
27647,train
1034,train
50422,train
3172,train
59012,train
8043,train
18965,train
9316,train
52079,train
26168,train
46695,train
9757,train
15635,train
36632,train
1287,train
14693,train
58110,train
60919,train
38196,train
58173,train
49653,train
29243,train
20237,train
60423,train
69507,train
56039,train
17903,train
16140,train
69375,train
61108,train
15781,train
47709,train
35623,train
60609,train
45544,train
67625,train
62160,train
18200,train
122,train
47030,train
6273,train
49221,train
54752,train
61743,train
49666,train
62295,train
8538,train
58234,train
19313,train
53879,train
43844,train
3205,train
23768,train
55277,train
56620,train
65803,train
48711,train
63860,train
26244,train
720,train
2650,train
42289,train
41432,train
17614,train
7875,train
2571,train
29674,train
15674,train
65183,train
44956,train
6668,train
50448,train
22126,train
21734,train
68703,train
26226,train
5243,train
24177,train
45875,train
42272,train
18277,train
52057,train
24662,train
1507,train
25702,train
70585,train
3345,train
66024,train
25831,train
20755,train
38300,train
42691,train
18782,train
854,train
16293,train
12958,train
67715,train
34707,train
35464,train
9558,train
10535,train
14478,train
10155,train
60929,train
18740,train
33912,train
65829,train
45330,train
63010,train
38389,train
24339,train
21816,train
4175,train
64058,train
4398,train
21214,train
68110,train
67756,train
52296,train
47647,train
55135,train
58827,train
63055,train
43628,train
45568,train
6437,train
23083,train
23459,train
37335,train
17758,train
34620,train
24372,train
37315,train
55795,train
43198,train
16838,train
32366,train
27201,train
12071,train
10488,train
39712,train
69056,train
43550,train
46138,train
17382,train
33285,train
47227,train
33615,train
41846,train
29425,train
1636,train
45249,train
61949,train
57880,train
27730,train
64082,train
63043,train
26820,train
10923,train
56543,train
12461,train
46366,train
16370,train
36880,train
1376,train
67603,train
7179,train
61443,train
67590,train
66667,train
35882,train
19854,train
59953,train
59792,train
56766,train
9511,train
33467,train
28802,train
64662,train
13069,train
41215,train
56753,train
41112,train
33141,train
23729,train
69608,train
34259,train
46359,train
37165,train
23995,train
68482,train
9902,train
19692,train
2857,train
48593,train
6278,train
48168,train
57711,train
3833,train
38147,train
50635,train
54642,train
11312,train
12057,train
25579,train
15788,train
16353,train
37848,train
46340,train
16203,train
28910,train
52513,train
33170,train
50564,train
12376,train
65643,train
13585,train
36188,train
16399,train
1852,train
69664,train
62681,train
62048,train
62245,train
43010,train
69420,train
68488,train
3232,train
16405,train
53271,train
68546,train
11614,train
67322,train
45848,train
47183,train
2686,train
4355,train
20913,train
7877,train
9302,train
38831,train
51578,train
62619,train
49333,train
27141,train
534,train
14772,train
57398,train
12550,train
22224,train
31615,train
43485,train
44361,train
18945,train
54774,train
13532,train
55694,train
12201,train
27325,train
54291,train
24637,train
39806,train
8839,train
68218,train
7066,train
2292,train
28005,train
63298,train
6495,train
24262,train
39943,train
54285,train
41094,train
27962,train
39754,train
2808,train
52904,train
2888,train
21754,train
63625,train
37121,train
31641,train
17890,train
23689,train
10769,train
53406,train
45596,train
2575,train
8570,train
42823,train
41898,train
51453,train
59803,train
38580,train
62095,train
49839,train
46808,train
15406,train
67008,train
21911,train
4494,train
25242,train
9059,train
33417,train
18242,train
11833,train
8786,train
5521,train
2186,train
30179,train
53143,train
21090,train
28106,train
58206,train
44241,train
66780,train
37428,train
47972,train
69385,train
39791,train
20687,train
54417,train
12554,train
19964,train
50239,train
67323,train
45247,train
57864,train
41259,train
8545,train
26852,train
62258,train
1967,train
20888,train
52820,train
63386,train
64487,train
40831,train
52326,train
14895,train
67446,train
69492,train
40612,train
58572,train
25243,train
65144,train
55267,train
51949,train
39629,train
49598,train
2678,train
51477,train
15691,train
63120,train
52855,train
66991,train
6304,train
39901,train
63139,train
55487,train
58066,train
45319,train
65930,train
53396,train
42918,train
62784,train
53151,train
8195,train
55505,train
53542,train
33960,train
39196,train
26287,train
16498,train
68471,train
847,train
55175,train
1601,train
19943,train
8243,train
31309,train
53817,train
35590,train
55337,train
51051,train
40105,train
70456,train
12369,train
43595,train
68997,train
41437,train
27921,train
21460,train
38359,train
2329,train
48613,train
64619,train
66888,train
41212,train
56075,train
69021,train
30579,train
8140,train
28381,train
69760,train
17406,train
65009,train
36569,train
58902,train
15377,train
68331,train
38001,train
41714,train
44551,train
36595,train
8936,train
38598,train
60831,train
17235,train
60036,train
51151,train
8737,train
39035,train
60466,train
29598,train
66846,train
21378,train
61916,train
52689,train
45009,train
17764,train
16098,train
22896,train
57943,train
6344,train
10286,train
45753,train
904,train
67471,train
22271,train
42541,train
25490,train
67726,train
26755,train
575,train
41672,train
49590,train
23375,train
53378,train
60949,train
31472,train
20512,train
48210,train
33589,train
53664,train
44712,train
65047,train
51106,train
3783,train
23390,train
50982,train
8769,train
5777,train
4706,train
10115,train
4363,train
56906,train
53289,train
16904,train
20347,train
1480,train
51601,train
52927,train
53987,train
45334,train
12368,train
56425,train
53582,train
27234,train
29072,train
41875,train
21850,train
25280,train
27787,train
23014,train
37913,train
1751,train
60228,train
5975,train
66472,train
51824,train
53209,train
43284,train
12584,train
24887,train
13659,train
16933,train
65905,train
65611,train
36137,train
6843,train
28957,train
66044,train
20654,train
25247,train
24948,train
1203,train
42993,train
1094,train
70217,train
57228,train
69102,train
247,train
56097,train
821,train
32821,train
38630,train
67341,train
60690,train
46395,train
40076,train
5810,train
51105,train
62534,train
59030,train
64903,train
30794,train
65263,train
47634,train
52290,train
52164,train
7011,train
39723,train
22783,train
33990,train
48655,train
60702,train
21672,train
131,train
38901,train
67968,train
65767,train
42747,train
364,train
41947,train
44060,train
49457,train
26794,train
58500,train
59208,train
1754,train
32377,train
25396,train
54723,train
7529,train
29438,train
22513,train
70399,train
13324,train
60534,train
22288,train
26769,train
51898,train
49274,train
4741,train
65453,train
44850,train
26586,train
7219,train
5506,train
67018,train
26372,train
20241,train
69176,train
66120,train
64075,train
3664,train
16691,train
19014,train
6699,train
18870,train
36373,train
12329,train
26628,train
17633,train
40524,train
35062,train
50585,train
7828,train
7773,train
34986,train
34702,train
43264,train
50942,train
40977,train
32325,train
27411,train
40992,train
57285,train
14039,train
64430,train
48311,train
225,train
48633,train
57092,train
4496,train
67257,train
1889,train
13416,train
15914,train
29960,train
28937,train
7414,train
43266,train
53270,train
70157,train
23102,train
19198,train
35945,train
13764,train
31663,train
11703,train
23994,train
68026,train
43697,train
38040,train
25232,train
58777,train
38204,train
24169,train
28101,train
6091,train
15858,train
11345,train
45849,train
42733,train
11029,train
8291,train
15762,train
64456,train
52698,train
27439,train
34327,train
70522,train
26587,train
58443,train
8952,train
67187,train
51351,train
69710,train
30019,train
29069,train
11204,train
59523,train
42219,train
69091,train
29585,train
24001,train
17819,train
16008,train
47419,train
67602,train
43881,train
45028,train
38695,train
45226,train
37332,train
31373,train
37881,train
61106,train
58126,train
65883,train
29789,train
42451,train
27178,train
16804,train
29769,train
23005,train
67772,train
29452,train
44071,train
26920,train
8578,train
2369,train
27403,train
67348,train
66482,train
49394,train
17934,train
34310,train
63405,train
64492,train
55363,train
40686,train
65736,train
22473,train
49428,train
5612,train
61621,train
25536,train
2692,train
58231,train
29589,train
57795,train
13186,train
67721,train
13138,train
53454,train
51612,train
25298,train
18356,train
61199,train
48001,train
25166,train
61043,train
28216,train
7475,train
15313,train
49055,train
28145,train
25064,train
11852,train
7826,train
48899,train
2003,train
59240,train
14426,train
24846,train
20094,train
58227,train
49449,train
32215,train
63584,train
60617,train
52120,train
8510,train
1879,train
20844,train
66738,train
21094,train
23036,train
40960,train
48171,train
52682,train
48102,train
9351,train
61683,train
57178,train
52496,train
43847,train
20932,train
58840,train
62417,train
26625,train
10602,train
33357,train
12354,train
26352,train
55533,train
7732,train
44452,train
60024,train
41516,train
10989,train
11784,train
41913,train
4821,train
68492,train
31895,train
56605,train
66040,train
42482,train
33048,train
29517,train
62244,train
13677,train
20514,train
22472,train
26363,train
19615,train
40211,train
12817,train
42384,train
50242,train
38964,train
24538,train
41111,train
47079,train
2067,train
41262,train
45111,train
53201,train
68620,train
22696,train
13054,train
54511,train
2045,train
55137,train
58547,train
61146,train
65103,train
29859,train
22758,train
6885,train
49833,train
55562,train
14856,train
22603,train
44843,train
19349,train
5180,train
56680,train
20850,train
38768,train
37300,train
10992,train
470,train
56288,train
4688,train
52842,train
39285,train
45607,train
65808,train
22956,train
50710,train
69371,train
70049,train
8429,train
40177,train
62587,train
15196,train
35514,train
63321,train
6279,train
3035,train
40768,train
5621,train
21965,train
43203,train
24186,train
41514,train
26790,train
69793,train
16749,train
36672,train
12861,train
34372,train
67293,train
33996,train
27587,train
63068,train
44501,train
52999,train
57946,train
58894,train
52585,train
49148,train
35978,train
3723,train
56536,train
58478,train
61682,train
48232,train
6915,train
57321,train
58184,train
66745,train
6380,train
10616,train
26766,train
65885,train
59571,train
37821,train
36235,train
34831,train
59068,train
438,train
49958,train
24940,train
30312,train
5163,train
27809,train
16703,train
53782,train
56260,train
50393,train
24279,train
46566,train
23788,train
11141,train
66490,train
14716,train
18956,train
9492,train
33970,train
25048,train
17730,train
2704,train
27078,train
26938,train
36627,train
50462,train
66632,train
24711,train
45983,train
2938,train
46061,train
7147,train
21194,train
50064,train
17699,train
7790,train
62018,train
14015,train
67098,train
57549,train
14548,train
14824,train
39185,train
69247,train
70156,train
28415,train
61970,train
47758,train
54580,train
4501,train
2966,train
32383,train
37407,train
41382,train
23561,train
4381,train
40454,train
53328,train
37920,train
56821,train
32890,train
57653,train
39715,train
48402,train
19629,train
31697,train
5931,train
70688,train
34668,train
8866,train
35980,train
59527,train
31800,train
7679,train
49511,train
23114,train
50244,train
21087,train
66870,train
57115,train
20011,train
41156,train
38427,train
28353,train
65873,train
34212,train
60032,train
27433,train
4566,train
67418,train
10268,train
33701,train
4658,train
59945,train
64982,train
448,train
10546,train
1603,train
33246,train
25927,train
30026,train
50039,train
67247,train
47373,train
28264,train
7596,train
24922,train
65257,train
38058,train
41376,train
59745,train
24871,train
5610,train
43613,train
50139,train
58160,train
59604,train
18495,train
2172,train
55791,train
21111,train
10190,train
34147,train
63603,train
30286,train
62522,train
39541,train
30975,train
3270,train
12153,train
69600,train
62844,train
28395,train
18604,train
11223,train
5509,train
26425,train
15349,train
16305,train
26811,train
40818,train
13031,train
48401,train
18275,train
37267,train
38120,train
7937,train
48348,train
67455,train
16244,train
53686,train
48294,train
66397,train
11079,train
4766,train
25184,train
16100,train
9395,train
14943,train
668,train
29344,train
28754,train
61379,train
51498,train
19672,train
65644,train
41331,train
9837,train
30725,train
22154,train
35658,train
31920,train
16445,train
7587,train
54768,train
68461,train
20821,train
22299,train
55383,train
53189,train
42990,train
45525,train
45680,train
66463,train
6353,train
34344,train
22874,train
1303,train
57320,train
22534,train
65549,train
24426,train
21081,train
5641,train
9443,train
58340,train
61895,train
9301,train
14960,train
55179,train
49658,train
62253,train
66970,train
57474,train
34624,train
25214,train
4502,train
29150,train
51040,train
68647,train
68918,train
2365,train
7988,train
10617,train
2772,train
67588,train
28868,train
45771,train
11271,train
43534,train
54037,train
67539,train
13280,train
65702,train
69797,train
18291,train
1481,train
45634,train
68637,train
29619,train
18139,train
3434,train
12963,train
3522,train
19174,train
36522,train
20904,train
32719,train
32963,train
54274,train
51186,train
51201,train
61573,train
47245,train
62298,train
44784,train
9306,train
11248,train
57350,train
30524,train
41193,train
45120,train
58201,train
9175,train
9123,train
14116,train
38149,train
2127,train
3681,train
59365,train
26095,train
10333,train
37488,train
417,train
31581,train
27475,train
6923,train
46172,train
39110,train
13792,train
47851,train
49750,train
39140,train
43990,train
34913,train
14378,train
31792,train
48306,train
19686,train
31302,train
53882,train
50385,train
18862,train
13474,train
50666,train
25591,train
48214,train
47494,train
41847,train
15922,train
4998,train
10051,train
37605,train
12275,train
69862,train
35519,train
57294,train
39122,train
42799,train
42403,train
55075,train
34115,train
18703,train
37086,train
42740,train
66435,train
49645,train
30520,train
32781,train
39767,train
18099,train
35853,train
10680,train
12163,train
1674,train
39848,train
27766,train
19851,train
29606,train
32342,train
10952,train
52554,train
43754,train
65593,train
24080,train
14228,train
51930,train
31584,train
54153,train
23173,train
42695,train
1244,train
2155,train
31077,train
14634,train
8683,train
1964,train
69523,train
10794,train
31247,train
67945,train
64877,train
1740,train
68641,train
25102,train
57904,train
48914,train
49323,train
11738,train
33111,train
21481,train
66277,train
14102,train
20713,train
38883,train
41840,train
31363,train
44813,train
7467,train
2645,train
6120,train
38162,train
59529,train
46504,train
33518,train
50711,train
11330,train
27897,train
18477,train
69943,train
21777,train
1533,train
11092,train
41668,train
4829,train
29514,train
35184,train
59776,train
49149,train
44922,train
46615,train
60672,train
53176,train
7049,train
52946,train
49840,train
44964,train
64346,train
63905,train
48089,train
38489,train
42156,train
9685,train
59586,train
4122,train
21677,train
48905,train
55885,train
45806,train
20220,train
22929,train
24132,train
30269,train
49315,train
57104,train
56490,train
27976,train
64517,train
24691,train
40799,train
63980,train
16425,train
68159,train
10479,train
21215,train
65382,train
41684,train
49989,train
21400,train
32324,train
35606,train
4768,train
1266,train
9838,train
57266,train
58751,train
58028,train
46938,train
69223,train
14527,train
633,train
50046,train
25641,train
39339,train
63878,train
36679,train
17249,train
16845,train
7530,train
65936,train
50450,train
9505,train
16063,train
68923,train
28131,train
65800,train
52851,train
23087,train
25209,train
50179,train
55400,train
461,train
28192,train
7989,train
38477,train
54979,train
70091,train
51013,train
37386,train
66295,train
18076,train
69434,train
58889,train
7873,train
30204,train
61404,train
44429,train
40066,train
38561,train
10706,train
30851,train
46666,train
16083,train
43065,train
35053,train
52530,train
43384,train
17310,train
36896,train
29236,train
3008,train
40398,train
55702,train
64169,train
53520,train
20857,train
51712,train
9231,train
41506,train
31044,train
22068,train
30818,train
55174,train
45775,train
41113,train
64065,train
46506,train
14429,train
17269,train
64123,train
2428,train
48505,train
46174,train
9429,train
52149,train
29558,train
48252,train
56254,train
59356,train
27842,train
9081,train
55823,train
12263,train
8629,train
58638,train
67634,train
69798,train
39206,train
16879,train
25930,train
14530,train
7556,train
28900,train
53991,train
51204,train
68221,train
35122,train
32985,train
43755,train
52871,train
21159,train
40504,train
13116,train
25521,train
59283,train
11863,train
24207,train
45398,train
68202,train
94,train
2106,train
44546,train
45702,train
16765,train
29693,train
60203,train
58276,train
34270,train
38466,train
17144,train
11984,train
33623,train
1759,train
1081,train
24539,train
36098,train
25221,train
70152,train
8915,train
36809,train
40876,train
58229,train
38382,train
68375,train
42162,train
55746,train
2852,train
45221,train
7301,train
57436,train
10390,train
22289,train
8543,train
29901,train
4780,train
46160,train
61915,train
36346,train
53561,train
40012,train
65429,train
25836,train
69153,train
64548,train
32062,train
40647,train
3000,train
3266,train
42395,train
58523,train
42125,train
66265,train
64431,train
14629,train
17840,train
6092,train
14963,train
54604,train
38401,train
21223,train
57852,train
28899,train
23223,train
52169,train
9329,train
5751,train
41301,train
29442,train
61332,train
20061,train
44141,train
38132,train
60107,train
17551,train
49984,train
60749,train
65705,train
8235,train
44054,train
39208,train
49783,train
41169,train
21902,train
40630,train
29894,train
63440,train
4758,train
47750,train
69482,train
60066,train
24626,train
19442,train
65870,train
7454,train
70678,train
27542,train
18997,train
58825,train
63475,train
19747,train
58853,train
12901,train
40853,train
53853,train
55937,train
57911,train
52153,train
27144,train
36801,train
46674,train
47282,train
5075,train
63615,train
47429,train
32354,train
68286,train
52378,train
56247,train
38858,train
61258,train
33483,train
40515,train
1593,train
2364,train
13108,train
118,train
31763,train
9879,train
5171,train
64206,train
9090,train
12713,train
60830,train
6948,train
39293,train
3839,train
57584,train
31909,train
54351,train
18589,train
60737,train
63773,train
4015,train
23765,train
35786,train
49237,train
10808,train
37965,train
32605,train
67157,train
37619,train
62143,train
21955,train
37215,train
63404,train
12001,train
19216,train
69557,train
41530,train
30575,train
51737,train
35875,train
45899,train
1035,train
18089,train
14344,train
21949,train
2689,train
39274,train
19587,train
9308,train
35814,train
39935,train
47262,train
40209,train
4515,train
27663,train
4926,train
60686,train
28732,train
5899,train
51042,train
16227,train
52675,train
14221,train
18175,train
7233,train
51088,train
15410,train
39372,train
3616,train
21264,train
48142,train
70574,train
20963,train
63401,train
7884,train
12047,train
26569,train
11000,train
42500,train
11508,train
5441,train
55888,train
51555,train
24586,train
67615,train
9041,train
5393,train
21618,train
35263,train
524,train
49153,train
57812,train
25435,train
50445,train
67680,train
47964,train
61875,train
43463,train
70306,train
27979,train
39373,train
58707,train
2744,train
13081,train
28483,train
7807,train
54140,train
23189,train
30095,train
36573,train
43734,train
30416,train
29134,train
47869,train
32584,train
16208,train
31907,train
42085,train
30727,train
12244,train
69087,train
60261,train
49463,train
12574,train
642,train
31683,train
31634,train
10304,train
2236,train
25967,train
17267,train
32071,train
22709,train
30737,train
49040,train
57811,train
1099,train
8462,train
23783,train
3076,train
50972,train
44927,train
34557,train
13163,train
68670,train
34267,train
47684,train
25275,train
4173,train
45216,train
10005,train
61395,train
52839,train
34095,train
22319,train
35479,train
63023,train
3743,train
8819,train
31273,train
58334,train
4963,train
48816,train
7654,train
20922,train
38788,train
15555,train
47254,train
4675,train
43340,train
3317,train
20290,train
18483,train
56702,train
26221,train
9905,train
11651,train
60175,train
28827,train
20421,train
13015,train
22858,train
38392,train
29208,train
59788,train
27884,train
23666,train
30511,train
21504,train
16936,train
48542,train
4212,train
17022,train
66302,train
55730,train
38972,train
58990,train
698,train
62809,train
65463,train
22497,train
58373,train
37118,train
62800,train
36775,train
57331,train
4241,train
26783,train
31245,train
41375,train
44780,train
37273,train
16111,train
40870,train
30917,train
36154,train
20046,train
69135,train
27689,train
32411,train
33553,train
14612,train
49357,train
50491,train
7969,train
61201,train
16079,train
63224,train
47168,train
37762,train
23775,train
51072,train
35354,train
31994,train
11891,train
65927,train
28938,train
31522,train
33898,train
47946,train
67921,train
32752,train
553,train
1438,train
63061,train
41809,train
41998,train
62728,train
41421,train
52784,train
53098,train
809,train
68741,train
62110,train
51617,train
30236,train
47815,train
28497,train
66464,train
69426,train
21066,train
48236,train
51245,train
52717,train
51153,train
52941,train
59599,train
18253,train
5577,train
6630,train
56296,train
8264,train
19249,train
42109,train
22092,train
56915,train
11569,train
64988,train
41119,train
39656,train
23462,train
4284,train
24170,train
37846,train
3186,train
8244,train
61134,train
14883,train
2135,train
19230,train
29365,train
61415,train
69057,train
2510,train
12172,train
48367,train
38731,train
47925,train
17051,train
48514,train
16631,train
54282,train
60508,train
7716,train
10497,train
52626,train
51168,train
31015,train
38178,train
19207,train
16272,train
31856,train
24263,train
15433,train
34041,train
35185,train
27150,train
20974,train
39863,train
13999,train
32704,train
13154,train
493,train
18484,train
53963,train
46774,train
37132,train
65899,train
48720,train
18704,train
11162,train
45867,train
12732,train
22418,train
15147,train
19570,train
58242,train
9362,train
54500,train
39836,train
47405,train
45205,train
35306,train
4393,train
59881,train
6434,train
31720,train
56492,train
12522,train
52795,train
35884,train
12486,train
33394,train
19675,train
4249,train
42327,train
4390,train
13473,train
69598,train
4375,train
12231,train
70637,train
29407,train
3596,train
24241,train
13890,train
37399,train
65101,train
47027,train
41172,train
17428,train
14096,train
67228,train
7898,train
24652,train
66100,train
10543,train
6907,train
43920,train
16898,train
54797,train
18220,train
35090,train
36353,train
46494,train
53713,train
51068,train
51161,train
32817,train
43475,train
21312,train
17032,train
27031,train
29447,train
32521,train
19382,train
47076,train
37297,train
34350,train
3949,train
28262,train
64965,train
2016,train
29162,train
9335,train
60337,train
1868,train
16218,train
18768,train
33205,train
8681,train
55475,train
59502,train
5086,train
30501,train
51953,train
48597,train
47937,train
15938,train
69865,train
9118,train
4683,train
26430,train
28083,train
60991,train
45595,train
4036,train
33159,train
31903,train
66211,train
25472,train
25683,train
15010,train
20444,train
43472,train
51607,train
23263,train
26358,train
40800,train
18122,train
42019,train
18685,train
28229,train
69460,train
67087,train
57566,train
24666,train
37632,train
2456,train
70552,train
67890,train
11037,train
45692,train
30386,train
55650,train
6778,train
35503,train
6636,train
57231,train
3697,train
36064,train
59619,train
34565,train
63174,train
14493,train
1251,train
26550,train
8789,train
70176,train
43412,train
64932,train
22240,train
44571,train
15557,train
42234,train
3467,train
33819,train
19899,train
19541,train
41348,train
12270,train
15476,train
33183,train
36682,train
34546,train
15025,train
49815,train
22242,train
48759,train
15983,train
42492,train
38008,train
7923,train
26327,train
26440,train
35123,train
43582,train
57421,train
16093,train
50616,train
2010,train
54763,train
39824,train
68060,train
57159,train
38558,train
7317,train
41129,train
42790,train
22197,train
35227,train
38117,train
37973,train
19343,train
48121,train
24975,train
630,train
61820,train
8675,train
10028,train
69662,train
11837,train
6316,train
21363,train
29543,train
7669,train
46765,train
22202,train
23576,train
28714,train
51029,train
21801,train
17692,train
62165,train
25460,train
5439,train
30841,train
44587,train
16044,train
626,train
36746,train
19706,train
19347,train
35388,train
46835,train
41647,train
56274,train
51018,train
35182,train
35342,train
25351,train
42078,train
60595,train
53011,train
32607,train
5585,train
32034,train
23786,train
26634,train
27963,train
61832,train
39598,train
52355,train
56707,train
6205,train
18037,train
20105,train
67145,train
22123,train
20252,train
51637,train
43406,train
35166,train
3263,train
69485,train
37140,train
62566,train
29525,train
323,train
61904,train
25283,train
68602,train
34567,train
31032,train
33666,train
28348,train
61563,train
38746,train
33897,train
67859,train
33503,train
16047,train
34174,train
24779,train
39668,train
45187,train
18905,train
36497,train
11062,train
1791,train
31978,train
33342,train
23079,train
39889,train
41353,train
28966,train
2766,train
42132,train
59263,train
36278,train
8560,train
11820,train
18948,train
50180,train
70193,train
54555,train
57802,train
34177,train
12061,train
11612,train
48548,train
48374,train
9199,train
37559,train
35454,train
36977,train
31606,train
60736,train
31253,train
16550,train
14401,train
45685,train
31887,train
27697,train
6247,train
56066,train
34018,train
23044,train
360,train
34461,train
47740,train
52470,train
41289,train
7782,train
67883,train
67995,train
21301,train
20542,train
65845,train
22293,train
37952,train
42672,train
4603,train
48684,train
61212,train
25837,train
21842,train
22936,train
20406,train
54244,train
4568,train
68356,train
41480,train
43364,train
61436,train
10822,train
56815,train
17323,train
58059,train
39230,train
43639,train
65163,train
45982,train
50721,train
31450,train
52954,train
18397,train
62033,train
15113,train
24434,train
7527,train
60342,train
7941,train
40554,train
10768,train
52157,train
30454,train
48864,train
62660,train
28987,train
13251,train
62097,train
50043,train
3137,train
59390,train
14937,train
6821,train
4563,train
60329,train
48396,train
61034,train
40619,train
28296,train
20477,train
60839,train
48749,train
46017,train
68160,train
61287,train
27931,train
24534,train
48192,train
5904,train
23614,train
49187,train
12162,train
26377,train
41323,train
26099,train
69788,train
22340,train
9165,train
29003,train
20700,train
42602,train
53900,train
25151,train
18419,train
42212,train
50679,train
38221,train
3191,train
2568,train
55336,train
41655,train
53809,train
5132,train
45161,train
18015,train
12949,train
45157,train
25119,train
68010,train
24336,train
59736,train
31088,train
49117,train
32545,train
43215,train
27645,train
40586,train
25227,train
65495,train
16720,train
64711,train
17951,train
55605,train
36370,train
69537,train
66779,train
54944,train
38473,train
50722,train
70145,train
45592,train
27131,train
46179,train
57399,train
48609,train
7657,train
59140,train
45347,train
70656,train
5199,train
65766,train
50070,train
46302,train
18599,train
45105,train
65172,train
20593,train
10273,train
53000,train
63612,train
69657,train
45823,train
24609,train
50503,train
60434,train
19281,train
33792,train
69234,train
9595,train
4674,train
4796,train
30905,train
11499,train
36585,train
1665,train
49464,train
47521,train
5921,train
19175,train
14796,train
43322,train
17348,train
3744,train
53104,train
47856,train
70342,train
12151,train
26711,train
70598,train
606,train
6599,train
48634,train
34818,train
39729,train
67624,train
39471,train
50805,train
19880,train
15749,train
45729,train
5408,train
50454,train
8211,train
37850,train
16311,train
18430,train
33609,train
66485,train
22215,train
67300,train
40649,train
63993,train
36684,train
34076,train
65777,train
45271,train
22967,train
33867,train
51470,train
52591,train
42785,train
39102,train
67766,train
7614,train
51573,train
58850,train
69517,train
62193,train
36954,train
14115,train
21512,train
57469,train
13145,train
66045,train
26839,train
37884,train
42817,train
62372,train
8530,train
54384,train
28637,train
64961,train
55483,train
41004,train
1076,train
15322,train
5677,train
54400,train
27706,train
42249,train
70360,train
37028,train
70685,train
62671,train
56951,train
29374,train
29283,train
18680,train
45873,train
60483,train
4847,train
31536,train
43072,train
16201,train
17917,train
44541,train
23747,train
20119,train
4772,train
41611,train
18747,train
69028,train
6963,train
17475,train
60393,train
67440,train
18734,train
61553,train
54679,train
35905,train
32301,train
55058,train
57905,train
25203,train
28834,train
1276,train
3359,train
51548,train
61882,train
22017,train
37055,train
53168,train
65854,train
28580,train
51437,train
43724,train
62768,train
50725,train
58381,train
55896,train
4108,train
55734,train
58207,train
25049,train
43767,train
62507,train
23060,train
35657,train
44499,train
64620,train
67206,train
49172,train
18732,train
11140,train
58617,train
39532,train
38242,train
27082,train
46294,train
29678,train
30309,train
15350,train
57172,train
5255,train
53627,train
23523,train
5685,train
28632,train
7604,train
66574,train
38930,train
48555,train
51552,train
25785,train
33505,train
8889,train
45589,train
3390,train
55122,train
50489,train
24737,train
64909,train
17812,train
35390,train
27255,train
17010,train
23209,train
67326,train
29687,train
52301,train
64804,train
44239,train
31892,train
61910,train
62317,train
58718,train
16565,train
7056,train
50867,train
48526,train
48437,train
47178,train
6550,train
7341,train
16537,train
23967,train
67902,train
19470,train
16782,train
66337,train
30625,train
36445,train
17970,train
29953,train
10642,train
55539,train
57964,train
2728,train
30299,train
37709,train
39548,train
69611,train
50409,train
40923,train
31631,train
69147,train
49325,train
29023,train
62259,train
13483,train
23374,train
12003,train
12124,train
38448,train
37695,train
58909,train
49401,train
41333,train
4305,train
60158,train
31221,train
56301,train
9536,train
13114,train
25235,train
68919,train
50782,train
66522,train
31524,train
4731,train
58782,train
15718,train
46531,train
37827,train
48051,train
35627,train
29264,train
63726,train
49049,train
20826,train
6483,train
9587,train
5367,train
65113,train
43947,train
46786,train
68746,train
63688,train
68747,train
54764,train
26556,train
15269,train
17927,train
65639,train
5477,train
43252,train
48917,train
7292,train
19866,train
32576,train
26739,train
20190,train
46065,train
57944,train
37777,train
60367,train
11352,train
22238,train
62665,train
16567,train
62743,train
20841,train
65078,train
62628,train
49046,train
52909,train
14427,train
58775,train
43821,train
24502,train
62523,train
42074,train
35046,train
52383,train
25106,train
9276,train
37435,train
19137,train
29326,train
5537,train
42266,train
27952,train
54257,train
35346,train
48814,train
32791,train
60971,train
37826,train
39578,train
6359,train
61905,train
48935,train
53871,train
29852,train
22973,train
25133,train
19601,train
24188,train
5781,train
19784,train
54044,train
26609,train
63470,train
23910,train
28825,train
10300,train
45244,train
49530,train
69530,train
12189,train
68725,train
517,train
28271,train
62272,train
41848,train
41787,train
56762,train
62268,train
32982,train
1083,train
42341,train
54906,train
19057,train
21262,train
54560,train
16633,train
52660,train
30351,train
25603,train
35191,train
9437,train
37173,train
8276,train
68235,train
47452,train
64981,train
16413,train
55395,train
2842,train
66294,train
9391,train
40092,train
10227,train
46671,train
9501,train
60775,train
42932,train
49575,train
30856,train
13634,train
66378,train
2076,train
23609,train
53852,train
66199,train
6321,train
51319,train
9913,train
19375,train
64668,train
36922,train
27167,train
43038,train
16581,train
66296,train
11756,train
27838,train
39874,train
9344,train
55232,train
7170,train
47755,train
54151,train
20222,train
26050,train
57322,train
51848,train
8388,train
42090,train
44718,train
48538,train
45967,train
38426,train
66407,train
52794,train
25580,train
52210,train
13983,train
63056,train
13661,train
1856,train
16611,train
28297,train
65114,train
11681,train
2417,train
41071,train
55793,train
13572,train
46363,train
57957,train
5695,train
18299,train
32657,train
25535,train
36354,train
62886,train
65237,train
15544,train
24718,train
41921,train
51154,train
60160,train
1430,train
61802,train
23341,train
252,train
49417,train
58885,train
27000,train
28290,train
67604,train
2018,train
66276,train
51393,train
59223,train
40507,train
57863,train
8852,train
62691,train
69085,train
45091,train
3042,train
20507,train
32291,train
47197,train
53339,train
2714,train
5069,train
51397,train
69004,train
39890,train
35983,train
22438,train
68041,train
13607,train
31119,train
49900,train
21001,train
48127,train
32124,train
58228,train
50327,train
19555,train
30596,train
2681,train
15224,train
44428,train
1648,train
1578,train
70410,train
26451,train
23750,train
42409,train
55628,train
58564,train
35134,train
21242,train
3838,train
48657,train
36372,train
27147,train
45356,train
57858,train
20254,train
14290,train
23330,train
47696,train
14394,train
41468,train
70459,train
9307,train
12351,train
37351,train
23632,train
10729,train
36271,train
68293,train
35683,train
5410,train
7059,train
55647,train
60453,train
46148,train
21725,train
6745,train
12929,train
47410,train
28306,train
35594,train
27993,train
61619,train
52783,train
10518,train
45432,train
15331,train
23039,train
45375,train
37810,train
882,train
1404,train
27020,train
7252,train
4418,train
58462,train
5321,train
57649,train
1409,train
23364,train
21107,train
20998,train
27165,train
53553,train
40644,train
34735,train
63237,train
55434,train
3045,train
61347,train
67594,train
47360,train
55789,train
6804,train
4933,train
61537,train
54298,train
55335,train
38706,train
60527,train
35622,train
10022,train
2798,train
41402,train
1072,train
52690,train
24933,train
12060,train
22495,train
32017,train
66750,train
48128,train
496,train
57140,train
28270,train
20131,train
51773,train
6197,train
3068,train
65159,train
53434,train
21948,train
61181,train
23930,train
21008,train
54998,train
38607,train
38158,train
58684,train
40894,train
3925,train
29211,train
55707,train
8492,train
49010,train
50575,train
24579,train
63053,train
52586,train
24458,train
14280,train
51709,train
35296,train
2634,train
54181,train
50313,train
49710,train
4507,train
56201,train
39880,train
21073,train
37098,train
25807,train
11517,train
42370,train
51650,train
66312,train
68930,train
39033,train
5194,train
20804,train
14510,train
34924,train
23705,train
62940,train
53621,train
41307,train
47852,train
47697,train
45444,train
58430,train
66777,train
43685,train
6067,train
22482,train
62935,train
64954,train
51550,train
6595,train
37556,train
21749,train
24022,train
24927,train
25485,train
8768,train
62187,train
16444,train
20905,train
35224,train
28564,train
64516,train
17772,train
2426,train
35180,train
33118,train
49183,train
14353,train
28027,train
55561,train
68267,train
2920,train
54659,train
11090,train
58138,train
512,train
49285,train
30661,train
13852,train
37266,train
56177,train
22256,train
53915,train
40253,train
52088,train
56678,train
34767,train
53948,train
31251,train
59482,train
20292,train
56400,train
26582,train
16450,train
21582,train
5082,train
38130,train
8592,train
38811,train
70595,train
894,train
41088,train
22144,train
35049,train
10608,train
65156,train
60184,train
69574,train
34880,train
28782,train
62843,train
36348,train
32381,train
44888,train
13347,train
17048,train
57151,train
69441,train
65728,train
2162,train
62862,train
10456,train
31607,train
56455,train
30910,train
4906,train
30892,train
34602,train
58144,train
40041,train
46250,train
52004,train
49520,train
10337,train
10476,train
11566,train
34871,train
26498,train
55091,train
1056,train
13274,train
17161,train
67781,train
8375,train
4782,train
9860,train
54396,train
34566,train
58140,train
44462,train
27,train
19818,train
22484,train
67127,train
60167,train
55293,train
11946,train
35571,train
8961,train
44072,train
26618,train
44082,train
66886,train
14656,train
64552,train
11105,train
53165,train
4953,train
44609,train
34271,train
36297,train
14385,train
16987,train
49256,train
10400,train
16761,train
4885,train
68248,train
39695,train
23162,train
42812,train
53402,train
38060,train
48892,train
58689,train
42411,train
28006,train
47350,train
4341,train
50594,train
54010,train
63564,train
42292,train
44084,train
31561,train
52755,train
64976,train
26712,train
43772,train
5865,train
27742,train
32956,train
51873,train
48332,train
6574,train
49025,train
27021,train
54631,train
63858,train
22365,train
54493,train
25882,train
28235,train
32106,train
43101,train
4191,train
6706,train
7705,train
35785,train
31893,train
27081,train
23118,train
1806,train
31255,train
17598,train
10851,train
32435,train
29875,train
29925,train
70243,train
1662,train
4896,train
47622,train
39095,train
34664,train
16359,train
6588,train
40660,train
62404,train
55663,train
42829,train
26331,train
61104,train
60668,train
58435,train
52556,train
6964,train
48808,train
34751,train
1895,train
30869,train
15814,train
40731,train
31380,train
59758,train
25530,train
9910,train
17304,train
34862,train
2840,train
58767,train
792,train
42777,train
25424,train
48061,train
6802,train
656,train
34045,train
50874,train
58449,train
64237,train
70528,train
58117,train
69522,train
29849,train
61696,train
14700,train
54138,train
33883,train
6527,train
49276,train
68717,train
16277,train
32790,train
46080,train
49115,train
60162,train
47045,train
62252,train
62489,train
53333,train
2579,train
31100,train
7418,train
25262,train
38070,train
41020,train
27330,train
40893,train
3531,train
66608,train
45840,train
69037,train
12798,train
45476,train
25466,train
27488,train
54118,train
67970,train
28711,train
43898,train
5514,train
10428,train
7440,train
35487,train
45563,train
7868,train
47288,train
52732,train
32656,train
55446,train
39451,train
23868,train
50535,train
44999,train
20465,train
49198,train
59811,train
30591,train
68074,train
28955,train
43836,train
6007,train
42392,train
40445,train
66712,train
39428,train
58492,train
59868,train
64786,train
28929,train
36813,train
62714,train
25583,train
49851,train
27010,train
27703,train
4984,train
16638,train
1575,train
67581,train
33282,train
31896,train
12170,train
16797,train
5303,train
42966,train
19507,train
7116,train
26985,train
9030,train
35043,train
324,train
13152,train
51459,train
4143,train
60053,train
29944,train
12833,train
66958,train
61483,train
58458,train
63946,train
20881,train
51328,train
33222,train
58530,train
64283,train
63634,train
50831,train
1087,train
20158,train
33700,train
9695,train
58131,train
65697,train
12993,train
57767,train
69384,train
42066,train
9350,train
37843,train
4922,train
34067,train
21532,train
54305,train
35828,train
22469,train
28510,train
48651,train
14990,train
16788,train
70440,train
63132,train
12096,train
55586,train
7075,train
10859,train
39722,train
58339,train
8155,train
42975,train
36268,train
18893,train
34636,train
53822,train
26990,train
25312,train
5324,train
67582,train
39039,train
21645,train
3967,train
35098,train
27517,train
19264,train
42003,train
40004,train
45856,train
4681,train
68532,train
41772,train
51350,train
11955,train
43528,train
38298,train
50142,train
26656,train
27483,train
9815,train
63395,train
56480,train
47483,train
52801,train
48649,train
19312,train
53965,train
34722,train
3656,train
50565,train
26526,train
4140,train
6324,train
69340,train
44256,train
59086,train
23302,train
28803,train
21542,train
26357,train
38174,train
384,train
9384,train
55391,train
25985,train
44689,train
50112,train
607,train
32029,train
61704,train
16695,train
7487,train
27563,train
14072,train
57058,train
17183,train
32534,train
21563,train
13477,train
44954,train
42983,train
41379,train
17280,train
60176,train
28517,train
38841,train
46275,train
28188,train
2668,train
67677,train
8182,train
10202,train
49957,train
61063,train
22825,train
39527,train
46866,train
41663,train
965,train
39910,train
26084,train
15197,train
52684,train
25077,train
50325,train
34577,train
59651,train
51143,train
10404,train
1822,train
61993,train
39964,train
32148,train
14750,train
64928,train
2981,train
3048,train
56894,train
54681,train
69415,train
6280,train
9611,train
4491,train
21371,train
25239,train
14459,train
61460,train
42778,train
23668,train
56248,train
6506,train
18017,train
48186,train
47549,train
44874,train
31323,train
62367,train
33019,train
57191,train
52162,train
41217,train
19876,train
21821,train
67655,train
35232,train
63005,train
60814,train
38929,train
12580,train
25605,train
43809,train
33362,train
11359,train
55594,train
44812,train
28998,train
58125,train
12239,train
46055,train
49887,train
22721,train
32154,train
46459,train
13110,train
49509,train
69322,train
39962,train
50024,train
42002,train
54700,train
24448,train
68378,train
9834,train
10423,train
59532,train
32585,train
56224,train
20858,train
28525,train
2180,train
19154,train
52445,train
4079,train
4775,train
38342,train
8971,train
62378,train
27997,train
19002,train
54531,train
48756,train
48772,train
55953,train
11772,train
39812,train
17727,train
34881,train
9181,train
44510,train
41100,train
44730,train
46882,train
58930,train
27986,train
18842,train
8377,train
21546,train
51116,train
37498,train
54644,train
44182,train
68695,train
43519,train
1757,train
54722,train
69799,train
49640,train
68780,train
43851,train
23362,train
57877,train
3067,train
30513,train
46437,train
15443,train
30757,train
43316,train
19232,train
70563,train
37517,train
51305,train
9937,train
47772,train
18591,train
2042,train
27825,train
57221,train
18533,train
51957,train
14338,train
42489,train
58908,train
52659,train
9982,train
17251,train
39396,train
41900,train
20683,train
18184,train
61556,train
15760,train
34807,train
44248,train
66554,train
35428,train
46060,train
60756,train
27589,train
48305,train
30277,train
14376,train
46491,train
23053,train
63622,train
31306,train
53877,train
36849,train
19626,train
45785,train
44663,train
26585,train
69372,train
39653,train
43211,train
44831,train
38332,train
14026,train
59830,train
30832,train
7655,train
26384,train
6936,train
36528,train
10379,train
47803,train
6682,train
34319,train
1302,train
33734,train
14456,train
9464,train
57698,train
17961,train
58978,train
64110,train
54170,train
31504,train
39750,train
30020,train
47853,train
3913,train
29124,train
62611,train
18953,train
13622,train
45031,train
50776,train
1084,train
42604,train
47603,train
8913,train
41192,train
8190,train
9274,train
19521,train
30102,train
59727,train
36213,train
48845,train
48849,train
13655,train
40918,train
39592,train
1718,train
6866,train
19822,train
44864,train
19294,train
29390,train
24015,train
45989,train
61807,train
47297,train
37333,train
44861,train
39362,train
70224,train
47409,train
48900,train
59530,train
40132,train
35709,train
30605,train
37192,train
11186,train
3085,train
69012,train
60246,train
45233,train
57997,train
44086,train
60128,train
2853,train
69744,train
16174,train
49014,train
55716,train
33870,train
40712,train
17240,train
30499,train
40357,train
59710,train
23725,train
40342,train
17413,train
25022,train
69823,train
39523,train
57984,train
57196,train
19983,train
17815,train
16573,train
20386,train
20395,train
56403,train
19201,train
61975,train
52733,train
48640,train
37144,train
44891,train
20167,train
67690,train
6326,train
37256,train
25248,train
53773,train
60748,train
10179,train
47256,train
39283,train
30483,train
18111,train
12696,train
45088,train
51664,train
28051,train
51886,train
2936,train
55923,train
41317,train
31014,train
11631,train
11877,train
20393,train
69673,train
30675,train
40921,train
61229,train
33054,train
25598,train
45424,train
47546,train
21826,train
67891,train
9247,train
39586,train
16280,train
567,train
46313,train
12207,train
25440,train
60782,train
3459,train
33477,train
30897,train
63880,train
69358,train
54916,train
61457,train
3612,train
31811,train
34559,train
15297,train
34993,train
15641,train
57438,train
15520,train
64418,train
66275,train
3898,train
16275,train
1366,train
13783,train
21711,train
47140,train
30659,train
66529,train
61912,train
40062,train
41143,train
16423,train
37285,train
10749,train
44276,train
66772,train
40948,train
66083,train
48902,train
41675,train
41956,train
35749,train
57497,train
27390,train
53389,train
61444,train
57122,train
11595,train
53625,train
18773,train
17635,train
38641,train
30004,train
12483,train
58546,train
31834,train
27771,train
5701,train
59824,train
59153,train
11766,train
47203,train
33164,train
6947,train
6121,train
60963,train
51121,train
38138,train
3570,train
15845,train
51858,train
58715,train
39664,train
66135,train
42811,train
40322,train
4460,train
3148,train
7545,train
45897,train
7954,train
38554,train
26861,train
47510,train
63611,train
39431,train
40038,train
6342,train
69379,train
13546,train
11089,train
32138,train
34696,train
4391,train
53898,train
63581,train
54169,train
61871,train
35775,train
26343,train
57456,train
5754,train
44264,train
56324,train
13406,train
25352,train
28225,train
64458,train
4290,train
54733,train
42230,train
603,train
665,train
69749,train
67261,train
29949,train
47379,train
38263,train
54615,train
36821,train
6391,train
21705,train
64486,train
55064,train
44900,train
18474,train
17925,train
889,train
10736,train
50548,train
46305,train
30800,train
23992,train
27040,train
65392,train
35416,train
52219,train
45793,train
13295,train
2959,train
37769,train
6110,train
63739,train
58034,train
21249,train
46292,train
3768,train
48793,train
17202,train
47536,train
63875,train
48669,train
64722,train
9183,train
68368,train
10027,train
1269,train
24440,train
54206,train
50813,train
8673,train
3569,train
23823,train
6479,train
11272,train
51656,train
26042,train
26719,train
40140,train
5619,train
19638,train
70644,train
28542,train
28084,train
23245,train
37094,train
63449,train
39049,train
1272,train
64634,train
38479,train
14277,train
43965,train
31766,train
28826,train
60191,train
25198,train
28716,train
70143,train
49101,train
50364,train
57499,train
19679,train
16998,train
12941,train
59007,train
8035,train
53245,train
36358,train
26503,train
31246,train
12176,train
30989,train
22085,train
6119,train
46853,train
6644,train
4314,train
45399,train
40521,train
9954,train
24296,train
40477,train
58333,train
4960,train
1171,train
5903,train
32567,train
36765,train
43799,train
33664,train
15026,train
63694,train
63767,train
14795,train
10945,train
41669,train
51922,train
14732,train
35691,train
21947,train
1010,train
49119,train
57841,train
6449,train
54180,train
983,train
59723,train
27410,train
24809,train
9031,train
10710,train
62029,train
21297,train
38469,train
12199,train
10499,train
15852,train
6705,train
44306,train
38602,train
60815,train
55957,train
68906,train
24200,train
67091,train
32530,train
27866,train
50507,train
14899,train
42357,train
3895,train
18019,train
24942,train
70255,train
46596,train
47189,train
10474,train
59484,train
1274,train
34112,train
18193,train
36190,train
67239,train
18365,train
21129,train
54407,train
21490,train
6878,train
69535,train
42793,train
21418,train
31949,train
20338,train
35350,train
31206,train
24389,train
66441,train
23976,train
11892,train
59073,train
45240,train
42047,train
2192,train
55559,train
21370,train
64985,train
33570,train
16790,train
53496,train
61571,train
16237,train
13411,train
48393,train
30667,train
13082,train
65492,train
48599,train
23212,train
33047,train
47424,train
30693,train
12114,train
21114,train
49620,train
29892,train
635,train
13550,train
63970,train
53753,train
29417,train
10177,train
22600,train
44938,train
48581,train
52583,train
9790,train
16561,train
2272,train
3563,train
3011,train
42544,train
26847,train
34827,train
6719,train
22379,train
29331,train
29194,train
166,train
2006,train
43140,train
62163,train
28817,train
54102,train
34575,train
29327,train
26184,train
59718,train
52192,train
29654,train
23310,train
61539,train
53932,train
777,train
21274,train
42551,train
10306,train
11112,train
70254,train
46652,train
47747,train
6081,train
11870,train
18160,train
24993,train
70578,train
4875,train
17771,train
9620,train
17923,train
67376,train
54036,train
69094,train
18930,train
43297,train
6517,train
9379,train
43338,train
36141,train
6099,train
40518,train
27215,train
15655,train
67200,train
54629,train
27915,train
36329,train
107,train
32487,train
27552,train
12014,train
1842,train
56161,train
67961,train
23849,train
16040,train
64505,train
20464,train
19826,train
17648,train
40613,train
21956,train
42564,train
64396,train
32454,train
58866,train
17797,train
70554,train
22096,train
10583,train
24765,train
6056,train
51925,train
25334,train
32510,train
69278,train
3116,train
22122,train
22426,train
66483,train
50534,train
52438,train
61790,train
65895,train
32192,train
2156,train
5325,train
53998,train
16958,train
50784,train
41035,train
44684,train
6363,train
36845,train
47879,train
43871,train
30589,train
16224,train
7279,train
67275,train
24901,train
38369,train
45238,train
50668,train
55757,train
11168,train
17226,train
39669,train
67528,train
38050,train
15873,train
50871,train
59138,train
63213,train
69453,train
21474,train
1342,train
64941,train
67470,train
18769,train
24089,train
27175,train
23897,train
41381,train
56249,train
30949,train
62300,train
50022,train
60503,train
39327,train
44767,train
42603,train
14541,train
9457,train
30797,train
1218,train
66837,train
34698,train
36489,train
50696,train
46554,train
9559,train
68386,train
2556,train
35615,train
61515,train
54897,train
27129,train
31619,train
61368,train
9509,train
29889,train
9434,train
22433,train
37413,train
61669,train
62549,train
45484,train
43054,train
10763,train
36574,train
15993,train
58322,train
58431,train
35960,train
7478,train
70661,train
30463,train
56731,train
44570,train
62054,train
31025,train
1334,train
6789,train
15958,train
65452,train
63477,train
15707,train
34325,train
21934,train
38939,train
52142,train
2520,train
1074,train
33832,train
32409,train
580,train
61380,train
65964,train
65207,train
24875,train
55831,train
29115,train
57601,train
27905,train
64603,train
8657,train
31425,train
24335,train
7613,train
27896,train
9328,train
4911,train
62692,train
63542,train
48431,train
8323,train
41186,train
67263,train
49709,train
63243,train
39491,train
42587,train
39342,train
3433,train
66898,train
50712,train
24796,train
27754,train
44763,train
15948,train
2794,train
11913,train
20472,train
64559,train
65684,train
23583,train
56300,train
7013,train
60561,train
34508,train
26909,train
68145,train
17888,train
15992,train
133,train
9564,train
53589,train
14349,train
11616,train
52777,train
3149,train
26923,train
54295,train
20401,train
16540,train
37207,train
58859,train
24974,train
62424,train
22506,train
58851,train
34568,train
64242,train
58308,train
6492,train
13008,train
40215,train
5898,train
13521,train
43687,train
30597,train
3147,train
43094,train
27474,train
26198,train
57607,train
66267,train
7068,train
27722,train
54157,train
32049,train
43562,train
17740,train
9892,train
31621,train
27627,train
27823,train
50931,train
39142,train
54945,train
9032,train
14617,train
61077,train
65665,train
22657,train
43694,train
62510,train
49219,train
712,train
11583,train
10716,train
63244,train
43938,train
32070,train
46715,train
10635,train
12223,train
37329,train
49466,train
32020,train
5262,train
44951,train
50065,train
48133,train
65385,train
22217,train
62560,train
50410,train
22618,train
27090,train
40272,train
9036,train
40678,train
53317,train
26678,train
15734,train
43756,train
31620,train
12740,train
20803,train
59037,train
3945,train
8015,train
66108,train
9785,train
64698,train
4924,train
18931,train
12700,train
1817,train
36621,train
37224,train
34454,train
2267,train
61770,train
57908,train
17791,train
22980,train
2783,train
27365,train
56930,train
7361,train
17863,train
41370,train
46624,train
62176,train
10490,train
18672,train
10310,train
27043,train
40529,train
56867,train
58519,train
46722,train
55949,train
39509,train
69948,train
27368,train
52891,train
55235,train
69692,train
51006,train
23149,train
63750,train
37194,train
363,train
49531,train
34505,train
20416,train
14783,train
70682,train
62663,train
14577,train
53716,train
57600,train
2661,train
44132,train
14922,train
68769,train
37362,train
55861,train
66248,train
58685,train
30377,train
63856,train
58531,train
56090,train
15199,train
53502,train
32988,train
16152,train
61699,train
15084,train
45185,train
19853,train
45963,train
66205,train
53366,train
29726,train
63487,train
672,train
55721,train
43770,train
29529,train
19406,train
47607,train
29169,train
44837,train
16737,train
39985,train
61670,train
67918,train
40642,train
32323,train
68084,train
38422,train
37904,train
6436,train
52505,train
37479,train
63566,train
47773,train
25303,train
65852,train
33827,train
29237,train
70017,train
37062,train
34656,train
23383,train
17780,train
26291,train
48045,train
61825,train
45018,train
69009,train
13580,train
12119,train
14588,train
22316,train
31049,train
51312,train
56763,train
47303,train
1538,train
2865,train
23389,train
70375,train
12985,train
53830,train
40665,train
64042,train
40274,train
8019,train
34082,train
63543,train
41025,train
9653,train
20563,train
63305,train
66931,train
33728,train
50255,train
564,train
5502,train
40605,train
15201,train
63278,train
51081,train
40116,train
5922,train
38319,train
37504,train
46286,train
61841,train
53224,train
66583,train
43399,train
22292,train
25554,train
34400,train
42191,train
38168,train
55362,train
43649,train
13865,train
31242,train
46746,train
22844,train
37155,train
25731,train
38638,train
22162,train
34725,train
46477,train
49127,train
37272,train
59976,train
26406,train
19145,train
6535,train
7837,train
25671,train
37042,train
2130,train
6199,train
21255,train
42483,train
66576,train
29554,train
34543,train
3385,train
8856,train
36874,train
9527,train
14305,train
36810,train
30027,train
36758,train
60454,train
41595,train
60529,train
58247,train
11725,train
55044,train
62820,train
66226,train
30220,train
70286,train
60155,train
3041,train
48675,train
45561,train
6276,train
51799,train
59339,train
69821,train
21374,train
47319,train
31045,train
8150,train
60439,train
28669,train
46191,train
10870,train
14007,train
30419,train
63574,train
42838,train
1523,train
36313,train
31226,train
9656,train
35579,train
67801,train
40581,train
13908,train
65146,train
14788,train
7176,train
38623,train
27321,train
21714,train
23088,train
50459,train
18035,train
48780,train
33575,train
64392,train
51878,train
1804,train
53055,train
1441,train
69916,train
10586,train
61810,train
64952,train
24512,train
31104,train
7855,train
19760,train
47530,train
54278,train
45723,train
8960,train
14880,train
18274,train
51283,train
48390,train
8794,train
59501,train
34318,train
8503,train
55515,train
61756,train
13461,train
32202,train
32694,train
44169,train
45466,train
2660,train
49369,train
55017,train
26143,train
10627,train
32904,train
27873,train
57142,train
104,train
51360,train
49781,train
17857,train
31402,train
9040,train
57650,train
12056,train
54222,train
63593,train
23630,train
48065,train
22315,train
56235,train
20013,train
61845,train
51054,train
64429,train
7074,train
45724,train
19268,train
45286,train
55392,train
20543,train
63072,train
33693,train
38585,train
6430,train
26727,train
37521,train
3650,train
16817,train
60844,train
45574,train
67847,train
52094,train
65909,train
10641,train
39607,train
53267,train
62737,train
2895,train
9192,train
19471,train
27057,train
35757,train
16624,train
48950,train
19700,train
51582,train
26178,train
58315,train
62826,train
35151,train
35718,train
66695,train
61703,train
44959,train
21381,train
29666,train
56950,train
16199,train
13124,train
9774,train
28154,train
35850,train
41374,train
54684,train
70669,train
42198,train
54970,train
42571,train
26461,train
68254,train
58072,train
49541,train
61340,train
9614,train
42637,train
70335,train
2598,train
34899,train
65511,train
64153,train
41040,train
4282,train
51379,train
46907,train
17521,train
2388,train
25686,train
56563,train
10772,train
48925,train
37226,train
4394,train
18142,train
33474,train
39114,train
42821,train
36120,train
56023,train
52751,train
19709,train
59051,train
21736,train
43362,train
59862,train
60901,train
28779,train
50702,train
49952,train
45755,train
44160,train
40304,train
47003,train
63889,train
59983,train
42337,train
8174,train
31692,train
52785,train
69652,train
14504,train
6054,train
18372,train
29097,train
67979,train
31451,train
26789,train
5586,train
31286,train
1089,train
66694,train
48231,train
531,train
35507,train
17854,train
25238,train
22031,train
49631,train
16753,train
22137,train
53781,train
54524,train
33298,train
47674,train
21931,train
14333,train
45905,train
15293,train
38900,train
171,train
30592,train
34703,train
11198,train
52912,train
69386,train
51299,train
49998,train
44402,train
45818,train
5942,train
47101,train
57521,train
13502,train
67775,train
48095,train
646,train
36340,train
5834,train
59559,train
49539,train
60394,train
61803,train
40044,train
43208,train
26913,train
30106,train
64138,train
17796,train
66611,train
43105,train
58633,train
12838,train
48944,train
690,train
6486,train
9609,train
67191,train
39794,train
53442,train
60013,train
16380,train
62601,train
33632,train
7962,train
27595,train
14977,train
61733,train
54981,train
23589,train
49507,train
28020,train
51323,train
58383,train
46586,train
32560,train
18298,train
2573,train
43166,train
46224,train
21164,train
59965,train
69831,train
20101,train
63008,train
23900,train
60640,train
20256,train
25368,train
40039,train
52615,train
52209,train
61960,train
11175,train
55717,train
40621,train
8906,train
4759,train
62666,train
50693,train
52368,train
27696,train
54893,train
61701,train
53126,train
15126,train
41740,train
70649,train
22483,train
4748,train
24777,train
20025,train
21023,train
24097,train
52212,train
32849,train
10376,train
35575,train
30064,train
44971,train
52597,train
17244,train
35763,train
60573,train
6263,train
33555,train
33033,train
67147,train
38634,train
15492,train
20763,train
67170,train
49340,train
56817,train
59296,train
10775,train
3571,train
27134,train
49582,train
4857,train
58011,train
65468,train
25776,train
26293,train
57545,train
19138,train
59972,train
55244,train
24740,train
66867,train
42974,train
30369,train
44893,train
2400,train
18465,train
45384,train
28335,train
13864,train
22543,train
38675,train
66547,train
49200,train
41387,train
51113,train
55095,train
2507,train
18497,train
68573,train
13253,train
19466,train
57597,train
13169,train
19300,train
32230,train
54293,train
64768,train
54377,train
27614,train
11293,train
12160,train
611,train
16500,train
3210,train
46144,train
63073,train
12052,train
25849,train
66819,train
34918,train
21556,train
520,train
56167,train
29354,train
29225,train
37912,train
21773,train
11160,train
20272,train
58837,train
45944,train
4677,train
18784,train
52542,train
62629,train
30678,train
3142,train
42138,train
60956,train
28204,train
39242,train
66535,train
17625,train
19126,train
29109,train
31503,train
31918,train
7922,train
63969,train
60768,train
63796,train
68199,train
38794,train
2048,train
11348,train
46678,train
43102,train
38976,train
3165,train
35794,train
16912,train
35279,train
16536,train
37806,train
13390,train
44950,train
68132,train
10696,train
13886,train
47627,train
32133,train
62974,train
66097,train
48123,train
60221,train
64829,train
9690,train
65430,train
11096,train
23926,train
58590,train
207,train
18695,train
69199,train
44895,train
29526,train
68979,train
39481,train
8040,train
21287,train
21561,train
27225,train
34756,train
53363,train
66381,train
55102,train
61881,train
44792,train
8142,train
52895,train
14846,train
51004,train
15553,train
67632,train
27657,train
2203,train
8622,train
54473,train
40083,train
51770,train
48570,train
63914,train
11799,train
9922,train
32175,train
53612,train
34646,train
55501,train
61860,train
62365,train
18836,train
65451,train
55131,train
18603,train
36718,train
4230,train
29483,train
10183,train
67185,train
7972,train
63026,train
2837,train
30123,train
50778,train
61710,train
18540,train
50632,train
29054,train
64894,train
67785,train
41741,train
39651,train
26600,train
25870,train
27193,train
25101,train
7881,train
25445,train
47138,train
42121,train
49125,train
33925,train
59002,train
47710,train
41799,train
58368,train
43563,train
6883,train
47126,train
24499,train
47976,train
8506,train
28950,train
21788,train
10846,train
31061,train
55448,train
16362,train
3672,train
54767,train
65373,train
48873,train
64999,train
56460,train
12412,train
21522,train
26977,train
34395,train
1532,train
17332,train
65355,train
4037,train
66932,train
26850,train
52525,train
68694,train
45412,train
20388,train
47904,train
70050,train
68942,train
7326,train
53954,train
4604,train
65843,train
48225,train
11907,train
19914,train
61853,train
19483,train
66757,train
32393,train
66447,train
11064,train
34136,train
8314,train
37885,train
59534,train
46553,train
50018,train
16657,train
178,train
34759,train
16869,train
53538,train
6485,train
47990,train
8932,train
50498,train
51377,train
18662,train
19770,train
16591,train
13279,train
37296,train
19026,train
59943,train
15235,train
10429,train
16117,train
32170,train
1527,train
50228,train
55895,train
9206,train
53199,train
51944,train
24166,train
67368,train
51419,train
69604,train
46591,train
50266,train
29510,train
63569,train
49067,train
58580,train
69561,train
60870,train
5735,train
22596,train
14717,train
43408,train
42335,train
36744,train
7079,train
31738,train
24318,train
55811,train
37191,train
30226,train
62127,train
29895,train
12072,train
68946,train
12576,train
46492,train
27250,train
43420,train
52026,train
17092,train
39056,train
67728,train
60181,train
62414,train
4892,train
53927,train
49826,train
41327,train
5567,train
7400,train
69712,train
50377,train
18877,train
55905,train
49108,train
8169,train
39474,train
30382,train
56519,train
33527,train
69728,train
43590,train
29839,train
30553,train
24136,train
7817,train
11157,train
54959,train
24865,train
482,train
65649,train
47708,train
66056,train
2805,train
15012,train
4180,train
67802,train
22925,train
21396,train
37385,train
14399,train
25549,train
43028,train
36783,train
34484,train
16232,train
6317,train
54095,train
12155,train
31465,train
13049,train
44910,train
40408,train
3336,train
26916,train
59052,train
37189,train
55144,train
9094,train
37330,train
49814,train
66385,train
19678,train
50123,train
41391,train
49467,train
12517,train
13120,train
16511,train
61593,train
19177,train
49222,train
64151,train
18434,train
64971,train
23769,train
60403,train
46287,train
27448,train
50783,train
57940,train
49601,train
12971,train
4248,train
35163,train
35289,train
10313,train
35003,train
44255,train
23734,train
14506,train
27148,train
67448,train
43146,train
26511,train
31180,train
14958,train
27310,train
53911,train
6991,train
58212,train
65954,train
24020,train
26728,train
13302,train
26517,train
64368,train
35804,train
37360,train
10782,train
4080,train
68615,train
33597,train
45573,train
68163,train
46350,train
15050,train
22166,train
31027,train
31771,train
43011,train
54992,train
30544,train
29661,train
51806,train
58625,train
56636,train
63176,train
40098,train
14314,train
23177,train
19996,train
38373,train
57044,train
44619,train
47736,train
39883,train
10684,train
65737,train
53285,train
49615,train
25809,train
56115,train
70215,train
5647,train
56547,train
49944,train
51431,train
54639,train
5374,train
48007,train
9407,train
5575,train
27649,train
10756,train
53250,train
29061,train
20242,train
42067,train
6686,train
10702,train
11236,train
2404,train
27738,train
57998,train
9412,train
37814,train
52336,train
292,train
37119,train
21520,train
13556,train
14090,train
63965,train
62392,train
15678,train
20976,train
40099,train
28194,train
11384,train
56302,train
17892,train
48976,train
58561,train
68036,train
16458,train
33425,train
61618,train
15129,train
59188,train
34840,train
22318,train
15961,train
42486,train
7621,train
54662,train
23072,train
28078,train
27729,train
67047,train
29569,train
26147,train
35847,train
28897,train
68242,train
3757,train
49294,train
53129,train
45491,train
58202,train
17789,train
12719,train
3870,train
3449,train
41368,train
23653,train
2723,train
21784,train
2163,train
11498,train
55690,train
50905,train
37382,train
37573,train
44376,train
23846,train
61866,train
28602,train
51683,train
27601,train
64162,train
67411,train
8526,train
51472,train
28122,train
20432,train
30680,train
2676,train
47913,train
13679,train
58737,train
67026,train
11865,train
26079,train
52128,train
65375,train
16722,train
53566,train
1325,train
61560,train
33921,train
3020,train
70016,train
14578,train
67328,train
53895,train
69065,train
53095,train
38745,train
24308,train
18070,train
13986,train
45981,train
28344,train
42166,train
9967,train
38164,train
27440,train
30290,train
52127,train
9778,train
60195,train
46912,train
12426,train
51354,train
7825,train
68087,train
44509,train
65708,train
4019,train
6466,train
62966,train
65315,train
1694,train
57155,train
56080,train
20081,train
61011,train
38757,train
23474,train
51110,train
29518,train
18368,train
18693,train
10613,train
4442,train
22647,train
4914,train
59679,train
21899,train
47596,train
4335,train
5246,train
27902,train
47474,train
10730,train
33283,train
62356,train
66237,train
22172,train
46178,train
37768,train
19206,train
30488,train
21601,train
70405,train
39011,train
22636,train
15382,train
49535,train
17800,train
829,train
7215,train
16861,train
44629,train
47477,train
43145,train
8176,train
41495,train
55068,train
62389,train
62153,train
17338,train
63891,train
17307,train
6341,train
9517,train
52568,train
25905,train
11866,train
22196,train
60654,train
19528,train
6602,train
46641,train
38722,train
38878,train
36700,train
8037,train
41857,train
16249,train
31544,train
9720,train
52501,train
61511,train
56148,train
66034,train
34766,train
23230,train
69847,train
20919,train
38950,train
42999,train
3156,train
17542,train
31547,train
46939,train
15190,train
33223,train
12227,train
20939,train
54899,train
51011,train
62454,train
39118,train
63140,train
37012,train
44078,train
4889,train
2605,train
32594,train
21873,train
50715,train
69041,train
3806,train
54192,train
63800,train
65616,train
11038,train
62750,train
23566,train
57020,train
61761,train
48681,train
30525,train
42570,train
21216,train
31560,train
68397,train
55041,train
28104,train
28485,train
18748,train
11514,train
40720,train
22558,train
58090,train
24972,train
64192,train
70374,train
48558,train
4222,train
33715,train
2665,train
56755,train
50287,train
48537,train
53974,train
30606,train
60772,train
67531,train
63632,train
10349,train
11911,train
31625,train
54806,train
2872,train
16694,train
57608,train
26960,train
24404,train
17487,train
46986,train
31396,train
52380,train
25931,train
35399,train
63723,train
22430,train
48744,train
3957,train
16844,train
17676,train
43817,train
22263,train
33346,train
38882,train
65663,train
15884,train
28843,train
30354,train
18371,train
8762,train
14402,train
28070,train
37171,train
35175,train
69222,train
59938,train
37996,train
52981,train
45463,train
64680,train
36434,train
53462,train
15563,train
13875,train
54471,train
29779,train
50708,train
69767,train
27093,train
34328,train
29470,train
17716,train
65871,train
49058,train
41473,train
11572,train
2081,train
18725,train
63286,train
23377,train
59947,train
54594,train
58976,train
56086,train
25258,train
70277,train
52728,train
16972,train
14462,train
12098,train
51171,train
54422,train
22819,train
55900,train
62025,train
49977,train
27914,train
35307,train
58502,train
7469,train
46387,train
11069,train
62022,train
40419,train
67840,train
8460,train
45891,train
33904,train
15110,train
58758,train
63196,train
3565,train
50946,train
42321,train
49538,train
31741,train
36085,train
9800,train
57923,train
36069,train
51064,train
11505,train
40101,train
15205,train
13513,train
3340,train
29566,train
61518,train
47238,train
35070,train
16124,train
70561,train
41597,train
60574,train
70081,train
33154,train
67420,train
41536,train
13166,train
31875,train
28532,train
46474,train
62609,train
60079,train
41525,train
61936,train
67526,train
17496,train
69795,train
34987,train
56747,train
55253,train
4682,train
21757,train
57902,train
63758,train
41550,train
66474,train
9570,train
64674,train
66013,train
66457,train
7758,train
4598,train
46345,train
60578,train
37316,train
23047,train
61088,train
34250,train
24665,train
53182,train
3872,train
19790,train
62858,train
46446,train
7306,train
58003,train
56020,train
27774,train
17110,train
63225,train
1388,train
64477,train
62679,train
53133,train
43391,train
16374,train
65239,train
39370,train
1724,train
41050,train
29549,train
5943,train
39492,train
57580,train
43375,train
25190,train
69078,train
32380,train
43803,train
2986,train
42456,train
26166,train
66230,train
61427,train
35715,train
58176,train
1382,train
32431,train
60033,train
61185,train
45617,train
36861,train
33115,train
43885,train
6238,train
57174,train
16559,train
47208,train
26062,train
32264,train
68679,train
31595,train
34236,train
34894,train
19929,train
50930,train
54131,train
36846,train
67371,train
27674,train
26978,train
59377,train
14981,train
50085,train
6461,train
23073,train
17743,train
29286,train
45966,train
24489,train
21383,train
10289,train
61487,train
68751,train
32598,train
51819,train
44572,train
45808,train
63697,train
67730,train
42000,train
54106,train
34547,train
38525,train
41950,train
21699,train
57893,train
46698,train
64088,train
50153,train
57148,train
53125,train
12497,train
16096,train
32941,train
30998,train
28257,train
17245,train
53319,train
28149,train
16746,train
55061,train
778,train
16027,train
28863,train
9198,train
25471,train
47506,train
12604,train
42518,train
34300,train
51067,train
3817,train
30225,train
24259,train
67011,train
70353,train
28163,train
29314,train
2538,train
61428,train
1607,train
35735,train
1255,train
40978,train
30840,train
52567,train
3337,train
58944,train
20443,train
40199,train
54554,train
56169,train
2344,train
65065,train
8877,train
67456,train
37721,train
22673,train
22992,train
51382,train
68514,train
32666,train
9332,train
53947,train
3072,train
57777,train
42420,train
38371,train
3756,train
69174,train
48429,train
48478,train
47941,train
48939,train
17177,train
42585,train
52500,train
30775,train
7458,train
25282,train
34776,train
27477,train
51940,train
20618,train
42082,train
68096,train
46405,train
69269,train
18686,train
23711,train
13470,train
63624,train
3890,train
19537,train
57241,train
41815,train
5458,train
26788,train
54487,train
63729,train
16882,train
7033,train
36724,train
22428,train
16775,train
65450,train
15452,train
42133,train
12969,train
3799,train
43084,train
39719,train
13376,train
53248,train
40599,train
11754,train
30037,train
68758,train
52493,train
25846,train
41794,train
57651,train
30884,train
19450,train
52826,train
34884,train
28852,train
47394,train
28205,train
41138,train
1955,train
63158,train
9154,train
44934,train
9387,train
7979,train
15679,train
69669,train
8047,train
43985,train
7299,train
63092,train
7121,train
26779,train
46607,train
51915,train
34592,train
2803,train
12386,train
35084,train
27204,train
8121,train
31783,train
37798,train
43367,train
21785,train
56176,train
5840,train
24266,train
64354,train
59974,train
18416,train
16799,train
44620,train
7958,train
64699,train
5826,train
8185,train
21290,train
27726,train
46159,train
25392,train
8345,train
17524,train
23766,train
32879,train
8755,train
48894,train
37100,train
48762,train
13151,train
21289,train
63797,train
29203,train
10750,train
12790,train
33905,train
33639,train
44523,train
37067,train
8496,train
59499,train
3213,train
61622,train
261,train
26152,train
5280,train
69035,train
44119,train
56017,train
54565,train
4480,train
69816,train
43053,train
7448,train
34936,train
60777,train
32842,train
6333,train
22550,train
42175,train
67078,train
32392,train
12590,train
22180,train
60478,train
27491,train
67355,train
21818,train
30402,train
35951,train
5154,train
52807,train
50137,train
27856,train
1100,train
54391,train
8179,train
44357,train
34491,train
18284,train
67595,train
10717,train
39157,train
10372,train
43540,train
46594,train
1282,train
39374,train
44770,train
69027,train
37640,train
39760,train
47883,train
56182,train
70326,train
34898,train
25795,train
53124,train
8571,train
17060,train
10589,train
25071,train
8858,train
39176,train
69651,train
48663,train
3208,train
28330,train
12102,train
24210,train
26525,train
70468,train
48239,train
9016,train
50762,train
69499,train
15733,train
12595,train
21729,train
65085,train
38484,train
24716,train
32995,train
58588,train
59554,train
49932,train
47929,train
2334,train
8726,train
27454,train
58494,train
13853,train
18824,train
3284,train
30409,train
44559,train
52578,train
39593,train
50518,train
53655,train
35316,train
48532,train
28401,train
20490,train
23593,train
15273,train
60544,train
11360,train
29130,train
57120,train
17247,train
25818,train
54008,train
25803,train
46372,train
63020,train
22754,train
54637,train
20062,train
56553,train
59431,train
24926,train
67028,train
67054,train
66452,train
33349,train
68467,train
67005,train
61577,train
60507,train
60256,train
36535,train
30389,train
31496,train
35770,train
22551,train
8741,train
66514,train
54540,train
41541,train
3887,train
31640,train
51855,train
17559,train
54272,train
66746,train
23603,train
44209,train
37470,train
41825,train
51257,train
48283,train
45173,train
37034,train
18243,train
37934,train
15004,train
45308,train
566,train
2047,train
64340,train
39743,train
27191,train
26489,train
58481,train
38049,train
8943,train
62459,train
52133,train
13893,train
64886,train
67476,train
48114,train
44505,train
6944,train
55418,train
30083,train
6939,train
43437,train
38916,train
44456,train
45115,train
30336,train
34214,train
21103,train
42557,train
66136,train
10353,train
25378,train
47767,train
46360,train
3163,train
7392,train
12278,train
8663,train
38150,train
57212,train
31024,train
17284,train
47518,train
6299,train
17704,train
38990,train
27932,train
18127,train
49529,train
49605,train
7373,train
61387,train
8706,train
16605,train
14308,train
39599,train
3029,train
27525,train
63172,train
63836,train
23877,train
40787,train
63302,train
4039,train
40848,train
64208,train
42891,train
19977,train
67365,train
17785,train
2098,train
57740,train
49439,train
56551,train
32246,train
52307,train
24978,train
6560,train
65255,train
60389,train
17386,train
2405,train
61417,train
29037,train
68950,train
58217,train
9671,train
70032,train
14925,train
63106,train
56299,train
37423,train
34695,train
11020,train
42754,train
50423,train
21543,train
58725,train
13153,train
11887,train
7052,train
840,train
38603,train
42332,train
64968,train
43287,train
38720,train
62318,train
19949,train
48153,train
38047,train
27607,train
46033,train
14054,train
52772,train
61161,train
6735,train
15772,train
28193,train
42575,train
57962,train
55027,train
64394,train
47601,train
51996,train
69240,train
30162,train
28974,train
50444,train
54379,train
24669,train
34629,train
66368,train
48185,train
49309,train
65718,train
24964,train
10793,train
46337,train
6768,train
18327,train
3496,train
34868,train
59016,train
64766,train
23025,train
45290,train
65152,train
26038,train
17107,train
27453,train
51233,train
1344,train
50493,train
60827,train
8540,train
64479,train
61720,train
21333,train
53588,train
12668,train
700,train
18835,train
65913,train
16287,train
11693,train
54415,train
46099,train
69691,train
42065,train
10250,train
20938,train
55442,train
14854,train
50600,train
57262,train
55264,train
28361,train
13747,train
8161,train
68116,train
12954,train
1386,train
66261,train
1644,train
50674,train
42572,train
40488,train
61364,train
54475,train
63391,train
57160,train
22727,train
70265,train
56002,train
7192,train
59678,train
10076,train
20655,train
22069,train
69704,train
69456,train
45365,train
40120,train
35901,train
691,train
18433,train
9045,train
27272,train
34105,train
58132,train
20366,train
50983,train
56791,train
11952,train
38739,train
6594,train
68045,train
56383,train
45699,train
30163,train
38046,train
60084,train
18476,train
25741,train
41996,train
12926,train
4869,train
28811,train
20947,train
20295,train
24552,train
64277,train
54273,train
70116,train
22872,train
31776,train
69319,train
48553,train
6267,train
57982,train
70009,train
56359,train
29315,train
56968,train
18410,train
52028,train
50373,train
24996,train
7410,train
8833,train
49305,train
70205,train
47575,train
46718,train
15921,train
63491,train
15813,train
65238,train
17790,train
10017,train
69066,train
82,train
42781,train
13954,train
10815,train
16317,train
52087,train
9563,train
51688,train
13649,train
28661,train
70542,train
56978,train
929,train
61998,train
19846,train
9424,train
67522,train
1992,train
19338,train
57288,train
25118,train
27350,train
974,train
34727,train
25881,train
41610,train
55815,train
59423,train
35329,train
12832,train
24391,train
23969,train
18639,train
69725,train
27095,train
30254,train
38631,train
10393,train
39748,train
60075,train
12654,train
65412,train
37473,train
58161,train
62312,train
18435,train
51303,train
58427,train
52680,train
46085,train
15664,train
13706,train
16081,train
21521,train
55679,train
8666,train
7598,train
59578,train
9568,train
68289,train
4884,train
65488,train
5657,train
16595,train
37217,train
11971,train
61590,train
43345,train
60018,train
15913,train
49522,train
40229,train
63248,train
10351,train
30303,train
42978,train
28128,train
17896,train
51214,train
39147,train
60622,train
53691,train
19557,train
51520,train
37684,train
17178,train
34093,train
6781,train
13629,train
67007,train
36901,train
27061,train
48948,train
22814,train
12295,train
59797,train
39378,train
40307,train
69200,train
67659,train
70616,train
17474,train
17749,train
50174,train
62753,train
45735,train
13586,train
68516,train
62941,train
35841,train
41087,train
37117,train
30071,train
59267,train
22653,train
22115,train
28968,train
34444,train
37234,train
38431,train
38391,train
32485,train
63871,train
5278,train
12441,train
23996,train
39303,train
26136,train
36102,train
40127,train
51371,train
40713,train
20882,train
42729,train
6860,train
58968,train
54536,train
1206,train
49202,train
58761,train
66264,train
19458,train
21428,train
21614,train
38608,train
29627,train
50209,train
9846,train
18391,train
69079,train
36398,train
62885,train
68154,train
50912,train
55259,train
54971,train
44324,train
51246,train
21578,train
6677,train
40446,train
28364,train
57568,train
58951,train
60197,train
65474,train
38396,train
3712,train
45385,train
31220,train
11825,train
64858,train
41896,train
10421,train
14396,train
42250,train
70635,train
47885,train
48617,train
50363,train
4207,train
17527,train
26541,train
11817,train
20631,train
18721,train
14775,train
13505,train
61646,train
2173,train
34463,train
26644,train
30415,train
29696,train
15469,train
60244,train
61401,train
44828,train
4178,train
28561,train
28054,train
21172,train
56655,train
3904,train
70034,train
63813,train
30747,train
19560,train
59889,train
50763,train
67454,train
35972,train
28556,train
33269,train
19965,train
47753,train
64363,train
22040,train
3436,train
42284,train
6874,train
64813,train
47318,train
13842,train
53494,train
69802,train
19799,train
34383,train
45971,train
14278,train
30439,train
20365,train
14139,train
40930,train
37659,train
39450,train
6750,train
58437,train
3215,train
13891,train
1762,train
58198,train
36785,train
63902,train
53768,train
63189,train
2313,train
24903,train
10459,train
40873,train
12431,train
12360,train
41243,train
35981,train
30648,train
23218,train
42960,train
55998,train
43431,train
37105,train
40698,train
70285,train
20564,train
48561,train
24957,train
39473,train
13967,train
12750,train
35343,train
22898,train
17337,train
55438,train
15805,train
55428,train
7119,train
29219,train
18195,train
10141,train
70683,train
31483,train
8294,train
15726,train
34435,train
3334,train
21855,train
41781,train
44923,train
56103,train
50745,train
24424,train
47590,train
43515,train
1744,train
27080,train
49525,train
12511,train
1153,train
67234,train
52520,train
63917,train
39818,train
40330,train
32117,train
47139,train
9749,train
46576,train
33844,train
3466,train
57263,train
69880,train
66475,train
58127,train
28574,train
466,train
68881,train
8930,train
55162,train
35377,train
26733,train
959,train
7497,train
13378,train
11152,train
7735,train
33384,train
48052,train
70328,train
43100,train
67848,train
11350,train
64648,train
33274,train
4611,train
9779,train
48988,train
14347,train
41817,train
2896,train
36640,train
58601,train
32359,train
22409,train
47936,train
58085,train
36554,train
34586,train
56651,train
39439,train
66989,train
17909,train
21230,train
16792,train
33938,train
40372,train
69013,train
8085,train
19219,train
10994,train
42665,train
36089,train
27660,train
35652,train
43306,train
5127,train
22522,train
28652,train
70362,train
46525,train
29258,train
1163,train
49568,train
31622,train
24889,train
9478,train
53066,train
33696,train
10233,train
68073,train
16339,train
64402,train
2349,train
50319,train
57884,train
6271,train
28460,train
51149,train
47213,train
54881,train
52038,train
15962,train
24276,train
56967,train
29087,train
45521,train
24963,train
3900,train
43584,train
62476,train
38678,train
33952,train
44755,train
22120,train
58254,train
35799,train
63883,train
35352,train
34276,train
649,train
6585,train
41257,train
39226,train
45934,train
53826,train
66102,train
62878,train
12757,train
35485,train
41175,train
17198,train
2102,train
9010,train
57610,train
10084,train
49571,train
36960,train
24916,train
47845,train
34980,train
44779,train
30777,train
61103,train
25038,train
63754,train
4811,train
13681,train
20955,train
58700,train
68164,train
58563,train
11506,train
51750,train
47106,train
21357,train
27558,train
1210,train
42835,train
1514,train
63035,train
25594,train
30859,train
10000,train
25886,train
62918,train
12675,train
5107,train
62514,train
63608,train
6514,train
46577,train
13155,train
3679,train
44846,train
52656,train
17628,train
32601,train
62866,train
17989,train
43960,train
43618,train
22266,train
53888,train
68610,train
45789,train
56853,train
16648,train
69857,train
57806,train
46701,train
66382,train
59451,train
32390,train
14572,train
36323,train
10082,train
43924,train
26326,train
54598,train
5019,train
49189,train
60828,train
7489,train
31661,train
62593,train
12836,train
24954,train
44315,train
48049,train
66121,train
21142,train
36171,train
29643,train
6569,train
28233,train
26774,train
39687,train
9304,train
66459,train
50165,train
26599,train
28768,train
48444,train
182,train
26183,train
10572,train
46062,train
35483,train
43743,train
14309,train
34353,train
13060,train
50148,train
51608,train
65232,train
31746,train
51188,train
19573,train
66996,train
61865,train
36428,train
60555,train
55913,train
51276,train
64617,train
17334,train
8152,train
41878,train
59099,train
19456,train
23737,train
11587,train
35864,train
21446,train
14430,train
40068,train
64025,train
14056,train
44332,train
57603,train
1614,train
15062,train
11454,train
56220,train
18159,train
61376,train
41321,train
54526,train
30686,train
23542,train
42313,train
43719,train
6667,train
22532,train
47118,train
32934,train
61482,train
18478,train
9615,train
14575,train
48323,train
29744,train
16658,train
30009,train
46924,train
61114,train
65321,train
35387,train
59690,train
40266,train
3685,train
44029,train
47250,train
44719,train
53303,train
16592,train
17822,train
17514,train
34959,train
45300,train
22908,train
68152,train
43173,train
18885,train
65671,train
25475,train
33520,train
63412,train
39202,train
58898,train
49739,train
11878,train
4632,train
10877,train
21415,train
57820,train
17180,train
58309,train
20100,train
55217,train
4177,train
66085,train
55350,train
7606,train
69978,train
19107,train
43470,train
45721,train
37729,train
70141,train
38430,train
21411,train
34816,train
43657,train
43392,train
44016,train
30639,train
41117,train
62559,train
40788,train
10840,train
36470,train
42215,train
52908,train
43180,train
55236,train
34406,train
11417,train
11453,train
20633,train
18473,train
8516,train
14955,train
39558,train
17476,train
35130,train
53978,train
17746,train
60465,train
19188,train
27928,train
32205,train
3430,train
66327,train
38823,train
53696,train
50495,train
7435,train
5106,train
49255,train
1313,train
14535,train
27258,train
28723,train
33005,train
27117,train
1594,train
53892,train
70394,train
57305,train
9341,train
37097,train
60413,train
39550,train
33675,train
19279,train
46158,train
48773,train
58596,train
55936,train
58074,train
6243,train
65862,train
35957,train
66678,train
63336,train
50876,train
12847,train
38,train
8001,train
29631,train
45677,train
21140,train
1720,train
38275,train
21599,train
15875,train
26297,train
44675,train
11319,train
44835,train
63414,train
49433,train
52798,train
29049,train
1011,train
62658,train
70090,train
17281,train
66027,train
13597,train
43177,train
14071,train
37508,train
33980,train
10913,train
27308,train
39371,train
1887,train
60122,train
11593,train
59556,train
55995,train
41753,train
36548,train
7387,train
54409,train
17849,train
3185,train
17258,train
15081,train
24301,train
21110,train
52436,train
2196,train
36465,train
47489,train
830,train
11085,train
24776,train
16571,train
51499,train
38234,train
37936,train
8122,train
67819,train
48124,train
67949,train
40359,train
66875,train
59105,train
50984,train
29778,train
45325,train
10973,train
69786,train
14477,train
6496,train
3623,train
69782,train
64060,train
7064,train
30666,train
27279,train
65806,train
36940,train
17920,train
40473,train
11321,train
11426,train
58220,train
33903,train
62927,train
67762,train
13173,train
57562,train
15800,train
63740,train
13736,train
21368,train
4657,train
23395,train
67269,train
28448,train
40912,train
42368,train
7122,train
54084,train
44550,train
34142,train
63920,train
30393,train
69566,train
52018,train
54828,train
69525,train
42415,train
67137,train
61726,train
14551,train
11318,train
47356,train
30152,train
10072,train
6489,train
30315,train
65490,train
678,train
56404,train
41106,train
41265,train
6619,train
29409,train
40286,train
12307,train
3056,train
13988,train
69592,train
55338,train
14067,train
25409,train
51790,train
56310,train
1899,train
31086,train
42365,train
62337,train
50500,train
11362,train
35029,train
39999,train
7232,train
18322,train
8840,train
11101,train
49609,train
9674,train
54240,train
41867,train
68399,train
54481,train
54202,train
37282,train
17751,train
10721,train
22921,train
4915,train
68274,train
790,train
45637,train
18171,train
8410,train
56619,train
62573,train
40013,train
10162,train
39166,train
66650,train
48607,train
49238,train
56682,train
38286,train
50999,train
19429,train
33762,train
5437,train
38494,train
16727,train
24167,train
32631,train
59416,train
23463,train
64027,train
24444,train
2517,train
32815,train
22298,train
11222,train
25488,train
66821,train
21643,train
39535,train
38734,train
50049,train
7569,train
45042,train
51275,train
13233,train
49812,train
53387,train
9740,train
35689,train
17861,train
63468,train
51716,train
44191,train
23532,train
19139,train
34849,train
1057,train
25774,train
30947,train
5728,train
22323,train
50297,train
13905,train
65235,train
21167,train
54329,train
49249,train
66260,train
55777,train
38884,train
5934,train
33045,train
18061,train
65436,train
15207,train
23319,train
15751,train
63016,train
39992,train
70665,train
6161,train
588,train
60119,train
6895,train
61064,train
22345,train
65739,train
43890,train
47283,train
51162,train
22813,train
11052,train
31130,train
11941,train
9421,train
17673,train
20076,train
50184,train
69626,train
63735,train
22356,train
62159,train
38825,train
22210,train
22448,train
24578,train
59741,train
7102,train
10588,train
61183,train
39302,train
49911,train
11889,train
48207,train
20744,train
29482,train
34184,train
28455,train
40852,train
41277,train
70422,train
68365,train
57311,train
69454,train
48700,train
62262,train
18084,train
807,train
58451,train
35629,train
46800,train
51527,train
54860,train
21136,train
64343,train
9959,train
35315,train
8765,train
19192,train
21183,train
17767,train
17511,train
14774,train
61485,train
34689,train
41911,train
38039,train
56162,train
54242,train
36015,train
54389,train
35949,train
6935,train
60499,train
49228,train
66012,train
1082,train
28720,train
44617,train
18182,train
34048,train
550,train
7164,train
21751,train
3909,train
16601,train
46064,train
52639,train
64333,train
2578,train
37707,train
9990,train
50765,train
47820,train
13892,train
3354,train
13780,train
21570,train
70002,train
53757,train
40808,train
39802,train
2839,train
15828,train
30663,train
60989,train
59857,train
25083,train
11950,train
24122,train
13332,train
14468,train
2710,train
56151,train
25374,train
63208,train
1477,train
60678,train
46119,train
20592,train
14040,train
2979,train
38266,train
68749,train
66672,train
54542,train
61169,train
49614,train
22001,train
37546,train
58045,train
9726,train
64275,train
32537,train
61153,train
27910,train
17340,train
45277,train
23094,train
38331,train
41195,train
18581,train
44434,train
53243,train
70222,train
66245,train
69308,train
480,train
14341,train
37052,train
40741,train
34554,train
22749,train
62690,train
64512,train
127,train
25736,train
19371,train
46056,train
17624,train
65194,train
44459,train
33029,train
22893,train
42855,train
46045,train
58385,train
17215,train
35273,train
57323,train
36129,train
53523,train
41338,train
54318,train
24415,train
37137,train
64623,train
50276,train
64962,train
54717,train
29910,train
38627,train
1534,train
6450,train
10801,train
64034,train
40157,train
40922,train
30730,train
47130,train
38529,train
59003,train
45862,train
59406,train
9239,train
49424,train
49182,train
14123,train
52974,train
41823,train
46855,train
70175,train
21321,train
31039,train
39864,train
4365,train
24599,train
46821,train
63135,train
52125,train
59190,train
61666,train
42673,train
42378,train
20762,train
44728,train
59799,train
22629,train
36187,train
21689,train
56608,train
69143,train
62717,train
10773,train
19974,train
35397,train
12451,train
68931,train
20162,train
5944,train
29309,train
57424,train
20419,train
19832,train
44080,train
69476,train
5150,train
4468,train
64532,train
28883,train
18610,train
3418,train
57754,train
47912,train
44325,train
20680,train
70488,train
11329,train
22788,train
42346,train
7409,train
8269,train
49787,train
8520,train
63280,train
2608,train
22517,train
38847,train
36032,train
27375,train
14019,train
1286,train
64309,train
63,train
26427,train
67422,train
63576,train
70376,train
5118,train
51732,train
55596,train
62227,train
62718,train
35772,train
15638,train
47385,train
42934,train
36572,train
65750,train
66817,train
53291,train
45259,train
20688,train
9977,train
15470,train
35017,train
68665,train
42196,train
33144,train
5455,train
64342,train
40315,train
50606,train
30060,train
67656,train
7424,train
14857,train
50646,train
13567,train
17408,train
40052,train
63911,train
16628,train
55348,train
24062,train
26444,train
15959,train
60954,train
11934,train
12888,train
35871,train
13703,train
26528,train
60266,train
11764,train
38288,train
42654,train
17773,train
57097,train
56422,train
17108,train
28563,train
64811,train
9814,train
34718,train
35643,train
58624,train
65417,train
12934,train
63364,train
47181,train
22070,train
66947,train
46510,train
62640,train
42839,train
3091,train
39010,train
3129,train
2353,train
11121,train
12533,train
66088,train
40656,train
22507,train
65193,train
52967,train
13439,train
1850,train
33891,train
58282,train
24772,train
14397,train
47359,train
37686,train
4785,train
49708,train
51108,train
32869,train
59234,train
7304,train
41500,train
58194,train
66580,train
24111,train
38707,train
25968,train
46902,train
17613,train
9742,train
30883,train
32493,train
22934,train
37495,train
58416,train
44207,train
55704,train
20447,train
59843,train
40224,train
45800,train
42989,train
3096,train
35392,train
45248,train
13653,train
31886,train
42649,train
59587,train
36488,train
6890,train
34179,train
33591,train
10427,train
24554,train
33082,train
52052,train
12966,train
38846,train
66207,train
26039,train
21358,train
47992,train
15148,train
17222,train
15912,train
10326,train
44744,train
26113,train
47147,train
23595,train
28382,train
50892,train
14232,train
35863,train
11804,train
21343,train
62151,train
14528,train
38690,train
56307,train
13017,train
46810,train
36524,train
52743,train
64705,train
36869,train
24184,train
47294,train
2164,train
23756,train
22586,train
10832,train
7811,train
26876,train
8402,train
62786,train
25799,train
17071,train
47731,train
68299,train
21811,train
64066,train
13175,train
8703,train
9676,train
24478,train
30904,train
41024,train
31374,train
5964,train
1569,train
44122,train
27524,train
60796,train
35443,train
58305,train
57842,train
12425,train
58036,train
16886,train
8566,train
47201,train
40181,train
25391,train
4927,train
61004,train
43740,train
55265,train
6616,train
39192,train
24280,train
30926,train
56697,train
52322,train
68310,train
7570,train
64319,train
52373,train
39324,train
27223,train
30990,train
66050,train
37527,train
16787,train
6546,train
47802,train
1576,train
15899,train
43786,train
14601,train
43380,train
13442,train
13843,train
11406,train
67131,train
198,train
28098,train
6909,train
51935,train
65595,train
33410,train
10540,train
41832,train
61924,train
24710,train
22249,train
25212,train
47931,train
5539,train
11909,train
47252,train
21095,train
32597,train
4862,train
59113,train
5250,train
29266,train
53361,train
35624,train
39483,train
14579,train
15894,train
63147,train
54111,train
51526,train
70297,train
13512,train
57622,train
9471,train
25337,train
5833,train
22057,train
36778,train
19332,train
30113,train
67639,train
12704,train
57793,train
18658,train
10932,train
11238,train
68807,train
44849,train
35746,train
37081,train
52830,train
52033,train
30107,train
61147,train
14209,train
30177,train
10711,train
6242,train
13242,train
66395,train
58904,train
20559,train
54390,train
59701,train
61735,train
62973,train
25909,train
30823,train
60606,train
44375,train
47149,train
22447,train
65061,train
65916,train
3037,train
26860,train
55052,train
68070,train
69914,train
25113,train
32713,train
8304,train
2909,train
38897,train
27034,train
23582,train
48509,train
59622,train
46825,train
40141,train
12744,train
29235,train
51416,train
51489,train
4655,train
57672,train
317,train
65499,train
51776,train
64422,train
30039,train
59935,train
42186,train
40671,train
25276,train
33995,train
70010,train
58631,train
10211,train
39888,train
38578,train
55280,train
56279,train
1995,train
61072,train
35782,train
24031,train
35558,train
10612,train
68797,train
20757,train
45727,train
40233,train
52022,train
40558,train
8033,train
28282,train
12849,train
36363,train
7692,train
5070,train
67439,train
47453,train
3916,train
48926,train
46702,train
51142,train
25211,train
70545,train
50178,train
784,train
36070,train
54727,train
35470,train
63432,train
22262,train
19605,train
56722,train
11539,train
41933,train
1312,train
51603,train
15896,train
42837,train
70464,train
42345,train
36895,train
58735,train
68530,train
11277,train
24376,train
22425,train
46475,train
57922,train
53596,train
47153,train
38227,train
35634,train
39295,train
58797,train
13367,train
19892,train
27208,train
66759,train
67221,train
17513,train
21346,train
58768,train
70086,train
15145,train
1144,train
29416,train
66103,train
52381,train
22444,train
64744,train
57077,train
30821,train
24139,train
65642,train
64669,train
56756,train
50816,train
12640,train
69044,train
17432,train
22314,train
5513,train
12262,train
39670,train
54187,train
13125,train
17352,train
24522,train
51447,train
46692,train
53715,train
6608,train
26871,train
64676,train
55439,train
8931,train
53976,train
12758,train
39963,train
39635,train
65982,train
55816,train
4244,train
51079,train
61592,train
20962,train
42387,train
37882,train
8120,train
46304,train
11034,train
14142,train
59441,train
18569,train
33865,train
24914,train
57045,train
38845,train
38217,train
25746,train
8392,train
24505,train
29725,train
46476,train
22824,train
11455,train
31515,train
52806,train
9935,train
65932,train
46752,train
35995,train
61718,train
18961,train
47258,train
20023,train
22349,train
44044,train
13520,train
14997,train
31222,train
62991,train
6232,train
70516,train
34914,train
49910,train
51818,train
46427,train
23434,train
41422,train
65812,train
11989,train
12509,train
20423,train
61801,train
35111,train
66289,train
1778,train
14335,train
32467,train
46036,train
69583,train
50870,train
28854,train
17434,train
45202,train
56623,train
49147,train
20723,train
63090,train
62630,train
53793,train
21513,train
34728,train
50133,train
62783,train
11965,train
12325,train
48807,train
17708,train
27038,train
55521,train
56970,train
11534,train
15290,train
38393,train
61794,train
23098,train
4073,train
12505,train
19670,train
43433,train
52478,train
60872,train
14126,train
33962,train
20289,train
25040,train
42214,train
31915,train
40139,train
9710,train
43547,train
30911,train
1132,train
27127,train
19479,train
56319,train
45156,train
12396,train
12950,train
57692,train
10819,train
66917,train
69236,train
23421,train
53063,train
68214,train
39937,train
5646,train
56348,train
54451,train
4610,train
68794,train
46964,train
41508,train
3355,train
23570,train
19315,train
20038,train
26172,train
43806,train
27053,train
46872,train
66511,train
49627,train
47157,train
52694,train
39591,train
2271,train
37149,train
59404,train
35908,train
35636,train
32912,train
20203,train
18102,train
53172,train
30199,train
32488,train
54360,train
15453,train
54015,train
35249,train
8800,train
65153,train
31865,train
23998,train
6840,train
13504,train
47109,train
24144,train
40033,train
5293,train
39173,train
211,train
64910,train
62759,train
26369,train
25865,train
9890,train
12457,train
26294,train
11370,train
63951,train
3917,train
31397,train
38834,train
32474,train
15911,train
32853,train
1965,train
69766,train
32226,train
63438,train
6749,train
7786,train
55971,train
34945,train
28585,train
3109,train
40628,train
26360,train
41968,train
7605,train
29840,train
5087,train
26059,train
25911,train
54905,train
58390,train
10201,train
8777,train
25279,train
35893,train
48006,train
52420,train
15698,train
10733,train
4030,train
1675,train
68937,train
45828,train
64350,train
30927,train
39241,train
5027,train
29814,train
19596,train
27933,train
11890,train
9095,train
32820,train
22960,train
16757,train
34534,train
7463,train
38346,train
16407,train
6415,train
20933,train
49551,train
9261,train
43021,train
66254,train
17623,train
41478,train
7709,train
17421,train
67314,train
38718,train
2305,train
34815,train
2924,train
11931,train
64613,train
7178,train
176,train
5503,train
12872,train
8811,train
6080,train
20327,train
47257,train
61828,train
50990,train
3077,train
34584,train
66975,train
22260,train
52769,train
62221,train
29325,train
31668,train
23195,train
3108,train
4354,train
39168,train
65190,train
51368,train
55548,train
55408,train
22179,train
8411,train
59952,train
36210,train
39048,train
1938,train
9513,train
69144,train
61512,train
16092,train
6041,train
14714,train
259,train
53551,train
56329,train
34888,train
12889,train
49927,train
44253,train
4886,train
12008,train
16077,train
22641,train
3305,train
59490,train
1092,train
45176,train
41414,train
57467,train
68069,train
1462,train
44441,train
19082,train
43360,train
59505,train
28287,train
39981,train
53132,train
14423,train
43757,train
49253,train
13789,train
41211,train
54875,train
56065,train
39167,train
22887,train
15599,train
47317,train
43491,train
8751,train
45422,train
38893,train
27550,train
38223,train
39466,train
52305,train
22732,train
23962,train
11832,train
46910,train
60257,train
24734,train
608,train
15784,train
2328,train
32898,train
24689,train
26118,train
52749,train
7188,train
47325,train
11874,train
32353,train
31790,train
17012,train
3332,train
22246,train
54139,train
50847,train
48573,train
31602,train
48279,train
9961,train
16674,train
65940,train
56609,train
1635,train
62330,train
63659,train
16944,train
56153,train
33847,train
29590,train
43533,train
32644,train
69350,train
56614,train
24821,train
18222,train
402,train
19830,train
51952,train
57745,train
66280,train
39020,train
42372,train
18871,train
42176,train
63617,train
24724,train
19731,train
58578,train
34975,train
17515,train
2490,train
10158,train
44170,train
64753,train
13465,train
13688,train
41476,train
10527,train
56837,train
51479,train
61440,train
24468,train
30942,train
11209,train
8369,train
56698,train
11136,train
17124,train
57942,train
15089,train
41139,train
9066,train
50893,train
19647,train
40957,train
30050,train
37019,train
3975,train
23037,train
60808,train
18847,train
5109,train
62386,train
10631,train
464,train
22404,train
68775,train
60234,train
14926,train
63318,train
30982,train
32923,train
20400,train
62810,train
34263,train
27458,train
51900,train
15715,train
34068,train
5562,train
1908,train
56851,train
65887,train
36721,train
1826,train
34248,train
36578,train
5604,train
49053,train
56200,train
47087,train
45441,train
11149,train
37537,train
54046,train
4221,train
12048,train
28777,train
18346,train
29229,train
55200,train
10284,train
60260,train
66445,train
65323,train
55897,train
43998,train
11762,train
8542,train
33461,train
422,train
52180,train
10558,train
55920,train
27775,train
6175,train
57324,train
22683,train
21470,train
8803,train
2165,train
61160,train
24521,train
50292,train
33226,train
39948,train
7522,train
41678,train
52977,train
48951,train
43289,train
36702,train
10892,train
33797,train
27114,train
6859,train
40882,train
46843,train
63207,train
43899,train
29420,train
27098,train
61540,train
6755,train
54800,train
34823,train
70460,train
27235,train
28232,train
6367,train
44669,train
11298,train
19803,train
53108,train
59804,train
10812,train
29063,train
39539,train
60363,train
13640,train
25788,train
48508,train
24567,train
70427,train
50681,train
17653,train
25273,train
55736,train
48341,train
18000,train
49930,train
31290,train
64664,train
14781,train
19276,train
67714,train
23860,train
2879,train
68369,train
26421,train
8143,train
31571,train
17737,train
10026,train
50309,train
64880,train
33471,train
28713,train
22662,train
7096,train
39464,train
40839,train
65727,train
51111,train
4376,train
64380,train
3224,train
34529,train
67284,train
1038,train
44969,train
44549,train
21540,train
21043,train
12314,train
2636,train
21552,train
62063,train
27977,train
43934,train
66206,train
9768,train
23676,train
32501,train
32654,train
8212,train
2142,train
6984,train
53149,train
59251,train
30194,train
2811,train
56193,train
68086,train
49642,train
35254,train
34504,train
27480,train
26934,train
41238,train
41556,train
21679,train
4601,train
1422,train
2054,train
69207,train
66815,train
30218,train
5061,train
60630,train
67372,train
32944,train
25793,train
44882,train
42830,train
14643,train
1466,train
67769,train
58975,train
55019,train
5732,train
19561,train
29167,train
27839,train
37606,train
33660,train
12527,train
41856,train
7036,train
38269,train
3765,train
6653,train
42719,train
39479,train
20702,train
25609,train
19045,train
68002,train
15969,train
38320,train
17667,train
42723,train
56237,train
32932,train
44866,train
42620,train
41080,train
45881,train
12610,train
47991,train
61291,train
30830,train
11662,train
29896,train
631,train
45852,train
52793,train
13714,train
29273,train
56353,train
24087,train
56289,train
28269,train
65107,train
62687,train
51714,train
63753,train
24537,train
60648,train
44125,train
26716,train
25515,train
44150,train
60096,train
4976,train
50650,train
29781,train
26795,train
54317,train
61441,train
37891,train
27788,train
6111,train
56139,train
44713,train
62741,train
23242,train
7821,train
37734,train
60492,train
14158,train
3640,train
12810,train
49420,train
10564,train
24532,train
64677,train
2990,train
69173,train
38262,train
33902,train
29866,train
63129,train
68424,train
13538,train
8679,train
31132,train
49161,train
47681,train
11633,train
59098,train
6783,train
57641,train
24643,train
56336,train
51374,train
37243,train
29462,train
28789,train
3605,train
20494,train
48493,train
11521,train
58004,train
27343,train
12187,train
43838,train
29829,train
29472,train
11470,train
43336,train
49628,train
37193,train
61216,train
15033,train
37348,train
49688,train
47957,train
20853,train
23966,train
60007,train
21064,train
2248,train
19952,train
67731,train
11116,train
13426,train
6590,train
18579,train
17634,train
62999,train
67444,train
1454,train
24242,train
42710,train
10383,train
40465,train
36655,train
3911,train
7728,train
24248,train
35424,train
14654,train
26448,train
61377,train
49973,train
7083,train
163,train
14224,train
15907,train
48973,train
63214,train
45864,train
15037,train
58528,train
63915,train
31195,train
43192,train
64174,train
50897,train
49286,train
49083,train
50749,train
56659,train
53410,train
57219,train
32692,train
53665,train
28710,train
22392,train
58753,train
15748,train
65025,train
18450,train
43510,train
8808,train
63473,train
33836,train
64046,train
51069,train
15850,train
58116,train
58224,train
60897,train
10369,train
49870,train
64897,train
45345,train
37512,train
63824,train
45802,train
11921,train
13100,train
36704,train
51736,train
24581,train
24923,train
18436,train
37384,train
15854,train
12638,train
52287,train
68855,train
41538,train
6504,train
61766,train
13492,train
59100,train
35469,train
59060,train
7127,train
19424,train
62001,train
67495,train
39624,train
33262,train
70479,train
7974,train
53080,train
13330,train
11792,train
27638,train
13996,train
37863,train
2911,train
37704,train
63787,train
24171,train
53228,train
46971,train
1784,train
3009,train
26121,train
15097,train
32929,train
27210,train
37289,train
68147,train
45961,train
65747,train
51008,train
11610,train
30138,train
56013,train
19829,train
4097,train
36706,train
14851,train
10609,train
62023,train
11654,train
49691,train
66079,train
29018,train
10085,train
26690,train
16062,train
67231,train
47960,train
57065,train
35675,train
38304,train
55250,train
26157,train
48671,train
21389,train
47995,train
41357,train
4879,train
39393,train
55165,train
40396,train
63201,train
45545,train
3521,train
66119,train
18812,train
35089,train
61854,train
10492,train
4011,train
39210,train
42235,train
66904,train
47154,train
42938,train
11592,train
28775,train
69785,train
48510,train
62654,train
3064,train
39697,train
8585,train
49684,train
65477,train
63509,train
32930,train
58170,train
14367,train
21204,train
18181,train
4218,train
25055,train
67433,train
16085,train
27710,train
39634,train
30972,train
42207,train
4633,train
33564,train
32549,train
17411,train
38896,train
36311,train
20376,train
19802,train
37842,train
59418,train
48571,train
5662,train
49416,train
15549,train
46744,train
23799,train
58817,train
9562,train
45939,train
43769,train
52231,train
35063,train
19806,train
1257,train
22626,train
63357,train
66070,train
23602,train
19630,train
63265,train
59707,train
4993,train
51991,train
4446,train
40536,train
49758,train
30245,train
14848,train
55828,train
29921,train
35892,train
67644,train
48855,train
24754,train
62877,train
48036,train
19821,train
44364,train
3219,train
42425,train
53041,train
20990,train
12756,train
21192,train
41636,train
40225,train
53458,train
52803,train
44319,train
62815,train
24907,train
60834,train
25030,train
16830,train
9491,train
4620,train
44280,train
62138,train
65340,train
12193,train
25863,train
18606,train
52273,train
48169,train
54306,train
43121,train
37939,train
55435,train
12844,train
47092,train
28115,train
54694,train
33105,train
18334,train
47633,train
40430,train
19666,train
31633,train
27067,train
49146,train
21551,train
37340,train
19415,train
66618,train
37887,train
23565,train
57114,train
11490,train
48420,train
18075,train
17585,train
11685,train
43265,train
51679,train
11432,train
15282,train
19725,train
27466,train
38377,train
48791,train
7061,train
41392,train
153,train
31491,train
24145,train
52041,train
65035,train
152,train
52736,train
27260,train
33508,train
53960,train
68764,train
40106,train
54506,train
53709,train
9956,train
45869,train
36550,train
26027,train
44077,train
59326,train
3182,train
20861,train
69679,train
21526,train
10900,train
49397,train
51065,train
27547,train
37167,train
31888,train
990,train
25087,train
23323,train
58241,train
68182,train
66470,train
40792,train
14966,train
65272,train
34379,train
67793,train
21587,train
61580,train
8941,train
60560,train
62458,train
14550,train
68232,train
22633,train
65216,train
43994,train
29713,train
65757,train
54321,train
16052,train
1407,train
55500,train
27938,train
52552,train
44723,train
54419,train
62919,train
41231,train
13211,train
32067,train
27391,train
46854,train
37349,train
58868,train
12130,train
50682,train
32105,train
18547,train
59728,train
46703,train
28726,train
29602,train
19921,train
68863,train
69381,train
32531,train
29804,train
48025,train
1435,train
57209,train
22317,train
52725,train
22829,train
24744,train
41690,train
36252,train
65988,train
30166,train
46552,train
66168,train
28727,train
49510,train
21475,train
4849,train
34040,train
65540,train
20799,train
58078,train
36495,train
14411,train
30507,train
40634,train
15385,train
27612,train
48995,train
48646,train
58272,train
12622,train
5133,train
67457,train
63206,train
1792,train
4754,train
2107,train
41207,train
44152,train
69755,train
25717,train
42755,train
66416,train
61660,train
56690,train
63989,train
25288,train
22065,train
66855,train
26510,train
66559,train
62431,train
69494,train
65202,train
3517,train
45673,train
50788,train
54155,train
59589,train
56114,train
70074,train
50648,train
51511,train
22942,train
18878,train
51417,train
5599,train
44328,train
29939,train
60615,train
27806,train
41828,train
34307,train
11828,train
44148,train
58345,train
14161,train
12010,train
27197,train
43153,train
27103,train
1511,train
26161,train
59120,train
25482,train
2284,train
44228,train
50743,train
11493,train
33627,train
8500,train
21376,train
65369,train
70674,train
6545,train
57067,train
29830,train
39831,train
39842,train
31400,train
11060,train
68317,train
65440,train
43662,train
69305,train
32529,train
41491,train
67408,train
560,train
8053,train
14581,train
24970,train
58082,train
24591,train
51771,train
33841,train
2508,train
21246,train
30817,train
29594,train
2928,train
19481,train
54852,train
37229,train
65011,train
46247,train
13902,train
29184,train
9403,train
9875,train
43762,train
55871,train
9152,train
47158,train
37956,train
2154,train
30015,train
9729,train
29432,train
66760,train
50474,train
36491,train
1634,train
47899,train
11208,train
54575,train
53469,train
13906,train
38284,train
67381,train
28653,train
50477,train
40950,train
1434,train
40345,train
59364,train
36796,train
22998,train
57224,train
67952,train
34811,train
21716,train
35700,train
10483,train
58273,train
34542,train
44917,train
20271,train
62343,train
39151,train
37102,train
67166,train
30478,train
13705,train
46719,train
37255,train
33494,train
50562,train
25518,train
15893,train
48282,train
4722,train
63143,train
68255,train
25408,train
65781,train
3469,train
39662,train
8879,train
63241,train
66516,train
43126,train
59010,train
54720,train
60816,train
66776,train
40523,train
38087,train
59245,train
64615,train
21835,train
16006,train
34326,train
46303,train
57261,train
39759,train
2564,train
50556,train
30556,train
20354,train
18486,train
58266,train
25225,train
59564,train
9576,train
26559,train
5844,train
29872,train
27186,train
58816,train
27956,train
1767,train
43664,train
1630,train
34883,train
28377,train
5331,train
16468,train
48391,train
32333,train
54358,train
69177,train
37951,train
33303,train
17461,train
39260,train
12909,train
38659,train
44772,train
17446,train
27295,train
34060,train
46759,train
29981,train
30626,train
63840,train
30079,train
65721,train
2958,train
48495,train
22751,train
32036,train
49680,train
18892,train
4622,train
65912,train
58995,train
38989,train
64521,train
35326,train
58086,train
14403,train
64015,train
21240,train
44225,train
5252,train
49813,train
14970,train
15798,train
25033,train
70493,train
6460,train
2000,train
1586,train
3759,train
11712,train
69138,train
49730,train
51755,train
55419,train
28623,train
64541,train
9382,train
39476,train
342,train
62719,train
22073,train
50670,train
56396,train
63823,train
17596,train
9294,train
42054,train
39280,train
40442,train
51356,train
7902,train
12665,train
40505,train
53390,train
46841,train
59294,train
13460,train
47598,train
31921,train
29545,train
51420,train
25908,train
1878,train
48410,train
3227,train
16373,train
49802,train
11992,train
61205,train
27123,train
10498,train
20453,train
34485,train
63125,train
50370,train
62339,train
19695,train
30767,train
7500,train
22854,train
40389,train
29972,train
25084,train
16926,train
49032,train
13880,train
10735,train
66063,train
23896,train
33882,train
69253,train
66773,train
63418,train
13687,train
2143,train
4160,train
53026,train
53583,train
16798,train
66524,train
42287,train
45784,train
54620,train
18112,train
6076,train
24447,train
66775,train
2984,train
4382,train
20519,train
65594,train
14968,train
24664,train
37712,train
1408,train
3237,train
15194,train
63021,train
68004,train
15697,train
19988,train
68715,train
5739,train
53441,train
47703,train
44034,train
55631,train
47088,train
34140,train
351,train
66242,train
54687,train
15141,train
69276,train
16183,train
8230,train
68237,train
45711,train
18240,train
24000,train
10414,train
40672,train
46937,train
17685,train
38368,train
54452,train
67689,train
27359,train
54929,train
60889,train
62698,train
57939,train
21846,train
10508,train
24205,train
35967,train
6611,train
31851,train
17960,train
12280,train
41151,train
30758,train
37158,train
22877,train
32686,train
3788,train
57768,train
55770,train
23928,train
56998,train
53929,train
41121,train
32142,train
64951,train
67315,train
59621,train
23492,train
18357,train
32262,train
51440,train
56588,train
14898,train
17035,train
34940,train
33151,train
12661,train
28885,train
29868,train
2268,train
25224,train
58183,train
50629,train
14393,train
36046,train
16899,train
16764,train
55081,train
6364,train
7310,train
54670,train
17394,train
39622,train
38250,train
4346,train
58776,train
63133,train
7082,train
28872,train
25595,train
56395,train
54650,train
42525,train
3755,train
67241,train
7899,train
65943,train
45757,train
48362,train
20712,train
29541,train
19754,train
38579,train
49995,train
34161,train
30410,train
8778,train
42772,train
2730,train
65197,train
61814,train
57632,train
14245,train
12323,train
56049,train
62758,train
16411,train
57269,train
20915,train
69418,train
12795,train
33006,train
58046,train
66593,train
32442,train
55468,train
58548,train
28913,train
45506,train
67554,train
14948,train
62787,train
618,train
61094,train
22694,train
43071,train
64085,train
5671,train
7674,train
39876,train
48891,train
44706,train
42068,train
45074,train
30155,train
35726,train
46082,train
33802,train
45609,train
13987,train
4298,train
70620,train
62986,train
68349,train
40679,train
28850,train
55930,train
47765,train
31700,train
52214,train
63113,train
57245,train
58924,train
49026,train
57313,train
66540,train
48580,train
9106,train
40347,train
20838,train
38941,train
10080,train
45674,train
59988,train
56228,train
39658,train
12173,train
55123,train
12208,train
5421,train
35764,train
17430,train
34033,train
68393,train
46987,train
68659,train
13810,train
30759,train
60623,train
22061,train
24150,train
52443,train
23271,train
41750,train
34217,train
18143,train
3796,train
31299,train
40740,train
13560,train
43398,train
57629,train
52056,train
69170,train
7375,train
8965,train
49170,train
35467,train
46933,train
12298,train
3986,train
5828,train
48828,train
55965,train
25302,train
34382,train
15780,train
13168,train
42254,train
63332,train
19092,train
48136,train
23391,train
55518,train
61128,train
58822,train
49353,train
56501,train
21989,train
32836,train
33224,train
49455,train
16784,train
18042,train
59309,train
51563,train
69390,train
55410,train
63780,train
64891,train
42744,train
57616,train
32691,train
10531,train
3468,train
43919,train
13920,train
36261,train
34647,train
24477,train
12440,train
29722,train
6758,train
58734,train
54910,train
43494,train
60764,train
9784,train
11990,train
44480,train
66940,train
30764,train
2985,train
22393,train
48019,train
41943,train
48643,train
69681,train
69421,train
53755,train
8372,train
43089,train
70264,train
15160,train
54783,train
69448,train
47668,train
19888,train
3666,train
37854,train
2445,train
7602,train
36600,train
62928,train
58764,train
14639,train
48467,train
36480,train
49563,train
47934,train
21004,train
36161,train
56270,train
64116,train
50411,train
54492,train
48733,train
32180,train
67497,train
57953,train
27056,train
48788,train
47819,train
43183,train
43717,train
57073,train
30836,train
28717,train
24848,train
21054,train
61084,train
4440,train
37909,train
58275,train
24555,train
53052,train
7515,train
23790,train
66143,train
39891,train
31550,train
35422,train
37201,train
17023,train
38891,train
7037,train
51532,train
44986,train
56645,train
35025,train
19644,train
58454,train
12019,train
17088,train
67872,train
43509,train
11594,train
9724,train
42447,train
66706,train
43661,train
52716,train
64177,train
37970,train
6976,train
36104,train
54967,train
13025,train
66072,train
36835,train
51522,train
21807,train
11266,train
63778,train
43549,train
13731,train
24530,train
6189,train
68785,train
55530,train
59748,train
11598,train
19718,train
9652,train
54901,train
20409,train
8835,train
36907,train
60333,train
69408,train
26164,train
7094,train
53854,train
62533,train
65547,train
10188,train
10858,train
37206,train
21990,train
51384,train
45350,train
66664,train
66336,train
70001,train
2851,train
53278,train
32670,train
30114,train
5989,train
65041,train
47917,train
2745,train
64692,train
48827,train
32026,train
69362,train
6331,train
4876,train
45191,train
3358,train
41264,train
42556,train
37570,train
51461,train
63601,train
57870,train
4532,train
8602,train
70385,train
15123,train
20676,train
50138,train
4605,train
48365,train
62264,train
5167,train
59425,train
28456,train
13013,train
9931,train
49704,train
43707,train
2780,train
34704,train
42639,train
13540,train
2112,train
54463,train
53827,train
15078,train
10464,train
39875,train
18013,train
59535,train
4478,train
43320,train
24842,train
36508,train
49514,train
11461,train
34235,train
25223,train
58551,train
54668,train
45766,train
34268,train
11342,train
66376,train
25720,train
28492,train
56038,train
27515,train
3700,train
5763,train
50071,train
34729,train
244,train
33024,train
47864,train
30721,train
57973,train
21718,train
10167,train
57396,train
42011,train
57993,train
59015,train
60067,train
41214,train
19445,train
52218,train
26773,train
26580,train
4331,train
709,train
47891,train
14292,train
26886,train
17099,train
65798,train
49546,train
15708,train
4112,train
49881,train
41916,train
47058,train
65637,train
773,train
39545,train
7722,train
54786,train
58630,train
68827,train
50833,train
37051,train
37675,train
28697,train
46934,train
36830,train
51012,train
50384,train
55203,train
29812,train
3961,train
70194,train
19893,train
22258,train
20936,train
19777,train
57402,train
52455,train
60863,train
41899,train
45593,train
44447,train
39135,train
28336,train
56053,train
66814,train
35518,train
70042,train
12496,train
22855,train
18998,train
59875,train
60903,train
43197,train
38907,train
40393,train
6177,train
38443,train
59585,train
32966,train
1505,train
37146,train
14130,train
55581,train
43188,train
8617,train
67175,train
23973,train
59383,train
59310,train
45511,train
48774,train
57091,train
68945,train
64533,train
964,train
58476,train
33516,train
56118,train
57214,train
39445,train
49542,train
61943,train
25648,train
9212,train
25766,train
15472,train
49116,train
11731,train
70475,train
68995,train
69092,train
51515,train
59424,train
7888,train
27609,train
63863,train
48044,train
52872,train
23117,train
25920,train
13794,train
35136,train
14957,train
47737,train
58016,train
32332,train
16383,train
27994,train
60336,train
17319,train
38521,train
41652,train
52645,train
47907,train
16120,train
50214,train
13404,train
536,train
69321,train
66896,train
26607,train
70121,train
22297,train
23152,train
34984,train
2611,train
40118,train
62201,train
36018,train
3512,train
35230,train
13156,train
46604,train
59481,train
1062,train
15364,train
22782,train
679,train
13539,train
81,train
27203,train
58113,train
27919,train
43545,train
36978,train
57559,train
57147,train
57792,train
31083,train
5858,train
29009,train
62410,train
27800,train
16169,train
26216,train
14934,train
58738,train
7263,train
52131,train
26004,train
24413,train
51239,train
8828,train
15180,train
27004,train
36825,train
58300,train
16551,train
17729,train
58302,train
13525,train
31358,train
24196,train
40947,train
24486,train
28016,train
33133,train
55099,train
55354,train
996,train
50754,train
75,train
54385,train
35037,train
7911,train
69338,train
65491,train
32717,train
35809,train
46202,train
49124,train
5226,train
14366,train
37511,train
35819,train
26241,train
61388,train
28739,train
7261,train
27124,train
52934,train
27442,train
2945,train
48258,train
61302,train
50452,train
61119,train
56643,train
30854,train
17077,train
59751,train
3923,train
28696,train
58469,train
7890,train
9214,train
16163,train
44573,train
20130,train
57004,train
60481,train
295,train
33665,train
56360,train
37212,train
24093,train
55728,train
64940,train
44444,train
59203,train
6983,train
33221,train
41709,train
12905,train
62508,train
61399,train
45159,train
25957,train
25344,train
60689,train
68196,train
52648,train
58745,train
49880,train
60776,train
1102,train
16819,train
55187,train
38236,train
36012,train
67333,train
46290,train
41563,train
23175,train
16578,train
70641,train
34333,train
58787,train
13443,train
51663,train
21898,train
8044,train
15064,train
21277,train
429,train
17856,train
14485,train
61468,train
13463,train
28853,train
53688,train
19059,train
2968,train
47875,train
67114,train
3860,train
21554,train
40206,train
2024,train
35789,train
43445,train
5902,train
19701,train
5083,train
26061,train
55159,train
56405,train
55715,train
19379,train
33989,train
57771,train
46635,train
45580,train
56231,train
51702,train
37889,train
43095,train
60553,train
62332,train
9167,train
33210,train
66427,train
24368,train
40480,train
43255,train
65404,train
52482,train
11525,train
57929,train
9958,train
67134,train
57287,train
70428,train
25217,train
6257,train
68283,train
41085,train
45916,train
14185,train
38452,train
12793,train
69080,train
57534,train
30444,train
5088,train
48005,train
35337,train
957,train
34821,train
44153,train
37866,train
23654,train
52334,train
47470,train
46648,train
58062,train
13872,train
36390,train
51034,train
35877,train
70564,train
15904,train
14908,train
39766,train
60380,train
14267,train
32926,train
67700,train
8112,train
39613,train
54751,train
43824,train
60455,train
4831,train
20873,train
53780,train
18899,train
29282,train
58511,train
59732,train
5541,train
51945,train
22124,train
18422,train
18496,train
66419,train
38385,train
59457,train
2861,train
23652,train
53374,train
49878,train
38224,train
9528,train
36596,train
66636,train
41053,train
21426,train
63261,train
59864,train
30075,train
36298,train
18810,train
38920,train
58033,train
60093,train
9111,train
11928,train
18438,train
61239,train
434,train
22817,train
52140,train
27756,train
11443,train
49754,train
6309,train
48179,train
65013,train
15116,train
55184,train
19642,train
27401,train
64481,train
45362,train
31107,train
47028,train
63212,train
40254,train
50446,train
18575,train
68766,train
2814,train
19254,train
59940,train
69086,train
44437,train
6918,train
23410,train
60285,train
60841,train
48833,train
38767,train
37653,train
48881,train
46123,train
24401,train
8012,train
50248,train
37499,train
57840,train
55342,train
18241,train
16310,train
61740,train
46512,train
24882,train
24284,train
8445,train
67050,train
14025,train
60513,train
18559,train
51513,train
569,train
48488,train
5982,train
67803,train
21317,train
33804,train
63152,train
23740,train
8651,train
56537,train
32241,train
40871,train
54865,train
36091,train
24153,train
25379,train
19032,train
5225,train
47308,train
33145,train
14623,train
37883,train
48991,train
54134,train
22557,train
39047,train
59569,train
36164,train
68693,train
41086,train
13775,train
3189,train
11425,train
19897,train
8760,train
17756,train
68470,train
10102,train
31007,train
5534,train
10143,train
48287,train
45307,train
42939,train
58857,train
39667,train
22476,train
26725,train
48399,train
34368,train
60979,train
28357,train
4227,train
12711,train
35562,train
44962,train
37637,train
68674,train
50188,train
12814,train
19248,train
22164,train
53683,train
61078,train
2299,train
60486,train
63976,train
37981,train
37078,train
57022,train
47625,train
52792,train
44992,train
51786,train
13246,train
66955,train
68925,train
3637,train
35040,train
56019,train
41964,train
51060,train
23068,train
10319,train
61342,train
45403,train
32477,train
18273,train
65876,train
23643,train
4600,train
13620,train
60656,train
9781,train
32025,train
48302,train
1189,train
54022,train
64171,train
13288,train
52282,train
56807,train
54186,train
27373,train
30850,train
51306,train
65396,train
2602,train
66674,train
51661,train
12297,train
63317,train
50389,train
63751,train
11665,train
50775,train
64329,train
48460,train
58327,train
34685,train
1064,train
26031,train
7332,train
27276,train
31001,train
31612,train
45383,train
13167,train
70130,train
41782,train
34030,train
33255,train
64529,train
893,train
38137,train
40538,train
1690,train
50063,train
49080,train
65719,train
64592,train
15074,train
18890,train
43929,train
4447,train
31108,train
41621,train
69069,train
31284,train
43068,train
6023,train
5668,train
9187,train
70021,train
31516,train
58369,train
59478,train
69759,train
26182,train
26835,train
15819,train
61317,train
45928,train
44979,train
41992,train
13331,train
37656,train
52329,train
3424,train
31841,train
12907,train
31041,train
26175,train
39105,train
29634,train
44579,train
24696,train
55384,train
51386,train
55908,train
48606,train
26235,train
25404,train
22331,train
9746,train
44941,train
12873,train
18288,train
40133,train
26256,train
42797,train
19838,train
877,train
28251,train
5496,train
11145,train
46210,train
36103,train
1110,train
66978,train
26702,train
57291,train
13007,train
52181,train
24540,train
27720,train
22627,train
62070,train
4124,train
49209,train
47857,train
31959,train
18624,train
1686,train
48600,train
68105,train
70500,train
43663,train
43262,train
57204,train
61684,train
2342,train
9512,train
52815,train
64728,train
33616,train
65246,train
68616,train
55564,train
37308,train
38282,train
11253,train
44294,train
29918,train
54537,train
7835,train
65098,train
44596,train
36400,train
61372,train
11418,train
45268,train
42087,train
10196,train
16618,train
33352,train
35231,train
12093,train
57057,train
52574,train
32977,train
54103,train
21576,train
38864,train
58828,train
13161,train
13990,train
46636,train
68690,train
25319,train
20068,train
4788,train
36652,train
11451,train
23923,train
3246,train
8739,train
47388,train
26281,train
26972,train
38879,train
30028,train
39850,train
29719,train
24191,train
15226,train
65019,train
63420,train
39141,train
37109,train
27030,train
54633,train
61295,train
3561,train
51762,train
50959,train
734,train
7184,train
62129,train
21968,train
56394,train
7163,train
5546,train
66724,train
2123,train
41845,train
23282,train
17606,train
14062,train
17702,train
15082,train
68845,train
35738,train
38686,train
11563,train
8817,train
36840,train
40270,train
62469,train
43638,train
23738,train
28096,train
6982,train
37339,train
40259,train
64758,train
30993,train
43936,train
49895,train
67982,train
11033,train
42390,train
23671,train
31967,train
60430,train
49258,train
58436,train
59384,train
6131,train
20733,train
16433,train
57312,train
54175,train
29670,train
47008,train
67645,train
15944,train
49246,train
50655,train
19505,train
52490,train
15008,train
9354,train
40629,train
41389,train
15437,train
20342,train
60712,train
38741,train
41065,train
54058,train
51418,train
39761,train
45886,train
60801,train
68823,train
4858,train
37612,train
25748,train
24592,train
43675,train
63556,train
52951,train
15482,train
42883,train
64523,train
15023,train
59970,train
18607,train
53284,train
5050,train
24168,train
51363,train
4038,train
1604,train
32540,train
38514,train
29730,train
50587,train
59612,train
11591,train
20965,train
30594,train
13254,train
58235,train
64038,train
43078,train
58089,train
16078,train
50767,train
4297,train
19998,train
54027,train
28772,train
47095,train
61242,train
69357,train
11636,train
42400,train
35408,train
35458,train
3071,train
34961,train
37841,train
56385,train
43342,train
19179,train
6945,train
15281,train
21918,train
9402,train
6917,train
39573,train
45056,train
15589,train
41691,train
69554,train
25004,train
53837,train
28642,train
51294,train
56914,train
44337,train
38520,train
63887,train
12710,train
62948,train
61638,train
19259,train
13699,train
61422,train
21234,train
42893,train
29964,train
41405,train
31559,train
32502,train
47756,train
1781,train
31942,train
43514,train
6234,train
50988,train
6533,train
60005,train
67739,train
58805,train
3771,train
59639,train
12857,train
21792,train
52300,train
15623,train
43866,train
7010,train
38203,train
19008,train
33234,train
43007,train
69913,train
12438,train
11154,train
35194,train
7860,train
24261,train
10678,train
24743,train
59367,train
17922,train
65106,train
69524,train
52993,train
60880,train
17223,train
23789,train
29845,train
1416,train
68709,train
43159,train
2481,train
51026,train
8721,train
6786,train
40863,train
56531,train
13641,train
7363,train
45690,train
68724,train
272,train
60739,train
48115,train
31133,train
51721,train
11495,train
25421,train
60331,train
64285,train
20567,train
49354,train
26481,train
67577,train
23253,train
10739,train
58204,train
65752,train
37163,train
4461,train
28604,train
8776,train
59550,train
70549,train
38167,train
9557,train
46316,train
24939,train
6126,train
56484,train
60687,train
13150,train
59081,train
48654,train
16637,train
30104,train
51912,train
38538,train
61663,train
47561,train
50361,train
44532,train
61574,train
35006,train
15457,train
37730,train
10015,train
9804,train
38591,train
38077,train
53680,train
29486,train
48694,train
49847,train
25164,train
23843,train
67198,train
22075,train
38454,train
40688,train
63572,train
17732,train
13761,train
70525,train
34536,train
68984,train
28041,train
32004,train
55209,train
24416,train
33711,train
24709,train
291,train
61521,train
38106,train
63731,train
2150,train
37482,train
7553,train
12206,train
56568,train
67792,train
31589,train
10924,train
19465,train
17342,train
10246,train
387,train
4530,train
64185,train
62481,train
45094,train
22119,train
57414,train
8000,train
5817,train
32139,train
32981,train
55454,train
62477,train
50314,train
15405,train
41924,train
20278,train
50089,train
43776,train
40970,train
46354,train
49144,train
53944,train
11021,train
28164,train
31346,train
2277,train
13690,train
3657,train
70477,train
63984,train
5512,train
20892,train
66505,train
53708,train
67919,train
12685,train
42720,train
46768,train
33240,train
25289,train
54215,train
25685,train
45409,train
14207,train
30048,train
27599,train
29760,train
65955,train
25714,train
31126,train
4591,train
34396,train
26870,train
43185,train
24326,train
33851,train
59816,train
21447,train
31613,train
16331,train
10194,train
69148,train
43869,train
23275,train
65860,train
8242,train
8301,train
62913,train
54968,train
27431,train
11657,train
54777,train
38416,train
50302,train
60444,train
49527,train
22035,train
36359,train
64381,train
65389,train
65388,train
1741,train
59618,train
52392,train
68498,train
69098,train
2226,train
56483,train
63242,train
26191,train
15103,train
34573,train
67926,train
17076,train
4081,train
69250,train
67025,train
46658,train
18634,train
38663,train
7503,train
45747,train
39258,train
26753,train
69458,train
56250,train
67220,train
32395,train
11005,train
58595,train
50694,train
47116,train
61785,train
36040,train
2230,train
18952,train
25394,train
36623,train
52605,train
15495,train
50403,train
30566,train
25399,train
25989,train
54926,train
139,train
3092,train
31076,train
32186,train
22121,train
50684,train
43291,train
56688,train
24212,train
4,train
5137,train
48000,train
15264,train
9444,train
30871,train
46166,train
4085,train
36867,train
58278,train
24466,train
11848,train
15114,train
189,train
21562,train
13553,train
42468,train
67869,train
46681,train
64328,train
2034,train
16699,train
5289,train
61037,train
8338,train
62208,train
65089,train
16307,train
60939,train
41521,train
51410,train
62706,train
36638,train
26188,train
25848,train
42631,train
46280,train
29879,train
35640,train
15764,train
42940,train
57413,train
9034,train
55943,train
19543,train
49832,train
41412,train
42730,train
37950,train
30561,train
52078,train
40385,train
49687,train
51090,train
60395,train
44408,train
22321,train
23101,train
49912,train
7754,train
38743,train
38034,train
53924,train
23192,train
70332,train
50502,train
45620,train
19075,train
43335,train
55149,train
37129,train
25508,train
20059,train
10681,train
37932,train
43117,train
43810,train
1134,train
40134,train
37114,train
8886,train
27348,train
37031,train
51585,train
5511,train
38577,train
10893,train
29074,train
45304,train
38958,train
12990,train
1104,train
1958,train
45261,train
12327,train
70333,train
22664,train
35051,train
25556,train
64109,train
25952,train
41485,train
35918,train
6288,train
84,train
43142,train
59971,train
68605,train
74,train
12134,train
39877,train
7520,train
60185,train
66801,train
33873,train
53967,train
45166,train
42446,train
56165,train
59999,train
59096,train
49506,train
25495,train
18841,train
43107,train
31488,train
5631,train
63229,train
43400,train
68211,train
58479,train
27066,train
65409,train
38933,train
17563,train
15609,train
16827,train
20929,train
23216,train
8488,train
10168,train
5472,train
31936,train
3405,train
58574,train
45968,train
44847,train
37262,train
43238,train
10035,train
23008,train
58326,train
55785,train
27650,train
65347,train
17869,train
42538,train
54715,train
48217,train
24203,train
29728,train
61289,train
47874,train
39126,train
33000,train
62596,train
51402,train
46156,train
25606,train
23686,train
21971,train
64070,train
30969,train
6940,train
43050,train
51251,train
50996,train
48154,train
63181,train
32757,train
57683,train
30132,train
66597,train
63290,train
7266,train
64455,train
27622,train
55115,train
27077,train
49515,train
70073,train
40707,train
10605,train
15421,train
63150,train
10567,train
2687,train
46858,train
24949,train
10413,train
1024,train
46528,train
18441,train
39296,train
44635,train
56508,train
15927,train
36365,train
66481,train
69090,train
37999,train
65349,train
35217,train
50317,train
13863,train
65793,train
35436,train
59021,train
48408,train
30326,train
59286,train
59749,train
60559,train
43910,train
59594,train
16881,train
46454,train
62319,train
29498,train
21827,train
3431,train
2753,train
23878,train
20529,train
57661,train
28874,train
29577,train
4564,train
43172,train
43232,train
25956,train
29362,train
65794,train
39001,train
45425,train
10950,train
5316,train
1184,train
64103,train
57002,train
3371,train
61844,train
5191,train
60959,train
35349,train
66918,train
28473,train
50041,train
7770,train
67390,train
28515,train
9767,train
42116,train
52343,train
62311,train
27991,train
19077,train
13981,train
63397,train
15548,train
6729,train
67207,train
47656,train
34149,train
51267,train
50028,train
24343,train
9662,train
55045,train
13590,train
20836,train
53901,train
43651,train
59814,train
8443,train
42048,train
46157,train
24023,train
57502,train
56991,train
20658,train
11638,train
52634,train
58099,train
6672,train
52770,train
63653,train
34808,train
13273,train
70448,train
4203,train
23322,train
60677,train
41855,train
12257,train
6016,train
27182,train
66454,train
35087,train
9311,train
43569,train
42884,train
2126,train
51508,train
17083,train
23787,train
23911,train
30753,train
58346,train
35706,train
28366,train
31934,train
12644,train
16795,train
57367,train
22116,train
28583,train
44173,train
32968,train
60058,train
21439,train
68964,train
47484,train
34643,train
44406,train
24950,train
64156,train
4273,train
5042,train
69324,train
31608,train
9401,train
53236,train
49491,train
1746,train
69045,train
1264,train
38998,train
64614,train
49037,train
52390,train
39237,train
36412,train
1465,train
34663,train
37867,train
33446,train
46757,train
66872,train
45000,train
20483,train
36525,train
16728,train
7810,train
68645,train
32827,train
49856,train
45876,train
48385,train
44801,train
32999,train
60632,train
50974,train
24224,train
48543,train
19540,train
29022,train
6017,train
7439,train
7274,train
20641,train
18982,train
36625,train
15990,train
70164,train
66406,train
27944,train
47401,train
27822,train
3055,train
44001,train
50854,train
62235,train
38360,train
24507,train
61805,train
60941,train
36667,train
15712,train
46266,train
47111,train
68327,train
61884,train
19852,train
60624,train
48660,train
50407,train
18348,train
64041,train
18523,train
24067,train
69594,train
13499,train
59552,train
28308,train
765,train
62024,train
31519,train
65855,train
61962,train
53004,train
45465,train
7670,train
43859,train
36512,train
51049,train
10603,train
26303,train
33180,train
15991,train
66313,train
62149,train
43059,train
600,train
37697,train
19372,train
39052,train
66421,train
70350,train
2293,train
27027,train
12458,train
31171,train
57111,train
46724,train
27987,train
10415,train
11439,train
10206,train
22028,train
52786,train
40189,train
18548,train
69306,train
38947,train
18350,train
59301,train
6532,train
45586,train
34312,train
49242,train
29121,train
64671,train
26554,train
66645,train
13126,train
70015,train
42312,train
21477,train
12333,train
30701,train
33339,train
22927,train
35150,train
67262,train
37629,train
26552,train
27429,train
8077,train
63115,train
44090,train
279,train
23202,train
47938,train
3384,train
45649,train
3987,train
60868,train
47587,train
22167,train
23417,train
65092,train
58799,train
63881,train
28742,train
19628,train
44,train
59635,train
389,train
70187,train
13176,train
60671,train
26936,train
64019,train
34418,train
19498,train
24322,train
40432,train
21310,train
20790,train
7800,train
41337,train
68726,train
66789,train
66344,train
5818,train
57109,train
53466,train
47320,train
40645,train
3112,train
63578,train
27924,train
52464,train
60587,train
40242,train
56163,train
64672,train
24739,train
35321,train
61919,train
50240,train
1819,train
44636,train
36937,train
53070,train
5372,train
23186,train
8417,train
7759,train
31785,train
51238,train
53180,train
41744,train
4482,train
23147,train
63696,train
27487,train
38061,train
2169,train
50095,train
17365,train
43349,train
43644,train
25158,train
34805,train
40654,train
14896,train
49075,train
38463,train
65839,train
13112,train
27303,train
7374,train
69620,train
37984,train
70174,train
70279,train
17257,train
15513,train
7525,train
38024,train
52529,train
49061,train
52608,train
68888,train
19333,train
50294,train
11275,train
35413,train
4041,train
30646,train
40826,train
437,train
53194,train
32661,train
45853,train
5884,train
51970,train
25229,train
16303,train
30876,train
12840,train
20104,train
46575,train
46538,train
70436,train
2630,train
20183,train
64321,train
66629,train
1459,train
59874,train
21864,train
32938,train
24679,train
2705,train
9147,train
13424,train
4612,train
59353,train
699,train
164,train
44151,train
35922,train
21300,train
15374,train
32861,train
17001,train
30014,train
46878,train
61767,train
14171,train
65124,train
8454,train
20346,train
33479,train
6820,train
8955,train
1589,train
8218,train
62,train
46876,train
43955,train
70505,train
68019,train
26688,train
34941,train
30496,train
27506,train
68388,train
26055,train
13754,train
62661,train
15347,train
18296,train
61774,train
32058,train
60784,train
37030,train
56089,train
8963,train
70069,train
10523,train
25962,train
15005,train
23539,train
40823,train
47426,train
60846,train
20538,train
4557,train
33061,train
47770,train
35665,train
6274,train
57809,train
48224,train
58363,train
70425,train
9693,train
6063,train
34002,train
46248,train
7977,train
52782,train
61290,train
69506,train
60275,train
17860,train
10314,train
55087,train
32159,train
9000,train
7582,train
64519,train
65268,train
37625,train
39672,train
36167,train
43995,train
19334,train
12951,train
69391,train
63760,train
45003,train
2960,train
34494,train
53864,train
9290,train
43294,train
21272,train
44626,train
31438,train
1902,train
18018,train
24755,train
11716,train
33382,train
15328,train
21620,train
57853,train
53618,train
16217,train
39204,train
6,train
21332,train
6098,train
5553,train
32792,train
55307,train
7824,train
20041,train
17573,train
57480,train
32204,train
5272,train
5711,train
38324,train
59760,train
22717,train
50345,train
32819,train
1588,train
62949,train
1130,train
54880,train
52746,train
10604,train
20985,train
45154,train
45885,train
52511,train
10394,train
6956,train
48752,train
50040,train
15903,train
65498,train
15964,train
24782,train
40326,train
35830,train
69451,train
57529,train
66929,train
32880,train
64628,train
16417,train
65247,train
29671,train
802,train
11578,train
54903,train
6301,train
27312,train
37365,train
5552,train
23137,train
42114,train
44356,train
31213,train
24421,train
17456,train
7313,train
62875,train
36665,train
64708,train
56736,train
18128,train
638,train
37460,train
57184,train
52612,train
27229,train
17238,train
38182,train
39636,train
52937,train
37337,train
10433,train
67653,train
13846,train
6210,train
68130,train
28226,train
21119,train
37787,train
41330,train
47023,train
52640,train
27274,train
58671,train
23262,train
68716,train
31376,train
31532,train
65403,train
24751,train
28890,train
43253,train
33971,train
8870,train
9621,train
4757,train
11649,train
66405,train
42853,train
19792,train
2932,train
55812,train
56689,train
68209,train
60878,train
16724,train
1460,train
33351,train
46394,train
58532,train
21294,train
25215,train
31494,train
8477,train
52161,train
5378,train
47924,train
11721,train
10125,train
21434,train
61204,train
15755,train
42545,train
58480,train
29503,train
10241,train
36326,train
64436,train
52259,train
11715,train
11165,train
65249,train
30184,train
5658,train
13544,train
59839,train
58280,train
8357,train
18108,train
60316,train
29853,train
17757,train
11844,train
38444,train
4457,train
68445,train
68977,train
6972,train
25436,train
1361,train
50487,train
47889,train
68177,train
15728,train
43242,train
68720,train
45103,train
8910,train
33496,train
64959,train
40822,train
38604,train
50201,train
44583,train
15785,train
43143,train
38493,train
42131,train
63656,train
39112,train
41155,train
36543,train
34608,train
65761,train
29256,train
35036,train
30161,train
59982,train
43301,train
37478,train
54405,train
9219,train
43718,train
8491,train
50691,train
63118,train
31913,train
46496,train
39960,train
48823,train
44729,train
30923,train
35555,train
6428,train
36717,train
2465,train
49767,train
4848,train
54060,train
15329,train
15445,train
48318,train
56775,train
19099,train
38508,train
12465,train
37772,train
48924,train
31337,train
25866,train
60296,train
38381,train
39631,train
49950,train
44502,train
62550,train
70077,train
66824,train
58733,train
42302,train
13911,train
38519,train
1424,train
67103,train
65485,train
8804,train
57968,train
58749,train
26142,train
14474,train
41308,train
55246,train
67833,train
59152,train
57844,train
40143,train
46807,train
44681,train
54795,train
67916,train
50475,train
30438,train
27958,train
64582,train
12091,train
34042,train
31338,train
64437,train
51733,train
1285,train
6481,train
45943,train
28301,train
15413,train
60198,train
20599,train
70323,train
51847,train
47578,train
57317,train
63144,train
25858,train
26973,train
32214,train
19402,train
4117,train
68634,train
18722,train
59836,train
63396,train
32297,train
11369,train
55537,train
13365,train
54303,train
38817,train
64241,train
61459,train
27221,train
42678,train
3651,train
69189,train
49699,train
49867,train
11656,train
10996,train
516,train
32279,train
25844,train
10264,train
68150,train
13707,train
64599,train
33497,train
25545,train
32018,train
21344,train
59031,train
55001,train
33010,train
33747,train
50940,train
40907,train
24827,train
31349,train
3808,train
29509,train
50273,train
69214,train
54627,train
21951,train
28509,train
10901,train
67810,train
62816,train
70668,train
31343,train
23997,train
16584,train
45604,train
11518,train
16632,train
14877,train
7660,train
57264,train
24420,train
38239,train
35707,train
42684,train
52360,train
32464,train
48198,train
33030,train
17665,train
63195,train
11390,train
29638,train
49270,train
50103,train
49444,train
58654,train
27568,train
64482,train
70248,train
41527,train
5141,train
23880,train
35158,train
49686,train
25366,train
32408,train
17608,train
23241,train
23743,train
10675,train
33271,train
64773,train
28100,train
12828,train
52963,train
1554,train
56246,train
66813,train
22542,train
41682,train
20098,train
68366,train
31795,train
20096,train
41618,train
51631,train
31553,train
62092,train
7791,train
41879,train
32086,train
16930,train
30412,train
1841,train
28920,train
60616,train
2370,train
23281,train
32726,train
64094,train
63790,train
50189,train
64670,train
50501,train
64864,train
58582,train
64513,train
22547,train
26450,train
52632,train
49314,train
50051,train
28388,train
41252,train
30373,train
29922,train
7054,train
68887,train
51401,train
65494,train
37861,train
10123,train
13826,train
67990,train
4170,train
1736,train
27789,train
15218,train
1993,train
44345,train
19624,train
29465,train
28741,train
48141,train
55792,train
38775,train
7910,train
58962,train
49795,train
17462,train
31248,train
36063,train
8499,train
45569,train
17940,train
67637,train
46208,train
13755,train
64030,train
6093,train
66588,train
13859,train
39008,train
4028,train
9594,train
8308,train
2736,train
8394,train
26398,train
34996,train
66582,train
2850,train
51367,train
10001,train
56784,train
22143,train
32624,train
4027,train
26485,train
31755,train
69132,train
10557,train
5974,train
39448,train
36376,train
58274,train
34989,train
7597,train
60178,train
36804,train
70136,train
12106,train
29215,train
40895,train
37247,train
20728,train
27740,train
68063,train
41029,train
30600,train
21720,train
58386,train
64417,train
28614,train
33060,train
10784,train
26083,train
67696,train
57675,train
17170,train
33743,train
19938,train
41084,train
47018,train
42917,train
40400,train
12248,train
41269,train
63899,train
63236,train
45571,train
6413,train
1252,train
29359,train
47200,train
11802,train
24951,train
46837,train
68279,train
69775,train
10671,train
5353,train
66537,train
19687,train
17824,train
24223,train
34770,train
52709,train
42724,train
46542,train
31805,train
32135,train
9230,train
45882,train
15250,train
39119,train
41537,train
8574,train
44662,train
64197,train
68463,train
37127,train
58646,train
12592,train
5803,train
5953,train
14184,train
8664,train
57532,train
32343,train
24577,train
58585,train
41466,train
41145,train
61968,train
1198,train
3368,train
14939,train
68981,train
44756,train
54281,train
38434,train
57850,train
60113,train
17488,train
44857,train
69233,train
47370,train
48567,train
57106,train
29269,train
3175,train
14529,train
56759,train
53047,train
28442,train
23554,train
49409,train
10646,train
66842,train
57924,train
63532,train
18846,train
42643,train
55600,train
11903,train
15521,train
7957,train
60773,train
16868,train
56349,train
13614,train
40694,train
15016,train
55675,train
17403,train
24310,train
32419,train
51385,train
26447,train
66133,train
10553,train
47123,train
8232,train
394,train
14699,train
34824,train
50394,train
28888,train
8668,train
40993,train
31066,train
15939,train
41601,train
15027,train
39436,train
38803,train
2278,train
30349,train
37790,train
46613,train
3365,train
49503,train
18808,train
50584,train
38202,train
15238,train
51983,train
19143,train
38945,train
58210,train
55517,train
17246,train
61719,train
19011,train
42485,train
22012,train
4405,train
11510,train
64531,train
42986,train
66263,train
59131,train
4031,train
29767,train
26266,train
29017,train
35265,train
9268,train
61308,train
64594,train
8083,train
35207,train
12260,train
8640,train
597,train
58312,train
41351,train
21325,train
65805,train
12540,train
30007,train
29120,train
62821,train
45144,train
57298,train
9156,train
50330,train
67108,train
10818,train
24178,train
36343,train
55292,train
49808,train
13071,train
52619,train
12878,train
54055,train
47402,train
18057,train
70099,train
13217,train
30822,train
53299,train
45324,train
66825,train
18169,train
56627,train
331,train
18679,train
14761,train
44686,train
61772,train
64325,train
31065,train
66606,train
63700,train
28200,train
14739,train
37106,train
69740,train
56512,train
759,train
35157,train
53312,train
25913,train
64832,train
1931,train
27113,train
37069,train
37433,train
52046,train
28322,train
26203,train
5413,train
30699,train
25498,train
22774,train
31844,train
36253,train
64297,train
29898,train
62945,train
69980,train
54735,train
61974,train
47265,train
44291,train
68745,train
57538,train
57348,train
26718,train
7757,train
67003,train
38702,train
4256,train
23366,train
36546,train
26453,train
33862,train
44678,train
3276,train
9337,train
20699,train
64851,train
25948,train
44494,train
44210,train
64395,train
38850,train
7378,train
48363,train
25188,train
53996,train
56184,train
44037,train
26660,train
9666,train
2963,train
16132,train
45997,train
7221,train
41439,train
67708,train
45450,train
49138,train
42680,train
17217,train
59405,train
4700,train
68781,train
32314,train
57330,train
49112,train
49629,train
44860,train
11774,train
63978,train
52992,train
16240,train
50202,train
62301,train
17845,train
13375,train
26610,train
9145,train
41433,train
27709,train
60832,train
7196,train
15102,train
41044,train
2883,train
58482,train
20121,train
41930,train
28040,train
20792,train
532,train
54545,train
45606,train
56444,train
54760,train
66567,train
63685,train
13726,train
15505,train
34,train
45894,train
53293,train
14822,train
42419,train
5336,train
43585,train
37890,train
648,train
9514,train
35618,train
20665,train
41239,train
9281,train
25988,train
39744,train
1233,train
25361,train
67776,train
2505,train
2560,train
5510,train
68362,train
61930,train
24791,train
24560,train
20768,train
32722,train
963,train
12367,train
39741,train
18962,train
50274,train
36903,train
345,train
5223,train
57259,train
36251,train
58790,train
48732,train
3066,train
10288,train
67069,train
15277,train
31767,train
30719,train
24410,train
30182,train
55143,train
27471,train
39059,train
56072,train
45394,train
14823,train
29341,train
1326,train
55697,train
22475,train
7154,train
47806,train
6075,train
9651,train
7107,train
9126,train
54779,train
41918,train
50449,train
12835,train
1653,train
50181,train
64059,train
1923,train
36450,train
48986,train
43309,train
15516,train
13850,train
25006,train
22944,train
19526,train
45462,train
49446,train
30069,train
5449,train
29329,train
59473,train
12147,train
51850,train
34598,train
15864,train
59791,train
23445,train
41267,train
52077,train
39605,train
25537,train
15790,train
16918,train
48406,train
68216,train
28181,train
62463,train
43279,train
19310,train
18199,train
20942,train
19756,train
31813,train
8844,train
17627,train
65338,train
57250,train
32011,train
57359,train
63793,train
1379,train
33788,train
21157,train
18215,train
10824,train
15009,train
56984,train
42261,train
1928,train
8689,train
67654,train
50332,train
41888,train
29190,train
13870,train
50236,train
727,train
8568,train
60399,train
50331,train
58024,train
4142,train
46035,train
1080,train
58765,train
7368,train
1354,train
63221,train
55921,train
44668,train
63744,train
744,train
57818,train
20291,train
36217,train
4323,train
68773,train
59789,train
64644,train
51098,train
44883,train
26156,train
45640,train
66512,train
57721,train
36401,train
10044,train
50371,train
27523,train
19357,train
6220,train
25681,train
8982,train
56556,train
40245,train
4076,train
39087,train
1557,train
56941,train
6518,train
57437,train
10596,train
15236,train
67436,train
46574,train
41435,train
60281,train
54844,train
5333,train
22087,train
25163,train
60101,train
2296,train
49381,train
54343,train
50846,train
2820,train
47316,train
65014,train
23397,train
34473,train
14619,train
29937,train
22529,train
44912,train
15554,train
10344,train
22220,train
54496,train
69053,train
17027,train
39614,train
33190,train
35012,train
58017,train
24861,train
66605,train
11627,train
69946,train
62518,train
40951,train
7593,train
5112,train
37944,train
14509,train
69842,train
12769,train
19100,train
28915,train
62091,train
11710,train
49085,train
61688,train
48621,train
50688,train
41654,train
11412,train
37672,train
6765,train
47432,train
48809,train
67152,train
4841,train
32646,train
53509,train
31490,train
5396,train
31557,train
11315,train
64577,train
48209,train
52135,train
27909,train
18126,train
4743,train
24908,train
10752,train
46849,train
25073,train
53548,train
44399,train
70443,train
50134,train
65456,train
30035,train
43556,train
40502,train
51742,train
3809,train
56088,train
35124,train
50289,train
24849,train
26772,train
62148,train
3497,train
935,train
40360,train
67614,train
60890,train
27036,train
39504,train
26416,train
59914,train
40377,train
30045,train
6034,train
23396,train
44486,train
19798,train
59386,train
23030,train
7793,train
32570,train
23457,train
44047,train
51056,train
20223,train
35970,train
43369,train
9073,train
24683,train
7965,train
52099,train
4045,train
3338,train
52197,train
63583,train
661,train
519,train
65830,train
70262,train
24630,train
55646,train
44147,train
13133,train
7438,train
30637,train
3587,train
12614,train
63991,train
32634,train
48915,train
5650,train
41268,train
2743,train
10953,train
14031,train
13000,train
13823,train
45434,train
15568,train
62998,train
28400,train
53861,train
28025,train
52982,train
49339,train
25572,train
35703,train
62608,train
53195,train
52494,train
32385,train
50044,train
13034,train
19410,train
19755,train
60052,train
30399,train
7558,train
70509,train
21800,train
33158,train
49102,train
4240,train
49672,train
25677,train
52177,train
43229,train
55621,train
7185,train
51677,train
33241,train
34274,train
8916,train
44179,train
31859,train
15628,train
63505,train
60691,train
39251,train
56877,train
56456,train
70546,train
8928,train
13294,train
18456,train
10512,train
31928,train
28588,train
16474,train
66288,train
24390,train
23963,train
2377,train
40021,train
53485,train
1069,train
33514,train
26754,train
10380,train
662,train
20067,train
48140,train
13814,train
8419,train
63154,train
38185,train
41463,train
9772,train
50760,train
16802,train
57351,train
14808,train
70567,train
20863,train
14332,train
45816,train
58370,train
8767,train
20258,train
19735,train
51466,train
31728,train
57432,train
66329,train
12645,train
60618,train
19411,train
6977,train
22104,train
44203,train
16849,train
9481,train
14424,train
47940,train
33768,train
42076,train
44967,train
17853,train
64937,train
19891,train
26762,train
8547,train
16050,train
34441,train
21976,train
29347,train
24402,train
52454,train
21012,train
18698,train
43716,train
670,train
21531,train
54402,train
83,train
40064,train
11753,train
48822,train
46291,train
42304,train
52641,train
18654,train
17651,train
10231,train
45512,train
33143,train
4974,train
68961,train
59135,train
53909,train
16577,train
40902,train
41019,train
32310,train
33232,train
14413,train
55658,train
56210,train
37979,train
21935,train
30370,train
15400,train
34995,train
27238,train
69283,train
56748,train
6823,train
19474,train
55935,train
30748,train
20425,train
15069,train
46839,train
41985,train
1555,train
64748,train
68278,train
49154,train
29451,train
17947,train
40809,train
36201,train
48502,train
24085,train
43048,train
12337,train
3487,train
62003,train
13056,train
11800,train
30728,train
52371,train
57658,train
17560,train
5158,train
69741,train
36816,train
62403,train
53412,train
43178,train
52811,train
14592,train
604,train
69248,train
61659,train
40486,train
64530,train
1828,train
52178,train
11927,train
15694,train
40580,train
2756,train
54772,train
46529,train
70648,train
27913,train
46999,train
33914,train
22253,train
18119,train
2049,train
9082,train
51761,train
64908,train
12266,train
37946,train
68186,train
59114,train
68120,train
47338,train
65517,train
11535,train
51255,train
44359,train
37898,train
23399,train
67265,train
52714,train
58411,train
4954,train
35695,train
34195,train
18727,train
49991,train
25137,train
52845,train
11213,train
23872,train
54626,train
59832,train
66786,train
53979,train
477,train
10041,train
62335,train
52450,train
26534,train
1851,train
17179,train
56927,train
60390,train
36054,train
12747,train
19318,train
63497,train
38572,train
61085,train
45427,train
28458,train
17523,train
54411,train
1116,train
5672,train
13862,train
27079,train
11497,train
29512,train
44905,train
45684,train
9186,train
9317,train
14001,train
70358,train
4592,train
63040,train
52160,train
59039,train
22501,train
41419,train
41801,train
12701,train
17129,train
3013,train
60992,train
21753,train
4686,train
13526,train
62977,train
7566,train
237,train
23424,train
24612,train
22211,train
64176,train
1351,train
26243,train
42994,train
16947,train
38798,train
25230,train
34210,train
1129,train
45551,train
38711,train
67210,train
9874,train
39387,train
13248,train
5014,train
1761,train
42394,train
63594,train
62419,train
59279,train
20225,train
39165,train
333,train
51229,train
49976,train
30232,train
18864,train
63888,train
35002,train
33813,train
23059,train
10727,train
15099,train
60823,train
9484,train
10766,train
50391,train
24510,train
43808,train
37615,train
614,train
9696,train
51093,train
30577,train
1907,train
12856,train
29682,train
51122,train
34362,train
7490,train
33051,train
48522,train
21134,train
56312,train
69584,train
44287,train
26064,train
22601,train
26020,train
16872,train
38361,train
44320,train
65714,train
21313,train
4471,train
49166,train
68503,train
61911,train
32581,train
62131,train
24673,train
20872,train
20487,train
39833,train
15109,train
12442,train
43807,train
33441,train
31679,train
65322,train
70550,train
15146,train
66834,train
18642,train
46991,train
13735,train
51027,train
39580,train
66476,train
25757,train
54133,train
54059,train
63646,train
39604,train
18656,train
22142,train
58730,train
61187,train
63408,train
9497,train
38148,train
13462,train
39146,train
18915,train
34581,train
24808,train
62409,train
42427,train
16945,train
54018,train
29353,train
43502,train
23016,train
51536,train
59966,train
53344,train
49481,train
61277,train
55528,train
29658,train
52610,train
47498,train
32546,train
34128,train
36852,train
69383,train
7173,train
67499,train
5857,train
41017,train
20181,train
20952,train
33936,train
15531,train
27023,train
47268,train
37539,train
60514,train
23138,train
52901,train
21651,train
20273,train
11944,train
11217,train
23507,train
4846,train
52136,train
23844,train
37536,train
29556,train
47271,train
7920,train
14247,train
54960,train
2577,train
40738,train
32099,train
59756,train
43805,train
32398,train
66701,train
43174,train
55659,train
38033,train
6484,train
31156,train
3773,train
48668,train
13430,train
1812,train
58412,train
32509,train
8368,train
30538,train
55510,train
69419,train
54088,train
48303,train
14618,train
60695,train
39832,train
23350,train
56137,train
22182,train
5870,train
55992,train
29319,train
54099,train
25596,train
44363,train
57827,train
64211,train
3553,train
59,train
27170,train
34234,train
53501,train
49765,train
54792,train
43394,train
31574,train
5422,train
59122,train
8166,train
69631,train
10265,train
36292,train
49981,train
31605,train
54785,train
4107,train
57003,train
42554,train
48918,train
10089,train
13947,train
53030,train
10821,train
7026,train
15298,train
61154,train
37298,train
34957,train
15797,train
4048,train
46828,train
10366,train
20492,train
32211,train
15838,train
27717,train
11076,train
30105,train
54334,train
56411,train
51575,train
56768,train
32632,train
51425,train
12211,train
4377,train
63022,train
15153,train
6397,train
52188,train
31705,train
69701,train
11202,train
47594,train
59083,train
29489,train
54961,train
13046,train
24349,train
9338,train
43892,train
8056,train
35190,train
17990,train
12571,train
17852,train
26741,train
51272,train
29260,train
41070,train
19342,train
45805,train
45779,train
5326,train
61650,train
64400,train
15266,train
7461,train
69668,train
66908,train
62049,train
64778,train
11393,train
9585,train
25050,train
22493,train
43395,train
16517,train
22770,train
16721,train
20307,train
28052,train
29655,train
38664,train
29644,train
36275,train
3193,train
52681,train
65260,train
55733,train
26950,train
2285,train
51358,train
2044,train
52980,train
69733,train
69850,train
31506,train
25194,train
11604,train
7104,train
19563,train
47298,train
61348,train
69541,train
69578,train
13791,train
55202,train
51242,train
500,train
16911,train
53645,train
22047,train
28190,train
36299,train
10972,train
31480,train
52577,train
52693,train
5108,train
69452,train
12407,train
27827,train
4172,train
44403,train
13142,train
58452,train
46229,train
38665,train
41886,train
5068,train
37377,train
45973,train
51278,train
37183,train
19422,train
60881,train
49916,train
35448,train
55178,train
22863,train
57930,train
14553,train
10438,train
55985,train
55252,train
51955,train
59517,train
29128,train
68889,train
44527,train
21824,train
36122,train
31244,train
34969,train
29177,train
10856,train
49903,train
44217,train
68880,train
8009,train
18844,train
47383,train
13089,train
52691,train
39716,train
57551,train
53720,train
32396,train
15618,train
60951,train
23236,train
23449,train
65134,train
64270,train
23673,train
12848,train
27557,train
53241,train
11173,train
21640,train
21355,train
65881,train
6631,train
62427,train
4294,train
11061,train
2058,train
69151,train
9204,train
44278,train
24648,train
35345,train
56166,train
28570,train
6059,train
66420,train
52246,train
2420,train
18738,train
25525,train
856,train
30304,train
55886,train
60315,train
13615,train
23125,train
41937,train
3311,train
38440,train
40151,train
59975,train
50836,train
2742,train
56482,train
52587,train
62616,train
65820,train
44491,train
12452,train
13616,train
24728,train
70177,train
6334,train
3049,train
31931,train
64792,train
21813,train
67077,train
50057,train
25902,train
30586,train
36935,train
36302,train
21506,train
34286,train
28325,train
11176,train
20484,train
41692,train
34476,train
69707,train
23741,train
49600,train
19475,train
2726,train
236,train
32095,train
61908,train
35019,train
51614,train
25359,train
45051,train
33750,train
34426,train
58629,train
23773,train
13111,train
51160,train
65801,train
13975,train
22060,train
15332,train
21535,train
3921,train
31149,train
22478,train
15905,train
53728,train
63925,train
32736,train
45871,train
60638,train
32555,train
1146,train
27227,train
55944,train
69154,train
58786,train
41881,train
10904,train
3239,train
53790,train
27534,train
54387,train
7025,train
60869,train
2709,train
5627,train
25331,train
2685,train
8412,train
20823,train
3608,train
7084,train
16880,train
37136,train
47910,train
16848,train
46812,train
42789,train
44026,train
8260,train
47032,train
42915,train
67154,train
55601,train
11607,train
9897,train
22990,train
62287,train
34077,train
20480,train
60240,train
63654,train
7648,train
17120,train
70339,train
1936,train
2646,train
65077,train
1493,train
50913,train
60505,train
2381,train
15882,train
21050,train
20495,train
2371,train
14637,train
5939,train
69674,train
51496,train
15489,train
19748,train
48853,train
53766,train
38821,train
52303,train
50986,train
22244,train
36635,train
26853,train
31874,train
13180,train
9546,train
38395,train
31801,train
47436,train
64307,train
5762,train
26085,train
52346,train
9619,train
10694,train
64685,train
4735,train
13694,train
21132,train
31551,train
13915,train
8273,train
48624,train
12897,train
4518,train
2109,train
69450,train
68816,train
65306,train
26124,train
6439,train
68736,train
49268,train
22594,train
16590,train
57804,train
10373,train
56173,train
14095,train
30593,train
16301,train
27389,train
43522,train
17317,train
61601,train
31825,train
11102,train
68458,train
42210,train
55462,train
61929,train
57947,train
47206,train
56571,train
51649,train
60982,train
32130,train
19689,train
43507,train
68025,train
69897,train
39970,train
42873,train
33163,train
67337,train
15353,train
40754,train
37731,train
26102,train
63895,train
49432,train
12859,train
45748,train
61524,train
67694,train
67976,train
62774,train
41183,train
64078,train
10863,train
48155,train
3770,train
63394,train
63188,train
8899,train
13123,train
31431,train
58311,train
50447,train
51476,train
18875,train
34436,train
51341,train
15504,train
9319,train
5800,train
5614,train
35225,train
46121,train
11647,train
63788,train
45700,train
8561,train
25901,train
64236,train
8635,train
60085,train
60046,train
31498,train
45083,train
33676,train
6985,train
23001,train
55860,train
15486,train
6639,train
60692,train
25157,train
51123,train
48458,train
70624,train
1656,train
31675,train
1498,train
59467,train
13537,train
19350,train
24285,train
17984,train
15430,train
16109,train
56063,train
46651,train
43257,train
30930,train
54517,train
11215,train
55104,train
45619,train
22902,train
67181,train
50056,train
33064,train
46569,train
43732,train
45495,train
36839,train
14585,train
52881,train
58245,train
5204,train
32283,train
39456,train
36806,train
32855,train
56654,train
42136,train
27230,train
37711,train
52196,train
29786,train
8134,train
25749,train
5917,train
8113,train
33641,train
48038,train
66697,train
6057,train
55270,train
45100,train
18038,train
7258,train
25306,train
21207,train
19932,train
59222,train
68576,train
66562,train
20818,train
35644,train
66059,train
56293,train
8399,train
2788,train
53461,train
63995,train
54286,train
67613,train
12099,train
29930,train
53727,train
51407,train
34097,train
25513,train
22637,train
35219,train
51995,train
65387,train
37816,train
48080,train
27548,train
45531,train
49266,train
4498,train
23536,train
63819,train
52269,train
43653,train
49689,train
11864,train
335,train
27415,train
2223,train
11835,train
23028,train
43381,train
49983,train
7356,train
35398,train
28660,train
5570,train
1091,train
3028,train
59986,train
51717,train
60278,train
47953,train
57476,train
28002,train
58888,train
13753,train
30837,train
26213,train
38777,train
28650,train
34692,train
26320,train
56992,train
66594,train
322,train
3638,train
15757,train
52876,train
57909,train
18458,train
43014,train
66840,train
27498,train
59184,train
21016,train
20834,train
57080,train
63419,train
62790,train
2635,train
39205,train
9236,train
58891,train
15345,train
46996,train
14400,train
43969,train
31464,train
31089,train
8489,train
8724,train
43976,train
37080,train
11551,train
48317,train
5556,train
17938,train
24419,train
11862,train
46643,train
66183,train
65959,train
68448,train
2182,train
43906,train
35823,train
70478,train
60321,train
1598,train
16056,train
7389,train
41604,train
9110,train
57776,train
16103,train
11407,train
35255,train
25046,train
1337,train
42901,train
59085,train
42192,train
64852,train
45372,train
36416,train
68243,train
24830,train
46943,train
40148,train
57309,train
51362,train
41687,train
43080,train
34373,train
12013,train
40314,train
34836,train
44604,train
40971,train
64361,train
65148,train
16599,train
3801,train
7105,train
7575,train
10395,train
57290,train
19150,train
21203,train
35795,train
47219,train
67276,train
14203,train
60942,train
64732,train
42363,train
42687,train
7931,train
20793,train
26791,train
23585,train
22767,train
33230,train
44477,train
69762,train
16228,train
9348,train
57254,train
13086,train
12523,train
6776,train
276,train
18797,train
37442,train
67552,train
18494,train
11672,train
17546,train
44433,train
56719,train
60087,train
54754,train
39268,train
49069,train
38485,train
59351,train
34589,train
61022,train
18829,train
30968,train
35524,train
52367,train
44627,train
33360,train
45077,train
39076,train
65023,train
1890,train
11039,train
18452,train
32991,train
65274,train
44414,train
44817,train
67514,train
66262,train
57588,train
20384,train
42944,train
16948,train
9796,train
41957,train
780,train
64050,train
37617,train
48690,train
41534,train
7172,train
4165,train
52369,train
63353,train
21596,train
19688,train
68692,train
21458,train
46763,train
50879,train
181,train
51102,train
56470,train
9845,train
48611,train
42561,train
36916,train
22520,train
50628,train
45768,train
29395,train
42256,train
39709,train
65764,train
49816,train
25975,train
24615,train
63254,train
18426,train
27564,train
55735,train
55732,train
69110,train
44475,train
53875,train
3695,train
4229,train
29861,train
39851,train
28502,train
67849,train
28266,train
36092,train
67437,train
55587,train
8494,train
64401,train
33225,train
22236,train
20262,train
48551,train
6216,train
68559,train
27888,train
20548,train
32125,train
44916,train
53435,train
34346,train
26805,train
70676,train
51152,train
27319,train
19795,train
50432,train
7580,train
27305,train
23306,train
12489,train
27731,train
51645,train
58698,train
39819,train
9894,train
6567,train
8662,train
50096,train
60252,train
18500,train
2561,train
36389,train
35635,train
48047,train
29117,train
24175,train
57609,train
21166,train
14751,train
11267,train
57948,train
7428,train
32771,train
51226,train
63745,train
63211,train
35170,train
53540,train
29091,train
34069,train
193,train
11876,train
51394,train
2536,train
16610,train
29820,train
31999,train
8798,train
45671,train
23077,train
40786,train
62233,train
70521,train
10329,train
43561,train
48481,train
2899,train
51349,train
34619,train
65617,train
47754,train
41300,train
41973,train
9957,train
54093,train
59144,train
8944,train
53742,train
41939,train
34031,train
3034,train
36727,train
43403,train
42044,train
36145,train
67290,train
8458,train
44821,train
21391,train
61642,train
5558,train
7482,train
5793,train
8427,train
55195,train
38308,train
44832,train
31392,train
4236,train
10971,train
2247,train
24002,train
66318,train
62926,train
20970,train
70512,train
2043,train
49712,train
25321,train
67743,train
60347,train
3241,train
6541,train
27784,train
34587,train
1753,train
69944,train
69481,train
64484,train
24427,train
15622,train
38086,train
13464,train
24828,train
49213,train
37047,train
27577,train
18946,train
2856,train
5734,train
64892,train
49608,train
51483,train
69483,train
13093,train
10929,train
21737,train
21359,train
45196,train
29733,train
26072,train
31563,train
3262,train
6443,train
69855,train
39984,train
19698,train
55726,train
13341,train
56308,train
45665,train
13328,train
9771,train
67122,train
36327,train
52834,train
69601,train
35743,train
19516,train
18681,train
64695,train
49331,train
12801,train
15575,train
67058,train
29113,train
21797,train
70199,train
53535,train
33794,train
53733,train
45535,train
46747,train
61999,train
55463,train
23770,train
56587,train
60436,train
36973,train
21793,train
66602,train
7942,train
28397,train
39075,train
42216,train
9137,train
5144,train
44048,train
16019,train
31054,train
4259,train
5090,train
36184,train
61624,train
55056,train
31265,train
70039,train
64996,train
33393,train
55968,train
23503,train
41465,train
40255,train
45178,train
61961,train
7486,train
39628,train
17759,train
56232,train
55119,train
1335,train
28028,train
32913,train
64784,train
30002,train
15593,train
13325,train
4051,train
2177,train
48741,train
17866,train
10888,train
7,train
6986,train
58947,train
23224,train
7429,train
16711,train
35223,train
42461,train
17638,train
22867,train
38979,train
23830,train
19865,train
64067,train
61488,train
66028,train
44419,train
19173,train
64934,train
60861,train
33708,train
15916,train
7564,train
65962,train
62971,train
32655,train
49007,train
11933,train
44722,train
9477,train
10197,train
25563,train
18636,train
59565,train
30620,train
46600,train
16133,train
65648,train
60126,train
22449,train
9650,train
28797,train
28494,train
43993,train
35432,train
28641,train
20951,train
4059,train
2875,train
12436,train
52224,train
35561,train
30958,train
21592,train
47403,train
42849,train
66951,train
15387,train
70283,train
69834,train
50272,train
18971,train
45562,train
30909,train
63170,train
4723,train
10251,train
7878,train
7966,train
13097,train
54574,train
13835,train
3520,train
57637,train
4213,train
62136,train
15597,train
56175,train
22891,train
45442,train
31961,train
61462,train
42711,train
49533,train
61162,train
2548,train
30195,train
40149,train
69979,train
3661,train
42721,train
69993,train
16713,train
40234,train
5352,train
33909,train
30446,train
13159,train
4854,train
10034,train
63639,train
8823,train
19869,train
8373,train
29759,train
21419,train
774,train
60372,train
9698,train
31040,train
24269,train
43411,train
39845,train
39949,train
68149,train
51216,train
34545,train
42984,train
38513,train
59357,train
40006,train
44420,train
65080,train
26529,train
12813,train
4964,train
53163,train
38716,train
20351,train
45037,train
35414,train
55708,train
38146,train
63568,train
67504,train
56112,train
16807,train
53218,train
61848,train
24239,train
61547,train
21187,train
24562,train
7177,train
60700,train
62390,train
37822,train
3586,train
70354,train
41752,train
20737,train
19166,train
60966,train
3655,train
20000,train
24884,train
57560,train
3450,train
53718,train
32391,train
45646,train
24146,train
52068,train
20199,train
1133,train
43383,train
27246,train
67620,train
43164,train
68683,train
6766,train
50010,train
19574,train
643,train
40095,train
25892,train
26271,train
8518,train
22674,train
53652,train
835,train
65489,train
21020,train
70171,train
61533,train
18647,train
10386,train
55401,train
46265,train
15095,train
8383,train
62648,train
67278,train
32604,train
21097,train
43032,train
31682,train
45351,train
57644,train
64248,train
68521,train
23608,train
35256,train
14032,train
59154,train
69607,train
70370,train
12238,train
54238,train
50499,train
53311,train
26445,train
37049,train
14787,train
19069,train
52342,train
16428,train
24667,train
19579,train
14536,train
44871,train
53515,train
61967,train
51590,train
22567,train
23486,train
45744,train
4285,train
46100,train
37227,train
56037,train
24690,train
4900,train
24193,train
21553,train
61369,train
50069,train
47641,train
36651,train
1846,train
36356,train
48536,train
53834,train
24879,train
63370,train
2326,train
31527,train
35318,train
11057,train
19340,train
18067,train
28072,train
59994,train
68030,train
36057,train
68350,train
57617,train
34513,train
12495,train
39932,train
29253,train
65186,train
12903,train
9088,train
29320,train
33991,train
69919,train
50970,train
69772,train
64717,train
29565,train
66592,train
58970,train
13535,train
17305,train
49019,train
10457,train
37664,train
49810,train
37514,train
32763,train
65713,train
26703,train
25297,train
51743,train
22724,train
10361,train
69590,train
34571,train
28522,train
58344,train
3103,train
67299,train
20299,train
41046,train
16729,train
63921,train
69328,train
61745,train
12866,train
31474,train
43064,train
18855,train
12924,train
45508,train
24098,train
64921,train
69402,train
23320,train
46326,train
53452,train
37259,train
22976,train
12927,train
24057,train
69302,train
56506,train
16619,train
38497,train
57246,train
53493,train
68554,train
41090,train
62531,train
66268,train
62306,train
43601,train
19736,train
24090,train
47049,train
30522,train
48012,train
21149,train
21529,train
19132,train
2597,train
47182,train
52773,train
30919,train
65243,train
44658,train
55296,train
39732,train
6158,train
50817,train
21594,train
32667,train
5663,train
24742,train
7003,train
59011,train
37748,train
70526,train
2209,train
67158,train
20137,train
12579,train
66054,train
8893,train
39088,train
27770,train
13933,train
12293,train
46781,train
51003,train
61155,train
32156,train
53482,train
38677,train
61337,train
52047,train
3202,train
35357,train
2111,train
49621,train
54302,train
57141,train
55318,train
44823,train
57459,train
52452,train
39898,train
26304,train
20997,train
11623,train
22885,train
56364,train
23784,train
7534,train
61799,train
53231,train
65561,train
3080,train
37322,train
8172,train
18794,train
21745,train
46555,train
20701,train
57722,train
27009,train
45265,train
1294,train
68831,train
56111,train
46181,train
34860,train
37334,train
37464,train
54953,train
67020,train
55367,train
29984,train
3126,train
11822,train
48912,train
60451,train
45229,train
23751,train
15404,train
24593,train
68754,train
13739,train
6876,train
4810,train
51576,train
32134,train
44478,train
28686,train
32994,train
35351,train
65220,train
64503,train
46073,train
39627,train
40966,train
29166,train
12882,train
48789,train
59870,train
15092,train
24892,train
66396,train
16780,train
25658,train
5830,train
38321,train
28645,train
21905,train
35929,train
54495,train
68941,train
48281,train
28919,train
41089,train
30519,train
62493,train
6520,train
23731,train
21429,train
16546,train
7145,train
38903,train
40890,train
16874,train
23267,train
46431,train
37767,train
24462,train
12961,train
14132,train
56592,train
26153,train
10230,train
43042,train
18861,train
50290,train
25462,train
24506,train
36909,train
33785,train
37275,train
129,train
59092,train
14342,train
34721,train
58865,train
1581,train
53506,train
4606,train
65203,train
61042,train
33874,train
25522,train
32816,train
47801,train
32402,train
23441,train
60040,train
26665,train
22503,train
62128,train
48187,train
60843,train
62803,train
17575,train
38708,train
25429,train
41013,train
31752,train
18325,train
40235,train
30032,train
35728,train
15630,train
1738,train
2108,train
24060,train
61747,train
40110,train
51395,train
14777,train
53796,train
36945,train
36284,train
6902,train
7559,train
3260,train
39070,train
24316,train
21288,train
66098,train
11059,train
13064,train
62277,train
13396,train
37122,train
68993,train
49365,train
946,train
1880,train
30248,train
52997,train
29649,train
22006,train
22609,train
25400,train
43652,train
57558,train
60504,train
9114,train
54268,train
59562,train
59334,train
46632,train
38240,train
18103,train
55579,train
18916,train
55759,train
51561,train
61876,train
8712,train
6530,train
44757,train
40572,train
54232,train
6897,train
39278,train
65521,train
8461,train
17436,train
48395,train
15210,train
3209,train
33244,train
40483,train
57937,train
25367,train
2967,train
64854,train
47648,train
26426,train
56589,train
19772,train
25862,train
18572,train
24038,train
5853,train
14120,train
58946,train
23825,train
36369,train
42202,train
20424,train
44600,train
49804,train
57906,train
56621,train
60324,train
69643,train
23699,train
40145,train
42787,train
41742,train
57914,train
52998,train
19939,train
26250,train
46347,train
15988,train
17366,train
5341,train
61898,train
33774,train
36455,train
69313,train
61620,train
55300,train
62994,train
26285,train
67529,train
43841,train
41219,train
58014,train
17420,train
67267,train
18529,train
45662,train
19348,train
45835,train
7357,train
12154,train
9885,train
60212,train
6157,train
1341,train
30467,train
70544,train
46656,train
67556,train
21170,train
70000,train
69743,train
66938,train
51686,train
64160,train
12352,train
7267,train
3406,train
25974,train
26895,train
30282,train
57847,train
47259,train
22106,train
40363,train
65586,train
41180,train
52768,train
26949,train
33484,train
57958,train
40498,train
54564,train
42610,train
17371,train
37611,train
55916,train
3791,train
47490,train
23371,train
40976,train
28421,train
50182,train
57981,train
34130,train
48009,train
2776,train
65564,train
60708,train
47800,train
9287,train
64022,train
59908,train
21632,train
15833,train
11697,train
62525,train
26594,train
39091,train
60384,train
36168,train
20208,train
39735,train
61014,train
14241,train
63300,train
42274,train
47148,train
53117,train
9949,train
61631,train
38169,train
27628,train
27747,train
60193,train
63099,train
38704,train
37799,train
42493,train
5026,train
43422,train
70607,train
42410,train
64276,train
60575,train
31627,train
59863,train
18310,train
38006,train
9460,train
47195,train
20420,train
11571,train
42530,train
2894,train
3226,train
62765,train
22796,train
52365,train
45976,train
38867,train
4226,train
32293,train
52559,train
12030,train
58973,train
51148,train
3473,train
60120,train
59730,train
6540,train
21887,train
23916,train
5271,train
55568,train
681,train
64801,train
35580,train
13238,train
29376,train
52975,train
31478,train
68978,train
22798,train
5138,train
53961,train
4650,train
47566,train
10239,train
48771,train
26750,train
38002,train
19669,train
59897,train
68343,train
56109,train
38662,train
61113,train
68744,train
16434,train
22615,train
25661,train
30061,train
65673,train
28643,train
3706,train
39411,train
4928,train
68987,train
48326,train
50958,train
67699,train
35407,train
45813,train
45910,train
56292,train
29294,train
51856,train
65386,train
17034,train
5851,train
48499,train
8448,train
59764,train
22654,train
36337,train
43877,train
20089,train
24274,train
31609,train
68874,train
24604,train
30366,train
59689,train
36072,train
13610,train
68297,train
44997,train
28807,train
9889,train
57411,train
33236,train
25726,train
14719,train
68138,train
44445,train
39443,train
4695,train
47152,train
66571,train
33854,train
5598,train
42659,train
9670,train
69141,train
29289,train
14655,train
37674,train
58513,train
36729,train
11500,train
33090,train
36469,train
5116,train
47345,train
20815,train
22957,train
29085,train
40280,train
53887,train
61893,train
51464,train
70259,train
62561,train
39708,train
21548,train
48235,train
61862,train
47286,train
3629,train
22239,train
22352,train
492,train
50246,train
53360,train
52251,train
17353,train
33816,train
42339,train
13122,train
58754,train
59624,train
16176,train
36994,train
68909,train
57541,train
50175,train
42201,train
39232,train
7846,train
12392,train
37765,train
58992,train
62026,train
18307,train
47113,train
40382,train
19423,train
45995,train
40842,train
32232,train
24958,train
21220,train
746,train
56932,train
38383,train
70532,train
60875,train
8616,train
60366,train
33953,train
64279,train
4950,train
14345,train
49485,train
9630,train
54886,train
22470,train
47952,train
13032,train
53726,train
21295,train
12094,train
35094,train
69251,train
25918,train
1098,train
4309,train
46599,train
3133,train
29557,train
19419,train
10060,train
58501,train
48560,train
18600,train
35226,train
68346,train
40053,train
70313,train
43023,train
25600,train
52715,train
8898,train
7984,train
68319,train
35336,train
31403,train
7168,train
636,train
51260,train
56761,train
19427,train
65448,train
60370,train
60509,train
66341,train
26433,train
31617,train
59204,train
772,train
32768,train
21459,train
23048,train
67292,train
8350,train
59205,train
4466,train
63789,train
23833,train
64863,train
15954,train
25107,train
47535,train
59264,train
46961,train
49362,train
39307,train
6046,train
25730,train
49798,train
64798,train
4844,train
70536,train
60426,train
36858,train
18839,train
39127,train
69945,train
42424,train
52914,train
5813,train
54755,train
49834,train
33684,train
56346,train
38314,train
13256,train
67450,train
4018,train
3845,train
12930,train
11317,train
12233,train
31013,train
11423,train
39243,train
34349,train
42767,train
11684,train
12581,train
42034,train
63324,train
19019,train
36876,train
16888,train
27135,train
36175,train
23158,train
39326,train
38787,train
24936,train
64257,train
55472,train
9411,train
69303,train
66004,train
24536,train
22190,train
27959,train
23859,train
1628,train
9193,train
5388,train
42178,train
25693,train
48614,train
19726,train
716,train
41657,train
9371,train
29491,train
48931,train
6083,train
40399,train
47459,train
61195,train
4547,train
2125,train
57175,train
24341,train
51951,train
30272,train
13723,train
30310,train
67340,train
4840,train
25130,train
65918,train
36674,train
52235,train
16943,train
3061,train
36288,train
68452,train
26257,train
54352,train
26359,train
57845,train
30258,train
20606,train
63253,train
61489,train
10484,train
50766,train
13763,train
46682,train
20911,train
25451,train
48498,train
28949,train
25354,train
11809,train
16553,train
43191,train
18571,train
28683,train
3727,train
11214,train
12080,train
60383,train
65192,train
43148,train
48795,train
62400,train
28567,train
37018,train
24103,train
24813,train
58927,train
23235,train
18557,train
55007,train
39150,train
29310,train
2930,train
68622,train
54811,train
8327,train
38211,train
6368,train
21268,train
13564,train
45315,train
64518,train
51671,train
3822,train
52265,train
58893,train
12254,train
48066,train
17750,train
13455,train
49807,train
66682,train
1769,train
45464,train
33781,train
61661,train
68309,train
1531,train
11998,train
20337,train
61869,train
63077,train
310,train
4691,train
48463,train
10501,train
58901,train
70192,train
17928,train
1147,train
3152,train
53514,train
45559,train
8010,train
33776,train
62329,train
11169,train
53153,train
18156,train
60501,train
10664,train
34493,train
21579,train
31320,train
41955,train
63136,train
70269,train
57985,train
32000,train
10658,train
3583,train
22755,train
45661,train
12998,train
57335,train
1579,train
45203,train
31953,train
2732,train
66652,train
67070,train
6806,train
26224,train
4133,train
20200,train
63841,train
49130,train
19455,train
8985,train
58037,train
66064,train
36147,train
36737,train
30400,train
44632,train
23735,train
15856,train
56839,train
54654,train
25193,train
39588,train
58048,train
35958,train
35071,train
9918,train
2880,train
33088,train
18055,train
12374,train
63479,train
14498,train
37084,train
41316,train
50731,train
63239,train
9776,train
41384,train
67930,train
4806,train
2090,train
17694,train
17243,train
70689,train
41272,train
10676,train
47502,train
61028,train
27161,train
20455,train
8849,train
53015,train
32050,train
39811,train
67553,train
37242,train
58929,train
33331,train
33677,train
27058,train
52906,train
54038,train
54346,train
29724,train
61527,train
63571,train
67737,train
16552,train
5387,train
6389,train
17104,train
28050,train
39682,train
9755,train
68037,train
8107,train
39082,train
57688,train
49557,train
23339,train
23753,train
25266,train
50885,train
26364,train
15624,train
45303,train
21228,train
29635,train
56973,train
33080,train
60822,train
69243,train
4565,train
66096,train
67587,train
58884,train
48746,train
64389,train
30974,train
51446,train
20274,train
37486,train
48968,train
54445,train
59274,train
48945,train
15392,train
46014,train
30614,train
15926,train
44764,train
42029,train
56007,train
30681,train
20106,train
5976,train
5842,train
12355,train
27262,train
6688,train
756,train
58934,train
54690,train
69263,train
15124,train
53507,train
53045,train
56447,train
63761,train
57851,train
21853,train
37312,train
59888,train
9600,train
1135,train
23134,train
18506,train
62723,train
41592,train
26676,train
34450,train
36868,train
29233,train
55722,train
43418,train
69484,train
62396,train
3023,train
9929,train
29422,train
7609,train
42093,train
3615,train
16257,train
40594,train
24398,train
67813,train
19658,train
59361,train
23956,train
31192,train
14849,train
55140,train
58359,train
14705,train
40036,train
6459,train
16070,train
2418,train
49792,train
66330,train
67224,train
812,train
51287,train
15849,train
22330,train
28120,train
46864,train
60216,train
56542,train
46697,train
53325,train
16001,train
1051,train
187,train
68059,train
20624,train
52220,train
34440,train
26953,train
48769,train
9361,train
67830,train
23402,train
43366,train
39097,train
40292,train
40147,train
42062,train
63522,train
753,train
9927,train
12935,train
66443,train
15970,train
35259,train
5454,train
63939,train
24118,train
36626,train
42596,train
35717,train
49695,train
54696,train
13368,train
46263,train
58674,train
1625,train
26390,train
49951,train
1093,train
3547,train
49395,train
27877,train
32602,train
61605,train
29681,train
2462,train
28408,train
16356,train
17427,train
12608,train
37958,train
24717,train
51241,train
27237,train
51809,train
31748,train
1160,train
30906,train
46242,train
19036,train
46031,train
8153,train
54043,train
6497,train
56863,train
50090,train
10537,train
13245,train
29118,train
35608,train
33580,train
58560,train
58407,train
41882,train
37855,train
61502,train
3879,train
9647,train
37966,train
48465,train
65849,train
2987,train
44391,train
5807,train
59607,train
46353,train
11926,train
13928,train
61490,train
39830,train
10058,train
14747,train
25840,train
32619,train
357,train
7805,train
22988,train
61673,train
42353,train
65040,train
57362,train
23198,train
33157,train
70485,train
22906,train
9042,train
3306,train
13662,train
54505,train
33140,train
37516,train
39647,train
58239,train
30317,train
66741,train
60360,train
57281,train
56287,train
2790,train
28185,train
4303,train
13598,train
27033,train
59218,train
57783,train
69317,train
64838,train
56213,train
21858,train
28914,train
10628,train
54794,train
62468,train
18959,train
37852,train
36066,train
52105,train
41565,train
7110,train
50907,train
70207,train
25356,train
34377,train
16981,train
53118,train
17376,train
51572,train
40941,train
15886,train
31854,train
37569,train
38020,train
36859,train
32097,train
5398,train
56380,train
2673,train
42165,train
51965,train
48129,train
66523,train
54793,train
64291,train
10101,train
22763,train
7872,train
22625,train
1157,train
13070,train
45791,train
70261,train
43404,train
457,train
13101,train
45147,train
25637,train
28982,train
59948,train
34640,train
28017,train
677,train
56074,train
56113,train
2944,train
35027,train
41162,train
14024,train
50032,train
26292,train
42676,train
42568,train
2727,train
13894,train
30089,train
52453,train
32281,train
20868,train
2116,train
68462,train
58392,train
50896,train
49079,train
3574,train
14294,train
57732,train
62364,train
34126,train
64781,train
32190,train
70576,train
2559,train
46376,train
26694,train
49540,train
49017,train
57830,train
18518,train
7707,train
30533,train
43227,train
59738,train
33705,train
59933,train
55671,train
24313,train
5500,train
4729,train
46816,train
14987,train
58446,train
20876,train
30963,train
29791,train
56206,train
45621,train
48361,train
28234,train
17545,train
2425,train
52266,train
46002,train
13087,train
36928,train
3785,train
8231,train
14976,train
60896,train
61811,train
25540,train
6133,train
33347,train
43346,train
3113,train
63690,train
32008,train
26828,train
24113,train
29904,train
35059,train
18673,train
2501,train
6685,train
22387,train
5021,train
64568,train
57515,train
65669,train
19534,train
42421,train
66998,train
56333,train
3250,train
5956,train
13487,train
6871,train
54154,train
35600,train
7217,train
12237,train
3588,train
29275,train
5536,train
35309,train
58403,train
5713,train
42841,train
45736,train
31707,train
69407,train
41835,train
59774,train
63441,train
33946,train
16665,train
21999,train
13018,train
20339,train
36986,train
12242,train
8324,train
22335,train
40414,train
33281,train
6077,train
46906,train
44422,train
27105,train
21137,train
54164,train
53233,train
36448,train
29858,train
9714,train
24514,train
527,train
48237,train
25611,train
58670,train
70461,train
39263,train
5438,train
11234,train
42894,train
47446,train
49317,train
2823,train
69624,train
48441,train
529,train
45301,train
40932,train
47833,train
10883,train
33379,train
70230,train
12715,train
56217,train
53916,train
63378,train
62242,train
44095,train
69326,train
51828,train
24780,train
7895,train
30047,train
26641,train
64253,train
14476,train
38078,train
44373,train
42283,train
26575,train
62606,train
55309,train
53590,train
31678,train
62889,train
64862,train
64888,train
16291,train
4702,train
26583,train
23272,train
37218,train
21589,train
18406,train
43654,train
62848,train
45740,train
2416,train
48476,train
4820,train
51542,train
55644,train
4458,train
2337,train
9454,train
6384,train
31153,train
5306,train
11043,train
34316,train
63759,train
42223,train
40115,train
5201,train
24833,train
27463,train
35501,train
33807,train
16818,train
67302,train
45911,train
35366,train
52584,train
66882,train
49199,train
57382,train
31417,train
11366,train
62701,train
3228,train
41367,train
5757,train
66195,train
60948,train
57387,train
36754,train
29284,train
59323,train
45134,train
67453,train
56727,train
67570,train
39894,train
65303,train
61591,train
55113,train
45979,train
28791,train
43603,train
65984,train
20438,train
63565,train
31826,train
14328,train
52262,train
11212,train
8021,train
9135,train
45448,train
14853,train
1398,train
46276,train
65915,train
2793,train
11682,train
19271,train
12007,train
9580,train
3579,train
46171,train
50987,train
23625,train
3395,train
69164,train
54408,train
21972,train
40443,train
62799,train
14743,train
59487,train
14941,train
9978,train
32592,train
4524,train
28141,train
17881,train
22023,train
42936,train
27267,train
23450,train
20380,train
67832,train
67768,train
6933,train
18324,train
26966,train
35926,train
41364,train
60590,train
41614,train
33094,train
47631,train
12182,train
4360,train
9886,train
44715,train
27261,train
42868,train
69068,train
18330,train
38537,train
14729,train
66845,train
59882,train
61901,train
69033,train
9748,train
2140,train
21876,train
13352,train
44346,train
6191,train
28680,train
38560,train
11991,train
20866,train
59819,train
48310,train
40086,train
22947,train
23545,train
63267,train
13436,train
21059,train
33116,train
16673,train
22080,train
533,train
57052,train
40541,train
13778,train
41797,train
45694,train
13722,train
22186,train
32064,train
19250,train
48569,train
10951,train
26937,train
23972,train
2121,train
45985,train
69724,train
12409,train
34129,train
34467,train
4127,train
60438,train
53896,train
14672,train
23325,train
5669,train
6669,train
14644,train
22519,train
55526,train
22940,train
70527,train
50671,train
42924,train
18884,train
14951,train
4449,train
37740,train
22710,train
58967,train
58576,train
25729,train
44304,train
35348,train
38190,train
47270,train
29255,train
47759,train
9089,train
16369,train
41863,train
40843,train
55422,train
19991,train
60450,train
60718,train
21584,train
56407,train
33168,train
34645,train
57680,train
30295,train
11126,train
30424,train
41945,train
53162,train
19404,train
27772,train
36976,train
33270,train
40669,train
30820,train
11776,train
16284,train
32872,train
49107,train
57710,train
12340,train
34955,train
48705,train
19463,train
35857,train
67991,train
23199,train
15811,train
23642,train
23661,train
6198,train
6312,train
19539,train
21397,train
22229,train
15528,train
48890,train
25548,train
15984,train
9263,train
10362,train
13459,train
13638,train
43864,train
29963,train
33288,train
34852,train
913,train
47228,train
69882,train
44646,train
15420,train
37278,train
34693,train
51916,train
7271,train
55706,train
60763,train
19273,train
37251,train
67126,train
17007,train
19525,train
30363,train
10377,train
17541,train
55804,train
6955,train
7385,train
39917,train
61874,train
377,train
12976,train
69118,train
61310,train
56674,train
46874,train
52601,train
33726,train
44672,train
6855,train
69034,train
12630,train
62263,train
18568,train
25480,train
15152,train
63084,train
46637,train
40492,train
56340,train
6812,train
7488,train
56711,train
39533,train
1238,train
56073,train
52319,train
39700,train
27656,train
21209,train
20168,train
56298,train
1222,train
27407,train
62342,train
7540,train
53478,train
70548,train
39065,train
64464,train
58083,train
6700,train
39413,train
66011,train
17003,train
20194,train
37411,train
38445,train
29625,train
22251,train
1655,train
17402,train
54048,train
13884,train
66436,train
24273,train
25739,train
45390,train
61045,train
12070,train
35910,train
9027,train
15585,train
22677,train
60034,train
23453,train
26138,train
3054,train
43150,train
22822,train
65756,train
5674,train
68407,train
43535,train
33918,train
18297,train
50419,train
9431,train
44653,train
45829,train
6974,train
68433,train
55147,train
15996,train
6650,train
5981,train
63215,train
53269,train
61349,train
15208,train
52338,train
18619,train
34098,train
61449,train
64704,train
9373,train
9725,train
40197,train
22185,train
29580,train
45281,train
32056,train
34119,train
58281,train
804,train
45839,train
2997,train
62073,train
6159,train
50675,train
6516,train
9472,train
54809,train
38541,train
34978,train
7296,train
60940,train
49547,train
35179,train
14598,train
35011,train
5258,train
14769,train
40196,train
19170,train
34266,train
15080,train
11430,train
12529,train
13575,train
54888,train
47497,train
31140,train
45416,train
67313,train
21108,train
38405,train
38248,train
34351,train
27345,train
66389,train
63738,train
2971,train
18471,train
31870,train
60710,train
57992,train
19889,train
46856,train
21814,train
38010,train
69428,train
22502,train
23312,train
6534,train
34150,train
15337,train
8745,train
54503,train
35282,train
2935,train
11174,train
34999,train
55677,train
37231,train
64574,train
9848,train
6469,train
58704,train
24428,train
47364,train
70317,train
57157,train
11156,train
54507,train
65972,train
67107,train
12002,train
33009,train
9253,train
55620,train
42808,train
14250,train
57056,train
62868,train
13973,train
50136,train
65346,train
32799,train
15946,train
60406,train
69219,train
10449,train
33275,train
63870,train
54907,train
30462,train
18245,train
250,train
34284,train
4139,train
56788,train
70310,train
2414,train
67172,train
26885,train
12447,train
61165,train
63827,train
48872,train
54373,train
46773,train
39768,train
4643,train
24851,train
68262,train
59913,train
51789,train
27711,train
59434,train
39390,train
1789,train
61641,train
64785,train
54566,train
56451,train
12893,train
28425,train
67320,train
68772,train
25228,train
51994,train
1717,train
59260,train
31307,train
15179,train
4944,train
9577,train
29291,train
17788,train
1296,train
58796,train
38962,train
38222,train
17263,train
3918,train
33934,train
1863,train
51644,train
38683,train
51309,train
6992,train
14887,train
39143,train
38685,train
22650,train
67030,train
50467,train
39419,train
43344,train
53039,train
3319,train
57861,train
3022,train
43450,train
69051,train
95,train
4734,train
49524,train
50235,train
17080,train
12277,train
67841,train
68435,train
61982,train
31229,train
38487,train
68735,train
38474,train
3001,train
60081,train
41245,train
47508,train
69994,train
40566,train
41128,train
34294,train
50769,train
65,train
46775,train
21695,train
43434,train
9791,train
41153,train
6285,train
24703,train
60484,train
34411,train
1140,train
44056,train
29552,train
23563,train
62791,train
41069,train
56861,train
46108,train
39893,train
43235,train
18882,train
56406,train
6811,train
53975,train
6338,train
24492,train
46430,train
119,train
48347,train
61378,train
63968,train
12064,train
17019,train
29614,train
10016,train
2232,train
29471,train
11230,train
10485,train
37145,train
24930,train
31062,train
659,train
16313,train
48301,train
4739,train
64618,train
47671,train
27554,train
41509,train
693,train
39463,train
43913,train
6509,train
41320,train
25393,train
47347,train
65329,train
27462,train
16679,train
63094,train
52185,train
320,train
52902,train
44443,train
7618,train
52054,train
62891,train
69307,train
33276,train
45357,train
51849,train
8815,train
45655,train
19202,train
33940,train
37476,train
48176,train
40088,train
14998,train
398,train
14469,train
64411,train
61541,train
67875,train
14112,train
27967,train
30477,train
11445,train
9220,train
5124,train
29865,train
6542,train
37475,train
57165,train
17658,train
23925,train
27344,train
12037,train
48290,train
64876,train
24380,train
20092,train
64273,train
15701,train
11391,train
54468,train
15735,train
45453,train
37214,train
2694,train
44616,train
15837,train
54366,train
10235,train
47395,train
52780,train
39489,train
52995,train
49793,train
59516,train
18051,train
53815,train
68018,train
32524,train
11859,train
4082,train
63545,train
126,train
45676,train
8031,train
16181,train
2040,train
56035,train
12643,train
46968,train
21072,train
59744,train
20585,train
19941,train
61823,train
32909,train
51408,train
55865,train
40982,train
6772,train
52384,train
54412,train
61120,train
4634,train
11641,train
59923,train
36879,train
35821,train
30679,train
18131,train
56873,train
15211,train
60061,train
57019,train
40708,train
49048,train
44566,train
45616,train
6928,train
70151,train
32891,train
5485,train
42340,train
70618,train
34378,train
24217,train
27270,train
5949,train
3470,train
56168,train
11980,train
27990,train
70127,train
18071,train
5060,train
67246,train
42058,train
20426,train
38944,train
9869,train
25566,train
40510,train
37628,train
40191,train
26133,train
52444,train
60799,train
38271,train
48177,train
7617,train
15356,train
11966,train
42416,train
3161,train
37601,train
2770,train
24726,train
50461,train
4150,train
38928,train
11714,train
37524,train
7024,train
1873,train
2547,train
62168,train
57272,train
61140,train
8316,train
69286,train
63127,train
24700,train
53,train
59950,train
34432,train
59050,train
7592,train
18393,train
6136,train
25412,train
35405,train
47927,train
30112,train
66131,train
41582,train
20255,train
57702,train
12510,train
44725,train
23104,train
12513,train
18889,train
40578,train
39354,train
8027,train
22918,train
69997,train
27966,train
31614,train
35333,train
39108,train
33453,train
8390,train
51398,train
51298,train
32250,train
37718,train
22450,train
4582,train
48042,train
55714,train
10374,train
48722,train
12104,train
60433,train
51010,train
12179,train
41418,train
3325,train
37710,train
1158,train
23559,train
34743,train
49941,train
17381,train
44932,train
2351,train
30921,train
63979,train
58821,train
21673,train
54930,train
61123,train
54980,train
28324,train
60411,train
50484,train
60485,train
27528,train
7607,train
32910,train
21516,train
24762,train
12128,train
43407,train
54224,train
36197,train
35985,train
52827,train
17189,train
26877,train
30616,train
21082,train
70303,train
4009,train
44937,train
19135,train
23297,train
37033,train
33713,train
7347,train
63779,train
52886,train
41068,train
36118,train
47505,train
54289,train
55215,train
22838,train
40936,train
42900,train
42502,train
66966,train
51000,train
20496,train
49273,train
5186,train
27759,train
884,train
54514,train
47382,train
53544,train
31970,train
34026,train
3097,train
53648,train
54647,train
49254,train
42738,train
52762,train
60807,train
40910,train
25770,train
52435,train
48413,train
34049,train
13876,train
39728,train
49669,train
62912,train
64848,train
52718,train
4132,train
6896,train
46627,train
3018,train
60723,train
2825,train
45117,train
2633,train
36657,train
9025,train
20546,train
13972,train
30529,train
6286,train
2506,train
69320,train
66549,train
55365,train
22252,train
9639,train
24258,train
36374,train
28095,train
29748,train
8580,train
9174,train
46071,train
53229,train
41134,train
41977,train
69208,train
21315,train
47531,train
46727,train
20735,train
29143,train
18900,train
34354,train
9936,train
21153,train
23188,train
13950,train
51262,train
43025,train
38102,train
32252,train
35941,train
45132,train
3807,train
39711,train
39788,train
50665,train
62925,train
53067,train
32978,train
56577,train
16983,train
51973,train
30664,train
65634,train
22545,train
8137,train
29133,train
14702,train
48760,train
52481,train
64152,train
19330,train
58524,train
1420,train
8642,train
26097,train
26687,train
27130,train
55665,train
64219,train
66901,train
64822,train
53044,train
65381,train
8859,train
61649,train
42633,train
51182,train
40676,train
5239,train
70646,train
10138,train
54839,train
48721,train
4753,train
44865,train
28668,train
15358,train
12428,train
44645,train
39972,train
40602,train
64927,train
17817,train
36649,train
31093,train
54963,train
22735,train
8557,train
25960,train
31512,train
53884,train
34659,train
25149,train
16955,train
56628,train
40841,train
28152,train
15871,train
54461,train
28562,train
17059,train
62357,train
17674,train
62738,train
55566,train
15289,train
70296,train
68227,train
39637,train
29673,train
65647,train
5579,train
36644,train
59588,train
58727,train
12347,train
36692,train
62038,train
24953,train
58841,train
2703,train
42803,train
14633,train
24918,train
32839,train
18778,train
13445,train
48796,train
16964,train
46568,train
46168,train
30558,train
9416,train
53564,train
48251,train
64443,train
21156,train
12812,train
40073,train
12209,train
18602,train
49105,train
57891,train
10375,train
31871,train
7420,train
61461,train
9816,train
36325,train
33791,train
35549,train
48587,train
55986,train
26906,train
61965,train
10879,train
61411,train
66543,train
29171,train
18512,train
30961,train
31429,train
43963,train
4511,train
19317,train
52602,train
8481,train
21733,train
60369,train
34051,train
33368,train
69295,train
8584,train
2878,train
6740,train
60665,train
9452,train
49552,train
14466,train
23797,train
17195,train
28477,train
42870,train
55915,train
31082,train
32578,train
9117,train
56183,train
70587,train
7507,train
31185,train
21324,train
29890,train
36176,train
60706,train
12366,train
34096,train
2321,train
28087,train
40972,train
42322,train
47743,train
9363,train
8700,train
30796,train
15804,train
12652,train
56929,train
40565,train
43205,train
23945,train
25994,train
23600,train
49272,train
18922,train
66662,train
1050,train
13074,train
8974,train
15317,train
53134,train
39273,train
44648,train
61514,train
32185,train
55947,train
55558,train
68360,train
36834,train
58172,train
51547,train
30479,train
5481,train
70195,train
65206,train
65571,train
62981,train
67837,train
34851,train
56304,train
8926,train
12967,train
24488,train
53283,train
16689,train
14994,train
12398,train
59080,train
60986,train
39181,train
69160,train
53541,train
33287,train
60291,train
33521,train
29469,train
43861,train
70457,train
38107,train
20110,train
22635,train
56083,train
46333,train
49486,train
37988,train
48240,train
1415,train
16576,train
15821,train
23121,train
7027,train
7080,train
61944,train
31824,train
11072,train
35010,train
33216,train
42476,train
14514,train
39216,train
25179,train
63704,train
2664,train
4705,train
66621,train
41619,train
24092,train
52288,train
5382,train
15165,train
58120,train
48230,train
22920,train
44524,train
68222,train
39309,train
63297,train
63620,train
57966,train
52138,train
46881,train
28624,train
59574,train
65254,train
24550,train
45812,train
52883,train
11292,train
5984,train
46705,train
18283,train
2591,train
40555,train
52491,train
20968,train
47223,train
4934,train
22771,train
14387,train
5265,train
20669,train
6900,train
63452,train
31384,train
37857,train
57328,train
26614,train
246,train
16705,train
15219,train
41661,train
23255,train
27834,train
64504,train
17495,train
47084,train
6036,train
48253,train
51442,train
66553,train
65552,train
65850,train
55512,train
60124,train
39475,train
21151,train
26035,train
751,train
45715,train
61889,train
33685,train
31599,train
61008,train
41493,train
3792,train
28250,train
70659,train
3326,train
19797,train
31441,train
39646,train
58350,train
36561,train
68860,train
57062,train
43258,train
50390,train
62441,train
24980,train
57829,train
39315,train
12624,train
66116,train
53951,train
69811,train
69180,train
28590,train
40452,train
10007,train
52536,train
26477,train
50388,train
54519,train
57758,train
55655,train
69727,train
7687,train
40603,train
3577,train
37211,train
44074,train
59225,train
69889,train
64403,train
34092,train
67106,train
39902,train
14381,train
27855,train
33179,train
67827,train
3164,train
46537,train
68359,train
23893,train
15965,train
37054,train
57554,train
19776,train
17043,train
54276,train
44870,train
67486,train
19172,train
43131,train
19098,train
69298,train
3403,train
16145,train
11935,train
26648,train
16639,train
57418,train
11601,train
18117,train
68382,train
69511,train
39410,train
68215,train
26200,train
65610,train
5879,train
14833,train
23430,train
34356,train
59525,train
48369,train
54915,train
49873,train
48071,train
19546,train
50121,train
44163,train
41616,train
45760,train
26627,train
6329,train
35939,train
31714,train
37770,train
39351,train
3676,train
35245,train
5517,train
46335,train
8401,train
30256,train
10708,train
39507,train
33420,train
40048,train
48014,train
51835,train
59180,train
56054,train
1739,train
66949,train
68550,train
1864,train
21867,train
64694,train
6446,train
9988,train
13340,train
20747,train
1642,train
299,train
4898,train
4607,train
38639,train
44395,train
42163,train
21890,train
55314,train
31554,train
58550,train
2482,train
25131,train
28898,train
5906,train
13697,train
3910,train
17031,train
44699,train
44259,train
56977,train
33727,train
68712,train
11613,train
43332,train
63003,train
62234,train
63361,train
42552,train
64621,train
25425,train
29355,train
25115,train
68992,train
14641,train
66612,train
60251,train
44464,train
67598,train
55180,train
27530,train
32948,train
13228,train
46693,train
41905,train
56487,train
63945,train
50659,train
61244,train
39221,train
31885,train
43269,train
3476,train
68228,train
47127,train
9599,train
35802,train
66122,train
28298,train
50401,train
19898,train
29954,train
9370,train
55951,train
68325,train
23764,train
42682,train
25336,train
33165,train
10003,train
57066,train
65908,train
31502,train
50258,train
19732,train
30234,train
32718,train
49978,train
64943,train
35923,train
56879,train
12271,train
2415,train
8320,train
30867,train
50736,train
7887,train
68821,train
8265,train
41222,train
63009,train
4197,train
20456,train
17972,train
14135,train
68883,train
38874,train
62175,train
22974,train
35708,train
12078,train
57596,train
12594,train
69445,train
4312,train
13587,train
10916,train
13096,train
14797,train
68302,train
35662,train
38453,train
69610,train
35447,train
30217,train
19622,train
3654,train
4062,train
24202,train
39026,train
60140,train
56430,train
34481,train
845,train
42658,train
18255,train
5190,train
29501,train
967,train
57472,train
50780,train
8704,train
25801,train
39892,train
23999,train
45687,train
48050,train
1959,train
53345,train
5635,train
36930,train
51128,train
28725,train
29077,train
2514,train
21486,train
14147,train
55177,train
14266,train
19243,train
32471,train
18688,train
11768,train
39402,train
58043,train
2113,train
17206,train
18697,train
51939,train
50626,train
55723,train
17955,train
48942,train
39789,train
42375,train
35200,train
54569,train
56079,train
248,train
13230,train
40760,train
36090,train
50412,train
43650,train
39499,train
12434,train
29267,train
66334,train
18763,train
61843,train
55476,train
51200,train
43005,train
5859,train
43863,train
49980,train
44340,train
54004,train
63815,train
52707,train
17153,train
59656,train
2585,train
22797,train
60368,train
2343,train
69829,train
29105,train
61921,train
62755,train
46711,train
30176,train
5697,train
61469,train
45817,train
64093,train
10850,train
42555,train
12809,train
20730,train
46527,train
43827,train
27496,train
9141,train
40367,train
37803,train
57054,train
63050,train
37788,train
10533,train
44989,train
38996,train
12273,train
23908,train
66945,train
59344,train
48557,train
44130,train
50282,train
14733,train
22678,train
11652,train
43357,train
47328,train
20800,train
14220,train
20996,train
56252,train
63121,train
41664,train
26345,train
67240,train
37716,train
17988,train
45291,train
43709,train
62902,train
25589,train
66234,train
57393,train
46193,train
24594,train
32023,train
22287,train
66326,train
45618,train
8034,train
24781,train
37053,train
30834,train
61238,train
9765,train
5450,train
50729,train
27930,train
1027,train
29024,train
31279,train
58637,train
54997,train
60572,train
31191,train
67459,train
57024,train
10176,train
45331,train
25512,train
2972,train
34391,train
54227,train
31508,train
26148,train
9859,train
58873,train
63168,train
1497,train
62383,train
37331,train
42618,train
67992,train
64760,train
2129,train
1338,train
17160,train
16744,train
43505,train
64687,train
59962,train
33402,train
66799,train
5887,train
32824,train
26500,train
69832,train
26989,train
12794,train
51414,train
15579,train
36364,train
34006,train
45764,train
19307,train
34502,train
27682,train
54796,train
15164,train
11855,train
60740,train
69990,train
24719,train
54312,train
25437,train
11394,train
45239,train
12890,train
37429,train
30964,train
50346,train
21212,train
54416,train
32080,train
21337,train
55987,train
31647,train
63929,train
43728,train
49882,train
28000,train
2338,train
29358,train
62944,train
3380,train
23394,train
39148,train
50756,train
12834,train
53028,train
61385,train
55440,train
56793,train
10144,train
16195,train
36405,train
30208,train
14117,train
55866,train
60829,train
49933,train
40150,train
60645,train
51580,train
64304,train
15305,train
68958,train
47110,train
55842,train
11228,train
43880,train
9347,train
63282,train
53977,train
31919,train
159,train
29180,train
49501,train
36148,train
39562,train
41757,train
16466,train
13134,train
66911,train
62879,train
62249,train
17230,train
48330,train
7312,train
68583,train
58587,train
4429,train
57339,train
61266,train
8850,train
66895,train
21293,train
56808,train
47078,train
9179,train
67963,train
7158,train
8539,train
17491,train
13916,train
42463,train
28420,train
14038,train
770,train
62646,train
13555,train
334,train
67868,train
58372,train
59579,train
25039,train
49652,train
2025,train
5688,train
23874,train
28347,train
60567,train
50524,train
31205,train
19030,train
53989,train
39400,train
11161,train
19034,train
22477,train
57547,train
20186,train
50471,train
47341,train
44268,train
50408,train
61333,train
46489,train
58740,train
64772,train
25643,train
50323,train
8867,train
48685,train
51387,train
36731,train
14564,train
5358,train
35146,train
34405,train
35602,train
9480,train
53296,train
3682,train
4252,train
53380,train
50029,train
39857,train
36375,train
40680,train
64995,train
18826,train
31960,train
56776,train
4286,train
38135,train
48292,train
48724,train
11237,train
465,train
50510,train
51392,train
14756,train
67462,train
32943,train
43524,train
31482,train
9323,train
58196,train
44947,train
64446,train
17562,train
29917,train
60355,train
5652,train
36630,train
24864,train
22005,train
33229,train
12067,train
10507,train
52630,train
5639,train
11117,train
24764,train
13883,train
54267,train
13927,train
61164,train
6137,train
1649,train
11051,train
64835,train
26253,train
45431,train
48259,train
42377,train
53771,train
61629,train
49799,train
69498,train
67149,train
41637,train
54595,train
52582,train
62421,train
26630,train
12108,train
33369,train
59044,train
60825,train
18888,train
26005,train
12671,train
68212,train
24268,train
65000,train
9966,train
14172,train
24786,train
56334,train
32818,train
52139,train
32371,train
19664,train
34163,train
54498,train
50807,train
38141,train
3575,train
2320,train
19619,train
38568,train
25979,train
25874,train
32108,train
14583,train
22652,train
2401,train
28648,train
9368,train
23050,train
5696,train
68604,train
7746,train
5742,train
40866,train
40668,train
1748,train
40202,train
8456,train
8267,train
32813,train
70019,train
36939,train
19421,train
39971,train
35583,train
35997,train
16988,train
15248,train
15133,train
12686,train
27183,train
47563,train
29822,train
4269,train
60028,train
60258,train
55106,train
63346,train
43617,train
24106,train
52044,train
3234,train
65557,train
68759,train
67607,train
54833,train
15213,train
21901,train
21883,train
54404,train
6196,train
46791,train
13362,train
33166,train
32649,train
22466,train
32466,train
65408,train
60222,train
30662,train
35258,train
65175,train
63686,train
38402,train
56369,train
41632,train
13673,train
9802,train
17383,train
55800,train
65953,train
42153,train
13141,train
69756,train
46417,train
19362,train
13845,train
14425,train
62412,train
39223,train
70218,train
13421,train
18082,train
20742,train
32720,train
14213,train
63795,train
55125,train
9487,train
26195,train
15915,train
39340,train
16864,train
14107,train
29384,train
22553,train
33150,train
21092,train
2151,train
59922,train
52126,train
62205,train
26492,train
1108,train
56575,train
53459,train
27042,train
62713,train
44939,train
13128,train
5660,train
57038,train
22072,train
59461,train
29308,train
4120,train
25811,train
35607,train
39900,train
54935,train
64384,train
2333,train
9458,train
25786,train
65444,train
31526,train
62222,train
5368,train
29412,train
31462,train
47366,train
65049,train
62405,train
18091,train
47146,train
14122,train
25663,train
66151,train
7216,train
20364,train
69449,train
51490,train
10363,train
10955,train
27586,train
63547,train
54912,train
55787,train
59396,train
56223,train
70133,train
62980,train
26329,train
43168,train
28573,train
33849,train
20693,train
50661,train
15661,train
54076,train
51693,train
40403,train
22221,train
51147,train
44673,train
31172,train
52543,train
3972,train
68564,train
49281,train
54053,train
28394,train
29855,train
16122,train
54173,train
43627,train
31017,train
42475,train
29234,train
69255,train
68932,train
28988,train
1944,train
16021,train
50855,train
56057,train
41299,train
23508,train
15820,train
4374,train
59821,train
66545,train
43033,train
56415,train
34046,train
33755,train
29873,train
28586,train
23899,train
68660,train
58864,train
56362,train
30807,train
27588,train
52514,train
10075,train
24601,train
22985,train
53707,train
27849,train
1263,train
3095,train
7242,train
47330,train
43796,train
6314,train
64218,train
16866,train
23129,train
20943,train
27434,train
65853,train
6473,train
45799,train
69257,train
8272,train
67031,train
42756,train
3288,train
21083,train
28656,train
55958,train
66596,train
42609,train
69515,train
57470,train
29880,train
65335,train
50910,train
38418,train
43574,train
66705,train
10902,train
37757,train
56595,train
27925,train
26604,train
9190,train
66564,train
67724,train
68778,train
61509,train
27406,train
7311,train
45360,train
44535,train
47273,train
6442,train
50862,train
34009,train
9293,train
7161,train
34800,train
29735,train
34710,train
41306,train
18069,train
54355,train
28886,train
63986,train
32621,train
7897,train
57068,train
49806,train
13935,train
20830,train
38610,train
11377,train
39159,train
32665,train
21379,train
57170,train
23557,train
70247,train
14709,train
25732,train
68481,train
39677,train
61232,train
45482,train
22613,train
916,train
34558,train
185,train
29995,train
24508,train
40824,train
10981,train
46149,train
60138,train
49734,train
4093,train
32462,train
64063,train
46277,train
6627,train
23525,train
33122,train
5234,train
28636,train
61109,train
66035,train
51458,train
17478,train
56792,train
1786,train
9830,train
20243,train
15022,train
50015,train
33038,train
22714,train
59217,train
25575,train
20306,train
44816,train
58931,train
4258,train
49731,train
37998,train
55379,train
12552,train
65256,train
43693,train
5433,train
46257,train
20773,train
28677,train
13384,train
22454,train
16095,train
30251,train
61538,train
60259,train
27314,train
63606,train
59437,train
33189,train
56599,train
47311,train
27792,train
8222,train
62397,train
5347,train
60312,train
55372,train
48737,train
10431,train
36741,train
15981,train
18843,train
13113,train
8641,train
28031,train
58244,train
33491,train
7426,train
48738,train
7876,train
24088,train
37248,train
1651,train
44335,train
31383,train
5861,train
27226,train
14688,train
35767,train
47418,train
7725,train
2712,train
34697,train
6165,train
22463,train
29127,train
3632,train
67618,train
69591,train
2748,train
39062,train
16344,train
11781,train
43427,train
46019,train
66290,train
44659,train
36953,train
48105,train
53881,train
32093,train
4416,train
945,train
56559,train
40695,train
68938,train
27686,train
56505,train
18699,train
62043,train
20835,train
18772,train
53868,train
61873,train
48215,train
35803,train
61939,train
38679,train
38136,train
25029,train
19935,train
38386,train
45615,train
15950,train
9919,train
45734,train
36432,train
54188,train
53211,train
31912,train
14768,train
1975,train
5253,train
7334,train
16459,train
38181,train
14086,train
67115,train
30358,train
67219,train
17268,train
61314,train
34588,train
40735,train
19385,train
145,train
45635,train
65630,train
29098,train
25652,train
22043,train
61665,train
35251,train
541,train
22230,train
22968,train
34655,train
3267,train
44848,train
29998,train
53557,train
14455,train
21585,train
8796,train
34416,train
44913,train
47342,train
29,train
16349,train
35281,train
41629,train
3930,train
63494,train
44826,train
32436,train
49713,train
58143,train
52323,train
31881,train
19121,train
45908,train
18302,train
59549,train
37906,train
11801,train
47659,train
20253,train
26735,train
33927,train
49607,train
27015,train
5412,train
31593,train
30802,train
48125,train
53137,train
48679,train
41343,train
9556,train
25607,train
42748,train
22555,train
37727,train
55094,train
64893,train
3606,train
34094,train
6903,train
53048,train
60496,train
33486,train
52327,train
65542,train
63319,train
61739,train
15108,train
43751,train
42253,train
55450,train
37202,train
627,train
45605,train
53467,train
17677,train
48477,train
70586,train
50820,train
57425,train
49894,train
34753,train
33651,train
55276,train
8446,train
47687,train
38281,train
31303,train
47640,train
68205,train
5043,train
47021,train
9753,train
62542,train
21047,train
55571,train
771,train
9997,train
16366,train
2033,train
61025,train
11245,train
9136,train
49360,train
36755,train
16493,train
7481,train
21832,train
14936,train
25481,train
15592,train
13889,train
48577,train
40759,train
36936,train
24990,train
48943,train
15132,train
36307,train
22111,train
40084,train
22406,train
62600,train
20784,train
55753,train
5973,train
47172,train
6487,train
34038,train
65245,train
10293,train
59854,train
40030,train
21495,train
15354,train
38800,train
55720,train
21030,train
61149,train
56936,train
63134,train
51769,train
36956,train
25682,train
41503,train
36697,train
31836,train
8829,train
10151,train
17101,train
62819,train
66624,train
21405,train
68436,train
65816,train
70583,train
19311,train
40868,train
16776,train
22793,train
31864,train
62932,train
49370,train
30624,train
46097,train
40341,train
50352,train
16035,train
50353,train
13039,train
53878,train
13665,train
26414,train
44430,train
59961,train
12379,train
4558,train
62963,train
21987,train
47717,train
59392,train
15240,train
42667,train
45461,train
49994,train
33219,train
55015,train
21206,train
7891,train
22630,train
45622,train
43802,train
19682,train
68099,train
4583,train
6249,train
29721,train
50947,train
5787,train
8251,train
4445,train
43414,train
53457,train
8998,train
54315,train
35805,train
21018,train
48030,train
66273,train
46464,train
69827,train
70407,train
65623,train
23151,train
43144,train
24819,train
3516,train
827,train
58262,train
69689,train
45749,train
59984,train
54988,train
49737,train
34264,train
24680,train
55071,train
11709,train
16392,train
48307,train
65578,train
52889,train
24395,train
57628,train
49518,train
63907,train
2904,train
36800,train
2492,train
45270,train
16524,train
18737,train
68000,train
22851,train
66333,train
67027,train
9489,train
24721,train
32641,train
35060,train
19585,train
69807,train
26429,train
44977,train
63205,train
53914,train
20565,train
46663,train
8254,train
50171,train
21721,train
20660,train
11706,train
16350,train
37886,train
34123,train
7914,train
15163,train
50525,train
6360,train
47335,train
52318,train
33972,train
26922,train
59637,train
47326,train
9737,train
21438,train
15239,train
8474,train
41813,train
26890,train
69838,train
47951,train
8528,train
43088,train
15076,train
43124,train
58122,train
22364,train
23693,train
5638,train
39435,train
11164,train
59272,train
60215,train
5178,train
9719,train
60073,train
49461,train
27762,train
35118,train
57247,train
3389,train
15775,train
57739,train
54567,train
68867,train
34199,train
26342,train
52431,train
70388,train
46557,train
51009,train
3128,train
28799,train
16409,train
11447,train
56885,train
23855,train
34062,train
65421,train
3995,train
20221,train
13149,train
65867,train
12655,train
46194,train
26385,train
61519,train
32606,train
52244,train
752,train
35468,train
20319,train
46710,train
1702,train
9418,train
23598,train
19948,train
49519,train
39360,train
3177,train
55779,train
15155,train
58448,train
68790,train
68656,train
32504,train
51628,train
27844,train
70547,train
3204,train
67561,train
48183,train
58997,train
314,train
46844,train
53711,train
32120,train
5907,train
19189,train
41938,train
22742,train
13801,train
29818,train
55136,train
63926,train
32253,train
37208,train
22963,train
57671,train
37895,train
39182,train
1788,train
37931,train
65722,train
44716,train
69311,train
16583,train
65629,train
5574,train
38658,train
70579,train
36110,train
26892,train
42071,train
26210,train
20632,train
30185,train
63676,train
13881,train
20610,train
43658,train
48288,train
11840,train
67045,train
9087,train
6448,train
34430,train
19022,train
22254,train
37687,train
19418,train
66658,train
54115,train
47457,train
38131,train
23776,train
29131,train
42608,train
47135,train
51577,train
62931,train
34309,train
26910,train
21226,train
30279,train
10346,train
27151,train
55778,train
35768,train
16893,train
36788,train
52330,train
59426,train
68113,train
38307,train
35509,train
23161,train
16180,train
68400,train
29141,train
51941,train
10852,train
555,train
35645,train
32613,train
41694,train
36781,train
16385,train
13282,train
4176,train
21885,train
24455,train
31018,train
35419,train
26007,train
30944,train
47353,train
20583,train
24727,train
21985,train
37669,train
28496,train
23415,train
55821,train
36152,train
31261,train
20140,train
10692,train
63186,train
2217,train
48191,train
35546,train
69539,train
52711,train
64203,train
66654,train
61979,train
58356,train
49702,train
54974,train
60148,train
63831,train
13582,train
67214,train
10894,train
64476,train
59895,train
8801,train
38672,train
37685,train
44931,train
14547,train
34803,train
40674,train
35977,train
9751,train
60008,train
68921,train
11755,train
67545,train
29293,train
50119,train
2092,train
65327,train
15384,train
2822,train
53616,train
56806,train
31932,train
2905,train
25401,train
49700,train
42801,train
13410,train
67599,train
8748,train
32526,train
11815,train
50586,train
8268,train
56120,train
16748,train
15044,train
13841,train
45707,train
18531,train
68028,train
47624,train
34930,train
30144,train
3747,train
43052,train
61224,train
2760,train
24138,train
59664,train
70227,train
61681,train
9926,train
19431,train
2255,train
29848,train
16971,train
40308,train
57173,train
49747,train
51609,train
56309,train
66164,train
69008,train
30530,train
20551,train
36462,train
56306,train
13939,train
51313,train
666,train
16740,train
10816,train
54686,train
6115,train
275,train
54501,train
14809,train
13678,train
66042,train
20500,train
47329,train
47404,train
27336,train
20006,train
55899,train
42858,train
3578,train
44041,train
4419,train
62289,train
28719,train
30788,train
47186,train
21973,train
70387,train
19241,train
56919,train
34403,train
59476,train
55751,train
10258,train
18709,train
51308,train
47725,train
195,train
56055,train
13051,train
48870,train
44040,train
24053,train
49302,train
49764,train
11670,train
17463,train
68313,train
60361,train
37076,train
33333,train
17391,train
56796,train
67797,train
2902,train
20227,train
50233,train
67515,train
3875,train
26422,train
68815,train
24430,train
45730,train
1731,train
7852,train
25996,train
7993,train
34168,train
59198,train
69512,train
25108,train
63637,train
9855,train
16871,train
49224,train
6994,train
32177,train
22531,train
12335,train
14660,train
69621,train
5428,train
18217,train
14666,train
23745,train
9812,train
55110,train
70520,train
46989,train
18022,train
33538,train
47513,train
10324,train
55882,train
20233,train
5590,train
40684,train
65925,train
15980,train
63638,train
25752,train
10654,train
40651,train
24983,train
12132,train
26137,train
69327,train
44738,train
64827,train
58035,train
29847,train
34255,train
38026,train
42705,train
32039,train
45200,train
12765,train
58600,train
12312,train
26857,train
44416,train
15551,train
42140,train
57878,train
49954,train
66480,train
52121,train
38826,train
21320,train
44774,train
65130,train
29304,train
69705,train
21449,train
59087,train
11456,train
9232,train
55411,train
67764,train
64906,train
70453,train
32019,train
56679,train
42017,train
14698,train
45643,train
26776,train
1750,train
56281,train
16449,train
54728,train
44079,train
59371,train
63421,train
3805,train
40420,train
55172,train
16647,train
37096,train
2898,train
44818,train
68740,train
10982,train
8450,train
2170,train
41188,train
27376,train
21683,train
39542,train
68632,train
60569,train
5825,train
20045,train
17091,train
22310,train
35842,train
747,train
46298,train
33746,train
33153,train
41287,train
38854,train
25410,train
54663,train
2691,train
32426,train
8996,train
31198,train
13458,train
24095,train
62546,train
17991,train
32470,train
10921,train
5383,train
18210,train
69738,train
7085,train
49766,train
15120,train
30342,train
27590,train
41548,train
69937,train
22616,train
8590,train
13044,train
68708,train
39004,train
41356,train
60307,train
15736,train
61254,train
21524,train
13877,train
3429,train
34652,train
9070,train
40955,train
17619,train
37454,train
30901,train
4627,train
16193,train
38562,train
15524,train
68257,train
29640,train
62532,train
48462,train
45310,train
28259,train
42407,train
66029,train
1243,train
38184,train
18335,train
57083,train
35107,train
19859,train
23403,train
37021,train
41662,train
59480,train
53792,train
63752,train
46175,train
8785,train
52089,train
26337,train
46772,train
57408,train
50588,train
59477,train
5247,train
50232,train
60725,train
50532,train
56783,train
29080,train
46094,train
51038,train
216,train
29799,train
42455,train
15739,train
68337,train
35489,train
52000,train
53990,train
7043,train
73,train
22611,train
70104,train
16379,train
10725,train
57084,train
43591,train
21545,train
9813,train
6713,train
49204,train
42320,train
15299,train
42663,train
26275,train
20442,train
38600,train
53939,train
12111,train
34514,train
35776,train
9993,train
59006,train
12761,train
33489,train
51738,train
58541,train
53417,train
40190,train
12482,train
1858,train
35494,train
3198,train
65460,train
64271,train
42433,train
59036,train
68853,train
60601,train
49306,train
50204,train
19958,train
35013,train
29795,train
9056,train
16231,train
68485,train
7992,train
22360,train
31652,train
60063,train
4325,train
24928,train
15308,train
6911,train
65397,train
16352,train
3710,train
52932,train
28770,train
20069,train
42896,train
9841,train
46388,train
23468,train
67822,train
39616,train
47973,train
19946,train
38616,train
64198,train
62827,train
54520,train
70064,train
57648,train
47829,train
33097,train
17654,train
46478,train
25687,train
39104,train
44732,train
10321,train
9381,train
23702,train
39799,train
4516,train
23295,train
30265,train
41146,train
54608,train
63193,train
23093,train
17761,train
64461,train
21527,train
65963,train
18115,train
32764,train
26036,train
58874,train
40719,train
22416,train
36611,train
29610,train
50017,train
48704,train
31414,train
29777,train
10011,train
2149,train
42598,train
10759,train
57325,train
33421,train
8880,train
10042,train
36686,train
23520,train
28349,train
50420,train
47408,train
1510,train
38626,train
52163,train
38995,train
55767,train
54862,train
35362,train
36229,train
20727,train
42657,train
23432,train
57483,train
54168,train
2373,train
29615,train
5694,train
37373,train
40906,train
4235,train
30344,train
49801,train
69582,train
17851,train
48897,train
14915,train
34032,train
46803,train
5645,train
22981,train
63923,train
2671,train
32949,train
22516,train
58534,train
57655,train
50086,train
12520,train
28432,train
65133,train
70274,train
65897,train
45150,train
37860,train
14242,train
67334,train
52898,train
31145,train
37301,train
5168,train
34532,train
39430,train
36711,train
41972,train
25200,train
59313,train
38052,train
7664,train
46270,train
22405,train
2910,train
69513,train
50615,train
15258,train
46007,train
70447,train
49817,train
22890,train
5912,train
37299,train
54725,train
14779,train
14409,train
30894,train
68663,train
55519,train
63657,train
13131,train
53931,train
19774,train
7789,train
38597,train
55877,train
17724,train
36971,train
13672,train
65036,train
439,train
40875,train
63587,train
60047,train
37011,train
13379,train
53249,train
15340,train
37249,train
4483,train
309,train
32620,train
30148,train
47263,train
19814,train
25195,train
26415,train
63629,train
69575,train
68322,train
13338,train
54203,train
20569,train
55055,train
23367,train
40655,train
43862,train
20065,train
22978,train
35064,train
1489,train
1779,train
48106,train
51212,train
46533,train
3244,train
41208,train
350,train
54083,train
62652,train
11555,train
45340,train
1875,train
34345,train
17125,train
6671,train
51325,train
53568,train
66256,train
70316,train
5773,train
9842,train
24243,train
18742,train
20049,train
10748,train
51127,train
42291,train
18880,train
43820,train
60170,train
70686,train
45860,train
57373,train
68765,train
69527,train
14225,train
52268,train
28223,train
60642,train
35739,train
18563,train
58258,train
51282,train
51140,train
40410,train
17393,train
27363,train
1499,train
52667,train
30898,train
53203,train
25346,train
59269,train
17330,train
9318,train
13236,train
13428,train
27392,train
3016,train
13691,train
15368,train
21995,train
16351,train
20491,train
15206,train
45480,train
49898,train
29763,train
14489,train
29257,train
33004,train
52325,train
54365,train
26680,train
38157,train
34819,train
60580,train
51184,train
3377,train
35547,train
49939,train
63287,train
53001,train
25623,train
51627,train
14275,train
40748,train
9840,train
49490,train
1758,train
14187,train
26747,train
11340,train
5628,train
63884,train
20454,train
24805,train
33487,train
36739,train
7239,train
20300,train
35793,train
67432,train
34238,train
45125,train
61653,train
7050,train
69432,train
31509,train
25174,train
31257,train
28107,train
12886,train
12501,train
55810,train
54995,train
60826,train
7303,train
61256,train
26081,train
31034,train
20308,train
54428,train
61015,train
41549,train
38399,train
19005,train
26167,train
22325,train
45250,train
20576,train
49559,train
34855,train
10674,train
38350,train
38993,train
1248,train
51342,train
56596,train
22790,train
68801,train
23248,train
69490,train
5048,train
62269,train
9038,train
5880,train
52695,train
41573,train
52095,train
70629,train
47683,train
8826,train
63390,train
6226,train
42037,train
19815,train
7141,train
40981,train
13857,train
2983,train
24251,train
30861,train
34189,train
43518,train
33550,train
46093,train
8129,train
60713,train
18280,train
22082,train
64463,train
19957,train
37228,train
41198,train
47458,train
53105,train
22878,train
70503,train
31651,train
10688,train
63517,train
2769,train
43277,train
67291,train
5827,train
35420,train
60495,train
32416,train
18644,train
31010,train
58434,train
26127,train
62464,train
60565,train
17069,train
65532,train
4205,train
26383,train
30649,train
3134,train
25236,train
61138,train
7108,train
1893,train
1088,train
26646,train
34102,train
23782,train
38113,train
61358,train
64871,train
47943,train
40588,train
2943,train
48064,train
6543,train
16138,train
37320,train
39262,train
48146,train
24498,train
67494,train
63707,train
37620,train
62794,train
45190,train
9035,train
65483,train
11399,train
20928,train
32916,train
28529,train
56945,train
2438,train
61031,train
41871,train
58283,train
65005,train
59446,train
39912,train
15487,train
34711,train
50083,train
9004,train
55124,train
55531,train
7733,train
57460,train
27566,train
9330,train
68584,train
13914,train
34190,train
43536,train
64104,train
13619,train
42576,train
35023,train
34146,train
12970,train
61715,train
57069,train
30689,train
52907,train
49192,train
2021,train
36055,train
16068,train
38523,train
62059,train
68795,train
53226,train
14910,train
3281,train
14971,train
29623,train
58152,train
49164,train
29008,train
61346,train
51901,train
6266,train
59818,train
9200,train
67232,train
16813,train
17838,train
5381,train
24702,train
66246,train
5607,train
52035,train
65679,train
24112,train
56844,train
16033,train
28159,train
19386,train
28759,train
55772,train
43571,train
43607,train
64451,train
27594,train
29621,train
3007,train
10811,train
25081,train
7671,train
63559,train
61991,train
45528,train
41443,train
42795,train
49073,train
60474,train
1048,train
10516,train
20580,train
61505,train
64037,train
64850,train
64939,train
21351,train
11177,train
12082,train
33506,train
23931,train
41903,train
56009,train
33523,train
20745,train
70467,train
31097,train
29961,train
69205,train
46472,train
48850,train
1049,train
13924,train
70384,train
45992,train
17779,train
1292,train
28912,train
14720,train
39609,train
538,train
20634,train
16118,train
45505,train
22648,train
45500,train
9243,train
61730,train
3849,train
41989,train
3283,train
35079,train
60371,train
2563,train
41158,train
32772,train
38913,train
43641,train
59850,train
59340,train
41833,train
46264,train
69213,train
62102,train
58964,train
44038,train
61366,train
14351,train
23895,train
26793,train
36803,train
9851,train
57561,train
35115,train
5277,train
18509,train
14461,train
47226,train
20510,train
15766,train
65975,train
54294,train
13022,train
42583,train
41511,train
18460,train
54459,train
12850,train
55432,train
34632,train
43077,train
10886,train
19035,train
41007,train
31762,train
940,train
56952,train
31319,train
18723,train
32328,train
30717,train
33765,train
41339,train
36782,train
29844,train
6035,train
41822,train
3519,train
46102,train
17033,train
23917,train
20885,train
50223,train
60009,train
45536,train
44973,train
36479,train
45214,train
62211,train
32870,train
38326,train
31075,train
31985,train
20265,train
46470,train
64882,train
52687,train
41864,train
21063,train
25343,train
4020,train
38687,train
16961,train
37967,train
33519,train
18669,train
33887,train
30825,train
65030,train
65514,train
8722,train
26514,train
70,train
69812,train
56975,train
7483,train
30489,train
67196,train
51364,train
45355,train
32030,train
43629,train
7693,train
39042,train
18040,train
16889,train
10062,train
46391,train
35780,train
12116,train
19321,train
28798,train
6951,train
22076,train
30774,train
35312,train
116,train
29411,train
11813,train
162,train
59330,train
7339,train
37152,train
33464,train
52840,train
57017,train
15542,train
65823,train
19497,train
22398,train
51751,train
8969,train
59702,train
62248,train
49860,train
15742,train
10152,train
33027,train
55268,train
14907,train
27581,train
24635,train
18712,train
67899,train
68628,train
58027,train
8249,train
6235,train
22296,train
36430,train
60218,train
50826,train
32511,train
67144,train
58869,train
60728,train
29110,train
7222,train
68240,train
45837,train
35711,train
63894,train
41164,train
17649,train
8440,train
4905,train
1708,train
51264,train
13985,train
37238,train
69757,train
7081,train
3374,train
35642,train
52179,train
18145,train
53957,train
65266,train
23357,train
179,train
41608,train
2240,train
51853,train
38259,train
59812,train
4421,train
60134,train
26829,train
29986,train
35168,train
46543,train
7847,train
66388,train
61465,train
64496,train
64654,train
9640,train
42769,train
23084,train
36608,train
55976,train
5385,train
621,train
57734,train
31277,train
30024,train
1722,train
7838,train
10860,train
7859,train
30521,train
49849,train
6683,train
47193,train
10643,train
52649,train
37515,train
18692,train
13023,train
65423,train
12326,train
18225,train
18379,train
9462,train
22222,train
23837,train
44308,train
39577,train
13748,train
102,train
53575,train
623,train
41670,train
41673,train
55869,train
29441,train
56954,train
68288,train
28785,train
59573,train
15318,train
34169,train
60187,train
70640,train
68440,train
64949,train
3378,train
31941,train
23901,train
59483,train
54148,train
67517,train
11996,train
33372,train
14202,train
45549,train
56671,train
46700,train
51,train
31638,train
54440,train
53074,train
57031,train
50613,train
9393,train
24459,train
18079,train
525,train
51118,train
66021,train
13919,train
33070,train
26037,train
52523,train
24264,train
54610,train
37380,train
45292,train
578,train
67884,train
22820,train
28702,train
13259,train
46346,train
41472,train
910,train
29948,train
40464,train
58558,train
11661,train
67758,train
57433,train
56911,train
4528,train
51269,train
65439,train
37368,train
7856,train
2350,train
27504,train
14291,train
16649,train
52767,train
34921,train
56030,train
7892,train
1833,train
50457,train
8885,train
63982,train
49966,train
62860,train
28906,train
53983,train
60802,train
24250,train
48852,train
49342,train
14867,train
30361,train
45082,train
70035,train
64501,train
49896,train
29031,train
13800,train
35000,train
51708,train
31087,train
27619,train
55261,train
24173,train
31165,train
51623,train
58053,train
10795,train
52315,train
16574,train
46497,train
8278,train
65656,train
4887,train
67076,train
18635,train
46416,train
25098,train
15829,train
7367,train
19872,train
33194,train
42362,train
20780,train
56889,train
70344,train
29035,train
15598,train
31237,train
5260,train
27953,train
33620,train
42946,train
42847,train
66316,train
46754,train
41352,train
68201,train
69617,train
24303,train
25925,train
42417,train
10867,train
57074,train
23785,train
64555,train
62401,train
40125,train
45903,train
374,train
6302,train
22568,train
5731,train
61625,train
30141,train
36967,train
47100,train
47860,train
40730,train
18543,train
57761,train
63371,train
54458,train
55577,train
56325,train
40114,train
17642,train
3942,train
9849,train
69510,train
3188,train
37975,train
29869,train
34332,train
44531,train
818,train
49297,train
9234,train
33853,train
66371,train
5404,train
47150,train
65759,train
66704,train
19339,train
37205,train
9945,train
5467,train
32035,train
37445,train
4403,train
52086,train
22370,train
658,train
66952,train
26387,train
70085,train
29430,train
42179,train
2962,train
63708,train
50101,train
23626,train
37134,train
67136,train
6887,train
67121,train
59653,train
46375,train
58648,train
8696,train
59720,train
8117,train
51099,train
45121,train
69708,train
38064,train
36414,train
69105,train
39528,train
49293,train
65093,train
15771,train
48178,train
16194,train
36768,train
57419,train
11405,train
50608,train
58627,train
17220,train
16125,train
24041,train
67782,train
34297,train
47630,train
51834,train
13746,train
19827,train
16107,train
15947,train
528,train
51183,train
64640,train
36661,train
31736,train
15925,train
14646,train
7298,train
6181,train
53857,train
62324,train
40212,train
53866,train
38455,train
65125,train
8750,train
23587,train
8531,train
999,train
51080,train
9223,train
34642,train
58621,train
1137,train
15600,train
49968,train
38173,train
51602,train
19588,train
16101,train
47448,train
782,train
52913,train
17949,train
58291,train
47751,train
56449,train
56419,train
70573,train
42454,train
68838,train
34052,train
48996,train
47610,train
24334,train
45043,train
40860,train
56084,train
32263,train
27798,train
51521,train
17398,train
6118,train
42988,train
13222,train
22138,train
33809,train
34008,train
27356,train
20358,train
1658,train
69534,train
29507,train
38650,train
15657,train
39957,train
15216,train
6072,train
25712,train
55013,train
43511,train
44483,train
15494,train
10838,train
36616,train
30981,train
57417,train
23777,train
13489,train
55116,train
22219,train
54672,train
51347,train
14431,train
19016,train
56062,train
69818,train
34541,train
40797,train
33108,train
17184,train
6412,train
69655,train
22341,train
23831,train
49349,train
61712,train
24756,train
66052,train
56872,train
25291,train
61118,train
65177,train
59633,train
55016,train
5547,train
17063,train
15447,train
2091,train
35539,train
29292,train
49033,train
14049,train
23164,train
44195,train
36790,train
35563,train
9267,train
6127,train
28350,train
27509,train
51432,train
35603,train
17825,train
42771,train
52666,train
35481,train
572,train
12250,train
40173,train
10259,train
33628,train
48800,train
37004,train
55290,train
47460,train
51893,train
53240,train
13139,train
3746,train
3086,train
50516,train
59108,train
10986,train
36918,train
60268,train
52829,train
34564,train
2669,train
56701,train
10350,train
53797,train
53908,train
1509,train
65765,train
37986,train
30827,train
18558,train
17087,train
8615,train
32900,train
52875,train
45772,train
42263,train
914,train
37277,train
43325,train
19884,train
40598,train
7916,train
10217,train
18250,train
29357,train
39618,train
45913,train
9551,train
35990,train
24174,train
66891,train
53160,train
47714,train
48659,train
22487,train
46153,train
29038,train
44231,train
62729,train
14164,train
24725,train
50512,train
37507,train
52808,train
9142,train
61074,train
31725,train
67953,train
48763,train
6908,train
47344,train
19699,train
30684,train
51017,train
51926,train
9378,train
67298,train
28111,train
29348,train
18544,train
7425,train
53841,train
62466,train
47775,train
13397,train
41031,train
49906,train
59349,train
7945,train
15444,train
53316,train
25310,train
24570,train
34744,train
30346,train
35849,train
54392,train
59414,train
14196,train
34925,train
66661,train
45696,train
27045,train
58977,train
8250,train
55315,train
64542,train
36527,train
44634,train
27626,train
60998,train
45025,train
42725,train
51558,train
17826,train
49964,train
59000,train
56221,train
8381,train
38156,train
34511,train
29418,train
14570,train
23594,train
48517,train
14753,train
54108,train
10817,train
43171,train
51678,train
16992,train
19757,train
26984,train
69109,train
45366,train
33012,train
64173,train
158,train
19191,train
28263,train
4842,train
27853,train
28042,train
24638,train
58694,train
18345,train
22200,train
67053,train
31470,train
6188,train
26223,train
32672,train
15184,train
5224,train
31360,train
28691,train
45414,train
1585,train
25647,train
19050,train
33036,train
27796,train
17301,train
32915,train
10159,train
31105,train
39272,train
26315,train
33702,train
58504,train
5603,train
1847,train
55011,train
47713,train
9124,train
70331,train
48631,train
51643,train
62933,train
13844,train
38417,train
7581,train
24629,train
38857,train
65931,train
743,train
20202,train
41157,train
38548,train
37123,train
65024,train
7690,train
68733,train
46929,train
40429,train
43243,train
28503,train
30534,train
34370,train
39440,train
13938,train
58081,train
64386,train
2206,train
49827,train
9561,train
22810,train
46617,train
69809,train
28355,train
65367,train
45206,train
34885,train
62266,train
8154,train
36571,train
61992,train
14868,train
2655,train
58981,train
35912,train
22496,train
34896,train
34738,train
66317,train
7700,train
11880,train
19524,train
7986,train
16545,train
54570,train
16991,train
42617,train
42796,train
70072,train
5275,train
40986,train
66534,train
46776,train
13667,train
26284,train
63411,train
20005,train
63523,train
42701,train
18774,train
53359,train
41350,train
53372,train
60647,train
32469,train
53759,train
46818,train
25494,train
53418,train
63635,train
5655,train
43483,train
46281,train
46611,train
65195,train
28224,train
38967,train
41638,train
20832,train
19909,train
2847,train
70234,train
29002,train
21942,train
19971,train
6068,train
64795,train
22764,train
24932,train
14662,train
3748,train
10455,train
45597,train
50333,train
24620,train
69815,train
14410,train
50322,train
54840,train
11251,train
42189,train
47057,train
16714,train
47950,train
51467,train
14497,train
27907,train
41135,train
42784,train
54483,train
9699,train
13974,train
33742,train
30420,train
11093,train
52258,train
47734,train
44118,train
1580,train
10328,train
21764,train
26086,train
60753,train
27369,train
36044,train
62185,train
49456,train
59580,train
6307,train
10412,train
60655,train
18464,train
66465,train
26900,train
64288,train
47204,train
47781,train
17728,train
47272,train
51274,train
44868,train
35720,train
9097,train
46963,train
11401,train
34458,train
32539,train
15651,train
17687,train
54827,train
392,train
62636,train
51902,train
41816,train
40497,train
30013,train
67064,train
49720,train
67636,train
52351,train
56197,train
28215,train
14519,train
41646,train
13992,train
13772,train
24801,train
13760,train
58019,train
70687,train
60650,train
59743,train
42001,train
41710,train
23184,train
64834,train
8925,train
39781,train
24677,train
47968,train
49044,train
46225,train
6512,train
38041,train
35898,train
66095,train
13053,train
6641,train
27613,train
9001,train
37195,train
11916,train
37271,train
66590,train
61779,train
59746,train
44819,train
61137,train
23293,train
3342,train
62320,train
37647,train
36138,train
30178,train
43746,train
14059,train
58044,train
66479,train
49494,train
57430,train
54523,train
54502,train
27904,train
50927,train
10468,train
29630,train
22128,train
59593,train
18757,train
10091,train
14946,train
21644,train
35138,train
54534,train
53144,train
41293,train
65726,train
66091,train
25800,train
18795,train
23009,train
11599,train
17285,train
425,train
48919,train
50723,train
68968,train
28763,train
25103,train
43925,train
60482,train
28800,train
11041,train
26721,train
57919,train
67483,train
58823,train
29497,train
18417,train
62446,train
41165,train
19804,train
6472,train
8303,train
13493,train
20172,train
22849,train
50019,train
38515,train
31102,train
42736,train
12095,train
20674,train
68980,train
34455,train
70305,train
3457,train
9105,train
48686,train
23801,train
13959,train
20795,train
28182,train
38012,train
9795,train
67478,train
54237,train
16570,train
46444,train
15346,train
23398,train
43330,train
64821,train
56005,train
26259,train
28694,train
62322,train
47496,train
38133,train
27158,train
47812,train
16645,train
32109,train
62032,train
43795,train
43941,train
55465,train
25450,train
28035,train
18522,train
17135,train
40952,train
56827,train
31828,train
32046,train
35559,train
1529,train
70153,train
42644,train
33175,train
26312,train
13913,train
28339,train
59091,train
17871,train
49753,train
19654,train
36413,train
38292,train
3619,train
15014,train
56611,train
58875,train
2750,train
67734,train
61946,train
33737,train
7995,train
39998,train
16162,train
28541,train
24969,train
2566,train
34782,train
30651,train
63457,train
32091,train
16207,train
60836,train
49908,train
47091,train
20109,train
1756,train
44102,train
49311,train
60330,train
46232,train
46447,train
58922,train
18818,train
3999,train
65360,train
53690,train
38092,train
39988,train
5033,train
32731,train
56402,train
7337,train
15773,train
12308,train
65129,train
41696,train
61303,train
32658,train
1320,train
8016,train
48312,train
41093,train
60180,train
21309,train
25468,train
7797,train
28634,train
62440,train
6305,train
41018,train
21311,train
49789,train
45710,train
4156,train
42348,train
10420,train
27484,train
26523,train
66250,train
54606,train
62796,train
47918,train
36576,train
48882,train
68805,train
56979,train
27379,train
19911,train
58394,train
56634,train
64084,train
5692,train
50578,train
69126,train
59319,train
40383,train
37440,train
26362,train
2279,train
48604,train
69296,train
39596,train
27216,train
18499,train
37236,train
44753,train
37421,train
3297,train
14192,train
19136,train
37116,train
43389,train
18955,train
37775,train
26907,train
42233,train
52200,train
46465,train
26831,train
61849,train
51841,train
22117,train
19623,train
35109,train
25852,train
29351,train
11812,train
65090,train
16587,train
45538,train
54807,train
51444,train
45754,train
40368,train
63558,train
68697,train
2077,train
16917,train
24267,train
373,train
11048,train
52155,train
12752,train
10073,train
24055,train
62087,train
42480,train
61478,train
8184,train
19405,train
69145,train
28495,train
692,train
54704,train
46541,train
33456,train
6580,train
20214,train
69489,train
19724,train
37358,train
17999,train
2746,train
14235,train
66372,train
35178,train
57336,train
64485,train
25843,train
41630,train
29540,train
44785,train
57614,train
20900,train
19120,train
64688,train
56438,train
7752,train
28023,train
67142,train
50634,train
2982,train
8247,train
2430,train
18081,train
52893,train
60090,train
11356,train
35952,train
57714,train
54645,train
3123,train
15851,train
32759,train
20296,train
52764,train
59906,train
33732,train
15611,train
4475,train
46274,train
25944,train
20218,train
41926,train
13599,train
33207,train
9893,train
390,train
49121,train
14058,train
65882,train
29642,train
10622,train
12235,train
20692,train
30246,train
28846,train
57042,train
61835,train
29629,train
25373,train
12346,train
58151,train
58405,train
33329,train
63955,train
17045,train
55220,train
68124,train
32543,train
14805,train
1620,train
3143,train
51462,train
2927,train
5856,train
48004,train
10722,train
3044,train
63492,train
53062,train
52549,train
29650,train
27426,train
68599,train
29067,train
62577,train
53928,train
21493,train
43848,train
8475,train
56860,train
2786,train
40764,train
23792,train
58807,train
39783,train
39652,train
56907,train
52950,train
24611,train
36075,train
38302,train
30688,train
16523,train
55327,train
56714,train
30158,train
69569,train
19944,train
37847,train
59350,train
9128,train
23311,train
6868,train
53838,train
22206,train
59941,train
69192,train
49386,train
26882,train
60620,train
44538,train
57164,train
1486,train
17295,train
17844,train
62251,train
16200,train
64702,train
66442,train
49728,train
20961,train
51831,train
27338,train
60795,train
22828,train
17200,train
65626,train
32832,train
12336,train
34380,train
60818,train
50533,train
10441,train
15336,train
60298,train
857,train
4784,train
61345,train
54882,train
33381,train
67597,train
8747,train
24843,train
16496,train
64673,train
60220,train
38871,train
36218,train
61575,train
7896,train
23798,train
24461,train
57107,train
49543,train
60249,train
2494,train
5977,train
35323,train
50589,train
50347,train
40937,train
46399,train
2616,train
16688,train
40309,train
42683,train
30932,train
37749,train
49129,train
39079,train
5772,train
28909,train
22949,train
53585,train
42916,train
22806,train
51568,train
69139,train
36306,train
50596,train
65008,train
69678,train
11786,train
25810,train
35093,train
61492,train
34311,train
13980,train
23143,train
20212,train
66356,train
12053,train
6179,train
47742,train
53710,train
69020,train
22171,train
68263,train
8564,train
33265,train
12551,train
25833,train
14557,train
62694,train
50062,train
55329,train
66015,train
8876,train
62399,train
63107,train
30494,train
19510,train
19183,train
60680,train
68891,train
27608,train
40050,train
55298,train
34376,train
60519,train
16854,train
59273,train
59833,train
40791,train
8332,train
42588,train
40170,train
22421,train
41028,train
24292,train
57252,train
8258,train
1298,train
11389,train
16191,train
49231,train
47652,train
31758,train
20211,train
63794,train
6144,train
11760,train
26785,train
50141,train
44440,train
652,train
23167,train
40503,train
68220,train
10004,train
30984,train
15042,train
45933,train
2503,train
34110,train
16067,train
57304,train
21789,train
66905,train
46870,train
52353,train
15142,train
63184,train
1687,train
17168,train
58186,train
7882,train
11524,train
61228,train
40998,train
6399,train
42574,train
24961,train
56931,train
38419,train
24052,train
14282,train
52271,train
49367,train
38273,train
40774,train
8633,train
34472,train
4839,train
64147,train
11734,train
19038,train
31528,train
48786,train
35610,train
46610,train
32072,train
35438,train
46327,train
52668,train
69837,train
37481,train
11899,train
49577,train
58641,train
40996,train
16222,train
41324,train
70083,train
24495,train
13202,train
47463,train
68367,train
11573,train
32459,train
57023,train
56256,train
42913,train
24844,train
22737,train
59856,train
36440,train
13234,train
53784,train
33789,train
30122,train
20392,train
12726,train
66979,train
26279,train
12923,train
53952,train
15440,train
51745,train
1795,train
22924,train
27109,train
65589,train
69770,train
9085,train
6638,train
29613,train
42295,train
25054,train
2916,train
57524,train
15885,train
18173,train
60425,train
56963,train
39298,train
68295,train
18252,train
52240,train
12912,train
60584,train
29170,train
8435,train
22306,train
30607,train
51046,train
25405,train
45942,train
36865,train
50376,train
63962,train
65652,train
47179,train
26351,train
59726,train
4199,train
9342,train
5776,train
28434,train
37643,train
24523,train
42902,train
12097,train
43329,train
23709,train
44180,train
49897,train
37178,train
66871,train
52171,train
22098,train
27567,train
70314,train
17339,train
69029,train
26094,train
38252,train
35964,train
58087,train
33988,train
69129,train
29449,train
68895,train
38609,train
46189,train
22705,train
52030,train
15968,train
25484,train
70138,train
38982,train
12330,train
2176,train
49283,train
35242,train
22102,train
32937,train
10884,train
25324,train
49216,train
48910,train
56225,train
32286,train
10810,train
9438,train
912,train
21738,train
29971,train
1668,train
63998,train
28277,train
9786,train
47451,train
15058,train
14921,train
55780,train
64371,train
23903,train
42432,train
67809,train
51539,train
60761,train
64817,train
36019,train
60377,train
46066,train
25808,train
47134,train
68768,train
2937,train
16258,train
28708,train
28499,train
12033,train
11206,train
42623,train
2974,train
3220,train
2609,train
37614,train
52014,train
55291,train
51076,train
39903,train
42443,train
25973,train
57087,train
10065,train
38553,train
29705,train
56838,train
40026,train
18293,train
35732,train
25121,train
69564,train
16710,train
44696,train
41197,train
55014,train
6150,train
41851,train
7444,train
947,train
64051,train
62618,train
18338,train
27519,train
39038,train
31330,train
17775,train
56896,train
14149,train
51889,train
20228,train
48354,train
61925,train
30355,train
66807,train
14442,train
19212,train
31751,train
62433,train
64157,train
4299,train
29421,train
46152,train
40,train
67019,train
29279,train
28550,train
16335,train
56824,train
32895,train
55627,train
14582,train
56744,train
20887,train
9072,train
31623,train
12800,train
48750,train
16824,train
27667,train
50108,train
16512,train
18369,train
28659,train
14589,train
14664,train
24429,train
17612,train
22371,train
36654,train
16622,train
60528,train
46973,train
69430,train
46105,train
29361,train
20534,train
38161,train
34215,train
43497,train
25444,train
26219,train
41602,train
57570,train
28396,train
39600,train
68287,train
15514,train
21698,train
43193,train
46083,train
42016,train
49248,train
13078,train
40550,train
46521,train
9490,train
51658,train
761,train
14826,train
61597,train
28212,train
55848,train
37408,train
51703,train
66832,train
5733,train
53663,train
49163,train
7663,train
9420,train
39465,train
55370,train
1891,train
47780,train
36377,train
14665,train
19972,train
41124,train
33424,train
20436,train
29989,train
41061,train
57447,train
21390,train
64292,train
48485,train
64584,train
33714,train
17128,train
63533,train
27155,train
52034,train
49848,train
27355,train
60050,train
29271,train
24422,train
67986,train
33100,train
54808,train
7407,train
54530,train
65094,train
70139,train
25254,train
15167,train
34671,train
2791,train
44106,train
13549,train
45017,train
4185,train
5799,train
54589,train
31466,train
56572,train
46058,train
35476,train
48898,train
12015,train
50059,train
17111,train
39615,train
37162,train
46664,train
10530,train
47884,train
60145,train
18231,train
67421,train
34561,train
21158,train
67589,train
51438,train
42971,train
1597,train
48474,train
55155,train
65004,train
61637,train
39520,train
26927,train
61634,train
60300,train
13412,train
33571,train
31199,train
54277,train
70446,train
140,train
35663,train
2409,train
35317,train
59159,train
53863,train
22945,train
7408,train
58039,train
25983,train
27108,train
54512,train
41948,train
41698,train
24678,train
7862,train
10446,train
452,train
63490,train
50965,train
5286,train
38911,train
47035,train
32448,train
27765,train
21398,train
28272,train
62080,train
13559,train
38772,train
40845,train
11528,train
45855,train
48730,train
45172,train
28313,train
43516,train
38830,train
64739,train
12687,train
16707,train
33301,train
39977,train
33455,train
26154,train
6625,train
55607,train
16518,train
10469,train
1432,train
41315,train
47948,train
32850,train
39996,train
55201,train
52502,train
17610,train
9569,train
32958,train
4969,train
17416,train
56058,train
50436,train
5079,train
69442,train
48854,train
26720,train
68570,train
5363,train
17312,train
31321,train
46414,train
23488,train
25970,train
67767,train
67109,train
44070,train
60227,train
113,train
43954,train
24154,train
2032,train
34864,train
34623,train
57950,train
21485,train
45914,train
18424,train
17252,train
46008,train
9358,train
67254,train
39775,train
59139,train
36618,train
14912,train
48101,train
47036,train
53667,train
15586,train
6593,train
67493,train
54798,train
26561,train
14626,train
54212,train
18912,train
7253,train
29775,train
13670,train
23427,train
54159,train
36126,train
38671,train
44104,train
19085,train
49232,train
64693,train
26015,train
59920,train
33968,train
13831,train
55615,train
68476,train
70473,train
30094,train
35114,train
28116,train
16586,train
56459,train
33777,train
66171,train
68082,train
12518,train
19053,train
68380,train
49963,train
66061,train
12619,train
60854,train
37232,train
4065,train
19905,train
47499,train
5572,train
4800,train
3428,train
54363,train
21770,train
21525,train
3078,train
58659,train
6053,train
29125,train
14480,train
57684,train
56564,train
69226,train
31794,train
48054,train
4824,train
57972,train
4745,train
4318,train
55258,train
4063,train
21619,train
59681,train
55638,train
45468,train
67414,train
59990,train
44216,train
44758,train
39250,train
37115,train
12390,train
29193,train
9663,train
30849,train
18973,train
26417,train
19845,train
19741,train
29833,train
32697,train
65086,train
49063,train
63525,train
46802,train
4369,train
17277,train
38069,train
13866,train
32892,train
68402,train
15543,train
41773,train
54324,train
61711,train
41902,train
39899,train
54265,train
48971,train
33365,train
30994,train
25614,train
9026,train
4417,train
23898,train
36501,train
67791,train
44661,train
10002,train
57248,train
36180,train
64468,train
3628,train
7997,train
44196,train
42013,train
47390,train
53353,train
68066,train
56141,train
16219,train
44841,train
40928,train
37474,train
22651,train
32360,train
70225,train
22991,train
36589,train
69167,train
35260,train
48223,train
32747,train
19825,train
38206,train
17008,train
7384,train
12845,train
21069,train
22871,train
39569,train
67623,train
50621,train
64006,train
46054,train
25769,train
582,train
30473,train
53090,train
61933,train
12841,train
62114,train
47473,train
53907,train
52540,train
40547,train
58781,train
62744,train
13952,train
43008,train
40681,train
22457,train
45826,train
19153,train
15159,train
66797,train
68962,train
11187,train
20717,train
45890,train
57116,train
25433,train
69343,train
17464,train
58169,train
1331,train
13061,train
63999,train
38595,train
64128,train
57693,train
1960,train
25541,train
57381,train
56234,train
69114,train
50699,train
31772,train
8075,train
22333,train
69472,train
56424,train
58470,train
49537,train
53061,train
45184,train
31930,train
12,train
19291,train
55029,train
51588,train
65422,train
53778,train
26708,train
49779,train
24633,train
70101,train
33146,train
6841,train
44660,train
50151,train
24944,train
23947,train
41944,train
41906,train
57766,train
8236,train
48090,train
50841,train
40700,train
65399,train
400,train
37819,train
28806,train
69155,train
50197,train
65118,train
29076,train
34537,train
38176,train
58211,train
54488,train
20387,train
48985,train
18249,train
27121,train
46246,train
28869,train
7494,train
1954,train
24979,train
13257,train
47133,train
29363,train
42423,train
2449,train
50777,train
29956,train
70626,train
20697,train
47914,train
22826,train
40988,train
26008,train
53492,train
22368,train
40943,train
9880,train
20782,train
20383,train
50031,train
62280,train
3455,train
11951,train
51654,train
28689,train
61981,train
55214,train
65677,train
10061,train
64665,train
54457,train
44067,train
10012,train
29916,train
48723,train
62709,train
3965,train
8052,train
54660,train
19512,train
9658,train
14380,train
37639,train
820,train
62850,train
63627,train
27469,train
56955,train
65646,train
26765,train
27678,train
1185,train
67071,train
28684,train
8501,train
48775,train
67273,train
8842,train
37574,train
68922,train
36294,train
67245,train
3489,train
15006,train
61510,train
61950,train
35294,train
26987,train
19010,train
11123,train
61176,train
41102,train
40404,train
13,train
7320,train
50949,train
12123,train
8838,train
45167,train
55358,train
36140,train
44693,train
43598,train
26881,train
16315,train
50720,train
50262,train
33439,train
60339,train
23951,train
46606,train
26069,train
18828,train
41553,train
59421,train
22274,train
58098,train
49151,train
39581,train
98,train
21488,train
46669,train
6044,train
64762,train
46343,train
26567,train
59348,train
13185,train
46428,train
56822,train
30276,train
22845,train
34674,train
18560,train
68022,train
47541,train
7915,train
18403,train
45057,train
61270,train
19834,train
18366,train
11530,train
59829,train
14331,train
67362,train
12470,train
2741,train
35734,train
42267,train
9941,train
49526,train
68430,train
64478,train
2356,train
41396,train
63670,train
59705,train
60722,train
55420,train
70029,train
68655,train
21712,train
4819,train
66148,train
59644,train
59694,train
15880,train
46737,train
4505,train
51355,train
55967,train
63044,train
4168,train
18201,train
53518,train
48238,train
39530,train
54260,train
23144,train
24099,train
31268,train
719,train
59769,train
65792,train
17643,train
38676,train
7706,train
41583,train
65012,train
68314,train
30301,train
13020,train
61604,train
35143,train
38436,train
57543,train
3736,train
43984,train
53272,train
35523,train
25963,train
22787,train
21102,train
33712,train
46052,train
61623,train
8074,train
4144,train
52302,train
29770,train
7422,train
65037,train
40085,train
55878,train
15923,train
3511,train
24839,train
14288,train
20934,train
11669,train
5625,train
19745,train
37038,train
17447,train
34247,train
59597,train
26088,train
57897,train
10489,train
68398,train
46958,train
6873,train
70322,train
32877,train
45320,train
59214,train
21889,train
19840,train
41453,train
36719,train
9404,train
42931,train
31314,train
10018,train
14810,train
34920,train
29572,train
8042,train
29976,train
62126,train
66220,train
900,train
47392,train
59355,train
11257,train
39064,train
67012,train
8875,train
51070,train
8106,train
32452,train
36728,train
32369,train
12602,train
18650,train
26566,train
7857,train
67586,train
23416,train
59116,train
18178,train
26840,train
922,train
37604,train
16554,train
7697,train
35288,train
21669,train
56335,train
18315,train
16906,train
49775,train
49761,train
20889,train
6132,train
54991,train
62909,train
13194,train
11585,train
23475,train
33307,train
47771,train
67139,train
54149,train
56582,train
9916,train
12027,train
49488,train
15660,train
45182,train
54040,train
33900,train
11533,train
40183,train
30617,train
2720,train
42997,train
7784,train
31810,train
67065,train
3366,train
62769,train
26629,train
4123,train
48335,train
27450,train
68552,train
7041,train
40693,train
13127,train
20589,train
481,train
63947,train
20047,train
44064,train
49218,train
12564,train
42731,train
34879,train
41398,train
22546,train
5442,train
11379,train
3812,train
47693,train
45647,train
26745,train
25395,train
30227,train
8170,train
54477,train
65469,train
24759,train
27296,train
1284,train
54050,train
64293,train
70345,train
24358,train
36714,train
11382,train
22412,train
46020,train
7194,train
1861,train
33102,train
40821,train
69003,train
55755,train
34970,train
31250,train
49399,train
6164,train
23344,train
42970,train
28077,train
24542,train
18651,train
33273,train
63529,train
67911,train
47730,train
23347,train
51989,train
21407,train
1869,train
8688,train
40813,train
28440,train
51730,train
36676,train
65790,train
60714,train
36705,train
59387,train
20884,train
38301,train
1834,train
7182,train
31610,train
20017,train
58628,train
29648,train
24493,train
48028,train
28310,train
32638,train
56662,train
43469,train
19823,train
66831,train
17082,train
48594,train
5620,train
23730,train
48172,train
56258,train
55160,train
67083,train
61046,train
11860,train
9976,train
45283,train
3753,train
30808,train
23712,train
13400,train
59919,train
37580,train
11119,train
45352,train
62946,train
19028,train
47431,train
42080,train
7241,train
53110,train
43512,train
38100,train
39486,train
9374,train
41763,train
4503,train
4940,train
59926,train
4586,train
57134,train
48652,train
40562,train
41122,train
46084,train
3513,train
14945,train
2782,train
42732,train
30813,train
68756,train
58306,train
46955,train
6417,train
67074,train
55048,train
20193,train
54239,train
32144,train
5765,train
55498,train
64524,train
61508,train
29710,train
65378,train
26043,train
19392,train
9610,train
15902,train
29301,train
49452,train
22277,train
371,train
28467,train
3622,train
11690,train
51101,train
4534,train
69779,train
31935,train
22199,train
20515,train
15830,train
2487,train
48605,train
7883,train
62220,train
48074,train
66687,train
9761,train
18802,train
51765,train
28165,train
64537,train
51642,train
57284,train
66384,train
51972,train
28578,train
59170,train
2161,train
53290,train
32491,train
12767,train
35355,train
56338,train
18318,train
35386,train
48953,train
62797,train
45038,train
14763,train
28437,train
32595,train
29511,train
36242,train
60408,train
22757,train
12322,train
18792,train
39418,train
30669,train
33132,train
21575,train
34736,train
44869,train
39477,train
57448,train
37624,train
64172,train
60745,train
65244,train
40236,train
39683,train
25991,train
17910,train
31883,train
69794,train
32867,train
55499,train
35480,train
67049,train
63337,train
44247,train
16295,train
27024,train
25326,train
62482,train
43339,train
42857,train
60613,train
9964,train
67914,train
27576,train
23758,train
1920,train
11997,train
62649,train
23013,train
27708,train
66771,train
22147,train
8871,train
61026,train
70491,train
50872,train
60621,train
14518,train
49041,train
51998,train
1950,train
45830,train
19074,train
52996,train
30405,train
28140,train
8917,train
12925,train
22578,train
52731,train
19176,train
4084,train
28783,train
34369,train
11259,train
2724,train
39013,train
5414,train
54376,train
33162,train
13922,train
34799,train
12776,train
66578,train
58225,train
44156,train
49569,train
38824,train
59278,train
57781,train
3568,train
44382,train
8947,train
64900,train
3843,train
1254,train
68292,train
62260,train
20989,train
23228,train
38096,train
16066,train
47009,train
8544,train
61771,train
67380,train
27346,train
7380,train
44562,train
58701,train
3094,train
12287,train
70252,train
34521,train
52250,train
58724,train
11120,train
56034,train
18717,train
35572,train
56423,train
14016,train
6240,train
57976,train
64616,train
57375,train
57014,train
69609,train
30041,train
8089,train
29396,train
34979,train
64624,train
16989,train
62423,train
55827,train
39231,train
63527,train
55464,train
51707,train
59544,train
15383,train
1799,train
36272,train
58953,train
51451,train
23318,train
62853,train
10714,train
51422,train
39954,train
15319,train
5365,train
35574,train
21724,train
14721,train
47776,train
12561,train
25005,train
50726,train
67035,train
55685,train
62865,train
32544,train
30902,train
27543,train
69532,train
14109,train
26983,train
58040,train
53946,train
61690,train
59186,train
42450,train
9468,train
65933,train
4293,train
52663,train
3329,train
38384,train
67123,train
15582,train
4982,train
67032,train
24722,train
8901,train
26300,train
37577,train
56893,train
9707,train
20604,train
44903,train
16263,train
60921,train
48966,train
136,train
7949,train
31283,train
33973,train
25134,train
31816,train
37182,train
45863,train
32119,train
33556,train
40451,train
39648,train
16826,train
60105,train
57821,train
1865,train
55557,train
49225,train
11906,train
38353,train
64746,train
8623,train
28967,train
57127,train
15463,train
29999,train
53166,train
45888,train
27803,train
5775,train
20789,train
14816,train
4724,train
8103,train
48,train
8180,train
640,train
36385,train
47516,train
11808,train
7745,train
55712,train
352,train
47542,train
61334,train
64750,train
62703,train
20217,train
30356,train
70111,train
69024,train
35159,train
1371,train
3268,train
38973,train
27412,train
38563,train
67215,train
66956,train
5054,train
56908,train
16358,train
43446,train
47299,train
6980,train
23864,train
38333,train
44230,train
6507,train
14621,train
34895,train
40455,train
63725,train
28445,train
8248,train
20555,train
53376,train
26608,train
66792,train
39809,train
67596,train
8638,train
61736,train
9628,train
17512,train
29216,train
31830,train
53504,train
27721,train
28285,train
10677,train
25907,train
10837,train
50504,train
64,train
68871,train
7874,train
30343,train
22612,train
67711,train
19713,train
28866,train
65380,train
53869,train
36286,train
61040,train
62725,train
53543,train
45959,train
19862,train
35573,train
25982,train
24597,train
56770,train
55043,train
60405,train
67403,train
1305,train
10279,train
58756,train
70075,train
24474,train
27120,train
35367,train
14932,train
31770,train
55567,train
32573,train
3730,train
35688,train
21573,train
48524,train
26696,train
59942,train
38735,train
33884,train
7991,train
6194,train
26497,train
43508,train
19095,train
47246,train
2813,train
54401,train
47234,train
64457,train
27128,train
30229,train
36404,train
26479,train
69878,train
56214,train
4968,train
48063,train
47006,train
69353,train
6623,train
38719,train
33770,train
34792,train
24647,train
58726,train
69870,train
28093,train
57977,train
65831,train
40661,train
65060,train
61359,train
64609,train
20033,train
51114,train
50919,train
32121,train
28635,train
60546,train
5135,train
92,train
15414,train
67523,train
20010,train
31159,train
55287,train
10269,train
20508,train
35021,train
54439,train
42435,train
32967,train
50476,train
173,train
35582,train
57763,train
22026,train
28073,train
49329,train
47107,train
36647,train
42782,train
36837,train
12690,train
62270,train
2152,train
68135,train
32954,train
16643,train
8094,train
37489,train
10266,train
6752,train
1922,train
66298,train
26771,train
40146,train
26956,train
19420,train
37311,train
11240,train
39138,train
49387,train
55397,train
268,train
12656,train
50801,train
30824,train
24799,train
3298,train
11707,train
15937,train
10957,train
21833,train
14917,train
21671,train
19151,train
69216,train
17425,train
29231,train
36086,train
6176,train
55630,train
27861,train
27662,train
53632,train
34903,train
9547,train
55286,train
18007,train
49205,train
22570,train
61384,train
19569,train
29245,train
62951,train
61971,train
49532,train
66067,train
26632,train
37702,train
18653,train
64286,train
36642,train
20553,train
35672,train
30653,train
67014,train
38840,train
10920,train
65622,train
70327,train
28857,train
47315,train
56355,train
23869,train
42158,train
10836,train
40817,train
55151,train
46605,train
52920,train
23070,train
15574,train
37831,train
3610,train
63851,train
20044,train
745,train
51030,train
24187,train
41163,train
10912,train
36987,train
45509,train
46365,train
5273,train
9005,train
37832,train
3542,train
1199,train
59471,train
3982,train
21452,train
14814,train
42268,train
44885,train
67826,train
47067,train
7768,train
48565,train
17097,train
14979,train
68511,train
59783,train
29499,train
15024,train
62321,train
51506,train
26067,train
14627,train
451,train
18532,train
55754,train
16073,train
14935,train
14098,train
60649,train
42022,train
21878,train
48205,train
37561,train
15464,train
61909,train
5960,train
24607,train
31432,train
36047,train
11479,train
56454,train
29942,train
64190,train
11178,train
68890,train
59165,train
44743,train
48029,train
14205,train
12284,train
54848,train
44577,train
16894,train
6031,train
20743,train
16949,train
14817,train
58813,train
53127,train
48150,train
18511,train
62216,train
62863,train
38865,train
58543,train
47071,train
56311,train
1113,train
55274,train
3349,train
35860,train
20741,train
17570,train
9694,train
70664,train
49858,train
17228,train
39365,train
37735,train
53077,train
70539,train
55060,train
25823,train
52760,train
52256,train
63151,train
42434,train
58213,train
40582,train
55251,train
55956,train
67912,train
53300,train
29394,train
30213,train
45555,train
28766,train
5744,train
26933,train
4021,train
56397,train
16002,train
41688,train
48206,train
5218,train
55993,train
942,train
33986,train
65864,train
4356,train
20796,train
15633,train
31430,train
28608,train
30294,train
14649,train
61769,train
16681,train
41934,train
12079,train
61470,train
70408,train
11717,train
60873,train
68636,train
5862,train
1297,train
3544,train
8245,train
1600,train
34866,train
68902,train
56092,train
32673,train
59352,train
60571,train
47435,train
22741,train
55960,train
37350,train
70107,train
52061,train
61464,train
33085,train
37853,train
25357,train
55080,train
30212,train
5961,train
23677,train
47031,train
42634,train
2387,train
41866,train
38507,train
47942,train
15300,train
64960,train
32822,train
20312,train
66808,train
34761,train
15720,train
16137,train
41075,train
59977,train
34972,train
58675,train
16410,train
33554,train
20814,train
65689,train
9906,train
65985,train
42827,train
64840,train
43115,train
29161,train
2679,train
31004,train
12144,train
54182,train
11031,train
5430,train
58243,train
11914,train
47163,train
66614,train
16387,train
12419,train
45059,train
19051,train
42589,train
64250,train
17326,train
23187,train
8654,train
39301,train
68225,train
23645,train
54033,train
29826,train
1966,train
44944,train
15260,train
20601,train
23543,train
66948,train
3590,train
13438,train
50622,train
66257,train
12867,train
15509,train
10624,train
18801,train
69462,train
28130,train
51032,train
29433,train
62975,train
2846,train
44705,train
18863,train
8065,train
30324,train
57357,train
44470,train
16246,train
6790,train
38197,train
59295,train
31957,train
50098,train
1173,train
59628,train
61100,train
49797,train
69392,train
44133,train
31487,train
70059,train
32590,train
42187,train
42072,train
47165,train
61796,train
66728,train
52363,train
36452,train
50198,train
34926,train
23622,train
37679,train
7672,train
64663,train
66782,train
42976,train
47398,train
32149,train
9275,train
39619,train
51652,train
70212,train
2280,train
27306,train
39955,train
69752,train
4596,train
36612,train
59496,train
14681,train
3864,train
18,train
11806,train
11947,train
11628,train
3443,train
33536,train
48193,train
26968,train
28575,train
27936,train
16320,train
23278,train
62553,train
65182,train
58956,train
14323,train
66455,train
31656,train
25654,train
4774,train
5162,train
32561,train
69685,train
57093,train
54160,train
19992,train
52896,train
15046,train
48333,train
25945,train
42038,train
69022,train
16308,train
21469,train
40638,train
3639,train
70280,train
50268,train
18265,train
28059,train
65187,train
15220,train
50000,train
60392,train
54900,train
56198,train
20320,train
39946,train
57086,train
44886,train
58542,train
12387,train
64887,train
26107,train
40327,train
24036,train
32389,train
17693,train
19779,train
46379,train
65427,train
6914,train
44162,train
18911,train
69518,train
53872,train
19184,train
7452,train
66039,train
30713,train
3207,train
20136,train
4242,train
54191,train
58124,train
183,train
65487,train
56721,train
51156,train
19129,train
45868,train
18002,train
57206,train
67279,train
28928,train
7229,train
66874,train
58354,train
18713,train
70062,train
21197,train
23112,train
20956,train
47571,train
18034,train
20018,train
34939,train
44776,train
21117,train
19353,train
38335,train
51877,train
14573,train
65464,train
21523,train
27582,train
49251,train
56918,train
35913,train
48017,train
28055,train
23551,train
16414,train
64796,train
54469,train
50875,train
46813,train
3273,train
36037,train
39871,train
25417,train
67406,train
67915,train
42296,train
22021,train
15234,train
51763,train
25889,train
53114,train
18390,train
44970,train
70627,train
13232,train
62161,train
69874,train
12261,train
9730,train
55797,train
42703,train
28930,train
61189,train
9315,train
53219,train
51268,train
38980,train
57110,train
31188,train
488,train
49462,train
29165,train
67576,train
58656,train
38303,train
32053,train
20048,train
27813,train
43307,train
70603,train
36773,train
60326,train
44615,train
60531,train
26902,train
2168,train
70114,train
37743,train
25178,train
59992,train
15181,train
6829,train
36695,train
65370,train
65142,train
68677,train
68543,train
40332,train
19650,train
21628,train
44692,train
52550,train
41303,train
67472,train
39920,train
58540,train
49635,train
57051,train
51757,train
27143,train
51936,train
31398,train
161,train
65231,train
51254,train
56691,train
59725,train
51927,train
28220,train
35867,train
69675,train
6606,train
20657,train
42854,train
43247,train
40915,train
68809,train
25088,train
35383,train
63598,train
10029,train
40031,train
5636,train
63536,train
17272,train
35548,train
15228,train
12506,train
55813,train
62475,train
5177,train
16562,train
17936,train
1979,train
22440,train
22133,train
3115,train
48578,train
31540,train
30549,train
58075,train
58154,train
54675,train
1106,train
49084,train
57525,train
63341,train
48921,train
16086,train
55423,train
21895,train
7200,train
3926,train
68875,train
60287,train
5498,train
31690,train
10549,train
62509,train
39612,train
43722,train
69438,train
53981,train
26679,train
53263,train
34290,train
868,train
5145,train
10510,train
26905,train
8046,train
11285,train
63671,train
10090,train
58770,train
14767,train
45459,train
48884,train
56902,train
27112,train
36864,train
61247,train
64256,train
53392,train
69871,train
62673,train
51329,train
35024,train
0,train
9475,train
39377,train
4102,train
18354,train
8695,train
26897,train
22095,train
49821,train
62846,train
33529,train
35198,train
4552,train
44355,train
32599,train
64752,train
32284,train
33645,train
6289,train
37220,train
63183,train
25599,train
34257,train
21950,train
43907,train
38067,train
2849,train
43621,train
41736,train
48144,train
68975,train
64974,train
57537,train
8119,train
30498,train
51977,train
267,train
2889,train
41925,train
63485,train
14931,train
35742,train
13190,train
17490,train
43589,train
20533,train
47621,train
52411,train
46696,train
38728,train
37938,train
55278,train
42146,train
68275,train
13481,train
62557,train
34878,train
40595,train
28071,train
38119,train
32238,train
5588,train
38748,train
52722,train
23827,train
11016,train
63513,train
62672,train
49344,train
44765,train
23884,train
42004,train
35154,train
44493,train
35632,train
24931,train
50366,train
70535,train
27901,train
65441,train
57713,train
24091,train
52548,train
45485,train
25941,train
20145,train
20740,train
7149,train
31436,train
70272,train
39067,train
66634,train
59236,train
2023,train
34306,train
9578,train
46362,train
45313,train
45406,train
46383,train
41187,train
39817,train
47050,train
26139,train
13631,train
32151,train
6870,train
13882,train
35269,train
35661,train
20169,train
3242,train
160,train
18596,train
49959,train
17442,train
58164,train
3322,train
37364,train
52412,train
30547,train
46976,train
7086,train
34775,train
41522,train
42118,train
67948,train
40844,train
35096,train
14762,train
33112,train
63037,train
29057,train
6128,train
19390,train
36815,train
3874,train
33761,train
13243,train
69819,train
20176,train
4296,train
35434,train
43070,train
43896,train
16146,train
3667,train
34638,train
1467,train
67489,train
20264,train
48152,train
9731,train
7325,train
66002,train
11242,train
17426,train
41286,train
46113,train
60517,train
60811,train
69926,train
18246,train
43170,train
9399,train
23624,train
4823,train
32662,train
7150,train
53517,train
31732,train
58950,train
69387,train
1559,train
60401,train
13456,train
14549,train
36447,train
42245,train
13642,train
32255,train
17357,train
5429,train
35300,train
21550,train
9047,train
39785,train
43118,train
60924,train
4345,train
42391,train
63293,train
66865,train
10103,train
51139,train
1541,train
7536,train
46875,train
35353,train
63971,train
56267,train
53123,train
50795,train
8069,train
65640,train
44666,train
33422,train
68039,train
68507,train
58518,train
20622,train
53699,train
65550,train
23239,train
38110,train
22712,train
19155,train
7599,train
15546,train
7069,train
30543,train
11699,train
8490,train
60396,train
69140,train
19388,train
17360,train
37306,train
13923,train
9787,train
44066,train
45162,train
49946,train
45343,train
44590,train
32313,train
60978,train
64606,train
59419,train
45581,train
38151,train
26643,train
42762,train
64421,train
48322,train
10443,train
30751,train
476,train
62223,train
61569,train
6892,train
45811,train
15327,train
25013,train
35876,train
21866,train
30472,train
50127,train
41838,train
26325,train
3671,train
65276,train
7885,train
42200,train
68012,train
20878,train
20470,train
1693,train
34966,train
33308,train
13545,train
14663,train
22746,train
62617,train
59452,train
6613,train
10214,train
15581,train
3631,train
52911,train
16442,train
66756,train
61937,train
19504,train
552,train
51236,train
55142,train
64115,train
61627,train
11896,train
14076,train
49556,train
31038,train
10137,train
37618,train
9170,train
6003,train
47739,train
14369,train
29838,train
29656,train
9900,train
26261,train
19551,train
3749,train
36530,train
53131,train
12487,train
58919,train
51870,train
8874,train
9555,train
23721,train
9197,train
64667,train
35,train
55640,train
2383,train
25864,train
46601,train
31406,train
68371,train
2540,train
28901,train
33309,train
48512,train
2443,train
10307,train
28372,train
57748,train
39736,train
27163,train
25470,train
70196,train
38063,train
40467,train
4253,train
59980,train
42330,train
11937,train
44991,train
54741,train
36014,train
895,train
36113,train
66451,train
53156,train
59504,train
68657,train
45603,train
48777,train
23065,train
47529,train
37221,train
27099,train
18988,train
9858,train
57640,train
67051,train
68207,train
16286,train
27444,train
64970,train
54234,train
17805,train
65658,train
57025,train
62976,train
3684,train
23023,train
43634,train
52168,train
13647,train
50286,train
14140,train
40701,train
68258,train
17671,train
54096,train
52211,train
52935,train
60292,train
50761,train
16361,train
63582,train
34757,train
5078,train
56497,train
35639,train
42469,train
57203,train
48135,train
14982,train
41695,train
38340,train
32806,train
38051,train
55343,train
45947,train
43828,train
63927,train
36998,train
61,train
32418,train
51482,train
21084,train
47828,train
7685,train
54987,train
12145,train
31829,train
32664,train
13322,train
64040,train
28698,train
48382,train
47666,train
43616,train
43888,train
34687,train
38732,train
53324,train
34495,train
26963,train
64083,train
29287,train
1969,train
51633,train
65709,train
70623,train
21808,train
57994,train
63041,train
51191,train
10382,train
30273,train
70088,train
13066,train
45955,train
39305,train
21981,train
69204,train
46690,train
44136,train
47632,train
63928,train
51197,train
20445,train
35862,train
19599,train
57577,train
56466,train
1838,train
51600,train
57742,train
42324,train
30043,train
51434,train
7867,train
6252,train
32344,train
66579,train
41358,train
40024,train
44238,train
44370,train
41372,train
49310,train
30188,train
63456,train
56566,train
55784,train
66653,train
11532,train
51584,train
54410,train
22786,train
61260,train
50799,train
8525,train
41796,train
14439,train
57503,train
47880,train
4789,train
29372,train
54213,train
23534,train
41095,train
28718,train
50633,train
55645,train
2596,train
33322,train
20373,train
34742,train
44424,train
19837,train
6524,train
53029,train
26305,train
30425,train
66303,train
37057,train
31410,train
38446,train
18118,train
56218,train
472,train
3915,train
5723,train
41009,train
30339,train
16071,train
61800,train
885,train
67248,train
31754,train
42806,train
39531,train
57431,train
24790,train
12703,train
7277,train
20571,train
61320,train
15615,train
63560,train
36411,train
17141,train
47422,train
5945,train
68290,train
20643,train
27032,train
53867,train
53386,train
64054,train
43465,train
14562,train
53791,train
54731,train
44318,train
57799,train
63307,train
11125,train
47115,train
2518,train
6306,train
39696,train
51822,train
45962,train
8379,train
58255,train
16441,train
5466,train
15752,train
31177,train
56105,train
22235,train
45421,train
60235,train
36645,train
11761,train
28079,train
64595,train
49454,train
5479,train
3802,train
63155,train
6809,train
20497,train
60946,train
34240,train
7806,train
39037,train
24606,train
57063,train
46198,train
3484,train
62257,train
17813,train
45773,train
40855,train
68180,train
60644,train
69315,train
46177,train
57194,train
1207,train
6153,train
48909,train
41713,train
12649,train
19577,train
50334,train
46163,train
36929,train
13204,train
9799,train
12508,train
36132,train
38498,train
37355,train
51760,train
59460,train
48165,train
25430,train
57132,train
13787,train
2855,train
4300,train
50150,train
24708,train
48494,train
4422,train
11068,train
40179,train
34303,train
33636,train
41492,train
63246,train
51322,train
65848,train
16702,train
58364,train
16168,train
9046,train
10113,train
70442,train
13205,train
69923,train
20582,train
19919,train
33428,train
70438,train
59213,train
26997,train
22575,train
51919,train
61888,train
23439,train
7449,train
56529,train
33177,train
32755,train
56427,train
36817,train
52233,train
28979,train
33548,train
55191,train
63430,train
1624,train
55138,train
67393,train
14014,train
61707,train
52434,train
14571,train
45251,train
44046,train
29797,train
25127,train
38797,train
21026,train
16436,train
4010,train
69291,train
14674,train
49318,train
63210,train
21609,train
53091,train
24392,train
19364,train
65851,train
46131,train
33035,train
32055,train
53053,train
59682,train
10682,train
29950,train
69830,train
43429,train
27859,train
65016,train
28706,train
43782,train
12745,train
18830,train
454,train
25978,train
49769,train
6217,train
4663,train
36824,train
53167,train
41347,train
16956,train
11067,train
3931,train
27908,train
55185,train
19055,train
68075,train
46959,train
28704,train
45541,train
13515,train
12000,train
43674,train
5015,train
22414,train
23038,train
30724,train
13495,train
53858,train
27088,train
12197,train
53008,train
48380,train
67959,train
38457,train
49359,train
16245,train
49212,train
5557,train
62968,train
39401,train
38888,train
56420,train
58820,train
62402,train
41547,train
13740,train
27335,train
31643,train
5601,train
56693,train
27198,train
21961,train
41229,train
45821,train
6949,train
39382,train
16726,train
36454,train
2807,train
17090,train
66271,train
50163,train
10312,train
49505,train
29201,train
26986,train
61674,train
61130,train
46413,train
70379,train
33066,train
29966,train
25816,train
59439,train
41724,train
27456,train
43308,train
23181,train
65029,train
29397,train
29867,train
12816,train
65228,train
52510,train
27724,train
53633,train
65248,train
2797,train
24816,train
45296,train
50100,train
64994,train
697,train
20805,train
12680,train
46024,train
61341,train
9736,train
23229,train
1840,train
52970,train
34556,train
26439,train
55416,train
54636,train
29924,train
53331,train
25802,train
6184,train
27690,train
58711,train
64170,train
14238,train
10672,train
67628,train
18415,train
47999,train
12100,train
6202,train
44372,train
5524,train
44425,train
54031,train
69892,train
13433,train
19449,train
62197,train
16697,train
31428,train
26778,train
48421,train
45211,train
15713,train
51914,train
12597,train
60589,train
6642,train
31479,train
41377,train
35694,train
4572,train
55969,train
12062,train
25997,train
243,train
43432,train
44762,train
47651,train
26502,train
65046,train
9185,train
35473,train
34804,train
18467,train
38103,train
13398,train
10157,train
45423,train
34399,train
46836,train
34021,train
507,train
60726,train
106,train
40913,train
16526,train
12219,train
24481,train
43056,train
6836,train
12382,train
54322,train
19125,train
66953,train
29951,train
28833,train
14860,train
31513,train
30570,train
55098,train
28048,train
8422,train
56091,train
13989,train
70232,train
63499,train
66123,train
44348,train
19102,train
55193,train
27539,train
43120,train
24981,train
45889,train
4550,train
53774,train
11929,train
39561,train
11590,train
22573,train
17062,train
48156,train
33395,train
38144,train
56131,train
47996,train
40519,train
58150,train
49597,train
19367,train
45777,train
52421,train
60676,train
17655,train
58107,train
5563,train
27482,train
11179,train
32762,train
67744,train
56123,train
26691,train
54630,train
20114,train
66610,train
60442,train
13830,train
9759,train
59750,train
51867,train
4797,train
23342,train
27259,train
26689,train
52467,train
45257,train
2095,train
26818,train
63182,train
21075,train
14501,train
13698,train
60767,train
9965,train
3360,train
16841,train
20946,train
6456,train
7421,train
4708,train
47363,train
48979,train
51001,train
5339,train
9589,train
51297,train
45585,train
11819,train
30582,train
23444,train
26194,train
28543,train
257,train
51525,train
32167,train
15122,train
3105,train
41771,train
61331,train
24009,train
11969,train
26108,train
10655,train
68143,train
63504,train
63526,train
9783,train
10566,train
63034,train
18623,train
39705,train
10318,train
44781,train
18803,train
49584,train
1629,train
54993,train
3717,train
14321,train
41539,train
19820,train
55360,train
45093,train
8114,train
39183,train
31311,train
30151,train
20188,train
58109,train
48120,train
67084,train
44360,train
56610,train
30988,train
1023,train
55294,train
21237,train
53966,train
25959,train
56969,train
24397,train
63480,train
35993,train
56576,train
39446,train
28403,train
64239,train
45279,train
19297,train
40752,train
19451,train
41842,train
11605,train
41397,train
41683,train
43944,train
23217,train
62089,train
16297,train
15801,train
38919,train
36963,train
17986,train
29935,train
30374,train
17273,train
25630,train
31249,train
10958,train
50851,train
5056,train
37917,train
31124,train
3125,train
18167,train
45174,train
21283,train
1167,train
64178,train
33823,train
17544,train
65835,train
12016,train
60224,train
34260,train
52484,train
43763,train
48248,train
26455,train
35725,train
61966,train
5871,train
33719,train
32337,train
43285,train
2942,train
60270,train
16855,train
63775,train
30635,train
40646,train
15644,train
585,train
66018,train
55067,train
4322,train
42033,train
25550,train
55763,train
47063,train
43212,train
52592,train
48300,train
5720,train
19715,train
26283,train
60563,train
54855,train
54573,train
8554,train
53850,train
38014,train
28771,train
32412,train
41529,train
55380,train
26314,train
62012,train
39170,train
41385,train
21946,train
31085,train
2976,train
45598,train
24357,train
43672,train
48386,train
57119,train
36254,train
46941,train
26521,train
14005,train
58324,train
7999,train
61091,train
40810,train
36564,train
36121,train
52527,train
47785,train
51735,train
33722,train
10184,train
51910,train
63257,train
58783,train
50316,train
66784,train
41227,train
17308,train
61955,train
65326,train
4404,train
9770,train
55129,train
47351,train
52387,train
35197,train
33049,train
58163,train
18238,train
66279,train
8125,train
59327,train
2821,train
37126,train
55437,train
38186,train
2195,train
7198,train
41407,train
70445,train
30372,train
53445,train
50249,train
7552,train
66755,train
68687,train
38752,train
52193,train
48757,train
41578,train
4990,train
3295,train
28764,train
27847,train
27857,train
66124,train
66930,train
62829,train
19359,train
31819,train
57903,train
20684,train
45245,train
41078,train
38576,train
31300,train
2022,train
59968,train
5679,train
53453,train
51987,train
53848,train
67512,train
57530,train
10323,train
42560,train
8771,train
60600,train
25099,train
30156,train
27971,train
28676,train
55359,train
61099,train
33401,train
45807,train
17700,train
219,train
51007,train
70293,train
29350,train
33669,train
20084,train
61526,train
32237,train
18754,train
17171,train
25457,train
59129,train
10693,train
66187,train
11494,train
45242,train
12922,train
39367,train
42941,train
49940,train
22760,train
39093,train
5626,train
56650,train
63109,train
43481,train
1291,train
66521,train
54821,train
32696,train
40441,train
37424,train
29385,train
20078,train
26132,train
50341,train
13002,train
22801,train
68846,train
7734,train
45311,train
8521,train
69998,train
66722,train
61451,train
48641,train
8118,train
53006,train
29086,train
18213,train
57917,train
8348,train
2214,train
9712,train
7470,train
62906,train
12472,train
68423,train
1170,train
12572,train
42805,train
15041,train
36747,train
57787,train
27302,train
45274,train
11189,train
63621,train
40126,train
65104,train
15683,train
44062,train
46101,train
28001,train
177,train
35054,train
66053,train
11027,train
45135,train
65383,train
27398,train
12667,train
2534,train
7032,train
37235,train
9553,train
67880,train
52291,train
21130,train
10130,train
21838,train
47721,train
43368,train
62695,train
37871,train
70580,train
13734,train
21413,train
59148,train
1452,train
47194,train
49970,train
36417,train
17564,train
46151,train
12318,train
30221,train
46967,train
67633,train
18412,train
21143,train
34601,train
52566,train
19063,train
1413,train
48619,train
19414,train
43793,train
67537,train
55010,train
62088,train
32976,train
39069,train
7571,train
15817,train
69858,train
45046,train
38760,train
41502,train
54,train
16823,train
38649,train
14218,train
57138,train
39867,train
34194,train
43274,train
31485,train
42209,train
54516,train
63663,train
54504,train
1250,train
45368,train
69713,train
42040,train
38866,train
60131,train
46396,train
66105,train
18462,train
57210,train
56939,train
15343,train
34063,train
29704,train
34950,train
67738,train
53268,train
13452,train
54245,train
40366,train
16597,train
15756,train
45553,train
12892,train
15396,train
39800,train
19637,train
17175,train
58284,train
50076,train
15648,train
69949,train
45473,train
16982,train
24218,train
14520,train
11634,train
54448,train
64978,train
19387,train
3980,train
17533,train
56994,train
48450,train
59192,train
51966,train
43692,train
43858,train
34232,train
62147,train
8168,train
54167,train
15015,train
46140,train
39617,train
36459,train
1641,train
30622,train
47777,train
65042,train
51240,train
54163,train
38552,train
10813,train
16384,train
36736,train
28293,train
16187,train
9836,train
57824,train
61647,train
29391,train
54079,train
58755,train
69359,train
41941,train
52276,train
57390,train
1996,train
24625,train
39603,train
32038,train
38327,train
25955,train
38633,train
52347,train
4094,train
3871,train
31048,train
68802,train
14020,train
16532,train
33325,train
28735,train
18744,train
15333,train
46087,train
5507,train
3850,train
60944,train
49738,train
13683,train
36296,train
55456,train
46631,train
9222,train
36173,train
35787,train
43213,train
36946,train
41209,train
27860,train
13203,train
31193,train
21806,train
57310,train
53698,train
2610,train
14179,train
51378,train
23495,train
61174,train
52364,train
3065,train
35589,train
41625,train
22713,train
50084,train
31282,train
18588,train
18129,train
66795,train
2188,train
34287,train
42251,train
65799,train
17806,train
67621,train
10594,train
25878,train
12919,train
24574,train
61405,train
64449,train
45338,train
34890,train
39516,train
65836,train
27052,train
58879,train
11200,train
7038,train
41912,train
13646,train
44495,train
60498,train
32191,train
48895,train
60479,train
60821,train
4423,train
69217,train
37314,train
51560,train
56514,train
40652,train
17777,train
42977,train
16130,train
17784,train
69297,train
38909,train
35055,train
4936,train
70590,train
3691,train
21224,train
43283,train
70650,train
62540,train
19683,train
67443,train
31628,train
59712,train
17006,train
888,train
43905,train
30238,train
19412,train
34724,train
24149,train
48907,train
26336,train
25592,train
30065,train
25565,train
60938,train
12721,train
68947,train
43587,train
7531,train
30337,train
40635,train
54653,train
39926,train
18031,train
21583,train
3793,train
42031,train
56746,train
37092,train
47949,train
30517,train
13135,train
1442,train
56696,train
42636,train
28804,train
35959,train
21804,train
50561,train
69463,train
42438,train
30187,train
38860,train
28326,train
27503,train
10198,train
61325,train
57468,train
31214,train
22659,train
51041,train
53038,train
21923,train
48404,train
18314,train
40858,train
37892,train
36144,train
15612,train
38796,train
16198,train
26729,train
61594,train
6395,train
667,train
42867,train
568,train
29423,train
41173,train
62836,train
8160,train
62764,train
6482,train
56486,train
4426,train
64228,train
144,train
21641,train
36274,train
67749,train
16641,train
13603,train
48691,train
67204,train
7785,train
1818,train
63191,train
60103,train
45075,train
44020,train
15761,train
42164,train
43210,train
51641,train
22726,train
29660,train
17830,train
11129,train
68204,train
27734,train
34740,train
2614,train
7541,train
24356,train
69955,train
31995,train
57489,train
33316,train
41860,train
49190,train
5642,train
65286,train
18804,train
67630,train
52867,train
28066,train
63817,train
30588,train
55108,train
57978,train
38596,train
15659,train
46560,train
22959,train
69259,train
36393,train
59253,train
46296,train
50794,train
16735,train
39306,train
55317,train
34560,train
7904,train
13437,train
63230,train
46798,train
41571,train
19885,train
59266,train
15632,train
39595,train
43273,train
4135,train
55245,train
43318,train
68122,train
56067,train
1984,train
29662,train
26023,train
63500,train
45145,train
70144,train
67505,train
47873,train
24071,train
41030,train
42006,train
26010,train
51286,train
10503,train
3026,train
38380,train
23865,train
11826,train
58493,train
31744,train
34206,train
14077,train
61867,train
51974,train
65524,train
17503,train
25028,train
48781,train
67760,train
5589,train
46289,train
1904,train
65111,train
8157,train
56725,train
15217,train
30493,train
51950,train
23284,train
12820,train
16235,train
49295,train
34034,train
45044,train
49566,train
28552,train
58788,train
15307,train
8287,train
5315,train
21862,train
11289,train
29729,train
21962,train
4635,train
23232,train
4004,train
28736,train
7631,train
61821,train
2419,train
5375,train
54354,train
40425,train
39493,train
34842,train
51293,train
26355,train
44137,train
8976,train
40256,train
31071,train
39050,train
40527,train
7496,train
21402,train
13719,train
44108,train
21432,train
63200,train
53639,train
48664,train
3498,train
13469,train
32410,train
24425,train
63413,train
61420,train
64434,train
20156,train
69014,train
29123,train
70415,train
26930,train
59835,train
57361,train
33022,train
62297,train
68213,train
70613,train
58474,train
50748,train
7803,train
63554,train
11640,train
28577,train
29800,train
6690,train
1681,train
21919,train
39780,train
47411,train
36224,train
48846,train
5463,train
5340,train
52166,train
18295,train
20285,train
60750,train
5392,train
58259,train
52497,train
69922,train
59041,train
19031,train
63535,train
61534,train
15994,train
7495,train
7174,train
36921,train
433,train
29030,train
15018,train
46519,train
29990,train
49378,train
37263,train
22889,train
49140,train
34366,train
68009,train
8436,train
26288,train
4083,train
12952,train
1451,train
4966,train
5320,train
58778,train
59921,train
47748,train
51535,train
30811,train
15874,train
57270,train
68181,train
2331,train
27755,train
68,train
55003,train
59306,train
18831,train
21079,train
40553,train
67237,train
33502,train
8975,train
65535,train
1768,train
39726,train
52293,train
37869,train
43636,train
25066,train
839,train
64650,train
382,train
46260,train
41366,train
38766,train
68044,train
64562,train
32538,train
13358,train
55975,train
61506,train
62712,train
14312,train
46501,train
38625,train
52701,train
65278,train
50005,train
29138,train
27195,train
49663,train
9688,train
25526,train
17942,train
20686,train
57816,train
61144,train
26468,train
14214,train
52532,train
10506,train
401,train
26980,train
68786,train
10792,train
6356,train
60820,train
31080,train
59156,train
22685,train
16672,train
63303,train
22718,train
60095,train
31033,train
57689,train
16858,train
25828,train
34010,train
7348,train
32964,train
18399,train
831,train
6715,train
53193,train
45288,train
3445,train
31858,train
17609,train
64388,train
54513,train
50160,train
65603,train
8013,train
463,train
64136,train
33171,train
49236,train
69188,train
30423,train
29571,train
67740,train
2355,train
64414,train
8082,train
58610,train
50576,train
46868,train
32258,train
13409,train
11749,train
63544,train
65553,train
64652,train
13552,train
52015,train
3347,train
58065,train
52442,train
13350,train
55466,train
50147,train
52565,train
51529,train
41056,train
8041,train
28654,train
20288,train
65285,train
2939,train
57461,train
43729,train
62377,train
61243,train
58319,train
41261,train
25426,train
563,train
56780,train
2069,train
26808,train
46895,train
58808,train
39279,train
12830,train
47355,train
34905,train
33411,train
65902,train
35172,train
33313,train
8430,train
66538,train
51185,train
61691,train
47387,train
28013,train
59669,train
9463,train
13393,train
58112,train
33773,train
22225,train
2260,train
58912,train
63471,train
39515,train
64031,train
23040,train
65344,train
8733,train
10862,train
67423,train
21646,train
41779,train
10880,train
40257,train
14297,train
30665,train
59680,train
36160,train
8347,train
32700,train
26420,train
20235,train
41429,train
17068,train
12051,train
15793,train
3641,train
58307,train
25274,train
29306,train
62393,train
41361,train
28144,train
1643,train
65305,train
12183,train
55150,train
42524,train
3652,train
67770,train
42869,train
41510,train
8478,train
47217,train
32295,train
59408,train
15204,train
68597,train
44643,train
23213,train
64009,train
42578,train
57193,train
27005,train
60525,train
64154,train
6085,train
52036,train
41490,train
46590,train
49441,train
43374,train
22108,train
66985,train
45220,train
39572,train
30595,train
53811,train
16296,train
28109,train
41166,train
60385,train
1150,train
15640,train
22537,train
58948,train
1145,train
42111,train
60969,train
16733,train
51131,train
60711,train
27753,train
2341,train
59893,train
23857,train
10097,train
49341,train
44920,train
1412,train
1844,train
45137,train
67966,train
1053,train
31179,train
49682,train
1770,train
60250,train
37929,train
4056,train
9844,train
14154,train
18190,train
29533,train
41631,train
18932,train
27136,train
27386,train
37693,train
9357,train
68788,train
19592,train
13718,train
5147,train
24329,train
60375,train
54024,train
19114,train
43680,train
25074,train
48683,train
28628,train
38730,train
16896,train
4260,train
31030,train
15743,train
10606,train
18538,train
68494,train
9508,train
29985,train
33863,train
2530,train
62538,train
30219,train
56291,train
10260,train
47673,train
58913,train
18032,train
53999,train
28474,train
64029,train
44244,train
2001,train
44194,train
22451,train
33050,train
45316,train
4196,train
43784,train
30741,train
59706,train
67640,train
17950,train
60738,train
24120,train
53818,train
59448,train
43129,train
49064,train
51357,train
62992,train
66899,train
66501,train
62111,train
50889,train
65979,train
36270,train
51291,train
44192,train
29936,train
15667,train
1289,train
66112,train
49207,train
14827,train
3800,train
31764,train
17074,train
44702,train
11520,train
9356,train
37491,train
38756,train
62556,train
2582,train
23404,train
31712,train
43567,train
9161,train
70147,train
38208,train
42052,train
65196,train
28302,train
57440,train
18239,train
1661,train
865,train
50050,train
56949,train
11421,train
25448,train
66604,train
38367,train
35311,train
67925,train
53786,train
15131,train
40806,train
3184,train
60817,train
53694,train
57527,train
28207,train
30255,train
46667,train
26208,train
61207,train
32212,train
17965,train
17117,train
10573,train
22290,train
11284,train
54739,train
15519,train
67954,train
61997,train
22431,train
49755,train
17660,train
22860,train
43710,train
19568,train
17345,train
31208,train
30937,train
40313,train
50677,train
32082,train
21992,train
69645,train
40329,train
53670,train
58854,train
25120,train
43337,train
61080,train
21385,train
54144,train
53253,train
22054,train
52757,train
57279,train
18380,train
56734,train
58389,train
6817,train
17883,train
21708,train
64057,train
61278,train
4385,train
25520,train
38779,train
4410,train
1008,train
33592,train
34241,train
64549,train
34773,train
3453,train
39968,train
56638,train
24387,train
8780,train
27317,train
31600,train
20004,train
39625,train
5633,train
33117,train
28658,train
632,train
60582,train
38890,train
6094,train
61062,train
28085,train
31659,train
58747,train
41496,train
63853,train
36547,train
56724,train
69046,train
62315,train
5045,train
70260,train
33878,train
35215,train
58279,train
25578,train
58442,train
57358,train
5505,train
55417,train
77,train
40812,train
12842,train
35556,train
46127,train
5491,train
54357,train
61092,train
32015,train
34572,train
37572,train
16519,train
19841,train
45679,train
38589,train
50185,train
27556,train
54056,train
2457,train
31583,train
18498,train
64001,train
52558,train
13809,train
56937,train
7513,train
37864,train
376,train
34517,train
47396,train
37233,train
16432,train
16354,train
27583,train
30469,train
35904,train
27964,train
43959,train
14119,train
60930,train
59149,train
16555,train
59928,train
48195,train
70518,train
29226,train
30388,train
25143,train
52789,train
10804,train
45964,train
33466,train
10834,train
56036,train
355,train
67250,train
6260,train
37009,train
20196,train
68965,train
7479,train
64284,train
43027,train
26698,train
45901,train
13788,train
12088,train
12586,train
29941,train
47040,train
54311,train
64406,train
5745,train
59630,train
20794,train
38090,train
46921,train
63247,train
29754,train
68848,train
50664,train
43897,train
62061,train
61131,train
38886,train
6891,train
21940,train
1399,train
6382,train
24982,train
26954,train
14175,train
34118,train
50611,train
44366,train
30916,train
39041,train
12695,train
66980,train
68982,train
53695,train
70551,train
61418,train
1063,train
69185,train
17232,train
40666,train
60666,train
62443,train
69746,train
39407,train
35713,train
30164,train
56170,train
32793,train
15372,train
38518,train
4816,train
50358,train
21627,train
37919,train
21044,train
68933,train
60086,train
25398,train
11440,train
32296,train
29746,train
43787,train
3863,train
56758,train
52439,train
1059,train
24195,train
26572,train
6047,train
14782,train
59308,train
51619,train
12698,train
17067,train
49279,train
1162,train
58459,train
23517,train
25428,train
19272,train
2912,train
30952,train
7934,train
37630,train
35018,train
28752,train
53637,train
43860,train
44745,train
3502,train
68884,train
29296,train
45887,train
10487,train
58067,train
5829,train
38544,train
26752,train
33492,train
60254,train
57520,train
62761,train
9254,train
59661,train
17409,train
44101,train
21888,train
68372,train
39524,train
1428,train
2030,train
10461,train
22970,train
16725,train
19550,train
36975,train
63514,train
41160,train
7950,train
16984,train
41820,train
35302,train
52349,train
39512,train
7730,train
2526,train
8210,train
12974,train
2216,train
6858,train
27843,train
55368,train
61196,train
10882,train
20729,train
45407,train
15055,train
60916,train
23279,train
12881,train
45548,train
19244,train
15402,train
20698,train
7112,train
15770,train
30063,train
66486,train
12146,train
36093,train
11912,train
35120,train
28247,train
57426,train
60248,train
68704,train
57158,train
19771,train
7766,train
23324,train
22135,train
15002,train
29075,train
9661,train
141,train
50528,train
18425,train
52763,train
66723,train
15699,train
21963,train
68271,train
13832,train
54657,train
8072,train
66857,train
66284,train
22847,train
24663,train
70191,train
66552,train
47269,train
18776,train
31917,train
5651,train
41609,train
22564,train
50078,train
54124,train
32443,train
56888,train
31473,train
62626,train
57736,train
23100,train
26022,train
53258,train
61429,train
61795,train
2541,train
16357,train
57779,train
20451,train
18398,train
60381,train
12775,train
42671,train
57072,train
35781,train
14647,train
36769,train
26484,train
13431,train
7704,train
23888,train
41483,train
25100,train
16088,train
32562,train
7335,train
27118,train
46749,train
18760,train
51174,train
40838,train
18632,train
37666,train
28412,train
15408,train
33687,train
36418,train
67879,train
51411,train
21791,train
29755,train
7353,train
63054,train
70337,train
8586,train
56491,train
2835,train
27393,train
25783,train
66710,train
46726,train
11468,train
7427,train
4863,train
67719,train
7159,train
39116,train
60106,train
20055,train
21451,train
53692,train
53433,train
5300,train
14819,train
1457,train
10467,train
34282,train
5098,train
684,train
27916,train
24345,train
22638,train
26854,train
45529,train
20270,train
44236,train
58708,train
56703,train
68321,train
37008,train
58165,train
40288,train
10212,train
39494,train
1439,train
52509,train
18615,train
45204,train
19260,train
26165,train
3514,train
12180,train
8193,train
4725,train
54054,train
44621,train
41946,train
46482,train
5705,train
42533,train
53484,train
67825,train
66129,train
68031,train
17084,train
47890,train
5041,train
65692,train
25567,train
13730,train
29911,train
25903,train
66321,train
24484,train
52252,train
33718,train
52449,train
8781,train
65518,train
36476,train
32432,train
47645,train
20035,train
54917,train
11780,train
64232,train
37599,train
30135,train
29001,train
44777,train
61626,train
54713,train
68698,train
5113,train
44525,train
66304,train
11795,train
68352,train
4425,train
60364,train
17778,train
43496,train
34054,train
58862,train
17362,train
17992,train
20321,train
28512,train
32563,train
65155,train
34132,train
40426,train
63717,train
56612,train
17666,train
13725,train
2463,train
20982,train
8729,train
21912,train
66763,train
42534,train
11856,train
10147,train
28123,train
60109,train
16683,train
40670,train
48190,train
28784,train
35988,train
8433,train
43804,train
44915,train
39316,train
20355,train
8495,train
38411,train
33405,train
61980,train
12161,train
14837,train
5724,train
34176,train
59837,train
61757,train
40559,train
51782,train
69334,train
415,train
54776,train
49275,train
1278,train
14944,train
39982,train
60414,train
47491,train
37708,train
59488,train
30687,train
30285,train
34249,train
45314,train
54219,train
54297,train
14942,train
17065,train
60030,train
55589,train
41962,train
48387,train
33598,train
17587,train
43416,train
16115,train
36457,train
17543,train
64589,train
65731,train
8315,train
24516,train
66380,train
68544,train
9122,train
7927,train
65945,train
24551,train
38139,train
33436,train
1849,train
63219,train
1219,train
21978,train
32636,train
17210,train
14726,train
32702,train
47537,train
60463,train
42303,train
62355,train
63291,train
33340,train
16234,train
45892,train
44263,train
55950,train
53794,train
63368,train
36540,train
48117,train
54287,train
18404,train
66675,train
35234,train
815,train
13366,train
18903,train
13337,train
28273,train
14708,train
28598,train
67242,train
29276,train
43047,train
56000,train
65706,train
59603,train
4470,train
70397,train
44581,train
20812,train
20095,train
6747,train
9143,train
19987,train
54934,train
48620,train
41451,train
18351,train
47129,train
8196,train
46620,train
297,train
47605,train
23965,train
20854,train
60532,train
62554,train
61227,train
6624,train
39676,train
27532,train
45363,train
35756,train
51869,train
38872,train
60282,train
60308,train
22286,train
52067,train
32625,train
28160,train
60441,train
35488,train
29250,train
23168,train
46118,train
57726,train
13885,train
43753,train
69040,train
34933,train
25511,train
12853,train
23629,train
18120,train
23772,train
21116,train
23656,train
23458,train
28453,train
2907,train
46587,train
69935,train
42775,train
3353,train
53198,train
20704,train
23411,train
27846,train
723,train
39214,train
52195,train
13518,train
45978,train
44389,train
21839,train
3830,train
66659,train
46969,train
34181,train
14607,train
3285,train
37829,train
70346,train
10987,train
66988,train
24065,train
57634,train
11410,train
54814,train
3933,train
63647,train
34114,train
46840,train
5876,train
25551,train
24225,train
50360,train
63004,train
8802,train
14081,train
15564,train
7131,train
62190,train
7546,train
35074,train
22344,train
30936,train
616,train
51485,train
16094,train
19104,train
50328,train
70389,train
21139,train
13945,train
1949,train
40081,train
55569,train
59670,train
53679,train
19503,train
47493,train
11347,train
59997,train
31806,train
28946,train
14457,train
69884,train
16355,train
68556,train
24119,train
67939,train
31721,train
22232,train
38812,train
23406,train
55643,train
69690,train
18941,train
43449,train
23159,train
44347,train
26624,train
34644,train
28102,train
38960,train
32753,train
63829,train
32069,train
12232,train
67285,train
62156,train
56421,train
17454,train
58846,train
26483,train
66803,train
27140,train
31,train
2242,train
36848,train
46618,train
42627,train
58961,train
9134,train
12500,train
36146,train
14973,train
11307,train
37392,train
1058,train
46419,train
40528,train
47599,train
24784,train
32748,train
61806,train
14954,train
42137,train
33037,train
59111,train
46009,train
21256,train
30066,train
47465,train
49347,train
52928,train
43410,train
54820,train
67407,train
2083,train
31507,train
44930,train
34340,train
26486,train
64272,train
26013,train
41042,train
41868,train
54236,train
44286,train
32778,train
53734,train
22977,train
70056,train
20022,train
55693,train
69533,train
42912,train
8480,train
397,train
56475,train
43104,train
67667,train
31486,train
35153,train
18028,train
45514,train
66073,train
8420,train
5908,train
62536,train
23568,train
48994,train
45380,train
32132,train
6813,train
18197,train
60810,train
35517,train
32857,train
44605,train
7328,train
5039,train
21291,train
29528,train
44115,train
67733,train
42088,train
33084,train
9002,train
17136,train
6065,train
41814,train
27436,train
34229,train
53320,train
30044,train
41895,train
47593,train
8116,train
41436,train
31927,train
65366,train
40623,train
65267,train
63064,train
29926,train
58384,train
48111,train
3688,train
22595,train
32054,train
2249,train
57755,train
60550,train
66036,train
1253,train
33259,train
60731,train
50372,train
549,train
48766,train
37083,train
4233,train
70506,train
11626,train
13969,train
32749,train
56259,train
62031,train
16876,train
60556,train
41531,train
65788,train
52304,train
15249,train
42232,train
55141,train
24137,train
31057,train
66669,train
67188,train
38492,train
43372,train
55917,train
36735,train
41904,train
65079,train
43579,train
67171,train
10600,train
27818,train
37673,train
43529,train
9524,train
41130,train
69599,train
52570,train
54837,train
56635,train
24028,train
18833,train
39212,train
14803,train
539,train
5216,train
42379,train
46997,train
45794,train
57251,train
31645,train
3732,train
21299,train
15941,train
10743,train
45080,train
33852,train
25539,train
19457,train
69883,train
51840,train
43041,train
66090,train
8512,train
2474,train
41901,train
53473,train
41104,train
57874,train
4991,train
7169,train
35247,train
18901,train
57813,train
5863,train
59032,train
39381,train
16112,train
28024,train
69634,train
46315,train
14736,train
34080,train
5758,train
16891,train
9821,train
62232,train
28316,train
17384,train
54791,train
65846,train
58818,train
38925,train
47276,train
40597,train
24832,train
32507,train
22954,train
27332,train
45931,train
29454,train
53547,train
35651,train
13475,train
24906,train
3958,train
8738,train
38126,train
16963,train
63718,train
41795,train
70472,train
58314,train
45101,train
27570,train
21874,train
49165,train
7126,train
62675,train
59498,train
60303,train
38966,train
7352,train
9058,train
53558,train
61907,train
34298,train
37534,train
33835,train
21617,train
49393,train
32787,train
2903,train
29691,train
10780,train
34304,train
48087,train
34506,train
53890,train
27939,train
54656,train
67343,train
29303,train
40027,train
36347,train
62562,train
64261,train
50194,train
2422,train
43532,train
39585,train
59978,train
4479,train
30247,train
3831,train
37856,train
58208,train
23829,train
32444,train
54177,train
8493,train
57060,train
53164,train
47903,train
18233,train
23363,train
5268,train
20128,train
56458,train
67153,train
42130,train
31271,train
43244,train
57403,train
2250,train
50170,train
10052,train
53958,train
56916,train
52119,train
60344,train
40216,train
40153,train
34465,train
30101,train
45158,train
59520,train
55346,train
27087,train
50993,train
60631,train
57103,train
61338,train
23681,train
34858,train
66440,train
64808,train
29324,train
11553,train
64397,train
2376,train
54878,train
38255,train
16959,train
15143,train
9510,train
34443,train
50241,train
25284,train
31489,train
30222,train
65560,train
27397,train
67325,train
11511,train
22881,train
47437,train
11014,train
4217,train
67906,train
7156,train
56157,train
58690,train
29784,train
66983,train
23640,train
24886,train
53426,train
28592,train
55299,train
13298,train
576,train
29431,train
59883,train
56581,train
35440,train
55320,train
54301,train
70312,train
32272,train
47141,train
30671,train
11124,train
21410,train
54436,train
6838,train
16196,train
41594,train
10799,train
64865,train
45212,train
24048,train
6941,train
67612,train
12362,train
15424,train
18367,train
35973,train
41254,train
39557,train
40662,train
63762,train
948,train
32884,train
57079,train
57749,train
20689,train
982,train
33749,train
68357,train
66518,train
21331,train
17584,train
45218,train
39247,train
33185,train
32998,train
26515,train
31564,train
62674,train
42906,train
56045,train
56870,train
11727,train
14428,train
53208,train
36312,train
58918,train
24723,train
13277,train
3387,train
18868,train
62150,train
40704,train
42043,train
5294,train
42526,train
66557,train
53472,train
20093,train
8487,train
38670,train
45079,train
52571,train
43974,train
66861,train
210,train
3827,train
11900,train
46736,train
64433,train
11446,train
48692,train
4427,train
14740,train
58029,train
34438,train
6714,train
33795,train
60734,train
32240,train
53088,train
18343,train
37724,train
47695,train
17241,train
57785,train
6584,train
8701,train
38105,train
8827,train
62040,train
61855,train
44948,train
19515,train
21162,train
19327,train
20257,train
60935,train
2468,train
37541,train
12181,train
24312,train
1608,train
21171,train
26830,train
40512,train
41706,train
9943,train
66154,train
55981,train
59048,train
3937,train
27513,train
24152,train
54156,train
9722,train
26975,train
5063,train
45353,train
16887,train
60299,train
59368,train
36687,train
24988,train
51779,train
45141,train
25676,train
29886,train
3509,train
56102,train
58815,train
60547,train
27810,train
44288,train
31174,train
6200,train
45008,train
28961,train
29399,train
67855,train
64419,train
11729,train
23819,train
6934,train
47511,train
52194,train
58577,train
5492,train
13854,train
43723,train
3014,train
27764,train
33296,train
24876,train
60898,train
66094,train
46321,train
1605,train
21892,train
10237,train
43878,train
33745,train
31680,train
7318,train
66651,train
28569,train
37739,train
57416,train
21847,train
32911,train
1194,train
12937,train
31541,train
64068,train
2716,train
4546,train
44739,train
1564,train
68661,train
69520,train
62238,train
10753,train
6647,train
10807,train
972,train
1556,train
542,train
14104,train
10335,train
55670,train
5750,train
16455,train
48820,train
69918,train
14061,train
15724,train
2085,train
26767,train
6867,train
63772,train
12689,train
35925,train
15007,train
45449,train
33215,train
24595,train
10528,train
2389,train
17455,train
49610,train
65938,train
4164,train
63974,train
9574,train
43909,train
25758,train
37893,train
36970,train
45703,train
58974,train
26513,train
13059,train
54383,train
1299,train
24561,train
39016,train
64890,train
41107,train
18573,train
4052,train
53415,train
40470,train
68996,train
37125,train
51346,train
55761,train
28367,train
14613,train
45217,train
53940,train
17286,train
3603,train
23822,train
67660,train
67150,train
7504,train
33635,train
52850,train
35257,train
13768,train
1780,train
33083,train
39666,train
6311,train
26347,train
68364,train
20122,train
53912,train
57046,train
57733,train
6537,train
69215,train
6055,train
33682,train
28519,train
2219,train
33703,train
8920,train
25756,train
15496,train
25624,train
25834,train
3784,train
26915,train
53405,train
56681,train
68050,train
32512,train
15839,train
45078,train
35975,train
1633,train
18088,train
12938,train
45013,train
10751,train
17963,train
41010,train
43671,train
54836,train
37161,train
57202,train
60652,train
53259,train
22540,train
14272,train
36036,train
46649,train
7001,train
39575,train
19128,train
45246,train
8292,train
32146,train
64467,train
38145,train
26054,train
33025,train
8746,train
7639,train
66768,train
69444,train
13944,train
63345,train
37808,train
35701,train
44069,train
27418,train
64583,train
29262,train
39815,train
52389,train
66849,train
30676,train
11386,train
2294,train
4190,train
37804,train
39701,train
22669,train
29386,train
12839,train
6950,train
55739,train
11750,train
50205,train
57275,train
50547,train
23679,train
15741,train
20441,train
31848,train
39786,train
39063,train
49290,train
12042,train
8393,train
16501,train
68097,train
8284,train
4707,train
2262,train
32446,train
13749,train
36634,train
5459,train
54109,train
11363,train
68822,train
14150,train
5790,train
11374,train
68141,train
31565,train
50894,train
32616,train
62978,train
67935,train
420,train
21055,train
39498,train
18165,train
10823,train
4870,train
63585,train
37794,train
45929,train
11603,train
49070,train
22962,train
12038,train
41132,train
6237,train
60885,train
60783,train
29102,train
15200,train
59435,train
51155,train
69363,train
59429,train
31023,train
29783,train
30781,train
18148,train
28294,train
35578,train
2193,train
40418,train
15335,train
60819,train
65058,train
293,train
16205,train
22103,train
32233,train
31849,train
48713,train
65809,train
24896,train
14983,train
48628,train
53024,train
22608,train
39422,train
7568,train
2427,train
20305,train
68027,train
8991,train
28786,train
62231,train
6229,train
39702,train
59879,train
10673,train
26370,train
30086,train
52953,train
2159,train
24194,train
41876,train
22391,train
3713,train
45556,train
68653,train
39074,train
37553,train
7739,train
38451,train
23327,train
45099,train
13310,train
54196,train
48840,train
38839,train
38723,train
59887,train
9205,train
24215,train
43843,train
27646,train
22048,train
57546,train
59685,train
6168,train
3006,train
65923,train
39153,train
36818,train
59927,train
28338,train
52221,train
28921,train
30085,train
61535,train
32427,train
42907,train
12751,train
40472,train
45752,train
42689,train
4553,train
38066,train
10094,train
36691,train
22422,train
36097,train
41054,train
45550,train
10937,train
38636,train
7750,train
23518,train
47180,train
34145,train
62123,train
44515,train
1097,train
25872,train
18565,train
9453,train
19610,train
30025,train
32367,train
38045,train
13623,train
36293,train
19215,train
4077,train
1785,train
18837,train
29952,train
12908,train
1742,train
37782,train
35586,train
41230,train
583,train
21776,train
25571,train
40718,train
4715,train
63275,train
22997,train
36891,train
46796,train
59666,train
67100,train
50610,train
23259,train
11537,train
58429,train
64064,train
30427,train
35160,train
24302,train
68193,train
28935,train
21494,train
17458,train
26232,train
30973,train
24668,train
40778,train
70402,train
22888,train
3313,train
47039,train
33172,train
6702,train
61570,train
63854,train
31731,train
17437,train
25587,train
62057,train
41699,train
46516,train
22203,train
60985,train
40772,train
15257,train
65960,train
20855,train
32247,train
49178,train
18832,train
5044,train
27152,train
40999,train
66572,train
33353,train
21612,train
16102,train
20088,train
39511,train
33753,train
1436,train
29477,train
12345,train
67920,train
30237,train
23662,train
31802,train
65775,train
51172,train
7045,train
33656,train
48162,train
53072,train
34239,train
24527,train
3463,train
43778,train
28135,train
67405,train
18059,train
15863,train
20161,train
9246,train
34090,train
48867,train
62243,train
14503,train
35007,train
1236,train
8358,train
64653,train
64830,train
36165,train
53591,train
29882,train
32940,train
25269,train
54678,train
25218,train
32254,train
30696,train
6052,train
53524,train
2863,train
39838,train
16363,train
27211,train
27592,train
19808,train
69369,train
20417,train
19867,train
32675,train
60001,train
17021,train
5236,train
5212,train
11466,train
66967,train
1211,train
14507,train
34555,train
25458,train
39938,train
38415,train
67839,train
37634,train
12377,train
37181,train
8414,train
69622,train
36591,train
54347,train
57449,train
19566,train
29212,train
19161,train
30281,train
10578,train
42282,train
54089,train
47568,train
39281,train
68808,train
3660,train
775,train
10719,train
1596,train
6152,train
2489,train
203,train
3437,train
49877,train
24992,train
41919,train
49596,train
63348,train
31890,train
20431,train
58535,train
60418,train
11803,train
23180,train
48819,train
13077,train
5415,train
49534,train
8441,train
34794,train
19251,train
11688,train
66429,train
16607,train
64918,train
11163,train
1169,train
17875,train
56192,train
11448,train
17678,train
32737,train
55698,train
11106,train
9654,train
37466,train
52314,train
54378,train
47020,train
28965,train
28352,train
10119,train
53139,train
8145,train
13048,train
69074,train
65590,train
60778,train
28258,train
26233,train
432,train
31190,train
27060,train
31853,train
4492,train
1632,train
65258,train
33081,train
17657,train
60415,train
34523,train
63137,train
10397,train
40074,train
67417,train
28737,train
53399,train
57817,train
42477,train
25516,train
18872,train
43228,train
50431,train
52837,train
31497,train
17850,train
6141,train
2572,train
11044,train
12601,train
8408,train
58847,train
19072,train
37225,train
25216,train
31548,train
37921,train
32063,train
1711,train
61231,train
490,train
20775,train
26189,train
40029,train
65636,train
17528,train
24531,train
39543,train
8670,train
58267,train
32210,train
16388,train
16041,train
26843,train
28864,train
2711,train
49499,train
31375,train
9162,train
69671,train
10112,train
15051,train
62239,train
8331,train
53920,train
44737,train
35779,train
5774,train
40219,train
1187,train
44334,train
44199,train
12499,train
58883,train
33846,train
18646,train
37065,train
20268,train
28996,train
20141,train
8127,train
4888,train
64735,train
66022,train
15154,train
64879,train
48967,train
48630,train
68200,train
8774,train
43061,train
63087,train
64320,train
5461,train
54909,train
13471,train
51302,train
32834,train
1485,train
37538,train
34922,train
12753,train
38329,train
63805,train
61248,train
32970,train
63203,train
16236,train
40278,train
65527,train
66209,train
58382,train
49843,train
38808,train
62952,train
17556,train
67351,train
50552,train
40881,train
6319,train
39630,train
22544,train
10472,train
2075,train
62416,train
67516,train
66498,train
41963,train
45081,train
33186,train
17002,train
51390,train
70489,train
31898,train
51383,train
68173,train
33541,train
54012,train
58526,train
3039,train
25546,train
32152,train
2264,train
18010,train
9417,train
1807,train
55228,train
13187,train
38691,train
36170,train
60850,train
12677,train
66408,train
62430,train
9021,train
67693,train
55938,train
38640,train
46456,train
31821,train
5791,train
18267,train
25711,train
22456,train
53128,train
68896,train
14735,train
17433,train
3527,train
26075,train
53722,train
42786,train
27253,train
42968,train
316,train
24439,train
46186,train
49603,train
4138,train
20586,train
29311,train
19875,train
46935,train
33120,train
50006,train
53725,train
41041,train
55654,train
48353,train
46886,train
34865,train
31694,train
7166,train
48697,train
14616,train
63650,train
1547,train
3117,train
5478,train
28943,train
15703,train
52226,train
67342,train
47533,train
29639,train
48471,train
505,train
46432,train
11402,train
57230,train
33383,train
34991,train
59506,train
14311,train
54538,train
56230,train
55618,train
4676,train
16141,train
43750,train
64842,train
49093,train
66117,train
8630,train
62528,train
30334,train
27918,train
58878,train
4615,train
2245,train
25320,train
50607,train
1213,train
595,train
58752,train
42023,train
54047,train
47581,train
16418,train
24729,train
14091,train
66223,train
26749,train
8183,train
32312,train
44592,train
53608,train
48989,train
55090,train
31405,train
2432,train
37717,train
26888,train
49997,train
42460,train
46143,train
34007,train
10918,train
13611,train
29534,train
601,train
41566,train
31292,train
33378,train
21165,train
39266,train
21817,train
67385,train
18216,train
21009,train
56435,train
52437,train
20372,train
27119,train
47532,train
45230,train
52979,train
50609,train
49271,train
13386,train
27017,train
35831,train
62107,train
17293,train
47798,train
46068,train
57956,train
68868,train
37422,train
46785,train
9747,train
23529,train
15083,train
5179,train
20923,train
49471,train
58205,train
12446,train
6433,train
12778,train
45192,train
46547,train
2133,train
29679,train
45333,train
21984,train
20930,train
41445,train
5356,train
35698,train
5361,train
908,train
15876,train
36309,train
37713,train
27327,train
64189,train
3386,train
28557,train
52983,train
1078,train
60960,train
34982,train
59853,train
20664,train
59497,train
63551,train
16431,train
54195,train
27648,train
9878,train
8126,train
48219,train
26814,train
13099,train
49904,train
32835,train
38057,train
22218,train
9291,train
66287,train
69201,train
32873,train
53023,train
56959,train
222,train
32141,train
962,train
4090,train
21970,train
26704,train
29749,train
63228,train
67761,train
44677,train
44035,train
16013,train
67110,train
52468,train
31910,train
54689,train
25169,train
44654,train
19861,train
49889,train
50818,train
8782,train
5453,train
37519,train
55332,train
44257,train
70533,train
53995,train
11818,train
54394,train
47735,train
10257,train
60539,train
26804,train
27654,train
15917,train
28859,train
29268,train
68500,train
7062,train
10803,train
56317,train
13319,train
2828,train
44252,train
46393,train
46380,train
43045,train
3170,train
28629,train
55664,train
55703,train
48787,train
53820,train
60909,train
5759,train
15945,train
41305,train
50125,train
28351,train
50396,train
58104,train
17498,train
32732,train
16847,train
58332,train
47539,train
26209,train
1042,train
15844,train
37564,train
68315,train
42716,train
22052,train
69146,train
64500,train
65683,train
26319,train
530,train
61102,train
32373,train
20064,train
32611,train
3201,train
56541,train
21868,train
34083,train
51541,train
60867,train
9933,train
17867,train
15870,train
60597,train
10724,train
45517,train
19523,train
28178,train
11480,train
38906,train
32339,train
53277,train
25388,train
42149,train
21796,train
59265,train
65748,train
39961,train
21519,train
61496,train
27815,train
4916,train
17548,train
7322,train
57899,train
10885,train
68428,train
8470,train
45810,train
33312,train
37395,train
9455,train
33614,train
68579,train
44258,train
37043,train
15195,train
18134,train
41767,train
59568,train
51592,train
57260,train
53933,train
17760,train
45429,train
43251,train
3222,train
30084,train
19597,train
31101,train
35565,train
42611,train
36458,train
69084,train
25159,train
20149,train
14495,train
39199,train
56652,train
40904,train
62883,train
19583,train
39950,train
4665,train
62465,train
7661,train
12423,train
64465,train
8086,train
12319,train
17466,train
30955,train
21286,train
36071,train
60056,train
63251,train
13447,train
64812,train
6657,train
4368,train
14106,train
43780,train
48937,train
22500,train
55000,train
59292,train
49999,train
56525,train
53500,train
20960,train
29163,train
51180,train
67657,train
38502,train
59027,train
25386,train
48591,train
7123,train
42408,train
8240,train
55980,train
44466,train
270,train
3893,train
5314,train
13828,train
32352,train
23950,train
48680,train
23316,train
38881,train
5434,train
5105,train
66744,train
20318,train
27142,train
7175,train
16048,train
57854,train
53358,train
58156,train
53330,train
58,train
69082,train
65650,train
45900,train
47192,train
18612,train
49962,train
47722,train
31260,train
20786,train
57708,train
29456,train
21078,train
57770,train
12615,train
68548,train
41282,train
68799,train
51243,train
69753,train
34734,train
2171,train
21367,train
60037,train
63082,train
34500,train
45392,train
30495,train
51213,train
62134,train
21124,train
36923,train
29753,train
48969,train
70666,train
55192,train
26664,train
69991,train
12863,train
28844,train
66635,train
3043,train
51545,train
8340,train
16837,train
25922,train
25196,train
18918,train
6519,train
8872,train
33314,train
8227,train
22441,train
14599,train
21809,train
11367,train
39965,train
11111,train
67061,train
25045,train
61630,train
15737,train
65214,train
64427,train
53294,train
61264,train
56841,train
51741,train
48400,train
29453,train
47251,train
38646,train
9397,train
467,train
8187,train
50741,train
42449,train
63439,train
62426,train
8609,train
69703,train
5469,train
61218,train
34928,train
69570,train
49914,train
36257,train
57253,train
35769,train
40440,train
18661,train
21196,train
64405,train
25293,train
31063,train
23493,train
11930,train
40994,train
63167,train
8382,train
11482,train
35986,train
23841,train
1683,train
58810,train
47900,train
46374,train
68043,train
54429,train
27443,train
13700,train
57237,train
19975,train
23902,train
1308,train
53480,train
52880,train
26908,train
48304,train
663,train
20283,train
33772,train
6828,train
3225,train
65390,train
34171,train
18536,train
58012,train
40471,train
47072,train
51463,train
48428,train
64120,train
60899,train
64814,train
60882,train
25804,train
26354,train
34137,train
9146,train
42926,train
38200,train
20247,train
36866,train
1340,train
2922,train
15038,train
31227,train
43849,train
21680,train
64081,train
43452,train
32103,train
54895,train
45374,train
65302,train
58193,train
63460,train
9623,train
59242,train
11341,train
68223,train
42674,train
45254,train
64425,train
64227,train
11128,train
9643,train
12997,train
13213,train
7579,train
64919,train
25877,train
2830,train
46214,train
19850,train
5794,train
64947,train
35620,train
6347,train
28796,train
68140,train
63027,train
20993,train
42933,train
42514,train
59229,train
60658,train
67668,train
46679,train
51569,train
25817,train
50740,train
21423,train
46830,train
58397,train
47579,train
63459,train
69801,train
41600,train
12404,train
54719,train
49741,train
18652,train
42436,train
41829,train
56233,train
32319,train
35861,train
7165,train
1930,train
40271,train
69638,train
39399,train
13937,train
64399,train
62792,train
58222,train
27777,train
27713,train
31798,train
69195,train
796,train
69354,train
21549,train
61323,train
36979,train
45539,train
9255,train
69942,train
639,train
1022,train
19477,train
48862,train
11705,train
65628,train
27245,train
34386,train
58005,train
52553,train
5120,train
12267,train
8135,train
62065,train
29168,train
70053,train
12837,train
8171,train
9991,train
33110,train
32975,train
70160,train
50542,train
37441,train
14505,train
39137,train
31984,train
39519,train
25992,train
40805,train
67039,train
42129,train
9979,train
52388,train
8599,train
46771,train
67701,train
40273,train
1085,train
50742,train
30034,train
46536,train
19400,train
1275,train
20325,train
38783,train
14458,train
4267,train
64215,train
31769,train
1472,train
12291,train
57544,train
55405,train
24246,train
63131,train
46382,train
1183,train
11847,train
16839,train
18362,train
51166,train
66743,train
23103,train
65128,train
58460,train
65716,train
10221,train
28162,train
37176,train
64691,train
40045,train
43298,train
51301,train
1745,train
24463,train
64266,train
14286,train
23092,train
31218,train
31256,train
27881,train
50625,train
29476,train
38306,train
47955,train
40997,train
16575,train
12762,train
20042,train
21625,train
51094,train
8464,train
70052,train
56957,train
28365,train
23752,train
62328,train
20557,train
6426,train
17038,train
16394,train
16072,train
65704,train
25292,train
14741,train
45733,train
60348,train
69210,train
65620,train
49729,train
5487,train
8066,train
42226,train
50800,train
17302,train
53814,train
24220,train
3012,train
37157,train
55851,train
19468,train
6615,train
11925,train
37550,train
10744,train
28539,train
53545,train
56499,train
39408,train
31992,train
4357,train
15848,train
69538,train
57156,train
13050,train
44652,train
51888,train
13991,train
8603,train
61742,train
12784,train
38726,train
21250,train
12537,train
36467,train
6596,train
59378,train
66212,train
49265,train
70621,train
29090,train
18927,train
4747,train
5291,train
50368,train
41891,train
33419,train
13591,train
2658,train
64145,train
39017,train
59363,train
7030,train
27691,train
56816,train
53388,train
50140,train
40080,train
11055,train
54977,train
23337,train
44867,train
58129,train
202,train
50285,train
65100,train
65980,train
22149,train
49475,train
23484,train
1962,train
581,train
65632,train
15389,train
33839,train
49343,train
24116,train
38705,train
579,train
3290,train
2626,train
12666,train
6192,train
15091,train
68038,train
17212,train
62893,train
29899,train
68892,train
35275,train
18206,train
56389,train
23921,train
57686,train
38082,train
52150,train
7548,train
32235,train
24968,train
65270,train
37103,train
4778,train
11526,train
56026,train
33149,train
52124,train
654,train
4559,train
59536,train
38997,train
27942,train
63465,train
56947,train
54017,train
1570,train
36532,train
66082,train
52727,train
32906,train
46509,train
27828,train
52272,train
69380,train
60350,train
63326,train
57492,train
14491,train
19292,train
3894,train
43074,train
23473,train
62789,train
8812,train
23562,train
7451,train
23081,train
17964,train
27018,train
36964,train
62015,train
6040,train
4877,train
42843,train
17155,train
57349,train
27353,train
21422,train
3410,train
35588,train
23516,train
57139,train
11066,train
196,train
66509,train
18208,train
7930,train
42937,train
22272,train
62972,train
23690,train
20817,train
57008,train
30266,train
45440,train
15747,train
20581,train
1715,train
3852,train
38216,train
19848,train
33999,train
54525,train
45446,train
46507,train
31204,train
10371,train
17714,train
22291,train
15303,train
53419,train
32322,train
53672,train
70061,train
2275,train
50597,train
14384,train
60456,train
12125,train
20209,train
66555,train
20690,train
4770,train
29490,train
25070,train
39328,train
44242,train
30880,train
57800,train
28849,train
41039,train
26321,train
12782,train
3277,train
4477,train
34971,train
11720,train
50154,train
60849,train
60057,train
8164,train
21558,train
9052,train
34591,train
29227,train
12418,train
29551,train
57838,train
36207,train
12303,train
35948,train
9213,train
16153,train
48696,train
7651,train
49592,train
52890,train
60995,train
16427,train
14487,train
39551,train
42426,train
37439,train
28,train
53187,train
15967,train
24383,train
5233,train
32010,train
45138,train
53082,train
40607,train
65536,train
10430,train
40136,train
13119,train
63085,train
12395,train
5678,train
48579,train
4228,train
68512,train
2358,train
49920,train
49757,train
11814,train
13696,train
45762,train
58679,train
2227,train
28700,train
56832,train
9659,train
64125,train
53624,train
68158,train
53629,train
32862,train
228,train
38684,train
16184,train
37113,train
50176,train
53152,train
40775,train
31807,train
22876,train
47333,train
55388,train
11561,train
45021,train
49985,train
27779,train
34512,train
11107,train
59547,train
64883,train
12742,train
14949,train
2394,train
4384,train
28422,train
14512,train
13654,train
28334,train
21652,train
57071,train
43135,train
58958,train
66147,train
9284,train
21567,train
52049,train
63861,train
43386,train
30049,train
44099,train
53089,train
43991,train
60779,train
17011,train
34299,train
46593,train
8220,train
49836,train
37576,train
2402,train
62754,train
18983,train
54617,train
5771,train
58269,train
35869,train
11199,train
35203,train
58876,train
70203,train
68312,train
37518,train
35132,train
45061,train
1783,train
27802,train
23971,train
29816,train
27862,train
35506,train
55018,train
12059,train
25618,train
25191,train
53678,train
15135,train
18550,train
34942,train
62181,train
7413,train
59458,train
58463,train
59761,train
4364,train
49086,train
53262,train
15256,train
45502,train
27943,train
47763,train
69016,train
52524,train
37610,train
20532,train
9766,train
60990,train
64998,train
58038,train
35604,train
28809,train
51237,train
60428,train
66655,train
64925,train
24409,train
10276,train
2918,train
40014,train
43689,train
40042,train
55096,train
40344,train
14243,train
69606,train
69329,train
68684,train
17811,train
37840,train
2202,train
17377,train
15847,train
6996,train
47550,train
51475,train
44529,train
8186,train
9120,train
28011,train
4301,train
59462,train
23708,train
59097,train
21635,train
30033,train
16754,train
68384,train
11009,train
30244,train
35685,train
7129,train
42880,train
12826,train
63462,train
69562,train
37077,train
67056,train
15601,train
47074,train
44229,train
60409,train
6014,train
28444,train
62398,train
44751,train
55053,train
35391,train
28895,train
8321,train
3707,train
64916,train
53706,train
61531,train
63104,train
35020,train
36926,train
25638,train
64556,train
27872,train
20481,train
61021,train
11538,train
8006,train
57238,train
20941,train
18733,train
35406,train
24135,train
31146,train
9067,train
62460,train
34151,train
17262,train
46051,train
31187,train
43973,train
65275,train
41551,train
18966,train
67396,train
53528,train
23146,train
66394,train
41676,train
35516,train
68734,train
56639,train
51988,train
67249,train
69316,train
24291,train
34748,train
1935,train
50686,train
51647,train
59936,train
65109,train
55281,train
3914,train
69062,train
12936,train
43962,train
8621,train
65221,train
6621,train
38693,train
33156,train
65605,train
31322,train
38652,train
6087,train
8702,train
39323,train
5018,train
57586,train
32115,train
15270,train
35937,train
9398,train
8404,train
1553,train
56886,train
28057,train
22181,train
12539,train
30844,train
20984,train
39570,train
19791,train
68146,train
52863,train
4951,train
35591,train
31749,train
7259,train
11196,train
65712,test
45532,test
16706,test
62436,test
6995,test
26504,test
52111,test
18024,test
46900,test
53371,test
21822,test
7938,test
15423,test
58414,test
43425,test
54430,test
34544,test
69011,test
53646,test
66493,test
58252,test
12546,test
25861,test
5624,test
34159,test
15502,test
23373,test
16487,test
18736,test
61139,test
20446,test
16758,test
25876,test
56078,test
30782,test
14881,test
762,test
67117,test
51993,test
48703,test
18413,test
55492,test
70452,test
19408,test
52984,test
20662,test
14166,test
17139,test
36701,test
28209,test
2764,test
22053,test
15900,test
64514,test
45396,test
20898,test
3566,test
35916,test
49113,test
3231,test
36076,test
21345,test
37378,test
40690,test
6015,test
54326,test
17441,test
4817,test
11763,test
55931,test
47682,test
51223,test
14223,test
69038,test
45513,test
31843,test
42181,test
39478,test
2101,test
35730,test
48411,test
18453,test
29046,test
58219,test
63489,test
49180,test
19066,test
7285,test
14956,test
7554,test
27357,test
8295,test
11294,test
69800,test
48409,test
9202,test
53274,test
61978,test
45920,test
43241,test
7090,test
19257,test
12708,test
50007,test
31339,test
11736,test
21210,test
66647,test
19015,test
3367,test
6508,test
70018,test
19131,test
39793,test
64683,test
33114,test
20482,test
577,test
57135,test
20975,test
2002,test
38889,test
26145,test
45796,test
52685,test
34133,test
9078,test
45957,test
65307,test
25197,test
7371,test
28544,test
13584,test
54456,test
51169,test
52402,test
36321,test
43049,test
5913,test
7336,test
22756,test
36193,test
20402,test
66934,test
62213,test
26994,test
40034,test
22775,test
22401,test
12076,test
48405,test
56900,test
67229,test
53447,test
3548,test
2677,test
44586,test
44110,test
20389,test
11355,test
35961,test
1304,test
29179,test
47779,test
25958,test
1044,test
1474,test
31122,test
20120,test
66101,test
40371,test
34330,test
8206,test
22380,test
30392,test
50161,test
51624,test
24475,test
450,test
13181,test
49489,test
49159,test
26499,test
54119,test
35031,test
5819,test
58554,test
59412,test
34365,test
58634,test
44250,test
50093,test
70622,test
41640,test
3950,test
15088,test
5673,test
18442,test
14189,test
21201,test
3154,test
66069,test
5821,test
63400,test
65179,test
14035,test
2921,test
53803,test
37980,test
57395,test
26399,test
42958,test
1139,test
65002,test
5717,test
36314,test
67392,test
67863,test
12424,test
5081,test
27102,test
55582,test
15449,test
67482,test
62094,test
61000,test
54701,test
6888,test
20912,test
24747,test
14188,test
41365,test
29406,test
47339,test
18992,test
1111,test
61737,test
44748,test
54362,test
5618,test
63876,test
1205,test
70263,test
48373,test
10156,test
24761,test
37219,test
39012,test
50652,test
1808,test
45824,test
571,test
56530,test
64917,test
25089,test
25078,test
41585,test
14133,test
55808,test
60912,test
67363,test
25873,test
12722,test
39915,test
24814,test
30515,test
8298,test
42573,test
41345,test
22332,test
56361,test
57542,test
68849,test
59981,test
5816,test
32147,test
51500,test
4561,test
65613,test
16892,test
33572,test
67075,test
59877,test
69104,test
65817,test
9180,test
11960,test
19391,test
19491,test
32005,test
13449,test
34726,test
57376,test
274,test
61868,test
70292,test
11478,test
25584,test
63655,test
41818,test
12467,test
64989,test
52629,test
54217,test
44289,test
63355,test
61194,test
63292,test
27019,test
33579,test
25824,test
33976,test
51280,test
17586,test
38583,test
22485,test
24757,test
43785,test
61424,test
33386,test
62005,test
50827,test
45583,test
4276,test
23142,test
3832,test
44096,test
31121,test
64849,test
17675,test
15534,test
62084,test
4569,test
57377,test
26052,test
24255,test
47060,test
65834,test
49800,test
12811,test
3217,test
67015,test
63597,test
33243,test
58079,test
55818,test
11968,test
7289,test
31144,test
15832,test
12243,test
10381,test
44333,test
29665,test
57751,test
28413,test
56386,test
971,test
31116,test
29652,test
17884,test
49252,test
61322,test
9793,test
11326,test
20334,test
57963,test
42963,test
52065,test
54080,test
23664,test
42018,test
50473,test
14760,test
52146,test
20037,test
13121,test
9012,test
3704,test
33602,test
23116,test
37622,test
7366,test
50023,test
63294,test
62779,test
33848,test
48194,test
39154,test
44556,test
8447,test
68905,test
65685,test
8962,test
42204,test
42167,test
39222,test
41653,test
7143,test
16821,test
3729,test
9592,test
17944,test
31724,test
63877,test
60635,test
25020,test
65435,test
65117,test
63909,test
7731,test
64567,test
34974,test
28516,test
70588,test
25790,test
63806,test
56540,test
56399,test
62275,test
18164,test
45534,test
17492,test
32320,test
40248,test
4432,test
54578,test
69382,test
23601,test
64823,test
67402,test
26480,test
4131,test
34621,test
42702,test
47923,test
37714,test
48118,test
8692,test
50365,test
48523,test
43891,test
24192,test
16942,test
42619,test
52023,test
14909,test
61568,test
21739,test
11151,test
5991,test
10704,test
51744,test
17734,test
63301,test
64011,test
13088,test
27982,test
46317,test
3438,test
17343,test
37696,test
475,test
55864,test
40802,test
1645,test
52007,test
62395,test
52417,test
70258,test
69711,test
37969,test
31168,test
48203,test
56629,test
41440,test
4023,test
37175,test
51884,test
29152,test
38032,test
64824,test
32936,test
13645,test
35649,test
44013,test
17886,test
9166,test
39235,test
51334,test
36386,test
4671,test
43831,test
59576,test
49162,test
16319,test
27138,test
14359,test
70523,test
24515,test
35202,test
7199,test
16034,test
33522,test
53427,test
57794,test
24441,test
51740,test
63444,test
18919,test
50823,test
41830,test
44342,test
34480,test
55218,test
33825,test
65844,test
31734,test
13354,test
19040,test
2973,test
23057,test
33866,test
755,test
53973,test
62857,test
53988,test
17385,test
52516,test
46334,test
46532,test
47495,test
43226,test
20267,test
30459,test
11574,test
39673,test
40047,test
39490,test
22580,test
37014,test
26119,test
1886,test
26639,test
952,test
54466,test
66563,test
38533,test
52916,test
10922,test
67097,test
40438,test
38201,test
39347,test
12705,test
22354,test
33786,test
37356,test
30650,test
64184,test
44613,test
27362,test
26833,test
7248,test
31158,test
48547,test
231,test
31868,test
27044,test
62730,test
66259,test
39601,test
69464,test
38175,test
20298,test
23907,test
16860,test
31777,test
25898,test
32362,test
20261,test
38341,test
2978,test
5427,test
67382,test
12578,test
63742,test
53235,test
53597,test
28554,test
6970,test
59949,test
9372,test
35368,test
6129,test
6404,test
3562,test
31852,test
8984,test
15515,test
19286,test
21829,test
65088,test
51813,test
29618,test
52001,test
31718,test
47145,test
33430,test
23983,test
33336,test
66668,test
7485,test
50295,test
62937,test
24956,test
59415,test
19910,test
7364,test
19930,test
42985,test
16612,test
32456,test
70080,test
12286,test
60585,test
55922,test
26615,test
36658,test
38528,test
40395,test
16712,test
1550,test
40552,test
2961,test
53049,test
68711,test
19354,test
14249,test
44091,test
66301,test
68626,test
3027,test
37665,test
38556,test
49937,test
3533,test
4959,test
12755,test
36024,test
43683,test
47455,test
57338,test
53889,test
21086,test
5766,test
13522,test
65919,test
51316,test
49419,test
10568,test
66203,test
12236,test
6716,test
47664,test
54426,test
40620,test
64837,test
10292,test
36355,test
69987,test
39469,test
52100,test
63070,test
44731,test
27252,test
7000,test
61959,test
37434,test
54885,test
28414,test
43749,test
53849,test
33655,test
26021,test
46602,test
41263,test
19298,test
20646,test
25125,test
47427,test
59675,test
52555,test
32574,test
52841,test
40682,test
15645,test
51412,test
66134,test
63102,test
39219,test
31074,test
9806,test
49722,test
45847,test
43834,test
17236,test
57295,test
8552,test
66197,test
8608,test
23305,test
50259,test
14770,test
20102,test
36241,test
32765,test
31632,test
9352,test
60445,test
47982,test
45925,test
53752,test
8979,test
22785,test
39332,test
68441,test
27635,test
58310,test
43736,test
48265,test
69556,test
64137,test
40532,test
60683,test
34322,test
29222,test
68109,test
27231,test
45664,test
48068,test
11787,test
21101,test
56262,test
66221,test
68623,test
68555,test
11868,test
67287,test
69171,test
298,test
60391,test
33808,test
33562,test
17081,test
851,test
39919,test
8234,test
9717,test
53760,test
69941,test
28158,test
49181,test
28986,test
5214,test
5637,test
60848,test
24770,test
8343,test
34706,test
49626,test
15620,test
63038,test
44697,test
69572,test
13196,test
47616,test
17898,test
28876,test
65687,test
59846,test
13543,test
16186,test
42203,test
46402,test
3883,test
32935,test
16157,test
4437,test
63774,test
58759,test
57466,test
37797,test
35686,test
67530,test
24293,test
10890,test
29265,test
62500,test
25796,test
60604,test
21154,test
18665,test
41462,test
55927,test
38289,test
19708,test
10336,test
38370,test
23501,test
16801,test
44059,test
20969,test
22926,test
41559,test
41623,test
29153,test
57117,test
61566,test
15776,test
42042,test
30348,test
23647,test
33751,test
41958,test
56953,test
16167,test
7183,test
58318,test
1952,test
1031,test
52281,test
47552,test
52187,test
55407,test
25091,test
35299,test
44873,test
24518,test
54559,test
55709,test
61328,test
2367,test
11546,test
22189,test
7223,test
43111,test
39256,test
57105,test
32715,test
68852,test
68298,test
21392,test
30743,test
5640,test
67130,test
70432,test
21707,test
55046,test
1801,test
40128,test
15111,test
12860,test
68256,test
47069,test
26356,test
4687,test
510,test
35784,test
4068,test
18613,test
62196,test
9103,test
11436,test
52750,test
46732,test
19816,test
32945,test
776,test
52537,test
35077,test
59183,test
35991,test
46230,test
26025,test
45958,test
8282,test
28972,test
47944,test
43448,test
22105,test
18300,test
1181,test
20147,test
23204,test
61360,test
25414,test
41242,test
30997,test
35760,test
31301,test
44760,test
22413,test
13962,test
48726,test
41159,test
50603,test
46914,test
53743,test
6591,test
59009,test
42333,test
55387,test
53498,test
53657,test
52320,test
8863,test
14002,test
18710,test
7076,test
34667,test
36038,test
48254,test
44184,test
26174,test
3482,test
27464,test
31196,test
65482,test
2122,test
28283,test
35395,test
45401,test
67710,test
59491,test
40891,test
66909,test
70502,test
56737,test
9530,test
58505,test
33137,test
47574,test
64387,test
1501,test
67835,test
40010,test
33805,test
30368,test
9549,test
65056,test
3212,test
8667,test
10841,test
20276,test
44942,test
56171,test
46908,test
21994,test
34483,test
31090,test
22816,test
19309,test
45591,test
66844,test
40648,test
34337,test
708,test
34427,test
969,test
10356,test
33041,test
9904,test
62474,test
60610,test
17483,test
35647,test
58377,test
8197,test
34452,test
31178,test
48449,test
17997,test
61148,test
28978,test
36493,test
30383,test
33058,test
44528,test
31243,test
50917,test
44367,test
19656,test
12707,test
31520,test
64195,test
1475,test
59084,test
58395,test
15279,test
22987,test
6788,test
30966,test
7260,test
32724,test
28179,test
17943,test
65825,test
20852,test
13878,test
65250,test
10659,test
45391,test
58271,test
50073,test
51231,test
7778,test
22359,test
23329,test
5748,test
52683,test
55221,test
3155,test
54386,test
61717,test
34552,test
53611,test
63640,test
67473,test
40514,test
37410,test
67176,test
58294,test
38490,test
41969,test
25814,test
26713,test
67843,test
26160,test
60443,test
26389,test
1487,test
24823,test
15474,test
60976,test
13260,test
20112,test
2915,test
55870,test
8167,test
30280,test
62407,test
12416,test
40689,test
8845,test
32181,test
54431,test
14776,test
68127,test
25544,test
17848,test
16211,test
57932,test
55322,test
34036,test
55494,test
33605,test
47863,test
14453,test
23780,test
57750,test
37147,test
18257,test
34597,test
40832,test
45262,test
20474,test
25160,test
59337,test
22852,test
6193,test
23805,test
3249,test
29000,test
5998,test
70398,test
49855,test
38805,test
52110,test
52357,test
45767,test
10347,test
60699,test
30291,test
56561,test
31966,test
8534,test
16400,test
4832,test
9852,test
54823,test
55617,test
42800,test
70612,test
57590,test
23649,test
30765,test
60557,test
41811,test
48340,test
48355,test
20810,test
56591,test
13343,test
58338,test
64469,test
45497,test
21239,test
54532,test
62391,test
1068,test
40156,test
57955,test
54919,test
69256,test
64783,test
16253,test
59513,test
8659,test
53677,test
10099,test
30929,test
1698,test
3252,test
18492,test
27584,test
40491,test
60154,test
66210,test
42961,test
10178,test
44338,test
22089,test
63722,test
17580,test
33771,test
4006,test
66335,test
3503,test
57423,test
57125,test
8957,test
79,test
26506,test
26538,test
50092,test
31876,test
27571,test
64502,test
19083,test
38968,test
70256,test
51219,test
28626,test
5164,test
7344,test
63967,test
66222,test
26378,test
54508,test
51228,test
64369,test
14624,test
10720,test
66783,test
63325,test
5155,test
34579,test
40104,test
43830,test
14181,test
49366,test
58848,test
39330,test
11274,test
10789,test
40770,test
38013,test
42718,test
33268,test
9264,test
22034,test
56101,test
23974,test
6827,test
38733,test
46784,test
7447,test
13548,test
63455,test
46505,test
63619,test
9483,test
5892,test
33335,test
41931,test
2084,test
49717,test
59311,test
24511,test
1440,test
20819,test
46079,test
37636,test
4291,test
28805,test
59688,test
37971,test
33279,test
57855,test
26048,test
37780,test
4957,test
31997,test
18449,test
2588,test
9248,test
3150,test
40276,test
31444,test
68676,test
46404,test
39772,test
39344,test
21045,test
43076,test
44312,test
39823,test
64754,test
40758,test
25376,test
57300,test
25037,test
39454,test
5146,test
65563,test
34477,test
5192,test
70117,test
55591,test
9240,test
62861,test
16842,test
60670,test
29200,test
68191,test
4234,test
50985,test
31958,test
61279,test
11702,test
59342,test
32800,test
29238,test
68260,test
31822,test
16708,test
69729,test
42171,test
44322,test
57477,test
48965,test
57274,test
8149,test
26548,test
50981,test
15857,test
56996,test
24760,test
28887,test
24183,test
66006,test
22911,test
22744,test
34389,test
1037,test
21511,test
29768,test
45140,test
7018,test
40338,test
17607,test
38601,test
41481,test
3194,test
42802,test
30755,test
45305,test
60023,test
27422,test
26470,test
49363,test
19302,test
943,test
24008,test
45227,test
25820,test
69641,test
22283,test
46653,test
254,test
61985,test
18783,test
35241,test
20640,test
54621,test
51055,test
28289,test
7851,test
36316,test
42431,test
70008,test
14993,test
16226,test
12117,test
29607,test
57691,test
16029,test
50111,test
68414,test
57131,test
26777,test
67641,test
63958,test
16615,test
60724,test
29706,test
5379,test
7595,test
65372,test
67611,test
3300,test
29007,test
60118,test
8209,test
18256,test
50395,test
18137,test
52424,test
30445,test
51704,test
51868,test
34657,test
19089,test
26654,test
31525,test
34691,test
55345,test
10278,test
6722,test
48955,test
31596,test
39406,test
39470,test
10651,test
50257,test
33659,test
20596,test
48920,test
40815,test
61791,test
26289,test
68730,test
70455,test
22373,test
15063,test
21848,test
57494,test
40263,test
15758,test
14900,test
19890,test
63011,test
63486,test
47701,test
62771,test
17632,test
22512,test
28793,test
21925,test
54557,test
34684,test
19436,test
863,test
16859,test
38420,test
29387,test
12306,test
21732,test
10809,test
37764,test
3420,test
111,test
40302,test
10889,test
33670,test
30252,test
13136,test
36722,test
32461,test
38172,test
12043,test
7197,test
30491,test
56269,test
53341,test
38375,test
36965,test
15191,test
26539,test
35576,test
66075,test
8594,test
10805,test
4967,test
40220,test
16522,test
26695,test
653,test
381,test
35966,test
42127,test
12709,test
10584,test
66994,test
5690,test
43423,test
39844,test
39777,test
44996,test
36982,test
35192,test
35714,test
45438,test
12763,test
25201,test
28944,test
25042,test
42349,test
44775,test
43462,test
33204,test
16147,test
56124,test
29336,test
38277,test
45359,test
50374,test
35286,test
60373,test
2276,test
57152,test
11192,test
53807,test
19152,test
27988,test
60701,test
928,test
10765,test
12432,test
58077,test
55118,test
63149,test
47029,test
33199,test
19116,test
41627,test
184,test
19863,test
1872,test
7404,test
33233,test
768,test
3141,test
66331,test
29803,test
15100,test
4853,test
23835,test
4096,test
4351,test
902,test
39852,test
622,test
37520,test
42155,test
20907,test
66494,test
20286,test
59617,test
26672,test
52498,test
38506,test
26742,test
58329,test
66765,test
18191,test
27698,test
58404,test
58496,test
48503,test
37585,test
8296,test
10640,test
41355,test
9627,test
40927,test
3581,test
21436,test
7315,test
30126,test
28490,test
32457,test
22846,test
55651,test
28633,test
53223,test
25859,test
18100,test
3111,test
9545,test
33965,test
49924,test
508,test
6454,test
7921,test
20333,test
12034,test
63373,test
6062,test
17149,test
28528,test
8078,test
36974,test
3648,test
53982,test
32617,test
46645,test
24018,test
14938,test
46498,test
69528,test
70582,test
5888,test
28452,test
48869,test
54876,test
68273,test
54736,test
68265,test
34578,test
12305,test
4444,test
29850,test
6444,test
6958,test
48540,test
14574,test
12991,test
47644,test
29883,test
61285,test
40334,test
9888,test
16530,test
56144,test
62462,test
34005,test
34778,test
41336,test
29307,test
23944,test
37567,test
33488,test
9007,test
67094,test
7340,test
60500,test
59341,test
13579,test
51833,test
1258,test
53393,test
18016,test
39014,test
69615,test
48699,test
52849,test
47061,test
36006,test
59524,test
5140,test
50952,test
30763,test
57124,test
11281,test
4904,test
19054,test
23638,test
69211,test
21607,test
54172,test
24077,test
10216,test
15376,test
20779,test
42965,test
514,test
39731,test
69163,test
44649,test
17288,test
43570,test
62970,test
13468,test
18914,test
64727,test
59985,test
67236,test
41482,test
1391,test
45666,test
21836,test
20908,test
16265,test
39025,test
9217,test
20315,test
64730,test
66191,test
49573,test
13184,test
26290,test
17452,test
33856,test
12198,test
50593,test
64201,test
46993,test
14097,test
31264,test
44149,test
23479,test
35646,test
41645,test
61894,test
16143,test
5301,test
18101,test
32808,test
4843,test
8993,test
21586,test
57000,test
10661,test
45029,test
4962,test
17933,test
9500,test
39257,test
47650,test
47393,test
5911,test
52117,test
41332,test
60229,test
63385,test
46386,test
11087,test
57034,test
18514,test
38681,test
53798,test
40111,test
21852,test
41591,test
38011,test
11552,test
28749,test
12965,test
60196,test
46940,test
35001,test
55549,test
56354,test
4952,test
50967,test
65217,test
36862,test
55635,test
64775,test
57258,test
30707,test
55089,test
64132,test
10861,test
7512,test
59631,test
66437,test
48810,test
64301,test
31228,test
57719,test
61069,test
29404,test
35364,test
3861,test
4087,test
66972,test
23943,test
60431,test
11392,test
64707,test
54126,test
949,test
32228,test
65696,test
4490,test
48059,test
43376,test
26946,test
6582,test
29457,test
47000,test
38378,test
35052,test
47500,test
61676,test
26838,test
64857,test
26683,test
50196,test
40500,test
27871,test
9928,test
39505,test
1177,test
37264,test
16791,test
36010,test
37825,test
65625,test
13130,test
38986,test
68137,test
67503,test
2620,test
21696,test
59526,test
20398,test
8645,test
42714,test
55814,test
52279,test
4628,test
48296,test
28816,test
14669,test
57293,test
9672,test
55237,test
37293,test
28997,test
6427,test
45108,test
15391,test
33908,test
27658,test
67541,test
68236,test
27885,test
31371,test
27028,test
19239,test
69714,test
6862,test
57867,test
29192,test
20839,test
65227,test
39907,test
55375,test
41858,test
50895,test
55503,test
17486,test
17937,test
16769,test
13058,test
43231,test
52354,test
11378,test
67565,test
46301,test
27280,test
17194,test
60305,test
27733,test
65944,test
59400,test
30801,test
51574,test
9385,test
66062,test
63661,test
44251,test
64870,test
32851,test
37667,test
36996,test
65545,test
36042,test
11919,test
43917,test
68449,test
10108,test
61879,test
41369,test
3439,test
34709,test
59507,test
50227,test
4025,test
30860,test
29761,test
13144,test
60322,test
32107,test
14682,test
23802,test
2207,test
11235,test
36877,test
13216,test
43791,test
13355,test
14258,test
5929,test
29487,test
63329,test
69266,test
8471,test
34846,test
19056,test
38648,test
69231,test
11137,test
50551,test
11226,test
46573,test
9191,test
56448,test
12621,test
38894,test
42951,test
50865,test
40783,test
26544,test
13395,test
42225,test
53938,test
44811,test
11108,test
50312,test
32340,test
37244,test
16766,test
8059,test
60232,test
31415,test
31521,test
93,test
64327,test
70128,test
38022,test
15212,test
53103,test
51992,test
68244,test
20785,test
1283,test
30437,test
8115,test
64923,test
10480,test
35755,test
3508,test
32863,test
14348,test
54082,test
21544,test
35126,test
19306,test
40411,test
12192,test
70025,test
11905,test
1025,test
24641,test
63376,test
8360,test
60012,test
9854,test
14677,test
19282,test
62261,test
18546,test
23631,test
24535,test
8908,test
20070,test
70431,test
69745,test
54816,test
10988,test
12884,test
18048,test
27538,test
11434,test
60340,test
35009,test
30235,test
9392,test
33057,test
61038,test
43363,test
18780,test
41501,test
32933,test
57819,test
17540,test
5568,test
62697,test
33248,test
7715,test
46223,test
5134,test
57790,test
53772,test
46824,test
58248,test
67619,test
67856,test
48507,test
61396,test
38210,test
29050,test
63847,test
28356,test
70515,test
45683,test
18517,test
29919,test
26240,test
103,test
3795,test
68608,test
42666,test
1551,test
46823,test
39502,test
44709,test
43527,test
15462,test
33289,test
59777,test
63349,test
37328,test
51984,test
14651,test
39292,test
44519,test
12115,test
25307,test
34754,test
11339,test
37862,test
69162,test
69344,test
40625,test
12405,test
14354,test
31420,test
59161,test
14712,test
40001,test
64424,test
39686,test
31484,test
33462,test
54943,test
30241,test
55710,test
13206,test
40269,test
9540,test
66626,test
22397,test
47930,test
54782,test
64675,test
368,test
37387,test
37753,test
48244,test
51178,test
47420,test
32878,test
2274,test
68951,test
17329,test
64587,test
46473,test
50956,test
64129,test
10928,test
34295,test
4793,test
4594,test
68304,test
38098,test
40522,test
14017,test
62584,test
61887,test
56771,test
69356,test
48735,test
64729,test
9691,test
37992,test
62228,test
65296,test
66009,test
44769,test
32112,test
32374,test
737,test
19646,test
24773,test
17862,test
8577,test
21637,test
18689,test
59298,test
53802,test
41194,test
30829,test
53154,test
40836,test
13240,test
65744,test
35303,test
30001,test
37888,test
65826,test
12167,test
55657,test
48324,test
30118,test
69299,test
52576,test
21186,test
7342,test
68195,test
46609,test
20556,test
24185,test
47160,test
31654,test
7641,test
59652,test
19467,test
45490,test
22285,test
69503,test
49072,test
21904,test
60994,test
20165,test
12334,test
62071,test
23460,test
48403,test
7981,test
69427,test
3534,test
42626,test
60420,test
7021,test
51369,test
7561,test
36590,test
8759,test
51138,test
60488,test
56130,test
8341,test
56077,test
16539,test
17457,test
11325,test
61829,test
4264,test
37652,test
58867,test
4214,test
24134,test
8986,test
25296,test
17747,test
42818,test
7736,test
46947,test
69292,test
49460,test
4874,test
21997,test
28038,test
58618,test
29111,test
4193,test
53020,test
5582,test
26763,test
14443,test
22382,test
3567,test
12681,test
31189,test
2252,test
51659,test
7777,test
8992,test
5698,test
27833,test
62164,test
407,test
49961,test
15501,test
43889,test
67703,test
20527,test
24959,test
52223,test
58651,test
21539,test
45629,test
64167,test
3200,test
33917,test
2314,test
17039,test
67777,test
51277,test
55750,test
39329,test
68757,test
20811,test
69684,test
2105,test
62030,test
38792,test
32674,test
16805,test
48838,test
24325,test
26458,test
31965,test
41593,test
69672,test
50380,test
54064,test
45761,test
29731,test
4822,test
4965,test
29349,test
48962,test
25995,test
69716,test
16980,test
37562,test
29563,test
56006,test
6609,test
8099,test
22827,test
64601,test
32308,test
46860,test
6710,test
25981,test
31138,test
10081,test
40361,test
9155,test
16822,test
41136,test
22697,test
29198,test
51134,test
61635,test
39755,test
41976,test
55132,test
35236,test
45582,test
57029,test
24047,test
8989,test
2228,test
16857,test
68541,test
6555,test
58215,test
33355,test
8723,test
13092,test
63443,test
29502,test
67812,test
21025,test
34806,test
10545,test
63530,test
66961,test
65633,test
64604,test
3058,test
29617,test
6853,test
13271,test
65539,test
2231,test
69854,test
23942,test
24344,test
37400,test
16558,test
59989,test
58249,test
65888,test
56100,test
7578,test
20460,test
15890,test
47692,test
28838,test
5691,test
33218,test
35704,test
30891,test
63112,test
66633,test
4328,test
65811,test
31906,test
43715,test
47744,test
34747,test
32775,test
58134,test
44711,test
34417,test
56047,test
44381,test
60332,test
67642,test
22812,test
13562,test
53040,test
4701,test
44421,test
9758,test
26958,test
53904,test
36073,test
673,test
42195,test
44597,test
62855,test
58835,test
9112,test
35762,test
21667,test
31094,test
27605,test
5940,test
10679,test
2511,test
43190,test
12389,test
55616,test
68157,test
53839,test
44752,test
7688,test
62483,test
11309,test
7510,test
30458,test
65123,test
60538,test
17571,test
10829,test
547,test
31704,test
50349,test
24006,test
1492,test
28851,test
822,test
35887,test
89,test
54577,test
22039,test
27311,test
7963,test
61079,test
53594,test
23132,test
3835,test
2925,test
43034,test
44352,test
14301,test
3810,test
61051,test
55273,test
50359,test
49031,test
56174,test
47527,test
37905,test
69206,test
28368,test
8130,test
63519,test
38142,test
52072,test
51331,test
61842,test
56125,test
65147,test
58575,test
59028,test
8239,test
29711,test
40487,test
25789,test
22772,test
45877,test
15465,test
47368,test
38265,test
31412,test
25791,test
67834,test
42360,test
4813,test
44117,test
52037,test
15562,test
26524,test
59608,test
35446,test
69928,test
47826,test
35472,test
8105,test
31809,test
30540,test
5215,test
38403,test
65264,test
66200,test
55171,test
29738,test
69294,test
21687,test
59137,test
51640,test
57630,test
47244,test
478,test
22020,test
16928,test
59665,test
34997,test
67983,test
26245,test
20777,test
35106,test
57168,test
14157,test
11404,test
25972,test
20937,test
39275,test
24394,test
68540,test
4007,test
18218,test
9377,test
32300,test
39620,test
10547,test
40055,test
38955,test
70684,test
842,test
30873,test
57415,test
18468,test
46322,test
1987,test
27671,test
1423,test
29106,test
17783,test
59025,test
4181,test
32746,test
32261,test
21060,test
50397,test
19064,test
61584,test
53659,test
21909,test
45907,test
64742,test
9532,test
15537,test
66366,test
9908,test
846,test
19812,test
16148,test
27891,test
46111,test
10868,test
28393,test
65048,test
27981,test
7737,test
50077,test
3882,test
58361,test
12660,test
47440,test
7460,test
12493,test
17690,test
67029,test
43581,test
55031,test
47012,test
51359,test
50837,test
51218,test
511,test
48457,test
57217,test
52705,test
53835,test
67370,test
66227,test
55373,test
16398,test
58824,test
29460,test
33,test
39190,test
1612,test
48130,test
52230,test
58890,test
43945,test
58652,test
37261,test
17735,test
47017,test
44460,test
1894,test
69595,test
2762,test
11260,test
32348,test
1260,test
60842,test
44987,test
18125,test
46990,test
25724,test
18595,test
36566,test
848,test
46480,test
25442,test
18056,test
35545,test
47430,test
51606,test
30599,test
4714,test
19617,test
27326,test
42863,test
33092,test
28980,test
31110,test
30353,test
40501,test
32519,test
5770,test
7039,test
42686,test
27329,test
31760,test
51964,test
7234,test
9678,test
22731,test
45114,test
59659,test
22383,test
55097,test
67910,test
3944,test
45032,test
13666,test
28117,test
38042,test
54328,test
65797,test
65950,test
47102,test
23172,test
27084,test
55603,test
28902,test
4245,test
5508,test
30087,test
12870,test
4943,test
10683,test
6295,test
4539,test
67867,test
3814,test
30536,test
45965,test
280,test
68478,test
15910,test
46523,test
60721,test
11557,test
1798,test
24287,test
64367,test
54136,test
47567,test
52236,test
69630,test
66399,test
28238,test
54834,test
36287,test
34313,test
14522,test
61210,test
50451,test
70419,test
28507,test
56848,test
37994,test
61544,test
41674,test
58834,test
5055,test
44805,test
56813,test
23556,test
34518,test
14924,test
13073,test
29564,test
65164,test
29785,test
23850,test
26409,test
57356,test
34965,test
68707,test
59865,test
69504,test
22941,test
15203,test
25675,test
49412,test
24290,test
25220,test
66130,test
22708,test
46471,test
35181,test
37851,test
9440,test
62103,test
68340,test
55427,test
37087,test
38880,test
28621,test
16529,test
808,test
29536,test
8807,test
36130,test
61019,test
70663,test
9762,test
4638,test
2435,test
58900,test
42875,test
8057,test
20856,test
33834,test
40830,test
19323,test
30866,test
70565,test
60769,test
28662,test
16424,test
69509,test
5245,test
25187,test
55996,test
26442,test
48856,test
22577,test
48970,test
55393,test
5036,test
38629,test
2244,test
63804,test
51450,test
24730,test
53516,test
65473,test
12545,test
33998,test
8676,test
15570,test
6553,test
49345,test
65530,test
11861,test
6718,test
32961,test
46917,test
18281,test
50399,test
34148,test
32548,test
36562,test
62186,test
59284,test
34109,test
60202,test
23477,test
60267,test
44161,test
31737,test
63826,test
65442,test
68093,test
58533,test
49185,test
46448,test
25031,test
3939,test
19704,test
29762,test
38971,test
1112,test
46076,test
33573,test
5210,test
48426,test
30283,test
6879,test
63369,test
56880,test
54613,test
2100,test
19906,test
6162,test
32572,test
44343,test
45153,test
45722,test
48204,test
47626,test
39358,test
67985,test
5149,test
64080,test
42036,test
40983,test
12349,test
1562,test
32776,test
7402,test
51365,test
20345,test
4119,test
650,test
31899,test
33072,test
19902,test
11999,test
38875,test
24588,test
27728,test
40905,test
47727,test
62995,test
25921,test
50641,test
42008,test
30128,test
3803,test
23264,test
55820,test
68405,test
8378,test
40320,test
26060,test
16023,test
32716,test
22907,test
35674,test
61815,test
9975,test
26898,test
44698,test
22243,test
18626,test
17412,test
49186,test
2862,test
7871,test
7370,test
9985,test
67138,test
10781,test
5914,test
13146,test
66531,test
56637,test
67338,test
38356,test
3073,test
69435,test
55762,test
50728,test
69709,test
27388,test
25670,test
15094,test
58896,test
30022,test
33447,test
11354,test
60771,test
67296,test
2103,test
65725,test
12628,test
52352,test
37240,test
63679,test
26558,test
44087,test
33896,test
48958,test
26438,test
48928,test
25627,test
40244,test
14230,test
57181,test
68972,test
21508,test
21557,test
18913,test
42511,test
10316,test
53429,test
22007,test
535,test
57659,test
28121,test
28625,test
47669,test
20466,test
1002,test
34001,test
5925,test
62677,test
59809,test
67683,test
36997,test
38481,test
26270,test
55254,test
24705,test
48861,test
36136,test
69187,test
3171,test
60608,test
11782,test
24792,test
58123,test
60516,test
56818,test
66489,test
42183,test
61374,test
33327,test
35330,test
70013,test
50203,test
21843,test
22481,test
50734,test
19413,test
63975,test
19810,test
23086,test
2175,test
59663,test
67374,test
57364,test
42401,test
64936,test
1225,test
5654,test
42646,test
62544,test
56418,test
10976,test
68088,test
15951,test
11846,test
63226,test
63713,test
51943,test
29272,test
5183,test
45921,test
53315,test
8613,test
61435,test
1524,test
34243,test
59075,test
6394,test
20566,test
312,test
36149,test
10873,test
68596,test
60524,test
10291,test
61973,test
21152,test
55843,test
61280,test
12149,test
50191,test
238,test
18816,test
67780,test
64866,test
59855,test
69967,test
28824,test
70543,test
55469,test
45146,test
34203,test
67525,test
9667,test
26928,test
62604,test
68834,test
27947,test
60530,test
61016,test
53763,test
3701,test
25316,test
62793,test
65166,test
1224,test
36981,test
41458,test
1530,test
53383,test
23762,test
29445,test
57815,test
11644,test
53136,test
20479,test
44350,test
68072,test
12964,test
4154,test
46209,test
14508,test
36174,test
46558,test
66291,test
2218,test
21500,test
61713,test
37602,test
46753,test
2352,test
35848,test
45198,test
27585,test
62867,test
12760,test
67532,test
17291,test
45930,test
57374,test
33576,test
23000,test
48070,test
32440,test
69911,test
9680,test
59734,test
49197,test
29600,test
33093,test
4795,test
37953,test
10997,test
31449,test
36842,test
20756,test
3491,test
55295,test
4890,test
29045,test
57163,test
25704,test
4830,test
39254,test
42791,test
7028,test
25740,test
42293,test
14470,test
7376,test
4791,test
40699,test
17552,test
28860,test
26066,test
22282,test
15441,test
34468,test
4549,test
53903,test
45386,test
50,test
34338,test
21282,test
764,test
60522,test
9789,test
33321,test
20118,test
50545,test
38910,test
55962,test
41613,test
5682,test
32681,test
53276,test
70067,test
67786,test
59827,test
7518,test
69988,test
42577,test
64231,test
27085,test
6409,test
58597,test
19586,test
16266,test
20127,test
35373,test
21916,test
36084,test
23651,test
17945,test
42750,test
27598,test
65212,test
60681,test
67955,test
19459,test
53348,test
57055,test
62090,test
49479,test
51795,test
40237,test
30098,test
42457,test
32942,test
43377,test
10911,test
25439,test
47989,test
63931,test
55504,test
33359,test
3741,test
67946,test
39956,test
18060,test
7740,test
34660,test
53113,test
57773,test
47022,test
61583,test
33892,test
18907,test
61952,test
612,test
68899,test
45670,test
4554,test
35989,test
57592,test
33885,test
4630,test
49831,test
69774,test
36133,test
14239,test
58971,test
62369,test
20179,test
14011,test
15475,test
9951,test
26459,test
40765,test
6019,test
22802,test
25897,test
66434,test
4861,test
4116,test
12018,test
4536,test
6357,test
18521,test
10650,test
10385,test
27559,test
34084,test
41634,test
68811,test
51599,test
27790,test
17876,test
18096,test
15416,test
3821,test
61450,test
45128,test
16499,test
27240,test
64260,test
21308,test
31988,test
46026,test
3690,test
32081,test
7508,test
42774,test
13827,test
61932,test
7506,test
59623,test
14940,test
40885,test
48189,test
26346,test
58899,test
38043,test
53301,test
37124,test
70253,test
64410,test
8576,test
23066,test
9233,test
68571,test
34058,test
43260,test
22899,test
20886,test
54300,test
26411,test
40551,test
67399,test
27289,test
11357,test
28712,test
2403,test
13281,test
16901,test
51053,test
29827,test
18684,test
11869,test
47354,test
27643,test
26091,test
15030,test
63013,test
38758,test
15237,test
45055,test
14668,test
24370,test
44339,test
70070,test
48108,test
30287,test
26428,test
58959,test
43551,test
35462,test
25635,test
2866,test
6350,test
38987,test
28973,test
56040,test
47988,test
14905,test
22486,test
65946,test
61056,test
66847,test
54716,test
42478,test
67378,test
15244,test
9811,test
60089,test
28295,test
5350,test
21141,test
8005,test
38524,test
48212,test
15170,test
4752,test
53769,test
41554,test
27377,test
61367,test
42845,test
22396,test
66466,test
13720,test
35433,test
45954,test
53859,test
50126,test
33366,test
66818,test
18301,test
37269,test
58076,test
9601,test
18187,test
2027,test
8144,test
10117,test
7498,test
11,test
52965,test
38759,test
17418,test
58955,test
63575,test
46403,test
51792,test
51062,test
57329,test
15093,test
39514,test
68528,test
47553,test
16739,test
58789,test
9560,test
51537,test
30831,test
18909,test
3559,test
49143,test
58806,test
2221,test
34613,test
56076,test
45898,test
29346,test
34932,test
70299,test
31437,test
7677,test
52805,test
17270,test
43903,test
37154,test
25453,test
41953,test
70165,test
68603,test
49674,test
63833,test
1241,test
16261,test
67468,test
41048,test
15936,test
48618,test
51929,test
4113,test
34073,test
70044,test
47162,test
19110,test
21005,test
32065,test
13589,test
42662,test
37849,test
23809,test
57453,test
49469,test
19660,test
61409,test
13941,test
8650,test
25775,test
26710,test
55637,test
14962,test
39000,test
48515,test
10615,test
66836,test
70300,test
62276,test
56434,test
47052,test
53368,test
16058,test
32346,test
24161,test
5999,test
47881,test
25826,test
66269,test
52407,test
54788,test
20828,test
10481,test
50812,test
70167,test
7372,test
598,test
19039,test
35139,test
43214,test
35044,test
35165,test
30371,test
42569,test
28300,test
17911,test
51033,test
44754,test
1709,test
68170,test
33568,test
40717,test
3404,test
38253,test
35112,test
49650,test
28560,test
10575,test
58488,test
64438,test
38325,test
53552,test
23748,test
18090,test
15727,test
29140,test
47548,test
56243,test
24367,test
32630,test
33939,test
10219,test
47906,test
11205,test
14055,test
60789,test
51800,test
34281,test
68421,test
65942,test
33937,test
24042,test
5792,test
38620,test
34633,test
32059,test
49247,test
10096,test
2362,test
15182,test
56752,test
64268,test
56622,test
62271,test
6259,test
25491,test
53477,test
31310,test
53681,test
23154,test
22702,test
38267,test
68862,test
14611,test
44463,test
47413,test
23724,test
4411,test
20297,test
59782,test
35033,test
51692,test
20360,test
62667,test
39086,test
36892,test
58128,test
47205,test
7243,test
57775,test
62746,test
2312,test
20731,test
62348,test
33563,test
64296,test
59226,test
52005,test
8890,test
40544,test
17983,test
26872,test
18687,test
39847,test
29064,test
5740,test
20205,test
56585,test
47591,test
63756,test
48490,test
2005,test
54371,test
17118,test
68600,test
40900,test
12413,test
925,test
24503,test
2606,test
23803,test
11474,test
37468,test
68504,test
26353,test
1652,test
38245,test
38372,test
23163,test
20877,test
12720,test
9955,test
6795,test
23658,test
6251,test
5391,test
48233,test
63879,test
7776,test
45623,test
49282,test
14160,test
60515,test
54561,test
67965,test
38785,test
39398,test
57594,test
64280,test
36685,test
55167,test
17190,test
20670,test
25723,test
53275,test
21503,test
16260,test
30583,test
31501,test
57991,test
29403,test
57832,test
1077,test
69912,test
35335,test
7584,test
2532,test
5709,test
13351,test
60913,test
65780,test
21085,test
51814,test
65981,test
59200,test
70403,test
18444,test
68318,test
39587,test
8515,test
34178,test
34134,test
70004,test
46896,test
47558,test
16129,test
7982,test
59495,test
14046,test
40926,test
16127,test
57555,test
27370,test
2941,test
37823,test
24898,test
45328,test
60489,test
18188,test
32688,test
4155,test
18377,test
17460,test
20159,test
12982,test
11322,test
54026,test
54651,test
28138,test
65354,test
8569,test
7612,test
15105,test
66232,test
2891,test
32126,test
34870,test
15357,test
29780,test
11049,test
41454,test
38588,test
20981,test
61389,test
59668,test
67702,test
431,test
15028,test
50288,test
48392,test
35292,test
9868,test
45941,test
1345,test
14642,test
19603,test
34910,test
34100,test
68606,test
16215,test
285,test
28405,test
5159,test
56869,test
54269,test
67021,test
22993,test
33618,test
55809,test
30674,test
28175,test
49434,test
59747,test
68784,test
1352,test
12020,test
5542,test
32028,test
40584,test
26879,test
23982,test
69399,test
28319,test
68490,test
12788,test
30480,test
11344,test
2554,test
42396,test
18720,test
43456,test
17227,test
2246,test
9364,test
43467,test
27100,test
10978,test
50351,test
68067,test
48824,test
46873,test
47290,test
30652,test
63281,test
46028,test
67305,test
28792,test
33200,test
43206,test
2406,test
31316,test
6490,test
60973,test
69469,test
65497,test
11264,test
63936,test
46406,test
47894,test
19234,test
69597,test
28327,test
54066,test
19751,test
59773,test
58495,test
42103,test
36426,test
64972,test
36617,test
61058,test
24857,test
18849,test
13314,test
8039,test
36515,test
62432,test
27476,test
32515,test
65167,test
51190,test
25883,test
52055,test
18611,test
3510,test
57665,test
14244,test
25415,test
24014,test
34050,test
68229,test
37781,test
42141,test
49338,test
9314,test
56574,test
18244,test
38674,test
14653,test
59798,test
47439,test
37397,test
25564,test
44631,test
23977,test
38279,test
921,test
28904,test
65210,test
51025,test
32188,test
15373,test
46244,test
68348,test
43351,test
5700,test
14269,test
39404,test
41298,test
4453,test
45231,test
55257,test
62456,test
53986,test
43553,test
21795,test
61523,test
97,test
45850,test
43222,test
11515,test
55444,test
69267,test
2804,test
32243,test
44129,test
2621,test
37791,test
62166,test
34906,test
13303,test
67928,test
35322,test
29668,test
54756,test
51338,test
45790,test
30345,test
34347,test
15483,test
27835,test
52580,test
13229,test
43029,test
46046,test
63474,test
11017,test
69333,test
64990,test
66941,test
24163,test
61110,test
47296,test
33621,test
63714,test
30414,test
28975,test
45381,test
15895,test
13182,test
52674,test
38170,test
62720,test
4535,test
65405,test
56479,test
29870,test
13106,test
64839,test
12065,test
6114,test
56569,test
60273,test
24520,test
5016,test
25857,test
23599,test
51967,test
45726,test
50008,test
5431,test
4526,test
31695,test
6845,test
51179,test
4361,test
409,test
22452,test
20313,test
22000,test
61516,test
63712,test
15075,test
65352,test
30996,test
46520,test
33607,test
551,test
17994,test
36802,test
22207,test
48032,test
41141,test
62757,test
29686,test
42070,test
41932,test
8644,test
29033,test
12371,test
65526,test
22250,test
23840,test
28443,test
48116,test
30181,test
38071,test
31761,test
4666,test
10434,test
24369,test
57016,test
22395,test
11276,test
65580,test
17504,test
23604,test
49137,test
26215,test
4845,test
61750,test
21577,test
50653,test
70124,test
42728,test
35845,test
28265,test
680,test
4353,test
48170,test
3082,test
55222,test
23490,test
70020,test
53880,test
6405,test
44534,test
4678,test
2310,test
42819,test
25517,test
64875,test
14452,test
16306,test
40959,test
37582,test
28462,test
16709,test
57677,test
47760,test
59428,test
2026,test
56557,test
9138,test
724,test
21174,test
33954,test
59442,test
45742,test
8252,test
45948,test
37023,test
34931,test
10830,test
10493,test
68062,test
67999,test
59932,test
10398,test
34448,test
14219,test
19086,test
56240,test
32676,test
27830,test
22490,test
8087,test
22668,test
67695,test
17255,test
55863,test
22975,test
40433,test
36088,test
10325,test
34447,test
49171,test
14036,test
67491,test
23485,test
7152,test
63596,test
49948,test
45578,test
9579,test
3811,test
26623,test
34614,test
45675,test
69543,test
35812,test
40728,test
8165,test
60552,test
41154,test
50539,test
19710,test
60190,test
41777,test
57753,test
37668,test
31141,test
59503,test
32628,test
20226,test
58897,test
5282,test
31091,test
56211,test
4679,test
43857,test
2625,test
28110,test
3240,test
5005,test
6105,test
13360,test
10384,test
33311,test
34409,test
44998,test
5968,test
3636,test
760,test
52903,test
29624,test
26782,test
70400,test
38714,test
33691,test
66822,test
67289,test
54032,test
41677,test
48876,test
18263,test
41057,test
6463,test
22528,test
24623,test
36847,test
3178,test
53056,test
59724,test
21163,test
22188,test
63314,test
19199,test
41394,test
27328,test
4456,test
23564,test
42647,test
46728,test
4413,test
56958,test
6366,test
9292,test
59172,test
8732,test
38088,test
37403,test
52382,test
9635,test
54819,test
11471,test
52600,test
14343,test
55289,test
8508,test
56795,test
31672,test
23340,test
17979,test
42112,test
42991,test
37071,test
23193,test
7924,test
32779,test
1164,test
3106,test
21011,test
18857,test
68250,test
34630,test
10032,test
37830,test
29259,test
44803,test
47545,test
66367,test
12960,test
63784,test
45633,test
17555,test
27850,test
51259,test
67211,test
41850,test
69480,test
7135,test
40240,test
52189,test
21786,test
60173,test
55369,test
13940,test
32871,test
7100,test
7012,test
13510,test
24435,test
47805,test
63886,test
61852,test
26269,test
4640,test
44159,test
53367,test
51543,test
46164,test
34897,test
52202,test
56546,test
59432,test
8203,test
29156,test
63258,test
19164,test
41206,test
7539,test
30697,test
7796,test
66526,test
16598,test
28241,test
42888,test
44926,test
69466,test
70206,test
58189,test
14675,test
63792,test
60238,test
52686,test
66471,test
49472,test
36379,test
16406,test
33391,test
31862,test
66109,test
24500,test
34893,test
31207,test
38956,test
31295,test
53626,test
31655,test
57012,test
16547,test
22795,test
40466,test
47732,test
11713,test
66448,test
56244,test
53115,test
69467,test
56670,test
35301,test
33293,test
59463,test
4948,test
20751,test
11191,test
27219,test
28795,test
10360,test
29745,test
48328,test
10874,test
69612,test
53185,test
63218,test
49097,test
65917,test
416,test
18234,test
55148,test
61351,test
8770,test
53812,test
22572,test
65282,test
29817,test
46037,test
61484,test
6327,test
49034,test
15267,test
47097,test
13769,test
42949,test
61689,test
14950,test
36660,test
44189,test
5838,test
18929,test
27961,test
49581,test
64323,test
21569,test
6282,test
37505,test
64230,test
54283,test
62700,test
2624,test
15438,test
17489,test
53776,test
37059,test
5139,test
18585,test
35363,test
47275,test
40703,test
67987,test
1901,test
55583,test
31084,test
23863,test
26602,test
60955,test
10187,test
47080,test
20824,test
44657,test
8286,test
794,test
49438,test
60542,test
26144,test
60858,test
51198,test
15637,test
55575,test
46463,test
3394,test
46120,test
25372,test
52448,test
58619,test
61679,test
67129,test
64092,test
38582,test
39638,test
3993,test
32707,test
1517,test
1202,test
34175,test
9864,test
56027,test
44834,test
16832,test
45820,test
67682,test
15425,test
16242,test
4136,test
37414,test
55691,test
9687,test
15053,test
12296,test
2641,test
1626,test
67691,test
3764,test
13269,test
26761,test
69761,test
9581,test
47212,test
52810,test
11376,test
52947,test
50672,test
11220,test
39906,test
14813,test
17707,test
23924,test
66049,test
24407,test
32508,test
23433,test
26162,test
3381,test
64222,test
53012,test
24129,test
69683,test
38539,test
47893,test
26146,test
2139,test
39544,test
20311,test
28375,test
32660,test
48069,test
58100,test
32317,test
9252,test
62682,test
18902,test
43157,test
56276,test
46833,test
56044,test
36402,test
49567,test
54447,test
67536,test
53519,test
45066,test
50278,test
10597,test
59318,test
25519,test
18587,test
14358,test
1389,test
45660,test
68230,test
7659,test
42308,test
8449,test
9939,test
13837,test
44158,test
39441,test
45999,test
69924,test
23437,test
22691,test
412,test
591,test
36367,test
53058,test
39169,test
42228,test
55361,test
26056,test
1323,test
68253,test
50442,test
48755,test
9732,test
30090,test
3391,test
67425,test
25632,test
32924,test
37719,test
18991,test
68190,test
37874,test
30042,test
1701,test
60996,test
35081,test
14703,test
7124,test
24125,test
38516,test
64507,test
54958,test
3047,test
8649,test
5815,test
62425,test
46793,test
1154,test
26446,test
51224,test
48715,test
33833,test
5371,test
57843,test
6228,test
50878,test
69531,test
1418,test
375,test
20471,test
13224,test
5483,test
65612,test
16214,test
45287,test
54699,test
41936,test
30396,test
30563,test
66698,test
32022,test
31660,test
26135,test
29183,test
26040,test
17959,test
21825,test
52679,test
18668,test
32425,test
66362,test
25964,test
35204,test
50488,test
54158,test
16602,test
57741,test
41038,test
46104,test
69400,test
67745,test
24182,test
11411,test
27065,test
1725,test
42597,test
13296,test
67823,test
48175,test
63220,test
11556,test
9909,test
43466,test
61851,test
47281,test
22870,test
41837,test
39913,test
62167,test
63036,test
47835,test
27241,test
3033,test
40221,test
60164,test
7345,test
24331,test
67395,test
53079,test
50250,test
45938,test
33443,test
16490,test
51566,test
44073,test
29835,test
1120,test
18223,test
34848,test
49901,test
53214,test
50162,test
55447,test
66449,test
53595,test
56377,test
11022,test
31335,test
12555,test
46944,test
63365,test
22642,test
56778,test
35073,test
31235,test
44127,test
63555,test
32566,test
70219,test
34331,test
50400,test
16022,test
42825,test
32591,test
23135,test
52966,test
21980,test
15835,test
36509,test
23120,test
67898,test
48226,test
30000,test
12422,test
32270,test
61727,test
39828,test
64780,test
21845,test
8685,test
66142,test
21690,test
69568,test
864,test
37915,test
5211,test
44710,test
35196,test
5185,test
51695,test
3100,test
56866,test
12468,test
12772,test
49871,test
31517,test
45060,test
22665,test
33766,test
62597,test
13364,test
61159,test
60835,test
20992,test
60043,test
4088,test
37188,test
28546,test
51256,test
39534,test
59228,test
16393,test
878,test
36285,test
11701,test
26328,test
31287,test
69025,test
49348,test
47376,test
36080,test
65587,test
1445,test
34653,test
30115,test
64911,test
51812,test
13038,test
23026,test
46579,test
32223,test
15330,test
23024,test
37725,test
29790,test
27684,test
55653,test
24350,test
40232,test
23891,test
40964,test
14375,test
12246,test
20791,test
3265,test
60151,test
67002,test
59329,test
13627,test
26592,test
37496,test
11210,test
17017,test
5659,test
67085,test
6549,test
17956,test
45827,test
43290,test
60022,test
58031,test
33510,test
223,test
32886,test
18282,test
21702,test
52699,test
10670,test
31989,test
7684,test
251,test
14786,test
8711,test
51167,test
8907,test
5609,test
18092,test
24289,test
21896,test
18286,test
4749,test
59393,test
22715,test
15566,test
19969,test
67971,test
25110,test
56164,test
29108,test
19733,test
4224,test
23126,test
30506,test
65291,test
38159,test
6787,test
35771,test
8189,test
45364,test
64690,test
49169,test
12567,test
23331,test
23425,test
22059,test
44624,test
4818,test
37003,test
13798,test
32338,test
26373,test
70524,test
50054,test
49736,test
40896,test
61765,test
42148,test
69401,test
22216,test
1573,test
28721,test
60785,test
13083,test
47677,test
16325,test
35521,test
26800,test
53076,test
49003,test
19945,test
66292,test
67182,test
17723,test
43057,test
57712,test
66080,test
23989,test
43726,test
52395,test
67804,test
11003,test
30440,test
34186,test
37284,test
63270,test
15399,test
46133,test
58246,test
41415,test
54205,test
65376,test
16340,test
17827,test
24925,test
46608,test
25465,test
24190,test
56357,test
32960,test
54323,test
13644,test
46694,test
6006,test
39576,test
21616,test
50928,test
23791,test
32449,test
25044,test
18409,test
52238,test
26463,test
57701,test
60548,test
873,test
39313,test
69984,test
6620,test
61390,test
48295,test
45533,test
875,test
23839,test
11977,test
56539,test
63681,test
68439,test
4551,test
13250,test
64318,test
4486,test
2233,test
70377,test
26225,test
32335,test
11689,test
29016,test
8423,test
56392,test
55819,test
34701,test
28392,test
18856,test
39040,test
41452,test
64398,test
38755,test
66181,test
42706,test
61940,test
29205,test
32288,test
37467,test
67283,test
36490,test
23659,test
47305,test
61447,test
47686,test
41434,test
10887,test
63024,test
22649,test
5493,test
757,test
24342,test
56658,test
26668,test
69999,test
15271,test
48319,test
25034,test
39197,test
14229,test
65215,test
39924,test
30712,test
39107,test
37755,test
42783,test
21013,test
58791,test
25257,test
31648,test
13095,test
54601,test
63802,test
17786,test
45564,test
44154,test
23588,test
50212,test
51158,test
48952,test
40773,test
5980,test
54955,test
33388,test
32114,test
70690,test
15214,test
28995,test
36011,test
29214,test
38029,test
31658,test
47898,test
32987,test
13868,test
57591,test
55226,test
10656,test
66138,test
3891,test
25570,test
46215,test
61758,test
56518,test
8787,test
44548,test
51866,test
24644,test
70012,test
53984,test
51768,test
48383,test
64689,test
54339,test
6386,test
31340,test
60471,test
31327,test
41758,test
5241,test
5967,test
7717,test
683,test
14630,test
55478,test
56742,test
69560,test
50217,test
6103,test
24100,test
21046,test
41747,test
26231,test
10645,test
52016,test
37989,test
25452,test
18933,test
21247,test
43141,test
41092,test
30539,test
20813,test
21031,test
37017,test
45507,test
36473,test
32735,test
58323,test
52317,test
27468,test
22566,test
62017,test
64924,test
28724,test
23612,test
32382,test
47073,test
18212,test
66001,test
64112,test
2009,test
28134,test
53874,test
47787,test
62135,test
59047,test
49649,test
43379,test
41256,test
7399,test
9498,test
28666,test
58649,test
25202,test
33465,test
42624,test
24012,test
45437,test
54403,test
19548,test
56926,test
18767,test
34078,test
70068,test
62381,test
12573,test
70517,test
25771,test
5101,test
49604,test
22264,test
65541,test
49243,test
2953,test
44282,test
23400,test
57059,test
28693,test
62767,test
54851,test
70291,test
35220,test
38653,test
57508,test
30502,test
42051,test
10500,test
57451,test
64776,test
66573,test
27889,test
59043,test
33228,test
67524,test
70311,test
52130,test
68395,test
4997,test
36761,test
66274,test
63942,test
40795,test
18192,test
64738,test
52598,test
46278,test
1810,test
46980,test
55648,test
20284,test
68973,test
39860,test
27669,test
19793,test
6029,test
28751,test
49410,test
23779,test
41499,test
69791,test
28672,test
26555,test
42010,test
41423,test
63039,test
22560,test
64209,test
19801,test
64987,test
50980,test
29261,test
19761,test
68753,test
797,test
24236,test
66680,test
52284,test
28558,test
21823,test
15906,test
12896,test
3761,test
63338,test
44326,test
42026,test
21597,test
16451,test
25128,test
16905,test
34639,test
52267,test
46916,test
66587,test
48575,test
28076,test
41098,test
58762,test
12807,test
12394,test
38143,test
9622,test
63330,test
26375,test
30528,test
2539,test
60812,test
59449,test
14707,test
47504,test
33202,test
67124,test
46015,test
18306,test
44190,test
38877,test
15510,test
49771,test
31387,test
67,test
21670,test
5444,test
30078,test
53456,test
12328,test
44378,test
39770,test
55798,test
53471,test
24454,test
61299,test
49796,test
64731,test
28976,test
52201,test
68798,test
43476,test
46442,test
54845,test
34822,test
52892,test
14625,test
911,test
4894,test
53801,test
6856,test
20707,test
63409,test
52856,test
17926,test
14118,test
43125,test
57786,test
68612,test
58593,test
1019,test
9211,test
66369,test
46623,test
53675,test
1830,test
15339,test
36216,test
60004,test
45253,test
45225,test
7633,test
63161,test
63838,test
7802,test
66869,test
29539,test
42987,test
21998,test
474,test
20201,test
56318,test
217,test
53969,test
28612,test
45006,test
29863,test
26638,test
35214,test
21185,test
69239,test
67788,test
36013,test
44089,test
54127,test
32711,test
61225,test
63407,test
36492,test
37578,test
56133,test
28206,test
5653,test
25023,test
65742,test
52277,test
2623,test
29878,test
29104,test
3432,test
57678,test
62969,test
43735,test
19947,test
10023,test
12126,test
8830,test
42528,test
60855,test
47190,test
51749,test
49493,test
21484,test
19768,test
45956,test
10114,test
69491,test
40401,test
1977,test
43819,test
62581,test
70110,test
688,test
35057,test
21787,test
37415,test
45336,test
51557,test
68581,test
33644,test
36065,test
20518,test
1896,test
13104,test
41997,test
253,test
60746,test
24681,test
53142,test
52944,test
25585,test
22194,test
44829,test
594,test
39331,test
34762,test
52836,test
5425,test
39881,test
27776,test
14248,test
16666,test
32568,test
69603,test
41288,test
10354,test
10388,test
64563,test
19262,test
66561,test
44555,test
22056,test
16074,test
43624,test
26408,test
44058,test
40877,test
23581,test
45258,test
64525,test
38912,test
20879,test
49892,test
16312,test
49096,test
6476,test
57896,test
15842,test
20177,test
65978,test
49027,test
46452,test
48661,test
63548,test
55796,test
37253,test
59615,test
64364,test
42743,test
43099,test
47056,test
11608,test
61071,test
52141,test
793,test
23537,test
59995,test
16401,test
51946,test
24634,test
64550,test
35421,test
2827,test
46499,test
22690,test
28847,test
59493,test
53178,test
2273,test
12566,test
63387,test
55676,test
9336,test
49715,test
30413,test
60264,test
19073,test
68336,test
36453,test
28184,test
39568,test
1360,test
32650,test
7329,test
54850,test
37383,test
9590,test
13979,test
15953,test
42012,test
39797,test
47243,test
45299,test
4395,test
4118,test
43576,test
56598,test
27769,test
63076,test
41344,test
38114,test
1910,test
20184,test
3050,test
60349,test
59466,test
51132,test
18554,test
32553,test
23514,test
61788,test
44305,test
54184,test
2204,test
52677,test
59955,test
1546,test
51698,test
56646,test
29757,test
68761,test
34193,test
41003,test
62006,test
47331,test
66968,test
62076,test
19783,test
18353,test
301,test
25622,test
38621,test
27154,test
37670,test
42371,test
50957,test
24219,test
42264,test
12399,test
62225,test
50107,test
64723,test
59219,test
32384,test
19742,test
69446,test
12378,test
65438,test
36510,test
40627,test
43758,test
20615,test
53009,test
17299,test
49094,test
14143,test
38908,test
28183,test
24216,test
35896,test
8589,test
13160,test
38737,test
34988,test
6785,test
10297,test
36231,test
58980,test
10334,test
55079,test
46815,test
67435,test
5901,test
45337,test
48893,test
69496,test
14088,test
651,test
19081,test
6272,test
2485,test
38408,test
46295,test
12478,test
21717,test
66729,test
28992,test
44933,test
41373,test
67647,test
10565,test
57162,test
27149,test
44100,test
53375,test
13601,test
30833,test
17916,test
7214,test
41399,test
15932,test
16962,test
20766,test
46338,test
3444,test
63119,test
50481,test
21150,test
54194,test
23519,test
33875,test
31902,test
4129,test
65688,test
43097,test
26443,test
10098,test
32200,test
67897,test
47915,test
20363,test
48273,test
65407,test
51892,test
31139,test
25760,test
44727,test
30754,test
37139,test
41800,test
13704,test
10938,test
428,test
39610,test
24745,test
52374,test
60906,test
60558,test
40724,test
6365,test
26509,test
6779,test
67274,test
22152,test
7658,test
25528,test
22510,test
10207,test
65786,test
57871,test
34099,test
56558,test
29983,test
24157,test
19482,test
16238,test
51344,test
7929,test
64205,test
52394,test
64212,test
17996,test
53970,test
35697,test
45638,test
38059,test
29463,test
21022,test
34768,test
5295,test
67475,test
25695,test
69447,test
10387,test
66198,test
7675,test
61702,test
67464,test
55333,test
1261,test
19677,test
24019,test
1622,test
1437,test
61426,test
51961,test
46098,test
5970,test
10939,test
13596,test
14552,test
1729,test
57907,test
59166,test
43292,test
38366,test
29158,test
39659,test
68706,test
586,test
32969,test
49703,test
34992,test
19716,test
23744,test
50172,test
44427,test
63384,test
43640,test
3611,test
37258,test
67163,test
10552,test
30070,test
39757,test
13317,test
24159,test
17701,test
38180,test
8318,test
25148,test
39310,test
65621,test
47007,test
13225,test
18455,test
43619,test
47004,test
62993,test
27541,test
15744,test
56132,test
57236,test
13290,test
6287,test
30298,test
34037,test
26816,test
25947,test
41975,test
50335,test
11790,test
55744,test
214,test
2882,test
30288,test
55544,test
9828,test
39015,test
66727,test
15642,test
45045,test
35529,test
63981,test
43355,test
70181,test
50106,test
15887,test
8631,test
26553,test
49057,test
16549,test
36633,test
19529,test
69546,test
60141,test
69006,test
50053,test
68549,test
53431,test
66912,test
38220,test
5366,test
44983,test
35103,test
69246,test
41203,test
28176,test
15011,test
22278,test
63379,test
14791,test
37035,test
58187,test
35611,test
50421,test
46170,test
47120,test
27832,test
12766,test
25062,test
20621,test
57572,test
48454,test
48863,test
29637,test
33440,test
27702,test
20349,test
63088,test
59257,test
69423,test
57013,test
65949,test
46081,test
47215,test
32974,test
25673,test
44155,test
30858,test
35664,test
411,test
9273,test
53497,test
52248,test
16969,test
4332,test
49288,test
37558,test
55592,test
33741,test
20875,test
14632,test
54308,test
43075,test
7130,test
3409,test
13624,test
13132,test
58877,test
54204,test
62519,test
66758,test
18708,test
7889,test
14494,test
61076,test
2241,test
26418,test
28518,test
48932,test
31341,test
22901,test
22525,test
47066,test
65810,test
24272,test
64526,test
53304,test
146,test
10907,test
101,test
47585,test
29206,test
5963,test
29342,test
2323,test
29906,test
34549,test
61753,test
1582,test
59259,test
63734,test
7297,test
65875,test
45285,test
10991,test
48792,test
33826,test
25977,test
51509,test
53177,test
46330,test
18411,test
21497,test
52752,test
21416,test
8694,test
5136,test
19130,test
25313,test
8620,test
32234,test
9109,test
17626,test
64810,test
4709,test
59551,test
57208,test
13388,test
19240,test
10791,test
17274,test
5111,test
42241,test
36466,test
49974,test
40119,test
11611,test
22437,test
36381,test
25999,test
7453,test
46351,test
22590,test
64915,test
2884,test
49599,test
25832,test
13219,test
42908,test
20579,test
67805,test
17037,test
21929,test
35162,test
17859,test
1121,test
35816,test
61167,test
42412,test
4763,test
13713,test
65020,test
57715,test
70356,test
65362,test
65395,test
27780,test
27263,test
5094,test
40574,test
18745,test
64043,test
65006,test
47921,test
16542,test
26758,test
57481,test
60279,test
42764,test
38482,test
61271,test
4497,test
27402,test
41115,test
65374,test
19048,test
29522,test
8600,test
1329,test
30476,test
36177,test
52058,test
23244,test
50199,test
39177,test
16166,test
67932,test
21380,test
6548,test
30228,test
18014,test
67909,test
6924,test
13466,test
33594,test
31597,test
67004,test
30387,test
54748,test
37359,test
54842,test
43705,test
68112,test
57941,test
50443,test
3486,test
35968,test
25397,test
11512,test
42374,test
42174,test
40362,test
33326,test
47794,test
27217,test
69965,test
27799,test
14554,test
61039,test
34208,test
65189,test
37260,test
29709,test
16690,test
36999,test
61834,test
54185,test
17481,test
60511,test
53926,test
8795,test
834,test
40301,test
24471,test
49926,test
64561,test
68572,test
13793,test
70213,test
68949,test
50037,test
37566,test
70289,test
11303,test
55849,test
31058,test
50482,test
67310,test
18715,test
10835,test
65715,test
9818,test
14586,test
14904,test
67609,test
10317,test
39068,test
42104,test
16328,test
5831,test
28307,test
37254,test
55321,test
5281,test
66484,test
30532,test
47680,test
23226,test
59620,test
34635,test
44512,test
42877,test
41987,test
64948,test
54123,test
35026,test
10274,test
10014,test
24257,test
34059,test
53138,test
38478,test
23574,test
28156,test
38268,test
12989,test
25780,test
28254,test
46356,test
50953,test
69789,test
10828,test
46675,test
25951,test
41388,test
25805,test
31947,test
48957,test
3346,test
58056,test
28199,test
44790,test
41341,test
38081,test
50605,test
3620,test
51549,test
9367,test
38122,test
55840,test
68422,test
41249,test
33002,test
58603,test
65575,test
35356,test
38194,test
16477,test
44274,test
15517,test
1073,test
41014,test
6662,test
35324,test
1677,test
53246,test
27499,test
13162,test
45737,test
34209,test
38215,test
19108,test
47766,test
67716,test
29700,test
60076,test
69927,test
62125,test
12224,test
43893,test
54956,test
42681,test
25114,test
10308,test
44205,test
57082,test
31426,test
69835,test
28640,test
53654,test
65997,test
43402,test
44435,test
37230,test
2549,test
54867,test
3083,test
1640,test
21457,test
11278,test
53775,test
18534,test
52456,test
62256,test
59794,test
16986,test
65174,test
29139,test
63830,test
23440,test
53016,test
15490,test
17681,test
70163,test
26924,test
63234,test
42206,test
55033,test
14894,test
47044,test
63648,test
33260,test
61391,test
32583,test
53972,test
38358,test
58640,test
61672,test
22432,test
10172,test
47620,test
36228,test
65904,test
8513,test
556,test
49696,test
70014,test
11983,test
4504,test
8990,test
23754,test
65907,test
5849,test
3292,test
32710,test
10150,test
41853,test
65119,test
60717,test
44747,test
42826,test
48299,test
4836,test
21021,test
32579,test
44487,test
33119,test
63912,test
49846,test
64718,test
62541,test
4624,test
12498,test
46518,test
30828,test
8727,test
18135,test
28320,test
1672,test
57723,test
13851,test
67496,test
55747,test
44506,test
35212,test
42301,test
15877,test
5189,test
294,test
21245,test
34814,test
5452,test
63266,test
67304,test
67836,test
6536,test
41309,test
58672,test
45861,test
52534,test
65110,test
53362,test
16696,test
21373,test
14008,test
35218,test
2516,test
19293,test
57548,test
67993,test
4525,test
15556,test
36331,test
4202,test
24917,test
20847,test
53481,test
23409,test
44465,test
45798,test
34968,test
36841,test
25984,test
42,test
57696,test
19729,test
23703,test
51471,test
17835,test
21774,test
52331,test
63757,test
4279,test
31974,test
34801,test
8468,test
30500,test
61433,test
21851,test
5237,test
8652,test
62473,test
68702,test
9684,test
36620,test
53577,test
51428,test
3582,test
69536,test
69393,test
1883,test
67199,test
11484,test
20867,test
51981,test
35542,test
65131,test
39423,test
31789,test
44178,test
58325,test
4459,test
4827,test
53021,test
58177,test
67113,test
18269,test
22415,test
47689,test
28618,test
32946,test
7808,test
66570,test
53937,test
65778,test
12477,test
54147,test
58410,test
14606,test
2477,test
31407,test
3762,test
2701,test
24379,test
24040,test
64964,test
47175,test
47503,test
34420,test
12217,test
4053,test
53220,test
13177,test
35484,test
10392,test
45478,test
24436,test
66247,test
26697,test
14037,test
12575,test
58167,test
11858,test
33858,test
2080,test
21746,test
10962,test
70208,test
65339,test
13042,test
26227,test
2752,test
19091,test
12448,test
13618,test
38615,test
19210,test
62813,test
22632,test
13797,test
9115,test
67583,test
52283,test
38225,test
9636,test
3180,test
5334,test
3461,test
16446,test
31445,test
25255,test
66315,test
67089,test
26717,test
55752,test
5611,test
33730,test
67996,test
37533,test
44206,test
35287,test
47661,test
53057,test
31982,test
53174,test
41205,test
28762,test
46199,test
52356,test
19283,test
23547,test
11953,test
8365,test
47959,test
69843,test
20620,test
6106,test
27732,test
16210,test
45052,test
39117,test
21937,test
33237,test
17691,test
64018,test
56940,test
4316,test
45131,test
48990,test
11576,test
59317,test
28481,test
7879,test
39363,test
26965,test
48758,test
16090,test
28369,test
23153,test
24393,test
36437,test
25063,test
40781,test
52652,test
41426,test
34947,test
68079,test
63202,test
62657,test
10796,test
16796,test
23763,test
69186,test
16472,test
6764,test
26105,test
68156,test
25043,test
52306,test
24050,test
24952,test
40490,test
27126,test
65760,test
32699,test
14318,test
40093,test
59067,test
45371,test
8864,test
30403,test
29419,test
13765,test
4125,test
28021,test
26068,test
68111,test
10088,test
37073,test
47174,test
15627,test
53309,test
61121,test
23847,test
60192,test
21318,test
14838,test
14847,test
52234,test
39071,test
48908,test
43426,test
8938,test
40575,test
49562,test
16489,test
45537,test
5417,test
48511,test
66851,test
9960,test
43646,test
2395,test
56928,test
63941,test
6416,test
3859,test
22565,test
26948,test
33399,test
59023,test
28924,test
8136,test
619,test
24460,test
33736,test
27763,test
7091,test
6320,test
28260,test
65294,test
51697,test
69405,test
17801,test
26286,test
69288,test
1515,test
29718,test
6711,test
21941,test
66499,test
49403,test
38318,test
48830,test
20536,test
53213,test
15666,test
19383,test
51429,test
39640,test
61203,test
36025,test
340,test
14690,test
59094,test
32420,test
32445,test
17294,test
15831,test
58192,test
37128,test
44267,test
48473,test
35102,test
36081,test
52976,test
1126,test
42265,test
54349,test
61057,test
44540,test
63599,test
40317,test
6033,test
23182,test
16835,test
13689,test
51266,test
5675,test
64265,test
60607,test
40090,test
50590,test
12904,test
29628,test
1327,test
2719,test
1079,test
24688,test
7775,test
25205,test
45309,test
34741,test
16322,test
56330,test
35894,test
22986,test
4639,test
62828,test
51559,test
22523,test
9297,test
64761,test
22946,test
42383,test
13656,test
29352,test
39745,test
27156,test
25825,test
48768,test
17895,test
27687,test
55340,test
56878,test
20074,test
8514,test
44892,test
17534,test
40421,test
4476,test
15786,test
44840,test
50230,test
1997,test
4527,test
42648,test
45295,test
56215,test
27399,test
52358,test
53222,test
42220,test
50654,test
59860,test
17260,test
39733,test
69002,test
35376,test
33055,test
45020,test
30333,test
55120,test
64148,test
13519,test
10006,test
36345,test
27035,test
28317,test
53034,test
10983,test
66438,test
33754,test
55231,test
61111,test
7331,test
9679,test
52310,test
65052,test
7573,test
10199,test
35954,test
35800,test
50583,test
48079,test
25971,test
54635,test
9606,test
69653,test
42911,test
69134,test
59880,test
27948,test
42488,test
52888,test
12414,test
49450,test
40789,test
43155,test
32701,test
29280,test
18214,test
11620,test
53499,test
49561,test
13198,test
9984,test
21629,test
34091,test
29736,test
43565,test
50692,test
70368,test
2053,test
18577,test
45946,test
61151,test
21307,test
22375,test
49874,test
35412,test
65084,test
43233,test
33101,test
27086,test
47479,test
49056,test
53455,test
5384,test
34087,test
15883,test
29252,test
16104,test
67913,test
61182,test
9451,test
9515,test
15119,test
22389,test
39225,test
19858,test
15963,test
45878,test
1948,test
404,test
67574,test
12028,test
12808,test
55609,test
37142,test
62099,test
59823,test
14444,test
44126,test
9548,test
35384,test
54112,test
56272,test
53602,test
6264,test
38744,test
17053,test
16189,test
22805,test
31505,test
34265,test
47093,test
70519,test
68046,test
27887,test
40171,test
12663,test
42508,test
68585,test
60318,test
1845,test
8924,test
8426,test
38551,test
30803,test
39997,test
42297,test
36319,test
10107,test
25727,test
56070,test
39194,test
60586,test
63785,test
43931,test
53847,test
63299,test
65537,test
64254,test
61186,test
70638,test
62098,test
10224,test
40290,test
35193,test
59124,test
68011,test
1101,test
47877,test
37844,test
933,test
53239,test
70235,test
49176,test
39978,test
65320,test
55034,test
19080,test
31962,test
37642,test
59931,test
48554,test
35008,test
56777,test
25707,test
26815,test
38974,test
51871,test
61763,test
31304,test
30970,test
55639,test
11648,test
56323,test
41783,test
11967,test
44105,test
46136,test
7647,test
16738,test
59987,test
26806,test
59500,test
54342,test
35425,test
34334,test
423,test
30270,test
12636,test
47456,test
47312,test
41512,test
68502,test
69360,test
14884,test
30331,test
10365,test
19962,test
13399,test
19968,test
31576,test
14614,test
16843,test
30055,test
5432,test
62106,test
33950,test
38697,test
24810,test
34482,test
39044,test
33235,test
56999,test
6564,test
6138,test
52108,test
7629,test
20133,test
64980,test
55668,test
43815,test
12359,test
42509,test
35587,test
16557,test
13680,test
11184,test
48276,test
19538,test
53097,test
2525,test
68042,test
48595,test
69111,test
40279,test
28594,test
54812,test
10407,test
30322,test
10343,test
51805,test
9519,test
46182,test
52588,test
30778,test
19900,test
64352,test
54200,test
8911,test
43015,test
39923,test
53329,test
6723,test
32423,test
60352,test
67649,test
56562,test
54898,test
14492,test
55803,test
10897,test
52091,test
49504,test
44906,test
67213,test
21501,test
11400,test
70675,test
37547,test
70364,test
6401,test
37801,test
16606,test
57005,test
47901,test
34439,test
56099,test
13221,test
35648,test
27551,test
57286,test
21024,test
33679,test
33695,test
14170,test
934,test
63799,test
37993,test
9121,test
25710,test
65145,test
57454,test
7118,test
44188,test
62130,test
25165,test
31475,test
24405,test
58522,test
7870,test
4902,test
52766,test
27869,test
14652,test
34479,test
36260,test
2,test
59029,test
24496,test
4713,test
27347,test
42343,test
46716,test
60327,test
60263,test
21686,test
27719,test
29381,test
34388,test
52596,test
7125,test
61969,test
44008,test
30328,test
58337,test
5296,test
346,test
62345,test
13380,test
68547,test
33528,test
12339,test
46546,test
25885,test
55520,test
18268,test
1226,test
13484,test
52409,test
55308,test
39043,test
66177,test
19305,test
17553,test
23381,test
56255,test
61827,test
11403,test
2533,test
26640,test
47198,test
15499,test
51968,test
48430,test
43276,test
19631,test
24991,test
29220,test
43792,test
7207,test
68649,test
853,test
46116,test
39655,test
63429,test
50523,test
39265,test
9226,test
36628,test
47892,test
60386,test
2212,test
24748,test
59521,test
48725,test
57369,test
44049,test
40557,test
24126,test
1387,test
64646,test
53438,test
37732,test
49756,test
11395,test
44490,test
65555,test
69202,test
35748,test
16091,test
52919,test
69868,test
64217,test
20540,test
45792,test
62590,test
18696,test
21915,test
29414,test
20675,test
56726,test
24299,test
17424,test
62051,test
42260,test
6219,test
22045,test
64933,test
27125,test
10218,test
32587,test
1985,test
42832,test
6020,test
41295,test
17500,test
17415,test
9430,test
51005,test
6058,test
69237,test
32683,test
49406,test
18749,test
54254,test
36034,test
5926,test
4761,test
62327,test
66809,test
62735,test
68926,test
27184,test
68328,test
9242,test
20807,test
36472,test
61253,test
59232,test
40369,test
23332,test
12338,test
33667,test
26248,test
32565,test
46243,test
9861,test
13621,test
28963,test
67892,test
70309,test
36610,test
17016,test
39200,test
6732,test
9648,test
33086,test
61552,test
36259,test
63716,test
25199,test
26573,test
31305,test
63546,test
48271,test
47850,test
2079,test
19917,test
48586,test
49956,test
65010,test
55225,test
49586,test
1866,test
43760,test
7620,test
9629,test
4420,test
57484,test
43940,test
24004,test
20303,test
34539,test
255,test
27782,test
36330,test
18349,test
31136,test
49173,test
13600,test
30769,test
28622,test
15461,test
22033,test
36496,test
18053,test
42046,test
5795,test
39162,test
68459,test
45935,test
27995,test
30698,test
46897,test
31575,test
27166,test
29129,test
18881,test
62291,test
22766,test
59026,test
25267,test
62520,test
60253,test
21633,test
63217,test
21037,test
44448,test
50318,test
47025,test
49919,test
29544,test
30430,test
45554,test
10560,test
34666,test
15689,test
5292,test
10649,test
36843,test
55857,test
100,test
28703,test
38053,test
24685,test
68577,test
39034,test
33433,test
35463,test
61872,test
47569,test
48913,test
68077,test
34106,test
14180,test
52106,test
28436,test
11586,test
55269,test
43037,test
20822,test
24883,test
39164,test
67943,test
4008,test
19839,test
44232,test
23250,test
7841,test
51928,test
32073,test
33957,test
64920,test
50853,test
30081,test
11182,test
47321,test
1065,test
7946,test
62323,test
47225,test
3557,test
36172,test
12294,test
6824,test
53795,test
41515,test
6283,test
6501,test
19275,test
24453,test
50774,test
32575,test
1682,test
55868,test
27741,test
4109,test
60407,test
23707,test
23552,test
54045,test
12883,test
42452,test
14322,test
63930,test
60894,test
25649,test
54146,test
23648,test
23834,test
43003,test
6987,test
65667,test
60283,test
46851,test
6737,test
54732,test
51253,test
20503,test
44266,test
63363,test
45488,test
46755,test
10993,test
18003,test
28069,test
22605,test
55790,test
42523,test
14346,test
24317,test
26338,test
43319,test
52595,test
15442,test
58433,test
50479,test
46109,test
4320,test
21328,test
13702,test
39699,test
70680,test
35752,test
18827,test
51129,test
1506,test
63051,test
52340,test
62418,test
25629,test
27072,test
15815,test
34173,test
34764,test
36301,test
56974,test
47191,test
1639,test
26723,test
60628,test
49727,test
41532,test
16216,test
57865,test
70691,test
9065,test
61493,test
31939,test
31740,test
69001,test
11146,test
34242,test
68994,test
8326,test
53828,test
33201,test
56700,test
62934,test
63684,test
35971,test
65872,test
61217,test
16907,test
3737,test
54829,test
1502,test
65168,test
34765,test
24115,test
58772,test
19062,test
65122,test
66640,test
38084,test
42366,test
58009,test
25538,test
8734,test
54183,test
69096,test
14862,test
50856,test
23778,test
65476,test
58371,test
16412,test
50701,test
17993,test
15169,test
68617,test
12113,test
32057,test
58475,test
58119,test
21080,test
10405,test
19737,test
59107,test
26858,test
61448,test
6844,test
35920,test
48541,test
27286,test
70180,test
18209,test
28631,test
9324,test
50566,test
45014,test
66805,test
32642,test
19163,test
36017,test
46348,test
47678,test
24934,test
57912,test
65138,test
13385,test
23004,test
60297,test
58932,test
22083,test
42804,test
11830,test
37290,test
61777,test
65868,test
59592,test
10305,test
8511,test
20359,test
13984,test
49487,test
12764,test
17143,test
56892,test
66361,test
59150,test
12178,test
63506,test
5443,test
46745,test
41617,test
64898,test
70197,test
46731,test
25560,test
3335,test
64032,test
43388,test
45949,test
49624,test
40352,test
26155,test
7224,test
48139,test
11364,test
16678,test
67742,test
32536,test
11058,test
61126,test
21906,test
38931,test
16031,test
58709,test
32104,test
52066,test
54769,test
53424,test
10466,test
64251,test
45698,test
41776,test
60860,test
20521,test
64079,test
22524,test
68148,test
23858,test
56649,test
13507,test
23793,test
37419,test
51960,test
43498,test
4043,test
754,test
34004,test
11114,test
56668,test
39333,test
46879,test
49239,test
15246,test
16800,test
58721,test
63285,test
58594,test
13506,test
4881,test
64356,test
63706,test
68804,test
2995,test
41450,test
41221,test
11884,test
4184,test
34230,test
35773,test
65507,test
25954,test
41732,test
24571,test
66628,test
13308,test
61362,test
12140,test
41200,test
55208,test
43766,test
27054,test
21922,test
44593,test
7146,test
38852,test
31877,test
42316,test
55431,test
4514,test
23680,test
14473,test
11562,test
64658,test
65480,test
44024,test
4781,test
15139,test
58491,test
49087,test
10193,test
25015,test
16212,test
50569,test
69720,test
66796,test
12598,test
20260,test
58710,test
51630,test
39795,test
37941,test
283,test
49430,test
5560,test
51454,test
51685,test
55263,test
14449,test
27301,test
56116,test
49355,test
46846,test
51024,test
58612,test
22067,test
60643,test
40091,test
62943,test
61693,test
28203,test
33895,test
4556,test
42050,test
3481,test
2141,test
34460,test
15137,test
7040,test
54619,test
33763,test
27367,test
26462,test
40182,test
36156,test
63352,test
28371,test
51495,test
17847,test
44223,test
60306,test
28082,test
47745,test
29979,test
34627,test
17193,test
69682,test
8946,test
68474,test
24386,test
14041,test
22170,test
48993,test
69552,test
58398,test
39827,test
63890,test
38844,test
18817,test
34074,test
20871,test
25447,test
1476,test
5115,test
47810,test
4044,test
31510,test
7201,test
24030,test
7948,test
58553,test
11873,test
13994,test
2210,test
39980,test
56528,test
22336,test
44533,test
49742,test
19547,test
17109,test
24305,test
50797,test
53022,test
6654,test
9413,test
41105,test
44400,test
37763,test
64825,test
24549,test
67202,test
28198,test
45041,test
3102,test
44390,test
8428,test
2957,test
32150,test
69667,test
23851,test
12105,test
66556,test
37159,test
26849,test
35881,test
3943,test
21303,test
62353,test
20063,test
46923,test
21944,test
24672,test
20486,test
14759,test
31820,test
41258,test
34228,test
20918,test
2339,test
130,test
31443,test
44628,test
23980,test
27529,test
45302,test
2952,test
28132,test
23937,test
12139,test
27016,test
24467,test
42861,test
38902,test
19527,test
50750,test
70216,test
40526,test
43630,test
6441,test
47155,test
47911,test
64564,test
37418,test
10105,test
3769,test
44855,test
62467,test
28907,test
66324,test
17569,test
35471,test
16564,test
3597,test
61784,test
8,test
45516,test
35818,test
7900,test
65573,test
46195,test
6018,test
39749,test
20488,test
62899,test
41651,test
4587,test
35038,test
68296,test
44651,test
37436,test
7097,test
63677,test
40973,test
42413,test
20362,test
50375,test
54437,test
25479,test
9436,test
26393,test
65724,test
61082,test
27497,test
9209,test
32860,test
68520,test
22227,test
24920,test
50074,test
53525,test
18655,test
28151,test
59258,test
45387,test
16119,test
51690,test
6290,test
15395,test
27941,test
1152,test
38680,test
25895,test
48582,test
20617,test
66412,test
456,test
30545,test
20827,test
55554,test
27145,test
36317,test
66586,test
50828,test
46090,test
40037,test
4712,test
23185,test
35612,test
21571,test
23688,test
22569,test
20367,test
48425,test
18976,test
15342,test
21928,test
59510,test
15684,test
17636,test
34213,test
23914,test
16268,test
28842,test
11327,test
62881,test
4386,test
34960,test
67066,test
48284,test
27739,test
25604,test
51092,test
19476,test
35581,test
36214,test
36111,test
5528,test
62555,test
37858,test
4667,test
64706,test
38412,test
1138,test
37168,test
64274,test
45092,test
10585,test
4101,test
69614,test
39931,test
45667,test
46965,test
9754,test
1839,test
53064,test
24795,test
40002,test
7137,test
63768,test
22598,test
62874,test
67895,test
57881,test
26205,test
54104,test
41015,test
45110,test
19920,test
48228,test
33530,test
8674,test
54724,test
23015,test
67969,test
38727,test
51861,test
49521,test
31182,test
41120,test
40161,test
46750,test
32908,test
57975,test
23210,test
15985,test
17471,test
8661,test
57746,test
58498,test
17631,test
62155,test
8479,test
37036,test
39779,test
27427,test
11139,test
30886,test
23575,test
52594,test
15539,test
59220,test
64264,test
46951,test
13812,test
25851,test
59454,test
7886,test
10774,test
70338,test
60020,test
18097,test
64713,test
19148,test
57959,test
66228,test
63130,test
21893,test
39930,test
37303,test
61582,test
38344,test
43977,test
67685,test
69172,test
46559,test
28609,test
6116,test
21036,test
33198,test
19399,test
48638,test
46689,test
21639,test
42124,test
147,test
4703,test
70120,test
25111,test
53310,test
46401,test
50914,test
40340,test
1542,test
42675,test
26239,test
61408,test
33109,test
33046,test
59967,test
33838,test
19058,test
68473,test
23489,test
43996,test
62492,test
32184,test
2574,test
25281,test
61192,test
7955,test
16009,test
65828,test
21233,test
48469,test
7718,test
14533,test
7603,test
28086,test
67201,test
20758,test
58115,test
49661,test
284,test
16012,test
55169,test
41047,test
60157,test
33034,test
16634,test
2553,test
18114,test
42722,test
57213,test
53444,test
59409,test
63342,test
20175,test
28794,test
9260,test
11231,test
50882,test
26268,test
27996,test
58507,test
48888,test
9322,test
51544,test
66560,test
9396,test
25574,test
9327,test
29039,test
664,test
50030,test
66925,test
36517,test
32376,test
62527,test
10667,test
18176,test
16588,test
65300,test
14065,test
6797,test
32996,test
14873,test
45602,test
33181,test
30799,test
20150,test
24517,test
33931,test
10686,test
53762,test
70462,test
11380,test
42539,test
68095,test
57974,test
16264,test
36021,test
27333,test
19744,test
39849,test
50938,test
14174,test
47509,test
16279,test
8693,test
15580,test
9971,test
13109,test
61237,test
628,test
33611,test
12613,test
12532,test
11181,test
17328,test
43922,test
1957,test
56511,test
24526,test
33729,test
35625,test
51567,test
63518,test
49316,test
17647,test
28878,test
66613,test
20893,test
25524,test
1395,test
37085,test
22903,test
69060,test
69751,test
57342,test
68239,test
245,test
66348,test
11311,test
14631,test
64135,test
64510,test
50557,test
64101,test
1637,test
7681,test
51016,test
68854,test
59146,test
44717,test
18395,test
50824,test
2266,test
67575,test
10511,test
20605,test
38038,test
30762,test
40023,test
18289,test
23510,test
35426,test
67404,test
35914,test
38651,test
41769,test
4321,test
31252,test
33249,test
53607,test
30080,test
43546,test
35005,test
11700,test
70645,test
65710,test
34170,test
25432,test
19849,test
56708,test
36707,test
56156,test
353,test
38219,test
26543,test
57464,test
54562,test
21091,test
32931,test
69010,test
34861,test
69697,test
62346,test
41276,test
41386,test
48098,test
68429,test
7524,test
45,test
26333,test
51696,test
21202,test
46799,test
7480,test
37784,test
8403,test
54871,test
46219,test
44503,test
26192,test
39189,test
59596,test
48062,test
38694,test
44909,test
6704,test
59040,test
12984,test
40303,test
16461,test
52734,test
3880,test
68861,test
46783,test
12433,test
61617,test
874,test
66300,test
62439,test
14558,test
68587,test
9448,test
46012,test
68526,test
60641,test
52949,test
69124,test
26759,test
46540,test
12324,test
43620,test
11765,test
8505,test
46018,test
41812,test
65751,test
55325,test
37607,test
64366,test
57882,test
60044,test
69072,test
55182,test
17976,test
69735,test
55109,test
49240,test
8945,test
56871,test
25139,test
43327,test
68812,test
37963,test
18230,test
47896,test
60223,test
70654,test
54614,test
36565,test
3451,test
6182,test
62620,test
22046,test
40610,test
45895,test
15673,test
56887,test
3816,test
24774,test
31759,test
43701,test
60902,test
50687,test
18580,test
68291,test
20537,test
60169,test
9194,test
8632,test
64520,test
20077,test
63882,test
65462,test
36506,test
10134,test
36031,test
13313,test
52123,test
23957,test
39253,test
60010,test
33552,test
10332,test
32723,test
50183,test
68601,test
58197,test
13383,test
69130,test
23227,test
30783,test
45612,test
50105,test
8902,test
64984,test
20788,test
30786,test
65720,test
47606,test
8253,test
10590,test
825,test
60596,test
55489,test
18264,test
63538,test
55139,test
43202,test
18751,test
46288,test
38584,test
2789,test
60675,test
7434,test
20174,test
23584,test
53465,test
64131,test
22622,test
12748,test
3320,test
62183,test
51579,test
5959,test
60993,test
58102,test
56942,test
24209,test
70494,test
44092,test
7762,test
66920,test
9340,test
18825,test
46458,test
7521,test
14361,test
33231,test
39084,test
15073,test
34964,test
62184,test
7788,test
26722,test
27278,test
62851,test
54418,test
29089,test
36225,test
41745,test
27639,test
61762,test
59696,test
55163,test
37372,test
49673,test
57379,test
61163,test
54432,test
5122,test
52486,test
46741,test
56580,test
66132,test
40641,test
25899,test
53073,test
32282,test
11940,test
48334,test
32171,test
49382,test
70584,test
41442,test
39792,test
44175,test
56833,test
13239,test
10638,test
66340,test
64252,test
10282,test
16910,test
12536,test
67195,test
61414,test
10232,test
24778,test
40837,test
12476,test
50955,test
56750,test
21678,test
47131,test
33861,test
52670,test
25171,test
39765,test
20545,test
49638,test
28572,test
64159,test
63406,test
67317,test
4517,test
12035,test
37817,test
49935,test
68558,test
5373,test
48264,test
66404,test
21743,test
19006,test
22892,test
11492,test
42095,test
59280,test
41681,test
49574,test
61613,test
1699,test
14903,test
2439,test
5131,test
32277,test
22311,test
6079,test
61612,test
60226,test
25142,test
57455,test
3694,test
1567,test
19743,test
29699,test
48670,test
56847,test
50908,test
46237,test
16171,test
43151,test
4304,test
24027,test
31455,test
9133,test
52724,test
3653,test
27493,test
5103,test
14863,test
17679,test
15222,test
65554,test
42879,test
4070,test
48196,test
1914,test
30812,test
52613,test
68161,test
19401,test
43353,test
56345,test
56110,test
39318,test
2731,test
14920,test
67732,test
58798,test
14418,test
61522,test
27467,test
36659,test
3179,test
33992,test
42590,test
48879,test
17686,test
26757,test
43531,test
60219,test
39752,test
39993,test
57027,test
10607,test
17821,test
11536,test
14919,test
35148,test
67903,test
28538,test
58660,test
9981,test
23919,test
33197,test
6726,test
66942,test
8614,test
42053,test
20197,test
21133,test
67506,test
25245,test
42842,test
25933,test
51767,test
61686,test
16544,test
57791,test
19981,test
4058,test
16494,test
1029,test
48998,test
54014,test
33637,test
859,test
40435,test
25754,test
9745,test
56666,test
15825,test
49544,test
56428,test
47454,test
69349,test
20999,test
13917,test
37483,test
59820,test
54904,test
15446,test
55024,test
44065,test
25153,test
68151,test
43439,test
30209,test
33699,test
4555,test
14727,test
66903,test
37246,test
65478,test
56052,test
20331,test
63179,test
61870,test
33690,test
23892,test
66924,test
24472,test
21489,test
35121,test
25698,test
44473,test
7676,test
24449,test
37908,test
12204,test
65804,test
51700,test
54062,test
29776,test
56544,test
44446,test
53622,test
20111,test
56971,test
22961,test
28607,test
31585,test
18355,test
1539,test
49059,test
64697,test
6050,test
28026,test
10699,test
61281,test
38153,test
14565,test
29927,test
15209,test
3478,test
48947,test
28815,test
7386,test
30826,test
13825,test
38999,test
61116,test
14500,test
40481,test
64331,test
63720,test
26845,test
2307,test
58084,test
23613,test
58664,test
14044,test
1611,test
21840,test
16375,test
2117,test
8684,test
40739,test
18724,test
31298,test
55240,test
43777,test
60716,test
5080,test
37792,test
35936,test
67140,test
46324,test
31832,test
12787,test
9496,test
54743,test
37752,test
52098,test
9612,test
11462,test
27026,test
28880,test
68722,test
62872,test
44670,test
50080,test
68630,test
38799,test
9708,test
68652,test
29056,test
9018,test
38028,test
54449,test
2531,test
66047,test
39650,test
52348,test
19109,test
4481,test
17182,test
39633,test
22309,test
57635,test
19061,test
13418,test
59492,test
68136,test
50580,test
587,test
6383,test
36380,test
10849,test
9228,test
24584,test
16789,test
41342,test
25772,test
65209,test
48835,test
29112,test
50598,test
34262,test
53508,test
57573,test
17389,test
17931,test
67316,test
52204,test
65135,test
26939,test
8444,test
52488,test
20132,test
39364,test
45565,test
41523,test
11743,test
31570,test
50877,test
2843,test
57595,test
68650,test
46979,test
34503,test
55563,test
66830,test
10048,test
471,test
25309,test
21177,test
6109,test
68955,test
26547,test
48104,test
52295,test
21353,test
13970,test
62659,test
20057,test
13516,test
41023,test
50714,test
27465,test
2359,test
66517,test
327,test
3230,test
65157,test
10963,test
37654,test
30735,test
41225,test
2041,test
68194,test
10038,test
32494,test
35839,test
16039,test
33184,test
1782,test
54141,test
44591,test
27337,test
38904,test
41590,test
70382,test
4166,test
33113,test
64493,test
27998,test
57278,test
51307,test
45950,test
51439,test
68729,test
56741,test
68839,test
14622,test
48394,test
43365,test
62678,test
66959,test
1411,test
4484,test
55738,test
5779,test
31143,test
28457,test
43413,test
68068,test
11596,test
14811,test
58706,test
54176,test
68354,test
66835,test
5219,test
22109,test
28848,test
33922,test
70094,test
4121,test
19824,test
51050,test
45275,test
51211,test
63850,test
65693,test
6894,test
18387,test
43350,test
33403,test
6852,test
55974,test
42510,test
21104,test
10614,test
18806,test
5707,test
40204,test
67230,test
16698,test
30618,test
54420,test
31835,test
9566,test
38622,test
22327,test
6998,test
5208,test
57205,test
51421,test
49811,test
28428,test
19809,test
35931,test
23251,test
58367,test
45763,test
68755,test
15202,test
46995,test
30093,test
34308,test
53308,test
46384,test
48961,test
37398,test
50695,test
7642,test
35177,test
40534,test
44904,test
4333,test
1565,test
36475,test
53581,test
9028,test
3412,test
1314,test
40828,test
32123,test
13625,test
27655,test
32784,test
11767,test
20,test
52084,test
51443,test
22044,test
18989,test
12900,test
9924,test
66859,test
32468,test
23685,test
1667,test
61477,test
3633,test
58586,test
23873,test
34258,test
9210,test
43184,test
70373,test
24059,test
61923,test
34786,test
26014,test
39928,test
41144,test
38323,test
44806,test
65208,test
57803,test
44330,test
2466,test
63715,test
55942,test
26940,test
30541,test
63852,test
50860,test
31579,test
37663,test
20007,test
2434,test
24412,test
12402,test
18853,test
20501,test
526,test
64905,test
2035,test
55610,test
53448,test
31274,test
7787,test
13929,test
58972,test
36931,test
18116,test
46176,test
39229,test
42948,test
20619,test
67852,test
41470,test
44618,test
6258,test
23360,test
31842,test
58060,test
12733,test
4812,test
36766,test
2929,test
60274,test
18198,test
10275,test
67853,test
65475,test
26149,test
34732,test
3834,test
47728,test
64258,test
615,test
39947,test
37644,test
43259,test
52900,test
26053,test
63844,test
45256,test
65600,test
32962,test
29288,test
39420,test
15060,test
26282,test
58668,test
5743,test
46634,test
1350,test
65269,test
37431,test
41191,test
14389,test
15316,test
9422,test
46926,test
67593,test
51706,test
16920,test
56706,test
51375,test
13297,test
25821,test
19160,test
44215,test
42735,test
10401,test
31275,test
15371,test
68497,test
59181,test
40203,test
37872,test
42607,test
29402,test
34609,test
23119,test
28941,test
6373,test
68117,test
64077,test
1446,test
4401,test
18459,test
5938,test
21306,test
11224,test
55724,test
25140,test
26374,test
20028,test
6011,test
5806,test
57007,test
19499,test
7956,test
427,test
45998,test
36910,test
66398,test
18439,test
33007,test
31784,test
29393,test
23290,test
29992,test
48743,test
70608,test
17163,test
1016,test
56787,test
22897,test
6070,test
44637,test
24984,test
66507,test
57519,test
26874,test
49617,test
2444,test
48342,test
9914,test
20502,test
38287,test
21127,test
63711,test
32480,test
47971,test
54872,test
15908,test
25402,test
13684,test
67712,test
15361,test
65493,test
36832,test
66439,test
48269,test
15636,test
51091,test
45180,test
63316,test
26009,test
26969,test
65901,test
17507,test
14914,test
58855,test
47726,test
6135,test
49719,test
37671,test
38932,test
19636,test
66666,test
18936,test
67723,test
63589,test
16704,test
34784,test
69996,test
1061,test
39918,test
69587,test
55545,test
23176,test
43017,test
34457,test
32882,test
68682,test
27446,test
21155,test
42953,test
26677,test
13861,test
2512,test
38667,test
62081,test
21278,test
56305,test
62631,test
29622,test
35525,test
28376,test
20859,test
27342,test
5923,test
17093,test
40697,test
54697,test
49655,test
14902,test
987,test
50260,test
37485,test
43113,test
6632,test
70433,test
1867,test
14972,test
64045,test
52503,test
31393,test
52294,test
4765,test
52451,test
59103,test
7042,test
44481,test
20073,test
70154,test
9891,test
23287,test
18730,test
49820,test
18641,test
40975,test
34025,test
34570,test
20170,test
34358,test
20914,test
4315,test
7208,test
55758,test
70642,test
24636,test
38530,test
67383,test
8572,test
6880,test
31827,test
39376,test
9586,test
9099,test
67878,test
10806,test
64841,test
38953,test
62812,test
48656,test
67643,test
51510,test
69931,test
35811,test
69972,test
41624,test
26715,test
53587,test
28170,test
42776,test
56917,test
21473,test
42506,test
21305,test
51618,test
46677,test
39343,test
1884,test
13855,test
21515,test
30,test
60540,test
9637,test
6500,test
21533,test
44109,test
22150,test
54353,test
19796,test
59779,test
8384,test
41543,test
26371,test
63428,test
38937,test
2391,test
1829,test
22467,test
68542,test
59325,test
40633,test
44436,test
36873,test
36575,test
10031,test
9258,test
19613,test
157,test
55305,test
19185,test
47371,test
28126,test
8497,test
55911,test
18094,test
6775,test
2298,test
41620,test
43451,test
16254,test
57154,test
38291,test
44432,test
35866,test
2631,test
61214,test
48871,test
60378,test
54130,test
38189,test
17417,test
22943,test
45415,test
20224,test
14134,test
19295,test
17325,test
6172,test
40539,test
33657,test
26193,test
8948,test
23623,test
63949,test
17196,test
42122,test
48576,test
27618,test
48639,test
7193,test
70041,test
68510,test
69900,test
25990,test
37689,test
48466,test
62144,test
11305,test
64357,test
48022,test
12672,test
25937,test
23455,test
58353,test
52447,test
36957,test
31463,test
1836,test
9465,test
28157,test
2737,test
19878,test
31183,test
23821,test
70082,test
69887,test
68101,test
59626,test
39737,test
1520,test
28867,test
29246,test
33408,test
36643,test
7060,test
62069,test
9713,test
34028,test
66915,test
59754,test
56414,test
9682,test
7701,test
65570,test
30300,test
12525,test
11849,test
40428,test
62950,test
32334,test
31979,test
51221,test
3299,test
46000,test
61311,test
14874,test
4003,test
35712,test
60112,test
39921,test
17300,test
46443,test
4115,test
31419,test
13036,test
13171,test
37613,test
52191,test
65324,test
46130,test
13808,test
36969,test
19485,test
43044,test
29945,test
59616,test
60755,test
1443,test
52647,test
55748,test
28091,test
56899,test
59038,test
22676,test
20575,test
53511,test
3364,test
13189,test
41990,test
13534,test
308,test
18123,test
6526,test
66093,test
2347,test
19625,test
32952,test
40194,test
33482,test
50036,test
52316,test
54775,test
12641,test
70630,test
16327,test
27954,test
56705,test
47467,test
54818,test
15292,test
68545,test
19572,test
61545,test
34585,test
35855,test
13674,test
34812,test
769,test
67578,test
4210,test
55453,test
5193,test
51982,test
67133,test
32610,test
63586,test
7397,test
42753,test
38540,test
22312,test
14287,test
2239,test
40658,test
31388,test
57624,test
48734,test
18445,test
29578,test
36043,test
26878,test
55990,test
1712,test
64262,test
29004,test
22971,test
54535,test
33001,test
19612,test
1055,test
65681,test
22672,test
2281,test
6250,test
5166,test
27133,test
45382,test
20450,test
21071,test
62021,test
58882,test
33416,test
11867,test
60566,test
19200,test
29632,test
55006,test
30654,test
26460,test
36582,test
70416,test
16509,test
65074,test
676,test
61558,test
31719,test
16669,test
3017,test
37548,test
11324,test
58047,test
63630,test
44272,test
22759,test
1431,test
15799,test
46038,test
18504,test
15017,test
24070,test
14916,test
30845,test
42765,test
17145,test
25207,test
66410,test
35297,test
11287,test
59312,test
10139,test
70559,test
13633,test
26942,test
15315,test
1271,test
66487,test
42358,test
17652,test
7377,test
15003,test
59420,test
66810,test
52199,test
59049,test
54190,test
15231,test
33490,test
56107,test
54207,test
44442,test
56964,test
17162,test
55695,test
38927,test
25706,test
55028,test
57113,test
63954,test
56657,test
45695,test
26490,test
30056,test
68700,test
15306,test
22591,test
24998,test
15891,test
66881,test
70142,test
156,test
22535,test
12534,test
31673,test
30068,test
13289,test
38692,test
6832,test
24847,test
16443,test
69301,test
50157,test
23578,test
36844,test
17395,test
35557,test
58355,test
33706,test
41803,test
6901,test
22099,test
23274,test
40180,test
3223,test
34013,test
61989,test
11504,test
43744,test
27644,test
58190,test
10247,test
14969,test
60549,test
63110,test
8432,test
55844,test
40267,test
2887,test
26873,test
15706,test
59729,test
12252,test
46192,test
59202,test
55684,test
44426,test
23528,test
45297,test
30053,test
51133,test
9169,test
5990,test
45712,test
17422,test
2086,test
19924,test
11207,test
25355,test
7450,test
5221,test
13179,test
1814,test
63114,test
62763,test
69495,test
8279,test
58388,test
25308,test
33731,test
33299,test
60295,test
17650,test
30978,test
18072,test
31778,test
15171,test
9881,test
34141,test
61403,test
36016,test
22159,test
49226,test
12185,test
30756,test
29148,test
21917,test
2397,test
67941,test
64183,test
66841,test
42882,test
47854,test
50265,test
2464,test
25561,test
31345,test
34172,test
60080,test
14974,test
4078,test
64426,test
17588,test
1067,test
11171,test
2993,test
1047,test
16809,test
22995,test
42259,test
48427,test
28746,test
69123,test
63737,test
52425,test
20653,test
68989,test
6300,test
12191,test
5419,test
63987,test
23755,test
55126,test
64126,test
23298,test
35761,test
33499,test
45033,test
42169,test
19604,test
8281,test
229,test
2269,test
33815,test
14620,test
12589,test
54847,test
58137,test
12415,test
25117,test
49500,test
43580,test
38586,test
47421,test
1215,test
41768,test
58063,test
58240,test
35135,test
21302,test
70340,test
58739,test
50976,test
2261,test
8764,test
51424,test
53825,test
64033,test
12737,test
40854,test
905,test
45085,test
2062,test
51311,test
43737,test
29299,test
3229,test
24442,test
30601,test
47816,test
35744,test
62044,test
40025,test
10814,test
68865,test
64404,test
8194,test
38836,test
15454,test
38895,test
13001,test
19874,test
44021,test
16367,test
50166,test
13491,test
39878,test
39149,test
40583,test
33292,test
35633,test
50519,test
9872,test
44224,test
733,test
57618,test
49585,test
67533,test
19582,test
21939,test
40542,test
15245,test
14190,test
69947,test
41667,test
51230,test
50526,test
35543,test
20204,test
23268,test
34872,test
28174,test
20971,test
18491,test
16960,test
88,test
41378,test
29209,test
63672,test
19094,test
36360,test
28410,test
16671,test
58343,test
61365,test
64701,test
56593,test
63782,test
19209,test
40331,test
15232,test
281,test
12471,test
25094,test
7442,test
16365,test
6762,test
52545,test
29481,test
64720,test
2315,test
46952,test
19673,test
15151,test
7983,test
50480,test
44022,test
37357,test
24639,test
46885,test
31236,test
32136,test
35740,test
53204,test
17112,test
12240,test
65398,test
67861,test
41978,test
62770,test
36947,test
55239,test
33501,test
38605,test
59399,test
47048,test
40820,test
10630,test
32090,test
61677,test
18364,test
56008,test
29519,test
61293,test
41859,test
6388,test
23875,test
1627,test
6643,test
4338,test
11489,test
51923,test
40238,test
26340,test
36763,test
44042,test
13551,test
56326,test
59212,test
58676,test
5269,test
52754,test
31285,test
50034,test
2688,test
4435,test
8111,test
3287,test
40632,test
8857,test
46426,test
9269,test
18949,test
70226,test
48091,test
63476,test
52313,test
39187,test
52396,test
21057,test
10895,test
50308,test
13033,test
67379,test
20825,test
36101,test
27414,test
13472,test
23692,test
19775,test
42388,test
15710,test
14000,test
25349,test
15460,test
1290,test
2535,test
16594,test
24715,test
47169,test
19277,test
42640,test
64035,test
6393,test
25552,test
62880,test
42381,test
60907,test
43690,test
4808,test
6538,test
52379,test
25338,test
44844,test
50643,test
29240,test
23215,test
37596,test
18570,test
65457,test
53356,test
27617,test
63552,test
3844,test
53532,test
26801,test
49558,test
70601,test
10189,test
36105,test
26709,test
62558,test
46169,test
56021,test
38804,test
11225,test
39073,test
10146,test
67072,test
33587,test
49777,test
13420,test
38274,test
5264,test
41278,test
33692,test
16381,test
33319,test
15366,test
5128,test
22156,test
31664,test
1119,test
7652,test
17378,test
43504,test
68005,test
35522,test
55667,test
14568,test
25505,test
37786,test
25601,test
5760,test
6042,test
38212,test
57687,test
10494,test
49776,test
46411,test
48375,test
39248,test
10203,test
43632,test
33526,test
28370,test
44006,test
21704,test
26891,test
57859,test
49694,test
25813,test
4465,test
4319,test
68739,test
47886,test
28464,test
54193,test
33069,test
13847,test
64114,test
34283,test
13693,test
42921,test
3515,test
1390,test
30422,test
30262,test
18805,test
55613,test
66719,test
16636,test
11894,test
24485,test
4980,test
46231,test
33023,test
31072,test
11358,test
8605,test
52581,test
1590,test
37379,test
27630,test
40059,test
9862,test
42995,test
49229,test
57728,test
8678,test
32421,test
62515,test
20230,test
27256,test
42160,test
9415,test
50962,test
1535,test
39693,test
28951,test
63484,test
17174,test
7369,test
11227,test
20802,test
10844,test
16820,test
19141,test
2488,test
66788,test
12381,test
62120,test
9409,test
2951,test
35844,test
11155,test
47994,test
40373,test
15987,test
34101,test
41940,test
53086,test
37987,test
11465,test
47062,test
22562,test
24064,test
4981,test
54611,test
43554,test
48556,test
45915,test
6717,test
24282,test
32796,test
30581,test
16977,test
69736,test
34125,test
13949,test
70270,test
17932,test
36124,test
58510,test
17615,test
28015,test
8256,test
50369,test
56478,test
7354,test
55288,test
35992,test
63561,test
21088,test
19190,test
9063,test
57189,test
48329,test
36442,test
28340,test
5896,test
35690,test
37834,test
36567,test
6687,test
5784,test
5009,test
30784,test
55850,test
53764,test
17321,test
65137,test
55216,test
50554,test
16620,test
1015,test
64385,test
59277,test
39738,test
45628,test
31288,test
41568,test
23074,test
69063,test
50830,test
41403,test
24967,test
50924,test
60400,test
46580,test
54340,test
61009,test
41970,test
8364,test
24476,test
23041,test
3609,test
2119,test
42503,test
61211,test
13306,test
39555,test
30710,test
12549,test
13663,test
67851,test
5299,test
45208,test
29717,test
46595,test
12005,test
3545,test
50303,test
30557,test
36150,test
10513,test
26726,test
14206,test
660,test
29834,test
61190,test
33619,test
43741,test
24249,test
30375,test
12025,test
27965,test
27565,test
54976,test
62807,test
46451,test
64733,test
25577,test
42813,test
40348,test
48227,test
62200,test
49594,test
15401,test
67790,test
9588,test
59485,test
32989,test
17567,test
47628,test
19443,test
3271,test
29573,test
65948,test
43948,test
62388,test
47357,test
34407,test
7276,test
43300,test
21258,test
4439,test
35530,test
41494,test
31037,test
41802,test
59243,test
35276,test
40015,test
5988,test
11956,test
38816,test
6502,test
1813,test
5845,test
63692,test
5059,test
31469,test
36449,test
3598,test
34402,test
46355,test
53592,test
45543,test
67831,test
491,test
5518,test
53821,test
6392,test
27243,test
52401,test
16080,test
22597,test
21454,test
54028,test
5738,test
70023,test
39184,test
45663,test
64102,test
49259,test
68172,test
24752,test
60412,test
51801,test
44833,test
69644,test
61956,test
5279,test
43009,test
35039,test
47096,test
11258,test
21967,test
70105,test
5755,test
25602,test
65598,test
29764,test
37044,test
20574,test
36384,test
56481,test
46685,test
10639,test
31743,test
21936,test
12361,test
52651,test
55455,test
3176,test
11783,test
58515,test
70667,test
43165,test
55884,test
52440,test
43453,test
45496,test
37900,test
56190,test
67502,test
64375,test
58525,test
60475,test
21666,test
43517,test
40210,test
52775,test
69049,test
51427,test
15861,test
46336,test
15971,test
15662,test
55509,test
62141,test
67674,test
50267,test
36629,test
6004,test
37369,test
58571,test
19976,test
45098,test
9283,test
59717,test
17044,test
37039,test
25350,test
64158,test
29597,test
37374,test
20874,test
18043,test
18813,test
50850,test
32307,test
60494,test
7491,test
41049,test
44588,test
21292,test
35890,test
6089,test
18928,test
32187,test
9277,test
66721,test
42404,test
27495,test
43417,test
4337,test
8709,test
65176,test
41006,test
46770,test
23231,test
12055,test
17414,test
7327,test
16460,test
40250,test
56859,test
18519,test
13327,test
60388,test
29455,test
24682,test
69806,test
59537,test
62437,test
31377,test
8758,test
21780,test
26598,test
67889,test
63057,test
62614,test
48496,test
59996,test
41043,test
41765,test
25617,test
37000,test
51660,test
56343,test
8895,test
10020,test
68333,test
36938,test
8761,test
46027,test
43436,test
36952,test
6757,test
34650,test
32577,test
35895,test
31703,test
43209,test
50923,test
49458,test
50645,test
23641,test
20558,test
32919,test
53463,test
62612,test
31344,test
36427,test
66111,test
15130,test
1455,test
48149,test
17404,test
5302,test
3280,test
54247,test
7519,test
52101,test
14799,test
21017,test
43980,test
20840,test
36004,test
27284,test
65965,test
69473,test
52017,test
33452,test
67527,test
53761,test
65357,test
70071,test
64311,test
7284,test
46709,test
25369,test
70065,test
9638,test
62802,test
21684,test
41285,test
61817,test
26388,test
48927,test
62050,test
3551,test
16661,test
57445,test
58669,test
68142,test
2629,test
25569,test
15855,test
24947,test
57699,test
23759,test
41798,test
52408,test
2721,test
3540,test
41999,test
52943,test
23063,test
11807,test
64004,test
32265,test
11429,test
58445,test
64003,test
28384,test
65082,test
383,test
713,test
558,test
46563,test
22326,test
40914,test
46769,test
41464,test
58200,test
11086,test
46670,test
38774,test
16435,test
15418,test
44567,test
28745,test
68076,test
40744,test
16976,test
42020,test
3079,test
8717,test
37203,test
56522,test
41126,test
63231,test
29773,test
3591,test
15532,test
48959,test
42727,test
2224,test
34224,test
11032,test
42864,test
32901,test
57759,test
64499,test
68281,test
31867,test
21377,test
24388,test
36795,test
66519,test
54938,test
8825,test
41954,test
46484,test
48349,test
12931,test
66671,test
34777,test
5403,test
48981,test
42584,test
45576,test
2594,test
61363,test
21442,test
27535,test
62375,test
15998,test
16994,test
24491,test
64316,test
70060,test
30731,test
42060,test
13888,test
50614,test
20949,test
1380,test
45130,test
59134,test
9932,test
49844,test
46588,test
22146,test
51638,test
52735,test
4472,test
65205,test
15040,test
21453,test
7138,test
16061,test
23171,test
7822,test
21491,test
63249,test
32733,test
47438,test
67729,test
47261,test
27192,test
15057,test
69563,test
30979,test
19280,test
5000,test
57144,test
38546,test
13037,test
54553,test
42942,test
62387,test
62551,test
70381,test
54319,test
36335,test
24281,test
22548,test
18969,test
23605,test
29931,test
67227,test
2527,test
379,test
13143,test
52050,test
8452,test
57667,test
68457,test
11630,test
54757,test
52232,test
57101,test
63701,test
53635,test
47840,test
26070,test
52489,test
34790,test
35801,test
42081,test
1610,test
12541,test
68752,test
69959,test
47761,test
47292,test
52332,test
56046,test
60152,test
10348,test
1859,test
19023,test
19871,test
11961,test
61776,test
7093,test
9331,test
17574,test
9962,test
59785,test
37172,test
3624,test
55313,test
2603,test
19769,test
62124,test
9262,test
61789,test
47377,test
47672,test
29159,test
13063,test
3423,test
66703,test
49517,test
7769,test
43927,test
33558,test
11972,test
38991,test
32140,test
64141,test
9898,test
31166,test
37291,test
48739,test
47047,test
14271,test
41826,test
6008,test
9983,test
40859,test
48533,test
42515,test
48443,test
64379,test
34466,test
128,test
56199,test
45656,test
33871,test
27736,test
28511,test
59891,test
23122,test
49662,test
48158,test
69817,test
53851,test
64860,test
41304,test
27051,test
11936,test
8646,test
23207,test
49516,test
57579,test
39973,test
19908,test
58439,test
49474,test
6025,test
30983,test
69961,test
19721,test
64638,test
59753,test
8878,test
36831,test
22097,test
21602,test
31791,test
50863,test
32586,test
27441,test
48812,test
46966,test
30550,test
66176,test
61680,test
57556,test
63153,test
15843,test
16447,test
34795,test
14524,test
54007,test
60886,test
21498,test
41748,test
22620,test
26571,test
65241,test
11457,test
38244,test
2599,test
17322,test
9646,test
60704,test
39193,test
54120,test
60662,test
12194,test
57391,test
63563,test
35737,test
3015,test
64412,test
6973,test
39171,test
1396,test
5062,test
15975,test
50991,test
7309,test
15068,test
66811,test
64726,test
56520,test
69836,test
68390,test
24051,test
27048,test
41889,test
48468,test
38795,test
24082,test
12479,test
62154,test
69395,test
70242,test
43454,test
16037,test
69227,test
52978,test
66510,test
55845,test
67846,test
45746,test
43066,test
69081,test
96,test
37099,test
21913,test
44924,test
35045,test
25261,test
37184,test
27985,test
6969,test
43249,test
7295,test
34000,test
37417,test
36062,test
30560,test
51719,test
14897,test
66114,test
54275,test
28136,test
23954,test
18718,test
70625,test
26626,test
54546,test
14204,test
32730,test
3376,test
19490,test
55881,test
12694,test
18237,test
62710,test
67795,test
39688,test
21259,test
48987,test
67713,test
1616,test
62526,test
1774,test
39240,test
19329,test
29316,test
15824,test
55039,test
28780,test
29313,test
27642,test
51632,test
3462,test
25655,test
45260,test
65568,test
24853,test
6086,test
67671,test
42553,test
47565,test
49074,test
64602,test
3818,test
46734,test
2469,test
41518,test
47231,test
63842,test
37032,test
45433,test
37448,test
48280,test
28664,test
11746,test
29575,test
18711,test
54210,test
43201,test
27339,test
6628,test
36955,test
51990,test
42398,test
55880,test
13742,test
13957,test
5362,test
20163,test
50001,test
28989,test
22307,test
25403,test
66258,test
37924,test
41727,test
18232,test
9333,test
1043,test
7976,test
8132,test
12827,test
69282,test
10740,test
50559,test
48376,test
33599,test
49476,test
54587,test
30658,test
54685,test
11675,test
5706,test
22434,test
51193,test
8030,test
39175,test
22768,test
1295,test
19007,test
33015,test
23334,test
3674,test
5267,test
20609,test
67415,test
5515,test
35437,test
28256,test
24566,test
21067,test
25890,test
16309,test
8466,test
13490,test
68885,test
45026,test
49701,test
19369,test
65947,test
63952,test
36604,test
45952,test
17264,test
57225,test
33423,test
25586,test
20760,test
50631,test
43128,test
43167,test
45718,test
52945,test
64630,test
21693,test
7829,test
12393,test
59847,test
29330,test
67394,test
1994,test
16364,test
51164,test
50496,test
36749,test
48596,test
12375,test
43975,test
53099,test
497,test
61988,test
9803,test
36158,test
58938,test
52704,test
4562,test
28682,test
29943,test
16952,test
70401,test
17672,test
25612,test
67972,test
56903,test
48799,test
50164,test
56740,test
56922,test
20972,test
38856,test
59372,test
68412,test
44012,test
62817,test
47799,test
36779,test
28208,test
710,test
20629,test
27322,test
25189,test
34981,test
30908,test
7302,test
40049,test
39808,test
64983,test
2933,test
22498,test
32218,test
40160,test
64473,test
22402,test
50739,test
50159,test
32003,test
47520,test
64610,test
50978,test
70173,test
48941,test
33125,test
47343,test
33769,test
5440,test
10406,test
20330,test
63381,test
12430,test
58362,test
12110,test
15325,test
1888,test
26945,test
6402,test
55774,test
29277,test
1961,test
11283,test
36760,test
70182,test
43401,test
39096,test
52165,test
11414,test
20405,test
38152,test
70437,test
61695,test
17137,test
5206,test
57625,test
60387,test
34853,test
24826,test
18203,test
26265,test
31773,test
30391,test
20378,test
45327,test
49076,test
51015,test
37370,test
63988,test
58320,test
29015,test
64979,test
16927,test
13790,test
7912,test
69103,test
41804,test
36117,test
8333,test
55606,test
66732,test
28801,test
32709,test
69585,test
42580,test
40214,test
58703,test
48539,test
17878,test
55926,test
18177,test
39269,test
59831,test
1805,test
43352,test
14836,test
540,test
26006,test
42351,test
27212,test
38619,test
67684,test
6601,test
12968,test
50013,test
59687,test
29841,test
38129,test
37082,test
44050,test
40476,test
14670,test
14030,test
31987,test
43560,test
30175,test
69952,test
52039,test
51488,test
60194,test
57656,test
39030,test
52071,test
20725,test
22706,test
2379,test
34622,test
20281,test
10256,test
50014,test
34522,test
9229,test
38085,test
4589,test
63098,test
1827,test
25976,test
18823,test
44146,test
6480,test
31021,test
12039,test
36613,test
33454,test
41467,test
3760,test
41,test
41738,test
52029,test
5343,test
58804,test
38025,test
42288,test
832,test
5076,test
44881,test
35104,test
11188,test
23407,test
45109,test
16084,test
22153,test
60732,test
70372,test
18347,test
26682,test
51718,test
63163,test
48825,test
271,test
22358,test
25244,test
20135,test
67016,test
7029,test
18251,test
287,test
343,test
49496,test
36742,test
69318,test
13936,test
30293,test
21395,test
54218,test
4302,test
39549,test
50429,test
15459,test
22582,test
28337,test
27699,test
52469,test
47832,test
62841,test
19012,test
52838,test
34191,test
57482,test
23580,test
61850,test
38536,test
35505,test
21487,test
43523,test
23067,test
11794,test
2509,test
23443,test
1109,test
30810,test
19907,test
197,test
1988,test
35886,test
26621,test
56854,test
32492,test
59590,test
52419,test
29683,test
42709,test
27625,test
44500,test
12548,test
50009,test
49782,test
70589,test
25755,test
51404,test
27146,test
34675,test
68842,test
19531,test
60161,test
62529,test
57412,test
14752,test
28582,test
41734,test
65120,test
65169,test
59602,test
30950,test
46089,test
2836,test
42749,test
52400,test
10930,test
34012,test
27242,test
16274,test
39308,test
43035,test
67255,test
25434,test
45358,test
58512,test
2815,test
69396,test
56604,test
7238,test
39905,test
38249,test
38611,test
26065,test
58095,test
28244,test
23795,test
67281,test
56881,test
60576,test
15157,test
348,test
51406,test
12803,test
40295,test
43678,test
11183,test
20448,test
994,test
66157,test
10857,test
41723,test
56202,test
4171,test
34470,test
6604,test
870,test
60625,test
41606,test
21176,test
7262,test
28931,test
49733,test
37925,test
24899,test
34329,test
22051,test
10843,test
18799,test
17605,test
17720,test
66365,test
66528,test
44919,test
13547,test
41479,test
40318,test
67165,test
28045,test
54703,test
19639,test
37389,test
21035,test
25093,test
4699,test
25734,test
53476,test
60741,test
39758,test
6664,test
15435,test
41273,test
47688,test
45739,test
56560,test
68998,test
54162,test
36194,test
58636,test
28231,test
49497,test
27269,test
24260,test
59634,test
40008,test
45339,test
46409,test
11375,test
32267,test
36438,test
49260,test
59650,test
55488,test
35291,test
70531,test
57386,test
41417,test
26998,test
67017,test
25135,test
18341,test
69355,test
20977,test
981,test
21626,test
15268,test
55909,test
69839,test
15278,test
43814,test
12948,test
24997,test
49196,test
52787,test
56565,test
66241,test
66536,test
66172,test
2181,test
70250,test
45047,test
50925,test
41854,test
61813,test
19430,test
53674,test
31440,test
58598,test
63633,test
28555,test
68513,test
9616,test
19764,test
56648,test
3247,test
15677,test
31747,test
3089,test
37130,test
17459,test
51593,test
39517,test
278,test
45460,test
10322,test
45181,test
29893,test
19580,test
23266,test
263,test
18140,test
30465,test
8869,test
67800,test
22850,test
15127,test
55170,test
27213,test
61354,test
2167,test
70611,test
7293,test
25719,test
29073,test
55700,test
39611,test
6557,test
50753,test
68967,test
31568,test
20570,test
20896,test
26330,test
43256,test
39546,test
25096,test
49634,test
35944,test
22835,test
57090,test
24653,test
38005,test
36068,test
5357,test
6771,test
33738,test
39101,test
65229,test
42905,test
31012,test
70435,test
24127,test
51783,test
43218,test
64807,test
19000,test
42355,test
23303,test
48875,test
22948,test
32874,test
20714,test
40020,test
42563,test
51345,test
31681,test
70581,test
4254,test
1877,test
35750,test
9447,test
59911,test
16248,test
5228,test
54661,test
31696,test
60242,test
65364,test
63398,test
38594,test
8523,test
65007,test
54435,test
11902,test
18637,test
19530,test
61432,test
21534,test
36690,test
12143,test
29940,test
33444,test
6155,test
24081,test
18938,test
68638,test
35696,test
44396,test
44750,test
55334,test
45815,test
50277,test
22800,test
35868,test
11895,test
54962,test
35888,test
64765,test
68064,test
5471,test
26732,test
61920,test
35400,test
37633,test
34873,test
39444,test
64317,test
51304,test
25980,test
38517,test
28218,test
14531,test
12313,test
25642,test
36889,test
53321,test
49716,test
66189,test
42565,test
63382,test
36560,test
30429,test
62411,test
47557,test
880,test
46956,test
67190,test
6130,test
27926,test
66071,test
33756,test
8071,test
22169,test
20097,test
49376,test
30931,test
65331,test
30948,test
58647,test
65325,test
43918,test
49396,test
28969,test
43725,test
42347,test
9502,test
28213,test
22559,test
20577,test
22584,test
30746,test
589,test
45236,test
17921,test
27791,test
56194,test
2393,test
32042,test
2869,test
11758,test
31537,test
26705,test
15291,test
36328,test
46129,test
52190,test
41279,test
883,test
67162,test
17211,test
21435,test
23233,test
68425,test
44638,test
63801,test
9470,test
38914,test
16042,test
24798,test
10762,test
45988,test
13370,test
44972,test
25144,test
25315,test
6864,test
52669,test
34361,test
32903,test
14730,test
12103,test
17889,test
41059,test
64576,test
38545,test
40513,test
28755,test
31933,test
11502,test
38948,test
23505,test
22579,test
24198,test
62212,test
7538,test
40431,test
21342,test
7834,test
6355,test
18891,test
20649,test
38407,test
61213,test
52432,test
6818,test
19366,test
35826,test
34280,test
28431,test
30780,test
233,test
64359,test
14742,test
70469,test
28180,test
2322,test
64889,test
63549,test
49008,test
45252,test
53840,test
27492,test
25416,test
64413,test
36771,test
17529,test
51933,test
64181,test
45342,test
39825,test
65753,test
34323,test
8457,test
5522,test
40737,test
54453,test
34200,test
54474,test
28734,test
9952,test
18553,test
52299,test
46957,test
46927,test
59237,test
28993,test
8951,test
28274,test
31787,test
49681,test
62704,test
34690,test
2755,test
48308,test
48938,test
50424,test
55597,test
26578,test
70186,test
9895,test
2713,test
26092,test
25253,test
548,test
56149,test
30692,test
19361,test
51232,test
13594,test
11660,test
25531,test
55012,test
38464,test
17589,test
34201,test
8062,test
40771,test
26344,test
4137,test
30805,test
65486,test
65987,test
3960,test
52112,test
24417,test
19857,test
56138,test
62113,test
3535,test
42306,test
13172,test
38555,test
30365,test
6318,test
66233,test
29902,test
36826,test
60720,test
4450,test
32415,test
12953,test
59354,test
17908,test
14368,test
42628,test
58287,test
43606,test
6929,test
15059,test
58455,test
39129,test
43263,test
31233,test
62647,test
22682,test
57197,test
62965,test
69909,test
42751,test
12258,test
8223,test
42964,test
54314,test
66997,test
47861,test
37651,test
61760,test
2065,test
33468,test
20598,test
19511,test
28871,test
51300,test
32875,test
28760,test
1749,test
50968,test
18852,test
26322,test
16533,test
19220,test
27677,test
13643,test
25177,test
61357,test
62984,test
67306,test
13129,test
54556,test
60311,test
58872,test
26071,test
48997,test
46086,test
40611,test
42439,test
4609,test
20090,test
45632,test
49633,test
9365,test
52377,test
65631,test
23408,test
64287,test
55224,test
55529,test
39958,test
4697,test
40979,test
27323,test
13711,test
35550,test
1343,test
51734,test
4835,test
4852,test
36673,test
57378,test
36439,test
35955,test
14404,test
12862,test
13732,test
328,test
43438,test
40825,test
29734,test
5397,test
46357,test
36263,test
63156,test
47108,test
22328,test
47862,test
10942,test
39556,test
59662,test
8546,test
24340,test
4272,test
44198,test
17214,test
30263,test
41063,test
59345,test
9782,test
32161,test
59247,test
21945,test
48999,test
9948,test
55247,test
24504,test
56286,test
29217,test
5900,test
47638,test
4005,test
64360,test
49791,test
48445,test
19033,test
45284,test
56716,test
43004,test
6117,test
27536,test
37321,test
35014,test
18537,test
37528,test
10563,test
30504,test
40659,test
34839,test
43270,test
48714,test
14316,test
65416,test
5305,test
39816,test
25777,test
28765,test
49992,test
31701,test
62849,test
30842,test
63433,test
20600,test
11025,test
46903,test
7987,test
26457,test
24490,test
1020,test
24704,test
44742,test
64295,test
53186,test
406,test
51726,test
10831,test
58068,test
52459,test
45129,test
68533,test
7943,test
24094,test
190,test
53255,test
14764,test
38140,test
18608,test
48241,test
9752,test
62888,test
60376,test
6803,test
48242,test
844,test
42761,test
21347,test
1678,test
23637,test
7919,test
40284,test
62958,test
39432,test
66074,test
7830,test
19358,test
15380,test
25176,test
53425,test
39350,test
69346,test
25715,test
53490,test
67099,test
37160,test
44392,test
18964,test
25067,test
59844,test
918,test
8219,test
67373,test
47619,test
14490,test
21611,test
5664,test
109,test
63232,test
4408,test
56997,test
32225,test
24746,test
45019,test
6214,test
32542,test
55945,test
26982,test
24321,test
22915,test
42247,test
15294,test
36368,test
21555,test
1876,test
39220,test
37627,test
39348,test
4072,test
31726,test
65601,test
13014,test
30449,test
69813,test
21175,test
23660,test
33370,test
15796,test
31676,test
58539,test
52457,test
67389,test
24465,test
68153,test
37608,test
11619,test
12962,test
42679,test
67989,test
9950,test
56,test
54042,test
1453,test
64684,test
41150,test
48801,test
20578,test
60659,test
53783,test
2472,test
44798,test
39392,test
67956,test
28018,test
28690,test
31111,test
23021,test
30634,test
32394,test
58665,test
31667,test
34699,test
22526,test
10734,test
16627,test
17576,test
67258,test
3772,test
14148,test
42385,test
16134,test
51043,test
68501,test
48929,test
7970,test
14850,test
10522,test
18109,test
10110,test
1934,test
37396,test
51729,test
69899,test
66892,test
35171,test
68065,test
21232,test
52989,test
42522,test
69867,test
21624,test
30117,test
53384,test
16997,test
12282,test
10030,test
37135,test
19705,test
54072,test
36885,test
22752,test
67413,test
58793,test
25679,test
12723,test
37555,test
51370,test
57578,test
2114,test
52638,test
62037,test
42642,test
36339,test
59704,test
39462,test
30082,test
60051,test
55311,test
31665,test
40262,test
19428,test
39314,test
18664,test
155,test
64945,test
59171,test
11459,test
2374,test
63488,test
31514,test
28201,test
64498,test
9439,test
22818,test
57513,test
8956,test
42850,test
37416,test
67735,test
69719,test
59167,test
21969,test
67477,test
1013,test
235,test
43326,test
54593,test
62170,test
46953,test
22091,test
7111,test
32618,test
15934,test
37209,test
14755,test
58023,test
1726,test
64314,test
28399,test
24613,test
27845,test
4310,test
62871,test
36985,test
51381,test
50416,test
349,test
32854,test
14475,test
54648,test
63746,test
59304,test
63416,test
55356,test
3892,test
55005,test
56982,test
53266,test
17216,test
1933,test
5909,test
40449,test
50362,test
10296,test
7300,test
12791,test
47699,test
68451,test
36770,test
61054,test
24825,test
4026,test
28818,test
27531,test
4669,test
44261,test
60233,test
11409,test
53959,test
20671,test
33191,test
17594,test
4825,test
899,test
1026,test
24815,test
53842,test
47300,test
70089,test
62041,test
47809,test
64140,test
42494,test
60288,test
41460,test
8779,test
4343,test
40614,test
38782,test
62915,test
19247,test
40793,test
42285,test
57535,test
41780,test
67104,test
66,test
12109,test
8110,test
16626,test
51048,test
18292,test
52122,test
17133,test
25644,test
269,test
3052,test
17497,test
26802,test
3348,test
40884,test
24142,test
45064,test
16941,test
69977,test
41967,test
63198,test
24631,test
5046,test
27288,test
54822,test
20991,test
14866,test
11609,test
50935,test
19881,test
49404,test
12029,test
30943,test
8536,test
6432,test
5529,test
14395,test
11449,test
33242,test
16142,test
67871,test
46850,test
60804,test
57752,test
2064,test
5092,test
34553,test
68017,test
59187,test
56966,test
55196,test
7535,test
29044,test
33899,test
15634,test
57400,test
55077,test
41942,test
34449,test
39249,test
27206,test
26866,test
33859,test
35554,test
55353,test
70679,test
23820,test
55853,test
27533,test
18821,test
22799,test
67924,test
18423,test
1075,test
59825,test
21541,test
17477,test
12673,test
64696,test
31118,test
22581,test
31216,test
33721,test
68015,test
23867,test
20602,test
31991,test
24763,test
48456,test
36670,test
24351,test
46311,test
33213,test
8691,test
54714,test
8362,test
56409,test
69036,test
24109,test
70257,test
37635,test
36114,test
36421,test
44323,test
17782,test
4287,test
23110,test
19001,test
10598,test
35272,test
852,test
44302,test
20525,test
5996,test
37257,test
26637,test
10776,test
2408,test
38666,test
7065,test
14216,test
24608,test
55086,test
46972,test
18845,test
11444,test
39426,test
36568,test
43361,test
27268,test
62307,test
52868,test
9051,test
62696,test
70161,test
62910,test
46739,test
44614,test
7975,test
46072,test
17040,test
62122,test
22671,test
58773,test
1549,test
13478,test
27797,test
58188,test
23091,test
21762,test
9992,test
40241,test
34720,test
61611,test
69861,test
19146,test
17532,test
16448,test
13423,test
32231,test
61455,test
24921,test
48289,test
14678,test
41615,test
24003,test
59700,test
34915,test
14661,test
44856,test
55565,test
44439,test
6515,test
45322,test
69910,test
17401,test
25285,test
60762,test
62202,test
18083,test
56445,test
43720,test
70214,test
33498,test
1638,test
718,test
58250,test
14215,test
49418,test
39885,test
5564,test
29176,test
65896,test
25879,test
25290,test
15020,test
787,test
20249,test
33821,test
25621,test
6477,test
46832,test
38873,test
408,test
66823,test
149,test
54316,test
19517,test
14440,test
58952,test
35496,test
67143,test
56672,test
3733,test
30147,test
45306,test
5595,test
30628,test
18859,test
62058,test
19208,test
3393,test
6244,test
45467,test
29504,test
60031,test
40742,test
47472,test
62938,test
39787,test
31657,test
30411,test
6570,test
5029,test
41917,test
17975,test
37530,test
15348,test
57121,test
5676,test
12819,test
65304,test
11694,test
27906,test
45588,test
18469,test
53247,test
27352,test
57836,test
32294,test
473,test
37310,test
35835,test
31650,test
14156,test
28423,test
14217,test
31269,test
1125,test
19990,test
54996,test
24858,test
25853,test
25057,test
68035,test
4114,test
61241,test
61133,test
49001,test
49743,test
26590,test
7801,test
54773,test
40337,test
69439,test
22932,test
23203,test
3278,test
53777,test
52145,test
15865,test
61344,test
51885,test
38740,test
62685,test
6408,test
4680,test
44516,test
24565,test
32278,test
68613,test
6801,test
62370,test
16786,test
40067,test
48712,test
17600,test
1357,test
68515,test
14060,test
2460,test
62241,test
55020,test
23056,test
25657,test
17380,test
53747,test
5406,test
1007,test
12858,test
51531,test
25608,test
70426,test
58199,test
28331,test
27946,test
51699,test
25576,test
405,test
41730,test
33398,test
67461,test
54259,test
13158,test
48622,test
7236,test
46319,test
4659,test
5715,test
24102,test
65311,test
50543,test
55070,test
36919,test
64378,test
68907,test
49158,test
18443,test
17725,test
8163,test
41581,test
62250,test
20648,test
926,test
18705,test
15397,test
3919,test
37108,test
35808,test
28908,test
7971,test
70411,test
56179,test
45149,test
5376,test
59512,test
42615,test
63383,test
35238,test
22029,test
24240,test
30170,test
11679,test
61883,test
18049,test
28744,test
58263,test
42213,test
61068,test
25794,test
60211,test
20154,test
37907,test
38592,test
25666,test
3941,test
59904,test
60083,test
2068,test
58050,test
6857,test
26316,test
63096,test
30645,test
49047,test
45530,test
57465,test
19037,test
38618,test
33121,test
27668,test
69722,test
27715,test
16299,test
67259,test
28828,test
21884,test
12245,test
13208,test
37346,test
33385,test
7544,test
68419,test
17980,test
15688,test
64471,test
21314,test
59770,test
33650,test
46638,test
31983,test
44088,test
561,test
54607,test
9201,test
61382,test
53010,test
24314,test
22174,test
17802,test
16230,test
35935,test
9583,test
66041,test
41589,test
59826,test
43822,test
1231,test
66046,test
67893,test
14434,test
46589,test
62997,test
66964,test
15794,test
63628,test
48550,test
15178,test
61326,test
47540,test
50811,test
30587,test
62019,test
29723,test
51860,test
49866,test
69312,test
30857,test
19752,test
67179,test
8359,test
27561,test
68303,test
52393,test
9542,test
2060,test
58871,test
11488,test
803,test
23938,test
37279,test
32789,test
6253,test
4415,test
37972,test
63204,test
22465,test
5946,test
52475,test
65353,test
18194,test
61283,test
8038,test
52859,test
41705,test
31391,test
40643,test
17123,test
46495,test
48035,test
63600,test
58863,test
49721,test
9449,test
48482,test
22549,test
54799,test
16495,test
45515,test
32596,test
56134,test
40956,test
66460,test
51270,test
67367,test
15134,test
61018,test
34538,test
41474,test
2897,test
59422,test
15862,test
13637,test
26089,test
61836,test
70102,test
63950,test
38195,test
26332,test
17713,test
43421,test
16175,test
55781,test
7935,test
21393,test
54179,test
31727,test
37068,test
6187,test
67751,test
9029,test
9388,test
17620,test
486,test
27676,test
65966,test
30643,test
55377,test
59691,test
4200,test
58803,test
42535,test
65069,test
55121,test
24437,test
22607,test
479,test
70267,test
64816,test
11050,test
40506,test
27748,test
34343,test
46804,test
62776,test
44700,test
1000,test
18472,test
12226,test
28195,test
24247,test
69872,test
57636,test
62805,test
6679,test
32589,test
24812,test
62230,test
1613,test
47804,test
7070,test
10611,test
42529,test
66037,test
3703,test
18170,test
21802,test
34486,test
52603,test
46918,test
47570,test
49024,test
58157,test
4016,test
53534,test
42307,test
31114,test
3658,test
29782,test
58406,test
8995,test
67747,test
7905,test
14377,test
64442,test
27294,test
33533,test
66375,test
29429,test
11542,test
64907,test
46578,test
27481,test
47813,test
31390,test
10755,test
59951,test
44796,test
545,test
56850,test
4396,test
2787,test
7738,test
24307,test
62548,test
7456,test
8018,test
22081,test
65566,test
42566,test
56356,test
22861,test
35313,test
68767,test
57495,test
39764,test
39389,test
24400,test
1464,test
11232,test
62842,test
65531,test
5010,test
10263,test
34828,test
40667,test
23109,test
17781,test
6589,test
17505,test
4106,test
5400,test
38802,test
22996,test
66977,test
25653,test
42154,test
7247,test
11696,test
69637,test
30875,test
11824,test
25001,test
60651,test
30896,test
61318,test
3626,test
24741,test
70095,test
12138,test
10998,test
15189,test
37845,test
17005,test
65754,test
5802,test
62308,test
17601,test
51639,test
28651,test
15942,test
5307,test
3728,test
51830,test
18694,test
22692,test
23932,test
56469,test
26218,test
17597,test
28889,test
34672,test
1429,test
11255,test
4266,test
26214,test
750,test
65510,test
65073,test
58366,test
46077,test
20679,test
62368,test
65449,test
19927,test
68453,test
31636,test
38414,test
22536,test
61847,test
385,test
23183,test
49850,test
58661,test
48829,test
14279,test
46205,test
45879,test
47434,test
16252,test
53158,test
59796,test
48731,test
40172,test
8588,test
12593,test
11548,test
53183,test
34070,test
66853,test
14728,test
5693,test
63822,test
35435,test
40413,test
15411,test
46469,test
4975,test
4134,test
48436,test
9934,test
31702,test
46970,test
17379,test
11739,test
25542,test
13278,test
3600,test
12528,test
70458,test
27046,test
18785,test
56720,test
61288,test
58331,test
4918,test
3932,test
48778,test
25553,test
33196,test
29701,test
10442,test
61567,test
50167,test
70677,test
11831,test
2917,test
33106,test
62623,test
26837,test
2844,test
30174,test
25161,test
43937,test
2612,test
28601,test
2319,test
69663,test
65837,test
23237,test
67301,test
63900,test
56579,test
32639,test
49215,test
5881,test
50751,test
61049,test
67608,test
38499,test
22369,test
24735,test
66165,test
5304,test
14435,test
10173,test
48678,test
60871,test
56191,test
36371,test
40174,test
29659,test
7549,test
67101,test
40618,test
27485,test
23166,test
43334,test
42344,test
9215,test
23530,test
45825,test
34907,test
21924,test
45883,test
15174,test
32160,test
67857,test
105,test
40687,test
54939,test
43956,test
48497,test
58682,test
3402,test
37616,test
31986,test
15576,test
17914,test
39873,test
3211,test
55901,test
29676,test
6001,test
20950,test
3593,test
6183,test
47985,test
60657,test
16172,test
9427,test
69341,test
65188,test
31900,test
34124,test
57834,test
5783,test
53910,test
22631,test
21647,test
19345,test
63283,test
22773,test
42536,test
43082,test
26467,test
67626,test
16505,test
32372,test
2647,test
6066,test
22504,test
15646,test
19439,test
21932,test
19380,test
5420,test
68329,test
45651,test
41250,test
49679,test
39386,test
21121,test
20666,test
30325,test
60353,test
36219,test
60,test
30223,test
47481,test
66656,test
9017,test
50804,test
5074,test
32907,test
64938,test
64747,test
57133,test
25122,test
8918,test
6993,test
28956,test
49646,test
29547,test
41390,test
38095,test
14715,test
31716,test
2999,test
65951,test
27360,test
4099,test
53609,test
59417,test
16473,test
20328,test
63933,test
54641,test
34886,test
8498,test
61001,test
4560,test
8573,test
1009,test
25152,test
51096,test
24656,test
44301,test
56189,test
26589,test
44574,test
14222,test
54375,test
16106,test
52104,test
41140,test
43759,test
12156,test
29982,test
54948,test
56488,test
34437,test
18151,test
34841,test
17547,test
32349,test
32651,test
53810,test
1926,test
48842,test
232,test
52278,test
26822,test
3876,test
11938,test
27692,test
18303,test
36474,test
63972,test
26935,test
11545,test
18628,test
44625,test
16897,test
22645,test
42840,test
1912,test
54484,test
40954,test
16750,test
57744,test
58380,test
4799,test
68642,test
12600,test
3725,test
26306,test
26532,test
8549,test
8425,test
4577,test
31592,test
21010,test
57685,test
66820,test
16255,test
20316,test
40218,test
44608,test
17752,test
62254,test
53197,test
30484,test
37529,test
35798,test
65400,test
24687,test
64818,test
70441,test
4590,test
4232,test
59369,test
3837,test
34651,test
40057,test
61497,test
27224,test
45349,test
14047,test
40924,test
5782,test
54549,test
51897,test
69521,test
20180,test
57434,test
40388,test
69688,test
49639,test
47769,test
62565,test
6336,test
23728,test
58562,test
7251,test
26471,test
39856,test
1771,test
46485,test
34686,test
66347,test
43114,test
1765,test
59115,test
31134,test
67141,test
66711,test
21019,test
57986,test
9701,test
22527,test
53787,test
68971,test
37502,test
43016,test
23826,test
501,test
47399,test
35444,test
3398,test
48545,test
15471,test
15261,test
58880,test
5499,test
12804,test
23082,test
60100,test
49632,test
3492,test
30590,test
35465,test
62924,test
65596,test
36723,test
19565,test
9249,test
52942,test
21,test
33634,test
33017,test
37026,test
10555,test
40827,test
68394,test
61122,test
68870,test
35791,test
56316,test
15394,test
31103,test
69559,test
4379,test
53855,test
15286,test
33350,test
45654,test
17768,test
38688,test
47221,test
26452,test
44290,test
6551,test
68969,test
64134,test
7944,test
43132,test
44220,test
14792,test
32311,test
50497,test
37681,test
3621,test
52385,test
62635,test
65345,test
6780,test
2854,test
40312,test
3127,test
57933,test
242,test
33915,test
61193,test
68901,test
5835,test
14450,test
47588,test
52971,test
2270,test
61296,test
60629,test
23527,test
42105,test
20407,test
39940,test
18087,test
55242,test
49077,test
19593,test
43493,test
68594,test
52854,test
27555,test
54081,test
51832,test
47349,test
57988,test
60646,test
17061,test
7270,test
63643,test
36807,test
46371,test
28469,test
27574,test
24904,test
13392,test
10875,test
65523,test
26080,test
64179,test
43488,test
20753,test
19304,test
20002,test
25669,test
32043,test
69693,test
60098,test
14556,test
25497,test
39085,test
57704,test
10685,test
61157,test
37040,test
21461,test
12688,test
32052,test
16829,test
61007,test
54784,test
66156,test
63764,test
22357,test
15304,test
3997,test
68727,test
12789,test
63495,test
36191,test
26867,test
43558,test
32659,test
23446,test
51435,test
62607,test
9901,test
62572,test
22761,test
16267,test
29437,test
52060,test
27600,test
3303,test
4057,test
53731,test
60045,test
32490,test
28540,test
52519,test
27122,test
51206,test
31990,test
37354,test
69968,test
48053,test
14152,test
47103,test
20213,test
64450,test
21179,test
37006,test
35339,test
42139,test
22361,test
10529,test
50697,test
47525,test
68737,test
48702,test
16535,test
36819,test
35705,test
36422,test
44623,test
25504,test
28981,test
5580,test
26760,test
1216,test
60506,test
1309,test
25928,test
36139,test
1500,test
60847,test
23401,test
53400,test
37942,test
17350,test
59053,test
9593,test
58015,test
33161,test
26454,test
12865,test
19352,test
42102,test
54030,test
26308,test
58917,test
55836,test
38661,test
60927,test
61463,test
1249,test
50156,test
15631,test
70681,test
37930,test
20894,test
32318,test
3253,test
24811,test
52312,test
67192,test
12568,test
57999,test
54766,test
25915,test
689,test
62362,test
9257,test
36322,test
44929,test
26701,test
24802,test
68924,test
24443,test
57540,test
23127,test
9469,test
67709,test
30768,test
67585,test
52544,test
10960,test
70058,test
18770,test
46255,test
2346,test
35885,test
48804,test
10536,test
53252,test
13819,test
19227,test
53751,test
58606,test
15321,test
70369,test
42741,test
63178,test
61166,test
20652,test
28875,test
10767,test
15098,test
16684,test
53539,test
25559,test
23380,test
67678,test
26560,test
34474,test
44061,test
30036,test
8328,test
65768,test
63091,test
45317,test
30012,test
42822,test
41759,test
56485,test
48883,test
51019,test
57563,test
61215,test
54518,test
54984,test
24938,test
57796,test
14984,test
44379,test
24373,test
49945,test
64335,test
40319,test
22489,test
31598,test
10357,test
58644,test
60182,test
29146,test
50011,test
38571,test
1107,test
24818,test
33337,test
68913,test
38191,test
49336,test
52533,test
25871,test
4923,test
13561,test
66749,test
26724,test
34363,test
44317,test
18383,test
27597,test
68335,test
51657,test
67067,test
56684,test
50806,test
29053,test
41334,test
31209,test
8743,test
40378,test
24935,test
16491,test
44455,test
68139,test
5323,test
26842,test
26019,test
60448,test
65534,test
63698,test
44496,test
69646,test
57410,test
29224,test
30838,test
19097,test
55230,test
44213,test
15198,test
65952,test
37902,test
36853,test
67092,test
17842,test
785,test
28729,test
53401,test
30100,test
24736,test
11988,test
38312,test
7783,test
1330,test
35032,test
56538,test
68873,test
39417,test
31239,test
28769,test
44851,test
38337,test
41335,test
34188,test
62708,test
55227,test
49876,test
7533,test
32433,test
10070,test
43798,test
53819,test
51605,test
67186,test
4148,test
67558,test
8535,test
7358,test
41011,test
47795,test
43696,test
33942,test
51265,test
11261,test
12089,test
50247,test
10174,test
37472,test
38581,test
56897,test
68672,test
6738,test
52642,test
24793,test
30466,test
70200,test
1217,test
23243,test
61252,test
42279,test
9657,test
8386,test
52263,test
11771,test
14307,test
68943,test
4277,test
24985,test
41326,test
51281,test
26112,test
24141,test
37698,test
3254,test
39862,test
3341,test
11201,test
6390,test
40032,test
5600,test
66990,test
54843,test
13419,test
62045,test
30486,test
16630,test
14013,test
59849,test
9132,test
69577,test
56820,test
45160,test
21038,test
17289,test
35659,test
52174,test
53121,test
37022,test
1384,test
27381,test
50568,test
10637,test
27177,test
5756,test
9064,test
57354,test
40069,test
59078,test
36182,test
63018,test
1821,test
28197,test
4690,test
38532,test
61400,test
17877,test
36914,test
53096,test
59872,test
41477,test
16534,test
58677,test
39459,test
35176,test
58349,test
12200,test
42904,test
56664,test
24226,test
27007,test
63059,test
47882,test
69661,test
55371,test
18373,test
40685,test
15466,test
49572,test
35328,test
57427,test
61926,test
18939,test
25330,test
39375,test
46646,test
76,test
19211,test
54721,test
27562,test
37153,test
19746,test
52713,test
62480,test
42035,test
47361,test
52027,test
59817,test
24147,test
60893,test
41005,test
27039,test
50430,test
36053,test
36556,test
7710,test
36391,test
70096,test
42874,test
42959,test
41179,test
35082,test
49233,test
50644,test
62664,test
8036,test
40459,test
59303,test
45936,test
37493,test
20335,test
47170,test
34669,test
68294,test
7532,test
53337,test
33907,test
35072,test
241,test
25438,test
56934,test
25051,test
50144,test
43895,test
17874,test
18271,test
46905,test
28417,test
937,test
13824,test
53014,test
10825,test
62901,test
40540,test
65099,test
52635,test
48188,test
43288,test
62112,test
69413,test
30704,test
45367,test
65361,test
60984,test
18779,test
27421,test
63451,test
21871,test
40569,test
58251,test
23579,test
25887,test
32447,test
53013,test
40109,test
46983,test
18645,test
36265,test
58926,test
68796,test
15787,test
16548,test
6298,test
40525,test
17374,test
41076,test
11879,test
3780,test
57920,test
29968,test
11632,test
64194,test
47690,test
42792,test
16651,test
68843,test
55452,test
29824,test
51320,test
52069,test
22789,test
3427,test
61542,test
68574,test
27819,test
35870,test
37336,test
59787,test
7678,test
40268,test
10556,test
64626,test
45657,test
27935,test
49528,test
52074,test
43062,test
22983,test
36238,test
6345,test
35229,test
69765,test
26817,test
9144,test
3477,test
23984,test
66984,test
4573,test
28380,test
37959,test
8714,test
441,test
32920,test
45389,test
29332,test
29042,test
28565,test
50129,test
58054,test
54978,test
34246,test
50058,test
37462,test
50405,test
12069,test
27472,test
49000,test
14043,test
36878,test
19144,test
36559,test
33413,test
18488,test
35567,test
19381,test
60674,test
66055,test
65992,test
5032,test
29060,test
37001,test
8954,test
46954,test
4308,test
12006,test
12519,test
41066,test
64107,test
68305,test
58058,test
1192,test
51895,test
52921,test
62641,test
4880,test
63812,test
68208,test
311,test
66500,test
9055,test
70393,test
29210,test
52843,test
9140,test
30327,test
27665,test
20189,test
10731,test
36226,test
55599,test
10669,test
53603,test
66615,test
56846,test
58653,test
63724,test
39942,test
52243,test
35577,test
47586,test
66569,test
66957,test
31804,test
63060,test
7819,test
36792,test
30611,test
48601,test
45376,test
8128,test
41507,test
24598,test
38822,test
29567,test
15427,test
10949,test
25613,test
54337,test
28620,test
67907,test
4340,test
29298,test
1835,test
52328,test
16719,test
11074,test
40100,test
3413,test
49869,test
64491,test
68928,test
59806,test
34739,test
41642,test
52753,test
54364,test
1978,test
60568,test
52561,test
52298,test
43643,test
27989,test
17554,test
51997,test
21636,test
4864,test
30991,test
27394,test
60027,test
29583,test
59210,test
52275,test
56677,test
36249,test
5073,test
40462,test
33387,test
10010,test
46279,test
60432,test
29601,test
37324,test
8123,test
13304,test
56253,test
36007,test
61640,test
53202,test
15175,test
55156,test
58570,test
66508,test
35188,test
56314,test
65973,test
28830,test
27380,test
11853,test
42294,test
21034,test
61027,test
20595,test
37728,test
51436,test
18762,test
12274,test
50918,test
19651,test
56904,test
43055,test
59430,test
64099,test
69261,test
35568,test
50954,test
730,test
9735,test
56263,test
41037,test
15583,test
1375,test
21409,test
39994,test
262,test
45086,test
30847,test
22411,test
6374,test
67271,test
56769,test
39297,test
56351,test
66591,test
54510,test
8793,test
17165,test
19937,test
60774,test
38483,test
67318,test
49859,test
39927,test
30129,test
15545,test
459,test
7319,test
2806,test
47247,test
35840,test
1458,test
4809,test
30956,test
63903,test
18597,test
43358,test
45148,test
52575,test
24256,test
58296,test
51875,test
4462,test
5017,test
18489,test
47839,test
54361,test
24230,test
37592,test
50472,test
19671,test
15302,test
47947,test
11915,test
50222,test
61543,test
32647,test
37319,test
58925,test
53750,test
6528,test
57149,test
36740,test
16772,test
3333,test
20052,test
38790,test
3899,test
29669,test
67560,test
26962,test
42922,test
30121,test
31016,test
61070,test
8391,test
6296,test
70273,test
35654,test
4762,test
33837,test
45326,test
62873,test
20304,test
24213,test
28427,test
23382,test
59636,test
57895,test
35280,test
29720,test
32327,test
44791,test
23426,test
19554,test
1685,test
31951,test
37690,test
67707,test
62052,test
10946,test
39727,test
11724,test
49009,test
33056,test
21697,test
23480,test
53450,test
13369,test
27076,test
44171,test
37461,test
56117,test
26926,test
66660,test
55241,test
17154,test
16314,test
60703,test
37465,test
70287,test
34665,test
46106,test
59563,test
16390,test
35552,test
47729,test
2148,test
10272,test
57606,test
6455,test
5972,test
5983,test
70097,test
16182,test
42399,test
7741,test
58722,test
29938,test
61941,test
70537,test
66907,test
31055,test
43000,test
18041,test
65638,test
51165,test
58179,test
9877,test
37683,test
13943,test
32844,test
10140,test
54266,test
49081,test
9208,test
24787,test
56056,test
20587,test
30314,test
49647,test
53537,test
10439,test
60792,test
49214,test
67132,test
2754,test
39597,test
61714,test
1618,test
8317,test
38003,test
38400,test
6922,test
62570,test
48184,test
32612,test
14537,test
23277,test
11346,test
11501,test
27616,test
12292,test
68245,test
56376,test
68081,test
56180,test
33252,test
41026,test
36407,test
60759,test
55525,test
50888,test
455,test
43682,test
36551,test
21386,test
34977,test
47166,test
42656,test
61324,test
41580,test
33758,test
51516,test
10933,test
38343,test
24044,test
59238,test
59401,test
20126,test
9104,test
47054,test
14257,test
30946,test
44726,test
63703,test
47636,test
43464,test
53735,test
11265,test
69330,test
7202,test
36262,test
44679,test
6562,test
2304,test
37497,test
57496,test
41253,test
14357,test
11668,test
24482,test
38791,test
41360,test
42470,test
43225,test
6330,test
12743,test
15188,test
50886,test
38859,test
65774,test
32498,test
69076,test
19581,test
10204,test
21952,test
47998,test
12994,test
45058,test
18077,test
49923,test
43966,test
27969,test
13871,test
14051,test
41908,test
37110,test
46544,test
3998,test
67044,test
14704,test
36836,test
26652,test
19950,test
42135,test
55552,test
67079,test
53748,test
41774,test
22460,test
11711,test
46408,test
49065,test
14521,test
35078,test
52134,test
12152,test
52333,test
21350,test
12650,test
21089,test
27194,test
56567,test
63042,test
29913,test
54543,test
29043,test
60751,test
57385,test
57910,test
33911,test
47983,test
13529,test
8339,test
14684,test
25146,test
132,test
2479,test
44761,test
38205,test
57098,test
34471,test
66184,test
66833,test
2200,test
52429,test
28533,test
15535,test
1310,test
33842,test
40608,test
51880,test
28143,test
11150,test
35741,test
62338,test
53071,test
18046,test
52692,test
5332,test
14006,test
18800,test
32290,test
54849,test
6028,test
58559,test
50263,test
17565,test
65614,test
67344,test
22841,test
33985,test
65230,test
24675,test
64997,test
41408,test
22882,test
62455,test
68505,test
63065,test
13401,test
6178,test
15104,test
15386,test
61610,test
62288,test
15477,test
48798,test
70150,test
44226,test
12879,test
23616,test
69073,test
19685,test
12749,test
18179,test
68392,test
69235,test
57587,test
52917,test
54129,test
47280,test
11978,test
15272,test
30879,test
2317,test
36100,test
14021,test
69695,test
43942,test
15840,test
54220,test
47675,test
51234,test
16685,test
38256,test
5576,test
58545,test
37751,test
66051,test
15506,test
3314,test
8783,test
42089,test
35490,test
36245,test
32883,test
14471,test
24838,test
10059,test
57918,test
22628,test
70251,test
31135,test
22062,test
51336,test
66642,test
19843,test
69698,test
57187,test
21427,test
5077,test
68176,test
34408,test
30862,test
16967,test
53767,test
51413,test
68948,test
6315,test
47977,test
64666,test
1378,test
40370,test
26018,test
35928,test
8205,test
3699,test
44879,test
40193,test
50281,test
13717,test
55279,test
62956,test
28034,test
68051,test
52633,test
69558,test
2437,test
62530,test
27890,test
26104,test
67789,test
49177,test
57894,test
51980,test
64161,test
19662,test
32922,test
9278,test
42889,test
45986,test
40940,test
59127,test
63052,test
31421,test
38700,test
13517,test
5730,test
41701,test
54695,test
53846,test
64407,test
59572,test
22604,test
55374,test
22018,test
12588,test
50920,test
13079,test
39644,test
15263,test
49066,test
28407,test
46949,test
54388,test
53094,test
58838,test
22736,test
68719,test
49364,test
44815,test
32902,test
37199,test
48261,test
25830,test
40560,test
11218,test
17640,test
43001,test
56219,test
12092,test
44980,test
52745,test
39681,test
35909,test
28923,test
3397,test
20750,test
68427,test
62209,test
20129,test
58819,test
1602,test
49928,test
65213,test
729,test
57574,test
29932,test
61725,test
40155,test
1346,test
51494,test
16015,test
65348,test
67816,test
8306,test
5712,test
61350,test
6612,test
7980,test
1127,test
20396,test
17706,test
56920,test
26692,test
70591,test
11040,test
7379,test
20767,test
12570,test
4803,test
39359,test
18440,test
26063,test
22301,test
12543,test
24330,test
3649,test
8017,test
961,test
30116,test
18320,test
42614,test
53280,test
43946,test
35186,test
19355,test
21844,test
27174,test
12558,test
5767,test
30922,test
67778,test
1473,test
20086,test
52844,test
45557,test
50392,test
1595,test
43867,test
44311,test
56675,test
17320,test
10947,test
46011,test
16330,test
66530,test
25582,test
59316,test
20293,test
18337,test
26122,test
2345,test
44398,test
23573,test
61951,test
40213,test
59063,test
59958,test
30647,test
51962,test
36200,test
52013,test
6978,test
40082,test
26402,test
46398,test
49175,test
57223,test
53060,test
61652,test
55023,test
60543,test
21517,test
10056,test
43031,test
20706,test
24021,test
13441,test
39438,test
20715,test
41914,test
15070,test
70282,test
51777,test
70652,test
58605,test
49391,test
58360,test
11351,test
24278,test
9466,test
17115,test
48980,test
62964,test
8973,test
34908,test
35461,test
30139,test
49092,test
66752,test
4717,test
30508,test
32031,test
69863,test
67264,test
46197,test
39822,test
39106,test
5424,test
4317,test
28681,test
18621,test
68635,test
6239,test
5037,test
52960,test
21966,test
19805,test
30636,test
58895,test
19894,test
38108,test
10539,test
47196,test
1268,test
51907,test
53087,test
12786,test
52654,test
57916,test
29708,test
7007,test
18228,test
28311,test
22663,test
67631,test
62011,test
56718,test
50563,test
8162,test
16865,test
23538,test
62603,test
31433,test
46234,test
33673,test
8606,test
40716,test
33640,test
36794,test
12988,test
4929,test
44329,test
20637,test
64240,test
31073,test
69840,test
40343,test
6465,test
8389,test
6544,test
53650,test
10520,test
25798,test
24483,test
1041,test
7465,test
3088,test
15711,test
5058,test
5407,test
7035,test
44603,test
3546,test
15225,test
29204,test
55855,test
43669,test
31552,test
11270,test
54528,test
66127,test
40289,test
27992,test
23767,test
45648,test
63777,test
4488,test
6906,test
68469,test
63896,test
213,test
3419,test
30711,test
62265,test
24035,test
35305,test
56960,test
66617,test
28757,test
18052,test
47822,test
17501,test
33943,test
8672,test
8200,test
29302,test
40137,test
31468,test
54711,test
50486,test
45846,test
45809,test
45787,test
24487,test
426,test
37222,test
54710,test
32329,test
29388,test
33380,test
22748,test
43030,test
46708,test
8302,test
3735,test
57967,test
47423,test
69747,test
46782,test
15561,test
33913,test
8349,test
60440,test
21105,test
45269,test
16018,test
2546,test
27037,test
2483,test
43583,test
27041,test
57457,test
24364,test
46524,test
47480,test
26730,test
54750,test
13839,test
42638,test
50994,test
17473,test
10025,test
4349,test
57738,test
11777,test
41915,test
61751,test
43873,test
36483,test
21450,test
6981,test
58983,test
26,test
19739,test
35902,test
65678,test
28228,test
7560,test
46936,test
47637,test
15310,test
31234,test
1671,test
28959,test
32506,test
44788,test
8439,test
53574,test
36215,test
56946,test
44497,test
11554,test
4995,test
11886,test
16504,test
50469,test
23684,test
28893,test
17075,test
8647,test
11127,test
69365,test
4434,test
58105,test
50269,test
27396,test
63007,test
10931,test
21327,test
25502,test
21241,test
14100,test
52414,test
66418,test
13741,test
6323,test
21954,test
51047,test
62892,test
28822,test
62622,test
46925,test
53549,test
41244,test
2332,test
4246,test
34108,test
742,test
50342,test
5023,test
41328,test
984,test
37005,test
3464,test
44576,test
63678,test
16931,test
61694,test
41171,test
14844,test
44594,test
53770,test
46329,test
66714,test
29608,test
47663,test
39092,test
12264,test
3282,test
4985,test
30124,test
67345,test
67164,test
70063,test
18414,test
56347,test
24056,test
27685,test
9250,test
53865,test
54758,test
24034,test
19133,test
66827,test
16751,test
60072,test
19363,test
10705,test
15940,test
12902,test
36581,test
13323,test
19267,test
4047,test
55534,test
39209,test
18086,test
25509,test
42886,test
50099,test
30278,test
66838,test
37024,test
43267,test
12045,test
14270,test
26596,test
52926,test
26868,test
26111,test
3602,test
3971,test
43313,test
9788,test
25884,test
28568,test
124,test
60705,test
142,test
18670,test
40230,test
16241,test
13028,test
10185,test
69934,test
16429,test
63308,test
5985,test
37815,test
70417,test
2718,test
9218,test
11741,test
66887,test
20060,test
50321,test
37323,test
44157,test
40949,test
14276,test
9216,test
17879,test
3745,test
66939,test
50549,test
32077,test
18957,test
36248,test
57501,test
8233,test
