index,set
25742,train
18593,train
5868,train
38975,train
8148,train
29457,train
19877,train
3823,train
1871,train
44240,train
49440,train
14127,train
33280,train
31740,train
13311,train
43695,train
60660,train
45266,train
15956,train
61683,train
29978,train
46307,train
25506,train
7662,train
17358,train
30146,train
7346,train
2722,train
45832,train
42452,train
6340,train
46640,train
58103,train
36888,train
68970,train
25590,train
27290,train
60094,train
47831,train
31616,train
35817,train
6924,train
21975,train
8455,train
68282,train
17064,train
42448,train
49611,train
15431,train
13115,train
5540,train
30555,train
7290,train
67787,train
20588,train
70298,train
18675,train
25615,train
56101,train
5703,train
34134,train
27382,train
19789,train
63032,train
48256,train
54063,train
24859,train
9195,train
20178,train
34227,train
35623,train
34820,train
3432,train
11994,train
65198,train
57936,train
13183,train
38912,train
50792,train
12664,train
60516,train
11842,train
6767,train
69162,train
27851,train
48243,train
67193,train
34830,train
14265,train
9076,train
59075,train
69304,train
2096,train
2885,train
16614,train
1321,train
19750,train
28390,train
17985,train
68624,train
55648,train
36521,train
36243,train
28491,train
45228,train
60838,train
27728,train
64598,train
7254,train
12463,train
49714,train
6142,train
45049,train
60729,train
61532,train
3291,train
67804,train
66646,train
42260,train
42144,train
56271,train
362,train
37304,train
4086,train
38892,train
12466,train
596,train
62309,train
223,train
54892,train
22765,train
60289,train
52781,train
42097,train
19043,train
6261,train
64308,train
59784,train
21430,train
21080,train
47553,train
69019,train
45457,train
10873,train
55344,train
19408,train
34931,train
22485,train
49484,train
18527,train
21006,train
48392,train
21476,train
32407,train
37565,train
39571,train
66558,train
16942,train
955,train
32628,train
30017,train
51138,train
52285,train
56502,train
7650,train
47544,train
30766,train
15685,train
57234,train
976,train
46852,train
4764,train
16747,train
40187,train
61173,train
69099,train
33876,train
1802,train
41416,train
19973,train
5257,train
28837,train
11247,train
68620,train
27347,train
46377,train
60019,train
23628,train
29135,train
54952,train
54896,train
22725,train
14133,train
66025,train
735,train
3252,train
535,train
3231,train
8310,train
4145,train
68502,train
5501,train
41489,train
26399,train
28255,train
39751,train
53550,train
18626,train
36786,train
37505,train
66668,train
61081,train
29157,train
23564,train
49723,train
58025,train
35418,train
11811,train
18448,train
35433,train
29505,train
36726,train
59459,train
43119,train
22731,train
65778,train
24283,train
64387,train
59907,train
46207,train
39718,train
55394,train
43207,train
3751,train
34394,train
1482,train
44642,train
60999,train
60744,train
60895,train
14526,train
61687,train
871,train
59768,train
10238,train
51887,train
67482,train
55556,train
16499,train
15789,train
52217,train
67583,train
52758,train
63860,train
69951,train
38534,train
13829,train
62450,train
31047,train
13218,train
23561,train
13092,train
14392,train
26028,train
12928,train
43069,train
29653,train
53562,train
67297,train
28391,train
67463,train
14197,train
13249,train
38054,train
5188,train
12699,train
15425,train
31577,train
38387,train
24236,train
64269,train
5582,train
36437,train
63435,train
66623,train
27405,train
31202,train
44704,train
6831,train
47805,train
42167,train
29078,train
48824,train
27387,train
32001,train
44386,train
20809,train
2498,train
7778,train
63590,train
6219,train
9793,train
36282,train
52042,train
44582,train
4153,train
67294,train
22024,train
61856,train
9131,train
48250,train
49623,train
13006,train
53893,train
69639,train
31521,train
44260,train
21637,train
22866,train
27176,train
53682,train
2717,train
70156,train
36857,train
66806,train
788,train
67124,train
40223,train
41108,train
32400,train
5240,train
15759,train
7666,train
16617,train
21882,train
65141,train
46010,train
58870,train
14515,train
55514,train
41154,train
6674,train
41791,train
47669,train
58076,train
50428,train
25763,train
34211,train
9912,train
56240,train
1897,train
8356,train
887,train
56098,train
70148,train
38354,train
51465,train
63063,train
49352,train
26653,train
26449,train
58268,train
2539,train
35978,train
62585,train
48003,train
50796,train
5714,train
42511,train
19708,train
8259,train
31742,train
34774,train
33652,train
14560,train
26047,train
21974,train
26859,train
1733,train
39257,train
11100,train
18819,train
17669,train
48629,train
2650,train
63443,train
22926,train
45069,train
67536,train
29368,train
44417,train
50210,train
8098,train
29912,train
22930,train
33192,train
42309,train
30763,train
70609,train
11805,train
63807,train
57135,train
33689,train
57757,train
28047,train
3858,train
67163,train
9741,train
28882,train
25260,train
5451,train
59132,train
1508,train
39043,train
70504,train
29026,train
18741,train
38835,train
11834,train
11703,train
30853,train
23876,train
36698,train
27172,train
21959,train
18342,train
44543,train
59617,train
66974,train
48294,train
21394,train
13951,train
58092,train
12222,train
53237,train
41109,train
1186,train
3541,train
26365,train
33759,train
13162,train
42356,train
54472,train
63015,train
70582,train
131,train
39349,train
8848,train
12221,train
34657,train
6313,train
46654,train
33881,train
68561,train
49650,train
65001,train
38022,train
57405,train
1159,train
9717,train
15456,train
5610,train
20691,train
8820,train
10182,train
57901,train
38408,train
15973,train
32579,train
29239,train
13767,train
41613,train
4042,train
70480,train
61438,train
34121,train
59648,train
65044,train
5811,train
33285,train
13351,train
4902,train
35101,train
8645,train
5609,train
69262,train
52887,train
6709,train
10126,train
51918,train
3082,train
28303,train
66936,train
34877,train
2570,train
57886,train
32472,train
42374,train
11463,train
49027,train
33557,train
17335,train
41707,train
52858,train
13196,train
34574,train
37879,train
17682,train
48079,train
42726,train
70135,train
30685,train
16965,train
37258,train
65919,train
35233,train
17530,train
63755,train
66575,train
43127,train
12639,train
7656,train
59043,train
32388,train
35466,train
69933,train
23722,train
65930,train
67829,train
21094,train
49550,train
61373,train
40361,train
47855,train
70690,train
34047,train
5390,train
26381,train
16616,train
34037,train
47658,train
50544,train
69335,train
18066,train
56597,train
1540,train
5687,train
24381,train
35613,train
30744,train
33912,train
69505,train
42278,train
2495,train
20897,train
66444,train
67783,train
45479,train
64967,train
35421,train
21610,train
3752,train
40756,train
7285,train
4661,train
65201,train
35209,train
17684,train
36429,train
44949,train
8024,train
50619,train
19882,train
21190,train
14437,train
69509,train
29178,train
42120,train
55668,train
53765,train
23252,train
27141,train
67568,train
70163,train
18260,train
50016,train
49431,train
27244,train
54467,train
49394,train
48234,train
54972,train
50969,train
14180,train
60972,train
55132,train
50253,train
34415,train
50402,train
2079,train
52362,train
33869,train
63105,train
31238,train
40811,train
5022,train
28722,train
42451,train
12684,train
65204,train
38898,train
16028,train
33680,train
60118,train
9854,train
52802,train
67715,train
3159,train
69791,train
54762,train
31855,train
63314,train
38322,train
4741,train
48398,train
46133,train
21722,train
25155,train
49489,train
65066,train
52650,train
53917,train
60489,train
39502,train
701,train
14940,train
32745,train
5872,train
41907,train
40953,train
14772,train
63117,train
64376,train
67173,train
14830,train
53862,train
27863,train
50735,train
35598,train
7403,train
15949,train
791,train
22380,train
50982,train
46745,train
40499,train
23986,train
56686,train
67573,train
53049,train
26787,train
13348,train
1349,train
40784,train
45201,train
31831,train
65031,train
54835,train
16098,train
17603,train
1544,train
44528,train
17553,train
9644,train
9408,train
41471,train
49763,train
27643,train
32774,train
65028,train
24614,train
25446,train
37585,train
26557,train
64186,train
65825,train
67955,train
6422,train
3255,train
49670,train
44707,train
11637,train
51235,train
23905,train
60048,train
42582,train
15416,train
67808,train
23308,train
19545,train
315,train
7405,train
47104,train
39771,train
42236,train
20867,train
14114,train
27560,train
29641,train
38115,train
64119,train
35747,train
51502,train
66446,train
36386,train
41897,train
39654,train
68603,train
62198,train
49759,train
30843,train
5866,train
42597,train
9266,train
63597,train
55642,train
22592,train
41290,train
53210,train
20201,train
15111,train
13727,train
43771,train
7516,train
23071,train
9687,train
42825,train
52924,train
70155,train
30464,train
36,train
50689,train
49830,train
70027,train
11364,train
12992,train
60857,train
68464,train
68166,train
50318,train
42985,train
32041,train
11306,train
25411,train
36119,train
29761,train
36083,train
61743,train
13837,train
70481,train
58899,train
66221,train
60757,train
38318,train
33543,train
10587,train
70201,train
28937,train
460,train
28439,train
61172,train
36911,train
27571,train
31332,train
29021,train
67473,train
50593,train
6691,train
21659,train
37309,train
45418,train
39121,train
25856,train
60876,train
42733,train
33924,train
35597,train
47744,train
35878,train
3506,train
12577,train
3589,train
54090,train
37648,train
206,train
66468,train
68680,train
5328,train
29328,train
58399,train
1701,train
4508,train
592,train
7633,train
1155,train
69371,train
40867,train
63274,train
5483,train
23611,train
52915,train
2361,train
4378,train
33078,train
49100,train
9807,train
11131,train
4815,train
60520,train
10765,train
6960,train
67838,train
6931,train
31401,train
6899,train
42369,train
51756,train
5149,train
41077,train
67009,train
2312,train
62363,train
47718,train
4373,train
70245,train
14170,train
51415,train
55213,train
11621,train
8667,train
60247,train
24891,train
55083,train
63567,train
6785,train
34666,train
63216,train
36095,train
67431,train
17518,train
13261,train
32865,train
50857,train
39144,train
67305,train
7214,train
39123,train
39405,train
34544,train
9059,train
43568,train
38283,train
40185,train
41785,train
45188,train
47897,train
30887,train
47582,train
10657,train
26273,train
3503,train
59254,train
48975,train
7820,train
5334,train
61476,train
27357,train
26456,train
45036,train
37760,train
16978,train
6556,train
70076,train
24962,train
33138,train
46162,train
38079,train
15573,train
66631,train
41232,train
60614,train
37870,train
55674,train
57013,train
2382,train
12084,train
65934,train
47069,train
16529,train
41452,train
62237,train
39564,train
17525,train
60207,train
3779,train
36216,train
49434,train
50966,train
69854,train
27716,train
9960,train
50926,train
58662,train
50256,train
24986,train
38468,train
36096,train
47455,train
15338,train
14642,train
59107,train
65048,train
14689,train
26563,train
1094,train
69475,train
55660,train
31223,train
8080,train
66897,train
57161,train
27153,train
56320,train
22424,train
69868,train
64977,train
17260,train
29559,train
17472,train
38083,train
69869,train
59185,train
1004,train
59317,train
64635,train
67638,train
37597,train
69292,train
24893,train
56804,train
58270,train
27455,train
26480,train
12063,train
67950,train
11280,train
40310,train
50441,train
63530,train
12220,train
21660,train
18058,train
26215,train
55,train
34453,train
8073,train
65015,train
35515,train
16216,train
51578,train
24084,train
55030,train
58991,train
53200,train
28728,train
53546,train
11704,train
52580,train
13868,train
53411,train
46386,train
36774,train
16921,train
18389,train
24352,train
13225,train
1843,train
47842,train
29850,train
65891,train
32113,train
23706,train
26418,train
23292,train
4066,train
46778,train
41935,train
22009,train
31079,train
40479,train
51691,train
32178,train
42101,train
8805,train
69649,train
38964,train
16867,train
22668,train
10872,train
62326,train
62922,train
67277,train
11006,train
47922,train
12401,train
2829,train
32522,train
2992,train
4539,train
58142,train
54985,train
10437,train
66161,train
16149,train
40958,train
15898,train
36260,train
6277,train
1242,train
56096,train
31435,train
40961,train
65406,train
5004,train
31538,train
12026,train
29928,train
35950,train
26605,train
3992,train
24632,train
50839,train
51954,train
2619,train
23696,train
52345,train
28838,train
67135,train
18614,train
25044,train
37622,train
64349,train
25264,train
36502,train
39540,train
36381,train
3962,train
9794,train
16600,train
49788,train
41161,train
41913,train
59890,train
31035,train
16256,train
10575,train
41714,train
52137,train
57896,train
64061,train
68791,train
10387,train
15534,train
30527,train
65337,train
38771,train
49626,train
66449,train
66963,train
66541,train
29620,train
54857,train
22019,train
30476,train
44380,train
31348,train
57491,train
56985,train
49328,train
53573,train
65880,train
2475,train
63977,train
27760,train
68016,train
17467,train
50335,train
33617,train
45626,train
17646,train
68401,train
59398,train
6348,train
48506,train
7517,train
38370,train
3940,train
16557,train
15547,train
25691,train
70079,train
29126,train
24180,train
27746,train
69465,train
59102,train
53413,train
63910,train
14362,train
29496,train
59411,train
15106,train
64408,train
10869,train
56933,train
28328,train
49278,train
740,train
35704,train
24411,train
64950,train
6746,train
49567,train
60041,train
23286,train
58288,train
63609,train
40995,train
25156,train
61969,train
30333,train
39071,train
2595,train
61839,train
7151,train
34772,train
17500,train
55544,train
68341,train
20554,train
31545,train
67203,train
27464,train
65174,train
25360,train
58195,train
62655,train
8888,train
24872,train
40294,train
5994,train
38183,train
15043,train
61191,train
50414,train
33173,train
19942,train
69171,train
64202,train
56843,train
30610,train
41012,train
22036,train
44665,train
62192,train
28939,train
50718,train
57258,train
6396,train
59558,train
55560,train
7257,train
12913,train
10964,train
43479,train
64514,train
59065,train
67510,train
10153,train
3891,train
16800,train
960,train
1513,train
33824,train
34445,train
61006,train
19801,train
62574,train
35116,train
36688,train
45379,train
30239,train
24371,train
9352,train
17351,train
69059,train
31566,train
3668,train
46493,train
43040,train
58147,train
64958,train
33476,train
54732,train
40686,train
15229,train
14993,train
31535,train
65301,train
63953,train
26267,train
69941,train
29300,train
26045,train
16593,train
15692,train
54348,train
25812,train
58834,train
60025,train
26162,train
17078,train
29007,train
2818,train
53251,train
32348,train
26000,train
53334,train
55629,train
21214,train
10979,train
37880,train
2659,train
14603,train
15779,train
32517,train
18921,train
46688,train
45503,train
24856,train
26869,train
16666,train
46170,train
34113,train
42698,train
34680,train
602,train
39169,train
19811,train
70368,train
40485,train
6095,train
12315,train
4342,train
61121,train
66351,train
7275,train
819,train
44859,train
26685,train
25620,train
20957,train
16609,train
35050,train
58297,train
57428,train
36863,train
24850,train
66954,train
15769,train
64296,train
59178,train
10109,train
42113,train
7445,train
22857,train
7099,train
24179,train
24008,train
45949,train
2528,train
40727,train
27089,train
8365,train
34597,train
67341,train
57021,train
2197,train
65054,train
36776,train
49902,train
4649,train
13776,train
30201,train
65612,train
15705,train
58766,train
40781,train
33950,train
70315,train
24912,train
20549,train
69825,train
2407,train
44415,train
39310,train
58716,train
48974,train
18340,train
53993,train
16082,train
66033,train
53681,train
62784,train
6666,train
70568,train
62406,train
15857,train
27661,train
46499,train
36658,train
23331,train
53428,train
509,train
19285,train
11778,train
23842,train
18045,train
39275,train
36882,train
68929,train
7179,train
45765,train
51036,train
55085,train
34501,train
52719,train
66883,train
404,train
8754,train
63076,train
16020,train
8911,train
52012,train
19435,train
30179,train
55257,train
3232,train
22436,train
36320,train
8335,train
6707,train
31833,train
10249,train
17255,train
56852,train
29484,train
49548,train
7940,train
24582,train
60373,train
53043,train
60313,train
50139,train
5031,train
36321,train
66584,train
49139,train
24096,train
318,train
55277,train
54638,train
66431,train
33062,train
19778,train
68195,train
19482,train
22701,train
34182,train
45568,train
42184,train
32423,train
5114,train
7343,train
51500,train
60420,train
11221,train
61829,train
62988,train
67272,train
11095,train
17185,train
40747,train
23156,train
51106,train
11549,train
52560,train
39054,train
14838,train
27326,train
45471,train
41850,train
67650,train
62825,train
35283,train
63001,train
48767,train
986,train
18158,train
2876,train
36038,train
62191,train
9011,train
34334,train
62453,train
25124,train
4948,train
61419,train
8266,train
31761,train
49050,train
1316,train
14961,train
23487,train
48244,train
49321,train
30059,train
19578,train
1052,train
37428,train
57029,train
18979,train
31064,train
11868,train
21795,train
5630,train
17977,train
55376,train
30970,train
36078,train
8569,train
45666,train
28069,train
49052,train
15373,train
5963,train
48911,train
55883,train
53456,train
67964,train
34499,train
62911,train
48060,train
48633,train
32074,train
21668,train
49794,train
29132,train
23420,train
57727,train
40736,train
39006,train
16008,train
33663,train
41255,train
39725,train
4206,train
65657,train
61819,train
19078,train
5296,train
24294,train
50132,train
33622,train
54902,train
28793,train
64345,train
15036,train
21779,train
19283,train
33833,train
35889,train
34919,train
33472,train
55282,train
43181,train
3401,train
53798,train
37913,train
18192,train
14906,train
65857,train
21208,train
40627,train
69310,train
26844,train
47515,train
12815,train
44975,train
13146,train
45499,train
64130,train
7726,train
39207,train
45834,train
6048,train
48949,train
39796,train
4865,train
40726,train
44778,train
20314,train
44081,train
4040,train
50215,train
32145,train
69336,train
61294,train
12739,train
43234,train
8087,train
68893,train
18370,train
8376,train
16752,train
18933,train
23560,train
42077,train
36332,train
18276,train
58549,train
5584,train
64137,train
28847,train
67484,train
46269,train
51249,train
8919,train
16017,train
10245,train
24464,train
55536,train
68347,train
55948,train
18385,train
5091,train
31409,train
61557,train
29887,train
6774,train
3889,train
54856,train
16158,train
45330,train
30360,train
51284,train
4535,train
40609,train
48982,train
65541,train
55570,train
44553,train
6743,train
63963,train
59964,train
19351,train
18910,train
1824,train
59244,train
25162,train
46879,train
68939,train
37641,train
40460,train
41720,train
13925,train
26811,train
9442,train
23390,train
26078,train
59822,train
28088,train
13955,train
56265,train
35932,train
50602,train
54349,train
43216,train
19947,train
49035,train
8938,train
10521,train
50035,train
20334,train
69982,train
69776,train
3929,train
51215,train
5848,train
47524,train
20250,train
26518,train
1558,train
35067,train
38196,train
63641,train
40352,train
65645,train
22481,train
70258,train
48821,train
42747,train
51705,train
9178,train
17539,train
29196,train
3738,train
53012,train
35341,train
31115,train
67348,train
67418,train
53188,train
55906,train
4751,train
1066,train
40901,train
59660,train
62751,train
32767,train
9171,train
65088,train
55255,train
23096,train
9532,train
51509,train
33525,train
65470,train
67167,train
13759,train
46407,train
45627,train
27074,train
35825,train
53034,train
61280,train
15765,train
16862,train
2212,train
22952,train
47830,train
46381,train
21740,train
52595,train
3761,train
11024,train
2459,train
50002,train
30722,train
8589,train
8987,train
16108,train
64528,train
66170,train
57996,train
36920,train
32810,train
15001,train
7925,train
49841,train
5405,train
65473,train
47393,train
62496,train
34688,train
61032,train
46486,train
58466,train
8983,train
52849,train
20831,train
43359,train
27073,train
14965,train
66144,train
48211,train
57089,train
31777,train
41455,train
27780,train
67199,train
5448,train
39024,train
18141,train
63344,train
571,train
10032,train
21676,train
34906,train
40154,train
33885,train
44305,train
21007,train
13743,train
36880,train
19737,train
14145,train
60445,train
6884,train
10409,train
11172,train
30882,train
40872,train
54398,train
52721,train
43575,train
61471,train
16185,train
30492,train
50186,train
26058,train
25697,train
54582,train
4409,train
46254,train
32338,train
56578,train
69925,train
43702,train
50173,train
9450,train
59747,train
35916,train
17201,train
50207,train
29155,train
36899,train
40766,train
36614,train
55543,train
6254,train
52984,train
69403,train
29983,train
14155,train
13953,train
49457,train
50104,train
18060,train
63943,train
7051,train
68414,train
20964,train
58999,train
61702,train
36995,train
23648,train
34837,train
53617,train
9364,train
2190,train
5883,train
48424,train
4437,train
44300,train
19169,train
34578,train
67511,train
10365,train
35196,train
19926,train
19086,train
31902,train
65289,train
64824,train
62381,train
47037,train
14975,train
59846,train
42750,train
36536,train
70657,train
67096,train
26026,train
68029,train
66283,train
14757,train
69474,train
60918,train
3331,train
21686,train
22136,train
55310,train
23378,train
51843,train
67923,train
54874,train
52857,train
3243,train
68588,train
45880,train
51203,train
37560,train
22919,train
25175,train
62586,train
55221,train
22785,train
54205,train
53170,train
39403,train
13639,train
22410,train
17755,train
38247,train
34590,train
23862,train
32525,train
3033,train
11719,train
69133,train
53597,train
27707,train
56743,train
36653,train
49937,train
24104,train
52234,train
25966,train
22090,train
12068,train
16329,train
5348,train
36373,train
48182,train
8534,train
38116,train
41048,train
11132,train
13271,train
34630,train
12887,train
29401,train
17907,train
58634,train
41894,train
936,train
6578,train
33694,train
43282,train
44058,train
30792,train
62108,train
41241,train
43986,train
13200,train
56061,train
29066,train
45458,train
22216,train
35174,train
52689,train
25314,train
2954,train
11948,train
22417,train
67168,train
14865,train
70047,train
51883,train
38820,train
41983,train
758,train
11223,train
7909,train
52462,train
48073,train
30103,train
70013,train
28265,train
19538,train
24846,train
27055,train
953,train
49926,train
39746,train
12940,train
64855,train
21930,train
16382,train
17516,train
40917,train
28373,train
22933,train
62296,train
68236,train
68666,train
6744,train
36558,train
38612,train
45941,train
21365,train
70299,train
42779,train
53598,train
55997,train
24,train
45540,train
46091,train
67002,train
65413,train
4972,train
41190,train
35322,train
46862,train
239,train
5251,train
24181,train
41588,train
57475,train
33954,train
53305,train
30865,train
42389,train
3821,train
21685,train
45107,train
69247,train
50284,train
15255,train
15626,train
56642,train
30253,train
32347,train
64000,train
1929,train
47188,train
4787,train
50020,train
49186,train
25181,train
24934,train
4275,train
61306,train
25640,train
31975,train
44004,train
13887,train
27927,train
41001,train
5140,train
59346,train
61554,train
27125,train
30559,train
4711,train
29464,train
2620,train
52129,train
60354,train
64026,train
14273,train
54931,train
28433,train
6173,train
7393,train
24634,train
21588,train
46441,train
8845,train
59886,train
7611,train
5475,train
56892,train
32101,train
46657,train
49586,train
68973,train
12611,train
44028,train
20322,train
13011,train
3441,train
31993,train
25382,train
60427,train
19807,train
50442,train
25126,train
66175,train
23055,train
34673,train
69497,train
11556,train
26353,train
64899,train
59412,train
24124,train
45028,train
38142,train
33167,train
44127,train
43525,train
6410,train
26650,train
20913,train
47562,train
13818,train
35641,train
38341,train
48957,train
59745,train
4903,train
16604,train
17049,train
53178,train
47634,train
21568,train
41449,train
21217,train
34289,train
46467,train
61083,train
64021,train
35753,train
46344,train
5489,train
62591,train
39321,train
56082,train
50963,train
38938,train
44177,train
43768,train
15686,train
58424,train
31467,train
8999,train
5822,train
40501,train
67266,train
53475,train
46079,train
35491,train
19344,train
37029,train
62072,train
55765,train
39089,train
19816,train
11301,train
46561,train
43430,train
48644,train
51150,train
12410,train
61003,train
10121,train
50906,train
4716,train
14544,train
20043,train
30503,train
68389,train
58729,train
46928,train
20171,train
36387,train
35477,train
46364,train
34498,train
41196,train
44214,train
21191,train
43608,train
70404,train
13786,train
34106,train
56071,train
31068,train
12087,train
40933,train
64656,train
43233,train
11190,train
28105,train
46422,train
64903,train
24325,train
1823,train
2946,train
53843,train
15758,train
1652,train
11325,train
26155,train
11816,train
28600,train
46570,train
69962,train
32429,train
14745,train
46320,train
29842,train
11282,train
63128,train
450,train
10591,train
44624,train
22066,train
68479,train
34997,train
69440,train
67721,train
5761,train
55984,train
47447,train
31646,train
39691,train
67160,train
7843,train
65200,train
57280,train
51134,train
32566,train
33,train
2237,train
44804,train
62382,train
48978,train
8727,train
46227,train
28613,train
63783,train
67223,train
41749,train
22,train
34071,train
19041,train
20024,train
69826,train
14707,train
10620,train
53668,train
65264,train
55681,train
18929,train
67602,train
4111,train
63507,train
49693,train
4055,train
16980,train
38230,train
31852,train
43605,train
12991,train
50254,train
64546,train
33449,train
69424,train
52216,train
53889,train
14253,train
53572,train
3070,train
16238,train
48955,train
35538,train
15280,train
64039,train
28707,train
54913,train
15499,train
3003,train
11103,train
22836,train
52350,train
68058,train
33440,train
25999,train
41021,train
44890,train
30214,train
39313,train
22640,train
59168,train
20282,train
41513,train
65643,train
29335,train
45518,train
26807,train
59899,train
50296,train
11290,train
39,train
19328,train
25507,train
39304,train
58178,train
40123,train
28060,train
3711,train
19403,train
2194,train
63120,train
4431,train
20422,train
56024,train
42057,train
68972,train
14320,train
39325,train
5992,train
48753,train
43902,train
38983,train
56042,train
32724,train
38357,train
33324,train
27769,train
30455,train
5566,train
36127,train
40746,train
66113,train
7264,train
10115,train
48276,train
19660,train
59447,train
3534,train
50404,train
43440,train
66346,train
15767,train
27164,train
66453,train
36784,train
49211,train
15924,train
56078,train
20646,train
51196,train
3572,train
34261,train
22004,train
33724,train
24201,train
3704,train
19265,train
21257,train
18001,train
57778,train
6851,train
50433,train
30715,train
29515,train
16803,train
68718,train
18611,train
54584,train
48583,train
65144,train
39810,train
22353,train
6531,train
20824,train
29213,train
69771,train
21595,train
49411,train
30109,train
59545,train
51798,train
20360,train
54652,train
48507,train
9303,train
53741,train
66850,train
19054,train
54572,train
8624,train
57360,train
3814,train
27220,train
39665,train
65434,train
43882,train
18470,train
54890,train
68053,train
63940,train
46136,train
30316,train
42824,train
12009,train
19484,train
7370,train
27921,train
28513,train
45087,train
44902,train
32695,train
8199,train
33717,train
66448,train
296,train
49098,train
15052,train
69758,train
1730,train
48145,train
65872,train
41092,train
37305,train
63557,train
24190,train
38792,train
48636,train
64330,train
67004,train
52215,train
13448,train
14930,train
65680,train
52674,train
45010,train
40071,train
16975,train
33268,train
40282,train
68008,train
21706,train
32,train
49091,train
66914,train
66231,train
34694,train
61447,train
40290,train
33736,train
55841,train
57028,train
19199,train
38952,train
18008,train
40158,train
44457,train
20925,train
63872,train
56550,train
69229,train
19635,train
21168,train
21345,train
32215,train
47848,train
64637,train
45032,train
26530,train
44845,train
56523,train
4732,train
68336,train
30716,train
64336,train
49579,train
57123,train
47001,train
33796,train
63642,train
51876,train
63662,train
19413,train
67850,train
18287,train
70673,train
43302,train
62017,train
17451,train
68825,train
2571,train
49613,train
45693,train
6558,train
55079,train
7584,train
1479,train
18787,train
24836,train
40834,train
59093,train
10036,train
58338,train
33305,train
38768,train
54726,train
16675,train
17549,train
17900,train
64806,train
42018,train
54447,train
63296,train
57297,train
58897,train
25929,train
54064,train
36829,train
12682,train
70558,train
54851,train
1942,train
39544,train
66600,train
35274,train
2877,train
33099,train
9904,train
37412,train
15895,train
64049,train
9103,train
52403,train
60304,train
32197,train
12978,train
66194,train
43428,train
32458,train
53173,train
1903,train
32269,train
56418,train
1794,train
5986,train
45232,train
34752,train
29810,train
44956,train
30261,train
38593,train
38017,train
11522,train
41853,train
6405,train
42844,train
17313,train
30298,train
30938,train
57137,train
23097,train
48726,train
6406,train
14723,train
41141,train
62077,train
31708,train
64122,train
58709,train
54223,train
11827,train
51780,train
811,train
9955,train
20347,train
4878,train
31158,train
31946,train
14953,train
23246,train
37609,train
13530,train
6731,train
21701,train
11582,train
22837,train
65297,train
51315,train
19918,train
35837,train
52073,train
46503,train
63997,train
21564,train
52,train
40489,train
16909,train
57315,train
67736,train
53454,train
16043,train
12623,train
64327,train
67646,train
2637,train
7402,train
24262,train
65832,train
32032,train
9353,train
63138,train
19335,train
21774,train
36291,train
58467,train
33976,train
4316,train
19438,train
33011,train
20806,train
38703,train
32701,train
67129,train
20177,train
17122,train
7686,train
5561,train
38926,train
7523,train
5545,train
27378,train
48418,train
19409,train
51648,train
54969,train
55381,train
36162,train
50642,train
47381,train
22698,train
58174,train
50859,train
19336,train
14373,train
35462,train
46982,train
49429,train
32740,train
28508,train
8298,train
54858,train
19217,train
3144,train
35427,train
47321,train
39245,train
6898,train
59189,train
6437,train
15607,train
48245,train
40849,train
36074,train
7072,train
30442,train
35953,train
33227,train
67798,train
37661,train
42600,train
27652,train
26419,train
22681,train
48878,train
17803,train
13769,train
25372,train
61723,train
5895,train
28486,train
26116,train
29975,train
16260,train
8177,train
23479,train
50904,train
1932,train
37025,train
445,train
26202,train
61737,train
39886,train
41836,train
7167,train
56631,train
43908,train
10087,train
4281,train
7645,train
9184,train
26277,train
9309,train
68157,train
51630,train
48922,train
34814,train
30971,train
70510,train
52357,train
16749,train
34579,train
5119,train
6739,train
24528,train
30655,train
39380,train
16759,train
33020,train
47826,train
23870,train
11846,train
70451,train
16353,train
65506,train
27999,train
31373,train
65043,train
64859,train
60904,train
4202,train
47151,train
26918,train
29307,train
17550,train
9521,train
34336,train
27166,train
38557,train
5094,train
18407,train
62676,train
40009,train
12891,train
10698,train
66916,train
36174,train
13343,train
47094,train
3107,train
17435,train
63603,train
35599,train
13270,train
36362,train
260,train
60166,train
9282,train
43727,train
52515,train
22362,train
67509,train
11404,train
62218,train
26238,train
1987,train
65769,train
13326,train
34421,train
45741,train
10742,train
39177,train
55769,train
50110,train
4917,train
6999,train
3345,train
59433,train
26586,train
2378,train
39027,train
44208,train
53097,train
19395,train
56673,train
38501,train
13585,train
62684,train
46946,train
55289,train
70119,train
6503,train
13380,train
1447,train
51610,train
5465,train
36615,train
30526,train
14417,train
44098,train
3954,train
19225,train
45831,train
42629,train
11954,train
51554,train
8952,train
1573,train
39839,train
10122,train
42203,train
8008,train
54876,train
11081,train
66140,train
3836,train
11263,train
32213,train
70239,train
70217,train
59954,train
32565,train
56641,train
11513,train
55931,train
38701,train
35320,train
68404,train
40600,train
63192,train
37016,train
64337,train
18480,train
8527,train
37500,train
42898,train
25365,train
16247,train
416,train
3238,train
39458,train
57703,train
14478,train
69903,train
31630,train
13440,train
42760,train
32401,train
27879,train
4350,train
67866,train
40625,train
6676,train
2590,train
13856,train
27341,train
41149,train
53437,train
39453,train
28436,train
3135,train
11148,train
29379,train
27403,train
38978,train
45704,train
46790,train
18991,train
30287,train
65548,train
37164,train
40300,train
46639,train
19694,train
69694,train
44362,train
52624,train
61639,train
40682,train
63108,train
68376,train
29154,train
6407,train
5882,train
61972,train
54045,train
29263,train
53879,train
35974,train
37838,train
17591,train
53805,train
30387,train
43147,train
54414,train
46530,train
38961,train
50216,train
2323,train
70037,train
54421,train
63038,train
50703,train
42217,train
46339,train
50922,train
70612,train
48817,train
16655,train
52756,train
65110,train
36597,train
51002,train
37148,train
45070,train
62830,train
23644,train
11029,train
22577,train
37056,train
38765,train
67125,train
54434,train
4658,train
1916,train
42823,train
46256,train
39576,train
6888,train
7742,train
33997,train
1521,train
40829,train
60022,train
70022,train
67287,train
42257,train
2329,train
23694,train
11629,train
28970,train
30642,train
7269,train
8873,train
69459,train
3813,train
70514,train
67535,train
11216,train
70349,train
52927,train
16928,train
42707,train
62213,train
48698,train
51078,train
28404,train
20080,train
573,train
55407,train
53684,train
32986,train
6548,train
61583,train
43738,train
43930,train
15379,train
36131,train
63769,train
20462,train
26134,train
30128,train
34533,train
50367,train
16399,train
29657,train
46462,train
41729,train
30371,train
36151,train
62292,train
47011,train
20927,train
19904,train
65178,train
10938,train
35537,train
61236,train
49039,train
56617,train
44811,train
13833,train
42606,train
16973,train
31095,train
24940,train
28985,train
17259,train
23194,train
18162,train
26693,train
30816,train
52809,train
5683,train
40336,train
11673,train
62942,train
64267,train
25597,train
68405,train
304,train
26248,train
31408,train
47232,train
16273,train
20418,train
23610,train
65063,train
651,train
20759,train
2707,train
40989,train
25584,train
45705,train
7749,train
40734,train
27461,train
36966,train
29697,train
59328,train
41712,train
67361,train
13268,train
47322,train
37859,train
22753,train
11529,train
34371,train
55223,train
5298,train
1018,train
57171,train
50421,train
47538,train
48745,train
46385,train
29694,train
38220,train
19704,train
55852,train
34310,train
21033,train
20906,train
18873,train
16192,train
7345,train
18807,train
42632,train
5719,train
655,train
4897,train
58133,train
39721,train
22322,train
56801,train
35008,train
59239,train
43875,train
63289,train
13797,train
1494,train
5691,train
7866,train
42619,train
37142,train
37657,train
61679,train
52916,train
28750,train
37678,train
46625,train
56032,train
21799,train
40916,train
46545,train
29436,train
22574,train
3750,train
51059,train
21463,train
28446,train
62702,train
43060,train
4087,train
19478,train
58611,train
66800,train
41346,train
31882,train
59695,train
51058,train
60715,train
19956,train
47685,train
62505,train
51258,train
37347,train
737,train
29378,train
48415,train
28295,train
49133,train
12198,train
49809,train
12877,train
29997,train
42717,train
2978,train
30403,train
43195,train
33961,train
38246,train
60272,train
45163,train
57059,train
23918,train
36048,train
61914,train
62215,train
8639,train
60374,train
22827,train
12898,train
19994,train
68487,train
57662,train
58982,train
34594,train
37274,train
35474,train
66926,train
28167,train
14319,train
17734,train
14786,train
55481,train
24977,train
6103,train
45395,train
409,train
17346,train
63483,train
33040,train
52621,train
61159,train
23591,train
27917,train
41081,train
59540,train
5966,train
22279,train
62166,train
37736,train
6834,train
31655,train
16328,train
18726,train
19316,train
53943,train
66219,train
65670,train
55933,train
18690,train
7720,train
2915,train
41931,train
19833,train
22899,train
57871,train
56416,train
29581,train
8618,train
32374,train
33371,train
27776,train
69225,train
70507,train
36041,train
25342,train
38696,train
64105,train
65773,train
11073,train
64398,train
52228,train
14790,train
45999,train
40757,train
11138,train
52899,train
10990,train
56243,train
36562,train
60460,train
31962,train
26334,train
174,train
338,train
61075,train
58097,train
41332,train
45118,train
11400,train
22039,train
58486,train
5,train
26516,train
62273,train
4128,train
26201,train
644,train
26620,train
66993,train
23904,train
10876,train
37250,train
1659,train
66525,train
875,train
69425,train
66089,train
5667,train
70249,train
18667,train
66902,train
67356,train
32615,train
14766,train
50092,train
24913,train
26662,train
55970,train
41517,train
48092,train
28118,train
9686,train
46820,train
41454,train
53111,train
16612,train
64073,train
20987,train
59652,train
28329,train
66502,train
3882,train
19039,train
14839,train
59721,train
20647,train
17181,train
3840,train
57226,train
17364,train
31713,train
38084,train
60967,train
41959,train
37839,train
16076,train
5486,train
11476,train
11472,train
16652,train
56363,train
47978,train
47284,train
21608,train
53477,train
19730,train
67718,train
11602,train
68713,train
40714,train
5737,train
31058,train
33778,train
62495,train
17611,train
69984,train
46845,train
54107,train
45940,train
66338,train
59179,train
2698,train
8175,train
17143,train
5222,train
38390,train
67663,train
21062,train
54304,train
64755,train
50669,train
64783,train
41557,train
68960,train
46592,train
6614,train
64480,train
39807,train
8070,train
63660,train
23365,train
15637,train
36061,train
36580,train
69965,train
2147,train
68259,train
35035,train
57302,train
17037,train
738,train
60302,train
5443,train
29707,train
33814,train
68877,train
38472,train
55745,train
35553,train
12290,train
8280,train
57192,train
60179,train
11748,train
3141,train
19800,train
61798,train
20434,train
61474,train
57872,train
56798,train
60064,train
60209,train
13227,train
21468,train
31573,train
19966,train
57001,train
13656,train
58509,train
17820,train
68381,train
62485,train
53631,train
12432,train
46668,train
68639,train
65185,train
14636,train
4332,train
50710,train
45547,train
49972,train
10285,train
16490,train
36420,train
57500,train
60213,train
11478,train
117,train
60089,train
22033,train
43296,train
21123,train
8136,train
65395,train
21003,train
59271,train
19562,train
7098,train
62121,train
23885,train
3618,train
49015,train
30250,train
64210,train
42293,train
15807,train
48528,train
37300,train
56260,train
56613,train
61484,train
5071,train
8421,train
12142,train
16342,train
61352,train
36397,train
66153,train
23667,train
28304,train
21239,train
69202,train
7699,train
13324,train
59713,train
53179,train
8968,train
59894,train
59979,train
26999,train
57398,train
37738,train
6113,train
18539,train
58607,train
39754,train
34413,train
47266,train
31863,train
61949,train
7009,train
64005,train
52053,train
53578,train
70555,train
53569,train
45642,train
21767,train
37805,train
28945,train
49421,train
14261,train
13336,train
46107,train
22883,train
23204,train
9456,train
65418,train
24204,train
57152,train
55538,train
3279,train
51380,train
38296,train
25255,train
25043,train
6009,train
70129,train
44407,train
62760,train
62795,train
47707,train
40987,train
4257,train
28559,train
33475,train
49883,train
35193,train
16642,train
23717,train
17897,train
8442,train
49653,train
22233,train
46095,train
28612,train
66272,train
64787,train
64441,train
59442,train
67794,train
57542,train
17689,train
9702,train
36419,train
53323,train
20860,train
22791,train
68013,train
30804,train
14188,train
69596,train
40103,train
16045,train
35569,train
24199,train
13671,train
67888,train
19674,train
67892,train
69793,train
59801,train
69181,train
23036,train
10450,train
47866,train
11195,train
29243,train
24535,train
39803,train
33077,train
26052,train
36893,train
54331,train
10083,train
3996,train
48859,train
43149,train
30353,train
66058,train
51487,train
49846,train
61728,train
63732,train
45658,train
52471,train
32698,train
11035,train
37982,train
25052,train
20875,train
68852,train
20594,train
1940,train
35412,train
13140,train
7729,train
60588,train
7305,train
30914,train
21925,train
5130,train
42418,train
2757,train
27903,train
43542,train
42728,train
47650,train
19847,train
25387,train
3139,train
12562,train
50064,train
19887,train
4110,train
56534,train
43764,train
53729,train
63580,train
66335,train
19090,train
64454,train
25673,train
20152,train
5717,train
52750,train
65655,train
6587,train
12642,train
42819,train
39953,train
70304,train
18212,train
27763,train
27047,train
19165,train
26681,train
57208,train
20552,train
47916,train
24617,train
46138,train
1318,train
45519,train
37896,train
3548,train
35192,train
61654,train
45346,train
2300,train
62716,train
63897,train
34641,train
26951,train
70117,train
30216,train
45641,train
33119,train
14653,train
69347,train
18285,train
24182,train
18172,train
42063,train
33397,train
47240,train
61748,train
9326,train
67616,train
16188,train
781,train
62808,train
10761,train
26508,train
4595,train
3789,train
2027,train
63165,train
25341,train
42171,train
36441,train
19831,train
64259,train
70307,train
49824,train
31304,train
49554,train
43220,train
69332,train
3758,train
35081,train
43832,train
1329,train
906,train
19452,train
20026,train
16929,train
62325,train
52991,train
33338,train
1860,train
57623,train
8197,train
10213,train
45582,train
19274,train
511,train
62905,train
13956,train
40563,train
12884,train
26645,train
22807,train
43933,train
37187,train
29808,train
26017,train
2692,train
47784,train
61764,train
43739,train
22769,train
40886,train
25646,train
9953,train
1937,train
60859,train
1037,train
44243,train
15702,train
7477,train
14182,train
32536,train
67048,train
51948,train
20527,train
12168,train
16465,train
46833,train
42361,train
70606,train
40076,train
9127,train
31476,train
23113,train
3425,train
33257,train
24862,train
30270,train
55540,train
44327,train
5839,train
44145,train
40905,train
14580,train
52528,train
49304,train
39747,train
39929,train
4709,train
1612,train
16456,train
6476,train
70209,train
55459,train
7203,train
66466,train
90,train
56539,train
6051,train
23328,train
36159,train
11793,train
17020,train
45570,train
23392,train
47774,train
10465,train
30458,train
67675,train
58833,train
43116,train
32798,train
42384,train
1906,train
5319,train
25439,train
1682,train
70357,train
29094,train
6792,train
36780,train
61097,train
22313,train
45393,train
41415,train
65424,train
34434,train
14569,train
42126,train
49430,train
39239,train
24603,train
53214,train
44341,train
3361,train
64874,train
59248,train
45980,train
31305,train
33528,train
41167,train
33818,train
59443,train
56398,train
6513,train
39113,train
61724,train
39276,train
59158,train
60653,train
26375,train
62707,train
60945,train
24871,train
17715,train
38254,train
15883,train
18753,train
34986,train
57512,train
20682,train
31649,train
44897,train
59539,train
62584,train
24525,train
41221,train
14754,train
44555,train
60447,train
16167,train
50115,train
34464,train
27413,train
48901,train
30022,train
35873,train
28267,train
13359,train
26917,train
43250,train
52189,train
16116,train
38789,train
19901,train
49005,train
54057,train
6385,train
61259,train
57716,train
66992,train
28124,train
28754,train
49111,train
45152,train
40585,train
70263,train
13316,train
33549,train
11897,train
66314,train
1587,train
51845,train
14300,train
68115,train
16488,train
31448,train
11003,train
4116,train
34027,train
48254,train
5181,train
17013,train
6997,train
26168,train
17055,train
33147,train
59692,train
2179,train
31394,train
3705,train
26834,train
57392,train
36850,train
16476,train
45668,train
15176,train
62083,train
1315,train
63826,train
14105,train
20774,train
56178,train
13090,train
6637,train
22675,train
6990,train
51505,train
6835,train
5753,train
55283,train
9839,train
23665,train
60724,train
33053,train
26087,train
54253,train
40758,train
51052,train
14913,train
19556,train
2360,train
32532,train
11336,train
39925,train
3585,train
24868,train
50413,train
56771,train
54533,train
19652,train
41098,train
5051,train
24069,train
57691,train
7714,train
37252,train
16515,train
721,train
17918,train
10715,train
22745,train
26264,train
6279,train
28821,train
33217,train
27886,train
21742,train
58988,train
31925,train
24469,train
18449,train
34335,train
48130,train
6869,train
15000,train
4949,train
21135,train
8020,train
19959,train
37953,train
33073,train
7459,train
8051,train
20085,train
28922,train
69974,train
36622,train
14036,train
5351,train
28342,train
35464,train
26777,train
9507,train
26851,train
4752,train
61472,train
61954,train
10626,train
49109,train
312,train
17764,train
41034,train
58720,train
28856,train
30580,train
65884,train
65210,train
49987,train
18881,train
58342,train
27205,train
138,train
23336,train
5350,train
45507,train
51920,train
3912,train
7457,train
43081,train
37188,train
6670,train
10842,train
21457,train
16822,train
16031,train
28466,train
68528,train
23276,train
43631,train
25496,train
22585,train
48343,train
45263,train
53201,train
25782,train
36798,train
53730,train
63080,train
29493,train
5947,train
48960,train
38868,train
12676,train
21500,train
32887,train
35545,train
11635,train
15121,train
37041,train
26832,train
10164,train
56709,train
38957,train
45489,train
65189,train
36715,train
41051,train
52143,train
62552,train
35126,train
49368,train
27658,train
47241,train
68091,train
23022,train
17711,train
12286,train
51556,train
30143,train
14834,train
30497,train
29122,train
51865,train
54307,train
18023,train
7756,train
15221,train
52861,train
12150,train
21399,train
62711,train
19532,train
53782,train
1796,train
32315,train
24937,train
53689,train
7573,train
51517,train
9385,train
33366,train
41177,train
47145,train
16856,train
17739,train
1939,train
20164,train
67566,train
29548,train
11012,train
65350,train
44565,train
30806,train
5666,train
66285,train
54470,train
41512,train
39452,train
30038,train
7921,train
64754,train
39442,train
17943,train
69271,train
64619,train
24548,train
36289,train
8449,train
8922,train
31722,train
17804,train
56152,train
63937,train
28795,train
38460,train
15047,train
43402,train
12785,train
43382,train
70671,train
19284,train
39081,train
54846,train
65259,train
29532,train
58894,train
47988,train
14559,train
43230,train
68894,train
21822,train
65530,train
1164,train
14388,train
28021,train
7615,train
70011,train
64547,train
61717,train
31615,train
23744,train
8076,train
67885,train
26117,train
56543,train
70508,train
29340,train
69447,train
44727,train
4046,train
18188,train
30742,train
56622,train
6445,train
11294,train
7998,train
23470,train
62939,train
31281,train
19607,train
45607,train
7555,train
62162,train
8665,train
62669,train
3040,train
44232,train
27417,train
54990,train
33941,train
60060,train
28068,train
61458,train
165,train
36753,train
1487,train
26865,train
23567,train
46824,train
38053,train
18039,train
44993,train
51259,train
29406,train
50858,train
40968,train
43387,train
50569,train
65179,train
33445,train
42668,train
23944,train
20948,train
70496,train
32057,train
14784,train
56779,train
31069,train
36934,train
14230,train
23977,train
18236,train
14718,train
46838,train
14734,train
64082,train
28992,train
4239,train
59551,train
5038,train
949,train
7668,train
43109,train
6572,train
57329,train
68537,train
10896,train
25965,train
16549,train
46817,train
23618,train
19667,train
67229,train
28666,train
32864,train
70024,train
68231,train
67177,train
37591,train
41148,train
28161,train
69284,train
1079,train
14236,train
38264,train
57987,train
60023,train
39813,train
2623,train
53177,train
67913,train
66753,train
32227,train
10298,train
30292,train
44321,train
26091,train
12883,train
20516,train
57951,train
13024,train
16831,train
56874,train
50835,train
29807,train
66491,train
40589,train
22953,train
3446,train
484,train
23200,train
39397,train
68547,train
46449,train
2241,train
44036,train
11752,train
67397,train
12201,train
39300,train
46940,train
5007,train
634,train
62757,train
17703,train
33044,train
34288,train
53347,train
6352,train
63029,train
49250,train
31181,train
6577,train
31019,train
37795,train
2153,train
9738,train
32335,train
14334,train
54034,train
31688,train
29444,train
39128,train
43610,train
3197,train
50727,train
68954,train
53421,train
51219,train
30603,train
36149,train
68671,train
1212,train
48167,train
10653,train
27106,train
44410,train
20994,train
13480,train
9516,train
21603,train
63306,train
37079,train
42666,train
28976,train
66458,train
15696,train
27700,train
62575,train
43152,train
46869,train
68268,train
20656,train
60603,train
1496,train
19931,train
15625,train
59917,train
48674,train
4932,train
48719,train
34599,train
66400,train
14604,train
11226,train
50079,train
25699,train
21031,train
5099,train
43552,train
53971,train
19234,train
28884,train
8469,train
66816,train
8225,train
25345,train
64205,train
59931,train
53429,train
40077,train
36357,train
40544,train
2600,train
70577,train
24206,train
12343,train
11645,train
19783,train
18815,train
64561,train
16560,train
59527,train
2243,train
54061,train
33709,train
67057,train
6381,train
67460,train
55562,train
54706,train
32251,train
61675,train
37453,train
42856,train
67994,train
63467,train
11958,train
63825,train
17265,train
13721,train
48965,train
25964,train
19213,train
12459,train
8822,train
52080,train
53020,train
64118,train
52985,train
9115,train
25231,train
46425,train
11146,train
65391,train
41731,train
36227,train
14586,train
31475,train
52156,train
12565,train
44388,train
44277,train
11151,train
29242,train
22294,train
7219,train
25815,train
14995,train
60515,train
27173,train
69739,train
33573,train
51846,train
27062,train
68703,train
56494,train
31333,train
50883,train
42161,train
319,train
48647,train
5526,train
12741,train
21658,train
34802,train
25242,train
49298,train
37361,train
67559,train
18904,train
891,train
43106,train
55752,train
8977,train
56003,train
50435,train
35535,train
10550,train
66193,train
13252,train
24501,train
11026,train
52146,train
15243,train
14075,train
69464,train
33239,train
42429,train
22376,train
57679,train
63320,train
7809,train
19786,train
49924,train
23018,train
35879,train
57095,train
26240,train
29874,train
65263,train
56159,train
23234,train
20988,train
51031,train
29646,train
33500,train
21378,train
7698,train
42290,train
15978,train
6006,train
14918,train
23190,train
48608,train
23726,train
57236,train
45155,train
4938,train
27868,train
30523,train
19236,train
42227,train
24265,train
4989,train
53732,train
3953,train
17807,train
19441,train
31339,train
60840,train
24287,train
60341,train
2537,train
38838,train
69256,train
20027,train
67447,train
47056,train
51248,train
35680,train
62004,train
25628,train
61126,train
21739,train
43275,train
40777,train
32219,train
6190,train
25128,train
51335,train
70364,train
1280,train
4131,train
43712,train
22389,train
47052,train
52539,train
9718,train
52242,train
30435,train
36425,train
55890,train
68586,train
67936,train
63821,train
15511,train
14079,train
208,train
21052,train
56377,train
53604,train
13207,train
53371,train
28315,train
20115,train
21980,train
6566,train
5213,train
66688,train
33228,train
39579,train
66310,train
69348,train
12243,train
61257,train
37510,train
7395,train
43676,train
19997,train
47723,train
33668,train
57701,train
44049,train
37456,train
46104,train
39111,train
12481,train
41961,train
68944,train
64506,train
60812,train
56432,train
39680,train
68285,train
8336,train
43492,train
37401,train
49665,train
62422,train
63180,train
15288,train
37937,train
16738,train
9808,train
34448,train
6592,train
37367,train
3959,train
46137,train
22255,train
13361,train
65749,train
35161,train
51192,train
17291,train
18418,train
13873,train
4428,train
16568,train
51327,train
45672,train
28381,train
15367,train
24297,train
2493,train
24018,train
59321,train
15515,train
50936,train
18363,train
49030,train
35246,train
23657,train
42537,train
31125,train
15192,train
16376,train
47412,train
57388,train
66496,train
8687,train
30137,train
13005,train
1306,train
34357,train
56050,train
20917,train
67896,train
67488,train
41591,train
66900,train
70560,train
12473,train
11403,train
43818,train
68351,train
31644,train
6846,train
52600,train
45177,train
55982,train
38277,train
38356,train
24365,train
6344,train
26159,train
494,train
10790,train
36624,train
15620,train
69774,train
65027,train
35774,train
42025,train
9061,train
16723,train
45400,train
35248,train
25076,train
68410,train
53103,train
30885,train
359,train
45920,train
11701,train
39820,train
39713,train
42393,train
46695,train
33643,train
36342,train
37037,train
20458,train
41072,train
39292,train
56663,train
17452,train
57682,train
4029,train
34596,train
47253,train
64956,train
63774,train
5446,train
19696,train
52948,train
22320,train
7160,train
38424,train
69018,train
17151,train
48776,train
60230,train
17106,train
4967,train
44839,train
34479,train
13527,train
26144,train
57085,train
62689,train
34843,train
34302,train
613,train
60570,train
38697,train
22413,train
56777,train
68592,train
35859,train
67046,train
36035,train
44010,train
36510,train
49936,train
37426,train
23436,train
59059,train
54443,train
14690,train
56602,train
38170,train
7813,train
15488,train
14052,train
27184,train
31155,train
13675,train
39277,train
35417,train
13292,train
29819,train
57355,train
66798,train
16065,train
2442,train
48783,train
16457,train
45198,train
31264,train
4443,train
46808,train
26920,train
40409,train
9579,train
17187,train
54889,train
10948,train
30191,train
25079,train
40524,train
62171,train
14177,train
31531,train
57723,train
42464,train
38475,train
14093,train
53531,train
70284,train
6501,train
36628,train
40753,train
4714,train
45016,train
64681,train
54621,train
4628,train
27001,train
58020,train
10707,train
15468,train
57557,train
3021,train
53972,train
59389,train
34154,train
53856,train
41680,train
16768,train
68723,train
9270,train
65873,train
5971,train
49705,train
16615,train
64226,train
64570,train
46691,train
12272,train
18375,train
11322,train
70134,train
6845,train
2314,train
65803,train
14237,train
70449,train
15858,train
53934,train
62730,train
49324,train
41540,train
11763,train
11256,train
52585,train
23221,train
31138,train
4773,train
51934,train
16925,train
55069,train
9479,train
31549,train
42967,train
13394,train
50116,train
69187,train
34723,train
34367,train
20148,train
15187,train
52286,train
54491,train
9343,train
44154,train
446,train
27508,train
3173,train
36443,train
19883,train
61322,train
14167,train
35996,train
9305,train
22999,train
28553,train
70004,train
25936,train
21440,train
29232,train
37342,train
11296,train
25032,train
41266,train
48037,train
11600,train
12563,train
17895,train
20748,train
60323,train
33374,train
65138,train
26348,train
34390,train
6265,train
52173,train
24450,train
57218,train
61316,train
7243,train
57188,train
47055,train
7134,train
62605,train
10033,train
48676,train
21028,train
42595,train
4608,train
45904,train
8830,train
54199,train
3529,train
46762,train
27366,train
33465,train
37048,train
34618,train
12802,train
22777,train
44461,train
57633,train
704,train
65911,train
38656,train
48383,train
60663,train
16852,train
5460,train
53760,train
58619,train
14492,train
8476,train
24460,train
63631,train
36023,train
56295,train
30426,train
65840,train
22071,train
1203,train
33800,train
25075,train
14716,train
17769,train
62634,train
19242,train
9164,train
40323,train
54143,train
54957,train
37960,train
52824,train
63360,train
40573,train
20103,train
65822,train
7315,train
37943,train
55773,train
16129,train
65569,train
31310,train
175,train
50623,train
53772,train
68395,train
30376,train
4694,train
20034,train
59054,train
23133,train
19131,train
40283,train
32059,train
51653,train
62739,train
42172,train
7658,train
28343,train
14303,train
42430,train
63423,train
6600,train
26057,train
40604,train
53221,train
63781,train
47225,train
19293,train
36570,train
4853,train
9020,train
22205,train
53336,train
67779,train
8611,train
41677,train
708,train
15363,train
64129,train
2931,train
24160,train
62513,train
28036,train
30509,train
25301,train
4411,train
60024,train
50217,train
28554,train
51125,train
35846,train
62219,train
13223,train
51353,train
11254,train
43611,train
43592,train
25951,train
31420,train
40782,train
65928,train
65117,train
62348,train
9224,train
49756,train
68102,train
32738,train
64608,train
20139,train
70045,train
21285,train
60116,train
13511,train
3381,train
50307,train
25819,train
32127,train
2826,train
23140,train
68540,train
46687,train
63330,train
41487,train
19253,train
66471,train
29969,train
10956,train
8685,train
55502,train
46457,train
39734,train
24354,train
40353,train
57516,train
25562,train
20687,train
2053,train
34153,train
13558,train
44694,train
29793,train
59432,train
63469,train
61292,train
67205,train
26684,train
39534,train
12296,train
15075,train
59014,train
14,train
70523,train
36209,train
1976,train
33547,train
22446,train
46070,train
13770,train
19180,train
46917,train
57244,train
42734,train
39740,train
10338,train
40723,train
65574,train
41322,train
7342,train
69367,train
58426,train
21630,train
35439,train
9039,train
4184,train
62345,train
61565,train
3407,train
35601,train
29762,train
6156,train
67557,train
1221,train
25465,train
43968,train
62036,train
29344,train
31361,train
7139,train
17327,train
26952,train
50620,train
1036,train
42445,train
23720,train
8883,train
50326,train
60422,train
8133,train
67335,train
59137,train
66826,train
57026,train
67295,train
12461,train
4289,train
52874,train
70463,train
7245,train
16470,train
27139,train
53749,train
19536,train
63843,train
53192,train
5209,train
33605,train
39003,train
47033,train
64779,train
60488,train
31211,train
17172,train
8140,train
58852,train
53018,train
41425,train
28033,train
27196,train
13265,train
14453,train
50279,train
65509,train
59494,train
54269,train
39521,train
8263,train
11664,train
13080,train
8463,train
18047,train
51674,train
40421,train
37124,train
10100,train
2311,train
44843,train
44741,train
23261,train
60610,train
42950,train
41830,train
66504,train
40857,train
26386,train
34801,train
27883,train
16159,train
64462,train
46183,train
68217,train
17592,train
21307,train
68857,train
15730,train
59224,train
4672,train
41226,train
36650,train
1568,train
44438,train
184,train
17839,train
11560,train
31980,train
44978,train
62009,train
69636,train
68261,train
16563,train
29382,train
19205,train
7283,train
56426,train
61383,train
53823,train
59057,train
3421,train
55874,train
35551,train
26619,train
43677,train
65581,train
16408,train
24072,train
65618,train
18925,train
6151,train
57096,train
63376,train
49971,train
55837,train
15918,train
39707,train
64515,train
64367,train
52187,train
22539,train
10163,train
47654,train
46022,train
24394,train
1752,train
7441,train
16693,train
35940,train
5841,train
944,train
47597,train
69853,train
44507,train
36334,train
32478,train
47089,train
45127,train
37571,train
64251,train
64044,train
53599,train
43665,train
53322,train
38940,train
49057,train
56216,train
2838,train
1660,train
50304,train
306,train
44752,train
60419,train
34833,train
40991,train
17621,train
43539,train
42328,train
33261,train
43931,train
4996,train
66488,train
59250,train
30913,train
10577,train
22231,train
60200,train
4536,train
33336,train
56925,train
5436,train
7155,train
56660,train
22305,train
6824,train
32710,train
32897,train
17520,train
56866,train
32715,train
54430,train
31505,train
36301,train
30630,train
50898,train
43543,train
62199,train
15866,train
18534,train
625,train
23723,train
8537,train
43019,train
6294,train
28814,train
9492,train
16525,train
14436,train
13181,train
63159,train
42269,train
49744,train
55158,train
55617,train
35239,train
20708,train
11922,train
31413,train
43487,train
3550,train
562,train
27633,train
25861,train
14807,train
36609,train
14035,train
10827,train
39589,train
29686,train
56227,train
24909,train
18908,train
44091,train
63849,train
59047,train
66754,train
50663,train
45990,train
4186,train
70240,train
54359,train
12259,train
39969,train
55406,train
60604,train
37525,train
34910,train
37670,train
33615,train
59523,train
3740,train
46732,train
39385,train
30855,train
23891,train
50564,train
8626,train
44734,train
5877,train
3442,train
48459,train
28712,train
27285,train
1120,train
55269,train
47081,train
3718,train
63728,train
17050,train
69890,train
30889,train
56195,train
48024,train
36980,train
19819,train
41484,train
3218,train
6875,train
33072,train
57301,train
63415,train
23803,train
51591,train
2017,train
8596,train
59575,train
27404,train
64895,train
48843,train
24738,train
14615,train
64820,train
33744,train
33987,train
46731,train
11083,train
33201,train
25725,train
4263,train
55834,train
18454,train
67490,train
39227,train
20324,train
67834,train
65236,train
31335,train
46805,train
3664,train
12959,train
62457,train
34275,train
41966,train
58232,train
41201,train
9280,train
50540,train
39256,train
19529,train
56047,train
28626,train
63763,train
40228,train
25031,train
58771,train
59067,train
55602,train
16877,train
4779,train
7848,train
61079,train
61777,train
61935,train
1333,train
8962,train
28504,train
38213,train
2004,train
47004,train
47616,train
7071,train
69504,train
53151,train
67427,train
41634,train
40790,train
24973,train
55626,train
58488,train
68422,train
40220,train
15105,train
50380,train
59486,train
16677,train
63025,train
13184,train
17795,train
34489,train
15503,train
57,train
25993,train
68705,train
29032,train
34781,train
43169,train
70566,train
70109,train
56633,train
45526,train
31293,train
28829,train
62137,train
54279,train
6227,train
48137,train
69988,train
24692,train
66118,train
15650,train
35982,train
53643,train
37075,train
69127,train
57394,train
36636,train
36128,train
59515,train
24529,train
15577,train
18974,train
10632,train
37239,train
62682,train
20670,train
70569,train
9636,train
69039,train
53964,train
41981,train
814,train
65744,train
9488,train
8342,train
7372,train
66581,train
60137,train
46145,train
8105,train
65507,train
64247,train
21373,train
14534,train
63721,train
20843,train
29251,train
31685,train
17494,train
34222,train
59470,train
63284,train
69605,train
38480,train
31958,train
46942,train
65729,train
54117,train
56778,train
20182,train
54092,train
8407,train
24006,train
42579,train
6710,train
40142,train
1117,train
29680,train
63912,train
8846,train
25694,train
11503,train
64490,train
42170,train
44554,train
5417,train
22193,train
65868,train
57615,train
3762,train
36002,train
41118,train
31446,train
15407,train
10215,train
42972,train
50865,train
33392,train
18555,train
26228,train
15963,train
17419,train
50379,train
48811,train
43347,train
36157,train
48729,train
2785,train
68411,train
70188,train
10662,train
34869,train
11674,train
69676,train
42542,train
49345,train
16654,train
70184,train
8809,train
61273,train
34075,train
21041,train
6166,train
39447,train
9680,train
5295,train
24032,train
52382,train
57222,train
37015,train
54747,train
17164,train
19602,train
49408,train
65906,train
7880,train
65271,train
51066,train
16502,train
62359,train
63486,train
26625,train
67525,train
53833,train
23698,train
2584,train
8434,train
28332,train
54009,train
55710,train
13878,train
30536,train
31704,train
42305,train
57314,train
66994,train
49947,train
2357,train
53270,train
5474,train
1696,train
44411,train
52683,train
8791,train
41409,train
10970,train
67530,train
53580,train
39286,train
11995,train
1734,train
38355,train
41448,train
2859,train
10687,train
68491,train
14083,train
11015,train
16259,train
43354,train
39689,train
67937,train
69120,train
61566,train
37969,train
67247,train
23296,train
10560,train
22938,train
21900,train
42107,train
58604,train
4493,train
69828,train
5164,train
61051,train
27773,train
56465,train
26929,train
2309,train
8429,train
44578,train
62334,train
15029,train
47024,train
9832,train
45452,train
14281,train
11001,train
63217,train
30335,train
14085,train
61586,train
49193,train
32841,train
15616,train
56188,train
19027,train
22794,train
28341,train
52534,train
1626,train
58447,train
52472,train
68651,train
66180,train
50473,train
67980,train
57034,train
45439,train
51814,train
6889,train
4891,train
907,train
17843,train
10571,train
44413,train
24295,train
43997,train
35492,train
31106,train
13040,train
35456,train
32572,train
27468,train
29743,train
12141,train
35425,train
44371,train
10845,train
63691,train
3979,train
13395,train
37170,train
25204,train
1391,train
39566,train
58166,train
61780,train
33933,train
35384,train
4158,train
2777,train
23355,train
31276,train
43385,train
1672,train
19913,train
30110,train
11464,train
65377,train
66355,train
22560,train
971,train
22830,train
40184,train
62503,train
13531,train
23915,train
12875,train
36730,train
5297,train
7780,train
33075,train
36490,train
36315,train
6203,train
29709,train
12399,train
35041,train
20848,train
34954,train
44789,train
29446,train
49142,train
68667,train
7723,train
13026,train
59500,train
66843,train
68612,train
54438,train
27923,train
21696,train
64649,train
21193,train
8853,train
43051,train
56408,train
18360,train
64373,train
53808,train
7133,train
66677,train
31378,train
7858,train
38755,train
25129,train
16104,train
34637,train
25213,train
55233,train
45743,train
64234,train
15627,train
9709,train
10392,train
43231,train
18235,train
30312,train
64578,train
46233,train
7879,train
46888,train
60014,train
43319,train
64872,train
65528,train
9494,train
58839,train
4224,train
9989,train
20079,train
34410,train
29881,train
24874,train
55578,train
43125,train
13291,train
9383,train
40339,train
29079,train
53054,train
25095,train
50349,train
15935,train
48388,train
33965,train
64007,train
43328,train
44017,train
11458,train
43190,train
59157,train
62767,train
63873,train
27559,train
21480,train
36196,train
52966,train
29593,train
21606,train
48673,train
52083,train
28246,train
44166,train
49307,train
44111,train
16602,train
938,train
8799,train
42758,train
44560,train
33730,train
36351,train
2222,train
16660,train
62581,train
22965,train
16736,train
19535,train
47079,train
12524,train
11491,train
20903,train
46712,train
31184,train
49141,train
33470,train
25885,train
65126,train
5123,train
39978,train
33679,train
10345,train
14219,train
37554,train
7414,train
43526,train
24319,train
70465,train
59005,train
27831,train
26994,train
41344,train
21414,train
58911,train
9572,train
25490,train
59734,train
55341,train
47289,train
17688,train
10579,train
42036,train
49179,train
6457,train
4430,train
40743,train
40354,train
45165,train
49082,train
26938,train
18759,train
15072,train
36008,train
62295,train
69924,train
13982,train
53238,train
50130,train
38750,train
41079,train
8627,train
51884,train
27794,train
17766,train
30235,train
55669,train
619,train
69501,train
41880,train
7206,train
4836,train
46147,train
38583,train
44810,train
39484,train
7953,train
17036,train
40034,train
32361,train
61426,train
63033,train
41057,train
26577,train
6712,train
43749,train
35162,train
64869,train
20522,train
55959,train
63562,train
52344,train
2461,train
15879,train
37725,train
7190,train
45843,train
31002,train
52340,train
8993,train
6839,train
40926,train
64347,train
52598,train
13682,train
11109,train
13942,train
20696,train
70452,train
70031,train
63220,train
58432,train
43565,train
24369,train
63784,train
33977,train
41790,train
18336,train
16531,train
40239,train
41111,train
9259,train
40796,train
41927,train
54126,train
52277,train
68001,train
6332,train
26082,train
224,train
17098,train
10008,train
63149,train
54075,train
39125,train
49956,train
14229,train
20781,train
67755,train
68273,train
47450,train
16025,train
45447,train
29228,train
50,train
32800,train
47835,train
38749,train
53161,train
30773,train
30609,train
65212,train
52154,train
6536,train
16521,train
12781,train
21443,train
38251,train
52884,train
36843,train
22831,train
3058,train
24130,train
48598,train
12320,train
66282,train
46517,train
8806,train
24105,train
13344,train
51501,train
49913,train
49174,train
62452,train
38265,train
44552,train
30500,train
49201,train
18629,train
16696,train
4268,train
42810,train
28526,train
61146,train
37391,train
35724,train
65986,train
11084,train
56321,train
24596,train
3162,train
48083,train
56600,train
62832,train
15344,train
15853,train
15868,train
41885,train
13782,train
42225,train
56384,train
4909,train
2330,train
21448,train
32243,train
45153,train
15795,train
30297,train
7406,train
22716,train
54866,train
31369,train
52576,train
143,train
64857,train
35508,train
30417,train
42354,train
34081,train
68841,train
46801,train
34198,train
4113,train
69025,train
32457,train
26269,train
593,train
46187,train
29974,train
16650,train
32164,train
2901,train
49671,train
61632,train
47242,train
30181,train
17493,train
52402,train
39626,train
49371,train
14128,train
69723,train
23746,train
21514,train
46562,train
64497,train
49965,train
66332,train
17868,train
18716,train
3111,train
51665,train
806,train
25105,train
42546,train
27110,train
9518,train
329,train
23026,train
22442,train
65167,train
11473,train
61878,train
18767,train
24039,train
55234,train
12354,train
28484,train
62349,train
35998,train
15603,train
66141,train
13710,train
11467,train
3646,train
1967,train
4433,train
18595,train
1747,train
57452,train
51159,train
15117,train
40056,train
38769,train
11622,train
37985,train
26821,train
5369,train
67975,train
31578,train
21700,train
14159,train
33128,train
39388,train
39441,train
26921,train
9824,train
22105,train
7774,train
1363,train
68957,train
47811,train
56040,train
17418,train
2011,train
4791,train
6510,train
3584,train
65310,train
23335,train
47065,train
2649,train
2238,train
43850,train
68974,train
47664,train
36927,train
70168,train
18262,train
4970,train
7350,train
44168,train
63736,train
35971,train
34085,train
64302,train
25519,train
6904,train
22383,train
2198,train
12077,train
28743,train
57825,train
54612,train
50654,train
20675,train
37459,train
51100,train
63975,train
16951,train
32260,train
13645,train
66374,train
586,train
24797,train
7643,train
53365,train
69580,train
66354,train
58971,train
44521,train
879,train
16463,train
20371,train
59026,train
35415,train
13724,train
25086,train
55207,train
10150,train
31895,train
17159,train
59232,train
26494,train
58080,train
12599,train
61110,train
66359,train
18508,train
44680,train
17701,train
47216,train
52241,train
39601,train
31334,train
56011,train
59362,train
38974,train
10378,train
51764,train
37261,train
37492,train
35702,train
68915,train
46120,train
36941,train
25721,train
17221,train
65171,train
66620,train
66551,train
6453,train
15021,train
10865,train
67704,train
20539,train
31899,train
63002,train
52821,train
33174,train
3264,train
56288,train
27951,train
39124,train
23796,train
31876,train
4580,train
1418,train
35472,train
3261,train
32622,train
66796,train
1619,train
6877,train
61286,train
21002,train
43957,train
28523,train
16087,train
19391,train
66863,train
55962,train
51484,train
22644,train
48260,train
42453,train
30131,train
6498,train
44799,train
7018,train
48547,train
31948,train
43317,train
42380,train
52513,train
30564,train
6369,train
54142,train
25286,train
62897,train
1657,train
30691,train
125,train
32951,train
54521,train
24475,train
40243,train
25287,train
45706,train
30574,train
20427,train
24621,train
66319,train
22901,train
2282,train
62996,train
7437,train
2283,train
62384,train
32006,train
2764,train
5468,train
48076,train
61065,train
49822,train
69730,train
44274,train
59842,train
52573,train
22873,train
21682,train
10720,train
30074,train
2099,train
11383,train
26307,train
40022,train
10079,train
43049,train
36290,train
51597,train
61978,train
48270,train
60607,train
39843,train
10458,train
10425,train
22045,train
60685,train
8216,train
63095,train
50237,train
42908,train
12229,train
19270,train
58160,train
54863,train
31031,train
57162,train
30205,train
44703,train
59136,train
48085,train
67399,train
40401,train
16598,train
48503,train
66331,train
21431,train
41648,train
14186,train
58329,train
10665,train
66120,train
19749,train
12073,train
48423,train
47808,train
44501,train
256,train
65170,train
41248,train
19383,train
33134,train
53157,train
38862,train
20544,train
56239,train
36974,train
38695,train
37823,train
47967,train
62544,train
69516,train
51337,train
12065,train
55858,train
58456,train
64536,train
42875,train
45219,train
29440,train
32809,train
53697,train
34963,train
22846,train
54951,train
2067,train
31968,train
29570,train
52866,train
43837,train
58148,train
54753,train
56773,train
31796,train
50592,train
17309,train
5549,train
45096,train
12806,train
70291,train
32848,train
51604,train
58000,train
51566,train
38154,train
43310,train
33739,train
15859,train
42275,train
13021,train
40371,train
6037,train
26932,train
14785,train
23386,train
12550,train
40706,train
66185,train
48962,train
27737,train
3110,train
66497,train
69731,train
70301,train
56598,train
56266,train
64069,train
10504,train
46239,train
7764,train
27950,train
64776,train
862,train
65946,train
51224,train
26280,train
34614,train
47972,train
55008,train
51124,train
39639,train
34934,train
14433,train
15887,train
42745,train
24324,train
32765,train
50737,train
57232,train
69218,train
68108,train
3153,train
46366,train
1377,train
48126,train
36860,train
12494,train
15128,train
30077,train
19608,train
56884,train
40511,train
3566,train
44943,train
18935,train
59335,train
70378,train
30546,train
54774,train
32684,train
60273,train
40535,train
23019,train
42397,train
41862,train
180,train
56513,train
15604,train
42794,train
37197,train
30697,train
39671,train
68999,train
8451,train
22702,train
20910,train
17086,train
55319,train
69096,train
11698,train
9500,train
49136,train
38075,train
20765,train
9544,train
3978,train
58757,train
30846,train
20341,train
60837,train
590,train
57005,train
63515,train
6478,train
25201,train
44760,train
4642,train
22842,train
23990,train
51816,train
62779,train
49690,train
17626,train
66043,train
38403,train
66708,train
49863,train
19960,train
46442,train
10057,train
12979,train
64543,train
44682,train
49284,train
27537,train
13668,train
57115,train
13503,train
56795,train
36693,train
38813,train
37828,train
46378,train
20398,train
60345,train
48099,train
21029,train
3483,train
26737,train
45924,train
18816,train
1019,train
42092,train
39178,train
59524,train
30154,train
18313,train
892,train
11823,train
35858,train
7994,train
36415,train
68342,train
14033,train
2074,train
49651,train
61402,train
5681,train
38570,train
52376,train
64756,train
9534,train
21243,train
38915,train
16498,train
33951,train
48525,train
52238,train
38737,train
45948,train
28206,train
47199,train
23513,train
50052,train
22401,train
57932,train
56104,train
6521,train
49087,train
64108,train
22055,train
12658,train
31880,train
28254,train
42159,train
41376,train
14070,train
31456,train
35812,train
33966,train
35570,train
34251,train
31499,train
2174,train
56730,train
42831,train
31974,train
34990,train
42265,train
46707,train
43098,train
46860,train
23124,train
65437,train
11588,train
59307,train
50220,train
32321,train
13250,train
49120,train
46978,train
57960,train
69716,train
65279,train
2674,train
56474,train
63658,train
31148,train
69064,train
49346,train
15439,train
41674,train
41401,train
48377,train
12127,train
15056,train
44580,train
15077,train
39868,train
16843,train
65635,train
67374,train
18495,train
7308,train
42086,train
15267,train
32355,train
44945,train
39797,train
7187,train
50337,train
56812,train
14546,train
9238,train
21128,train
60362,train
33417,train
44584,train
28449,train
10954,train
13355,train
29187,train
61689,train
6071,train
51909,train
59600,train
37526,train
60593,train
24355,train
46367,train
29618,train
41839,train
26046,train
35784,train
13357,train
20769,train
56004,train
4392,train
33504,train
15974,train
67332,train
28240,train
11639,train
40060,train
9380,train
32935,train
13658,train
42947,train
28249,train
37409,train
8720,train
11527,train
22658,train
64914,train
9430,train
12288,train
8786,train
48930,train
44511,train
60884,train
15818,train
14015,train
57012,train
13514,train
32727,train
34387,train
33963,train
280,train
68477,train
13757,train
32571,train
65563,train
51104,train
27929,train
57228,train
43887,train
56751,train
4873,train
10988,train
33332,train
63148,train
20924,train
61863,train
47620,train
61495,train
34320,train
66633,train
32261,train
63868,train
56146,train
8671,train
48590,train
35667,train
40768,train
55573,train
24701,train
25934,train
46039,train
47492,train
52888,train
38293,train
58673,train
49338,train
36287,train
34874,train
2873,train
4588,train
39357,train
25477,train
6759,train
51279,train
67347,train
9711,train
41014,train
29375,train
5874,train
14465,train
47837,train
34477,train
34901,train
51758,train
10941,train
4007,train
36671,train
14088,train
34209,train
9567,train
11303,train
37286,train
13664,train
32917,train
27912,train
36856,train
52572,train
70026,train
855,train
36584,train
67119,train
58189,train
25796,train
15161,train
37974,train
49872,train
69896,train
50350,train
37742,train
26338,train
49979,train
4463,train
51195,train
40992,train
27439,train
45106,train
33002,train
50916,train
23451,train
1790,train
18879,train
64322,train
34398,train
39468,train
55345,train
29452,train
11742,train
32424,train
15680,train
69493,train
39246,train
2057,train
17290,train
30042,train
38759,train
58136,train
302,train
24257,train
44174,train
14406,train
14847,train
6808,train
8896,train
28905,train
36948,train
37468,train
18850,train
9351,train
48189,train
51749,train
56251,train
19117,train
58769,train
5675,train
69876,train
46297,train
60855,train
48327,train
30640,train
49602,train
52685,train
42809,train
16680,train
56181,train
26539,train
31162,train
33923,train
28546,train
63315,train
8151,train
54325,train
59381,train
27457,train
7816,train
45090,train
6727,train
45111,train
37002,train
27157,train
8209,train
24221,train
55470,train
7067,train
3025,train
40804,train
32114,train
31839,train
14886,train
69006,train
40390,train
15809,train
51863,train
68571,train
35816,train
557,train
45906,train
43691,train
26032,train
10703,train
15881,train
69986,train
69000,train
65783,train
11420,train
45128,train
2037,train
40677,train
11337,train
67384,train
6508,train
64086,train
62705,train
54982,train
51815,train
44709,train
68625,train
37955,train
56255,train
51035,train
57764,train
56122,train
23111,train
5284,train
21174,train
59659,train
66322,train
58257,train
43637,train
44536,train
50979,train
19544,train
20937,train
48325,train
2799,train
46128,train
33279,train
19782,train
13160,train
43136,train
27572,train
35216,train
18677,train
32527,train
20394,train
52919,train
51625,train
67346,train
35727,train
70660,train
37318,train
50111,train
23466,train
61030,train
2059,train
43745,train
4756,train
419,train
51061,train
57741,train
60039,train
28046,train
69026,train
24878,train
27430,train
18950,train
44985,train
58554,train
34747,train
9641,train
3692,train
49071,train
59358,train
23882,train
52846,train
8563,train
13612,train
12212,train
30330,train
48574,train
9252,train
25464,train
4395,train
41951,train
23301,train
55373,train
47660,train
7191,train
44383,train
59865,train
43593,train
3087,train
9473,train
58832,train
8992,train
39778,train
49724,train
26258,train
53802,train
26296,train
30311,train
57669,train
52141,train
3924,train
29523,train
12989,train
14293,train
15842,train
57979,train
6576,train
1956,train
12268,train
53828,train
3346,train
63458,train
49593,train
5473,train
44381,train
16372,train
28767,train
27399,train
56772,train
59937,train
56620,train
64281,train
12915,train
23361,train
62580,train
46735,train
22884,train
65072,train
34681,train
16503,train
62169,train
6169,train
8246,train
45717,train
11562,train
65968,train
68454,train
52965,train
23933,train
59909,train
65875,train
60619,train
13300,train
41562,train
48010,train
14852,train
26743,train
20207,train
24747,train
44520,train
57201,train
48958,train
38409,train
18793,train
5270,train
18104,train
42860,train
45280,train
4895,train
25064,train
57061,train
43573,train
12478,train
35954,train
11993,train
64391,train
23201,train
7073,train
36344,train
53721,train
42008,train
35532,train
70235,train
46252,train
26196,train
48041,train
6798,train
15590,train
21341,train
8326,train
46880,train
7595,train
47504,train
43266,train
4543,train
57458,train
59259,train
9014,train
47486,train
5283,train
28527,train
53530,train
10959,train
49034,train
2175,train
12205,train
37922,train
37414,train
69907,train
6425,train
24546,train
28030,train
61389,train
369,train
69088,train
1393,train
51285,train
65411,train
21744,train
822,train
12662,train
41000,train
10480,train
52673,train
26748,train
64143,train
53213,train
64944,train
29111,train
62100,train
51616,train
26318,train
51181,train
50168,train
45546,train
44914,train
51504,train
50951,train
23289,train
62727,train
18924,train
58418,train
5594,train
62545,train
29185,train
67720,train
35034,train
63893,train
41003,train
59407,train
47468,train
34617,train
61143,train
20980,train
15034,train
16221,train
54086,train
30945,train
47164,train
17288,train
37837,train
66738,train
16785,train
3877,train
29772,train
46309,train
53769,train
23131,train
9684,train
2310,train
58743,train
28547,train
22816,train
23437,train
67086,train
63455,train
33790,train
37477,train
43456,train
48096,train
20667,train
68026,train
69835,train
31873,train
1825,train
54460,train
22783,train
19766,train
51132,train
38894,train
27892,train
55285,train
4061,train
54551,train
45993,train
52324,train
40279,train
14628,train
28318,train
18009,train
57581,train
34039,train
42523,train
58376,train
52652,train
59684,train
39762,train
2390,train
49855,train
22078,train
62604,train
372,train
33103,train
26946,train
28639,train
30803,train
59094,train
43958,train
59261,train
50734,train
20286,train
40275,train
69272,train
12186,train
55582,train
55747,train
2046,train
66080,train
69650,train
62173,train
40422,train
41969,train
64845,train
27983,train
59124,train
60108,train
53969,train
521,train
19320,train
49031,train
48265,train
45168,train
31729,train
8921,train
69902,train
19979,train
1202,train
41599,train
15391,train
21741,train
62721,train
40163,train
47849,train
23090,train
16516,train
46602,train
9451,train
32776,train
2513,train
3196,train
35796,train
40324,train
534,train
11830,train
61351,train
23460,train
3777,train
57719,train
41233,train
51999,train
61407,train
19693,train
39909,train
27078,train
30568,train
11999,train
25180,train
35022,train
46742,train
29821,train
39218,train
34292,train
68318,train
44186,train
61246,train
63645,train
65009,train
64942,train
55983,train
33028,train
31365,train
50551,train
36992,train
31203,train
9386,train
65068,train
49986,train
45849,train
66684,train
67023,train
19068,train
7447,train
66573,train
55198,train
33808,train
13157,train
26642,train
42543,train
14160,train
36897,train
32626,train
62823,train
27072,train
6763,train
31386,train
43012,train
17194,train
64305,train
33741,train
19398,train
7130,train
6865,train
55471,train
150,train
58996,train
28217,train
68776,train
47291,train
46767,train
51774,train
6060,train
40579,train
57784,train
5238,train
24300,train
6827,train
35409,train
39699,train
36988,train
47712,train
10582,train
10783,train
1358,train
2088,train
23953,train
48754,train
64989,train
62771,train
16763,train
25280,train
68606,train
53634,train
29434,train
57707,train
13432,train
26466,train
30367,train
2519,train
10854,train
59070,train
30739,train
63869,train
17204,train
7960,train
49748,train
55619,train
11320,train
67543,train
67835,train
69718,train
16919,train
68391,train
35365,train
1362,train
15777,train
610,train
52410,train
21786,train
3035,train
46438,train
8144,train
62653,train
18856,train
63311,train
61250,train
12085,train
66707,train
44310,train
59577,train
61336,train
56562,train
70499,train
67151,train
30180,train
20932,train
31241,train
29367,train
32852,train
25791,train
53135,train
37755,train
2949,train
137,train
31453,train
8048,train
7638,train
36022,train
38280,train
38599,train
67904,train
28881,train
28721,train
15725,train
41761,train
12843,train
70572,train
28535,train
28062,train
34829,train
16513,train
54761,train
23620,train
62504,train
62624,train
21210,train
46994,train
33569,train
36199,train
53235,train
52973,train
26587,train
56022,train
49996,train
1214,train
41873,train
2893,train
63250,train
264,train
55527,train
3200,train
48057,train
35117,train
69573,train
68629,train
60831,train
41754,train
18214,train
31356,train
49780,train
40980,train
36183,train
43476,train
37267,train
27549,train
30457,train
12983,train
59068,train
58409,train
3922,train
47229,train
66649,train
1760,train
16833,train
55271,train
8570,train
60537,train
52406,train
58177,train
36680,train
28393,train
39661,train
55893,train
35834,train
45124,train
67571,train
15118,train
44316,train
7635,train
6273,train
66986,train
4698,train
28471,train
63960,train
8967,train
54069,train
20992,train
46857,train
63626,train
25109,train
34797,train
59013,train
823,train
2738,train
32896,train
47526,train
44193,train
39976,train
66208,train
46564,train
16892,train
9084,train
5850,train
20739,train
63664,train
62970,train
16370,train
52110,train
42371,train
51807,train
23205,train
48964,train
37706,train
57505,train
38364,train
34604,train
18503,train
20940,train
49234,train
55840,train
7777,train
24328,train
18259,train
32847,train
12024,train
52776,train
18574,train
59683,train
66227,train
39560,train
41617,train
46061,train
64076,train
13595,train
30319,train
53298,train
51141,train
36034,train
29914,train
63374,train
61731,train
39638,train
47046,train
43110,train
44598,train
24100,train
48742,train
5969,train
61713,train
63877,train
6225,train
34204,train
68730,train
36827,train
44640,train
60887,train
5146,train
22687,train
38959,train
49864,train
26349,train
21781,train
40065,train
9760,train
29249,train
23934,train
20125,train
61431,train
7832,train
21850,train
20326,train
5837,train
59004,train
24244,train
9861,train
8334,train
37045,train
1917,train
61916,train
37581,train
51321,train
48339,train
46190,train
56800,train
67805,train
33208,train
45524,train
14956,train
34116,train
70351,train
40208,train
23845,train
15369,train
40692,train
13984,train
64802,train
41329,train
60042,train
43111,train
4064,train
4002,train
27978,train
4925,train
27008,train
61645,train
17041,train
52201,train
34322,train
44787,train
35360,train
68814,train
37204,train
4959,train
43602,train
51571,train
60319,train
39290,train
44200,train
51961,train
46361,train
48860,train
58496,train
44165,train
48352,train
33131,train
31660,train
28171,train
29006,train
63948,train
13284,train
62366,train
2964,train
45319,train
17203,train
51917,train
3343,train
47285,train
7871,train
15803,train
66403,train
61067,train
26245,train
5156,train
69660,train
46096,train
53489,train
64489,train
17014,train
36557,train
32788,train
23948,train
68539,train
321,train
29199,train
51205,train
19839,train
30280,train
69446,train
869,train
9048,train
5470,train
12236,train
68379,train
50061,train
59018,train
30899,train
28971,train
33879,train
38080,train
1405,train
20159,train
57921,train
58623,train
50320,train
21308,train
1728,train
14871,train
45769,train
63048,train
48695,train
31760,train
38257,train
45498,train
69710,train
48480,train
21420,train
28701,train
69597,train
46184,train
15635,train
23191,train
64100,train
20926,train
29579,train
41450,train
27527,train
14576,train
53101,train
49624,train
27584,train
13231,train
36646,train
52202,train
7316,train
22204,train
9692,train
66761,train
9003,train
62075,train
34616,train
8468,train
12542,train
25454,train
45636,train
23781,train
24803,train
47528,train
41178,train
50953,train
39172,train
10754,train
69241,train
29460,train
14198,train
60356,train
63973,train
67996,train
5310,train
2324,train
20124,train
40096,train
5311,train
1971,train
29202,train
40819,train
24644,train
4473,train
66616,train
5823,train
4943,train
35442,train
15689,train
63967,train
22131,train
40815,train
70529,train
23313,train
12218,train
12981,train
62724,train
54956,train
12349,train
55506,train
59601,train
58985,train
21161,train
31263,train
59657,train
10621,train
54454,train
43576,train
45732,train
19925,train
56676,train
47086,train
65262,train
1654,train
16154,train
3955,train
17705,train
48479,train
49374,train
44460,train
5622,train
38642,train
40624,train
20505,train
37506,train
34414,train
43314,train
3414,train
53085,train
32993,train
35484,train
44514,train
37363,train
55312,train
3683,train
66751,train
67562,train
7924,train
2552,train
950,train
21222,train
38988,train
7794,train
38770,train
7391,train
14855,train
57198,train
29461,train
2784,train
1124,train
31862,train
13602,train
53318,train
6784,train
5444,train
5786,train
4881,train
43904,train
34237,train
34352,train
61984,train
15241,train
20343,train
16292,train
25335,train
58744,train
19203,train
18756,train
62182,train
19854,train
27973,train
27416,train
56669,train
24277,train
33586,train
3330,train
64522,train
12817,train
12502,train
42920,train
27541,train
45697,train
69841,train
43499,train
23354,train
45029,train
34730,train
16603,train
9298,train
8416,train
63209,train
56368,train
48768,train
63702,train
67485,train
53471,train
34155,train
2751,train
21483,train
31868,train
61584,train
25220,train
12133,train
67944,train
69102,train
44059,train
5282,train
16239,train
39860,train
48110,train
53636,train
16469,train
16993,train
48559,train
11843,train
59709,train
34120,train
26925,train
29527,train
49134,train
42193,train
24600,train
69556,train
64460,train
25703,train
33204,train
30322,train
52372,train
51187,train
65376,train
47419,train
28911,train
54158,train
20116,train
67055,train
4578,train
973,train
49089,train
41032,train
1003,train
50093,train
39660,train
58071,train
2890,train
313,train
24538,train
21244,train
33562,train
35502,train
67856,train
17969,train
38023,train
64222,train
9075,train
46740,train
28368,train
47792,train
61616,train
12773,train
969,train
60548,train
70124,train
58877,train
56626,train
40780,train
12864,train
15311,train
6375,train
22020,train
35962,train
43396,train
341,train
16298,train
25998,train
5804,train
69969,train
51073,train
43085,train
14012,train
17578,train
28406,train
32198,train
35457,train
28369,train
6505,train
21953,train
10444,train
51022,train
46887,train
40035,train
64032,train
25476,train
7006,train
23813,train
47608,train
22079,train
48168,train
53986,train
11695,train
123,train
16520,train
9292,train
10453,train
13579,train
47362,train
57712,train
16265,train
36875,train
19084,train
14878,train
53839,train
64571,train
2295,train
2055,train
56516,train
18719,train
68565,train
18130,train
41319,train
58691,train
24902,train
54664,train
61602,train
5203,train
56029,train
57299,train
57195,train
42083,train
50128,train
22408,train
32514,train
101,train
32118,train
20301,train
50455,train
34778,train
27304,train
39270,train
47793,train
54680,train
49062,train
1764,train
1543,train
58318,train
8234,train
59110,train
59777,train
30672,train
18630,train
36738,train
2864,train
33330,train
67887,train
5196,train
11335,train
57486,train
49565,train
63838,train
54204,train
18157,train
711,train
9972,train
55991,train
30242,train
69769,train
53859,train
70398,train
56974,train
42482,train
34668,train
36733,train
28321,train
36484,train
20191,train
30632,train
39490,train
4000,train
5211,train
27741,train
69378,train
43034,train
23196,train
10385,train
37295,train
40450,train
37268,train
27520,train
32481,train
30440,train
61837,train
51826,train
53626,train
26800,train
58774,train
61178,train
40355,train
19214,train
63808,train
23057,train
36406,train
23695,train
70181,train
8484,train
70647,train
45264,train
29856,train
60996,train
48001,train
60458,train
49361,train
41131,train
15687,train
45984,train
66437,train
39914,train
2569,train
3525,train
25173,train
37419,train
44735,train
70556,train
21086,train
43917,train
28995,train
61903,train
21334,train
51491,train
46897,train
10482,train
16161,train
43681,train
56313,train
29280,train
43868,train
47522,train
1927,train
14084,train
70403,train
26391,train
25065,train
16743,train
29478,train
67252,train
58379,train
18317,train
25138,train
64810,train
51898,train
928,train
37156,train
44116,train
37658,train
20764,train
4945,train
18256,train
51680,train
31005,train
28416,train
38375,train
19738,train
23524,train
29297,train
39686,train
69930,train
33437,train
8725,train
64729,train
41758,train
11678,train
41430,train
15745,train
34417,train
15312,train
47176,train
3315,train
42325,train
52661,train
31695,train
18780,train
13978,train
6107,train
18290,train
35592,train
44657,train
27702,train
38209,train
6921,train
50145,train
53007,train
41760,train
43200,train
44795,train
58299,train
24446,train
40522,train
838,train
3140,train
39659,train
17552,train
29854,train
33460,train
55889,train
69002,train
4381,train
70691,train
6420,train
40705,train
14420,train
56185,train
22474,train
36319,train
14003,train
1713,train
21851,train
29479,train
60142,train
63936,train
12693,train
49160,train
40011,train
35872,train
43419,train
13838,train
4413,train
41704,train
62502,train
68689,train
47068,train
68762,train
52366,train
51668,train
67274,train
411,train
5573,train
6511,train
22208,train
38091,train
65158,train
59033,train
65996,train
69416,train
61922,train
32292,train
38923,train
59427,train
11396,train
49564,train
45709,train
20015,train
11620,train
100,train
59275,train
59079,train
3764,train
31641,train
22339,train
27640,train
23619,train
21471,train
14295,train
65844,train
65354,train
67967,train
41612,train
56222,train
59206,train
7646,train
20590,train
2031,train
44685,train
59076,train
3848,train
60785,train
56085,train
43577,train
64973,train
16478,train
9053,train
52114,train
3312,train
13557,train
10502,train
59109,train
49612,train
21279,train
11304,train
35068,train
59944,train
51823,train
39333,train
44936,train
358,train
24890,train
9150,train
45469,train
3620,train
40944,train
53985,train
10166,train
9560,train
38180,train
4689,train
51524,train
59924,train
68071,train
38127,train
43239,train
21865,train
39103,train
5951,train
52407,train
4216,train
4908,train
41388,train
34702,train
25684,train
14034,train
53420,train
27808,train
30329,train
52463,train
21163,train
22471,train
5519,train
27275,train
16812,train
51964,train
6139,train
30394,train
53510,train
29323,train
54780,train
612,train
3902,train
30243,train
40412,train
60424,train
37281,train
51177,train
24618,train
38682,train
24789,train
11331,train
36283,train
7398,train
65819,train
34691,train
65095,train
64166,train
1832,train
63722,train
53521,train
31730,train
8737,train
7256,train
46273,train
35076,train
60490,train
49854,train
10037,train
36933,train
63994,train
20901,train
32165,train
60538,train
38628,train
61621,train
6748,train
49004,train
64214,train
47926,train
28276,train
22394,train
4670,train
65234,train
67251,train
10486,train
13496,train
23879,train
10538,train
12764,train
51969,train
6303,train
25322,train
52040,train
41446,train
67569,train
48932,train
7272,train
12283,train
51943,train
24575,train
51105,train
25208,train
58393,train
70522,train
10771,train
19559,train
705,train
10547,train
56532,train
65694,train
36330,train
43163,train
10519,train
9631,train
39804,train
18625,train
47384,train
68121,train
58639,train
18463,train
3258,train
38673,train
64244,train
878,train
22269,train
53145,train
55588,train
4761,train
11782,train
40350,train
62835,train
53092,train
26367,train
69149,train
7528,train
31350,train
21131,train
30608,train
47818,train
28129,train
66950,train
50239,train
4710,train
61995,train
64679,train
60410,train
23949,train
19518,train
28053,train
69411,train
6078,train
49152,train
4826,train
13840,train
50068,train
35778,train
4544,train
49377,train
6989,train
3205,train
54817,train
6435,train
4348,train
42224,train
24134,train
5024,train
69289,train
44695,train
25271,train
62782,train
30738,train
46122,train
52589,train
62736,train
47514,train
62247,train
24660,train
62895,train
3724,train
52130,train
30224,train
29560,train
45925,train
41297,train
36593,train
57112,train
61550,train
24405,train
55846,train
61056,train
35833,train
5180,train
47647,train
40349,train
69851,train
44206,train
66328,train
57885,train
63011,train
5205,train
6264,train
44773,train
16412,train
31965,train
30119,train
45456,train
25473,train
35363,train
18065,train
11486,train
24694,train
13009,train
35687,train
52207,train
46348,train
56186,train
33209,train
69893,train
28156,train
67565,train
53146,train
49536,train
17278,train
24807,train
37503,train
25091,train
44631,train
8238,train
8795,train
8178,train
17617,train
14111,train
13388,train
52957,train
34631,train
4149,train
24311,train
7542,train
60883,train
33139,train
8559,train
14776,train
8787,train
63667,train
23485,train
50869,train
68803,train
1414,train
43555,train
7675,train
47302,train
60943,train
30169,train
57504,train
10120,train
14499,train
29828,train
40765,train
41628,train
8159,train
40311,train
25510,train
48489,train
63610,train
30966,train
22107,train
19590,train
52526,train
24841,train
12607,train
28787,train
37941,train
61906,train
24520,train
65584,train
46433,train
30111,train
50842,train
40856,train
48075,train
36135,train
43891,train
43761,train
25831,train
67226,train
61148,train
27551,train
33344,train
9049,train
32743,train
51908,train
60146,train
30197,train
10477,train
64657,train
33517,train
62160,train
54527,train
54444,train
58420,train
47244,train
68021,train
7039,train
68518,train
20475,train
39264,train
4013,train
25760,train
6231,train
37961,train
19454,train
59509,train
63719,train
5379,train
31800,train
64383,train
42569,train
1347,train
10615,train
53084,train
64738,train
67648,train
56471,train
12965,train
12117,train
27569,train
58746,train
45827,train
10644,train
16057,train
5824,train
23672,train
38918,train
52885,train
57129,train
13606,train
14677,train
63799,train
50781,train
51775,train
18978,train
24773,train
35874,train
29419,train
56938,train
52093,train
40061,train
6327,train
2810,train
26769,train
41586,train
20953,train
50122,train
30621,train
67929,train
12876,train
8061,train
8723,train
62535,train
16395,train
4351,train
12356,train
21803,train
69165,train
64097,train
53427,train
52102,train
63322,train
4363,train
11235,train
52671,train
52629,train
3737,train
67951,train
65500,train
7021,train
10116,train
47600,train
59466,train
30379,train
51314,train
44942,train
4576,train
58809,train
58705,train
23646,train
34953,train
31782,train
55790,train
65225,train
50521,train
14432,train
35693,train
1503,train
23519,train
15510,train
9541,train
64884,train
10224,train
7680,train
36178,train
26401,train
66423,train
57409,train
57307,train
35660,train
69814,train
31812,train
64969,train
5200,train
3988,train
49675,train
29695,train
26825,train
4946,train
17359,train
25294,train
9789,train
54894,train
67518,train
40094,train
50785,train
11477,train
46340,train
5925,train
2941,train
15320,train
17250,train
11471,train
24518,train
19600,train
34016,train
25110,train
22528,train
69423,train
16970,train
48455,train
47665,train
23373,train
9535,train
47982,train
54254,train
48194,train
63252,train
40384,train
45478,train
53422,train
68300,train
288,train
47099,train
423,train
22276,train
69633,train
9605,train
12831,train
66877,train
68377,train
46884,train
15550,train
15071,train
14162,train
67401,train
21074,train
49366,train
60386,train
16400,train
63501,train
55729,train
1561,train
16464,train
58123,train
44205,train
30980,train
29780,train
63519,train
16319,train
38081,train
62579,train
3344,train
20707,train
19767,train
21648,train
42871,train
8710,train
65432,train
65817,train
59518,train
14669,train
17406,train
60533,train
14842,train
11858,train
489,train
45613,train
36424,train
69543,train
7951,train
68916,train
60016,train
58313,train
59299,train
34615,train
41739,train
49583,train
36308,train
46182,train
7634,train
51452,train
5354,train
27807,train
40496,train
1220,train
56264,train
60293,train
59318,train
64220,train
41639,train
37662,train
33588,train
16055,train
62035,train
70238,train
68052,train
61655,train
39331,train
43226,train
48972,train
58900,train
54812,train
9994,train
33783,train
10542,train
59581,train
54826,train
31112,train
60397,train
48877,train
58921,train
56014,train
18174,train
1837,train
3352,train
31123,train
4311,train
51659,train
42685,train
52152,train
35128,train
53130,train
37403,train
27218,train
61507,train
35214,train
13932,train
56135,train
1900,train
15587,train
50680,train
30070,train
49261,train
4693,train
59302,train
48904,train
58264,train
5587,train
50624,train
59104,train
50692,train
45614,train
5322,train
12169,train
62547,train
52833,train
21694,train
3019,train
42919,train
27752,train
6209,train
9554,train
29745,train
35544,train
56983,train
8413,train
20703,train
62686,train
57639,train
67617,train
47613,train
66648,train
50952,train
17622,train
17582,train
58717,train
47871,train
17450,train
65898,train
15251,train
17792,train
368,train
53439,train
35277,train
59674,train
58655,train
8271,train
29765,train
68331,train
42467,train
12636,train
17299,train
8625,train
51620,train
26021,train
21869,train
58026,train
9098,train
37338,train
41354,train
6346,train
28977,train
33576,train
51611,train
6563,train
54854,train
20668,train
42110,train
42743,train
35334,train
12076,train
38073,train
47441,train
5173,train
17754,train
21251,train
66477,train
5261,train
19609,train
19447,train
67479,train
45629,train
56372,train
41058,train
54539,train
2486,train
59759,train
13738,train
7947,train
61667,train
49771,train
13779,train
66770,train
6769,train
25456,train
3269,train
38179,train
64415,train
55225,train
14652,train
25792,train
27006,train
63709,train
53717,train
7727,train
32174,train
63508,train
13765,train
2654,train
10962,train
8716,train
57724,train
66748,train
69966,train
25738,train
40490,train
8109,train
1283,train
5987,train
65591,train
47963,train
16840,train
24275,train
22184,train
498,train
30683,train
31982,train
60491,train
35463,train
38815,train
53431,train
49890,train
61152,train
59620,train
8558,train
65211,train
37948,train
70628,train
9758,train
13285,train
35102,train
49504,train
60269,train
55152,train
31280,train
40192,train
53813,train
36603,train
34057,train
45650,train
63786,train
15063,train
68882,train
66713,train
59521,train
3973,train
31916,train
11574,train
1737,train
49648,train
39574,train
51715,train
67378,train
23369,train
27833,train
52229,train
25305,train
20694,train
52113,train
32959,train
38015,train
43058,train
38166,train
66274,train
15185,train
13240,train
21304,train
55678,train
66235,train
69479,train
21820,train
34613,train
31351,train
62228,train
50025,train
61394,train
48081,train
48513,train
49180,train
66281,train
36504,train
28363,train
23062,train
37549,train
28646,train
69885,train
22492,train
2201,train
45714,train
45819,train
56048,train
37523,train
63437,train
25104,train
4832,train
67544,train
41711,train
34923,train
63541,train
39772,train
26346,train
21748,train
41200,train
62244,train
46480,train
9235,train
22100,train
55260,train
69325,train
68486,train
15227,train
63730,train
2211,train
47239,train
55805,train
28242,train
45958,train
33751,train
64313,train
56344,train
17018,train
56472,train
5426,train
13660,train
16323,train
8813,train
20865,train
66023,train
13685,train
5292,train
14108,train
60317,train
24760,train
23139,train
66542,train
32721,train
18691,train
16806,train
10805,train
28101,train
62852,train
12043,train
36887,train
36431,train
52466,train
11113,train
70497,train
4737,train
19962,train
45426,train
9831,train
39284,train
51083,train
42055,train
17774,train
24077,train
30893,train
17279,train
38313,train
395,train
6292,train
27664,train
20636,train
44518,train
20248,train
18374,train
38062,train
10820,train
35195,train
51635,train
52281,train
2778,train
49852,train
18224,train
26378,train
66169,train
64585,train
5377,train
61734,train
9691,train
10496,train
8604,train
1115,train
44397,train
60457,train
29739,train
22812,train
3206,train
975,train
17489,train
16801,train
34706,train
26955,train
23836,train
42402,train
40776,train
47167,train
68760,train
50483,train
59282,train
58234,train
36059,train
47425,train
56507,train
15351,train
36333,train
9823,train
58167,train
55892,train
27185,train
44674,train
24829,train
9163,train
50172,train
32461,train
57507,train
44089,train
60608,train
45600,train
55520,train
1456,train
27629,train
17287,train
26204,train
14002,train
30390,train
52599,train
16003,train
69778,train
28855,train
29055,train
58168,train
29836,train
66392,train
63520,train
62304,train
29801,train
11796,train
11250,train
4726,train
12868,train
33256,train
18068,train
19627,train
32084,train
7514,train
16933,train
36854,train
32663,train
55219,train
3362,train
27988,train
17884,train
8676,train
51339,train
12805,train
50880,train
55364,train
48586,train
28468,train
36872,train
17470,train
67922,train
69985,train
51396,train
17166,train
53836,train
64453,train
13528,train
20499,train
4783,train
54749,train
2246,train
52710,train
50660,train
69995,train
16060,train
52628,train
62195,train
10652,train
54116,train
44908,train
49422,train
48417,train
66065,train
67098,train
46788,train
57955,train
51310,train
36461,train
60183,train
56530,train
35534,train
42474,train
46439,train
40702,train
41434,train
3168,train
8851,train
33704,train
19828,train
34173,train
31011,train
14703,train
33152,train
44331,train
43852,train
24657,train
62735,train
43424,train
43468,train
41922,train
40051,train
29107,train
11787,train
49616,train
66160,train
68782,train
42258,train
16322,train
33058,train
18783,train
11422,train
42317,train
14416,train
19119,train
69435,train
15774,train
43713,train
46487,train
9871,train
31869,train
9054,train
21235,train
9743,train
20238,train
890,train
38805,train
58903,train
12669,train
6394,train
36234,train
70348,train
60842,train
67331,train
11018,train
4412,train
62060,train
31340,train
40617,train
18609,train
61501,train
4399,train
51601,train
52541,train
37692,train
41505,train
20368,train
194,train
59042,train
16244,train
1707,train
38986,train
36013,train
59172,train
36761,train
62039,train
38194,train
43018,train
70103,train
10786,train
23659,train
41498,train
925,train
26029,train
61750,train
65087,train
42520,train
60511,train
39344,train
15704,train
63908,train
6475,train
28307,train
17367,train
59511,train
33043,train
18788,train
52873,train
1383,train
35314,train
36195,train
29140,train
6791,train
18840,train
60510,train
68866,train
36641,train
5550,train
32414,train
43520,train
12861,train
28507,train
29664,train
58557,train
3486,train
39255,train
8756,train
1328,train
53937,train
9613,train
26545,train
13960,train
18510,train
5726,train
40927,train
22696,train
35882,train
3221,train
3199,train
49637,train
42653,train
53824,train
70474,train
60639,train
24753,train
28591,train
59064,train
68983,train
36350,train
25678,train
38644,train
6937,train
16760,train
14057,train
25579,train
26742,train
36006,train
68471,train
31352,train
38398,train
60743,train
42045,train
15138,train
31052,train
68250,train
56327,train
46797,train
25474,train
48549,train
4214,train
21907,train
49513,train
21284,train
6987,train
13486,train
7736,train
2761,train
32169,train
36526,train
54691,train
33176,train
54128,train
45408,train
55688,train
18308,train
68600,train
21205,train
68119,train
58013,train
25927,train
12870,train
49113,train
38905,train
45896,train
34186,train
35058,train
46556,train
40500,train
29360,train
20237,train
23142,train
13728,train
28374,train
36520,train
44961,train
56171,train
23742,train
30835,train
10874,train
70223,train
22508,train
23428,train
40626,train
8471,train
42064,train
27631,train
51039,train
38379,train
40261,train
29046,train
55197,train
36756,train
26606,train
22707,train
23658,train
18740,train
49698,train
30720,train
7973,train
47576,train
64209,train
37989,train
5313,train
22910,train
47757,train
59235,train
32157,train
31884,train
70290,train
57630,train
23,train
34780,train
56891,train
45373,train
35218,train
65746,train
38059,train
35529,train
17916,train
15237,train
66409,train
65615,train
20155,train
20979,train
49398,train
21759,train
14194,train
35486,train
48940,train
60076,train
34741,train
53615,train
35979,train
1433,train
7554,train
5888,train
9649,train
41074,train
41659,train
14087,train
47372,train
20611,train
43321,train
8104,train
40861,train
9681,train
7894,train
52151,train
12177,train
42951,train
26649,train
23174,train
23265,train
5608,train
37851,train
67943,train
25558,train
57552,train
2874,train
67818,train
15501,train
12153,train
1448,train
15378,train
23348,train
47554,train
44043,train
10797,train
13758,train
28155,train
43760,train
48454,train
65217,train
45354,train
23853,train
32653,train
61797,train
28709,train
43559,train
26073,train
3969,train
21276,train
31952,train
28537,train
20323,train
22541,train
25147,train
52730,train
41786,train
44387,train
33864,train
15352,train
8192,train
41461,train
48832,train
15191,train
52832,train
69252,train
11082,train
26856,train
66482,train
45435,train
8648,train
51365,train
14758,train
57401,train
22624,train
36408,train
43096,train
18420,train
54406,train
69616,train
16850,train
44339,train
31287,train
28933,train
1815,train
30793,train
68348,train
62282,train
39841,train
5808,train
37091,train
11260,train
51868,train
31043,train
26651,train
45344,train
23353,train
19761,train
4237,train
44270,train
58415,train
32876,train
34893,train
69375,train
8473,train
57150,train
6021,train
28581,train
55082,train
50082,train
27783,train
21146,train
69891,train
32805,train
53705,train
3714,train
63325,train
19261,train
70439,train
21916,train
15729,train
16932,train
44465,train
2254,train
66880,train
31901,train
55474,train
21188,train
20603,train
68280,train
46243,train
53938,train
29179,train
31709,train
24045,train
58348,train
4261,train
32878,train
15480,train
22183,train
51175,train
48262,train
25619,train
44471,train
19703,train
54073,train
23596,train
2366,train
51599,train
60111,train
31091,train
44279,train
27168,train
48319,train
50921,train
6236,train
67658,train
41427,train
36099,train
69211,train
31301,train
29891,train
39261,train
12731,train
32430,train
51857,train
33386,train
35945,train
58180,train
54911,train
67917,train
8517,train
59379,train
33787,train
32048,train
16530,train
25917,train
27514,train
4451,train
26588,train
61818,train
52962,train
52939,train
167,train
6297,train
52860,train
30870,train
38134,train
53394,train
54114,train
43992,train
10297,train
52688,train
8453,train
51359,train
67303,train
26756,train
44641,train
69331,train
70122,train
39717,train
46831,train
43715,train
45371,train
37073,train
20531,train
36295,train
52016,train
18736,train
3236,train
47287,train
12129,train
5170,train
47214,train
10205,train
56584,train
14927,train
56276,train
62373,train
16510,train
56132,train
1582,train
46526,train
67670,train
5104,train
3947,train
8903,train
30874,train
1174,train
2256,train
22491,train
52818,train
66681,train
48725,train
57677,train
25536,train
65162,train
62179,train
35722,train
57983,train
51829,train
47642,train
26495,train
6640,train
20856,train
42826,train
16794,train
62969,train
38413,train
3296,train
1953,train
65034,train
70409,train
5330,train
51296,train
20837,train
23981,train
19508,train
9295,train
69245,train
380,train
38004,train
35189,train
32304,train
5052,train
23128,train
20721,train
32363,train
26544,train
67130,train
32239,train
43765,train
28918,train
5337,train
62847,train
44131,train
58371,train
4561,train
70592,train
55105,train
50701,train
13085,train
24436,train
31939,train
71,train
8217,train
33893,train
52706,train
50275,train
37590,train
24806,train
13963,train
2480,train
63088,train
18743,train
25332,train
4100,train
33142,train
45520,train
19758,train
63273,train
65815,train
22347,train
50998,train
33674,train
17893,train
3908,train
47323,train
49303,train
6689,train
61672,train
3136,train
38336,train
23490,train
38758,train
30531,train
46463,train
12797,train
32316,train
55444,train
32714,train
53032,train
19193,train
23244,train
475,train
59106,train
6826,train
45054,train
54712,train
61220,train
16325,train
43090,train
36884,train
24159,train
17333,train
19239,train
3991,train
42352,train
23961,train
61782,train
52847,train
12651,train
8309,train
23571,train
19552,train
66401,train
42558,train
38885,train
69061,train
19486,train
58760,train
50567,train
49173,train
67321,train
14522,train
57961,train
2392,train
65767,train
70166,train
35999,train
24445,train
47376,train
13901,train
59567,train
57700,train
37388,train
20661,train
55425,train
42911,train
1154,train
21921,train
4496,train
55683,train
35482,train
45758,train
47415,train
60173,train
44176,train
46585,train
27384,train
23689,train
58829,train
32465,train
65743,train
69007,train
13971,train
35358,train
38889,train
43444,train
56835,train
29305,train
32679,train
27100,train
14352,train
33415,train
56207,train
8652,train
4068,train
37691,train
1279,train
4666,train
46295,train
18277,train
23936,train
60952,train
48139,train
14446,train
12058,train
23120,train
29064,train
25362,train
60402,train
9883,train
57255,train
68988,train
57376,train
48511,train
25972,train
68952,train
32216,train
18942,train
22572,train
3158,train
65712,train
28788,train
14246,train
56495,train
33858,train
39986,train
3447,train
17465,train
896,train
65103,train
34314,train
43886,train
55347,train
6069,train
12304,train
54729,train
40732,train
70123,train
26465,train
13466,train
14138,train
15999,train
38347,train
53335,train
54369,train
33894,train
9207,train
66717,train
25710,train
5634,train
61047,train
17423,train
49921,train
59867,train
15455,train
41469,train
43448,train
64823,train
48202,train
59376,train
26115,train
62642,train
18050,train
23346,train
12851,train
45053,train
9375,train
43299,train
49942,train
12946,train
47017,train
27894,train
59541,train
56624,train
65956,train
12044,train
53016,train
31850,train
17095,train
63281,train
61549,train
20297,train
67330,train
24641,train
42648,train
28094,train
57300,train
54922,train
18985,train
48157,train
33304,train
42046,train
33515,train
21201,train
26060,train
43409,train
1397,train
65961,train
30436,train
1983,train
48039,train
44724,train
21053,train
23975,train
45814,train
12730,train
34490,train
59117,train
36968,train
8165,train
37400,train
60949,train
14144,train
61279,train
31327,train
63550,train
39055,train
66162,train
17114,train
66690,train
68034,train
41271,train
11713,train
61184,train
5535,train
56828,train
47749,train
3885,train
58465,train
21765,train
5329,train
21727,train
38363,train
59582,train
21713,train
51492,train
50008,train
1327,train
59708,train
65971,train
64575,train
13454,train
11279,train
13651,train
61581,train
10983,train
61112,train
25916,train
59840,train
28227,train
61596,train
31786,train
59342,train
62894,train
13524,train
8374,train
43842,train
35520,train
45231,train
8299,train
67480,train
25709,train
29272,train
22010,train
17057,train
46261,train
60473,train
2184,train
23556,train
63814,train
18507,train
32568,train
47064,train
40567,train
43162,train
66765,train
48340,train
53646,train
10633,train
55449,train
5571,train
17730,train
53257,train
57429,train
6308,train
18676,train
45957,train
47312,train
9107,train
40551,train
19922,train
45851,train
66791,train
23889,train
26463,train
30430,train
6251,train
52968,train
70361,train
5035,train
49419,train
58906,train
23126,train
33546,train
59071,train
55616,train
31090,train
60217,train
22226,train
44401,train
14195,train
903,train
41383,train
8834,train
598,train
62740,train
17126,train
53051,train
17762,train
6942,train
45594,train
37438,train
47066,train
64963,train
54480,train
24857,train
59993,train
50719,train
18752,train
6275,train
50591,train
46717,train
11747,train
29628,train
13509,train
40779,train
57338,train
26278,train
29137,train
64913,train
41481,train
23549,train
47591,train
66550,train
59444,train
8677,train
37240,train
57199,train
1246,train
46217,train
58932,train
63555,train
2104,train
57100,train
5525,train
68926,train
15156,train
56331,train
58473,train
67864,train
42694,train
37420,train
52066,train
58748,train
1548,train
32496,train
44178,train
18937,train
35843,train
5748,train
41554,train
24126,train
16514,train
42465,train
13977,train
1401,train
5618,train
2258,train
20466,train
69266,train
17415,train
13132,train
20408,train
5335,train
60149,train
989,train
6100,train
70418,train
48693,train
41083,train
13377,train
13216,train
26434,train
858,train
39222,train
32972,train
10418,train
13485,train
56910,train
34634,train
44293,train
33093,train
23994,train
27029,train
24290,train
10127,train
40891,train
36906,train
50306,train
59762,train
54019,train
12777,train
4474,train
2991,train
67386,train
19773,train
4432,train
50902,train
36198,train
65703,train
38389,train
9899,train
36797,train
50527,train
24140,train
499,train
55584,train
67117,train
59366,train
22037,train
49159,train
21101,train
38478,train
1267,train
70633,train
59773,train
12578,train
56099,train
28670,train
23761,train
17047,train
5445,train
47143,train
44589,train
32182,train
48585,train
58192,train
42691,train
61493,train
42061,train
46004,train
7034,train
19598,train
41728,train
19542,train
30833,train
49335,train
32961,train
24115,train
2860,train
63070,train
15375,train
9604,train
29012,train
8553,train
8293,train
6568,train
24831,train
45492,train
32378,train
11643,train
60202,train
56010,train
25390,train
54829,train
54966,train
9625,train
50536,train
43324,train
38351,train
34492,train
64372,train
69856,train
45487,train
58295,train
28288,train
57257,train
47293,train
13519,train
63546,train
49498,train
16276,train
38714,train
2733,train
970,train
44011,train
1070,train
54327,train
62206,train
46847,train
67001,train
18482,train
18909,train
12530,train
49874,train
28065,train
12896,train
49768,train
68324,train
34749,train
11022,train
17604,train
21499,train
60065,train
168,train
58022,train
11273,train
10274,train
63785,train
39213,train
14097,train
20195,train
51481,train
4570,train
20755,train
805,train
1948,train
35270,train
24515,train
30443,train
53789,train
66709,train
47277,train
9474,train
56739,train
20870,train
4971,train
57053,train
4793,train
70233,train
9540,train
58939,train
16842,train
66363,train
64558,train
51332,train
37589,train
68523,train
67428,train
61572,train
31228,train
56087,train
23440,train
10514,train
39684,train
40517,train
30395,train
58110,train
39457,train
19930,train
38606,train
22275,train
27232,train
39753,train
48518,train
22656,train
62541,train
40847,train
45223,train
25415,train
5125,train
49868,train
10897,train
7967,train
34951,train
41444,train
38801,train
30535,train
27858,train
29068,train
8581,train
2994,train
4476,train
57289,train
45865,train
22666,train
50786,train
15670,train
11519,train
23511,train
68872,train
17028,train
51805,train
2063,train
29616,train
1240,train
50599,train
38715,train
46262,train
60707,train
55002,train
18701,train
48865,train
51247,train
56695,train
60981,train
12012,train
48523,train
10447,train
9750,train
62571,train
69581,train
5814,train
8839,train
6659,train
3051,train
56557,train
28675,train
42622,train
54341,train
37903,train
33373,train
10352,train
20512,train
26438,train
60780,train
20379,train
57340,train
29727,train
40364,train
54171,train
37387,train
56995,train
47042,train
1591,train
43699,train
62960,train
41369,train
24323,train
38013,train
45675,train
3417,train
60809,train
46015,train
36519,train
52397,train
36734,train
7004,train
43099,train
55127,train
2615,train
44820,train
66125,train
62420,train
37645,train
25665,train
38339,train
62434,train
61753,train
31147,train
7893,train
46226,train
3557,train
6957,train
13733,train
19356,train
36915,train
30127,train
18706,train
13652,train
69194,train
54499,train
49893,train
39907,train
24471,train
40636,train
54532,train
51202,train
1974,train
54599,train
68190,train
41952,train
53519,train
30331,train
57183,train
42700,train
33979,train
48434,train
67651,train
30677,train
70028,train
55427,train
33845,train
59128,train
40874,train
30067,train
41432,train
15436,train
52097,train
27028,train
50479,train
49735,train
53835,train
62274,train
44197,train
69254,train
39869,train
29771,train
50971,train
50456,train
47301,train
44551,train
9166,train
53222,train
14496,train
25311,train
7117,train
20506,train
39338,train
40333,train
38778,train
63742,train
16691,train
12364,train
44003,train
55494,train
54771,train
30321,train
60286,train
53057,train
54067,train
54921,train
69067,train
46672,train
12679,train
69443,train
16905,train
61555,train
18960,train
34649,train
36499,train
42396,train
56924,train
47211,train
28402,train
933,train
9870,train
24033,train
34469,train
29101,train
33624,train
12414,train
69431,train
51445,train
27578,train
61857,train
15150,train
26700,train
67169,train
61846,train
33843,train
47945,train
29806,train
35851,train
27068,train
60835,train
68783,train
62408,train
33323,train
60163,train
10995,train
1754,train
59403,train
69866,train
17270,train
46453,train
10787,train
34087,train
23078,train
32143,train
59543,train
30052,train
5195,train
58352,train
33892,train
60229,train
39433,train
27634,train
63832,train
52335,train
20556,train
23332,train
48373,train
29513,train
57493,train
19004,train
9113,train
20054,train
46338,train
6788,train
50381,train
58073,train
15652,train
20226,train
38924,train
16251,train
12727,train
61392,train
39703,train
7014,train
17441,train
57395,train
45844,train
38114,train
21819,train
35241,train
51929,train
19425,train
18356,train
11970,train
34431,train
52072,train
16481,train
17030,train
51942,train
5998,train
58485,train
62284,train
55398,train
22139,train
40728,train
16566,train
46914,train
67212,train
47727,train
20056,train
60579,train
16316,train
59200,train
30450,train
33649,train
58489,train
34259,train
64249,train
29108,train
19416,train
31328,train
40246,train
8397,train
53367,train
64409,train
68792,train
63351,train
38238,train
10488,train
4861,train
13084,train
63426,train
15,train
21173,train
60404,train
8550,train
32863,train
58457,train
47501,train
59290,train
8936,train
42814,train
49573,train
56988,train
50582,train
13210,train
65734,train
34104,train
31240,train
37302,train
38547,train
47782,train
26074,train
63924,train
11077,train
55887,train
44073,train
68353,train
6002,train
58622,train
48082,train
30863,train
11557,train
32129,train
31670,train
3782,train
8011,train
14737,train
54810,train
47132,train
26574,train
61186,train
25132,train
50834,train
28657,train
37957,train
62276,train
9359,train
32689,train
43790,train
52537,train
22955,train
50395,train
50338,train
41123,train
55854,train
59925,train
28097,train
55550,train
294,train
57888,train
65161,train
43945,train
23155,train
54734,train
10199,train
64800,train
47888,train
37406,train
447,train
26236,train
54778,train
65313,train
48210,train
20345,train
47173,train
49239,train
37013,train
11790,train
42859,train
68490,train
37557,train
67641,train
47901,train
57619,train
57179,train
34384,train
12824,train
10718,train
48271,train
42885,train
47191,train
19238,train
27826,train
33606,train
51598,train
24197,train
58940,train
18775,train
59169,train
59034,train
59733,train
38876,train
3289,train
23005,train
69500,train
11983,train
45273,train
41995,train
36990,train
1277,train
12895,train
43155,train
46034,train
29145,train
18923,train
10868,train
6125,train
41890,train
43735,train
45483,train
3533,train
63409,train
20370,train
201,train
6138,train
38058,train
21538,train
50339,train
9355,train
57925,train
10515,train
22257,train
24880,train
23606,train
44800,train
27848,train
67863,train
28039,train
47909,train
64445,train
35106,train
67000,train
33840,train
31940,train
6462,train
8959,train
25914,train
55673,train
17534,train
33810,train
4295,train
49901,train
51493,train
24770,train
14143,train
54489,train
46271,train
53234,train
44060,train
67492,train
15695,train
7667,train
48336,train
641,train
6609,train
63666,train
10758,train
26242,train
21581,train
21586,train
64920,train
36115,train
6218,train
42315,train
54397,train
25499,train
14516,train
13584,train
25206,train
32770,train
21681,train
38580,train
53647,train
6603,train
50177,train
55783,train
7197,train
46644,train
25789,train
66357,train
36076,train
54838,train
51412,train
53712,train
14365,train
4181,train
12766,train
51796,train
64551,train
49363,train
42914,train
68662,train
38818,train
12317,train
25003,train
26639,train
33710,train
31235,train
50219,train
64432,train
56527,train
51028,train
31364,train
19594,train
66787,train
12435,train
35609,train
59786,train
33585,train
7590,train
56646,train
49137,train
68206,train
17276,train
55254,train
54986,train
5047,train
42329,train
24005,train
39608,train
5605,train
7492,train
34507,train
53079,train
20144,train
8940,train
20157,train
58602,train
55941,train
70476,train
12616,train
12526,train
38316,train
5148,train
29172,train
46057,train
50340,train
11769,train
31232,train
26254,train
40387,train
11550,train
24161,train
61633,train
53628,train
40892,train
48682,train
50158,train
61755,train
16160,train
15933,train
14199,train
47137,train
13500,train
67062,train
60874,train
50039,train
28835,train
7673,train
4616,train
22691,train
32475,train
46141,train
5948,train
46893,train
28076,train
34488,train
62099,train
28452,train
10294,train
12302,train
30633,train
24645,train
18096,train
13244,train
55604,train
26341,train
66062,train
64089,train
68908,train
3409,train
42973,train
33042,train
27922,train
67085,train
2122,train
861,train
37070,train
51369,train
43091,train
6208,train
28080,train
924,train
23031,train
13803,train
514,train
16522,train
32413,train
1677,train
58056,train
7344,train
9974,train
59246,train
50072,train
30296,train
40297,train
8188,train
44630,train
510,train
3328,train
65970,train
37650,train
1392,train
65733,train
13628,train
54233,train
61360,train
39924,train
54928,train
13117,train
23007,train
66503,train
66680,train
33969,train
7761,train
70146,train
18146,train
50437,train
6684,train
6380,train
49023,train
37543,train
28196,train
52936,train
958,train
70067,train
39547,train
70390,train
46567,train
52933,train
16170,train
1725,train
52990,train
53676,train
57548,train
5401,train
11056,train
57954,train
25182,train
13354,train
12738,train
66155,train
53992,train
25246,train
18305,train
59808,train
41627,train
32924,train
52593,train
8860,train
16870,train
57523,train
59208,train
23220,train
57604,train
12357,train
13811,train
20446,train
54616,train
39587,train
20469,train
8732,train
31387,train
68707,train
22730,train
46660,train
39582,train
37315,train
41045,train
43645,train
12916,train
32551,train
12783,train
21032,train
16556,train
52354,train
66879,train
40380,train
69382,train
25842,train
51450,train
68226,train
3057,train
60512,train
27841,train
36244,train
63405,train
399,train
66266,train
10796,train
12943,train
17948,train
53576,train
17150,train
55078,train
14806,train
50415,train
31116,train
54290,train
51097,train
25728,train
53807,train
28936,train
26246,train
26819,train
69433,train
33916,train
43952,train
29825,train
55978,train
64926,train
28932,train
61416,train
15823,train
43773,train
45022,train
38810,train
16150,train
32533,train
8591,train
70169,train
54642,train
49459,train
51587,train
15957,train
39847,train
62651,train
36192,train
66868,train
34230,train
34593,train
25888,train
68728,train
44265,train
35340,train
27104,train
29752,train
3460,train
54730,train
25172,train
9102,train
57337,train
48784,train
18396,train
29915,train
60877,train
48716,train
45583,train
57494,train
21261,train
35144,train
52740,train
51612,train
44202,train
59513,train
46088,train
61958,train
37758,train
40063,train
38869,train
43484,train
59731,train
30198,train
4023,train
59112,train
55522,train
14594,train
50520,train
55146,train
12557,train
1689,train
30099,train
22762,train
34510,train
65879,train
52395,train
50131,train
7023,train
35498,train
56044,train
7228,train
26706,train
52079,train
42382,train
39793,train
67682,train
29576,train
21663,train
64757,train
14415,train
39358,train
24016,train
52892,train
28812,train
26666,train
60421,train
48181,train
56878,train
20899,train
5516,train
11419,train
40108,train
10410,train
57969,train
28947,train
48384,train
41486,train
65814,train
3985,train
56980,train
53154,train
41975,train
60225,train
31354,train
42925,train
34765,train
53982,train
33786,train
25954,train
33806,train
46990,train
19210,train
6725,train
41626,train
55133,train
61741,train
70309,train
37450,train
20397,train
60628,train
45798,train
32829,train
53205,train
9852,train
54433,train
25243,train
67564,train
47932,train
23069,train
11385,train
966,train
26798,train
26003,train
4542,train
46221,train
31367,train
42742,train
17275,train
14008,train
37835,train
34539,train
44299,train
41788,train
38098,train
35095,train
13488,train
58683,train
28429,train
25845,train
53746,train
20216,train
28127,train
57343,train
54557,train
5504,train
22112,train
37874,train
35677,train
46532,train
2891,train
29607,train
59576,train
23376,train
5317,train
27889,train
20791,train
54947,train
19812,train
1208,train
66473,train
66166,train
63222,train
3475,train
44087,train
48432,train
32936,train
4678,train
28488,train
3394,train
6032,train
20071,train
57510,train
66673,train
68007,train
449,train
58594,train
55266,train
25634,train
3983,train
23847,train
25056,train
12759,train
22530,train
21118,train
52006,train
43435,train
47823,train
5702,train
4721,train
49696,train
58506,train
67741,train
65379,train
17266,train
21275,train
43067,train
29174,train
4859,train
64788,train
68197,train
55870,train
30801,train
63066,train
12413,train
51457,train
2265,train
60132,train
29312,train
33831,train
45790,train
32406,train
23858,train
414,train
15537,train
50583,train
39156,train
38030,train
2476,train
15953,train
51946,train
32479,train
7771,train
69056,train
41923,train
45927,train
62245,train
43742,train
54590,train
67416,train
49403,train
45898,train
36725,train
19680,train
6549,train
43800,train
60742,train
45305,train
55130,train
58491,train
42650,train
38899,train
67661,train
2470,train
38956,train
38450,train
15398,train
4279,train
29563,train
11388,train
38159,train
38776,train
13144,train
15997,train
63482,train
7244,train
45751,train
44283,train
4760,train
18025,train
26123,train
20374,train
52816,train
7109,train
43405,train
40925,train
4569,train
35244,train
56717,train
45171,train
30096,train
6074,train
47724,train
5163,train
8355,train
12957,train
68155,train
16506,train
50155,train
33948,train
54541,train
64466,train
5930,train
32007,train
3174,train
17131,train
66238,train
34798,train
31976,train
26887,train
24960,train
56849,train
58792,train
2696,train
5854,train
45122,train
66718,train
31689,train
11241,train
6213,train
44814,train
354,train
50672,train
8237,train
36500,train
51551,train
4874,train
68233,train
46435,train
37023,train
23768,train
36341,train
59699,train
23729,train
15890,train
26957,train
59019,train
1517,train
54283,train
55507,train
10645,train
25381,train
55114,train
64923,train
33114,train
4211,train
41726,train
13708,train
10403,train
50881,train
32221,train
61433,train
59798,train
11437,train
36851,train
22821,train
69249,train
4545,train
62993,train
67159,train
30133,train
51666,train
48266,train
61692,train
18968,train
13676,train
10064,train
54052,train
65981,train
62413,train
32569,train
13484,train
16644,train
63199,train
12148,train
16128,train
20404,train
52186,train
11299,train
69230,train
37756,train
60955,train
33357,train
56468,train
46909,train
43022,train
56457,train
53526,train
21027,train
8201,train
32425,train
57676,train
8894,train
12195,train
66570,train
42577,train
13795,train
64761,train
6104,train
64647,train
32085,train
33302,train
13604,train
7773,train
28858,train
34005,train
29339,train
64600,train
55764,train
55879,train
20239,train
22480,train
51640,train
6547,train
43442,train
65384,train
26941,train
66698,train
32979,train
47602,train
1601,train
45287,train
58910,train
23456,train
28413,train
48936,train
38171,train
34202,train
20244,train
56187,train
10576,train
29093,train
24177,train
25775,train
42501,train
24350,train
7077,train
12823,train
50981,train
33566,train
15390,train
15140,train
65976,train
66081,train
6711,train
22077,train
51981,train
5933,train
10890,train
40001,train
45364,train
51725,train
25645,train
24888,train
53586,train
22524,train
8734,train
59629,train
59915,train
15831,train
55369,train
55492,train
31169,train
52712,train
25855,train
64428,train
45930,train
23780,train
38668,train
17363,train
68567,train
42311,train
33160,train
35299,train
24339,train
56732,train
60446,train
61523,train
30585,train
31270,train
69437,train
18378,train
59315,train
69021,train
23002,train
23541,train
22027,train
46390,train
42739,train
60585,train
2292,train
25636,train
44858,train
44807,train
58845,train
6401,train
58057,train
32518,train
19684,train
50577,train
54235,train
27694,train
19472,train
62449,train
40543,train
23597,train
8093,train
36206,train
28861,train
64124,train
22711,train
31020,train
16821,train
34133,train
43726,train
14632,train
60721,train
6708,train
2172,train
67187,train
4855,train
40601,train
9459,train
26758,train
47290,train
18663,train
44039,train
43286,train
12184,train
15030,train
61297,train
55154,train
48815,train
10741,train
48866,train
39341,train
12982,train
33590,train
65458,train
59287,train
36533,train
31278,train
45737,train
15283,train
44027,train
5085,train
8970,train
27234,train
64645,train
47797,train
4599,train
50779,train
66019,train
37665,train
65810,train
40176,train
35404,train
9847,train
60036,train
19263,train
23704,train
3701,train
27957,train
15115,train
28058,train
7563,train
14610,train
23045,train
6979,train
51474,train
32303,train
28451,train
49707,train
50960,train
48372,train
22538,train
45123,train
68959,train
7644,train
50354,train
11469,train
69911,train
69696,train
30021,train
45413,train
31765,train
58203,train
7338,train
17818,train
49899,train
68531,train
66691,train
56434,train
69625,train
10271,train
17566,train
36886,train
23418,train
8579,train
43397,train
60670,train
4455,train
34548,train
24511,train
33431,train
45921,train
26803,train
17962,train
36993,train
35752,train
46883,train
51273,train
51399,train
2884,train
47580,train
22381,train
52021,train
67370,train
66769,train
46452,train
2702,train
53215,train
39495,train
48836,train
61833,train
40648,train
44935,train
62534,train
61628,train
39694,train
65368,train
36505,train
68864,train
23431,train
49056,train
16029,train
65910,train
6431,train
56757,train
21754,train
48844,train
49479,train
23946,train
14680,train
50639,train
62569,train
49922,train
65121,train
19873,train
32068,train
51455,train
24681,train
12316,train
17054,train
25668,train
3302,train
36503,train
19444,train
28346,train
30062,train
67155,train
33327,train
64826,train
59276,train
44926,train
14967,train
56130,train
6499,train
4352,train
34023,train
36549,train
56819,train
27428,train
28314,train
59017,train
13744,train
60206,train
53406,train
20890,train
5521,train
5673,train
68582,train
19289,train
49760,train
37138,train
56108,train
47466,train
24432,train
930,train
41296,train
42204,train
21760,train
53776,train
4890,train
46704,train
41892,train
54927,train
27132,train
30718,train
17199,train
48728,train
52320,train
30571,train
6145,train
6201,train
10926,train
28176,train
12945,train
16416,train
52700,train
65883,train
3811,train
31840,train
42272,train
22720,train
60177,train
37745,train
7583,train
20357,train
29796,train
46258,train
8964,train
12503,train
21335,train
18349,train
14835,train
40291,train
55591,train
47923,train
55375,train
46032,train
28049,train
9435,train
32234,train
54299,train
63524,train
40789,train
6663,train
12854,train
42652,train
20778,train
12444,train
48072,train
55824,train
52813,train
57927,train
22956,train
11544,train
40816,train
11475,train
41715,train
37341,train
2622,train
22750,train
16030,train
41679,train
70670,train
33026,train
5197,train
23116,train
40967,train
63931,train
18967,train
25148,train
55403,train
14885,train
32366,train
3675,train
19953,train
53181,train
48838,train
57591,train
11797,train
8285,train
37753,train
19963,train
19611,train
59987,train
46114,train
24235,train
56410,train
34787,train
39552,train
9022,train
26654,train
13235,train
22868,train
34822,train
7095,train
9446,train
65914,train
15341,train
24234,train
26372,train
42846,train
46877,train
23636,train
68403,train
29392,train
41441,train
4103,train
42833,train
21642,train
24165,train
40637,train
34600,train
54600,train
4361,train
14248,train
52415,train
38349,train
2019,train
6343,train
35638,train
48199,train
31381,train
49388,train
7265,train
3382,train
39077,train
49148,train
3275,train
39163,train
48112,train
25058,train
20410,train
69768,train
69895,train
9288,train
49252,train
32795,train
62194,train
47746,train
51366,train
50787,train
38833,train
13091,train
12871,train
29546,train
28693,train
54634,train
12018,train
29633,train
40514,train
19936,train
36862,train
11047,train
48212,train
45584,train
2666,train
69198,train
56794,train
2485,train
48378,train
19142,train
2398,train
19961,train
53391,train
37141,train
10552,train
54119,train
26403,train
26731,train
3977,train
40474,train
50819,train
52625,train
44126,train
33910,train
58162,train
19258,train
54908,train
54803,train
10311,train
25921,train
8613,train
16653,train
31219,train
3993,train
20573,train
46331,train
68534,train
46466,train
3662,train
25486,train
32098,train
3195,train
19785,train
27374,train
69113,train
29337,train
13130,train
12101,train
15461,train
9101,train
41112,train
28831,train
62444,train
20348,train
28819,train
31113,train
41997,train
12947,train
8864,train
40587,train
53702,train
61754,train
65672,train
39757,train
39916,train
5241,train
32460,train
3927,train
63828,train
53307,train
44749,train
8398,train
14494,train
64062,train
53605,train
7562,train
13565,train
59453,train
13874,train
45579,train
20833,train
33458,train
3825,train
44664,train
45323,train
20036,train
53860,train
37241,train
1646,train
53640,train
1787,train
6073,train
44014,train
46211,train
60797,train
1905,train
2965,train
9237,train
69091,train
5136,train
30120,train
30332,train
64306,train
48070,train
10828,train
67500,train
28183,train
21979,train
63160,train
26809,train
9069,train
25068,train
45542,train
51928,train
70110,train
42383,train
55817,train
36932,train
25247,train
12678,train
2617,train
60962,train
53552,train
65405,train
67823,train
43156,train
29321,train
33929,train
62715,train
27653,train
15977,train
16452,train
65937,train
61996,train
42473,train
14028,train
61101,train
68067,train
61985,train
23550,train
38358,train
69630,train
19152,train
32550,train
18678,train
43498,train
46029,train
13098,train
54252,train
49320,train
23574,train
58836,train
27620,train
52341,train
55839,train
34468,train
1360,train
26683,train
59020,train
24503,train
4571,train
52297,train
41861,train
35042,train
36648,train
13042,train
12648,train
60612,train
15930,train
22415,train
13798,train
26824,train
34912,train
15906,train
48876,train
1122,train
21421,train
62497,train
16285,train
41658,train
5632,train
27981,train
7792,train
9673,train
1577,train
41147,train
34127,train
68644,train
56018,train
21536,train
36028,train
35402,train
65711,train
44159,train
2580,train
8900,train
59959,train
1845,train
44708,train
58490,train
1599,train
45659,train
27247,train
12289,train
60894,train
48794,train
66972,train
47354,train
56836,train
46811,train
19066,train
23477,train
14771,train
57875,train
31937,train
43248,train
59195,train
58632,train
31637,train
57207,train
50738,train
40293,train
44237,train
69478,train
20626,train
32630,train
47577,train
8905,train
923,train
7314,train
27101,train
24749,train
40783,train
52697,train
49711,train
16538,train
44984,train
4584,train
10974,train
61058,train
35001,train
4912,train
64805,train
11192,train
1676,train
39225,train
63028,train
7628,train
23264,train
42532,train
25080,train
58006,train
4640,train
17799,train
40938,train
1885,train
69888,train
23535,train
67270,train
40166,train
51025,train
61375,train
36137,train
20614,train
10535,train
26675,train
67182,train
58061,train
1546,train
17912,train
33723,train
17633,train
1421,train
47427,train
64911,train
49128,train
33955,train
42336,train
60267,train
62806,train
48439,train
48662,train
67622,train
62336,train
44023,train
69852,train
7981,train
14009,train
58603,train
31734,train
58375,train
5718,train
27292,train
35576,train
58440,train
6793,train
34603,train
57612,train
26299,train
70051,train
49132,train
26496,train
67546,train
67609,train
56912,train
9928,train
38935,train
40424,train
51540,train
19632,train
5812,train
5766,train
10359,train
24320,train
58018,train
21180,train
15826,train
13630,train
21852,train
57479,train
26076,train
3171,train
45481,train
19195,train
65038,train
34293,train
54271,train
45114,train
22157,train
39363,train
40717,train
14548,train
18535,train
56649,train
49736,train
64167,train
53246,train
23815,train
40591,train
27611,train
20074,train
38849,train
44431,train
14687,train
26135,train
29336,train
2533,train
47841,train
54243,train
53116,train
29690,train
68529,train
10568,train
38104,train
14089,train
10903,train
5142,train
46890,train
40186,train
725,train
29114,train
41775,train
54693,train
8208,train
30750,train
59641,train
47124,train
60280,train
33297,train
45255,train
23034,train
10781,train
31666,train
59084,train
67138,train
69503,train
55243,train
24651,train
52120,train
45932,train
41875,train
52761,train
42573,train
33760,train
6668,train
54709,train
13608,train
53483,train
63901,train
39853,train
25616,train
682,train
27880,train
7047,train
26068,train
13910,train
68686,train
6010,train
19460,train
29520,train
5752,train
6221,train
68678,train
16278,train
39482,train
26158,train
14864,train
45778,train
19616,train
24676,train
64298,train
26130,train
48701,train
56442,train
2632,train
7659,train
7053,train
62125,train
3634,train
47682,train
37457,train
46571,train
18344,train
435,train
18132,train
45716,train
25061,train
65762,train
41185,train
53803,train
55547,train
27402,train
23153,train
18765,train
32885,train
66196,train
65627,train
17439,train
56467,train
13605,train
2274,train
40156,train
54132,train
10320,train
42509,train
38299,train
68492,train
61052,train
43847,train
37694,train
16957,train
18205,train
32399,train
15019,train
21330,train
68330,train
22308,train
55135,train
27960,train
57374,train
33258,train
55190,train
5680,train
34620,train
14862,train
60297,train
63045,train
736,train
19788,train
22490,train
44840,train
12869,train
70320,train
51220,train
22390,train
30233,train
68608,train
19106,train
53955,train
32497,train
8950,train
19493,train
62167,train
34088,train
30051,train
17745,train
40475,train
10460,train
50891,train
64072,train
47041,train
65318,train
46647,train
25455,train
19083,train
58779,train
56554,train
47928,train
5002,train
54790,train
13413,train
19426,train
11740,train
50713,train
53577,train
58696,train
67338,train
9013,train
32298,train
70492,train
13712,train
5708,train
52741,train
19945,train
33124,train
10936,train
21125,train
14337,train
41457,train
43246,train
19088,train
57016,train
14658,train
61117,train
2056,train
2961,train
49322,train
28415,train
20349,train
1178,train
32383,train
60141,train
16214,train
14543,train
68480,train
29574,train
50945,train
27900,train
49480,train
2804,train
6029,train
10966,train
431,train
31315,train
17318,train
2502,train
56685,train
57000,train
15285,train
13624,train
46975,train
68418,train
5548,train
7055,train
54335,train
12657,train
28638,train
16687,train
66742,train
3601,train
11836,train
57949,train
36983,train
48563,train
64763,train
25857,train
45060,train
66104,train
35887,train
18758,train
1921,train
19101,train
39675,train
53902,train
43961,train
17735,train
15252,train
22113,train
54025,train
16424,train
26763,train
59173,train
47053,train
24971,train
55145,train
4937,train
17096,train
19194,train
18056,train
1348,train
4407,train
11097,train
14545,train
4883,train
52007,train
10965,train
62987,train
69803,train
35208,train
62456,train
57105,train
42807,train
10039,train
42359,train
42143,train
66866,train
67442,train
40696,train
25370,train
3059,train
13750,train
2543,train
49118,train
32268,train
2473,train
44123,train
16878,train
10544,train
64289,train
28493,train
32102,train
57652,train
35372,train
8482,train
27867,train
15892,train
51055,train
1946,train
41424,train
23387,train
59934,train
64631,train
44167,train
943,train
8167,train
68264,train
57868,train
35396,train
34017,train
55574,train
12455,train
62207,train
55189,train
9757,train
33438,train
53926,train
16779,train
66066,train
61210,train
46992,train
18078,train
61559,train
10493,train
57047,train
66215,train
14891,train
42927,train
59215,train
37375,train
36453,train
2385,train
10770,train
25664,train
68085,train
36542,train
42206,train
4941,train
63124,train
10135,train
34758,train
52797,train
24624,train
13964,train
57488,train
62576,train
20146,train
40338,train
18124,train
49308,train
22130,train
11680,train
5796,train
1721,train
547,train
38793,train
24866,train
69783,train
53083,train
60059,train
51222,train
10327,train
40105,train
59464,train
56341,train
22395,train
37977,train
42042,train
26548,train
11144,train
5155,train
39094,train
36444,train
44377,train
60070,train
7755,train
65242,train
18405,train
45475,train
32499,train
12855,train
11316,train
55661,train
1256,train
59479,train
8405,train
8669,train
39057,train
22563,train
10440,train
49482,train
8215,train
31823,train
61076,train
20179,train
13796,train
27241,train
67974,train
4999,train
33631,train
49884,train
63695,train
58616,train
13027,train
27044,train
205,train
38471,train
33937,train
44540,train
1797,train
57822,train
47556,train
52516,train
20428,train
28175,train
38147,train
69603,train
13170,train
26673,train
11371,train
16700,train
70524,train
38406,train
65877,train
39478,train
9951,train
20716,train
46230,train
12384,train
65227,train
65051,train
26478,train
49943,train
10660,train
8437,train
17859,train
551,train
55762,train
46216,train
54936,train
5084,train
29345,train
11570,train
3415,train
61087,train
55939,train
64080,train
38410,train
43312,train
51423,train
45112,train
62890,train
58692,train
51817,train
67400,train
17118,train
43241,train
59066,train
29473,train
38232,train
6019,train
58461,train
11708,train
20895,train
31121,train
3002,train
34480,train
1574,train
61024,train
34439,train
61339,train
18258,train
11314,train
7331,train
5488,train
58678,train
15360,train
32280,train
32807,train
37313,train
58687,train
36285,train
31493,train
57186,train
3867,train
22803,train
36456,train
32564,train
57786,train
12628,train
56496,train
47583,train
10209,train
68170,train
54885,train
56278,train
22403,train
70125,train
18125,train
26736,train
34066,train
56323,train
4497,train
26823,train
50827,train
988,train
49732,train
69958,train
38447,train
28481,train
16144,train
28730,train
44530,train
1060,train
23881,train
22016,train
30441,train
44211,train
10191,train
65131,train
61454,train
66240,train
64636,train
28305,train
27012,train
57835,train
35806,train
31036,train
18481,train
69117,train
18016,train
59519,train
35364,train
43199,train
19520,train
5962,train
16835,train
5117,train
60975,train
2128,train
30569,train
5797,train
29119,train
21231,train
12344,train
7063,train
45575,train
43290,train
16990,train
67233,train
53487,train
5008,train
21823,train
50603,train
45397,train
24037,train
67886,train
29789,train
68488,train
63673,train
65283,train
64819,train
36703,train
41605,train
68460,train
2816,train
52409,train
5389,train
20851,train
32785,train
4802,train
522,train
40795,train
5432,train
7091,train
18618,train
4522,train
61033,train
10648,train
19886,train
3292,train
22032,train
38199,train
44472,train
36177,train
37781,train
54867,train
27768,train
9947,train
34291,train
6807,train
53723,train
58317,train
7877,train
55033,train
37926,train
48257,train
58954,train
1136,train
20850,train
48610,train
1670,train
21238,train
5064,train
515,train
42103,train
19397,train
15223,train
13686,train
36130,train
40458,train
19233,train
5999,train
4141,train
18838,train
59375,train
9805,train
14443,train
53529,train
60752,train
21825,train
51530,train
65484,train
4740,train
23924,train
305,train
63187,train
28516,train
17748,train
19677,train
23089,train
49445,train
58965,train
43789,train
836,train
33983,train
59795,train
35236,train
795,train
7836,train
42051,train
46115,train
22351,train
33091,train
21604,train
65559,train
49465,train
24761,train
40296,train
44676,train
43815,train
11344,train
28530,train
68496,train
7724,train
65838,train
66278,train
36153,train
68484,train
41743,train
19122,train
17303,train
57477,train
11338,train
24714,train
65132,train
4025,train
39879,train
5785,train
48048,train
53381,train
61043,train
2950,train
66884,train
10747,train
21726,train
13106,train
32440,train
7588,train
6697,train
21761,train
51634,train
58721,train
65147,train
23375,train
31336,train
22479,train
63874,train
833,train
36660,train
43983,train
54229,train
4043,train
52636,train
26356,train
44539,train
33805,train
22679,train
5684,train
45243,train
32047,train
10281,train
57283,train
220,train
30475,train
38851,train
37017,train
37927,train
67183,train
27673,train
24227,train
12874,train
21723,train
68572,train
25136,train
27297,train
35145,train
45909,train
4907,train
4548,train
26476,train
55903,train
23225,train
33822,train
41110,train
675,train
13573,train
2550,train
2888,train
65501,train
21758,train
5249,train
63166,train
61822,train
64690,train
647,train
277,train
46006,train
50844,train
30313,train
25340,train
7078,train
19763,train
7181,train
63017,train
35829,train
55153,train
30514,train
42106,train
64972,train
21150,train
39514,train
42763,train
10078,train
37875,train
63238,train
2447,train
50772,train
60435,train
35452,train
3781,train
16914,train
59046,train
19437,train
6553,train
921,train
26459,train
13930,train
22684,train
9440,train
13613,train
27602,train
5093,train
22049,train
16708,train
28617,train
7926,train
22063,train
67304,train
30320,train
38987,train
12394,train
680,train
66944,train
66794,train
60928,train
6966,train
56842,train
29191,train
32028,train
30368,train
9543,train
15048,train
57384,train
43586,train
45443,train
61552,train
22525,train
53302,train
478,train
25069,train
68774,train
65433,train
59293,train
17399,train
59182,train
34904,train
3304,train
32635,train
55907,train
50948,train
38000,train
1755,train
58290,train
63605,train
1735,train
54674,train
13918,train
32500,train
59834,train
1777,train
11646,train
20317,train
2900,train
7933,train
58468,train
33567,train
66969,train
61397,train
21798,train
22282,train
52147,train
55864,train
70237,train
27329,train
63000,train
14324,train
28824,train
62006,train
16716,train
6102,train
19112,train
31580,train
62078,train
53352,train
17645,train
64148,train
56869,train
23526,train
43881,train
61263,train
3828,train
2423,train
17356,train
1563,train
22350,train
40277,train
24348,train
19079,train
51739,train
23909,train
2690,train
9023,train
38233,train
55585,train
46930,train
57598,train
39989,train
24163,train
57118,train
39034,train
17959,train
58088,train
37446,train
51812,train
5768,train
8099,train
11332,train
38071,train
12763,train
45742,train
8784,train
26761,train
21909,train
32859,train
70179,train
53579,train
53693,train
33608,train
50295,train
69894,train
40152,train
9907,train
26324,train
12083,train
59792,train
37876,train
59305,train
18218,train
31046,train
48138,train
13895,train
42376,train
39503,train
46074,train
65907,train
1068,train
16908,train
2052,train
13618,train
27291,train
49948,train
4798,train
28385,train
37836,train
2862,train
41870,train
68094,train
65990,train
16136,train
64355,train
66783,train
9405,train
51217,train
49426,train
26145,train
25016,train
27787,train
66546,train
69687,train
63100,train
48568,train
61253,train
64948,train
26197,train
30005,train
37260,train
35499,train
38456,train
55891,train
27200,train
25327,train
56630,train
42300,train
30749,train
15746,train
56875,train
53659,train
2708,train
34158,train
9939,train
23670,train
15295,train
67672,train
61890,train
22148,train
4647,train
13729,train
48068,train
40423,train
9037,train
25745,train
18992,train
7537,train
28672,train
31530,train
57582,train
3408,train
32473,train
68450,train
45759,train
48148,train
12556,train
58414,train
46738,train
4174,train
43378,train
66424,train
59860,train
70534,train
51673,train
7779,train
70106,train
50601,train
24654,train
28685,train
48527,train
39513,train
4939,train
3046,train
39061,train
66345,train
55340,train
34065,train
22583,train
67156,train
47984,train
37667,train
45095,train
2808,train
30657,train
42993,train
28873,train
2593,train
52856,train
35897,train
52508,train
48530,train
7140,train
11871,train
47022,train
21424,train
67081,train
32173,train
23638,train
55284,train
44353,train
18229,train
54853,train
24976,train
6255,train
58421,train
57296,train
1025,train
69183,train
54625,train
30098,train
35900,train
58695,train
49934,train
22931,train
2045,train
38490,train
11676,train
35626,train
63271,train
65664,train
48446,train
34755,train
54482,train
43625,train
23105,train
10049,train
69166,train
49104,train
59257,train
9573,train
50571,train
27179,train
17526,train
52423,train
15671,train
17485,train
56533,train
48213,train
33358,train
50890,train
46268,train
41341,train
42333,train
19995,train
61055,train
24995,train
69864,train
63347,train
66726,train
39922,train
38215,train
34053,train
68562,train
35110,train
6787,train
65459,train
37750,train
38564,train
61504,train
62594,train
42412,train
12210,train
10187,train
5936,train
31897,train
19130,train
64866,train
6961,train
61108,train
21169,train
13073,train
34887,train
53906,train
23850,train
34932,train
46081,train
23114,train
60611,train
33642,train
57753,train
35883,train
62813,train
5012,train
62778,train
24219,train
65983,train
51023,train
50657,train
57814,train
54781,train
7985,train
24293,train
21436,train
7760,train
29188,train
27701,train
41062,train
15781,train
60186,train
1177,train
70008,train
65461,train
57178,train
15107,train
2831,train
36759,train
25919,train
40104,train
26988,train
8014,train
39837,train
63258,train
34487,train
55656,train
47160,train
4464,train
45701,train
36403,train
26220,train
34719,train
16406,train
28595,train
50054,train
254,train
31546,train
12829,train
21857,train
49828,train
17538,train
68326,train
36599,train
50343,train
34220,train
40207,train
69956,train
8533,train
42364,train
43721,train
47368,train
217,train
39814,train
59440,train
33306,train
11246,train
23226,train
61473,train
30975,train
24101,train
13016,train
63295,train
17982,train
51537,train
11091,train
42715,train
7889,train
60346,train
60824,train
50169,train
42049,train
28605,train
32650,train
21574,train
33429,train
37813,train
59803,train
19487,train
14884,train
22377,train
32244,train
26034,train
52823,train
46793,train
10670,train
26576,train
51792,train
23130,train
58741,train
55609,train
36951,train
65431,train
64390,train
27781,train
54736,train
45419,train
64180,train
35394,train
60592,train
44140,train
42240,train
42768,train
46109,train
37434,train
66415,train
9925,train
24897,train
56830,train
10381,train
41672,train
63743,train
50291,train
60564,train
46025,train
3203,train
55768,train
17593,train
43441,train
49625,train
62471,train
7804,train
26244,train
37776,train
20187,train
29153,train
65562,train
41336,train
22127,train
45276,train
34520,train
67812,train
51621,train
3400,train
21557,train
19633,train
9876,train
17695,train
21077,train
39294,train
29389,train
65625,train
17994,train
63809,train
48161,train
49570,train
15832,train
39508,train
17410,train
61953,train
56393,train
36033,train
53169,train
13752,train
67118,train
34662,train
48313,train
51825,train
29014,train
59767,train
15768,train
26707,train
4169,train
36435,train
60391,train
45960,train
61529,train
32455,train
2677,train
45919,train
31008,train
22733,train
68129,train
45369,train
34212,train
52947,train
26442,train
3388,train
25912,train
52637,train
3438,train
31424,train
18674,train
45726,train
26579,train
59654,train
61437,train
29702,train
39007,train
7841,train
52306,train
69777,train
47475,train
41806,train
33509,train
39335,train
5016,train
60074,train
33170,train
39472,train
2101,train
17974,train
15570,train
66513,train
40346,train
58134,train
1228,train
37328,train
32403,train
17368,train
16049,train
43999,train
56569,train
68416,train
46490,train
44314,train
34530,train
13076,train
59228,train
35431,train
36791,train
59121,train
66928,train
31562,train
40974,train
47443,train
44901,train
22261,train
69702,train
5176,train
50288,train
16097,train
29139,train
37317,train
55487,train
34372,train
23314,train
12057,train
67722,train
16589,train
64540,train
14069,train
28832,train
42242,train
13186,train
33211,train
45596,train
48946,train
64231,train
42208,train
55231,train
58614,train
67282,train
37090,train
34022,train
34654,train
52417,train
21580,train
26595,train
20340,train
29173,train
26298,train
40770,train
16446,train
46117,train
5020,train
42593,train
42015,train
2406,train
28004,train
63961,train
69908,train
45577,train
47692,train
15349,train
38278,train
58292,train
48175,train
44322,train
53122,train
16954,train
842,train
39641,train
65250,train
68439,train
36303,train
67387,train
19111,train
66167,train
61105,train
5523,train
11019,train
43006,train
26899,train
52426,train
6716,train
16415,train
29106,train
25020,train
4641,train
65999,train
12545,train
7340,train
32893,train
47487,train
40575,train
22084,train
29065,train
59438,train
33811,train
63682,train
7964,train
13666,train
18221,train
18898,train
11785,train
65308,train
41363,train
2477,train
67435,train
14274,train
66598,train
4271,train
3709,train
60852,train
22518,train
48666,train
43747,train
7000,train
18207,train
42955,train
37676,train
57696,train
3532,train
47865,train
16403,train
55634,train
67669,train
68535,train
47369,train
58979,train
18965,train
35807,train
34831,train
61698,train
50730,train
64472,train
50149,train
59955,train
60279,train
31160,train
31157,train
63071,train
6847,train
37490,train
55415,train
13104,train
32746,train
24674,train
21068,train
32196,train
58980,train
38267,train
24748,train
3145,train
16543,train
16935,train
16173,train
29081,train
67176,train
25141,train
37980,train
20381,train
42405,train
57938,train
5360,train
52778,train
48963,train
40878,train
58800,train
56160,train
43219,train
30453,train
42112,train
22338,train
69370,train
56535,train
27388,train
27840,train
37773,train
24086,train
15173,train
58218,train
24783,train
32013,train
20476,train
20261,train
18388,train
44597,train
12825,train
66364,train
41313,train
62638,train
32583,train
15170,train
12774,train
20051,train
47310,train
33855,train
64079,train
16508,train
65994,train
61609,train
21728,train
227,train
34974,train
44850,train
25329,train
48790,train
55593,train
40010,train
17721,train
49718,train
8465,train
42289,train
11276,train
36904,train
33199,train
21404,train
50704,train
40415,train
25940,train
55089,train
19681,train
53673,train
10178,train
24185,train
59672,train
69975,train
55829,train
17876,train
1449,train
2440,train
66864,train
38297,train
4334,train
16739,train
18914,train
50814,train
61066,train
68836,train
44622,train
31399,train
67687,train
18702,train
29582,train
26033,train
66683,train
12714,train
42442,train
35220,train
54367,train
6451,train
23586,train
28647,train
46899,train
21828,train
32065,train
18870,train
68345,train
63024,train
6468,train
4913,train
6555,train
58261,train
35073,train
42923,train
18135,train
7748,train
17828,train
65428,train
53555,train
34875,train
5821,train
66198,train
6015,train
57242,train
13541,train
16937,train
61927,train
9233,train
69228,train
8509,train
28317,train
22464,train
21634,train
17561,train
69190,train
39731,train
56570,train
51503,train
11854,train
27516,train
15172,train
63436,train
15788,train
570,train
25025,train
59828,train
9265,train
61830,train
40763,train
31324,train
18766,train
44946,train
30576,train
12705,train
51746,train
12987,train
60980,train
9903,train
41584,train
49703,train
62283,train
31963,train
67746,train
8608,train
43224,train
32674,train
4459,train
27885,train
15365,train
65466,train
20142,train
40328,train
52109,train
1359,train
50636,train
42,train
14938,train
60314,train
36446,train
34826,train
70087,train
66137,train
66941,train
17105,train
1336,train
46779,train
58128,train
29029,train
22523,train
19768,train
7861,train
6022,train
69804,train
49448,train
44953,train
67603,train
4291,train
19595,train
23452,train
19341,train
17324,train
4204,train
617,train
69469,train
2207,train
50773,train
28405,train
424,train
93,train
57211,train
19105,train
5965,train
53611,train
52748,train
6751,train
67698,train
19500,train
12771,train
7321,train
20726,train
2857,train
44393,train
7831,train
42594,train
47623,train
33233,train
59859,train
50466,train
31699,train
47902,train
15578,train
16816,train
48173,train
12365,train
66585,train
66292,train
67225,train
63058,train
41199,train
68426,train
12477,train
40276,train
33866,train
49096,train
60581,train
403,train
14426,train
2221,train
21829,train
52877,train
40631,train
48414,train
27340,train
5134,train
51373,train
47836,train
33087,train
53849,train
63145,train
40112,train
54618,train
38853,train
37600,train
27300,train
21200,train
4182,train
6701,train
10713,train
18137,train
24948,train
17848,train
26965,train
18401,train
37058,train
4467,train
61425,train
15517,train
66222,train
60021,train
20468,train
46244,train
67377,train
70593,train
52213,train
56350,train
11918,train
21065,train
25060,train
26992,train
56586,train
56443,train
61353,train
15822,train
29380,train
27817,train
60429,train
64769,train
25629,train
60156,train
20746,train
51430,train
41564,train
22088,train
31847,train
38614,train
19305,train
28518,train
57462,train
22354,train
41603,train
20967,train
34859,train
36925,train
26368,train
26961,train
21991,train
7057,train
34221,train
33414,train
52929,train
42496,train
52678,train
36222,train
22295,train
1729,train
25897,train
53661,train
54547,train
57989,train
6849,train
34714,train
65888,train
15776,train
55657,train
36472,train
72,train
8239,train
16054,train
39040,train
32305,train
69628,train
13510,train
36189,train
9660,train
46310,train
63699,train
48405,train
24384,train
38345,train
17522,train
20916,train
21329,train
36185,train
41733,train
47881,train
5230,train
44307,train
702,train
22916,train
49300,train
18063,train
685,train
39645,train
65020,train
779,train
10661,train
8508,train
58215,train
48119,train
12341,train
34682,train
63669,train
46572,train
61945,train
33391,train
49487,train
56229,train
61614,train
24049,train
16527,train
34746,train
2318,train
56242,train
18054,train
3555,train
518,train
60006,train
28398,train
62844,train
26363,train
64723,train
48338,train
66657,train
65447,train
24110,train
10927,train
61744,train
43612,train
57533,train
36481,train
4956,train
58568,train
64074,train
28430,train
48447,train
18100,train
6493,train
27712,train
24497,train
38192,train
39259,train
69274,train
4653,train
21715,train
39467,train
41572,train
14370,train
70655,train
56733,train
10800,train
63355,train
34769,train
62985,train
7189,train
53037,train
54884,train
46481,train
23540,train
64020,train
68100,train
41762,train
4353,train
6634,train
12538,train
12454,train
59877,train
13193,train
28999,train
29787,train
67235,train
24556,train
68897,train
62747,train
70288,train
34679,train
37899,train
54214,train
35271,train
2014,train
50191,train
59557,train
61125,train
46301,train
25441,train
47741,train
51086,train
36617,train
54613,train
32886,train
11302,train
10092,train
26488,train
14391,train
23102,train
19533,train
3721,train
554,train
12531,train
45164,train
51913,train
67900,train
57370,train
64204,train
29864,train
43648,train
40054,train
68432,train
53984,train
26339,train
49451,train
32711,train
42686,train
48887,train
23979,train
67771,train
15090,train
40546,train
7286,train
54147,train
7019,train
36116,train
54382,train
30754,train
12780,train
14555,train
24698,train
5795,train
49865,train
941,train
56070,train
51904,train
5480,train
58830,train
52337,train
65587,train
55807,train
33251,train
20279,train
22907,train
59489,train
49618,train
33613,train
44484,train
24870,train
11963,train
41693,train
56987,train
62903,train
59655,train
19221,train
22912,train
26101,train
40749,train
4525,train
49587,train
42952,train
47847,train
67037,train
32681,train
15478,train
52631,train
43196,train
57485,train
66078,train
64828,train
43426,train
39640,train
22278,train
49375,train
24820,train
2072,train
14882,train
847,train
6854,train
23504,train
1232,train
54425,train
45745,train
18814,train
34902,train
37128,train
44701,train
16386,train
31266,train
60845,train
14169,train
5072,train
57750,train
38035,train
21616,train
3493,train
16663,train
68244,train
54973,train
6418,train
53891,train
66343,train
36712,train
67867,train
16718,train
5764,train
33473,train
43635,train
67307,train
52310,train
18275,train
45045,train
61651,train
13072,train
41656,train
60437,train
24123,train
34244,train
34355,train
34793,train
22982,train
22158,train
22969,train
26077,train
20206,train
16288,train
45560,train
33920,train
39525,train
59561,train
35092,train
45782,train
53328,train
46370,train
61788,train
52988,train
13102,train
70455,train
17901,train
44754,train
29774,train
29859,train
56821,train
52458,train
38044,train
60913,train
42094,train
9217,train
21926,train
57404,train
60301,train
69964,train
1001,train
46180,train
17903,train
30215,train
17400,train
9565,train
8958,train
50007,train
8344,train
7812,train
59957,train
30540,train
24494,train
1972,train
16203,train
7776,train
1196,train
14408,train
47025,train
30736,train
38007,train
49472,train
9525,train
25656,train
56142,train
15481,train
29815,train
57613,train
8749,train
39086,train
33880,train
11606,train
28948,train
28845,train
51120,train
25759,train
34015,train
38101,train
11182,train
64767,train
69267,train
59082,train
21181,train
45258,train
18627,train
33544,train
50383,train
65580,train
58835,train
29181,train
23414,train
12397,train
36338,train
56119,train
16859,train
17448,train
24406,train
61188,train
10262,train
61115,train
48595,train
64957,train
51670,train
47519,train
29092,train
48102,train
60443,train
2087,train
34058,train
50514,train
14358,train
57663,train
11063,train
29158,train
49110,train
56337,train
57043,train
30706,train
26603,train
37733,train
69711,train
43656,train
65771,train
30397,train
54932,train
26098,train
49562,train
42190,train
31154,train
59667,train
63906,train
29480,train
29424,train
23179,train
34967,train
15450,train
62688,train
54831,train
25649,train
25041,train
64780,train
67375,train
25633,train
44747,train
5312,train
27188,train
4685,train
64265,train
14339,train
21910,train
70098,train
67369,train
2455,train
63089,train
69859,train
21843,train
51956,train
28544,train
48839,train
12702,train
30702,train
69992,train
23066,train
11487,train
58658,train
65064,train
22521,train
67957,train
62436,train
1688,train
68750,train
51330,train
29738,train
39590,train
27869,train
35637,train
17127,train
37284,train
45753,train
23270,train
16074,train
34625,train
8224,train
42930,train
24408,train
11,train
52796,train
33434,train
979,train
40835,train
7802,train
4157,train
42718,train
23941,train
18333,train
49751,train
66243,train
40046,train
41645,train
68936,train
5013,train
49837,train
32971,train
50789,train
67388,train
46713,train
12956,train
55699,train
65865,train
29530,train
39620,train
31911,train
51361,train
5709,train
25986,train
11666,train
58358,train
22396,train
60987,train
282,train
12338,train
59126,train
52752,train
33096,train
48491,train
30505,train
32866,train
20620,train
27505,train
21613,train
38120,train
6885,train
30046,train
60591,train
20958,train
47701,train
8997,train
50077,train
35061,train
39852,train
29099,train
65056,train
64901,train
17306,train
31904,train
24026,train
47097,train
66339,train
30318,train
60343,train
20471,train
66971,train
3936,train
60262,train
2969,train
18093,train
12369,train
46911,train
66373,train
8337,train
65520,train
19655,train
8418,train
40673,train
5355,train
35044,train
35699,train
43057,train
38429,train
56767,train
52096,train
17229,train
21098,train
47125,train
54261,train
17239,train
45945,train
7218,train
10802,train
9797,train
61716,train
16815,train
12224,train
63706,train
44421,train
58672,train
38011,train
31368,train
33958,train
60862,train
59380,train
41725,train
61834,train
32087,train
28980,train
69393,train
48983,train
28238,train
2682,train
46199,train
21387,train
51062,train
20736,train
21755,train
31877,train
14048,train
27723,train
9495,train
68049,train
8769,train
5918,train
31444,train
43775,train
30740,train
19393,train
50106,train
48484,train
28627,train
2921,train
1201,train
50932,train
3507,train
48056,train
9188,train
20011,train
33247,train
50244,train
64902,train
42845,train
69031,train
47416,train
22554,train
48906,train
63990,train
66259,train
65290,train
5484,train
33780,train
7423,train
53703,train
39739,train
14438,train
47220,train
40437,train
61546,train
54350,train
34762,train
2555,train
32222,train
17121,train
30451,train
46873,train
65165,train
48492,train
1471,train
51051,train
24898,train
30171,train
4136,train
20844,train
172,train
50864,train
4424,train
66360,train
36842,train
20439,train
67481,train
68185,train
51859,train
9503,train
36841,train
31517,train
14129,train
45361,train
15806,train
27500,train
50909,train
61020,train
62076,train
49656,train
6154,train
55097,train
38123,train
43688,train
7683,train
69388,train
63741,train
817,train
16678,train
66856,train
61044,train
63097,train
32984,train
65332,train
52720,train
55737,train
24553,train
18479,train
46196,train
20411,train
2845,train
24399,train
43284,train
26180,train
3698,train
30172,train
15613,train
14959,train
10098,train
18796,train
28221,train
25299,train
2231,train
62756,train
35140,train
53499,train
40850,train
61132,train
18030,train
14676,train
35077,train
38955,train
10723,train
56375,train
32503,train
21756,train
31442,train
23011,train
45761,train
46900,train
39353,train
26540,train
3062,train
61381,train
23621,train
63331,train
4486,train
36883,train
22700,train
68080,train
66128,train
11028,train
58108,train
21690,train
32574,train
49762,train
65958,train
21115,train
45249,train
43698,train
3479,train
65856,train
18209,train
60789,train
49643,train
9548,train
24228,train
20215,train
64846,train
70057,train
16995,train
3562,train
5160,train
22693,train
32350,train
575,train
48618,train
63309,train
48736,train
3829,train
65543,train
12917,train
15860,train
17445,train
12717,train
16178,train
17190,train
17042,train
66976,train
46642,train
65052,train
23020,train
2988,train
36912,train
63075,train
67449,train
8139,train
25316,train
6241,train
27875,train
56425,train
37594,train
36710,train
15498,train
42599,train
13998,train
47680,train
70423,train
34277,train
63190,train
56845,train
31947,train
16901,train
31492,train
42910,train
2412,train
67524,train
7653,train
16907,train
4631,train
58301,train
51084,train
42899,train
58686,train
52326,train
63510,train
59916,train
22917,train
199,train
14900,train
22280,train
45062,train
22975,train
10223,train
38214,train
43371,train
17814,train
53495,train
11387,train
32287,train
13701,train
15136,train
21369,train
22178,train
42270,train
5832,train
55954,train
5656,train
52352,train
8831,train
24785,train
29220,train
59221,train
11737,train
46520,train
39282,train
11252,train
6760,train
58231,train
32751,train
54941,train
68862,train
17502,train
28419,train
61486,train
36233,train
61940,train
69397,train
48220,train
68714,train
23305,train
46753,train
15727,train
37978,train
37722,train
29192,train
12975,train
16069,train
15897,train
50989,train
14460,train
60452,train
7473,train
4997,train
24299,train
59781,train
86,train
15259,train
66349,train
63013,train
13258,train
35852,train
8933,train
48710,train
63365,train
17468,train
41067,train
67465,train
9297,train
46228,train
43939,train
38328,train
65010,train
18133,train
16439,train
5661,train
7255,train
20474,train
34956,train
40814,train
4506,train
21000,train
28606,train
37353,train
67686,train
62772,train
35183,train
62752,train
53264,train
30088,train
64424,train
69760,train
69790,train
26564,train
51862,train
20329,train
3256,train
33039,train
24042,train
43311,train
42079,train
69089,train
66084,train
51979,train
17390,train
21510,train
55430,train
21528,train
21361,train
59130,train
44557,train
47551,train
53040,train
36468,train
5476,train
64048,train
35149,train
23343,train
22245,train
51921,train
14375,train
33850,train
49437,train
46209,train
24994,train
58187,train
31669,train
12692,train
26206,train
9995,train
39319,train
48020,train
43443,train
17668,train
53438,train
5318,train
30537,train
22928,train
47433,train
58795,train
48419,train
35759,train
872,train
43139,train
66747,train
40019,train
26040,train
30203,train
38645,train
23257,train
51223,train
65668,train
60121,train
2139,train
26898,train
51557,train
46046,train
29973,train
48107,train
7576,train
38709,train
68256,train
18867,train
10248,train
9984,train
61928,train
61361,train
65795,train
62500,train
9533,train
65127,train
8953,train
5276,train
48797,train
69912,train
18577,train
62742,train
52672,train
41929,train
13417,train
5689,train
56515,train
31272,train
28379,train
60697,train
57819,train
23400,train
48163,train
29152,train
65701,train
68654,train
50798,train
20849,train
34269,train
38781,train
21735,train
43758,train
43846,train
62539,train
5169,train
66730,train
7115,train
53831,train
5741,train
47267,train
22914,train
28037,train
28038,train
56294,train
43108,train
69342,train
20921,train
29561,train
65660,train
61763,train
30491,train
37820,train
27830,train
63591,train
28158,train
51343,train
67931,train
40897,train
59463,train
60327,train
39347,train
10451,train
3855,train
37270,train
18601,train
38305,train
8057,train
56354,train
6458,train
9884,train
37623,train
46318,train
4280,train
6737,train
11923,train
44138,train
38648,train
70672,train
19286,train
5729,train
32417,train
9607,train
66595,train
38352,train
13968,train
33559,train
50651,train
24573,train
6819,train
18150,train
50192,train
18429,train
24800,train
55676,train
4490,train
45953,train
65233,train
65402,train
19514,train
61198,train
70020,train
21145,train
28333,train
67211,train
63197,train
68953,train
39979,train
6376,train
62592,train
57092,train
29794,train
64777,train
14695,train
22987,train
68810,train
38218,train
60518,train
46076,train
22455,train
31294,train
63083,train
47807,train
68793,train
12772,train
59388,train
43076,train
23856,train
35678,train
42319,train
16668,train
32340,train
26405,train
10976,train
35721,train
64028,train
61141,train
47523,train
36677,train
13569,train
39195,train
8555,train
20751,train
33630,train
51753,train
40466,train
55637,train
11973,train
17146,train
58271,train
7647,train
4074,train
48116,train
17862,train
24431,train
68230,train
3458,train
32925,train
13858,train
50878,train
37699,train
29933,train
2306,train
13342,train
16007,train
26846,train
47177,train
4362,train
30338,train
28125,train
20016,train
18453,train
23413,train
46334,train
35125,train
15314,train
58227,train
66934,train
51629,train
16377,train
39904,train
44068,train
70653,train
67649,train
48430,train
1223,train
28089,train
10106,train
16326,train
69220,train
11751,train
16091,train
37430,train
31175,train
22437,train
35765,train
43292,train
51340,train
54370,train
27898,train
33572,train
67574,train
69101,train
24372,train
30001,train
32652,train
14841,train
65537,train
69619,train
12846,train
16281,train
43506,train
32189,train
22734,train
37335,train
68387,train
58609,train
17586,train
24559,train
8367,train
14991,train
60476,train
21323,train
25353,train
15287,train
54559,train
29059,train
14832,train
62133,train
33098,train
63086,train
15834,train
11885,train
64534,train
40198,train
69112,train
24079,train
46974,train
60417,train
14511,train
63595,train
33412,train
16270,train
26616,train
19093,train
19407,train
41275,train
37280,train
34569,train
31556,train
32617,train
19640,train
62798,train
15639,train
59030,train
50560,train
60803,train
39200,train
4219,train
55409,train
61897,train
2642,train
64444,train
66182,train
42264,train
44405,train
48575,train
23046,train
39345,train
18294,train
48857,train
24233,train
5427,train
2680,train
24211,train
15976,train
35681,train
50203,train
49622,train
50426,train
52643,train
66828,train
42028,train
42026,train
37371,train
8028,train
33890,train
13860,train
61167,train
17930,train
8504,train
6764,train
51636,train
33561,train
62578,train
20143,train
70113,train
63857,train
53009,train
69134,train
48011,train
49523,train
47670,train
30860,train
5941,train
56956,train
35261,train
2199,train
17747,train
18098,train
36828,train
26093,train
14454,train
64740,train
2767,train
27824,train
70341,train
54006,train
53069,train
16011,train
49871,train
15309,train
69206,train
25023,train
28354,train
50933,train
46630,train
18036,train
33659,train
48661,train
30210,train
23178,train
67773,train
4549,train
41142,train
46235,train
54074,train
25298,train
69967,train
51119,train
52391,train
39469,train
1913,train
56244,train
57626,train
37976,train
10871,train
30790,train
40287,train
68495,train
41174,train
51095,train
56144,train
15253,train
32024,train
48699,train
67665,train
13030,train
40561,train
62258,train
22993,train
69394,train
25735,train
31326,train
53658,train
14659,train
62157,train
54184,train
69242,train
10160,train
35395,train
16770,train
51559,train
19080,train
9716,train
70300,train
25375,train
30957,train
14701,train
53804,train
54649,train
70115,train
28414,train
40984,train
13318,train
41246,train
33926,train
9829,train
27730,train
49839,train
4456,train
39798,train
56882,train
13805,train
26376,train
46623,train
59336,train
25252,train
52905,train
28327,train
19501,train
54270,train
64139,train
30200,train
7620,train
19159,train
18562,train
22703,train
4919,train
68527,train
33286,train
6026,train
23435,train
60017,train
60698,train
9091,train
60493,train
12175,train
62302,train
23464,train
18455,train
57590,train
53261,train
19940,train
50843,train
21472,train
45002,train
7978,train
58064,train
39773,train
58569,train
14042,train
2763,train
27761,train
20369,train
231,train
33480,train
21752,train
51842,train
51824,train
11205,train
4652,train
48229,train
69932,train
47573,train
41395,train
808,train
62662,train
43480,train
62007,train
7509,train
19491,train
22288,train
16487,train
68358,train
11288,train
30173,train
39090,train
17517,train
31243,train
27309,train
45089,train
38559,train
62361,train
48920,train
10006,train
32808,train
49774,train
33610,train
39219,train
34103,train
46694,train
23405,train
44139,train
42704,train
63909,train
60151,train
56437,train
23064,train
51787,train
69612,train
56060,train
50386,train
40107,train
8312,train
52918,train
28674,train
46573,train
62341,train
15088,train
37452,train
17248,train
46218,train
62961,train
48735,train
47584,train
27895,train
31838,train
57718,train
13523,train
28587,train
46518,train
17770,train
23494,train
32326,train
32193,train
54178,train
43923,train
19081,train
6946,train
19218,train
18311,train
17595,train
3504,train
30460,train
61124,train
64488,train
50759,train
16974,train
54049,train
28029,train
32183,train
35891,train
28633,train
6954,train
24684,train
786,train
34253,train
13266,train
63478,train
29223,train
6927,train
1121,train
36950,train
6919,train
50957,train
38036,train
53533,train
6378,train
58249,train
9539,train
12166,train
53744,train
22000,train
38861,train
56993,train
9244,train
55303,train
64282,train
19813,train
40487,train
38786,train
20353,train
16156,train
59143,train
66244,train
3265,train
1356,train
53350,train
36451,train
63157,train
12350,train
17718,train
28678,train
35792,train
66434,train
61456,train
29883,train
2413,train
67015,train
6268,train
62316,train
13237,train
64861,train
9810,train
49470,train
36999,train
54338,train
17583,train
1111,train
36181,train
8881,train
47082,train
35590,train
68482,train
58330,train
13568,train
19314,train
69030,train
48324,train
46566,train
59095,train
66561,train
69549,train
52738,train
6886,train
35611,train
28534,train
6696,train
61029,train
70421,train
21076,train
32266,train
8551,train
25564,train
41700,train
37949,train
69920,train
26924,train
53230,train
11677,train
68770,train
51292,train
45402,train
38311,train
67197,train
53191,train
27735,train
29045,train
55583,train
55460,train
1991,train
36607,train
45833,train
32375,train
54423,train
14486,train
47080,train
63668,train
16321,train
9946,train
29425,train
57620,train
10208,train
40439,train
32587,train
18728,train
34231,train
19781,train
67501,train
63867,train
35542,train
49389,train
16472,train
47766,train
43501,train
60290,train
57180,train
44880,train
62018,train
29100,train
2431,train
49770,train
58471,train
28424,train
67605,train
18033,train
1193,train
47821,train
40453,train
66007,train
35370,train
28146,train
57737,train
67359,train
26146,train
375,train
18304,train
1389,train
25805,train
45063,train
12071,train
36250,train
53602,train
53184,train
4034,train
42969,train
34809,train
66700,train
21037,train
15284,train
3873,train
2558,train
43223,train
40434,train
55822,train
29103,train
70487,train
10967,train
32797,train
6853,train
7589,train
29689,train
4727,train
63036,train
46908,train
9109,train
19915,train
13315,train
60029,train
33032,train
6020,train
34610,train
64683,train
20229,train
5508,train
17568,train
35566,train
66506,train
57036,train
37566,train
10697,train
23955,train
28903,train
54152,train
10228,train
40725,train
31822,train
70162,train
52284,train
54137,train
40549,train
28498,train
41575,train
53265,train
67409,train
38526,train
29129,train
62048,train
57646,train
57995,train
11070,train
22385,train
33579,train
68905,train
4512,train
17683,train
52394,train
48792,train
35284,train
17314,train
66032,train
1345,train
33137,train
17233,train
22994,train
55799,train
69593,train
42262,train
50226,train
51173,train
13247,train
2977,train
34388,train
54330,train
25092,train
39934,train
9571,train
61859,train
58702,train
55639,train
19714,train
214,train
47547,train
251,train
39770,train
48297,train
7231,train
62818,train
31671,train
46,train
32345,train
9744,train
58957,train
59555,train
21849,train
59823,train
29487,train
59858,train
61603,train
2005,train
10745,train
8914,train
30249,train
5165,train
49280,train
49018,train
49549,train
54830,train
32073,train
55103,train
40448,train
21719,train
56280,train
12299,train
6454,train
37174,train
39404,train
14539,train
26661,train
47476,train
68798,train
53033,train
2562,train
8979,train
36247,train
38875,train
15086,train
13335,train
62407,train
54756,train
1381,train
26519,train
6427,train
40724,train
42152,train
43003,train
60172,train
25478,train
25452,train
25984,train
51872,train
12709,train
26413,train
48472,train
28172,train
56095,train
19659,train
11118,train
37264,train
27331,train
66369,train
29539,train
31329,train
66006,train
38009,train
42909,train
61445,train
22699,train
35504,train
26889,train
60879,train
11355,train
34207,train
13201,train
41213,train
816,train
1281,train
36258,train
38831,train
64195,train
51759,train
36080,train
36081,train
3767,train
38260,train
10500,train
6223,train
53112,train
12004,train
24705,train
2002,train
7227,train
43086,train
61071,train
64047,train
40556,train
5036,train
67469,train
14748,train
25251,train
28300,train
32946,train
39000,train
38461,train
25651,train
37928,train
69314,train
6863,train
1090,train
25414,train
56809,train
66860,train
39706,train
28142,train
52696,train
50229,train
60794,train
23674,train
52679,train
13435,train
12591,train
7641,train
36466,train
584,train
65796,train
69764,train
57037,train
35673,train
22758,train
56127,train
12468,train
715,train
33354,train
58794,train
21870,train
30770,train
9773,train
44352,train
33127,train
17176,train
60683,train
69665,train
23425,train
38516,train
22667,train
28409,train
57528,train
49143,train
19052,train
51033,train
53301,train
51071,train
6582,train
48487,train
58907,train
366,train
30623,train
39361,train
57599,train
28790,train
48841,train
43614,train
12716,train
18155,train
18598,train
41182,train
5359,train
55826,train
23521,train
8855,train
70206,train
10128,train
48592,train
69572,train
40433,train
47174,train
68935,train
65682,train
50126,train
5810,train
15645,train
12914,train
34633,train
66462,train
8908,train
38458,train
67811,train
28695,train
39642,train
46614,train
59074,train
47783,train
15093,train
14686,train
47611,train
55490,train
1071,train
9763,train
11586,train
55966,train
2651,train
39368,train
62013,train
64658,train
61842,train
442,train
29651,train
9419,train
17905,train
40369,train
14567,train
25026,train
47894,train
25923,train
25740,train
303,train
59739,train
60813,train
16968,train
60110,train
67082,train
32939,train
18720,train
29474,train
6930,train
3595,train
66991,train
38310,train
21425,train
7827,train
6800,train
16769,train
30406,train
13010,train
7136,train
37147,train
39288,train
45783,train
67008,train
21503,train
5172,train
34527,train
20801,train
16922,train
36808,train
48501,train
40159,train
21927,train
34425,train
20718,train
56268,train
209,train
67860,train
21958,train
70253,train
44189,train
8363,train
16745,train
47014,train
7498,train
67088,train
69152,train
59991,train
35800,train
8059,train
5993,train
26487,train
26431,train
3050,train
70511,train
10554,train
48440,train
58219,train
27273,train
26896,train
47930,train
62598,train
64641,train
19231,train
40964,train
70392,train
67041,train
47966,train
55867,train
51894,train
24238,train
29072,train
52723,train
15168,train
35813,train
4223,train
49502,train
36518,train
47503,train
59297,train
13677,train
64268,train
39320,train
58657,train
55808,train
56208,train
69436,train
54632,train
20359,train
64596,train
30150,train
14208,train
31341,train
748,train
43953,train
67592,train
14301,train
56093,train
42887,train
35052,train
9251,train
27248,train
67999,train
63294,train
66802,train
38481,train
24775,train
42752,train
40249,train
48504,train
4893,train
9299,train
27671,train
55485,train
54011,train
20966,train
22187,train
44354,train
70178,train
54135,train
33334,train
17983,train
49772,train
14563,train
65602,train
10242,train
11415,train
18554,train
68446,train
47569,train
20075,train
66716,train
48755,train
4208,train
21879,train
35903,train
67894,train
40240,train
69939,train
57267,train
12417,train
45488,train
69161,train
28007,train
25690,train
21598,train
52070,train
4755,train
68869,train
51967,train
43182,train
42998,train
43623,train
60062,train
59193,train
37060,train
66286,train
32742,train
15595,train
35250,train
46546,train
46598,train
16290,train
7632,train
61139,train
52487,train
20094,train
32960,train
22367,train
3642,train
15529,train
36772,train
10580,train
61858,train
64567,train
52009,train
20461,train
43865,train
91,train
53107,train
30241,train
62733,train
51169,train
21112,train
31723,train
28092,train
63339,train
44235,train
15085,train
21014,train
6215,train
21199,train
12933,train
20779,train
37807,train
24769,train
57963,train
14593,train
55429,train
40087,train
25009,train
53739,train
34870,train
23260,train
40939,train
26911,train
28781,train
29506,train
54676,train
58171,train
50724,train
10040,train
46063,train
33250,train
27476,train
62451,train
6370,train
33237,train
49722,train
30512,train
2369,train
63837,train
53832,train
3119,train
13345,train
57653,train
43988,train
10047,train
39959,train
57256,train
44289,train
69047,train
42872,train
50378,train
62186,train
55304,train
22870,train
12385,train
54308,train
38863,train
69615,train
53382,train
24810,train
62020,train
62146,train
7732,train
20954,train
61073,train
56509,train
46016,train
3842,train
21941,train
46748,train
69048,train
69550,train
33107,train
28375,train
35100,train
16717,train
16233,train
68184,train
5520,train
41036,train
39133,train
47077,train
27975,train
9987,train
56834,train
45638,train
24073,train
12683,train
19473,train
13851,train
52283,train
37154,train
26270,train
25234,train
47413,train
50439,train
11373,train
41447,train
29919,train
18660,train
25097,train
15441,train
46655,train
5931,train
35911,train
8887,train
68042,train
38068,train
49296,train
18339,train
60208,train
17733,train
12453,train
44896,train
41091,train
10354,train
23754,train
43189,train
54127,train
28986,train
68840,train
70294,train
24050,train
51145,train
31110,train
56204,train
46167,train
5926,train
49958,train
23250,train
30030,train
17207,train
63051,train
53642,train
21572,train
44877,train
37818,train
46619,train
31677,train
35376,train
1963,train
27876,train
9697,train
32208,train
10944,train
44344,train
9410,train
15792,train
35028,train
23042,train
36633,train
38724,train
58428,train
30935,train
68284,train
2545,train
46092,train
48055,train
2316,train
66981,train
3249,train
23219,train
56209,train
19461,train
66026,train
14359,train
33834,train
12488,train
12416,train
49749,train
29860,train
62014,train
502,train
41458,train
33583,train
10291,train
24245,train
34324,train
57810,train
26394,train
23633,train
70311,train
3523,train
39505,train
50336,train
30782,train
70197,train
29987,train
22690,train
46212,train
29600,train
63384,train
19298,train
45386,train
20102,train
37579,train
60800,train
26565,train
46352,train
31793,train
10526,train
13147,train
33740,train
66494,train
523,train
65006,train
31542,train
33568,train
37532,train
9549,train
55701,train
30967,train
60522,train
26103,train
7412,train
26437,train
8757,train
20489,train
24156,train
64023,train
16953,train
40135,train
10358,train
41987,train
32005,train
47877,train
54381,train
15275,train
8124,train
36598,train
47030,train
66402,train
12544,train
39657,train
1566,train
22979,train
27995,train
13581,train
4008,train
11722,train
70540,train
10466,train
31312,train
47719,train
26967,train
47334,train
1131,train
48802,train
12196,train
63259,train
67260,train
52020,train
51403,train
43036,train
66005,train
47552,train
20403,train
4794,train
26636,train
18972,train
7826,train
26815,train
12729,train
41228,train
62000,train
68260,train
41910,train
8660,train
14650,train
2871,train
38076,train
41818,train
46920,train
32245,train
53563,train
24255,train
53876,train
5613,train
50301,train
1205,train
20945,train
51179,train
17519,train
64127,train
69613,train
64142,train
57334,train
4749,train
36324,train
22587,train
4750,train
6912,train
21766,train
58277,train
40548,train
10769,train
21653,train
36030,train
33246,train
46723,train
9241,train
31658,train
2396,train
18620,train
46001,train
4194,train
47185,train
53042,train
34295,train
33629,train
33243,train
67286,train
12215,train
28644,train
58106,train
63834,train
13047,train
25364,train
43967,train
32449,train
8692,train
10077,train
3518,train
54249,train
18502,train
57321,train
66173,train
44683,train
41406,train
25296,train
4370,train
2996,train
34806,train
70165,train
36762,train
42075,train
9703,train
10317,train
53346,train
61792,train
14901,train
54918,train
30414,train
42007,train
65929,train
7870,train
50649,train
67873,train
55788,train
37394,train
16114,train
3031,train
35401,train
12368,train
23384,train
27423,train
22337,train
61328,train
65312,train
22050,train
21929,train
8713,train
53093,train
47905,train
6932,train
23075,train
2827,train
59902,train
61446,train
15716,train
4625,train
22900,train
37007,train
56500,train
43912,train
62371,train
25529,train
40751,train
35202,train
21482,train
68621,train
46932,train
15212,train
65309,train
52705,train
44183,train
28280,train
64955,train
69709,train
54288,train
16938,train
67647,train
61892,train
59855,train
9819,train
43489,train
20127,train
52118,train
69246,train
52292,train
50356,train
48067,train
32928,train
15619,train
49676,train
45197,train
43914,train
16986,train
65455,train
62517,train
65827,train
51477,train
56805,train
26710,train
24602,train
33341,train
68183,train
32794,train
67468,train
65847,train
17236,train
62117,train
5801,train
46351,train
1925,train
44349,train
50042,train
47456,train
44297,train
69732,train
47015,train
26813,train
38442,train
51158,train
67089,train
57128,train
10172,train
14591,train
51045,train
22853,train
16151,train
33104,train
60932,train
65084,train
16032,train
66781,train
31407,train
57345,train
7796,train
5831,train
26536,train
48490,train
49905,train
11167,train
65496,train
25202,train
34089,train
23299,train
56282,train
44435,train
46851,train
37971,train
6291,train
49478,train
58593,train
31109,train
29492,train
47128,train
53817,train
56453,train
9665,train
19368,train
54718,train
50004,train
50635,train
36523,train
4198,train
54581,train
37947,train
15233,train
45332,train
63112,train
64912,train
53606,train
34109,train
25869,train
65926,train
70132,train
48097,train
34483,train
40237,train
60719,train
63269,train
3321,train
13385,train
65661,train
42540,train
10280,train
68607,train
4947,train
58130,train
22281,train
63234,train
19641,train
56503,train
41994,train
43377,train
2252,train
8108,train
54508,train
32088,train
24885,train
62189,train
66461,train
61983,train
54121,train
16884,train
60477,train
69568,train
52894,train
37307,train
266,train
12285,train
51112,train
66450,train
37230,train
51376,train
38725,train
15403,train
63835,train
10891,train
56493,train
19440,train
55932,train
60365,train
51675,train
65091,train
54211,train
66839,train
50815,train
28917,train
67938,train
25743,train
37542,train
55206,train
5129,train
3905,train
51793,train
5958,train
30160,train
62442,train
8924,train
64393,train
65760,train
3073,train
60983,train
44030,train
61786,train
58433,train
66844,train
32176,train
24699,train
7307,train
51694,train
283,train
43447,train
45493,train
20414,train
55022,train
16558,train
67288,train
30130,train
63614,train
10691,train
14986,train
62831,train
37621,train
70498,train
4987,train
32629,train
23811,train
53332,train
36388,train
9902,train
46330,train
48267,train
50690,train
69589,train
25008,train
63713,train
37169,train
35213,train
62589,train
52280,train
18242,train
30359,train
65565,train
21465,train
66852,train
30418,train
20540,train
32965,train
22241,train
19903,train
63139,train
61959,train
52236,train
44906,train
60239,train
42612,train
57815,train
50152,train
25622,train
18585,train
29047,train
10255,train
67093,train
39655,train
47993,train
69726,train
57286,train
35441,train
3122,train
65572,train
32957,train
49862,train
39236,train
37696,train
55088,train
39790,train
58714,train
10136,train
21058,train
4147,train
20032,train
1440,train
62376,train
44512,train
4126,train
69097,train
14590,train
55742,train
34364,train
12405,train
49247,train
8742,train
31439,train
8243,train
11194,train
46075,train
26309,train
27286,train
22722,train
65504,train
56826,train
43684,train
39155,train
34847,train
33356,train
5281,train
624,train
69017,train
17801,train
56814,train
39174,train
65154,train
67965,train
70149,train
36592,train
58246,train
52019,train
66927,train
56133,train
37878,train
13138,train
67756,train
22007,train
12852,train
4485,train
11614,train
17329,train
31484,train
15330,train
28816,train
44367,train
20151,train
8295,train
54466,train
67073,train
6626,train
59892,train
45698,train
10829,train
61500,train
65341,train
31258,train
49666,train
31262,train
38842,train
23982,train
32014,train
55796,train
55308,train
28548,train
47374,train
30136,train
54588,train
40715,train
39510,train
37954,train
6842,train
6387,train
51692,train
32914,train
29398,train
55457,train
27684,train
44876,train
51538,train
48159,train
14904,train
47367,train
28243,train
32783,train
3350,train
68373,train
10709,train
55171,train
44267,train
51428,train
28715,train
63981,train
56810,train
62210,train
10405,train
35924,train
5710,train
44218,train
68566,train
36203,train
45186,train
64898,train
32677,train
52563,train
55248,train
45388,train
47893,train
43240,train
4448,train
67591,train
46993,train
15247,train
54683,train
7446,train
29413,train
28649,train
11233,train
53925,train
12754,train
54326,train
13934,train
13416,train
10161,train
30872,train
10287,train
29495,train
13346,train
62354,train
56606,train
44526,train
9617,train
34001,train
32871,train
55833,train
60232,train
61272,train
54145,train
55511,train
25492,train
14780,train
45564,train
64586,train
68991,train
18649,train
36383,train
13621,train
47439,train
62864,train
6129,train
24010,train
16732,train
56986,train
59566,train
35359,train
7394,train
391,train
70365,train
7610,train
3318,train
30165,train
15415,train
2801,train
50585,train
66138,train
8195,train
38819,train
25610,train
8594,train
12958,train
57478,train
64448,train
52841,train
25160,train
30456,train
26838,train
17449,train
10315,train
1709,train
20524,train
686,train
32905,train
37992,train
17731,train
1631,train
38228,train
68265,train
59241,train
13041,train
10024,train
38309,train
27154,train
3776,train
54001,train
54071,train
19513,train
23548,train
27400,train
57860,train
17536,train
48632,train
50899,train
33101,train
904,train
4986,train
16996,train
45226,train
13226,train
11567,train
58750,train
43461,train
7557,train
65420,train
35240,train
39337,train
34678,train
54372,train
4763,train
47850,train
68057,train
25501,train
29013,train
6905,train
21845,train
20847,train
24757,train
57276,train
10384,train
29356,train
50278,train
29069,train
6278,train
61315,train
36304,train
45417,train
28032,train
59742,train
62203,train
12217,train
1915,train
21863,train
62785,train
44994,train
32699,train
44275,train
17717,train
25588,train
55212,train
33662,train
52418,train
40058,train
46059,train
26024,train
29383,train
2050,train
8934,train
60917,train
26864,train
34036,train
52404,train
40395,train
17052,train
60502,train
23280,train
40301,train
12251,train
68849,train
1999,train
17599,train
69339,train
55919,train
32513,train
39235,train
67865,train
20336,train
46539,train
17579,train
54078,train
67555,train
7404,train
45034,train
26011,train
54032,train
44052,train
9149,train
11481,train
5612,train
12480,train
37723,train
5769,train
18268,train
49915,train
65691,train
1156,train
10402,train
66218,train
27084,train
47752,train
51682,train
17253,train
2380,train
25072,train
58096,train
17798,train
4790,train
17361,train
13542,train
63049,train
65280,train
26981,train
60688,train
40252,train
57928,train
11976,train
14211,train
66637,train
24733,train
60733,train
17898,train
67717,train
48164,train
46733,train
27984,train
8868,train
61970,train
50088,train
28991,train
56205,train
32116,train
22697,train
66767,train
57240,train
70158,train
12587,train
31472,train
60735,train
63012,train
57709,train
52879,train
16547,train
42488,train
32735,train
10789,train
4673,train
32382,train
70172,train
7455,train
21109,train
63833,train
22145,train
6233,train
50541,train
50355,train
69412,train
54446,train
46628,train
2500,train
14082,train
20695,train
18811,train
22655,train
19571,train
68224,train
8241,train
1237,train
66968,train
69071,train
31866,train
24583,train
35137,train
32987,train
5704,train
17016,train
1241,train
46535,train
38565,train
37638,train
412,train
16966,train
61268,train
16438,train
63503,train
23409,train
28067,train
49013,train
45454,train
49235,train
67312,train
39130,train
52739,train
21662,train
19042,train
42877,train
37522,train
11496,train
3680,train
61494,train
50941,train
54999,train
28942,train
12944,train
37088,train
991,train
45007,train
52676,train
20879,train
14329,train
36486,train
34562,train
15049,train
14374,train
3819,train
9669,train
32575,train
44458,train
2097,train
39366,train
56462,train
58323,train
5210,train
70198,train
48521,train
58256,train
64112,train
57926,train
60535,train
31981,train
47986,train
54313,train
26970,train
39723,train
19934,train
30207,train
39826,train
22610,train
53120,train
28990,train
56315,train
30839,train
65685,train
48623,train
55057,train
28731,train
46743,train
20864,train
44852,train
30302,train
12603,train
48204,train
28260,train
53138,train
30939,train
38294,train
69023,train
58008,train
16542,train
28500,train
42147,train
43459,train
52296,train
38048,train
30828,train
43570,train
66203,train
19629,train
45097,train
66178,train
44246,train
48403,train
13038,train
24418,train
18849,train
15053,train
24176,train
18101,train
50746,train
32535,train
18021,train
20756,train
27727,train
61947,train
64012,train
11905,train
69848,train
63616,train
70025,train
26392,train
38504,train
59790,train
56700,train
2640,train
11833,train
3047,train
47428,train
44342,train
8935,train
56647,train
20232,train
21834,train
2701,train
17555,train
1077,train
62074,train
8863,train
28482,train
69898,train
25718,train
57143,train
37133,train
54596,train
70185,train
30644,train
41783,train
9151,train
48357,train
19017,train
19519,train
31128,train
29156,train
67572,train
27714,train
16064,train
17958,train
24943,train
7636,train
5110,train
34429,train
62177,train
63496,train
33886,train
23824,train
50365,train
15676,train
39252,train
8054,train
19319,train
55112,train
27111,train
41325,train
47471,train
26249,train
57389,train
11540,train
47779,train
29221,train
35453,train
1852,train
55924,train
65890,train
62488,train
66214,train
29672,train
52812,train
18149,train
13301,train
54635,train
46069,train
1463,train
5370,train
44309,train
48370,train
274,train
46132,train
2008,train
39623,train
51778,train
35815,train
28239,train
25701,train
16883,train
21778,train
9339,train
30912,train
15643,train
18029,train
59953,train
65780,train
15491,train
3716,train
55603,train
18671,train
42457,train
34845,train
30705,train
29811,train
20572,train
26912,train
12118,train
58146,train
38378,train
41202,train
1490,train
37469,train
52205,train
22056,train
39745,train
64200,train
19989,train
39025,train
9296,train
9321,train
38325,train
17911,train
67984,train
44384,train
67467,train
18590,train
29688,train
50647,train
24524,train
6424,train
33644,train
60199,train
63362,train
7132,train
44797,train
20118,train
26531,train
58626,train
8562,train
34935,train
49042,train
69653,train
64709,train
65476,train
43541,train
26186,train
27358,train
731,train
29677,train
44775,train
38495,train
55996,train
64163,train
68824,train
64447,train
58736,train
63818,train
26507,train
15559,train
6404,train
33318,train
7186,train
29147,train
41260,train
45781,train
12880,train
56075,train
44450,train
16177,train
17741,train
46299,train
7578,train
20375,train
2372,train
1816,train
55988,train
18306,train
27820,train
5596,train
55351,train
31186,train
59719,train
10046,train
53870,train
60334,train
27115,train
19969,train
38877,train
69285,train
4868,train
14722,train
18917,train
22223,train
68465,train
33195,train
65900,train
69647,train
57694,train
23913,train
44201,train
8556,train
45011,train
58966,train
32044,train
33052,train
42197,train
55542,train
45935,train
5682,train
57190,train
24157,train
10651,train
49088,train
59673,train
47117,train
31176,train
3259,train
46922,train
61548,train
41561,train
8515,train
29703,train
3235,train
43186,train
1640,train
61442,train
14383,train
14608,train
16482,train
1943,train
39254,train
49131,train
66224,train
56015,train
40942,train
57865,train
2644,train
657,train
27334,train
15672,train
11671,train
21266,train
32814,train
61012,train
33328,train
61706,train
30404,train
421,train
36538,train
54431,train
19648,train
52225,train
54688,train
66305,train
37715,train
28470,train
65651,train
59395,train
2522,train
58141,train
42516,train
14099,train
34256,train
58772,train
11982,train
62082,train
60143,train
41291,train
64365,train
60554,train
47378,train
3754,train
11079,train
35308,train
20485,train
41717,train
65168,train
67692,train
61435,train
29142,train
40102,train
3810,train
8064,train
298,train
27693,train
3647,train
29587,train
2989,train
18750,train
48858,train
37897,train
48286,train
37095,train
15045,train
51190,train
27214,train
919,train
38632,train
66533,train
45587,train
28705,train
9346,train
40130,train
27249,train
15614,train
56452,train
33978,train
2399,train
32309,train
55503,train
10117,train
27805,train
16155,train
12378,train
23085,train
26611,train
59605,train
3310,train
16635,train
21812,train
50470,train
68710,train
51471,train
16147,train
61662,train
47075,train
34889,train
57326,train
5089,train
60125,train
38231,train
8191,train
65191,train
14322,train
30259,train
24367,train
10732,train
48027,train
27545,train
64294,train
7224,train
34305,train
9704,train
34854,train
56594,train
53447,train
21960,train
62824,train
48540,train
62937,train
25483,train
49407,train
6088,train
66515,train
59382,train
16401,train
2363,train
11326,train
44836,train
5979,train
50075,train
28958,train
34107,train
46293,train
42495,train
23991,train
34916,train
48131,train
68168,train
4746,train
50026,train
67759,train
59055,train
25659,train
20430,train
1188,train
10445,train
28345,train
41133,train
68580,train
27510,train
1697,train
40171,train
20560,train
28119,train
15096,train
62822,train
24925,train
3920,train
62668,train
38109,train
29626,train
2955,train
68994,train
2583,train
5690,train
70275,train
17375,train
38094,train
19729,train
70622,train
54788,train
4438,train
16608,train
48923,train
30695,train
67796,train
69273,train
1743,train
21111,train
37265,train
62917,train
629,train
42199,train
26522,train
62516,train
49332,train
58556,train
27637,train
27228,train
40436,train
65181,train
18617,train
31372,train
5920,train
39018,train
57271,train
19617,train
61861,train
19349,train
38366,train
59338,train
21631,train
22593,train
38981,train
66577,train
10991,train
60709,train
31861,train
69822,train
67799,train
28475,train
9624,train
40131,train
52864,train
59546,train
50517,train
717,train
40762,train
55074,train
45664,train
43261,train
38629,train
38435,train
50530,train
8582,train
26120,train
56332,train
39346,train
34050,train
33493,train
18113,train
41702,train
14923,train
8385,train
32094,train
24231,train
28299,train
44249,train
26231,train
16242,train
12885,train
42271,train
44490,train
39455,train
57088,train
8032,train
3472,train
20313,train
12999,train
978,train
17004,train
27371,train
50653,train
50482,train
8907,train
48321,train
20460,train
32553,train
32066,train
58840,train
18777,train
65861,train
9441,train
56760,train
47786,train
16480,train
14379,train
42669,train
39185,train
6879,train
19982,train
11658,train
60953,train
46988,train
45918,train
43884,train
65745,train
57508,train
62418,train
56172,train
24208,train
53282,train
69787,train
10303,train
1562,train
29837,train
7362,train
18707,train
65695,train
45405,train
24695,train
51667,train
5581,train
30006,train
1666,train
55458,train
68148,train
33565,train
42562,train
52428,train
53075,train
54427,train
7207,train
55168,train
38908,train
25702,train
5629,train
68092,train
13221,train
39997,train
69294,train
61413,train
4444,train
17372,train
749,train
16659,train
60793,train
21254,train
58402,train
24557,train
9762,train
54023,train
39784,train
67068,train
54478,train
41292,train
35167,train
4501,train
48015,train
7390,train
4162,train
42505,train
8353,train
21070,train
6414,train
19325,train
9523,train
46403,train
7113,train
69526,train
62639,train
38681,train
13212,train
31353,train
32256,train
45009,train
39317,train
49021,train
45653,train
36367,train
64091,train
64789,train
35133,train
15808,train
27632,train
23454,train
20019,train
36051,train
57935,train
1002,train
2,train
10014,train
50399,train
556,train
40351,train
64324,train
6525,train
59062,train
7691,train
46633,train
8841,train
2557,train
55624,train
67243,train
64929,train
55267,train
14343,train
32199,train
59571,train
65675,train
46312,train
45977,train
19502,train
43624,train
58336,train
24541,train
67898,train
10663,train
62934,train
14146,train
33775,train
49060,train
15301,train
3030,train
59668,train
5686,train
21464,train
44241,train
32336,train
21340,train
43951,train
59514,train
6649,train
22556,train
68563,train
40689,train
55572,train
68668,train
68721,train
64224,train
69260,train
18902,train
52091,train
448,train
23208,train
25165,train
60919,train
3763,train
5544,train
19331,train
13709,train
48059,train
5554,train
42836,train
29684,train
53292,train
17929,train
1262,train
40306,train
17274,train
41247,train
22224,train
45004,train
65419,train
65782,train
47700,train
66893,train
980,train
46116,train
14029,train
17954,train
27263,train
12521,train
54548,train
68098,train
7223,train
9392,train
30934,train
16126,train
44955,train
53136,train
8989,train
50757,train
7740,train
64751,train
6419,train
41685,train
32495,train
48546,train
42484,train
22334,train
62599,train
30815,train
7443,train
11204,train
55575,train
23083,train
6810,train
50821,train
13997,train
33067,train
19646,train
25205,train
31543,train
55696,train
70321,train
52499,train
50224,train
26880,train
50107,train
9138,train
64332,train
39567,train
34705,train
3866,train
42712,train
63922,train
16140,train
62839,train
24342,train
367,train
46806,train
33311,train
9279,train
45140,train
36211,train
24377,train
34648,train
8753,train
37714,train
16596,train
58643,train
25839,train
24589,train
51836,train
40334,train
21768,train
7695,train
44374,train
61048,train
69119,train
61498,train
11334,train
52799,train
22214,train
53216,train
14011,train
27675,train
62271,train
51136,train
51433,train
7808,train
53373,train
21782,train
26734,train
55433,train
64714,train
28665,train
13566,train
25781,train
11460,train
33537,train
53021,train
56371,train
46124,train
5395,train
15203,train
25825,train
32463,train
7416,train
36172,train
47817,train
11960,train
45377,train
39217,train
5183,train
8101,train
12736,train
12796,train
65512,train
51704,train
53620,train
27605,train
47365,train
63260,train
19615,train
32750,train
63442,train
48002,train
37646,train
42918,train
50709,train
30073,train
34876,train
19303,train
5654,train
10104,train
58881,train
41849,train
38235,train
24186,train
63540,train
10435,train
25491,train
48023,train
60974,train
32528,train
63270,train
10629,train
51020,train
44110,train
13766,train
22373,train
33326,train
59001,train
5637,train
42323,train
9817,train
66922,train
17283,train
9086,train
21270,train
66325,train
48541,train
32271,train
10618,train
65071,train
50638,train
52744,train
22110,train
69706,train
61182,train
55333,train
15339,train
50802,train
67438,train
12424,train
15125,train
60925,train
65674,train
8810,train
23943,train
14888,train
2105,train
8937,train
50853,train
7917,train
14151,train
62921,train
7046,train
11094,train
36025,train
6822,train
37165,train
65789,train
55814,train
18074,train
43879,train
39594,train
49415,train
26812,train
43972,train
36750,train
2657,train
49126,train
10656,train
22511,train
23612,train
21904,train
38617,train
44711,train
65026,train
9006,train
54643,train
68323,train
10099,train
64917,train
43659,train
30951,train
19584,train
41223,train
13444,train
56961,train
8341,train
6262,train
68478,train
21106,train
12596,train
45169,train
55918,train
33206,train
53206,train
54209,train
48648,train
25024,train
35493,train
68499,train
53407,train
58520,train
70070,train
23703,train
62473,train
23985,train
4238,train
10760,train
19018,train
50662,train
23590,train
50706,train
64474,train
65993,train
46758,train
36701,train
26638,train
60888,train
57377,train
45987,train
70100,train
47274,train
15112,train
2639,train
64199,train
55166,train
2575,train
45119,train
35301,train
55339,train
54919,train
934,train
14256,train
43700,train
54568,train
19986,train
67425,train
36485,train
64987,train
28528,train
23433,train
41137,train
68699,train
48847,train
61973,train
53806,train
31404,train
46626,train
18715,train
33427,train
23472,train
35266,train
5698,train
66179,train
33388,train
21478,train
25385,train
69293,train
53700,train
9245,train
61276,train
32122,train
15484,train
42888,train
9857,train
37759,train
58118,train
45681,train
43544,train
52653,train
9286,train
55469,train
14251,train
13329,train
28134,train
38655,train
69290,train
52658,train
44385,train
57695,train
16777,train
40898,train
67993,train
62327,train
1437,train
44097,train
53654,train
36463,train
52546,train
8836,train
7543,train
45554,train
60524,train
55653,train
51958,train
13003,train
53357,train
11884,train
34272,train
47375,train
6988,train
5416,train
25197,train
62281,train
45822,train
10170,train
18714,train
53068,train
23095,train
18191,train
35264,train
55249,train
22089,train
37444,train
25012,train
13702,train
27383,train
51874,train
49668,train
68307,train
60358,train
44612,train
50231,train
60461,train
69632,train
12760,train
42714,train
49012,train
31814,train
69399,train
54077,train
24887,train
16179,train
9289,train
55176,train
52504,train
19984,train
18771,train
10969,train
17709,train
53423,train
26584,train
33178,train
13276,train
26893,train
45912,train
17696,train
12190,train
20797,train
42241,train
65295,train
27171,train
2276,train
44601,train
56077,train
15527,train
56618,train
9433,train
70329,train
50398,train
34509,train
4623,train
8532,train
61111,train
30407,train
30997,train
5816,train
31872,train
1980,train
43706,train
65791,train
37219,train
16934,train
4594,train
14909,train
55323,train
19753,train
2367,train
31231,train
68123,train
33290,train
17482,train
7907,train
12279,train
18153,train
10700,train
12567,train
31150,train
46013,train
58640,train
69221,train
45299,train
29531,train
50351,train
25500,train
28594,train
31624,train
65105,train
55513,train
849,train
67727,train
57517,train
43626,train
26170,train
38423,train
43581,train
48677,train
43893,train
43037,train
20628,train
21860,train
61093,train
18820,train
53899,train
31914,train
53923,train
53737,train
63255,train
10074,train
16189,train
9100,train
50574,train
13283,train
30193,train
3090,train
6681,train
15691,train
50094,train
10411,train
57239,train
3722,train
1417,train
55859,train
40865,train
53351,train
38330,train
4183,train
20973,train
26119,train
61305,train
35947,train
64550,train
10149,train
27681,train
34549,train
24794,train
24309,train
65608,train
762,train
29813,train
12300,train
31733,train
50658,train
18980,train
43697,train
33784,train
41170,train
5143,train
31922,train
33321,train
34192,train
52208,train
43845,train
53942,train
69366,train
15193,train
66566,train
69805,train
35030,train
30040,train
37862,train
60069,train
17656,train
45608,train
4167,train
12770,train
47406,train
21042,train
39488,train
22911,train
4730,train
59177,train
2213,train
99,train
40438,train
44343,train
25116,train
10316,train
56124,train
39584,train
10286,train
70471,train
29732,train
32821,train
31078,train
41184,train
66010,train
1480,train
17971,train
24788,train
10898,train
67105,train
27063,train
55856,train
4597,train
5256,train
6027,train
10252,train
63256,train
9007,train
47,train
19326,train
22781,train
19691,train
52085,train
70419,train
1692,train
45683,train
36073,train
13403,train
59900,train
56390,train
52492,train
33638,train
10389,train
29426,train
55549,train
34100,train
10562,train
41708,train
69720,train
22399,train
28173,train
45278,train
60931,train
7212,train
28312,train
3856,train
42273,train
32992,train
7381,train
38229,train
44018,train
29665,train
45267,train
440,train
47965,train
69717,train
46139,train
48249,train
58441,train
60068,train
16814,train
18883,train
1719,train
31654,train
53354,train
48970,train
46249,train
47336,train
4243,train
45780,train
63062,train
21328,train
8980,train
60276,train
11977,train
27669,train
41805,train
36870,train
3499,train
60977,train
7493,train
783,train
67410,train
60078,train
65522,train
6444,train
17736,train
13635,train
46460,train
35293,train
61709,train
59175,train
20651,train
36583,train
1945,train
2215,train
17816,train
20541,train
49372,train
29318,train
26784,train
36586,train
61098,train
68598,train
4328,train
22155,train
17388,train
21655,train
63464,train
6186,train
1028,train
5952,train
56033,train
64867,train
31954,train
58942,train
16913,train
25348,train
52062,train
46317,train
5867,train
67222,train
61434,train
2699,train
50443,train
38285,train
12799,train
13174,train
66308,train
33003,train
16393,train
7366,train
29544,train
66563,train
41216,train
29991,train
7901,train
54708,train
55598,train
2290,train
68779,train
14892,train
32147,train
27265,train
11071,train
59845,train
9828,train
20785,train
47112,train
28117,train
20877,train
12348,train
68614,train
40616,train
57282,train
66785,train
11300,train
30341,train
61682,train
23970,train
3024,train
4843,train
55592,train
70213,train
41101,train
2725,train
29502,train
48810,train
19124,train
31139,train
11968,train
65989,train
64469,train
55256,train
21577,train
43063,train
43521,train
27719,train
7235,train
33220,train
51589,train
19591,train
4001,train
55486,train
28383,train
43355,train
45938,train
49156,train
30765,train
23497,train
28286,train
3099,train
38660,train
68591,train
35647,train
768,train
58905,train
67090,train
61987,train
13900,train
10243,train
64659,train
3968,train
55272,train
42134,train
8131,train
56944,train
29611,train
5727,train
20771,train
32302,train
44487,train
10574,train
45824,train
46889,train
48806,train
28954,train
50977,train
16860,train
27920,train
46867,train
58252,train
61300,train
50311,train
25183,train
14299,train
48916,train
48650,train
39460,train
58374,train
65426,train
5935,train
40381,train
43833,train
40493,train
64092,train
12216,train
31891,train
28121,train
56463,train
66177,train
21906,train
57855,train
18442,train
31817,train
11428,train
21056,train
10839,train
26663,train
67788,train
36587,train
8994,train
64611,train
10917,train
27324,train
43370,train
29636,train
26436,train
57638,train
438,train
52375,train
13177,train
17973,train
1901,train
62483,train
64627,train
67339,train
53295,train
46359,train
7799,train
15979,train
12746,train
17557,train
63403,train
47846,train
68904,train
23834,train
12514,train
59061,train
30572,train
10919,train
32547,train
4728,train
8797,train
9310,train
5565,train
65556,train
35664,train
64301,train
22661,train
58789,train
16783,train
66301,train
9866,train
45652,train
48295,train
22064,train
31094,train
13507,train
37166,train
15816,train
45902,train
11372,train
19062,train
10601,train
38016,train
61561,train
36751,train
40653,train
10905,train
50440,train
63407,train
41909,train
20772,train
60201,train
11788,train
68761,train
45974,train
56164,train
42478,train
9677,train
68538,train
48093,train
27573,train
48046,train
62116,train
66484,train
21213,train
29711,train
1103,train
11509,train
64544,train
41203,train
26176,train
53649,train
63506,train
9863,train
2335,train
51210,train
59133,train
24011,train
51720,train
53922,train
51768,train
69540,train
32777,train
44827,train
27940,train
47346,train
42702,train
12475,train
52665,train
45027,train
61142,train
28168,train
37010,train
7959,train
11882,train
1118,train
1030,train
31215,train
19229,train
42541,train
6971,train
3120,train
25256,train
66413,train
2529,train
63640,train
12920,train
25751,train
16338,train
36223,train
47694,train
29011,train
67676,train
67763,train
20309,train
67323,train
38175,train
11110,train
40509,train
41884,train
49036,train
64946,train
30307,train
61203,train
18874,train
44000,train
15588,train
51449,train
50208,train
111,train
61275,train
52836,train
6206,train
66217,train
62633,train
24359,train
53935,train
69529,train
56203,train
21039,train
22665,train
13088,train
59069,train
20659,train
44569,train
12040,train
59300,train
10290,train
41858,train
34419,train
29517,train
5809,train
49453,train
4098,train
188,train
9499,train
27718,train
31197,train
55229,train
49194,train
55066,train
4637,train
11648,train
68171,train
31445,train
27419,train
16213,train
36632,train
68509,train
30953,train
55504,train
21492,train
62520,train
8370,train
31611,train
31818,train
12725,train
33767,train
19506,train
50515,train
46645,train
20134,train
20267,train
35697,train
15467,train
67208,train
7144,train
27408,train
26592,train
41936,train
60472,train
14355,train
42070,train
7591,train
57681,train
67113,train
24697,train
69351,train
9864,train
51626,train
48863,train
56392,train
44671,train
33945,train
30515,train
16336,train
24509,train
23247,train
27782,train
8957,train
2208,train
8730,train
48435,train
57797,train
43010,train
57889,train
39398,train
42157,train
38674,train
6146,train
3935,train
69309,train
7211,train
18834,train
20808,train
63279,train
7432,train
25467,train
18640,train
53058,train
13303,train
25018,train
25406,train
5615,train
12023,train
30275,train
39186,train
17453,train
28751,train
5721,train
67455,train
27882,train
30323,train
49838,train
55167,train
70319,train
51228,train
26252,train
8115,train
27615,train
10261,train
39966,train
50539,train
12391,train
2273,train
18270,train
34423,train
58423,train
62472,train
20399,train
21375,train
55385,train
27636,train
25880,train
12492,train
36805,train
41115,train
57265,train
69032,train
59436,train
1190,train
3233,train
30142,train
16475,train
29766,train
34791,train
4520,train
39987,train
60961,train
44925,train
9801,train
31471,train
50943,train
1385,train
67905,train
17169,train
5457,train
46030,train
38699,train
21437,train
57454,train
9314,train
28792,train
38807,train
381,train
24216,train
4032,train
28963,train
30078,train
65624,train
53102,train
3851,train
28291,train
30076,train
56526,train
19070,train
47959,train
9227,train
754,train
60357,train
31663,train
55977,train
12389,train
52852,train
20107,train
67471,train
11104,train
55555,train
16190,train
45767,train
23321,train
18995,train
20234,train
37415,train
22058,train
67960,train
26110,train
46325,train
63235,train
36300,train
67772,train
69077,train
15931,train
63194,train
31009,train
51253,train
67679,train
68976,train
54920,train
37737,train
21854,train
48034,train
68219,train
31437,train
40965,train
51890,train
65362,train
56150,train
38784,train
11180,train
55421,train
52814,train
15778,train
4866,train
43046,train
62090,train
67308,train
346,train
24013,train
62104,train
65922,train
12422,train
65003,train
60000,train
48830,train
42981,train
25995,train
47548,train
70680,train
68383,train
68914,train
39332,train
42069,train
46784,train
67161,train
9873,train
36112,train
65096,train
4054,train
39287,train
50531,train
13781,train
9432,train
51562,train
17056,train
50310,train
59058,train
436,train
9155,train
57833,train
54333,train
55414,train
378,train
33513,train
69761,train
43781,train
30445,train
65699,train
23481,train
4617,train
25875,train
55301,train
26237,train
47892,train
47255,train
62352,train
62425,train
49358,train
16186,train
22152,train
48602,train
2618,train
25170,train
2491,train
62196,train
29028,train
8060,train
19324,train
60771,train
332,train
48160,train
37210,train
24279,train
32486,train
50829,train
31217,train
16539,train
16916,train
63226,train
63387,train
19226,train
8597,train
1372,train
87,train
35295,train
57249,train
954,train
28599,train
48412,train
52940,train
15901,train
50508,train
28687,train
54441,train
506,train
3411,train
16811,train
60609,train
13536,train
55849,train
31757,train
44234,train
35512,train
46043,train
21894,train
70040,train
7152,train
45411,train
9675,train
18080,train
31988,train
42128,train
41055,train
44513,train
17173,train
68702,train
23141,train
20931,train
37655,train
2525,train
27251,train
67310,train
24637,train
41570,train
8158,train
8524,train
32660,train
51448,train
9366,train
42005,train
12583,train
36202,train
8865,train
23338,train
62650,train
26591,train
38279,train
16396,train
474,train
14988,train
2009,train
18408,train
29443,train
21182,train
47190,train
8415,train
23249,train
48818,train
55760,train
6246,train
28478,train
37649,train
50652,train
55756,train
23664,train
605,train
30778,train
70211,train
14176,train
24547,train
58842,train
18700,train
30776,train
25027,train
6049,train
8909,train
800,train
42697,train
55321,train
60851,train
19844,train
69178,train
70450,train
39846,train
23757,train
13777,train
63599,train
20526,train
20020,train
59688,train
42527,train
11957,train
57124,train
18545,train
16405,train
51405,train
16585,train
64980,train
20165,train
57531,train
11789,train
31161,train
28292,train
18564,train
37652,train
1998,train
8711,train
10129,train
52521,train
46047,train
56990,train
35896,train
15355,train
38465,train
54485,train
14554,train
64639,train
63516,train
61513,train
42647,train
34968,train
27435,train
2251,train
15952,train
2672,train
44872,train
2110,train
49348,train
22003,train
4053,train
13192,train
29364,train
21622,train
38569,train
31029,train
3440,train
26546,train
41821,train
44606,train
10826,train
70189,train
20390,train
69571,train
22646,train
37378,train
29712,train
48016,train
48013,train
60071,train
11516,train
25358,train
15989,train
64655,train
3775,train
47119,train
46098,train
27683,train
21982,train
32100,train
47102,train
23940,train
34754,train
10701,train
5978,train
15827,train
901,train
6645,train
4744,train
29516,train
5215,train
36513,train
7125,train
68137,train
54368,train
27293,train
57383,train
46272,train
4626,train
62379,train
48717,train
11546,train
50617,train
12627,train
53570,train
11413,train
67,train
9591,train
2781,train
26199,train
2908,train
54958,train
52206,train
8203,train
60926,train
24129,train
47679,train
21138,train
46415,train
37111,train
59623,train
20003,train
27252,train
8990,train
2834,train
36605,train
58002,train
6064,train
69492,train
7731,train
32801,train
44172,train
21280,train
28560,train
57243,train
67475,train
12553,train
60788,train
62904,train
33310,train
487,train
48470,train
21296,train
68266,train
1809,train
18226,train
44842,train
63512,train
7630,train
69879,train
57032,train
58994,train
1176,train
47915,train
64678,train
24164,train
52810,train
69131,train
57518,train
29373,train
68437,train
3272,train
30599,train
24374,train
58831,train
5384,train
63266,train
17690,train
56811,train
23352,train
29993,train
56273,train
18528,train
9057,train
53704,train
9683,train
64002,train
12894,train
57163,train
45552,train
67845,train
7433,train
38567,train
41756,train
60338,train
32285,train
63272,train
696,train
69824,train
58328,train
61467,train
44966,train
65633,train
6185,train
17405,train
30421,train
12547,train
39861,train
26635,train
68374,train
53159,train
36011,train
62118,train
63575,train
13609,train
22015,train
2516,train
27096,train
34196,train
65394,train
36534,train
48088,train
44545,train
6970,train
39080,train
54877,train
19384,train
30055,train
36656,train
6658,train
56269,train
9125,train
16451,train
22053,train
18944,train
63866,train
50774,train
56448,train
55838,train
23927,train
54571,train
37292,train
14412,train
47517,train
5897,train
12960,train
16211,train
68055,train
10565,train
20133,train
31803,train
47386,train
62610,train
26458,train
41355,train
61106,train
57627,train
64915,train
22011,train
6579,train
28139,train
22879,train
42851,train
67985,train
45170,train
56644,train
24768,train
22632,train
18359,train
62568,train
53279,train
21530,train
62429,train
69714,train
43557,train
16293,train
64216,train
20912,train
68304,train
18444,train
32276,train
69595,train
30257,train
41776,train
33136,train
9835,train
28823,train
26407,train
21252,train
63010,train
18281,train
17213,train
51014,train
41872,train
5034,train
44075,train
22118,train
46259,train
12112,train
61656,train
38177,train
38072,train
27447,train
8288,train
50728,train
35403,train
55875,train
61151,train
45801,train
60635,train
24043,train
240,train
2833,train
11349,train
20294,train
14118,train
33433,train
61964,train
63592,train
39285,train
36793,train
42677,train
17311,train
16398,train
1012,train
27257,train
20645,train
653,train
58583,train
57876,train
992,train
18906,train
37778,train
70367,train
41546,train
62016,train
13107,train
12484,train
65503,train
18457,train
599,train
56913,train
6559,train
30168,train
37741,train
952,train
66640,train
428,train
9721,train
16895,train
54310,train
19181,train
60914,train
32194,train
16165,train
11147,train
26310,train
3897,train
46780,train
40175,train
27974,train
37216,train
14770,train
44295,train
46792,train
27411,train
34583,train
35596,train
40299,train
31594,train
4523,train
22599,train
66885,train
34867,train
63328,train
33389,train
55175,train
6722,train
36240,train
46112,train
29183,train
28748,train
21273,train
42373,train
7572,train
5040,train
64213,train
17029,train
7330,train
43315,train
17167,train
66159,train
40017,train
33263,train
68203,train
34144,train
54479,train
22670,train
59270,train
38397,train
22132,train
33658,train
65358,train
66323,train
55072,train
18352,train
56277,train
46789,train
62856,train
68549,train
22165,train
51207,train
70605,train
63431,train
64791,train
48868,train
57487,train
13849,train
24298,train
59793,train
48861,train
64612,train
47122,train
49383,train
63687,train
69820,train
5873,train
13965,train
17659,train
51528,train
2020,train
23808,train
50400,train
34245,train
22384,train
59397,train
17444,train
58351,train
58517,train
33820,train
32386,train
28003,train
5665,train
29468,train
69410,train
68167,train
19222,train
3938,train
49697,train
63354,train
30760,train
54003,train
43538,train
30431,train
53486,train
53150,train
41413,train
26524,train
57397,train
50213,train
63674,train
18073,train
20513,train
41789,train
10738,train
32228,train
37636,train
11137,train
67897,train
4851,train
14193,train
24650,train
13263,train
67217,train
70078,train
69480,train
62256,train
51209,train
40188,train
27433,train
37894,train
57678,train
17354,train
10210,train
48449,train
57760,train
18791,train
40802,train
49823,train
53542,train
16541,train
4383,train
22913,train
24588,train
41514,train
25904,train
52790,train
16742,train
69176,train
18005,train
37383,train
25313,train
47617,train
10847,train
32756,train
11130,train
50073,train
56097,train
19365,train
5452,train
57145,train
60699,train
854,train
61852,train
46931,train
67216,train
8708,train
13219,train
60332,train
35445,train
31342,train
55021,train
26717,train
58419,train
50678,train
52082,train
23922,train
57592,train
11328,train
62962,train
17966,train
8387,train
37915,train
9734,train
23627,train
55183,train
10071,train
54745,train
66239,train
49657,train
26786,train
59905,train
55857,train
40090,train
33291,train
11559,train
66255,train
7103,train
64721,train
29929,train
29485,train
33155,train
29957,train
64121,train
41073,train
3798,train
56366,train
60082,train
5287,train
42818,train
68575,train
9157,train
61226,train
54424,train
50037,train
55611,train
26527,train
45788,train
35714,train
3151,train
7918,train
33764,train
69427,train
43633,train
65184,train
28358,train
11608,train
49974,train
15370,train
24823,train
38733,train
69038,train
66146,train
26290,train
4630,train
62746,train
50382,train
18894,train
16437,train
14679,train
62115,train
40896,train
50985,train
16166,train
55025,train
62990,train
24568,train
70391,train
8025,train
41152,train
25199,train
52904,train
30613,train
51533,train
4251,train
33857,train
32288,train
17808,train
48344,train
17046,train
23818,train
37865,train
43826,train
39663,train
2291,train
66422,train
19509,train
39526,train
34985,train
56943,train
56605,train
14731,train
26686,train
47215,train
28894,train
24941,train
53671,train
22228,train
37150,train
20037,train
64643,train
35684,train
43599,train
38163,train
2384,train
46278,train
51803,train
14264,train
17261,train
10887,train
69455,train
70159,train
54183,train
34670,train
36943,train
23987,train
22022,train
247,train
3573,train
58303,train
6084,train
19723,train
22265,train
52253,train
8360,train
39911,train
50939,train
44649,train
18187,train
67908,train
14479,train
64182,train
16164,train
32331,train
57136,train
50055,train
64580,train
1046,train
8598,train
5028,train
14181,train
62484,train
28179,train
61448,train
19663,train
16075,train
37964,train
32614,train
51277,train
2973,train
9678,train
63177,train
25723,train
59455,train
46865,train
31412,train
64554,train
54146,train
22125,train
14482,train
15929,train
25249,train
37427,train
3150,train
58378,train
5232,train
42498,train
14980,train
17116,train
55843,train
50251,train
31905,train
21674,train
59402,train
69106,train
70513,train
46040,train
1322,train
33678,train
8423,train
41843,train
2684,train
40709,train
29958,train
8229,train
40392,train
17479,train
20907,train
46621,train
27190,train
5380,train
46240,train
60805,train
27298,train
68820,train
42221,train
30638,train
63379,train
31131,train
22809,train
12653,train
32137,train
7148,train
49706,train
42655,train
28360,train
2648,train
50581,train
26051,train
61831,train
39188,train
40663,train
33860,train
58453,train
50810,train
19928,train
20205,train
40244,train
6269,train
66737,train
54185,train
48216,train
36944,train
63389,train
31860,train
12066,train
40129,train
29788,train
53847,train
3416,train
58652,train
39506,train
67824,train
45590,train
22161,train
65686,train
9467,train
39835,train
22922,train
25585,train
59676,train
42180,train
53970,train
67610,train
45728,train
55608,train
57318,train
62056,train
25427,train
36991,train
70643,train
57571,train
34011,train
69491,train
11291,train
55393,train
13453,train
21024,train
47733,train
63966,train
5371,train
22869,train
47464,train
68819,train
1105,train
63393,train
27757,train
36984,train
25631,train
45102,train
32450,train
56401,train
69780,train
57102,train
61096,train
36266,train
13896,train
253,train
52569,train
58055,train
62105,train
1909,train
30396,train
63932,train
50270,train
19123,train
22168,train
58892,train
44887,train
43423,train
68738,train
55705,train
44113,train
5494,train
58867,train
10299,train
707,train
69792,train
32356,train
47512,train
34131,train
26425,train
50187,train
63427,train
57303,train
37093,train
22014,train
27587,train
3794,train
53754,train
31457,train
11564,train
34159,train
45857,train
63445,train
26699,train
46597,train
6856,train
67691,train
3580,train
63126,train
1911,train
62643,train
21356,train
22804,train
24131,train
17192,train
40263,train
54914,train
12332,train
50162,train
1609,train
36318,train
53190,train
5065,train
36637,train
50211,train
34447,train
2134,train
39913,train
65730,train
12822,train
6694,train
36426,train
34279,train
62887,train
54280,train
62047,train
61746,train
1033,train
24252,train
57589,train
39031,train
23816,train
65834,train
38037,train
44135,train
21859,train
32022,train
48603,train
66734,train
16229,train
62214,train
9248,train
25670,train
69684,train
14447,train
11821,train
50590,train
66213,train
23017,train
60669,train
56147,train
43783,train
40703,train
38317,train
32453,train
4389,train
62360,train
3689,train
591,train
52804,train
70271,train
68144,train
55912,train
50374,train
22756,train
4175,train
1332,train
44766,train
29036,train
62602,train
56155,train
44032,train
17794,train
15541,train
17373,train
27422,train
62524,train
59201,train
29463,train
61158,train
68133,train
20303,train
31603,train
8699,train
55782,train
35127,train
49988,train
14445,train
45050,train
55740,train
20820,train
24222,train
29624,train
66854,train
30992,train
14724,train
7502,train
27751,train
59969,train
57435,train
15675,train
36799,train
64508,train
9395,train
5532,train
28892,train
27159,train
4494,train
47073,train
44129,train
12808,train
52551,train
14163,train
32591,train
61491,train
4420,train
69011,train
22852,train
1968,train
70570,train
38268,train
6651,train
30631,train
33390,train
31648,train
58856,train
19702,train
14611,train
19009,train
32559,train
39068,train
36142,train
47159,train
1182,train
58265,train
48246,train
65081,train
29715,train
19256,train
20642,train
40545,train
60523,train
66433,train
12256,train
54208,train
27370,train
24855,train
50538,train
36716,train
10925,train
61035,train
40379,train
2588,train
59697,train
56094,train
12535,train
7401,train
34726,train
16846,train
10835,train
11872,train
55205,train
57823,train
41732,train
31735,train
59548,train
65842,train
23086,train
36193,train
3901,train
10347,train
8318,train
66619,train
48359,train
24745,train
70352,train
35956,train
32744,train
42800,train
47997,train
41587,train
22375,train
33126,train
12301,train
64230,train
40447,train
56446,train
29832,train
53623,train
11354,train
41898,train
58608,train
49197,train
65588,train
36395,train
64511,train
12028,train
51087,train
18684,train
26858,train
24024,train
15065,train
61038,train
70038,train
53349,train
52051,train
2858,train
4957,train
55686,train
22382,train
31923,train
35754,train
12311,train
54285,train
29027,train
54883,train
726,train
55731,train
15428,train
6403,train
62840,train
1989,train
31950,train
28506,train
58032,train
27778,train
27271,train
4324,train
52222,train
52657,train
40325,train
17644,train
50481,train
26289,train
27832,train
55999,train
26404,train
36220,train
25906,train
15669,train
5409,train
50917,train
40990,train
51117,train
30481,train
59671,train
330,train
45719,train
3944,train
59125,train
39299,train
8686,train
5860,train
15986,train
6452,train
42903,train
53141,train
30432,train
36352,train
30779,train
44281,train
47939,train
1763,train
69356,train
68517,train
52321,train
23604,train
42244,train
14671,train
67973,train
26766,train
35086,train
42929,train
1704,train
58214,train
61525,train
67706,train
15656,train
28640,train
60684,train
5182,train
31291,train
35593,train
14538,train
54264,train
54486,train
34389,train
51986,train
41440,train
13372,train
20066,train
52279,train
42621,train
55925,train
35451,train
9980,train
53398,train
52311,train
42788,train
46721,train
62833,train
51144,train
57705,train
6357,train
35906,train
29609,train
5602,train
35832,train
12165,train
36477,train
13692,train
60133,train
1811,train
42458,train
15462,train
3300,train
13745,train
13209,train
48626,train
66607,train
9728,train
59838,train
801,train
54716,train
10360,train
64096,train
41558,train
2758,train
19549,train
63380,train
9597,train
62005,train
24712,train
60271,train
57980,train
16781,train
1695,train
39563,train
57773,train
4358,train
47445,train
31808,train
12276,train
65758,train
39704,train
28776,train
34948,train
668,train
66397,train
41722,train
44547,train
15508,train
2653,train
49373,train
6474,train
70399,train
15536,train
24881,train
57890,train
18586,train
65866,train
50468,train
13907,train
32229,train
12734,train
22505,train
16492,train
57177,train
36720,train
61234,train
38125,train
44712,train
19727,train
70005,train
8043,train
63123,train
15406,train
46794,train
44144,train
4807,train
26408,train
32002,train
60294,train
32489,train
53217,train
7689,train
33984,train
33582,train
1168,train
37584,train
65741,train
53100,train
12722,train
19494,train
43711,train
8084,train
53677,train
11197,train
64165,train
56381,train
62279,train
4049,train
58784,train
39029,train
58651,train
47400,train
17919,train
43123,train
18026,train
16113,train
17979,train
30126,train
1970,train
22094,train
11452,train
17829,train
50245,train
4837,train
28978,train
50117,train
68956,train
22486,train
48653,train
49790,train
46424,train
41259,train
55979,train
54362,train
22784,train
11683,train
66622,train
52805,train
9853,train
38488,train
12681,train
21816,train
27641,train
32365,train
8715,train
43295,train
20021,train
8824,train
60769,train
59869,train
38566,train
4804,train
2352,train
6816,train
65797,train
31201,train
8305,train
53779,train
29448,train
13720,train
53239,train
18501,train
32112,train
23359,train
39763,train
37888,train
28075,train
27502,train
16305,train
40899,train
7246,train
757,train
22247,train
21996,train
12305,train
14713,train
11692,train
52359,train
46410,train
62305,train
31572,train
64254,train
60398,train
34392,train
25270,train
44647,train
64662,train
56136,train
54002,train
24332,train
63756,train
26919,train
41016,train
38237,train
65885,train
34452,train
44586,train
8352,train
61219,train
65438,train
34478,train
64579,train
49674,train
40478,train
9043,train
22729,train
5423,train
60602,train
41810,train
27377,train
1195,train
19999,train
21087,train
16741,train
33812,train
47175,train
65592,train
30598,train
7526,train
6091,train
62519,train
63798,train
20219,train
59298,train
43474,train
31587,train
24956,train
38018,train
32441,train
49114,train
29186,train
28536,train
24338,train
45024,train
32111,train
47629,train
65597,train
22461,train
8658,train
1981,train
23422,train
64175,train
14596,train
68408,train
47698,train
21841,train
17978,train
30413,train
38721,train
47507,train
6770,train
65296,train
16368,train
25533,train
27014,train
38615,train
69551,train
12213,train
57807,train
39160,train
26901,train
39975,train
62801,train
66693,train
56476,train
5927,train
52424,train
42626,train
10592,train
48740,train
12427,train
58963,train
18858,train
67424,train
37063,train
50732,train
47589,train
57941,train
32428,train
51075,train
34254,train
41501,train
48272,train
54225,train
1204,train
51553,train
28501,train
59896,train
14064,train
60727,train
11122,train
36188,train
51518,train
57185,train
40683,train
46322,train
29756,train
3665,train
30583,train
5955,train
34750,train
29415,train
25002,train
23727,train
31042,train
13214,train
1882,train
60407,train
57522,train
38942,train
59400,train
52495,train
18739,train
54623,train
20473,train
69641,train
27814,train
60144,train
56517,train
41793,train
18584,train
33467,train
64774,train
38111,train
39801,train
15362,train
45599,train
68577,train
44190,train
7157,train
23669,train
37185,train
49599,train
27432,train
39724,train
7968,train
54859,train
60265,train
68706,train
7066,train
24360,train
43304,train
57010,train
70575,train
34607,train
70356,train
32725,train
38459,train
66201,train
59101,train
16053,train
18746,train
5049,train
66727,train
13867,train
34785,train
18427,train
25824,train
10225,train
9942,train
29488,train
20031,train
63335,train
1226,train
61568,train
6913,train
35648,train
19049,train
7798,train
59022,train
31879,train
40571,train
43730,train
55402,train
23760,train
65889,train
6270,train
22101,train
56653,train
46716,train
69075,train
15474,train
47090,train
57277,train
10908,train
40463,train
10308,train
15149,train
48033,train
59848,train
11904,train
64191,train
28222,train
13764,train
28081,train
46550,train
6844,train
53287,train
25692,train
67716,train
10848,train
45012,train
11243,train
39887,train
7936,train
12265,train
30190,train
58811,train
32040,train
43870,train
15438,train
19855,train
33975,train
34409,train
10114,train
10067,train
23368,train
20981,train
62486,train
60174,train
35907,train
52547,train
24047,train
11286,train
45189,train
33266,train
65314,train
36900,train
3339,train
1551,train
61095,train
39369,train
45193,train
17072,train
54943,train
32060,train
63679,train
25946,train
3627,train
69531,train
68178,train
9044,train
60833,train
59716,train
66638,train
11114,train
53638,train
58949,train
29281,train
64356,train
63450,train
46659,train
53701,train
52616,train
52374,train
5916,train
22533,train
50460,train
35968,train
8325,train
29857,train
62278,train
61812,train
60696,train
27591,train
4452,train
29182,train
26657,train
11718,train
6366,train
8904,train
39120,train
6148,train
31955,train
26931,train
37066,train
65546,train
27201,train
26287,train
21688,train
28924,train
13339,train
66676,train
68328,train
44769,train
10509,train
69648,train
14289,train
14517,train
27107,train
33799,train
51176,train
66943,train
16143,train
14226,train
60099,train
69502,train
51565,train
29274,train
59715,train
22086,train
39943,train
16289,train
59150,train
30340,train
27934,train
11023,train
36669,train
31511,train
37294,train
24750,train
31618,train
21856,train
43670,train
69846,train
60864,train
6349,train
7721,train
13260,train
53662,train
70684,train
44786,train
39901,train
35056,train
60097,train
20153,train
28810,train
48613,train
4159,train
68062,train
27544,train
36205,train
22458,train
47702,train
34059,train
26810,train
40862,train
64246,train
29736,train
64986,train
10940,train
25704,train
67662,train
27287,train
41755,train
47105,train
38187,train
29716,train
6038,train
40576,train
59393,train
50884,train
637,train
30357,train
364,train
2881,train
64836,train
69364,train
49477,train
36539,train
31715,train
66531,train
9493,train
47825,train
32802,train
41027,train
33817,train
67128,train
63913,train
43254,train
29475,train
56382,train
36666,train
66068,train
16123,train
18161,train
10980,train
9202,train
6122,train
33535,train
18062,train
27473,train
65785,train
40960,train
62625,train
22580,train
9461,train
59614,train
3857,train
59903,train
57631,train
15313,train
17742,train
54256,train
5067,train
53619,train
13834,train
57108,train
22623,train
19917,train
21763,train
33193,train
65585,train
33793,train
4781,train
52413,train
23817,train
56752,train
9856,train
37213,train
4510,train
5227,train
6398,train
16269,train
9506,train
70228,train
48032,train
68061,train
37179,train
55238,train
11313,train
16225,train
64410,train
64622,train
60147,train
55711,train
55295,train
26568,train
52422,train
38751,train
59989,train
61059,train
54005,train
38814,train
65893,train
36996,train
27793,train
21051,train
3815,train
14269,train
42182,train
5399,train
28662,train
39895,train
24344,train
55709,train
35822,train
14405,train
61499,train
14525,train
29802,train
31586,train
4453,train
35984,train
29667,train
38376,train
841,train
23634,train
9590,train
8204,train
20083,train
34965,train
8744,train
12490,train
59866,train
43206,train
39823,train
66913,train
57934,train
60594,train
26230,train
54039,train
65453,train
57509,train
27116,train
8078,train
25947,train
26105,train
67703,train
25797,train
20846,train
39872,train
59827,train
41824,train
50038,train
51727,train
42651,train
26958,train
45532,train
55904,train
44824,train
16346,train
39939,train
34265,train
63301,train
44644,train
49425,train
46283,train
29863,train
51713,train
347,train
18996,train
546,train
27659,train
25154,train
68056,train
9581,train
4355,train
69405,train
18257,train
56868,train
12788,train
19182,train
49917,train
28679,train
11378,train
55636,train
40211,train
25747,train
38040,train
51586,train
59973,train
10292,train
29218,train
23552,train
59930,train
23544,train
2735,train
58666,train
11368,train
17924,train
32826,train
19309,train
32203,train
4270,train
32557,train
57453,train
22941,train
798,train
47209,train
47612,train
24873,train
28264,train
65811,train
51218,train
60104,train
32317,train
55894,train
52158,train
41887,train
67194,train
63444,train
23964,train
68192,train
43548,train
54197,train
69881,train
42195,train
65763,train
7963,train
63847,train
22283,train
11002,train
767,train
24058,train
10408,train
58710,train
53752,train
26499,train
37200,train
6491,train
34393,train
61409,train
54136,train
26633,train
68396,train
48529,train
28520,train
52483,train
4988,train
22453,train
49886,train
70033,train
22886,train
32195,train
51129,train
19156,train
68748,train
42188,train
43797,train
7619,train
16426,train
51280,train
28851,train
63689,train
41747,train
18665,train
6470,train
37642,train
4192,train
10833,train
29387,train
20562,train
59638,train
13497,train
4567,train
49277,train
38388,train
69656,train
5217,train
52075,train
51486,train
35369,train
36082,train
61793,train
61390,train
55973,train
17726,train
31718,train
20185,train
11142,train
37595,train
50637,train
44602,train
37046,train
60150,train
4245,train
45334,train
52175,train
45872,train
29647,train
28465,train
70490,train
39179,train
26177,train
67033,train
60135,train
26775,train
52176,train
29343,train
34024,train
24895,train
34331,train
44534,train
37074,train
11007,train
34285,train
52057,train
50903,train
14760,train
5402,train
1698,train
56583,train
13648,train
4195,train
42459,train
28395,train
62299,train
15810,train
33169,train
48687,train
42991,train
18377,train
39485,train
39553,train
57048,train
30652,train
26482,train
70571,train
37578,train
30230,train
15608,train
43471,train
67958,train
68179,train
8156,train
30539,train
5220,train
61265,train
10009,train
57285,train
30118,train
18331,train
12659,train
44599,train
49969,train
23835,train
17231,train
48008,train
53260,train
67363,train
16569,train
33200,train
50146,train
32685,train
44485,train
16836,train
59604,train
47000,train
36958,train
56524,train
29550,train
67987,train
2775,train
44449,train
31518,train
5967,train
3118,train
46392,train
70484,train
3131,train
57880,train
69623,train
39956,train
65160,train
64734,train
4151,train
11920,train
11901,train
30785,train
35331,train
35303,train
33990,train
2160,train
8731,train
4644,train
67360,train
68175,train
68546,train
49168,train
17089,train
45861,train
13334,train
51766,train
11484,train
25222,train
69750,train
13069,train
70636,train
34917,train
28199,train
56322,train
63716,train
29149,train
620,train
42961,train
1855,train
27094,train
9592,train
14600,train
35382,train
32803,train
65319,train
30518,train
26505,train
27219,train
22617,train
7737,train
51993,train
1705,train
40537,train
37801,train
45179,train
67319,train
41852,train
56738,train
49589,train
46511,train
63046,train
64924,train
41394,train
55898,train
30798,train
26169,train
62854,train
46369,train
49598,train
38806,train
69600,train
12281,train
66352,train
9423,train
15479,train
1650,train
54964,train
20547,train
29333,train
70614,train
67095,train
70236,train
53785,train
19171,train
56603,train
61729,train
67541,train
65903,train
64591,train
45039,train
10915,train
17355,train
33539,train
54123,train
6325,train
63916,train
62814,train
7753,train
17234,train
40530,train
53271,train
35716,train
41920,train
18394,train
42183,train
12306,train
25167,train
65863,train
4397,train
59998,train
47635,train
62619,train
16022,train
65123,train
54522,train
34365,train
4234,train
8262,train
53921,train
38089,train
55355,train
20520,train
4071,train
16773,train
64055,train
39289,train
14371,train
41318,train
9148,train
57451,train
23172,train
62722,train
57006,train
49016,train
29698,train
57848,train
15717,train
61391,train
48483,train
33448,train
30447,train
39228,train
4668,train
68106,train
59374,train
4092,train
27069,train
37586,train
12606,train
9024,train
64843,train
56413,train
41194,train
67702,train
16923,train
15762,train
22126,train
62491,train
49442,train
63886,train
29198,train
68385,train
2410,train
41497,train
44957,train
12247,train
61090,train
15242,train
31972,train
5910,train
64566,train
64604,train
27065,train
49185,train
44838,train
24407,train
46508,train
18919,train
33695,train
10341,train
7928,train
26493,train
46389,train
54983,train
31534,train
44053,train
3465,train
38809,train
8728,train
30650,train
36267,train
5531,train
55352,train
5915,train
66353,train
2039,train
4215,train
64689,train
27680,train
8576,train
37501,train
3074,train
65606,train
43911,train
37545,train
69373,train
40416,train
5418,train
30933,train
45328,train
25893,train
28099,train
16089,train
54723,train
30986,train
68174,train
10788,train
23537,train
61343,train
55994,train
28114,train
5847,train
58495,train
29737,train
11210,train
53115,train
67786,train
28253,train
30852,train
44544,train
63277,train
49287,train
19720,train
62310,train
69989,train
57481,train
25543,train
62101,train
26928,train
19967,train
7937,train
52759,train
54823,train
54332,train
34148,train
37449,train
40622,train
43989,train
50212,train
69507,train
64017,train
45068,train
34428,train
14045,train
3093,train
65136,train
43237,train
22400,train
29603,train
48366,train
52961,train
69043,train
60123,train
27451,train
49660,train
56712,train
5490,train
29352,train
19118,train
26827,train
24158,train
5893,train
47543,train
54699,train
9727,train
20332,train
12081,train
51672,train
8141,train
51574,train
55128,train
18186,train
114,train
10309,train
7475,train
63067,train
40818,train
60667,train
46650,train
6005,train
62867,train
58516,train
61671,train
64793,train
8286,train
36675,train
63684,train
51468,train
38093,train
12626,train
1101,train
48358,train
43894,train
51624,train
45477,train
25268,train
36212,train
59072,train
56051,train
55324,train
36511,train
42349,train
29322,train
25822,train
65654,train
61885,train
34233,train
18682,train
20722,train
18708,train
30670,train
19879,train
45073,train
39107,train
58294,train
49819,train
44427,train
5530,train
58400,train
28957,train
66249,train
34003,train
47482,train
66186,train
61808,train
19835,train
55059,train
54994,train
54342,train
53536,train
40482,train
24533,train
66809,train
50511,train
64430,train
23349,train
33944,train
64715,train
6920,train
49469,train
53343,train
23442,train
51263,train
56145,train
46406,train
43457,train
25961,train
52254,train
46622,train
67532,train
7017,train
8513,train
47007,train
62982,train
14746,train
13501,train
4935,train
6571,train
17935,train
12371,train
61986,train
32126,train
10505,train
63386,train
44451,train
40767,train
38910,train
23049,train
17996,train
24068,train
1537,train
51130,train
69508,train
11249,train
61327,train
61298,train
68617,train
25768,train
37833,train
58293,train
21794,train
62775,train
49644,train
32096,train
24587,train
46236,train
44033,train
9177,train
19089,train
31289,train
16202,train
49435,train
23238,train
9811,train
33626,train
50492,train
5006,train
67635,train
44697,train
69142,train
2551,train
65904,train
61931,train
10650,train
19296,train
68483,train
45725,train
30795,train
26833,train
18487,train
39271,train
16,train
6620,train
33782,train
26746,train
41220,train
52433,train
66247,train
58514,train
42645,train
40494,train
7044,train
62030,train
68757,train
17235,train
53745,train
3854,train
3956,train
29410,train
55226,train
51871,train
26855,train
29591,train
3554,train
58286,train
21702,train
1491,train
14263,train
56658,train
67652,train
58645,train
15423,train
6575,train
28043,train
49402,train
47768,train
47171,train
33361,train
56431,train
21048,train
62521,train
24758,train
21621,train
18990,train
54070,train
23861,train
32858,train
52024,train
30019,train
30267,train
67629,train
13508,train
34424,train
13940,train
17809,train
23577,train
52994,train
4017,train
22324,train
9602,train
39201,train
33018,train
54246,train
40461,train
11408,train
37700,train
70541,train
51331,train
45965,train
204,train
57441,train
68332,train
25896,train
49512,train
68188,train
21160,train
26509,train
62506,train
60910,train
32676,train
62432,train
34998,train
61479,train
40785,train
57664,train
31167,train
56909,train
17331,train
26862,train
35062,train
53340,train
64782,train
44336,train
36436,train
65575,train
12811,train
14113,train
42581,train
29876,train
1197,train
4736,train
14173,train
2325,train
44522,train
46332,train
30385,train
32716,train
29016,train
17819,train
59809,train
21559,train
56573,train
16582,train
28362,train
39559,train
63859,train
28489,train
69737,train
20449,train
67458,train
41965,train
52623,train
50572,train
60679,train
60431,train
14227,train
13807,train
53368,train
54802,train
1352,train
48309,train
36276,train
26472,train
56601,train
66961,train
30196,train
18605,train
10190,train
18431,train
4339,train
34580,train
51546,train
3323,train
2848,train
34185,train
53027,train
15754,train
14895,train
66469,train
47034,train
55934,train
53464,train
23304,train
62983,train
3373,train
68466,train
42431,train
53148,train
52729,train
59166,train
55612,train
6673,train
20503,train
47944,train
21590,train
49949,train
19021,train
63454,train
39329,train
23465,train
67836,train
17499,train
1374,train
49414,train
68832,train
54701,train
41585,train
68619,train
36833,train
65824,train
53207,train
69519,train
20783,train
32837,train
10448,train
50097,train
65529,train
30660,train
47970,train
30470,train
8736,train
7143,train
36602,train
41598,train
26820,train
66962,train
26302,train
52976,train
28877,train
7466,train
9882,train
52257,train
45370,train
58597,train
9920,train
68940,train
22302,train
33335,train
42009,train
15158,train
59056,train
35969,train
65284,train
69640,train
7863,train
4687,train
26025,train
56215,train
17786,train
12575,train
64878,train
56391,train
8770,train
5592,train
31837,train
20082,train
17504,train
13813,train
3245,train
49379,train
34528,train
36743,train
49785,train
20738,train
24393,train
22510,train
1014,train
44650,train
35287,train
61233,train
4292,train
50656,train
10013,train
63757,train
49292,train
59161,train
18027,train
65149,train
3391,train
64847,train
33377,train
10866,train
19548,train
30461,train
52386,train
35938,train
18468,train
66014,train
18546,train
66414,train
33960,train
16690,train
2234,train
13820,train
50550,train
66625,train
52274,train
47358,train
61362,train
3787,train
65415,train
22865,train
62838,train
27887,train
24441,train
28138,train
63830,train
23509,train
40710,train
62462,train
7016,train
902,train
10855,train
23639,train
61249,train
28252,train
33447,train
3036,train
7336,train
28147,train
17407,train
31127,train
45884,train
47444,train
6282,train
47156,train
61815,train
58615,train
52031,train
68886,train
27811,train
65298,train
48826,train
30345,train
68047,train
10746,train
67006,train
25716,train
60002,train
4654,train
13931,train
62947,train
19690,train
45797,train
32516,train
43812,train
23061,train
12054,train
22093,train
53950,train
41971,train
18180,train
16253,train
64364,train
22766,train
37588,train
25891,train
12075,train
3327,train
1924,train
35653,train
39330,train
69163,train
43844,train
35103,train
13165,train
46349,train
67280,train
11730,train
21144,train
70355,train
54035,train
8050,train
64133,train
70429,train
22512,train
37920,train
64731,train
35991,train
64922,train
62351,train
41640,train
37437,train
25538,train
44506,train
54965,train
16332,train
4220,train
62859,train
25778,train
62811,train
27688,train
64725,train
29965,train
51752,train
16625,train
43597,train
36010,train
14992,train
7814,train
40733,train
9550,train
37844,train
24894,train
45065,train
65102,train
38165,train
61330,train
14587,train
37425,train
18657,train
27013,train
12310,train
25449,train
20891,train
28189,train
51811,train
43622,train
3939,train
63648,train
31297,train
21750,train
11108,train
14682,train
35560,train
35423,train
38439,train
28774,train
37602,train
19301,train
66001,train
27947,train
26943,train
66134,train
44071,train
21362,train
38754,train
60318,train
53905,train
17906,train
70202,train
1179,train
59714,train
32899,train
30283,train
16304,train
25932,train
13281,train
59841,train
70424,train
68083,train
2948,train
70430,train
11431,train
60038,train
44476,train
3861,train
48516,train
10218,train
60335,train
17191,train
11017,train
8366,train
1128,train
41204,train
54698,train
24457,train
23701,train
38289,train
5950,train
64831,train
30584,train
43801,train
41459,train
1021,train
8984,train
64278,train
30761,train
69422,train
18696,train
54221,train
17113,train
58955,train
23506,train
21787,train
27968,train
48885,train
37455,train
49155,train
49493,train
35674,train
14778,train
28289,train
67429,train
65018,train
3989,train
2504,train
20710,train
58812,train
134,train
31141,train
44418,train
46479,train
17967,train
33671,train
4225,train
34779,train
18011,train
65567,train
23315,train
25397,train
41800,train
25145,train
9116,train
16924,train
31296,train
7183,train
61017,train
59643,train
24661,train
22833,train
19245,train
58401,train
18269,train
44610,train
65725,train
25396,train
19895,train
12996,train
47838,train
69275,train
32739,train
29798,train
53223,train
63417,train
57660,train
48411,train
63733,train
55963,train
40985,train
33798,train
47738,train
54640,train
56561,train
25219,train
30115,train
6167,train
2302,train
52059,train
70030,train
5788,train
25876,train
15647,train
62955,train
43388,train
45572,train
5578,train
38828,train
61520,train
32708,train
32505,train
58579,train
25423,train
23779,train
10914,train
6212,train
57717,train
34223,train
12670,train
4713,train
28879,train
14189,train
4406,train
47380,train
34524,train
19464,train
48848,train
53142,train
13382,train
67777,train
62109,train
46980,train
24379,train
44313,train
50771,train
52507,train
25971,train
5911,train
58237,train
31745,train
15324,train
11883,train
45494,train
63466,train
59646,train
52116,train
1475,train
51748,train
64527,train
40055,train
32523,train
22811,train
31809,train
70420,train
51892,train
1032,train
13137,train
12918,train
26581,train
54284,train
70515,train
53377,train
63919,train
48174,train
52290,train
27945,train
56901,train
50113,train
19290,train
40606,train
24108,train
11278,train
470,train
60349,train
49428,train
30392,train
62246,train
7772,train
31370,train
50324,train
63356,train
29252,train
5889,train
21547,train
37467,train
70281,train
33141,train
24619,train
41718,train
31789,train
14924,train
68468,train
6162,train
67625,train
61528,train
62098,train
4495,train
30490,train
31698,train
62732,train
36494,train
40394,train
52001,train
1504,train
24128,train
23807,train
17937,train
52702,train
29244,train
27874,train
6975,train
67503,train
53175,train
43073,train
56704,train
56552,train
17787,train
67311,train
44120,train
17675,train
66836,train
63766,train
6881,train
29977,train
46548,train
67977,train
3155,train
17237,train
60627,train
38710,train
18204,train
5435,train
67968,train
69672,train
24192,train
39356,train
69270,train
36029,train
23307,train
7512,train
30140,train
11757,train
66391,train
35091,train
2051,train
14645,train
10777,train
53106,train
12449,train
3456,train
34857,train
43026,train
53556,train
11839,train
68187,train
1985,train
46188,train
26764,train
44714,train
55927,train
10524,train
55076,train
53945,train
18907,train
65252,train
51595,train
57292,train
7853,train
34004,train
6825,train
1603,train
38780,train
63661,train
36663,train
36694,train
40830,train
53050,train
33974,train
53232,train
21040,train
53498,train
4533,train
6564,train
23572,train
69281,train
17722,train
31697,train
63675,train
6287,train
47038,train
59939,train
27745,train
54601,train
38992,train
4130,train
34677,train
2336,train
50887,train
58094,train
45566,train
44568,train
9642,train
1848,train
67710,train
48658,train
2136,train
47026,train
42586,train
42746,train
59324,train
15196,train
38509,train
8600,train
13784,train
3766,train
44219,train
57364,train
29955,train
58413,train
14869,train
58814,train
11078,train
29675,train
38970,train
36084,train
68664,train
28150,train
18090,train
67534,train
53432,train
36552,train
40258,train
65480,train
32012,train
17412,train
58731,train
8029,train
43853,train
16440,train
34531,train
66999,train
60379,train
48232,train
35899,train
57268,train
15011,train
51985,train
4119,train
5285,train
64150,train
16419,train
68308,train
18798,train
1894,train
10181,train
35047,train
17148,train
39698,train
43855,train
59815,train
36757,train
5263,train
12202,train
22848,train
14964,train
37562,train
61886,train
57490,train
29278,train
58959,train
61544,train
64113,train
15246,train
29524,train
32274,train
1368,train
28279,train
60077,train
23647,train
64149,train
23631,train
52448,train
60682,train
7938,train
61676,train
17753,train
50218,train
10923,train
3422,train
48715,train
1166,train
40877,train
31460,train
62188,train
63448,train
62139,train
69715,train
33348,train
4850,train
67357,train
35671,train
63573,train
27499,train
36305,train
64535,train
39685,train
11166,train
11659,train
16734,train
26328,train
24610,train
28450,train
3294,train
18234,train
25295,train
12456,train
7688,train
9065,train
60359,train
7476,train
24366,train
62595,train
37785,train
18851,train
19462,train
5005,train
62340,train
69960,train
3729,train
52579,train
2297,train
50707,train
14414,train
47711,train
11687,train
48171,train
5425,train
25773,train
25635,train
58742,train
2189,train
17572,train
37356,train
14451,train
44803,train
37744,train
12339,train
49993,train
10559,train
1054,train
985,train
37962,train
56357,train
49590,train
55093,train
16682,train
51960,train
34606,train
66350,train
4060,train
67042,train
33604,train
61194,train
52870,train
8003,train
20777,train
22686,train
47016,train
46913,train
50464,train
50478,train
30271,train
69627,train
48328,train
18211,train
10534,train
54122,train
23733,train
18710,train
42965,train
13321,train
57463,train
10532,train
21348,train
34516,train
5593,train
8610,train
32273,train
23514,train
70363,train
49145,train
50199,train
44981,train
61787,train
65317,train
32181,train
33375,train
44338,train
19223,train
9320,train
7711,train
40376,train
69136,train
54309,train
23326,train
17913,train
38055,train
13215,train
120,train
36409,train
59885,train
28278,train
25926,train
46500,train
10881,train
917,train
14513,train
13802,train
45486,train
13405,train
7505,train
2567,train
56387,train
2100,train
4265,train
61595,train
951,train
56754,train
33830,train
50929,train
34135,train
39414,train
56461,train
23345,train
1191,train
65707,train
5237,train
59333,train
25503,train
66383,train
37544,train
67060,train
8275,train
47969,train
43816,train
8424,train
20452,train
24254,train
63579,train
27277,train
4704,train
4977,train
17639,train
20584,train
45983,train
65698,train
6283,train
60551,train
6488,train
52416,train
67146,train
6256,train
7124,train
64633,train
40889,train
65363,train
14996,train
10928,train
52317,train
67309,train
10985,train
37720,train
8897,train
57473,train
20479,train
38097,train
23496,train
53078,train
65742,train
46764,train
53327,train
55744,train
61036,train
7629,train
49090,train
35511,train
33135,train
39855,train
50298,train
56625,train
43198,train
11229,train
40911,train
66188,train
58719,train
31843,train
36423,train
68449,train
70562,train
7248,train
60997,train
22792,train
8039,train
53119,train
37014,train
31971,train
70054,train
44188,train
28940,train
52506,train
46729,train
15744,train
15569,train
21880,train
26131,train
24480,train
66225,train
7840,train
68685,train
11269,train
33648,train
15722,train
2429,train
43791,train
40165,train
3379,train
30289,train
6523,train
30026,train
14876,train
63904,train
26622,train
52964,train
66342,train
36361,train
10432,train
9078,train
44045,train
24987,train
23866,train
34242,train
65365,train
31501,train
44899,train
56574,train
31846,train
44965,train
30186,train
55803,train
1645,train
39136,train
63747,train
38598,train
3485,train
46751,train
17810,train
932,train
52058,train
39461,train
31382,train
21198,train
45438,train
55491,train
29612,train
31459,train
65813,train
46213,train
17336,train
31053,train
55004,train
60284,train
47958,train
41210,train
20935,train
50698,train
50422,train
3528,train
66142,train
58914,train
68252,train
60188,train
60858,train
18583,train
7795,train
29270,train
23033,train
19916,train
41984,train
60586,train
12113,train
69471,train
6013,train
70325,train
4400,train
5290,train
41064,train
24438,train
33670,train
41735,train
3027,train
7289,train
59912,train
29033,train
9909,train
40335,train
66020,train
67446,train
31477,train
25750,train
18622,train
8949,train
36689,train
31929,train
37603,train
35788,train
65446,train
9969,train
36107,train
21837,train
1919,train
15753,train
64111,train
69203,train
55037,train
64193,train
39769,train
59946,train
11851,train
43024,train
29960,train
70406,train
4089,train
19810,train
22509,train
63298,train
33601,train
27307,train
45071,train
61240,train
10195,train
7092,train
34327,train
58001,train
5928,train
38669,train
57316,train
41560,train
17894,train
51453,train
2084,train
17149,train
34183,train
41784,train
35994,train
12546,train
42928,train
18578,train
17580,train
8007,train
5968,train
38128,train
13299,train
60049,train
52008,train
69915,train
48233,train
53657,train
32384,train
14372,train
24414,train
1470,train
67283,train
42041,train
44990,train
19113,train
63714,train
25700,train
766,train
48933,train
39742,train
26225,train
49961,train
12964,train
6815,train
20113,train
1947,train
40043,train
65869,train
68835,train
8759,train
57094,train
27829,train
19376,train
65508,train
49796,train
38551,train
30878,train
21591,train
41284,train
7823,train
1793,train
28758,train
66478,train
62929,train
36277,train
33733,train
12512,train
7146,train
2542,train
55273,train
68169,train
1353,train
53479,train
22374,train
69781,train
2706,train
17066,train
1986,train
21988,train
68618,train
3981,train
28703,train
65465,train
28994,train
7291,train
21965,train
41665,train
61781,train
11942,train
54550,train
20902,train
32206,train
25593,train
43379,train
16282,train
54673,train
23000,train
215,train
24019,train
48040,train
21507,train
69950,train
11861,train
65676,train
22576,train
14697,train
29052,train
65021,train
18301,train
19157,train
23920,train
67757,train
40969,train
23429,train
3383,train
31977,train
68090,train
57442,train
57565,train
13188,train
1584,train
33939,train
41365,train
19110,train
46945,train
25463,train
2183,train
45005,train
65112,train
45522,train
18446,train
36279,train
10878,train
19187,train
69486,train
9596,train
37983,train
21650,train
10356,train
31389,train
31355,train
47678,train
15877,train
37447,train
70517,train
38657,train
59755,train
7625,train
33908,train
69361,train
43217,train
32707,train
30487,train
10616,train
6224,train
66092,train
56786,train
13191,train
35290,train
3946,train
32627,train
19269,train
14889,train
65609,train
51261,train
37405,train
47331,train
14765,train
12131,train
44873,train
56890,train
35564,train
69288,train
53740,train
1017,train
15530,train
39352,train
51497,train
25560,train
60015,train
18977,train
19488,train
17119,train
9732,train
739,train
50667,train
10561,train
52930,train
47162,train
1810,train
6033,train
27156,train
39291,train
13563,train
64353,train
29034,train
37563,train
32804,train
51225,train
62587,train
28148,train
12331,train
64339,train
69618,train
27002,train
59359,train
33633,train
25389,train
31558,train
63268,train
15889,train
64646,train
69156,train
21600,train
11436,train
59028,train
12370,train
61355,train
53276,train
53651,train
14346,train
15381,train
5749,train
32671,train
46581,train
37326,train
25900,train
6320,train
14330,train
64724,train
30308,train
26125,train
14668,train
57506,train
998,train
19817,train
41574,train
57368,train
38027,train
13773,train
28479,train
50683,train
20908,train
69849,train
3663,train
38437,train
32588,train
48751,train
51063,train
46028,train
35616,train
40650,train
58444,train
22201,train
37290,train
26226,train
30459,train
33014,train
54603,train
59391,train
45359,train
34462,train
14210,train
55063,train
38556,train
4910,train
61658,train
16135,train
20644,train
14018,train
11008,train
9970,train
8634,train
4125,train
28112,train
55625,train
24470,train
42220,train
9664,train
66016,train
18168,train
11345,train
65393,train
2166,train
51833,train
30864,train
62788,train
2484,train
67862,train
64117,train
24911,train
42326,train
45108,train
458,train
50118,train
18604,train
51333,train
27526,train
31481,train
23718,train
10240,train
69377,train
30506,train
70483,train
63116,train
22273,train
4163,train
66848,train
21417,train
18223,train
70044,train
28210,train
36699,train
50866,train
33442,train
16090,train
58529,train
29535,train
34301,train
25184,train
59147,train
38225,train
68934,train
60681,train
15666,train
31889,train
35304,train
70208,train
28521,train
66527,train
846,train
44595,train
64303,train
3878,train
46111,train
40375,train
55204,train
3549,train
7180,train
70386,train
31164,train
41834,train
56261,train
54339,train
50997,train
12049,train
30145,train
66126,train
1484,train
37587,train
32405,train
17537,train
51646,train
7715,train
13206,train
2779,train
45020,train
2228,train
36924,train
7484,train
6195,train
4155,train
56342,train
59233,train
17460,train
52239,train
48021,train
50570,train
66306,train
55382,train
7929,train
5057,train
11310,train
46078,train
28910,train
50387,train
25187,train
10108,train
14053,train
12728,train
265,train
47758,train
16421,train
65641,train
49492,train
28549,train
56940,train
67742,train
2792,train
31395,train
14473,train
55820,train
5555,train
10,train
6134,train
44103,train
44976,train
36106,train
28862,train
4527,train
41295,train
61708,train
17,train
17294,train
55413,train
18764,train
60583,train
5970,train
2435,train
5980,train
42892,train
19322,train
55262,train
53930,train
49099,train
46110,train
41033,train
20732,train
2496,train
69547,train
24713,train
38511,train
64718,train
24232,train
43293,train
31129,train
44721,train
33901,train
14630,train
57033,train
6471,train
8226,train
8978,train
32404,train
19621,train
52461,train
19197,train
22343,train
28984,train
55590,train
30134,train
6730,train
14010,train
51151,train
49243,train
43268,train
29439,train
1684,train
61598,train
18505,train
5819,train
34252,train
7076,train
61319,train
56303,train
61587,train
30674,train
27949,train
33618,train
67815,train
40959,train
55632,train
18316,train
1112,train
57039,train
47560,train
44963,train
49227,train
2752,train
7908,train
65619,train
16333,train
63727,train
36077,train
39522,train
29050,train
13317,train
62959,train
16621,train
34111,train
12421,train
53355,train
70538,train
42148,train
57665,train
70167,train
13164,train
17227,train
68631,train
21511,train
29718,train
16484,train
2938,train
61050,train
12383,train
69642,train
14124,train
12474,train
66425,train
54815,train
46534,train
38635,train
12860,train
39233,train
37121,train
68963,train
58547,train
55199,train
58861,train
39058,train
7213,train
55743,train
21011,train
24076,train
49677,train
47956,train
52564,train
65374,train
68800,train
41559,train
45183,train
3448,train
58091,train
50595,train
55672,train
6024,train
13407,train
2762,train
60923,train
69553,train
14121,train
39777,train
15649,train
7565,train
70519,train
39164,train
54742,train
35766,train
5259,train
31059,train
26179,train
33320,train
37151,train
8601,train
63511,train
59615,train
14310,train
6012,train
48837,train
3886,train
14947,train
67209,train
48426,train
45848,train
38032,train
40362,train
11985,train
7844,train
32484,train
24915,train
13815,train
30977,train
33720,train
30627,train
11744,train
58680,train
33399,train
57369,train
5266,train
5364,train
52245,train
47962,train
40457,train
61738,train
24172,train
53314,train
46898,train
14484,train
60536,train
56953,train
30668,train
3005,train
14523,train
63363,train
44940,train
8837,train
36814,train
16656,train
9008,train
21938,train
722,train
26520,train
1235,train
38427,train
61564,train
21886,train
6101,train
21790,train
1776,train
31989,train
51810,train
41567,train
41359,train
35614,train
15869,train
47391,train
27011,train
5736,train
1287,train
5606,train
41792,train
51701,train
38951,train
64990,train
31539,train
61963,train
66626,train
67688,train
42342,train
11967,train
37726,train
43642,train
3673,train
54583,train
63043,train
29040,train
43950,train
51613,train
19902,train
14738,train
21769,train
13415,train
68103,train
30996,train
43130,train
59810,train
52108,train
24333,train
58935,train
3439,train
47085,train
32179,train
60947,train
43373,train
53512,train
51820,train
16371,train
24083,train
33432,train
7990,train
31672,train
34563,train
39806,train
7637,train
2411,train
41660,train
326,train
8486,train
21998,train
41949,train
30733,train
13993,train
29980,train
6440,train
11239,train
57539,train
45750,train
42646,train
70292,train
2800,train
69567,train
53874,train
23193,train
13198,train
62916,train
66202,train
50143,train
29803,train
66057,train
37020,train
24519,train
51896,train
36515,train
13220,train
7135,train
31894,train
45262,train
18926,train
45922,train
13657,train
34683,train
42277,train
32947,train
55031,train
19013,train
54870,train
10175,train
48026,train
19912,train
55378,train
18865,train
56069,train
8816,train
36917,train
25827,train
47187,train
45975,train
44808,train
49938,train
5780,train
62582,train
9160,train
9180,train
52339,train
32856,train
1766,train
40593,train
18202,train
23569,train
53973,train
22459,train
64509,train
68298,train
30602,train
26948,train
65723,train
67876,train
48368,train
10426,train
249,train
52742,train
8252,train
9196,train
18386,train
41504,train
29740,train
33451,train
18321,train
20029,train
33202,train
32942,train
59508,train
58181,train
10283,train
21366,train
62068,train
55073,train
6043,train
51469,train
34897,train
17242,train
47878,train
47121,train
8502,train
46220,train
15493,train
28610,train
4274,train
27149,train
61913,train
17058,train
20635,train
68241,train
21908,train
51057,train
51391,train
68506,train
65735,train
36982,train
7260,train
12621,train
33443,train
44083,train
54887,train
28972,train
24315,train
35131,train
40691,train
33655,train
56417,train
49169,train
21537,train
60088,train
340,train
26395,train
65920,train
46328,train
48889,train
48990,train
38315,train
26227,train
61262,train
57674,train
61086,train
2812,train
55546,train
9867,train
51523,train
67988,train
36241,train
30090,train
52117,train
58933,train
1141,train
44558,train
13312,train
15296,train
13075,train
56378,train
6096,train
33459,train
54068,train
22134,train
24396,train
40405,train
33906,train
59910,train
14234,train
4822,train
60950,train
8882,train
10546,train
789,train
33235,train
43876,train
61758,train
28106,train
35848,train
61917,train
27494,train
2768,train
63652,train
57642,train
52538,train
22304,train
6693,train
7743,train
55635,train
65435,train
40794,train
9679,train
1732,train
69936,train
63956,train
14749,train
13574,train
28177,train
56802,train
6893,train
54669,train
27852,train
21505,train
22939,train
17946,train
45847,train
57130,train
31924,train
36681,train
50027,train
9226,train
13848,train
873,train
61197,train
30364,train
65583,train
1977,train
16962,train
40664,train
4979,train
63862,train
13821,train
35755,train
26796,train
53315,train
57406,train
64217,train
5386,train
11584,train
27695,train
35374,train
52370,train
36088,train
68578,train
4264,train
29835,train
21455,train
34817,train
59665,train
53918,train
9312,train
4193,train
61957,train
39881,train
3846,train
65858,train
70220,train
12585,train
27821,train
63770,train
59918,train
48635,train
46473,train
15254,train
43564,train
6354,train
48992,train
4660,train
44492,train
22904,train
66430,train
39196,train
43154,train
43075,train
51905,train
15936,train
46253,train
17224,train
9482,train
64233,train
5161,train
11268,train
56935,train
26428,train
59780,train
62680,train
53949,train
47572,train
44474,train
21830,train
42832,train
732,train
33581,train
58100,train
1225,train
52726,train
18164,train
17282,train
22198,train
13632,train
2124,train
28480,train
17995,train
66253,train
34813,train
53565,train
58377,train
65967,train
35268,train
67256,train
43141,train
65055,train
40365,train
58310,train
42310,train
55026,train
28113,train
66731,train
40444,train
32682,train
24253,train
13286,train
61826,train
20437,train
69197,train
18920,train
30891,train
1400,train
20518,train
23958,train
45225,train
37990,train
22649,train
33041,train
2499,train
49891,train
3404,train
18353,train
19147,train
17443,train
45052,train
45537,train
11312,train
47789,train
52686,train
48255,train
69953,train
12046,train
9825,train
56498,train
63292,train
51903,train
1507,train
6916,train
7539,train
27236,train
68856,train
13494,train
11732,train
3708,train
45645,train
10570,train
55533,train
49330,train
27604,train
54955,train
33457,train
61135,train
65057,train
15359,train
37547,train
33129,train
273,train
16479,train
60228,train
21687,train
31632,train
14532,train
58987,train
54561,train
2287,train
13617,train
12674,train
55049,train
34084,train
42096,train
11507,train
62333,train
46044,train
34621,train
68927,train
32833,train
5542,train
55032,train
290,train
23968,train
53559,train
52655,train
53109,train
56041,train
7297,train
11893,train
37254,train
14259,train
30732,train
3669,train
18541,train
43460,train
67392,train
1410,train
2524,train
46755,train
18437,train
25010,train
69875,train
56479,train
38270,train
44469,train
52925,train
30987,train
43458,train
70588,train
63359,train
33148,train
1419,train
6464,train
30471,train
41976,train
28386,train
58667,train
64144,train
27749,train
9240,train
4965,train
43566,train
70466,train
22723,train
64470,train
37688,train
60760,train
6463,train
7240,train
65667,train
59262,train
6958,train
64223,train
63811,train
17571,train
17823,train
45199,train
6753,train
8821,train
58886,train
32642,train
52358,train
18185,train
53256,train
56813,train
14046,train
37796,train
60091,train
37800,train
67934,train
33998,train
19645,train
50848,train
49410,train
58887,train
51622,train
27202,train
29369,train
32950,train
1323,train
15681,train
65974,train
66387,train
66426,train
22013,train
17540,train
6805,train
67910,train
8228,train
7195,train
42987,train
15943,train
10244,train
64581,train
16347,train
39036,train
60866,train
43829,train
37811,train
21229,train
63481,train
67765,train
15556,train
407,train
51549,train
40121,train
36981,train
43788,train
15323,train
13958,train
70470,train
13650,train
2700,train
67998,train
57943,train
63161,train
61887,train
70244,train
57082,train
52106,train
45207,train
24900,train
56031,train
15265,train
7961,train
15032,train
24569,train
21861,train
23749,train
52766,train
47609,train
50558,train
45104,train
15836,train
49054,train
15376,train
52609,train
4645,train
29537,train
65995,train
5815,train
66075,train
41991,train
32325,train
20240,train
27239,train
38348,train
12230,train
2375,train
22513,train
32515,train
1406,train
66181,train
47790,train
36822,train
51911,train
51077,train
25240,train
31152,train
30428,train
17577,train
9998,train
28896,train
56765,train
34938,train
47794,train
230,train
44076,train
38764,train
26806,train
24817,train
42764,train
46173,train
2308,train
58573,train
49468,train
23617,train
5913,train
59209,train
53799,train
23635,train
65294,train
29144,train
7171,train
42980,train
30709,train
19432,train
7946,train
5159,train
4161,train
31366,train
53894,train
1394,train
40028,train
64196,train
54942,train
42613,train
69406,train
47921,train
62501,train
34339,train
26361,train
40577,train
29195,train
20752,train
3687,train
44822,train
68126,train
2089,train
6782,train
25265,train
51426,train
63402,train
38276,train
30031,train
59088,train
53913,train
32775,train
49725,train
4526,train
62067,train
30260,train
56510,train
42517,train
47676,train
11857,train
3832,train
35650,train
22175,train
30694,train
67978,train
38880,train
221,train
42943,train
39334,train
14905,train
9172,train
20514,train
52331,train
19661,train
61722,train
37535,train
361,train
22739,train
45786,train
69810,train
69588,train
62130,train
2436,train
48320,train
20869,train
20459,train
33540,train
1239,train
23317,train
33735,train
65151,train
26424,train
11088,train
10355,train
3720,train
19842,train
5192,train
49241,train
62240,train
61208,train
31635,train
9537,train
22234,train
29521,train
23675,train
53329,train
19459,train
65108,train
64352,train
55447,train
68032,train
31362,train
52765,train
289,train
40406,train
42662,train
28975,train
37747,train
23003,train
68191,train
23482,train
12158,train
56687,train
49875,train
57654,train
38971,train
2819,train
37487,train
58928,train
20072,train
13457,train
9809,train
47545,train
4347,train
28876,train
38031,train
909,train
7869,train
24605,train
60192,train
56694,train
39267,train
68585,train
40177,train
8277,train
55137,train
64188,train
63879,train
56361,train
10737,train
8307,train
32706,train
57879,train
59468,train
21943,train
57668,train
16467,train
19603,train
70170,train
14597,train
27425,train
25035,train
10342,train
56880,train
15039,train
35783,train
7220,train
5778,train
24361,train
64797,train
21667,train
44269,train
3883,train
410,train
78,train
32370,train
46662,train
30029,train
44655,train
26366,train
1300,train
24452,train
30698,train
53212,train
25705,train
69833,train
48356,train
19787,train
34937,train
48166,train
63453,train
13065,train
56823,train
38029,train
70377,train
59413,train
25765,train
23522,train
11099,train
23854,train
58361,train
1319,train
1126,train
24711,train
33625,train
2511,train
62079,train
15502,train
65334,train
49818,train
32299,train
59771,train
52922,train
68951,train
47237,train
46944,train
58438,train
68112,train
42145,train
39180,train
55694,train
38124,train
513,train
66367,train
17836,train
993,train
20770,train
66933,train
30011,train
13479,train
14825,train
56388,train
69182,train
58923,train
69095,train
10068,train
16662,train
52361,train
67366,train
46200,train
45312,train
64290,train
59211,train
67932,train
52289,train
26875,train
10977,train
53582,train
41932,train
69635,train
39995,train
19389,train
56781,train
68128,train
68406,train
53313,train
22875,train
2386,train
21566,train
69954,train
69905,train
594,train
21462,train
3248,train
66003,train
37198,train
18895,train
15448,train
50453,train
15900,train
66628,train
30252,train
27623,train
37332,train
53025,train
42876,train
56831,train
51334,train
38172,train
31267,train
37771,train
29871,train
46915,train
28952,train
57327,train
49717,train
11065,train
67010,train
30858,train
67753,train
31207,train
62861,train
24869,train
70126,train
26631,train
45445,train
2759,train
44710,train
3351,train
37186,train
13476,train
6467,train
40251,train
17396,train
20640,train
60136,train
23294,train
16692,train
7849,train
48407,train
18542,train
68006,train
48103,train
18633,train
9868,train
60310,train
57216,train
36668,train
59533,train
5254,train
30348,train
51669,train
21021,train
52144,train
67726,train
15399,train
25232,train
64966,train
22566,train
66197,train
21897,train
386,train
995,train
65119,train
6000,train
68742,train
62597,train
58780,train
18848,train
6597,train
55467,train
22432,train
59627,train
39355,train
58943,train
20266,train
63748,train
45321,train
24883,train
21253,train
63649,train
70604,train
20415,train
13806,train
26272,train
37050,train
65407,train
103,train
70289,train
10726,train
56536,train
1639,train
37793,train
17298,train
51519,train
13178,train
49068,train
48886,train
15214,train
21772,train
49975,train
60786,train
67997,train
2925,train
61321,train
2926,train
13389,train
20302,train
16337,train
8396,train
23592,train
15533,train
16731,train
39234,train
44057,train
30468,train
50928,train
53904,train
68879,train
11650,train
43819,train
40531,train
48856,train
67052,train
8862,train
11624,train
53593,train
58937,train
59631,train
42759,train
44508,train
42780,train
8257,train
26187,train
968,train
1889,train
69971,train
48984,train
23724,train
36236,train
34162,train
29790,train
23890,train
1870,train
52255,train
51866,train
34976,train
31092,train
68024,train
2028,train
40962,train
12555,train
47296,train
44720,train
46154,train
47012,train
55328,train
69268,train
18659,train
66320,train
50747,train
7608,train
67112,train
15169,train
29553,train
58567,train
42635,train
13962,train
37780,train
18466,train
24854,train
58391,train
55652,train
2914,train
30604,train
40564,train
43640,train
3307,train
29959,train
35777,train
67780,train
56726,train
59428,train
7237,train
31906,train
49288,train
37598,train
17841,train
40908,train
1803,train
52878,train
15572,train
793,train
34401,train
13713,train
63101,train
51244,train
67551,train
13264,train
8202,train
40089,train
35748,train
11932,train
47527,train
68417,train
39565,train
44467,train
37809,train
62180,train
30023,train
43889,train
66109,train
66729,train
36595,train
69417,train
19237,train
13799,train
67398,train
17315,train
60322,train
2774,train
44691,train
1425,train
61222,train
2446,train
50849,train
9012,train
40075,train
42248,train
20608,train
43093,train
37779,train
59009,train
64873,train
58969,train
4904,train
55750,train
23713,train
10525,train
47689,train
59752,train
27836,train
55633,train
55326,train
28997,train
5621,train
23500,train
8854,train
55622,train
69917,train
26041,train
46522,train
3599,train
35298,train
9071,train
60599,train
61307,train
6959,train
40919,train
9598,train
31200,train
39470,train
3868,train
2670,train
41423,train
9176,train
40162,train
68415,train
15166,train
14317,train
16422,train
18254,train
29427,train
54300,train
14336,train
16804,train
17670,train
64587,train
39072,train
69477,train
46161,train
2029,train
34626,train
31050,train
24183,train
4554,train
69677,train
21497,train
32437,train
17218,train
33803,train
65577,train
62693,train
32955,train
62777,train
51534,train
43978,train
41411,train
32163,train
23370,train
64098,train
62613,train
3274,train
41420,train
24133,train
45639,train
22473,train
19060,train
33404,train
40222,train
10593,train
29555,train
61664,train
12491,train
60994,train
57839,train
10278,train
33593,train
17870,train
23157,train
28461,train
26623,train
45472,train
15497,train
43482,train
20880,train
7708,train
28625,train
69265,train
69093,train
23942,train
51178,train
7627,train
57670,train
50451,train
5836,train
61374,train
43495,train
43039,train
28012,train
48453,train
18729,train
7210,train
39099,train
60231,train
38917,train
19065,train
54417,train
62084,train
63299,train
29592,train
63400,train
68560,train
57569,train
52969,train
44639,train
68229,train
41623,train
3526,train
25192,train
51781,train
18755,train
36577,train
19354,train
28389,train
57363,train
36892,train
41236,train
2132,train
2970,train
67814,train
43856,train
24148,train
39990,train
63223,train
56143,train
8090,train
7419,train
4109,train
26066,train
36787,train
36732,train
67538,train
29205,train
5344,train
336,train
64132,train
2467,train
64682,train
47061,train
508,train
17998,train
39497,train
22191,train
47796,train
32364,train
18576,train
64315,train
31956,train
63006,train
32678,train
7106,train
1571,train
48086,train
36913,train
22602,train
61952,train
55928,train
53451,train
54628,train
5244,train
54241,train
61039,train
53364,train
30612,train
7864,train
2263,train
39211,train
17132,train
54552,train
29005,train
39395,train
57126,train
12637,train
59314,train
11908,train
57647,train
6163,train
36871,train
67981,train
19040,train
25376,train
62681,train
32973,train
62064,train
7011,train
30734,train
31591,train
17707,train
49051,train
49406,train
25969,train
14260,train
56549,train
18006,train
5174,train
67828,train
14467,train
22775,train
2235,train
1727,train
13588,train
30018,train
20754,train
3974,train
44158,train
35004,train
3907,train
33621,train
9822,train
7913,train
54336,train
36345,train
34639,train
55092,train
11398,train
34035,train
28962,train
15914,train
52248,train
65351,train
36379,train
6058,train
19346,train
17607,train
4619,train
32945,train
821,train
9635,train
24959,train
7939,train
42592,train
8290,train
62027,train
43278,train
47567,train
26601,train
13094,train
25570,train
14861,train
67412,train
55316,train
23012,train
31944,train
41569,train
45623,train
53641,train
38359,train
68811,train
31070,train
58915,train
55473,train
41993,train
28447,train
53155,train
21731,train
62085,train
50901,train
27603,train
23546,train
53304,train
43940,train
44094,train
29884,train
53341,train
12342,train
16389,train
64629,train
47974,train
70140,train
25250,train
52043,train
69963,train
46498,train
51697,train
69150,train
3004,train
64423,train
11779,train
54576,train
9843,train
51351,train
4899,train
54226,train
4095,train
16828,train
24731,train
42954,train
44292,train
5805,train
53416,train
51802,train
63944,train
52048,train
31060,train
41807,train
7677,train
26473,train
5640,train
69184,train
8255,train
64727,train
4500,train
49831,train
42866,train
58041,train
31026,train
64745,train
17440,train
6361,train
23555,train
1324,train
38486,train
25744,train
14326,train
824,train
41979,train
48642,train
26836,train
49350,train
4769,train
9627,train
46455,train
39821,train
21247,train
22386,train
36003,train
62286,train
53143,train
62344,train
39795,train
29222,train
6160,train
34208,train
20842,train
3370,train
66539,train
64201,train
3178,train
5722,train
49244,train
57564,train
27865,train
1622,train
49003,train
2115,train
16360,train
40931,train
65116,train
19793,train
25707,train
69548,train
30189,train
23978,train
728,train
54869,train
31691,train
36255,train
66299,train
23871,train
25,train
50012,train
43932,train
66937,train
25233,train
39714,train
23828,train
57293,train
14483,train
58536,train
30729,train
69385,train
31423,train
24877,train
36601,train
42816,train
39602,train
48520,train
34475,train
65150,train
16300,train
50359,train
61261,train
6720,train
2395,train
12807,train
26671,train
67238,train
4827,train
9225,train
36024,train
30091,train
23960,train
51808,train
42890,train
23211,train
41136,train
49683,train
20623,train
38019,train
226,train
35587,train
8081,train
43943,train
49907,train
67909,train
18951,train
6741,train
13577,train
63410,train
33646,train
53035,train
51932,train
58848,train
66532,train
69928,train
11745,train
53666,train
2497,train
30528,train
48058,train
67695,train
56121,train
50822,train
3114,train
70210,train
29536,train
55237,train
39023,train
920,train
67111,train
63446,train
25939,train
61657,train
65997,train
65582,train
24852,train
25860,train
14422,train
38936,train
3181,train
3060,train
12939,train
41982,train
70046,train
59023,train
18896,train
1525,train
18986,train
55040,train
25082,train
32703,train
29438,train
58860,train
9300,train
50895,train
33008,train
34064,train
6662,train
11953,train
19446,train
56906,train
35449,train
15596,train
23469,train
45796,train
16670,train
9973,train
66174,train
48316,train
36949,train
23691,train
11042,train
1798,train
11191,train
45381,train
68804,train
17292,train
39429,train
32092,train
60976,train
2403,train
68648,train
23651,train
67080,train
8552,train
36336,train
36590,train
47989,train
36256,train
62828,train
32782,train
27050,train
20511,train
50513,train
69873,train
28579,train
35838,train
15182,train
26106,train
25019,train
63539,train
23197,train
28749,train
32823,train
4189,train
7506,train
49289,train
33409,train
30573,train
12214,train
55497,train
44024,train
50627,train
42032,train
56330,train
33187,train
55479,train
35495,train
40195,train
23043,train
56370,train
18525,train
58410,train
42239,train
70131,train
5495,train
4738,train
28056,train
53844,train
60168,train
62158,train
64095,train
52045,train
59343,train
29366,train
7022,train
8939,train
60964,train
11045,train
68434,train
27233,train
35723,train
3536,train
13067,train
65257,train
33407,train
49678,train
5617,train
61588,train
32786,train
37484,train
370,train
42949,train
17945,train
44134,train
49784,train
29088,train
14063,train
45534,train
42641,train
14285,train
15594,train
33294,train
17424,train
54954,train
42472,train
54597,train
52090,train
42173,train
56585,train
47762,train
9915,train
2940,train
14470,train
32306,train
35666,train
66647,train
3884,train
37344,train
18987,train
9191,train
12632,train
30819,train
38922,train
25278,train
2450,train
21707,train
24658,train
64487,train
68011,train
3192,train
55771,train
65924,train
43079,train
20535,train
53527,train
8612,train
38827,train
46676,train
29967,train
55682,train
58759,train
40851,train
8002,train
47093,train
66641,train
45907,train
27059,train
39755,train
28870,train
46488,train
62385,train
36492,train
63424,train
755,train
40417,train
15422,train
70617,train
25363,train
14950,train
8483,train
58635,train
37089,train
66858,train
55687,train
1892,train
41528,train
66110,train
38717,train
34139,train
33996,train
39518,train
30072,train
3648,train
35536,train
35080,train
39131,train
45436,train
47615,train
6773,train
13571,train
52999,train
10809,train
3592,train
67844,train
51906,train
10124,train
15417,train
46050,train
62055,train
63655,train
69987,train
33725,train
40900,train
23839,train
40836,train
7547,train
52835,train
44479,train
63528,train
48519,train
56665,train
61225,train
63992,train
59880,train
68847,train
67498,train
63240,train
46714,train
40265,train
27837,train
19712,train
19765,train
16306,train
39100,train
43133,train
60467,train
20630,train
10234,train
8213,train
64935,train
49511,train
55349,train
13589,train
42528,train
50546,train
915,train
42299,train
26469,train
7324,train
55194,train
47414,train
10452,train
24435,train
20412,train
12904,train
41766,train
23010,train
36235,train
58260,train
59469,train
59475,train
32831,train
23356,train
17614,train
65454,train
51899,train
25675,train
32257,train
28558,train
46397,train
44933,train
19453,train
60936,train
7665,train
58316,train
59226,train
33889,train
32104,train
49436,train
27351,train
68370,train
12249,train
21189,train
27871,train
22905,train
61206,train
12228,train
34219,train
56126,train
5497,train
14304,train
53225,train
47585,train
68986,train
16210,train
69055,train
50915,train
65045,train
58443,train
9153,train
5235,train
58503,train
46891,train
65942,train
10906,train
4860,train
66544,train
59956,train
19968,train
40281,train
20310,train
46421,train
61678,train
7751,train
55794,train
40846,train
29400,train
24965,train
54702,train
62781,train
55441,train
3865,train
44453,train
67854,train
65372,train
60054,train
9519,train
46306,train
60032,train
57769,train
8628,train
10470,train
28531,train
7781,train
69579,train
6180,train
32766,train
13751,train
28926,train
36961,train
64700,train
49829,train
13296,train
14258,train
10368,train
10551,train
20269,train
16058,train
51976,train
66793,train
29070,train
15409,train
17142,train
32779,train
67487,train
67881,train
776,train
66200,train
17316,train
13408,train
30579,train
16875,train
62225,train
11581,train
59141,train
54464,train
44212,train
39203,train
25987,train
65139,train
65316,train
11575,train
44519,train
58185,train
68898,train
16312,train
21656,train
12188,train
3826,train
62062,train
20040,train
48226,train
32758,train
56386,train
135,train
9723,train
11135,train
59772,train
32921,train
50937,train
37471,train
2220,train
44995,train
60055,train
9706,train
30288,train
64221,train
27679,train
44142,train
56196,train
25443,train
6733,train
61475,train
695,train
34628,train
52820,train
61335,train
61129,train
25267,train
60466,train
49595,train
32061,train
19643,train
7561,train
12464,train
44096,train
65969,train
32242,train
24543,train
49967,train
25371,train
55719,train
14872,train
37802,train
24327,train
47013,train
14651,train
42211,train
28841,train
47876,train
26501,train
10690,train
62543,train
17664,train
21194,train
48315,train
3741,train
13482,train
57583,train
44350,train
64058,train
66158,train
15654,train
1039,train
10081,train
53446,train
49072,train
17026,train
8529,train
65339,train
47657,train
8100,train
47210,train
47662,train
20504,train
38432,train
48273,train
15031,train
56858,train
19240,train
3180,train
43857,train
37997,train
55835,train
61089,train
52065,train
54263,train
7281,train
25894,train
39145,train
57643,train
60891,train
57697,train
57295,train
1772,train
121,train
3183,train
42099,train
62096,train
33875,train
33430,train
5583,train
1369,train
21049,train
28761,train
38653,train
39568,train
11219,train
15560,train
52987,train
33522,train
48874,train
34079,train
20616,train
3495,train
61304,train
61503,train
65075,train
68253,train
848,train
61608,train
17952,train
20530,train
2867,train
43748,train
3625,train
34962,train
32200,train
53669,train
51085,train
66762,train
68459,train
12121,train
20377,train
60577,train
14685,train
59394,train
57372,train
27075,train
32980,train
63264,train
26879,train
42406,train
56764,train
59584,train
30286,train
32881,train
65320,train
26435,train
21633,train
4276,train
65539,train
1227,train
17094,train
44878,train
42798,train
57227,train
63964,train
70380,train
34713,train
68093,train
3257,train
62989,train
32438,train
56710,train
42014,train
39629,train
15714,train
18516,train
24214,train
42549,train
14540,train
37812,train
54605,train
36052,train
20402,train
25873,train
65779,train
1461,train
10911,train
35621,train
29645,train
7453,train
36764,train
57484,train
55666,train
53174,train
53600,train
2186,train
36314,train
42706,train
25000,train
28438,train
16979,train
19115,train
13309,train
69904,train
19096,train
32075,train
69929,train
29685,train
66822,train
69999,train
34166,train
6656,train
65784,train
3309,train
66076,train
33478,train
35199,train
56257,train
44853,train
68990,train
3742,train
30726,train
54490,train
2362,train
41309,train
12011,train
48544,train
27850,train
10779,train
55035,train
14824,train
52822,train
35335,train
53980,train
48291,train
57353,train
65950,train
70414,train
35745,train
46985,train
63618,train
29247,train
238,train
255,train
52479,train
34338,train
19836,train
18749,train
3970,train
12443,train
35105,train
2652,train
26751,train
42286,train
10343,train
56546,train
12137,train
12164,train
65688,train
38624,train
7875,train
1982,train
7790,train
46981,train
42318,train
26597,train
6411,train
10473,train
40769,train
8719,train
59197,train
4129,train
17271,train
44333,train
11203,train
69700,train
19734,train
31926,train
2625,train
28153,train
37746,train
55989,train
57866,train
7474,train
22177,train
27812,train
36594,train
52897,train
16034,train
35528,train
20099,train
61900,train
50190,train
33825,train
68910,train
1478,train
63791,train
13255,train
51695,train
67350,train
36000,train
7031,train
42255,train
37881,train
35514,train
22329,train
9511,train
28490,train
68844,train
39046,train
3948,train
41345,train
49326,train
53503,train
49885,train
15750,train
69468,train
110,train
17873,train
43733,train
57182,train
58650,train
12420,train
18517,train
430,train
58713,train
39028,train
24720,train
3670,train
6734,train
68743,train
69729,train
9173,train
44830,train
58093,train
33074,train
54456,train
55689,train
36531,train
50485,train
36959,train
25517,train
23607,train
27189,train
24966,train
46947,train
67858,train
66038,train
59145,train
44085,train
69,train
6170,train
9865,train
9917,train
4209,train
24433,train
35181,train
41263,train
18735,train
35585,train
65653,train
15518,train
23553,train
27486,train
61685,train
60673,train
12373,train
45670,train
38549,train
58663,train
63321,train
68048,train
23154,train
36965,train
18248,train
52604,train
22515,train
20350,train
66048,train
29160,train
35856,train
6272,train
23650,train
43264,train
34056,train
1528,train
33418,train
63329,train
3731,train
33829,train
5081,train
49257,train
68731,train
67441,train
8892,train
27409,train
35934,train
38201,train
9108,train
47184,train
56012,train
6293,train
26658,train
9324,train
41544,train
28284,train
33993,train
42115,train
58159,train
39035,train
11611,train
69542,train
25826,train
58763,train
61371,train
36410,train
17882,train
10253,train
56766,train
52853,train
46720,train
23547,train
29988,train
694,train
2286,train
4958,train
44998,train
21211,train
881,train
41281,train
50225,train
2749,train
61600,train
15719,train
56926,train
58285,train
4830,train
60480,train
69546,train
37269,train
27598,train
45490,train
55173,train
70157,train
61313,train
63047,train
49715,train
49,train
54494,train
43792,train
170,train
300,train
59960,train
29588,train
48954,train
28245,train
39409,train
60469,train
65039,train
18392,train
26301,train
4771,train
56429,train
67520,train
37443,train
25832,train
25168,train
3286,train
20091,train
24337,train
44463,train
13897,train
61977,train
44365,train
34167,train
32422,train
13275,train
35773,train
12706,train
13118,train
31945,train
8772,train
56640,train
50438,train
14421,train
68311,train
64686,train
31969,train
57567,train
46834,train
34992,train
30240,train
60263,train
32168,train
31359,train
43305,train
13941,train
48151,train
55322,train
58487,train
49405,train
69196,train
3604,train
25787,train
4096,train
34360,train
69576,train
12329,train
30378,train
68553,train
31309,train
2773,train
43935,train
43343,train
1703,train
46823,train
58697,train
10610,train
43137,train
61934,train
10088,train
40316,train
68508,train
32830,train
46049,train
49931,train
31756,train
47691,train
55532,train
67034,train
6581,train
13836,train
7294,train
40018,train
44733,train
8866,train
61615,train
57931,train
32983,train
58620,train
57659,train
34014,train
20498,train
21319,train
56518,train
25383,train
6106,train
14978,train
29189,train
40552,train
18003,train
18781,train
61775,train
17699,train
69050,train
66906,train
60521,train
30306,train
24688,train
51754,train
60929,train
33531,train
32840,train
10517,train
12406,train
20662,train
12910,train
53440,train
56723,train
43221,train
16486,train
27395,train
29596,train
56001,train
20839,train
13333,train
33086,train
26872,train
1468,train
28441,train
24662,train
40929,train
8058,train
38574,train
2607,train
62731,train
56797,train
50942,train
49654,train
8289,train
69670,train
30848,train
40269,train
65328,train
35920,train
32476,train
43926,train
64225,train
19434,train
51724,train
5875,train
41224,train
63934,train
36777,train
63367,train
2144,train
26863,train
11644,train
34315,train
20012,train
22588,train
24867,train
1005,train
8319,train
51975,train
60153,train
66106,train
22188,train
34160,train
38155,train
44452,train
63803,train
35375,train
37575,train
42422,train
42956,train
10975,train
69659,train
13627,train
3501,train
25547,train
51959,train
25838,train
41622,train
1151,train
19235,train
20766,train
68443,train
51290,train
60534,train
53594,train
70502,train
43390,train
64809,train
34946,train
12136,train
26695,train
20001,train
49191,train
4050,train
54658,train
40260,train
32680,train
66599,train
62583,train
31639,train
63093,train
3903,train
27893,train
5700,train
2448,train
18147,train
47348,train
9826,train
45253,train
40003,train
57873,train
12663,train
24155,train
50344,train
20333,train
27169,train
56068,train
19868,train
49508,train
42601,train
47005,train
14693,train
60605,train
59155,train
43356,train
13148,train
52817,train
54345,train
2601,train
68589,train
89,train
39500,train
41869,train
42219,train
40117,train
70231,train
61990,train
61255,train
55396,train
25942,train
5327,train
56128,train
7147,train
37451,train
46826,train
11919,train
6795,train
32021,train
7355,train
14068,train
68444,train
17205,train
21544,train
8097,train
35429,train
62857,train
42237,train
19728,train
3934,train
9486,train
66361,train
15412,train
4872,train
58478,train
68338,train
64318,train
48805,train
55862,train
65738,train
62780,train
24331,train
47373,train
27264,train
57041,train
7464,train
70434,train
12269,train
5894,train
59151,train
53056,train
47309,train
45836,train
61016,train
16294,train
1680,train
31194,train
1751,train
54344,train
16667,train
56996,train
38362,train
51103,train
54845,train
61773,train
67189,train
22346,train
47868,train
53455,train
62522,train
18975,train
47764,train
15629,train
38965,train
31596,train
30474,train
59249,train
2515,train
3194,train
26141,train
48448,train
60043,train
66270,train
8198,train
21997,train
24066,train
56680,train
36087,train
47340,train
8055,train
42301,train
58472,train
62632,train
51711,train
52944,train
18196,train
64146,train
27955,train
4733,train
22008,train
23461,train
4629,train
15565,train
48109,train
50509,train
41256,train
14284,train
48770,train
12411,train
48667,train
24824,train
687,train
51157,train
26410,train
27982,train
3124,train
39238,train
40773,train
19860,train
66587,train
47705,train
20536,train
61370,train
19676,train
29877,train
48268,train
29051,train
62644,train
35771,train
11981,train
32420,train
38272,train
36627,train
33364,train
65164,train
57832,train
69420,train
10841,train
3375,train
67094,train
47975,train
57471,train
17953,train
1367,train
10679,train
66456,train
10689,train
64573,train
69333,train
37325,train
58396,train
12633,train
18328,train
53800,train
17219,train
45544,train
38855,train
45874,train
41475,train
55524,train
53342,train
42519,train
35669,train
59898,train
4776,train
49580,train
42624,train
5126,train
37567,train
28630,train
17712,train
40721,train
52063,train
55553,train
40699,train
47760,train
2638,train
42441,train
48438,train
2007,train
4307,train
67807,train
54087,train
31724,train
9777,train
50458,train
45396,train
12376,train
23678,train
30157,train
14488,train
58119,train
64341,train
13307,train
68609,train
15028,train
14694,train
56661,train
6850,train
19722,train
55009,train
22704,train
16857,train
64507,train
34700,train
7383,train
45776,train
40508,train
48278,train
46215,train
23351,train
28359,train
43900,train
46686,train
29870,train
13004,train
57099,train
59196,train
25333,train
27019,train
51971,train
32603,train
19396,train
59945,train
51480,train
47243,train
22695,train
863,train
53883,train
44982,train
59591,train
13308,train
51891,train
5551,train
10436,train
40144,train
37494,train
1592,train
8409,train
43588,train
1161,train
44768,train
19906,train
53994,train
66589,train
38295,train
39501,train
57831,train
27349,train
34073,train
1673,train
51198,train
54216,train
51722,train
45877,train
32110,train
2303,train
12559,train
10192,train
25304,train
443,train
19287,train
1288,train
50522,train
13105,train
64569,train
55034,train
16969,train
9096,train
14933,train
41643,train
10416,train
154,train
45335,train
53968,train
69487,train
28738,train
25048,train
60661,train
31588,train
62567,train
24304,train
16903,train
51795,train
14928,train
66548,train
35790,train
65808,train
3490,train
19993,train
56226,train
7640,train
26593,train
52148,train
37849,train
4894,train
52535,train
7682,train
68627,train
39840,train
54624,train
3581,train
32224,train
68903,train
21178,train
23115,train
59503,train
19469,train
70619,train
2604,train
12363,train
30918,train
48464,train
65687,train
813,train
4521,train
59164,train
68114,train
17855,train
69658,train
46201,train
27328,train
57790,train
17618,train
69470,train
46950,train
31316,train
44114,train
42428,train
50566,train
47867,train
4942,train
60423,train
5309,train
54789,train
11558,train
80,train
31523,train
11058,train
6140,train
34526,train
64043,train
20625,train
48397,train
4664,train
18513,train
59163,train
38934,train
23340,train
18329,train
23739,train
3010,train
65050,train
39015,train
39679,train
13946,train
68125,train
65356,train
34147,train
36143,train
38843,train
26049,train
10305,train
559,train
64010,train
34763,train
9526,train
4978,train
32845,train
31529,train
29542,train
22439,train
24640,train
24289,train
5954,train
13262,train
63651,train
26001,train
56692,train
41777,train
38762,train
22207,train
47961,train
12485,train
35015,train
53003,train
69404,train
34117,train
69344,train
16345,train
2980,train
19064,train
36555,train
25938,train
19162,train
22151,train
24143,train
8330,train
16038,train
56436,train
5747,train
22780,train
9608,train
19044,train
834,train
26617,train
16774,train
25898,train
18970,train
10086,train
44688,train
11030,train
60003,train
25850,train
68949,train
56158,train
65874,train
69115,train
38188,train
65425,train
36619,train
57775,train
70530,train
55662,train
66909,train
59077,train
18954,train
49220,train
16226,train
50555,train
46142,train
24929,train
48831,train
62920,train
64011,train
65917,train
15867,train
7128,train
33877,train
65443,train
53424,train
35156,train
49390,train
49667,train
53714,train
29197,train
21392,train
57594,train
54804,train
31737,train
29435,train
45756,train
10207,train
4581,train
28753,train
27385,train
63375,train
23498,train
56211,train
28103,train
42117,train
810,train
16676,train
33932,train
43500,train
15066,train
50312,train
39012,train
13576,train
42350,train
66044,train
28983,train
10491,train
66362,train
11565,train
58712,train
62766,train
67842,train
12584,train
53886,train
7485,train
58688,train
9545,train
3963,train
44124,train
38712,train
64660,train
56989,train
38042,train
62174,train
10422,train
32434,train
31878,train
51135,train
66890,train
14508,train
61516,train
41283,train
28663,train
20685,train
17783,train
34658,train
47295,train
67434,train
22802,train
26323,train
5189,train
44112,train
35526,train
27311,train
64358,train
36662,train
5229,train
19955,train
64164,train
12980,train
27320,train
18958,train
22964,train
79,train
50066,train
54671,train
55134,train
29843,train
19087,train
10993,train
36471,train
29096,train
17085,train
10107,train
58321,train
38531,train
27280,train
11434,train
911,train
16640,train
29700,train
65226,train
26903,train
43595,train
23719,train
59766,train
50808,train
44928,train
6814,train
2589,train
29290,train
54937,train
52931,train
43527,train
38394,train
40831,train
67774,train
7903,train
29207,train
51109,train
41811,train
29564,train
29104,train
52405,train
62294,train
61013,train
54371,train
15738,train
57217,train
55404,train
65497,train
28426,train
3538,train
52607,train
6409,train
27512,train
6617,train
27743,train
18683,train
66139,train
5011,train
32754,train
25241,train
67877,train
2824,train
68568,train
68850,train
48379,train
41274,train
28463,train
23381,train
29381,train
4920,train
70229,train
13506,train
52590,train
57344,train
35065,train
25272,train
21388,train
13402,train
59570,train
52308,train
7712,train
48688,train
11733,train
26012,train
40909,train
53383,train
6728,train
7585,train
61179,train
58681,train
68493,train
30305,train
28187,train
8697,train
67697,train
38729,train
28545,train
26255,train
61635,train
36566,train
17890,train
17015,train
5198,train
67548,train
26996,train
31966,train
30347,train
20731,train
25924,train
33068,train
38506,train
27266,train
63604,train
69721,train
23848,train
36204,train
69299,train
57990,train
69808,train
23763,train
46155,train
50243,train
5509,train
15966,train
36493,train
23150,train
44607,train
301,train
13715,train
66411,train
21120,train
50768,train
44262,train
32997,train
31178,train
61868,train
67354,train
43204,train
65097,train
50102,train
44498,train
53288,train
35933,train
24063,train
66049,train
64991,train
47442,train
40356,train
26826,train
6622,train
1258,train
6379,train
2259,train
55164,train
30772,train
33545,train
48589,train
14602,train
28618,train
37027,train
51352,train
39437,train
62870,train
22896,train
2257,train
5885,train
53185,train
1149,train
66829,train
43503,train
11917,train
21141,train
28063,train
4387,train
68878,train
13290,train
15910,train
40358,train
13425,train
62537,train
65472,train
62291,train
32582,train
10053,train
33071,train
5274,train
44326,train
13055,train
1311,train
27097,train
39383,train
20173,train
45878,train
60004,train
7288,train
5740,train
2995,train
26674,train
19858,train
6610,train
17590,train
63802,train
33683,train
4105,train
54868,train
32609,train
10636,train
29595,train
18876,train
1723,train
39198,train
25935,train
54426,train
23533,train
43600,train
51687,train
35205,train
47558,train
39009,train
66520,train
10156,train
18110,train
27064,train
67519,train
29900,train
4813,train
67024,train
13533,train
27070,train
67590,train
25727,train
51231,train
67946,train
21518,train
60806,train
25307,train
10391,train
30745,train
61410,train
37583,train
13029,train
37918,train
69981,train
35356,train
63644,train
36908,train
26535,train
17827,train
34519,train
28214,train
4327,train
48703,train
56025,train
61749,train
14382,train
53488,train
30673,train
46608,train
14327,train
45131,train
37244,train
2796,train
31525,train
22972,train
57443,train
3187,train
58565,train
14989,train
57168,train
58989,train
21623,train
54201,train
9158,train
2765,train
8682,train
63111,train
47183,train
19417,train
11653,train
17846,train
65579,train
35836,train
13349,train
68519,train
11141,train
13995,train
63898,train
32868,train
63865,train
49727,train
28353,train
49103,train
66670,train
27972,train
1114,train
64741,train
18994,train
22243,train
25062,train
68966,train
52903,train
61200,train
50604,train
29522,train
13241,train
23788,train
54585,train
66077,train
21703,train
17763,train
26848,train
25377,train
3804,train
13966,train
12090,train
2686,train
13199,train
55111,train
53724,train
24029,train
37705,train
15562,train
16613,train
43245,train
66269,train
67038,train
50021,train
50770,train
50967,train
61894,train
10899,train
13961,train
3,train
27160,train
50944,train
14296,train
45972,train
38763,train
60617,train
30925,train
45558,train
69734,train
17457,train
54682,train
57319,train
61060,train
69175,train
17902,train
38590,train
43272,train
57857,train
46134,train
60633,train
61902,train
46368,train
60787,train
41060,train
9015,train
54782,train
2452,train
1006,train
21675,train
5493,train
47604,train
36259,train
56081,train
14441,train
9769,train
34731,train
22041,train
54462,train
22856,train
15786,train
56774,train
45072,train
12234,train
15642,train
64839,train
13320,train
39014,train
37458,train
42181,train
7713,train
37766,train
19980,train
18064,train
67013,train
23123,train
53306,train
52737,train
49447,train
45893,train
19224,train
22141,train
22488,train
62995,train
68817,train
10277,train
59598,train
62106,train
61481,train
40833,train
13224,train
50434,train
54101,train
20776,train
65696,train
58387,train
31938,train
36179,train
7616,train
41877,train
8274,train
3862,train
55181,train
63493,train
52473,train
53375,train
1647,train
50868,train
23935,train
26612,train
65526,train
3293,train
51978,train
23309,train
31601,train
41022,train
2662,train
12720,train
37791,train
51744,train
40584,train
53660,train
46323,train
16767,train
12582,train
17039,train
38901,train
32320,train
18381,train
40320,train
21360,train
59445,train
42828,train
48534,train
65371,train
39554,train
16404,train
61668,train
45295,train
65251,train
4367,train
42661,train
70012,train
23004,train
24835,train
36767,train
17616,train
8088,train
9672,train
20654,train
4014,train
66309,train
63425,train
22621,train
24649,train
39045,train
50505,train
10229,train
32456,train
2187,train
29084,train
29792,train
22140,train
14183,train
69238,train
25422,train
46822,train
65140,train
29058,train
27809,train
34850,train
22839,train
32037,train
8775,train
14463,train
23501,train
47534,train
17885,train
52699,train
14675,train
19029,train
57040,train
14074,train
64377,train
35894,train
7005,train
3399,train
8283,train
14262,train
56545,train
43486,train
57466,train
31081,train
50418,train
57050,train
57015,train
64323,train
38193,train
47787,train
19742,train
54250,train
63472,train
50200,train
28925,train
15888,train
48782,train
44009,train
52247,train
18272,train
32953,train
10909,train
58945,train
17025,train
62002,train
10683,train
60758,train
38738,train
19762,train
62470,train
65833,train
36473,train
66315,train
19900,train
9060,train
47564,train
54769,train
6794,train
14444,train
51478,train
1180,train
1488,train
26491,train
69158,train
30771,train
42681,train
59871,train
2870,train
42513,train
46165,train
4602,train
63584,train
61697,train
7399,train
50120,train
56900,train
54737,train
30159,train
18384,train
21061,train
14022,train
64572,train
25867,train
22740,train
35527,train
54399,train
57049,train
46468,train
18526,train
40803,train
38503,train
35204,train
50852,train
48761,train
10712,train
28044,train
43596,train
38647,train
365,train
37245,train
45792,train
35069,train
14340,train
6583,train
54558,train
33264,train
29377,train
49262,train
47933,train
34243,train
40200,train
24075,train
28934,train
2641,train
41526,train
44987,train
21872,train
62590,train
60781,train
49312,train
56855,train
9552,train
22429,train
34317,train
60920,train
13182,train
42091,train
70055,train
29019,train
43928,train
64712,train
23886,train
52398,train
37035,train
18053,train
68109,train
14027,train
12448,train
69191,train
21881,train
38510,train
50060,train
13353,train
24863,train
13467,train
28813,train
4593,train
37968,train
49263,train
52264,train
66432,train
7012,train
16023,train
48451,train
19649,train
68784,train
40615,train
64632,train
65892,train
39424,train
22355,train
23027,train
12460,train
23894,train
574,train
25737,train
9372,train
46565,train
69244,train
37287,train
31117,train
20822,train
32693,train
4326,train
6926,train
51208,train
5890,train
23222,train
1403,train
31003,train
17691,train
62773,train
42508,train
29970,train
17833,train
19794,train
29668,train
42996,train
63983,train
40232,train
45951,train
6995,train
22264,train
44504,train
13570,train
54403,train
9963,train
22419,train
50227,train
34848,train
37064,train
41716,train
15723,train
64071,train
22958,train
11193,train
12493,train
69125,train
39882,train
6245,train
22923,train
70302,train
30231,train
26655,train
37410,train
63864,train
36683,train
66293,train
32838,train
9211,train
46440,train
11159,train
18854,train
56607,train
7850,train
35966,train
2592,train
44105,train
18613,train
43281,train
55508,train
61791,train
4833,train
21937,train
37276,train
18945,train
64052,train
28459,train
45151,train
67364,train
3552,train
9406,train
38870,train
19864,train
8740,train
40407,train
42802,train
23285,train
21831,train
33426,train
51794,train
68014,train
51324,train
15721,train
47313,train
43194,train
40397,train
70268,train
31629,train
27282,train
26613,train
59608,train
35475,train
62152,train
63958,train
671,train
28778,train
67606,train
43203,train
58070,train
42696,train
65002,train
19158,train
34952,train
70084,train
13287,train
56840,train
30941,train
5919,train
39906,train
44303,train
25854,train
26423,train
20251,train
30641,train
30452,train
67466,train
55445,train
52055,train
67725,train
52184,train
59207,train
36094,train
2734,train
57788,train
43333,train
17629,train
18492,train
48625,train
60542,train
10910,train
65342,train
46760,train
34122,train
41114,train
59216,train
35521,train
21877,train
5187,train
11411,train
19711,train
34927,train
49095,train
56745,train
21891,train
19634,train
24792,train
29048,train
60204,train
58304,train
35112,train
12515,train
22462,train
64243,train
62930,train
18869,train
3614,train
57514,train
59658,train
47788,train
9345,train
58521,train
43825,train
1515,train
60790,train
3994,train
44489,train
4613,train
35235,train
50315,train
12605,train
1951,train
31096,train
977,train
55042,train
66627,train
60746,train
24453,train
48748,train
11036,train
34375,train
34433,train
25943,train
31768,train
64013,train
32249,train
26669,train
4792,train
50196,train
2523,train
35446,train
45994,train
13804,train
57965,train
19951,train
8541,train
30401,train
19377,train
41831,train
26446,train
33059,train
26904,train
35459,train
15932,train
57780,train
48645,train
24078,train
17858,train
68581,train
1502,train
344,train
53505,train
44698,train
50758,train
683,train
2892,train
60500,train
52855,train
1376,train
58135,train
39224,train
29714,train
2061,train
48442,train
10254,train
51689,train
9538,train
53403,train
42222,train
66490,train
4821,train
59472,train
15230,train
1512,train
22719,train
45804,train
19198,train
50230,train
66601,train
43179,train
24007,train
35921,train
56558,train
68681,train
65273,train
70007,train
23483,train
19337,train
10398,train
51564,train
24046,train
50427,train
39632,train
40093,train
17776,train
14223,train
45631,train
39416,train
55741,train
32483,train
38433,train
46445,train
70276,train
258,train
57550,train
62358,train
40690,train
17993,train
14452,train
2693,train
43550,train
34983,train
57795,train
61301,train
62683,train
49412,train
17872,train
5301,train
32734,train
23515,train
24917,train
45337,train
49495,train
19056,train
9367,train
32773,train
22042,train
64369,train
2966,train
9705,train
19496,train
57549,train
60115,train
10434,train
15552,train
66923,train
32451,train
33949,train
9520,train
69680,train
19025,train
53397,train
43214,train
23148,train
6304,train
30578,train
27546,train
53812,train
43921,train
4329,train
42963,train
29906,train
56749,train
22163,train
29405,train
40248,train
26894,train
65818,train
68409,train
7865,train
18421,train
36563,train
13083,train
15571,train
21269,train
53348,train
32330,train
41311,train
19071,train
66946,train
10478,train
13449,train
46998,train
2586,train
28090,train
33481,train
38887,train
64525,train
44181,train
61891,train
2071,train
39244,train
7209,train
23793,train
14683,train
57075,train
53481,train
8045,train
39936,train
19436,train
57167,train
9316,train
10595,train
27750,train
63323,train
4952,train
4973,train
65519,train
42670,train
23169,train
6149,train
61589,train
69921,train
60970,train
58337,train
9911,train
3132,train
45143,train
69544,train
46402,train
14407,train
39021,train
63377,train
5543,train
67752,train
24456,train
41242,train
21408,train
673,train
39537,train
69137,train
4834,train
37288,train
15357,train
54801,train
5538,train
13450,train
2841,train
68828,train
64439,train
56818,train
59878,train
42012,train
56972,train
62236,train
17152,train
14791,train
14561,train
60701,train
9930,train
356,train
64280,train
15429,train
69957,train
58693,train
12074,train
63039,train
50764,train
49555,train
11441,train
16793,train
23715,train
29706,train
55412,train
9655,train
35942,train
69400,train
26558,train
63333,train
19257,train
36507,train
67666,train
41893,train
15473,train
14103,train
31426,train
1123,train
54949,train
38785,train
40427,train
49181,train
51731,train
22074,train
4646,train
50033,train
4921,train
18189,train
19740,train
24151,train
69179,train
67901,train
28902,train
57856,train
3951,train
42690,train
9529,train
70219,train
53036,train
69886,train
42504,train
58642,train
34551,train
53988,train
69111,train
35540,train
28281,train
23182,train
52003,train
4684,train
19923,train
8207,train
18886,train
30433,train
30965,train
1073,train
46848,train
8607,train
44911,train
38773,train
17738,train
38420,train
49460,train
58221,train
18860,train
59765,train
37509,train
49122,train
56782,train
69279,train
34225,train
10155,train
52791,train
40113,train
25527,train
61918,train
66163,train
49208,train
59625,train
13716,train
35381,train
35252,train
46515,train
33698,train
65700,train
66150,train
58896,train
13644,train
61367,train
32669,train
15177,train
30895,train
35927,train
850,train
53656,train
3636,train
60189,train
851,train
16709,train
34020,train
33507,train
29897,train
19360,train
50023,train
52230,train
25461,train
24924,train
26185,train
15567,train
1615,train
46829,train
44794,train
62071,train
54746,train
1583,train
44358,train
7048,train
5175,train
2832,train
45378,train
21565,train
35410,train
64312,train
45770,train
47704,train
46514,train
50425,train
51250,train
62285,train
46609,train
44121,train
4283,train
33551,train
43979,train
40007,train
66735,train
69042,train
2094,train
3396,train
10695,train
55651,train
32728,train
58649,train
3783,train
61721,train
70080,train
26647,train
31173,train
20263,train
54161,train
44266,train
59640,train
54393,train
54770,train
66192,train
28283,train
14812,train
11949,train
31313,train
15326,train
30814,train
32548,train
53209,train
24670,train
38143,train
49299,train
31799,train
286,train
13689,train
1387,train
19278,train
33757,train
45076,train
67257,train
25042,train
4313,train
68834,train
37719,train
27864,train
669,train
61765,train
30408,train
31122,train
52622,train
45272,train
8735,train
4250,train
17480,train
51326,train
1224,train
13592,train
68340,train
17073,train
39908,train
27459,train
63734,train
4688,train
24378,train
46308,train
43673,train
54692,train
13371,train
63537,train
40164,train
29903,train
5937,train
1560,train
19856,train
11642,train
47029,train
66229,train
47479,train
7058,train
48132,train
19614,train
38654,train
43708,train
48718,train
66399,train
24001,train
13979,train
56803,train
44361,train
61517,train
14821,train
12972,train
27240,train
33278,train
42945,train
28724,train
3976,train
22372,train
47120,train
31597,train
20236,train
6754,train
53408,train
55775,train
43138,train
70330,train
3038,train
52588,train
11474,train
68813,train
65662,train
64238,train
7436,train
23145,train
51596,train
33691,train
65445,train
61443,train
63885,train
61230,train
17831,train
67402,train
55692,train
60552,train
4983,train
11381,train
70599,train
8091,train
35221,train
28472,train
69352,train
60557,train
45633,train
4201,train
33560,train
45842,train
26974,train
37376,train
34701,train
35164,train
39583,train
48588,train
25977,train
29020,train
3778,train
4541,train
9485,train
25557,train
24646,train
64263,train
57765,train
23714,train
23438,train
48706,train
31447,train
28621,train
3100,train
67971,train
1973,train
33245,train
42548,train
6573,train
55872,train
17341,train
29116,train
47686,train
46245,train
14893,train
44404,train
18638,train
58042,train
5864,train
56399,train
50812,train
21977,train
57828,train
36246,train
55443,train
54110,train
51968,train
40298,train
41520,train
12032,train
49545,train
69015,train
46461,train
11295,train
55208,train
4372,train
28611,train
65180,train
50234,train
48637,train
20352,train
7702,train
69560,train
58802,train
59227,train
37190,train
48118,train
56318,train
8578,train
49842,train
57306,train
54013,train
33947,train
57125,train
6090,train
1373,train
25762,train
64018,train
10220,train
55649,train
1997,train
7624,train
12086,train
16863,train
59757,train
52747,train
35393,train
11576,train
43916,train
50618,train
15909,train
51676,train
26234,train
31189,train
42521,train
56629,train
24423,train
51723,train
7649,train
6723,train
63142,train
41125,train
41737,train
59531,train
25753,train
55863,train
27553,train
30868,train
68611,train
13822,train
56440,train
7586,train
49011,train
63820,train
26659,train
63749,train
14252,train
51992,train
52356,train
58422,train
62447,train
52557,train
58728,train
21338,train
16939,train
29371,train
59606,train
27222,train
17630,train
35310,train
48564,train
41721,train
20528,train
45841,train
3130,train
1663,train
58723,train
13434,train
40168,train
31142,train
64087,train
62979,train
53653,train
43393,train
11888,train
6045,train
39828,train
52923,train
34138,train
48672,train
66210,train
21412,train
34667,train
21691,train
38949,train
28747,train
45194,train
794,train
44921,train
13695,train
58484,train
53370,train
36545,train
54021,train
63792,train
23051,train
46919,train
46341,train
22986,train
38462,train
18166,train
33260,train
28476,train
57273,train
45820,train
29450,train
2080,train
48956,train
70221,train
45420,train
14798,train
30924,train
58425,train
54666,train
36544,train
15432,train
12115,train
67426,train
25814,train
10584,train
32769,train
62564,train
46483,train
25722,train
12126,train
67584,train
55480,train
52107,train
43785,train
40016,train
60459,train
24845,train
48084,train
24347,train
13976,train
1526,train
67683,train
9645,train
58153,train
63141,train
12818,train
9985,train
23388,train
3167,train
11220,train
42168,train
66643,train
60352,train
52076,train
61851,train
48275,train
7952,train
18136,train
48616,train
29908,train
9092,train
39132,train
12498,train
36027,train
27891,train
58801,train
11959,train
56715,train
39673,train
41462,train
44863,train
6552,train
65941,train
58941,train
27961,train
41577,train
65173,train
14212,train
50259,train
60636,train
10023,train
54825,train
26562,train
36713,train
39454,train
35500,train
21607,train
34760,train
34595,train
3146,train
62178,train
41251,train
55801,train
53610,train
34175,train
66699,train
18934,train
60205,train
34535,train
20087,train
9999,train
62645,train
15955,train
40570,train
70128,train
56668,train
33771,train
32201,train
24272,train
3063,train
47339,train
18409,train
9575,train
33595,train
19313,train
50506,train
4088,train
18282,train
24117,train
60468,train
9908,train
5591,train
8595,train
1621,train
44748,train
22688,train
43854,train
62204,train
28320,train
17934,train
45996,train
37993,train
1095,train
65525,train
4075,train
47661,train
17680,train
64930,train
61269,train
53601,train
50250,train
38118,train
68997,train
23838,train
68020,train
49450,train
2103,train
29909,train
29241,train
11850,train
64351,train
31461,train
54622,train
53017,train
15483,train
26723,train
42228,train
66739,train
11004,train
36962,train
17429,train
2078,train
18382,train
20959,train
69429,train
28387,train
5411,train
13771,train
34451,train
56999,train
3084,train
45146,train
10939,train
48203,train
20978,train
69699,train
6591,train
45567,train
57864,train
7199,train
11723,train
6724,train
11869,train
68826,train
46042,train
3881,train
35679,train
20888,train
10634,train
4817,train
28014,train
1831,train
31317,train
55389,train
16999,train
23840,train
56064,train
28673,train
17053,train
64790,train
31449,train
50995,train
14804,train
18668,train
11353,train
32760,train
18361,train
20986,train
69844,train
7415,train
37593,train
69528,train
54748,train
45209,train
33293,train
42039,train
31998,train
58592,train
3888,train
10219,train
20210,train
3847,train
57706,train
14962,train
16950,train
66495,train
39379,train
55211,train
27452,train
62435,train
43970,train
54386,train
69083,train
52517,train
12328,train
4398,train
27299,train
67491,train
65921,train
63349,train
68162,train
36516,train
63938,train
44369,train
44008,train
1881,train
57235,train
43097,train
12408,train
54442,train
4487,train
41865,train
24564,train
22468,train
46584,train
15663,train
3452,train
4366,train
60102,train
24375,train
2205,train
33076,train
46003,train
40620,train
69193,train
35085,train
33188,train
10864,train
1200,train
62936,train
21099,train
39060,train
19656,train
6416,train
67329,train
47979,train
29692,train
62615,train
10186,train
58233,train
47872,train
53595,train
18984,train
29584,train
63942,train
18107,train
14004,train
31144,train
68536,train
57341,train
11691,train
10069,train
53936,train
35628,train
38425,train
59649,train
59281,train
22332,train
69514,train
22397,train
51295,train
57420,train
51881,train
64675,train
47281,train
22708,train
38744,train
43766,train
45803,train
26964,train
30708,train
4901,train
26799,train
43840,train
14348,train
70675,train
39215,train
68590,train
65222,train
25114,train
68899,train
58191,train
9336,train
57867,train
25011,train
13762,train
66870,train
11395,train
58009,train
35201,train
30542,train
15144,train
70093,train
52111,train
54291,train
27490,train
47858,train
9325,train
4767,train
35278,train
24732,train
58069,train
29817,train
67579,train
19943,train
61551,train
2204,train
17886,train
60470,train
15602,train
48934,train
68851,train
57423,train
20944,train
17941,train
34929,train
58589,train
69940,train
56212,train
9606,train
43087,train
42774,train
29175,train
44312,train
15665,train
8587,train
4742,train
49203,train
70256,train
60860,train
64605,train
60730,train
54834,train
393,train
58777,train
4701,train
58581,train
24571,train
54016,train
57117,train
26883,train
23531,train
48928,train
9271,train
56548,train
19492,train
15465,train
15617,train
43122,train
41607,train
18956,train
25806,train
3069,train
61879,train
4795,train
2606,train
9182,train
25037,train
20147,train
49960,train
70336,train
64526,train
10934,train
7567,train
36399,train
8343,train
52005,train
66031,train
46251,train
67253,train
57862,train
15183,train
9390,train
63848,train
48078,train
67611,train
17102,train
47592,train
30383,train
48851,train
20356,train
60255,train
36541,train
36820,train
4022,train
13012,train
52198,train
19246,train
46706,train
22738,train
17385,train
60243,train
34733,train
32128,train
67021,train
25829,train
45691,train
21236,train
3081,train
56670,train
7815,train
38428,train
40178,train
7282,train
6124,train
19288,train
46761,train
40070,train
3335,train
2947,train
19863,train
47002,train
50809,train
28953,train
65502,train
27437,train
7577,train
64557,train
61041,train
37072,train
2340,train
15035,train
59347,train
45298,train
14141,train
69608,train
20672,train
70049,train
26816,train
34789,train
1524,train
41262,train
70662,train
5245,train
46827,train
33063,train
15732,train
56129,train
16110,train
44633,train
51882,train
26542,train
47716,train
69666,train
26468,train
16552,train
2676,train
947,train
38791,train
11117,train
20455,train
59313,train
63371,train
69916,train
14338,train
1756,train
13952,train
44012,train
25179,train
25566,train
30309,train
52734,train
4609,train
21054,train
55015,train
39637,train
36723,train
18070,train
46825,train
11694,train
9562,train
11990,train
66759,train
19457,train
48306,train
33795,train
64574,train
48986,train
10269,train
21558,train
49323,train
67301,train
49357,train
66675,train
33620,train
30446,train
29471,train
55236,train
44659,train
26698,train
62464,train
26818,train
4820,train
66613,train
26772,train
68632,train
67190,train
66602,train
28355,train
222,train
49544,train
63805,train
24549,train
10825,train
11199,train
27386,train
54360,train
11631,train
11069,train
9761,train
65146,train
54496,train
40955,train
21842,train
49747,train
7177,train
41855,train
2783,train
50249,train
576,train
33781,train
11040,train
41817,train
11156,train
49896,train
62088,train
36928,train
8590,train
11009,train
4312,train
27952,train
2422,train
4754,train
57309,train
17222,train
48862,train
65549,train
18424,train
37772,train
38167,train
11140,train
20632,train
14461,train
11870,train
4590,train
54410,train
30449,train
9350,train
21079,train
70063,train
11603,train
70358,train
62234,train
17606,train
9578,train
9694,train
67918,train
40234,train
56734,train
36963,train
59619,train
23996,train
4724,train
44923,train
46205,train
29556,train
18806,train
8145,train
64609,train
61308,train
50503,train
25049,train
64434,train
46587,train
961,train
43617,train
44677,train
57624,train
40598,train
62623,train
27223,train
66121,train
35814,train
43938,train
58690,train
64115,train
70340,train
44199,train
33165,train
36450,train
55298,train
48743,train
17817,train
66845,train
8373,train
5744,train
16199,train
23187,train
26760,train
45602,train
53857,train
28771,train
67031,train
68393,train
62691,train
30983,train
48749,train
47761,train
27443,train
68239,train
30991,train
69240,train
38553,train
6890,train
3710,train
31903,train
23320,train
32462,train
46832,train
31773,train
50449,train
41467,train
59280,train
23849,train
14751,train
70243,train
1184,train
2129,train
61046,train
59180,train
62092,train
9190,train
69918,train
35577,train
16466,train
20841,train
5802,train
20697,train
44345,train
46036,train
51658,train
63302,train
17647,train
32056,train
7138,train
63903,train
41303,train
57281,train
30147,train
14898,train
15847,train
45864,train
10362,train
38788,train
68745,train
56693,train
31910,train
9356,train
16107,train
13161,train
11363,train
8505,train
45233,train
38369,train
61774,train
35070,train
4643,train
23759,train
26055,train
49797,train
35622,train
66576,train
53366,train
15580,train
9637,train
34476,train
62910,train
13831,train
59826,train
60390,train
52294,train
15269,train
31487,train
24514,train
44403,train
65260,train
69610,train
41611,train
46101,train
43042,train
26210,train
53624,train
28018,train
22659,train
22391,train
68548,train
23298,train
40614,train
38999,train
7690,train
23227,train
57354,train
9547,train
48172,train
22835,train
9368,train
8245,train
9315,train
6541,train
14646,train
2770,train
7150,train
26626,train
54681,train
67969,train
6738,train
59748,train
37956,train
10824,train
22557,train
16721,train
42131,train
9322,train
21961,train
22206,train
49597,train
16196,train
69402,train
9126,train
64630,train
45793,train
47530,train
51840,train
41496,train
64886,train
2164,train
37000,train
64887,train
69689,train
25276,train
6838,train
38790,train
5586,train
48190,train
13079,train
45117,train
9666,train
17175,train
24765,train
16829,train
12645,train
13880,train
66312,train
21461,train
42921,train
15062,train
30423,train
60222,train
28229,train
53733,train
33852,train
68682,train
769,train
59481,train
7783,train
40420,train
13189,train
14235,train
60668,train
44337,train
70081,train
57496,train
51328,train
18061,train
4079,train
14715,train
53500,train
37679,train
38544,train
34842,train
20495,train
40644,train
42210,train
31483,train
53114,train
22677,train
33973,train
39048,train
21888,train
57634,train
36550,train
33275,train
56877,train
10729,train
10930,train
66334,train
15033,train
54719,train
49973,train
69675,train
50801,train
44247,train
62649,train
22409,train
51607,train
62695,train
16658,train
64907,train
33927,train
34240,train
2401,train
60726,train
43701,train
56674,train
2269,train
33395,train
63523,train
46537,train
33196,train
49950,train
32352,train
7992,train
62660,train
56026,train
38494,train
63098,train
20445,train
60657,train
2963,train
41647,train
40235,train
52439,train
33421,train
11690,train
48133,train
33804,train
60451,train
36717,train
68082,train
42801,train
15985,train
7898,train
61951,train
39165,train
8317,train
47696,train
15612,train
58427,train
38686,train
29109,train
8871,train
12786,train
45495,train
12994,train
63911,train
16080,train
68333,train
22463,train
61663,train
14305,train
6895,train
25146,train
46923,train
34080,train
10241,train
48304,train
30281,train
10400,train
15051,train
52388,train
49840,train
60671,train
41338,train
28967,train
42307,train
14867,train
47509,train
40701,train
12128,train
34650,train
51679,train
40224,train
63928,train
44443,train
20292,train
1465,train
34655,train
63902,train
14245,train
18511,train
11799,train
38864,train
66230,train
48342,train
27023,train
37135,train
24266,train
1274,train
29332,train
61204,train
4573,train
31755,train
55311,train
17003,train
8557,train
22774,train
63232,train
62529,train
19948,train
58188,train
64319,train
67747,train
62647,train
51965,train
43601,train
15418,train
23053,train
63364,train
48579,train
39295,train
63040,train
19636,train
65636,train
6285,train
13384,train
40828,train
35645,train
8531,train
46255,train
28109,train
32170,train
18148,train
5293,train
61324,train
20490,train
66242,train
563,train
56038,train
21486,train
61161,train
41937,train
15796,train
64811,train
66052,train
68889,train
39199,train
41695,train
11352,train
6726,train
40357,train
35084,train
19539,train
45733,train
27630,train
25834,train
45856,train
8918,train
58675,train
6858,train
22031,train
33047,train
65681,train
7676,train
17293,train
9844,train
39856,train
24672,train
21718,train
8712,train
9183,train
16291,train
20318,train
64273,train
35132,train
64343,train
21818,train
61099,train
2673,train
59816,train
55317,train
2548,train
64029,train
38307,train
16961,train
60714,train
39410,train
18624,train
30279,train
53708,train
56982,train
43877,train
51309,train
31402,train
68758,train
52160,train
31403,train
51877,train
14750,train
13168,train
38634,train
47100,train
12985,train
25203,train
19170,train
7835,train
33773,train
25575,train
1357,train
713,train
37729,train
40629,train
35798,train
59568,train
877,train
62446,train
10804,train
49894,train
41690,train
48047,train
35862,train
61296,train
9055,train
10468,train
22170,train
1043,train
13259,train
26913,train
46533,train
65616,train
5262,train
23841,train
23048,train
33185,train
69215,train
21167,train
463,train
51293,train
14729,train
17216,train
47203,train
57193,train
7862,train
70265,train
67373,train
19371,train
43751,train
13809,train
22319,train
32709,train
26439,train
56566,train
13443,train
37255,train
10204,train
36849,train
43267,train
67285,train
68461,train
62952,train
52670,train
19776,train
17021,train
27565,train
20576,train
49112,train
39102,train
60426,train
33758,train
37890,train
16775,train
45852,train
51091,train
58319,train
32452,train
36194,train
21215,train
25223,train
58213,train
42912,train
70077,train
55464,train
47360,train
53506,train
50031,train
658,train
65361,train
29441,train
3317,train
3958,train
44194,train
53162,train
18238,train
47422,train
28557,train
31004,train
63995,train
67032,train
41479,train
25800,train
46430,train
50931,train
64965,train
3757,train
45191,train
42053,train
65090,train
68583,train
36649,train
10603,train
32860,train
41139,train
43859,train
19428,train
1880,train
67615,train
39315,train
18892,train
69321,train
1481,train
4229,train
128,train
52795,train
28592,train
38135,train
39020,train
16240,train
27985,train
46907,train
6056,train
32544,train
3732,train
29722,train
25683,train
52364,train
26259,train
17788,train
49631,train
15712,train
9933,train
30624,train
44056,train
8414,train
59701,train
39999,train
5938,train
34674,train
68542,train
31191,train
7026,train
3137,train
55969,train
60705,train
48855,train
46432,train
65594,train
57972,train
56932,train
60687,train
49497,train
62011,train
51050,train
67764,train
47775,train
26510,train
12179,train
11783,train
41150,train
30875,train
35438,train
11899,train
56612,train
61762,train
29385,train
4975,train
64081,train
52440,train
52525,train
57628,train
57387,train
185,train
34248,train
65598,train
70161,train
36508,train
65380,train
47521,train
41282,train
63419,train
4249,train
20655,train
42332,train
29963,train
48945,train
14081,train
32967,train
67624,train
63462,train
54617,train
61,train
56163,train
24036,train
70425,train
41538,train
28382,train
66318,train
10846,train
68887,train
13436,train
26127,train
37306,train
19739,train
19613,train
63042,train
26975,train
24762,train
65752,train
22076,train
65684,train
29679,train
24067,train
55774,train
41840,train
4547,train
12527,train
55064,train
56955,train
3477,train
31485,train
2894,train
42608,train
41895,train
36964,train
32480,train
62893,train
1786,train
13886,train
53160,train
27167,train
41888,train
4233,train
44903,train
5887,train
59350,train
62841,train
29622,train
43590,train
3453,train
32596,train
47513,train
10250,train
30199,train
6155,train
10998,train
37919,train
13525,train
26314,train
20949,train
21705,train
49260,train
10531,train
57768,train
24478,train
13246,train
69499,train
35634,train
10951,train
65623,train
30594,train
27678,train
52278,train
62958,train
18533,train
50655,train
17759,train
35898,train
56608,train
47636,train
24899,train
597,train
17077,train
59770,train
55113,train
32844,train
41287,train
69770,train
10817,train
47049,train
24808,train
57495,train
40678,train
59378,train
50167,train
49204,train
17464,train
10901,train
44962,train
34537,train
40488,train
70282,train
48607,train
40805,train
48468,train
35659,train
50548,train
32159,train
44253,train
17436,train
13061,train
32651,train
52396,train
13598,train
11421,train
57144,train
29348,train
47745,train
27710,train
67281,train
43023,train
55143,train
59135,train
5650,train
44416,train
61545,train
54432,train
57967,train
62551,train
70416,train
30883,train
6070,train
67907,train
22847,train
59980,train
27242,train
64582,train
41122,train
14501,train
44920,train
21067,train
6334,train
28907,train
23411,train
13975,train
52145,train
23568,train
39543,train
36796,train
38536,train
60677,train
11285,train
59965,train
10573,train
35312,train
56008,train
31455,train
65628,train
2855,train
40114,train
58513,train
49750,train
41609,train
2304,train
67795,train
11060,train
32310,train
48074,train
25359,train
39011,train
54293,train
24562,train
14314,train
50019,train
27053,train
10184,train
56930,train
20815,train
36919,train
28510,train
27657,train
55631,train
52383,train
11590,train
14024,train
43639,train
49359,train
4676,train
52315,train
39443,train
63127,train
24474,train
55195,train
52510,train
6198,train
67724,train
12336,train
62515,train
12377,train
44064,train
59319,train
64733,train
49444,train
69673,train
70207,train
23766,train
39076,train
7400,train
34386,train
6267,train
56308,train
12747,train
60565,train
5723,train
51131,train
67956,train
6705,train
52252,train
46701,train
27967,train
30285,train
3353,train
56796,train
3571,train
31522,train
7296,train
68579,train
45110,train
13502,train
15058,train
6569,train
69922,train
54593,train
64103,train
43618,train
50431,train
33004,train
35782,train
44516,train
3395,train
56137,train
916,train
35685,train
31570,train
30155,train
68498,train
46693,train
29411,train
30358,train
44047,train
35021,train
55196,train
36596,train
17856,train
38250,train
60298,train
36705,train
54996,train
12001,train
30237,train
5092,train
39767,train
66899,train
55305,train
69315,train
22520,train
52649,train
32263,train
51652,train
4492,train
65235,train
64272,train
26319,train
44729,train
41636,train
65475,train
45132,train
26223,train
45512,train
37577,train
49910,train
8333,train
31032,train
68922,train
20140,train
70335,train
49101,train
49212,train
19582,train
15228,train
31198,train
57629,train
40041,train
6321,train
57482,train
22519,train
61354,train
47968,train
21919,train
43436,train
9513,train
45517,train
44615,train
55650,train
29313,train
1739,train
5765,train
35902,train
34511,train
40327,train
36072,train
4199,train
51184,train
7374,train
54191,train
32737,train
68687,train
67152,train
59779,train
54139,train
29858,train
43990,train
39970,train
11358,train
66687,train
30917,train
26393,train
54227,train
42886,train
24028,train
54234,train
9956,train
41075,train
28256,train
17171,train
1620,train
39401,train
21808,train
35420,train
2582,train
5671,train
44396,train
61405,train
67279,train
1092,train
25808,train
37113,train
34805,train
42121,train
24847,train
46250,train
8142,train
61802,train
5472,train
17068,train
30553,train
64750,train
43334,train
38561,train
9577,train
43861,train
13015,train
18824,train
45995,train
38859,train
11623,train
70656,train
8963,train
61388,train
56484,train
8452,train
36652,train
3624,train
42085,train
37333,train
30522,train
23025,train
30238,train
64801,train
13304,train
59306,train
40183,train
30731,train
4852,train
1222,train
38477,train
50308,train
47833,train
37024,train
69705,train
51972,train
69363,train
49147,train
41068,train
3332,train
26788,train
59083,train
52138,train
4058,train
55193,train
12132,train
40262,train
401,train
19479,train
23543,train
31083,train
20825,train
23931,train
29776,train
37038,train
12814,train
52197,train
39378,train
23224,train
22902,train
13972,train
33911,train
52909,train
10141,train
43406,train
40020,train
58040,train
32605,train
54033,train
40194,train
20200,train
9249,train
62024,train
18673,train
22379,train
37030,train
46882,train
47799,train
11085,train
27721,train
68601,train
69980,train
52591,train
65801,train
32772,train
69295,train
45826,train
27429,train
45149,train
64865,train
41919,train
4470,train
19612,train
46336,train
27909,train
7824,train
17067,train
60348,train
55568,train
14435,train
42066,train
9490,train
51311,train
52318,train
8571,train
54495,train
3468,train
32730,train
52786,train
70042,train
62878,train
41019,train
20665,train
22947,train
22263,train
14065,train
40638,train
50297,train
70687,train
53632,train
47947,train
8572,train
38271,train
36612,train
23873,train
55209,train
11940,train
53,train
56941,train
53920,train
14912,train
47918,train
52030,train
54844,train
14225,train
43821,train
27924,train
20307,train
20793,train
3156,train
60808,train
32218,train
31856,train
43052,train
51494,train
52162,train
36047,train
54452,train
65632,train
31784,train
63634,train
45657,train
55456,train
53639,train
65835,train
2872,train
29533,train
7905,train
22369,train
31951,train
55915,train
23869,train
41138,train
24465,train
46350,train
30593,train
17914,train
1286,train
50804,train
21407,train
30472,train
36180,train
58586,train
68349,train
65593,train
19102,train
9926,train
63638,train
20199,train
3044,train
45088,train
56189,train
32290,train
32736,train
33575,train
33453,train
65595,train
26986,train
2509,train
59496,train
47092,train
31214,train
68694,train
8678,train
52153,train
26897,train
35111,train
40008,train
17478,train
13159,train
42675,train
16661,train
18905,train
27944,train
64879,train
42002,train
28898,train
8844,train
15155,train
16631,train
28577,train
62714,train
52190,train
20519,train
54686,train
60678,train
46396,train
13969,train
65646,train
38804,train
25248,train
4246,train
28000,train
7193,train
65390,train
55174,train
64486,train
8116,train
13187,train
15383,train
9453,train
49409,train
24308,train
16019,train
27134,train
51609,train
7725,train
18225,train
67995,train
26503,train
38402,train
15790,train
29950,train
45752,train
50615,train
31657,train
61244,train
39890,train
14456,train
64697,train
49226,train
16449,train
29911,train
64060,train
16889,train
57685,train
4620,train
68794,train
2723,train
65951,train
9457,train
41144,train
8870,train
9880,train
17896,train
60885,train
27803,train
13050,train
57733,train
62468,train
68822,train
67393,train
6934,train
63764,train
36844,train
51550,train
65114,train
20073,train
26712,train
27618,train
12558,train
309,train
34995,train
56648,train
39208,train
48778,train
29074,train
63549,train
26982,train
25398,train
35328,train
61045,train
48756,train
15219,train
54724,train
23583,train
51830,train
69338,train
27925,train
67920,train
44422,train
33234,train
17196,train
45740,train
47257,train
57098,train
8490,train
39348,train
27079,train
2438,train
43913,train
21088,train
48731,train
7216,train
23898,train
55800,train
37259,train
19837,train
47763,train
1634,train
25211,train
31519,train
66867,train
27642,train
49360,train
26164,train
59260,train
23699,train
20744,train
64624,train
35826,train
26036,train
37827,train
69506,train
16959,train
46382,train
21491,train
38774,train
4240,train
23290,train
30547,train
56248,train
44242,train
14457,train
3095,train
61014,train
8019,train
59579,train
15250,train
55913,train
60315,train
34890,train
70272,train
42873,train
46936,train
34523,train
61518,train
3061,train
241,train
22824,train
15773,train
15113,train
52626,train
30711,train
36640,train
36946,train
60120,train
23127,train
50580,train
17182,train
44078,train
29764,train
50475,train
36914,train
13504,train
54987,train
1509,train
42900,train
58838,train
23184,train
4018,train
63034,train
30661,train
23188,train
48950,train
12489,train
55423,train
37845,train
52363,train
604,train
36302,train
50675,train
8902,train
14294,train
21562,train
19683,train
2216,train
47714,train
29391,train
4587,train
48556,train
53514,train
12907,train
36012,train
30151,train
33904,train
66719,train
70102,train
47588,train
62230,train
14822,train
7970,train
66265,train
26004,train
55096,train
65518,train
23895,train
16740,train
45064,train
60907,train
57809,train
56348,train
9028,train
60152,train
14279,train
33564,train
41193,train
31623,train
41724,train
35007,train
53794,train
38020,train
18041,train
9786,train
26152,train
51900,train
35039,train
53764,train
31221,train
19670,train
25392,train
20881,train
38840,train
4835,train
49505,train
467,train
59572,train
65346,train
607,train
21543,train
68176,train
43313,train
30788,train
37370,train
46574,train
24875,train
40759,train
269,train
44798,train
57069,train
70544,train
37518,train
1877,train
4273,train
39269,train
14622,train
69674,train
2033,train
38860,train
31482,train
64015,train
61196,train
57530,train
34704,train
7069,train
4589,train
14562,train
17660,train
64189,train
42283,train
16450,train
31703,train
9198,train
10382,train
36517,train
44493,train
30768,train
44796,train
63753,train
48505,train
66045,train
5579,train
39216,train
5023,train
70296,train
19143,train
26122,train
55789,train
67202,train
17427,train
50888,train
48619,train
2944,train
45485,train
29002,train
44067,train
22863,train
15697,train
17867,train
25224,train
53706,train
44324,train
44608,train
46214,train
64368,train
28863,train
37546,train
49253,train
40826,train
50516,train
9901,train
31343,train
32000,train
18295,train
33536,train
6333,train
24022,train
16807,train
39445,train
28165,train
4556,train
30784,train
54906,train
49543,train
14926,train
68378,train
60224,train
482,train
27873,train
17488,train
41863,train
58305,train
7867,train
10724,train
35406,train
9187,train
42435,train
57767,train
37278,train
41547,train
68081,train
23098,train
58778,train
6487,train
16845,train
31398,train
7663,train
13456,train
18007,train
61088,train
45313,train
41442,train
5078,train
44722,train
2347,train
56775,train
70644,train
42321,train
55638,train
12367,train
69472,train
8879,train
25471,train
31620,train
29650,train
46552,train
49712,train
23056,train
20609,train
12144,train
10540,train
49362,train
66830,train
57294,train
35516,train
41417,train
29910,train
62411,train
38520,train
7822,train
4236,train
58884,train
35392,train
2844,train
15152,train
68028,train
70214,train
41278,train
56444,train
32996,train
63853,train
51390,train
2585,train
66028,train
64667,train
46202,train
47021,train
21470,train
45473,train
55726,train
55630,train
30880,train
14984,train
13810,train
49471,train
20465,train
11709,train
5799,train
13328,train
30651,train
8231,train
9370,train
34491,train
8303,train
36739,train
15739,train
8332,train
27152,train
54978,train
58480,train
34961,train
7745,train
1020,train
33120,train
29985,train
10022,train
7977,train
7931,train
5750,train
44278,train
30902,train
37846,train
10056,train
38595,train
21172,train
68310,train
21533,train
54240,train
3608,train
37769,train
66046,train
25548,train
17587,train
44788,train
12013,train
62946,train
45835,train
35336,train
10782,train
21833,train
67878,train
18494,train
28850,train
59593,train
34021,train
13619,train
42803,train
49621,train
12042,train
49417,train
19463,train
5459,train
36398,train
56438,train
64034,train
62562,train
50552,train
16912,train
21898,train
2196,train
26142,train
17642,train
35901,train
16826,train
69522,train
37717,train
36909,train
69525,train
3429,train
33587,train
45799,train
13911,train
36921,train
26927,train
53180,train
20264,train
16722,train
70578,train
49815,train
7602,train
10913,train
34309,train
12496,train
16724,train
45271,train
12990,train
43658,train
11502,train
31804,train
25254,train
46504,train
63703,train
37461,train
47204,train
64817,train
5112,train
7348,train
44433,train
35804,train
56139,train
37639,train
69919,train
8815,train
38185,train
56824,train
39343,train
42017,train
61242,train
34325,train
26112,train
17922,train
63929,train
14998,train
15026,train
70171,train
24416,train
43065,train
62866,train
2465,train
7521,train
13674,train
57699,train
55539,train
54502,train
31801,train
62956,train
35959,train
36865,train
15839,train
69217,train
51835,train
11090,train
30717,train
46413,train
8256,train
57944,train
70624,train
2482,train
8947,train
53360,train
24091,train
29942,train
67731,train
41135,train
33145,train
28864,train
53090,train
35231,train
38052,train
18131,train
67337,train
57358,train
39376,train
9110,train
14726,train
55537,train
17238,train
25952,train
58446,train
66530,train
38726,train
51038,train
4298,train
28130,train
529,train
17866,train
60649,train
39581,train
22120,train
43531,train
17420,train
21001,train
60695,train
12172,train
45595,train
52489,train
42312,train
15662,train
41433,train
38417,train
30543,train
67078,train
59712,train
40555,train
54289,train
46113,train
31552,train
2983,train
3893,train
44414,train
40730,train
471,train
24882,train
9036,train
68969,train
24071,train
25083,train
363,train
15175,train
65169,train
18957,train
9546,train
22098,train
34373,train
14730,train
113,train
22654,train
11319,train
28034,train
31679,train
49216,train
23801,train
60550,train
27235,train
48538,train
62,train
16145,train
35654,train
46563,train
51212,train
43361,train
4447,train
58176,train
22694,train
14214,train
9729,train
5960,train
22581,train
64860,train
16524,train
39439,train
45083,train
26485,train
32034,train
45360,train
54124,train
63813,train
17610,train
45603,train
56519,train
33150,train
17570,train
27058,train
10563,train
60380,train
61526,train
64893,train
7941,train
38292,train
62412,train
12935,train
28880,train
57588,train
62337,train
69173,train
67172,train
47254,train
59634,train
7670,train
9894,train
61001,train
35115,train
55753,train
10158,train
9959,train
24577,train
21121,train
29826,train
54573,train
33552,train
54905,train
51162,train
15896,train
4530,train
13018,train
21878,train
50686,train
20253,train
47404,train
25394,train
8751,train
7208,train
14728,train
63077,train
21948,train
12124,train
5253,train
63286,train
65777,train
54998,train
17019,train
5150,train
57998,train
20288,train
6786,train
37788,train
20130,train
55851,train
4346,train
14505,train
24498,train
18380,train
48924,train
66021,train
44311,train
660,train
47687,train
56791,train
21887,train
65498,train
54354,train
43345,train
20589,train
45586,train
3748,train
885,train
10221,train
29566,train
52258,train
45718,train
22222,train
37869,train
8316,train
2660,train
22810,train
66874,train
62091,train
64482,train
1325,train
21170,train
63572,train
643,train
60528,train
64171,train
21081,train
3684,train
20045,train
27475,train
62617,train
50753,train
34402,train
41854,train
23325,train
30575,train
55180,train
43213,train
67477,train
54162,train
57637,train
405,train
19815,train
10177,train
39893,train
62944,train
59353,train
12769,train
5029,train
14768,train
2044,train
63357,train
18704,train
1651,train
17761,train
13711,train
3892,train
52412,train
3876,train
25516,train
31165,train
56316,train
64429,train
50153,train
36416,train
28686,train
20878,train
41996,train
28115,train
34376,train
61216,train
28878,train
61157,train
7013,train
51623,train
3839,train
29833,train
38906,train
15991,train
21866,train
66333,train
51547,train
18734,train
65221,train
51699,train
20214,train
61369,train
54134,train
13469,train
4898,train
24330,train
21337,train
16459,train
20558,train
33023,train
18628,train
42410,train
16982,train
27616,train
38690,train
10708,train
47163,train
32882,train
2239,train
25879,train
22433,train
1460,train
55416,train
43322,train
18685,train
24908,train
64063,train
15120,train
6456,train
51116,train
57515,train
16009,train
51236,train
16039,train
3591,train
68737,train
1625,train
27081,train
42940,train
13492,train
35855,train
773,train
27665,train
2718,train
44600,train
37690,train
40408,train
23001,train
35366,train
60880,train
32910,train
27039,train
37349,train
22985,train
18803,train
31066,train
58345,train
39764,train
62827,train
18139,train
43062,train
42933,train
44604,train
42346,train
5996,train
29896,train
62426,train
18345,train
68152,train
45879,train
6855,train
55309,train
55827,train
24499,train
66277,train
70422,train
13000,train
28408,train
2805,train
14850,train
13109,train
63383,train
8985,train
27319,train
35226,train
50459,train
42022,train
1106,train
60650,train
35309,train
30346,train
10533,train
65163,train
18271,train
49069,train
6068,train
58571,train
10611,train
42631,train
64510,train
41642,train
62770,train
37856,train
23162,train
12589,train
28849,train
39308,train
17608,train
40366,train
61889,train
49224,train
18089,train
54537,train
25344,train
48049,train
68726,train
58448,train
39758,train
12873,train
972,train
14474,train
34738,train
55658,train
9257,train
66034,train
27267,train
36718,train
12849,train
32546,train
57771,train
23603,train
58279,train
21651,train
29886,train
61961,train
37951,train
12930,train
54130,train
26793,train
6667,train
45762,train
59099,train
46715,train
38772,train
37674,train
69155,train
51767,train
48509,train
9412,train
18859,train
7310,train
10044,train
52660,train
22806,train
37516,train
69850,train
62924,train
42400,train
6518,train
57710,train
35554,train
60344,train
26292,train
59253,train
17393,train
27427,train
17401,train
70475,train
24865,train
10179,train
1597,train
48261,train
28051,train
34346,train
26582,train
16037,train
43630,train
21110,train
54711,train
32380,train
9919,train
54212,train
6900,train
59796,train
13280,train
11553,train
59152,train
12865,train
54554,train
51111,train
36427,train
46983,train
64940,train
31111,train
52419,train
28313,train
14428,train
29565,train
66079,train
14733,train
65080,train
70226,train
22503,train
56506,train
34926,train
53715,train
47472,train
13700,train
6811,train
60499,train
29409,train
48890,train
54419,train
40949,train
60868,train
1579,train
21357,train
2331,train
9030,train
51536,train
34675,train
24030,train
63782,train
34471,train
64530,train
27042,train
2634,train
6141,train
46085,train
7156,train
9063,train
52898,train
44779,train
23951,train
28735,train
39593,train
5840,train
181,train
27080,train
14662,train
3957,train
55388,train
37944,train
11916,train
55644,train
56634,train
7486,train
35870,train
20780,train
55149,train
11202,train
42403,train
16441,train
29782,train
31865,train
31190,train
29326,train
44363,train
61613,train
69037,train
46635,train
36790,train
61956,train
18899,train
51168,train
15213,train
35473,train
65514,train
479,train
31140,train
44046,train
16434,train
15994,train
70580,train
46600,train
15618,train
62414,train
35435,train
27577,train
22256,train
3230,train
65046,train
1249,train
34118,train
4847,train
24508,train
21142,train
70153,train
12656,train
60832,train
66553,train
60718,train
56746,train
38708,train
19777,train
1125,train
45651,train
48004,train
36647,train
37289,train
62120,train
51370,train
5058,train
16874,train
36171,train
40062,train
6951,train
53648,train
44531,train
57818,train
24491,train
44328,train
29120,train
9958,train
22021,train
16964,train
33118,train
8662,train
46850,train
8525,train
51714,train
65325,train
26088,train
67939,train
44441,train
1742,train
20680,train
23582,train
13544,train
3915,train
30825,train
45671,train
10247,train
22548,train
65753,train
26517,train
10386,train
69439,train
18723,train
14404,train
17374,train
59774,train
42443,train
70623,train
17565,train
45415,train
35741,train
18019,train
61116,train
60187,train
43929,train
61237,train
57197,train
38082,train
46093,train
7524,train
51232,train
20227,train
52581,train
47802,train
42387,train
65756,train
10744,train
17060,train
36724,train
48744,train
33033,train
19311,train
28765,train
1711,train
11633,train
13234,train
48545,train
27485,train
37266,train
3001,train
40037,train
10324,train
35134,train
57914,train
40610,train
1829,train
19443,train
29091,train
2647,train
68151,train
33411,train
43056,train
60045,train
69786,train
32167,train
42105,train
2930,train
19806,train
32919,train
15319,train
34199,train
37515,train
11819,train
8273,train
22422,train
2685,train
48918,train
43044,train
27844,train
50855,train
69384,train
69557,train
46372,train
21811,train
6941,train
66797,train
109,train
67461,train
43177,train
2148,train
9964,train
28760,train
54904,train
39708,train
49037,train
18324,train
32631,train
61228,train
1586,train
54840,train
16632,train
34899,train
27398,train
57328,train
36929,train
16792,train
29211,train
12052,train
21391,train
39845,train
34435,train
42938,train
39759,train
56311,train
11947,train
28796,train
31610,train
36674,train
7397,train
24786,train
9454,train
58630,train
68677,train
42082,train
49273,train
67655,train
55411,train
6046,train
46248,train
21309,train
40032,train
28801,train
27839,train
53616,train
32850,train
1085,train
23168,train
28568,train
20963,train
60777,train
23427,train
39880,train
52575,train
33113,train
8971,train
39013,train
28394,train
14619,train
24142,train
8760,train
17772,train
6772,train
22517,train
41534,train
44535,train
2898,train
35694,train
13610,train
70374,train
28116,train
68237,train
52348,train
11346,train
49121,train
27594,train
12937,train
64279,train
64909,train
1466,train
15804,train
43218,train
69991,train
48680,train
51161,train
39963,train
43653,train
66886,train
47490,train
36071,train
28950,train
4394,train
69302,train
43798,train
38174,train
17241,train
33287,train
45900,train
62743,train
20042,train
15014,train
43546,train
60312,train
1264,train
2713,train
68843,train
64181,train
47494,train
37654,train
18697,train
28511,train
56092,train
8878,train
15894,train
69076,train
47221,train
67276,train
61714,train
59462,train
41794,train
25107,train
3013,train
21738,train
41408,train
60640,train
45764,train
36651,train
59048,train
25752,train
45317,train
9434,train
18387,train
35582,train
29725,train
60764,train
53822,train
23872,train
31504,train
3227,train
35014,train
37100,train
4466,train
42787,train
42455,train
4196,train
44263,train
63004,train
8498,train
24816,train
21292,train
5663,train
38608,train
29655,train
26261,train
9424,train
63545,train
24983,train
9328,train
55018,train
43524,train
18553,train
60775,train
50711,train
22790,train
12396,train
3872,train
16548,train
68407,train
63751,train
69072,train
66455,train
50083,train
18565,train
61464,train
62790,train
14032,train
36543,train
33479,train
65129,train
57196,train
31286,train
1814,train
37158,train
67941,train
22741,train
38718,train
54776,train
21438,train
46525,train
19726,train
3784,train
64131,train
1026,train
37534,train
27327,train
25480,train
54807,train
28914,train
35178,train
46813,train
52722,train
28311,train
65177,train
62611,train
57527,train
49286,train
15348,train
32117,train
27954,train
61332,train
457,train
36907,train
17112,train
51940,train
41160,train
32141,train
26426,train
23892,train
3694,train
51631,train
23686,train
31581,train
9072,train
32277,train
21814,train
46925,train
70260,train
14514,train
44069,train
32696,train
1361,train
57783,train
41172,train
50699,train
33719,train
26092,train
24256,train
10351,train
44948,train
35507,train
47172,train
2443,train
21549,train
40151,train
45141,train
23671,train
40036,train
7116,train
53667,train
44286,train
13828,train
28257,train
9378,train
39984,train
10085,train
66831,train
13302,train
41924,train
39093,train
40852,train
53418,train
30534,train
14763,train
14684,train
1042,train
62842,train
29525,train
59330,train
17812,train
31848,train
41506,train
26053,train
68242,train
68150,train
54220,train
57714,train
49817,train
67320,train
69775,train
69219,train
33372,train
30646,train
44635,train
23576,train
8458,train
45158,train
119,train
60001,train
2646,train
42937,train
40660,train
52119,train
15318,train
61054,train
43955,train
18469,train
15012,train
68885,train
5879,train
4734,train
14633,train
17006,train
8404,train
2579,train
3077,train
49859,train
34110,train
23241,train
52829,train
26956,train
4562,train
51548,train
15201,train
35245,train
14187,train
16588,train
46781,train
39950,train
55510,train
50935,train
15585,train
53912,train
23092,train
2711,train
44938,train
47852,train
46195,train
44806,train
40808,train
61063,train
29320,train
7045,train
39307,train
45710,train
54312,train
51056,train
61881,train
36621,train
38331,train
37389,train
69532,train
47470,train
51977,train
5442,train
20934,train
38382,train
159,train
34396,train
63574,train
16728,train
62817,train
37608,train
38508,train
9140,train
1923,train
28714,train
39569,train
49984,train
68503,train
15261,train
13142,train
23357,train
48235,train
34097,train
12006,train
21585,train
13888,train
12872,train
59406,train
10020,train
56595,train
35190,train
13078,train
15305,train
16848,train
5400,train
68993,train
54334,train
15293,train
11128,train
59292,train
55335,train
42344,train
38529,train
66523,train
6373,train
38350,train
33283,train
62863,train
2098,train
44728,train
6683,train
55465,train
23785,train
35581,train
17850,train
33425,train
51027,train
52166,train
2232,train
62664,train
40999,train
61432,train
34370,train
50807,train
24595,train
9146,train
23084,train
61646,train
69643,train
36430,train
13424,train
14547,train
25429,train
28632,train
56727,train
39170,train
35607,train
2305,train
18808,train
10430,train
3961,train
11803,train
53944,train
58078,train
9791,train
23764,train
70303,train
18506,train
64995,train
21458,train
47728,train
53117,train
66220,train
21427,train
15038,train
29638,train
19423,train
57291,train
27095,train
44162,train
52368,train
58384,train
67016,train
29001,train
12666,train
53952,train
6442,train
35407,train
66998,train
50147,train
50084,train
20306,train
57054,train
11377,train
10537,train
95,train
26725,train
32625,train
58515,train
58724,train
39528,train
65631,train
9399,train
64781,train
56945,train
56309,train
12027,train
20763,train
34950,train
62259,train
47750,train
26886,train
53198,train
19291,train
65639,train
10476,train
42738,train
27649,train
66572,train
64395,train
415,train
52467,train
23654,train
6914,train
49542,train
22043,train
32064,train
61183,train
53228,train
50645,train
21936,train
51832,train
15726,train
18532,train
28959,train
57223,train
13251,train
17585,train
10714,train
18217,train
10996,train
8112,train
41026,train
46529,train
51799,train
52077,train
3830,train
32446,train
21183,train
51200,train
32763,train
14948,train
57119,train
15009,train
6175,train
9258,train
6625,train
63643,train
49761,train
32932,train
67502,train
41972,train
54018,train
57083,train
27472,train
55119,train
40331,train
33660,train
28857,train
5944,train
58909,train
19654,train
812,train
63711,train
40881,train
50430,train
2271,train
67813,train
59585,train
70559,train
21751,train
29089,train
68279,train
29816,train
66819,train
33489,train
54081,train
43316,train
58120,train
9583,train
8056,train
19551,train
67585,train
4190,train
23347,train
7837,train
23426,train
22575,train
24967,train
25596,train
64677,train
64877,train
45180,train
60655,train
13179,train
5906,train
55359,train
48282,train
36926,train
45331,train
52827,train
41005,train
49246,train
20006,train
33873,train
5668,train
68130,train
26322,train
44885,train
61673,train
37904,train
12790,train
45615,train
31199,train
54301,train
15025,train
29395,train
34894,train
66207,train
29872,train
47861,train
62400,train
62618,train
32704,train
43795,train
42259,train
34150,train
22240,train
58266,train
25509,train
465,train
26968,train
70461,train
63065,train
322,train
36775,train
20018,train
42657,train
27901,train
33225,train
33746,train
66421,train
30294,train
52998,train
51831,train
11213,train
17551,train
53052,train
42060,train
24434,train
47169,train
38308,train
47873,train
46394,train
15342,train
66122,train
34018,train
9341,train
24744,train
36191,train
58755,train
26984,train
7161,train
24145,train
35043,train
12106,train
56688,train
61772,train
47480,train
61862,train
44335,train
10028,train
38126,train
65098,train
12322,train
55596,train
8932,train
22196,train
18889,train
69320,train
50076,train
30730,train
43188,train
4405,train
12677,train
26585,train
27229,train
15864,train
68937,train
43104,train
29430,train
34105,train
43153,train
63707,train
70174,train
56430,train
56763,train
24842,train
12082,train
9913,train
52642,train
18434,train
7065,train
20331,train
22748,train
48065,train
49276,train
59756,train
68564,train
62441,train
15163,train
66470,train
51402,train
63495,train
1050,train
13603,train
64083,train
490,train
5614,train
30374,train
12719,train
29451,train
39711,train
4831,train
52421,train
70674,train
12539,train
10231,train
14709,train
20758,train
6402,train
957,train
54855,train
2219,train
11873,train
55086,train
1996,train
68610,train
61478,train
15775,train
22705,train
43728,train
53558,train
30377,train
3455,train
33627,train
64773,train
3791,train
48628,train
41580,train
22760,train
27742,train
20882,train
36792,train
47057,train
70491,train
29420,train
25289,train
26050,train
10596,train
29575,train
26461,train
29925,train
20715,train
55787,train
43205,train
44596,train
43126,train
68692,train
41507,train
20868,train
65925,train
54133,train
70193,train
41279,train
5054,train
6771,train
19063,train
27906,train
12847,train
61669,train
17075,train
5090,train
56740,train
70317,train
24357,train
1890,train
36889,train
8521,train
16295,train
52497,train
29098,train
7049,train
53588,train
47943,train
15609,train
3022,train
32264,train
13166,train
18621,train
54760,train
31617,train
69296,train
50762,train
60375,train
12105,train
8132,train
6092,train
63152,train
23594,train
1268,train
62877,train
48578,train
27255,train
35715,train
15023,train
5414,train
25149,train
23843,train
69114,train
61411,train
50847,train
39281,train
1699,train
38691,train
24996,train
55136,train
17861,train
69172,train
34808,train
70360,train
66732,train
13914,train
40049,train
47937,train
50445,train
11853,train
39586,train
7074,train
2508,train
13369,train
36224,train
3502,train
55468,train
39555,train
55230,train
59704,train
33010,train
46077,train
67061,train
64088,train
13526,train
70545,train
12576,train
49520,train
719,train
29748,train
18580,train
1477,train
49107,train
44951,train
54594,train
10717,train
5739,train
12056,train
33867,train
68765,train
31306,train
7496,train
1189,train
3128,train
63244,train
36348,train
41779,train
47557,train
15135,train
6481,train
61378,train
4338,train
51716,train
62873,train
10034,train
15282,train
8726,train
19625,train
22976,train
12897,train
40951,train
27471,train
59589,train
28497,train
39436,train
32296,train
66117,train
24944,train
31766,train
51459,train
52715,train
51287,train
60555,train
1162,train
32667,train
52481,train
47454,train
57672,train
12761,train
21143,train
49713,train
30797,train
47344,train
580,train
53875,train
33164,train
43905,train
747,train
56610,train
19401,train
40993,train
24087,train
42623,train
49928,train
39466,train
7592,train
22356,train
40680,train
3413,train
27958,train
15327,train
30662,train
54088,train
33713,train
33439,train
13667,train
33639,train
50040,train
15329,train
9070,train
31314,train
48649,train
10427,train
2745,train
42154,train
30463,train
1655,train
36004,train
2279,train
3780,train
35032,train
68194,train
3008,train
28485,train
63451,train
58951,train
53299,train
39302,train
69753,train
24223,train
17844,train
24426,train
15553,train
23319,train
25093,train
39400,train
31826,train
24830,train
44074,train
68511,train
5679,train
42585,train
18600,train
34703,train
24502,train
39981,train
35801,train
58879,train
43338,train
27625,train
7983,train
7386,train
50600,train
68425,train
20044,train
62342,train
1455,train
20951,train
54203,train
49063,train
27052,train
12245,train
16981,train
43146,train
60656,train
12685,train
44891,train
26885,train
21129,train
68809,train
22709,train
45021,train
58798,train
30299,train
44934,train
70477,train
14222,train
24490,train
31474,train
60244,train
12509,train
62233,train
63921,train
42535,train
64314,train
34132,train
40521,train
55569,train
65311,train
20735,train
33151,train
48224,train
48238,train
56224,train
37967,train
62168,train
58363,train
63547,train
48724,train
55628,train
69192,train
38244,train
27524,train
21999,train
50563,train
37527,train
69829,train
21862,train
21370,train
28181,train
18364,train
55498,train
5908,train
35785,train
59799,train
39977,train
43027,train
70408,train
699,train
67837,train
51048,train
59170,train
68764,train
663,train
28231,train
52914,train
63170,train
7654,train
61760,train
25911,train
60504,train
67552,train
16423,train
53761,train
22600,train
54654,train
45340,train
40067,train
40015,train
15127,train
27450,train
41337,train
30525,train
12816,train
16418,train
36765,train
14280,train
14209,train
12500,train
62390,train
41164,train
210,train
50487,train
12471,train
1210,train
66834,train
28194,train
14740,train
40472,train
66516,train
18891,train
70001,train
6974,train
31397,train
9031,train
33878,train
67158,train
44713,train
44758,train
66501,train
27367,train
35432,train
48555,train
27243,train
65665,train
10217,train
46158,train
33995,train
58574,train
45882,train
6590,train
35387,train
22047,train
11508,train
18884,train
7902,train
48104,train
12784,train
45296,train
21813,train
61459,train
66271,train
7681,train
3476,train
11820,train
34619,train
59487,train
60175,train
18680,train
43054,train
67781,train
8047,train
14491,train
19160,train
4559,train
21386,train
38335,train
23938,train
60711,train
64988,train
50454,train
54031,train
69450,train
39938,train
8717,train
3679,train
22678,train
54321,train
56112,train
13906,train
46856,train
43528,train
63850,train
3633,train
26762,train
53132,train
18890,train
67404,train
50235,train
64340,train
11731,train
51464,train
20270,train
25426,train
47385,train
26643,train
5479,train
51185,train
41583,train
56279,train
40445,train
25297,train
28562,train
3054,train
41308,train
6237,train
28539,train
11767,train
1565,train
61068,train
24968,train
1047,train
31790,train
1390,train
35768,train
36288,train
60942,train
47273,train
55993,train
33456,train
47533,train
16619,train
38399,train
54202,train
41412,train
39393,train
32426,train
60826,train
37226,train
40539,train
8885,train
41265,train
55124,train
43258,train
53748,train
47765,train
26421,train
60482,train
46772,train
70472,train
54786,train
65656,train
36945,train
52851,train
30693,train
28016,train
50749,train
17027,train
45992,train
45808,train
30692,train
15204,train
16390,train
8066,train
48842,train
67899,train
50664,train
22502,train
64477,train
45043,train
2374,train
31805,train
9016,train
57692,train
66324,train
47139,train
63307,train
19894,train
16537,train
70401,train
7200,train
62797,train
34627,train
63247,train
40855,train
51818,train
18641,train
31100,train
28464,train
43496,train
40621,train
58035,train
61508,train
29351,train
58129,train
5046,train
53401,train
486,train
11150,train
9497,train
68288,train
44944,train
10456,train
2563,train
25196,train
51093,train
52881,train
48605,train
28084,train
15099,train
47091,train
26514,train
34042,train
39930,train
16230,train
1146,train
61988,train
678,train
57881,train
23248,train
30802,train
39373,train
69646,train
24507,train
25618,train
54633,train
21531,train
3579,train
43960,train
16941,train
41594,train
37316,train
12100,train
53871,train
752,train
8218,train
58689,train
54151,train
32371,train
31001,train
4770,train
20876,train
3449,train
37094,train
56747,train
36657,train
58967,train
2114,train
31513,train
40719,train
23443,train
2806,train
69584,train
34444,train
13071,train
68074,train
35150,train
29619,train
37634,train
36642,train
32395,train
61888,train
6976,train
52199,train
26618,train
55420,train
14442,train
34189,train
27342,train
64464,train
53224,train
33972,train
33884,train
60401,train
63211,train
14395,train
67220,train
58104,train
48429,train
9991,train
22564,train
68724,train
51470,train
48146,train
22082,train
65193,train
94,train
35123,train
47078,train
61855,train
7258,train
12804,train
66940,train
42913,train
6540,train
49687,train
40820,train
57381,train
69719,train
46987,train
31025,train
15582,train
66288,train
25386,train
61795,train
28689,train
21166,train
30634,train
14916,train
12644,train
69223,train
62410,train
13347,train
55861,train
38800,train
54277,train
19241,train
28741,train
58964,train
29130,train
15410,train
18662,train
27466,train
36393,train
54274,train
23532,train
815,train
27133,train
63480,train
63817,train
8629,train
2154,train
61650,train
24154,train
41397,train
15240,train
48301,train
53333,train
8036,train
60930,train
54685,train
16101,train
70676,train
44092,train
23830,train
9957,train
29453,train
52140,train
60124,train
54703,train
46986,train
8852,train
3179,train
36665,train
50750,train
54318,train
4114,train
11401,train
1532,train
1171,train
52240,train
57981,train
59111,train
40329,train
57648,train
56750,train
35157,train
21072,train
7373,train
12518,train
34815,train
49914,train
51485,train
46405,train
34735,train
17334,train
60517,train
18888,train
37907,train
51336,train
18964,train
21179,train
58086,train
69816,train
43132,train
41046,train
8308,train
39971,train
38622,train
8247,train
50912,train
66984,train
75,train
36818,train
54303,train
69428,train
26849,train
20196,train
40611,train
15564,train
51392,train
38664,train
25513,train
10188,train
23916,train
59564,train
51371,train
67816,train
19366,train
12827,train
25595,train
50389,train
3397,train
58578,train
18912,train
30968,train
48207,train
34632,train
8170,train
69934,train
18922,train
12347,train
14059,train
18938,train
12640,train
67325,train
9719,train
51927,train
23963,train
15848,train
67827,train
33580,train
63110,train
62815,train
5641,train
24174,train
9713,train
52307,train
40143,train
10852,train
4286,train
24916,train
50918,train
13923,train
883,train
59529,train
4812,train
34561,train
33269,train
11016,train
12346,train
51650,train
46638,train
64270,train
56102,train
17720,train
8046,train
13464,train
37861,train
40948,train
19333,train
40295,train
24780,train
23738,train
39636,train
52447,train
2986,train
40330,train
24683,train
68457,train
45120,train
67925,train
43225,train
41307,train
8542,train
19247,train
32324,train
30701,train
55438,train
31744,train
40270,train
698,train
64070,train
23408,train
70473,train
69434,train
14139,train
3402,train
48025,train
58518,train
21599,train
5787,train
24447,train
51531,train
21889,train
50394,train
54945,train
59510,train
33232,train
17092,train
1266,train
19921,train
68015,train
30135,train
59883,train
2083,train
15222,train
17965,train
16651,train
55360,train
13634,train
33213,train
782,train
59705,train
38640,train
34865,train
58761,train
13378,train
32759,train
42432,train
12953,train
34290,train
43369,train
43121,train
53622,train
57950,train
66226,train
59471,train
42245,train
65836,train
2334,train
57290,train
29708,train
38434,train
37806,train
40845,train
12189,train
28434,train
65554,train
21139,train
19097,train
25540,train
31959,train
41896,train
36265,train
41239,train
60902,train
13124,train
57902,train
32592,train
51362,train
63569,train
25892,train
19418,train
44609,train
69968,train
82,train
28417,train
22925,train
34914,train
7856,train
60991,train
1740,train
45735,train
9600,train
56577,train
62329,train
59776,train
62768,train
22551,train
15395,train
14376,train
40671,train
31743,train
10815,train
19908,train
53250,train
48019,train
31720,train
48253,train
54038,train
24947,train
26890,train
66295,train
29635,train
67422,train
20212,train
3577,train
43118,train
42292,train
48532,train
19797,train
45105,train
51140,train
30080,train
2510,train
38989,train
64671,train
25281,train
29282,train
10859,train
33765,train
8642,train
40400,train
53679,train
63611,train
36417,train
52454,train
46411,train
3470,train
18245,train
44673,train
57142,train
15771,train
28874,train
13149,train
51245,train
44818,train
48323,train
64638,train
62272,train
36364,train
45928,train
69634,train
20700,train
34329,train
2326,train
33484,train
25731,train
42611,train
27333,train
29110,train
44919,train
34125,train
9344,train
68741,train
19312,train
21419,train
21226,train
21789,train
7068,train
69831,train
12097,train
6054,train
24781,train
566,train
28843,train
21108,train
41911,train
51329,train
58113,train
67884,train
12470,train
16021,train
56652,train
47035,train
30032,train
9553,train
40081,train
50874,train
52369,train
63823,train
70145,train
32590,train
44684,train
55757,train
60505,train
24422,train
25447,train
21158,train
13028,train
39802,train
36707,train
6,train
29852,train
11482,train
54575,train
18903,train
16772,train
31532,train
32585,train
11764,train
15404,train
2016,train
32733,train
21912,train
16936,train
69140,train
33706,train
17796,train
16461,train
31692,train
32444,train
42416,train
2035,train
1774,train
57977,train
36836,train
11218,train
9502,train
18829,train
25545,train
39212,train
37476,train
62860,train
61291,train
66268,train
33144,train
62968,train
70314,train
4138,train
41158,train
62665,train
40630,train
1511,train
24493,train
9357,train
24510,train
60750,train
41188,train
19109,train
69799,train
57111,train
317,train
1570,train
32686,train
35935,train
3011,train
69326,train
39702,train
55901,train
28519,train
9885,train
33770,train
11774,train
20444,train
52578,train
16949,train
68700,train
19907,train
6050,train
25623,train
69819,train
43413,train
5631,train
18918,train
62612,train
55098,train
43919,train
57661,train
64505,train
6806,train
55434,train
63927,train
17875,train
11183,train
62143,train
14589,train
53026,train
44893,train
17087,train
18589,train
37751,train
67261,train
18128,train
58163,train
65464,train
25654,train
29918,train
48819,train
57348,train
24884,train
45077,train
69806,train
55052,train
45760,train
53810,train
40793,train
51439,train
6998,train
58706,train
64814,train
20218,train
59263,train
18177,train
22545,train
39426,train
55235,train
64628,train
49843,train
66459,train
65876,train
19891,train
57850,train
38895,train
37123,train
50596,train
49592,train
37271,train
53374,train
31375,train
39867,train
4635,train
52302,train
5323,train
66337,train
22710,train
23775,train
61022,train
15998,train
24756,train
42125,train
1138,train
54641,train
54306,train
2092,train
68933,train
17650,train
36625,train
36691,train
39850,train
28349,train
38184,train
21290,train
9254,train
36389,train
12641,train
58343,train
55368,train
53532,train
31979,train
46868,train
59425,train
52269,train
30813,train
67143,train
65182,train
63207,train
4911,train
38212,train
20660,train
10326,train
58282,train
39875,train
23122,train
26014,train
58243,train
19082,train
17289,train
49418,train
25872,train
51121,train
69362,train
38625,train
29643,train
17970,train
45894,train
10130,train
16896,train
11535,train
24302,train
53830,train
47675,train
42065,train
4905,train
70428,train
47371,train
21635,train
46287,train
48307,train
65237,train
54379,train
27396,train
69444,train
60385,train
7029,train
54555,train
47256,train
35580,train
2794,train
52704,train
15435,train
55290,train
23263,train
34140,train
56893,train
60736,train
32225,train
39243,train
30869,train
54567,train
17822,train
10671,train
20114,train
17842,train
14936,train
54809,train
59978,train
3822,train
16425,train
68356,train
48759,train
24604,train
33684,train
648,train
62601,train
4207,train
68754,train
9594,train
58090,train
41934,train
47300,train
46054,train
37889,train
417,train
58684,train
64059,train
17162,train
15934,train
16963,train
64102,train
9935,train
16303,train
44226,train
62343,train
61380,train
57312,train
51973,train
16948,train
1671,train
27394,train
70216,train
4610,train
50330,train
10143,train
51886,train
47957,train
59377,train
23734,train
7882,train
45528,train
16976,train
27099,train
8913,train
39189,train
22629,train
4267,train
41165,train
33282,train
65550,train
24273,train
60176,train
25550,train
59856,train
1250,train
22190,train
34319,train
19507,train
9088,train
20025,train
58889,train
6240,train
60085,train
31563,train
665,train
59416,train
43131,train
38323,train
50694,train
15371,train
26515,train
38479,train
22475,train
12108,train
26963,train
8153,train
19829,train
43148,train
45018,train
50817,train
46669,train
13020,train
27941,train
4705,train
23277,train
17059,train
2339,train
9307,train
31320,train
51046,train
36031,train
40716,train
21697,train
65542,train
34993,train
35317,train
29245,train
15291,train
32636,train
70105,train
41500,train
46690,train
8323,train
38740,train
14335,train
48,train
9564,train
32192,train
9082,train
4252,train
5372,train
31376,train
38181,train
59835,train
24282,train
29490,train
69679,train
48840,train
19388,train
68925,train
24120,train
62144,train
62789,train
7097,train
17135,train
14427,train
37998,train
33027,train
70342,train
54875,train
35300,train
70539,train
19721,train
60843,train
69369,train
23473,train
55751,train
39927,train
21240,train
30628,train
52838,train
66891,train
62200,train
15551,train
1072,train
36600,train
25732,train
31039,train
9354,train
7538,train
5645,train
58543,train
16518,train
26850,train
54717,train
47869,train
54767,train
65205,train
14664,train
70608,train
54700,train
3772,train
26998,train
64476,train
48646,train
13556,train
42572,train
41525,train
40155,train
17080,train
14579,train
8009,train
19059,train
40788,train
62525,train
14796,train
56931,train
578,train
9218,train
58258,train
66674,train
58539,train
24923,train
49935,train
59086,train
68599,train
13559,train
44841,train
70187,train
17921,train
42790,train
51472,train
44835,train
33968,train
41478,train
16987,train
44689,train
1251,train
9284,train
10816,train
25217,train
22978,train
37707,train
30043,train
12458,train
32949,train
41962,train
25293,train
50528,train
59039,train
11489,train
54298,train
31363,train
37538,train
33329,train
28298,train
40608,train
1847,train
48827,train
28340,train
65846,train
17605,train
64443,train
27161,train
54168,train
68708,train
5382,train
29128,train
51272,train
49329,train
5122,train
6338,train
12227,train
50778,train
13597,train
25161,train
42926,train
33592,train
16241,train
1207,train
59750,train
59040,train
64711,train
53974,train
54659,train
36679,train
57574,train
68025,train
65902,train
25245,train
40202,train
53629,train
25140,train
7467,train
5984,train
17777,train
58241,train
23525,train
2929,train
11777,train
50412,train
16944,train
23888,train
52291,train
51671,train
58646,train
63253,train
45281,train
16473,train
42390,train
56353,train
29799,train
20249,train
43710,train
2416,train
33862,train
36760,train
68616,train
15109,train
18467,train
67762,train
31668,train
36411,train
27699,train
15954,train
21097,train
56056,train
47648,train
41765,train
19400,train
68359,train
56807,train
66454,train
36994,train
1130,train
32819,train
30254,train
58590,train
27082,train
29981,train
3843,train
41551,train
18249,train
70127,train
2272,train
45167,train
55372,train
11234,train
36210,train
39838,train
25310,train
39716,train
35342,train
35876,train
62301,train
3126,train
14117,train
57728,train
26575,train
2388,train
6762,train
12181,train
11186,train
49769,train
24534,train
62741,train
58364,train
38872,train
32931,train
5496,train
38760,train
70478,train
36129,train
3918,train
48571,train
66555,train
31180,train
45409,train
2869,train
24742,train
12732,train
32282,train
60408,train
5277,train
49164,train
21924,train
17308,train
39516,train
60725,train
70089,train
57278,train
67123,train
439,train
45190,train
58601,train
15396,train
10608,train
50559,train
42477,train
48691,train
20131,train
13830,train
19937,train
35769,train
15224,train
49617,train
8586,train
34344,train
17365,train
8893,train
35914,train
43297,train
31239,train
26490,train
69566,train
16697,train
41822,train
4743,train
1648,train
3773,train
26149,train
59167,train
41470,train
60052,train
35488,train
66085,train
24551,train
62045,train
44034,train
14951,train
52995,train
20789,train
7570,train
40697,train
31045,train
22727,train
16013,train
54806,train
50267,train
26108,train
58280,train
36676,train
28071,train
59229,train
70488,train
62205,train
68665,train
54992,train
7614,train
13734,train
13141,train
48935,train
46599,train
57770,train
2689,train
51957,train
66365,train
8461,train
13614,train
61037,train
63653,train
10600,train
1438,train
63231,train
55755,train
57579,train
38661,train
55899,train
52052,train
63998,train
2830,train
69582,train
11214,train
46709,train
58930,train
26719,train
33452,train
32175,train
27305,train
65489,train
70316,train
35487,train
47341,train
41229,train
8402,train
19139,train
15002,train
9570,train
11654,train
13736,train
30082,train
45135,train
19803,train
7892,train
69053,train
65345,train
67924,train
2728,train
62409,train
24205,train
40101,train
47465,train
40254,train
28794,train
51771,train
46648,train
1750,train
25142,train
39617,train
11612,train
21297,train
18861,train
49302,train
39667,train
618,train
41992,train
37211,train
44681,train
6239,train
56329,train
43910,train
69028,train
70574,train
64864,train
20005,train
13390,train
61745,train
66035,train
23976,train
52095,train
20077,train
39973,train
11238,train
40428,train
66234,train
67581,train
39612,train
43279,train
63214,train
48420,train
23652,train
41833,train
24907,train
62889,train
32202,train
35764,train
32233,train
5745,train
8833,train
58990,train
19161,train
40052,train
7922,train
15385,train
40914,train
47258,train
28608,train
30174,train
13723,train
35063,train
38666,train
38897,train
42756,train
16694,train
17084,train
42003,train
68467,train
64960,train
58038,train
58170,train
41813,train
68842,train
43925,train
61617,train
59874,train
26534,train
18038,train
27519,train
49753,train
69724,train
64215,train
57713,train
47721,train
12967,train
12431,train
28013,train
37323,train
68573,train
7515,train
21868,train
64997,train
42915,train
34671,train
48953,train
39912,train
41,train
44777,train
5502,train
69668,train
54662,train
16063,train
4990,train
53312,train
64054,train
46484,train
32915,train
21671,train
22242,train
14366,train
28096,train
26513,train
52445,train
3018,train
49092,train
68769,train
6557,train
13125,train
67417,train
787,train
35892,train
25755,train
24421,train
23109,train
33797,train
19431,train
14997,train
34493,train
6137,train
25698,train
62054,train
57635,train
57425,train
33100,train
22368,train
11585,train
15574,train
8969,train
19881,train
24709,train
64172,train
15600,train
42493,train
19455,train
28208,train
7326,train
44406,train
51847,train
31565,train
11327,train
30361,train
50467,train
57174,train
51907,train
65918,train
42415,train
7535,train
38100,train
41227,train
69931,train
10508,train
5688,train
57893,train
51174,train
11198,train
733,train
49787,train
8782,train
26253,train
9347,train
53544,train
44815,train
56619,train
4404,train
7482,train
44617,train
21846,train
64900,train
69779,train
46208,train
34570,train
68896,train
62175,train
44082,train
45749,train
37999,train
10016,train
8778,train
10945,train
61620,train
33774,train
32090,train
70630,train
30148,train
63925,train
6690,train
25279,train
16083,train
35071,train
1335,train
13967,train
56072,train
31696,train
69251,train
64947,train
30751,train
51579,train
30886,train
17350,train
56194,train
33844,train
18197,train
60145,train
9932,train
36377,train
59797,train
56017,train
840,train
41054,train
2671,train
29357,train
36885,train
19874,train
21913,train
45588,train
19342,train
10366,train
31088,train
27570,train
14826,train
6832,train
29989,train
57325,train
33747,train
40203,train
25326,train
68880,train
38883,train
35571,train
19939,train
50875,train
22597,train
11417,train
42753,train
53731,train
46497,train
56896,train
62402,train
60478,train
55739,train
42533,train
16789,train
35276,train
36263,train
17379,train
48090,train
57558,train
38891,train
18880,train
15993,train
55182,train
38735,train
42088,train
68615,train
66116,train
23865,train
10492,train
15865,train
39026,train
21945,train
45044,train
63251,train
35503,train
25811,train
4546,train
3980,train
52365,train
51990,train
58140,train
50388,train
31497,train
2320,train
32916,train
46958,train
34936,train
44915,train
45863,train
44828,train
60119,train
5547,train
58631,train
37816,train
66127,train
44738,train
32008,train
23266,train
1769,train
23770,train
16710,train
21575,train
41946,train
13555,train
57545,train
44870,train
24368,train
13123,train
38675,train
24932,train
56697,train
59477,train
1844,train
24184,train
35707,train
22171,train
21874,train
48177,train
16115,train
32329,train
35672,train
58462,train
14759,train
10516,train
65739,train
24839,train
52749,train
52945,train
66605,train
42138,train
32095,train
42564,train
42362,train
33516,train
21452,train
70485,train
17750,train
15917,train
6624,train
43383,train
50013,train
14476,train
30123,train
46232,train
46198,train
53989,train
32926,train
40871,train
33756,train
48330,train
57449,train
8869,train
20209,train
30625,train
32398,train
3020,train
47489,train
53574,train
11907,train
24521,train
105,train
42233,train
46737,train
70411,train
6341,train
38304,train
62928,train
50576,train
10256,train
46060,train
55371,train
6873,train
53590,train
45903,train
6642,train
49214,train
22335,train
45612,train
66176,train
26614,train
5056,train
25572,train
36667,train
30844,train
62346,train
7033,train
60739,train
15308,train
41225,train
70394,train
53504,train
3676,train
54050,train
63535,train
58372,train
6595,train
51408,train
3182,train
62050,train
38422,train
32981,train
13814,train
10406,train
34270,train
66147,train
28050,train
58132,train
33242,train
54500,train
41435,train
41102,train
49044,train
5166,train
30837,train
62787,train
5365,train
42917,train
37373,train
69977,train
39781,train
30800,train
58847,train
11305,train
54473,train
35744,train
70274,train
56604,train
55185,train
67989,train
21228,train
65737,train
70279,train
36572,train
26374,train
1135,train
22954,train
1788,train
56678,train
35313,train
10986,train
53957,train
45174,train
65848,train
7357,train
38248,train
9922,train
45031,train
11699,train
57072,train
1873,train
56030,train
65640,train
57636,train
24090,train
11879,train
70269,train
15761,train
32297,train
69744,train
38748,train
34720,train
49959,train
63971,train
7198,train
50684,train
64385,train
8796,train
14570,train
39296,train
62549,train
2394,train
5658,train
29004,train
17576,train
63563,train
14983,train
57483,train
20230,train
62469,train
40527,train
52133,train
32035,train
27017,train
38856,train
49355,train
69690,train
38005,train
53759,train
15944,train
20960,train
3185,train
37605,train
12602,train
60056,train
48669,train
25349,train
37157,train
63005,train
58263,train
55338,train
25102,train
40125,train
1555,train
53583,train
38873,train
6235,train
58701,train
62708,train
59536,train
6627,train
36160,train
23207,train
65536,train
30811,train
3390,train
11044,train
52432,train
43810,train
6130,train
58124,train
25602,train
55564,train
45933,train
69521,train
11772,train
54316,train
26922,train
19053,train
44141,train
14663,train
36014,train
16474,train
45148,train
39863,train
46234,train
37018,train
3535,train
15010,train
31636,train
58062,train
33307,train
11780,train
38077,train
30124,train
7672,train
55526,train
13719,train
2875,train
52450,train
38798,train
60285,train
64928,train
51552,train
51427,train
27861,train
39965,train
33271,train
29374,train
7303,train
40012,train
32459,train
57310,train
9569,train
61401,train
50512,train
57834,train
1914,train
61820,train
13495,train
56957,train
10017,train
36901,train
5302,train
24484,train
61094,train
37212,train
16085,train
22714,train
53820,train
39377,train
7807,train
69319,train
15504,train
58828,train
6641,train
5972,train
33025,train
27197,train
52165,train
28742,train
49073,train
49551,train
15845,train
50614,train
14140,train
39141,train
63183,train
18076,train
56292,train
43445,train
14000,train
32211,train
5754,train
60546,train
65366,train
20432,train
6430,train
57470,train
59127,train
3410,train
1549,train
54155,train
14777,train
63378,train
47265,train
54656,train
15300,train
16035,train
40595,train
2377,train
55921,train
6315,train
64613,train
34534,train
52015,train
7923,train
63923,train
55684,train
43344,train
65450,train
2445,train
24746,train
43045,train
53858,train
46607,train
47885,train
15958,train
2456,train
61789,train
13213,train
45800,train
36213,train
42391,train
20388,train
68494,train
3322,train
2261,train
13780,train
35120,train
68690,train
45238,train
54079,train
50202,train
12597,train
42936,train
6216,train
65254,train
49387,train
61229,train
31932,train
28901,train
20109,train
14409,train
68278,train
63894,train
67607,train
43827,train
2577,train
4968,train
26874,train
60844,train
65589,train
43438,train
49530,train
21541,train
56141,train
16191,train
62698,train
59639,train
3325,train
22940,train
12837,train
38051,train
35003,train
22957,train
28909,train
66257,train
22825,train
13431,train
36148,train
9340,train
52312,train
43757,train
38320,train
47622,train
12274,train
53186,train
70397,train
68923,train
9551,train
28645,train
61247,train
60079,train
8187,train
2462,train
62980,train
48941,train
10442,train
14660,train
20961,train
67991,train
16931,train
22092,train
23795,train
40838,train
48087,train
9337,train
68315,train
58172,train
25410,train
66669,train
38517,train
53821,train
60773,train
26791,train
70254,train
4555,train
2034,train
51443,train
54498,train
34473,train
2578,train
13222,train
39074,train
10749,train
2658,train
65232,train
53525,train
67575,train
55998,train
24779,train
27390,train
25554,train
21519,train
16879,train
41568,train
13294,train
29476,train
40822,train
25171,train
41600,train
22012,train
8536,train
17362,train
50096,train
6307,train
7846,train
64283,train
50794,train
308,train
55951,train
9181,train
13826,train
3667,train
43822,train
51319,train
45476,train
1531,train
6530,train
1783,train
21450,train
27772,train
31114,train
46885,train
40029,train
42048,train
18296,train
62364,train
54046,train
6364,train
33474,train
57110,train
5088,train
23967,train
10675,train
19230,train
13812,train
25108,train
40481,train
19689,train
19173,train
58854,train
496,train
18686,train
26718,train
56293,train
6588,train
19450,train
31524,train
41007,train
24102,train
61144,train
52381,train
49229,train
3768,train
25549,train
26854,train
51447,train
54735,train
21230,train
15421,train
60509,train
51790,train
14466,train
30256,train
55986,train
67154,train
10527,train
46169,train
26843,train
8160,train
44541,train
2836,train
66072,train
38263,train
12257,train
15238,train
22249,train
43689,train
4690,train
59908,train
4591,train
7451,train
27959,train
60008,train
6052,train
32050,train
2608,train
6533,train
6532,train
42596,train
31589,train
48961,train
14387,train
58198,train
50232,train
24467,train
67714,train
34729,train
18619,train
21721,train
8976,train
41030,train
41004,train
62555,train
41835,train
8875,train
10512,train
16594,train
3765,train
53939,train
10851,train
1024,train
55251,train
39768,train
36057,train
17564,train
11459,train
38287,train
60745,train
52333,train
64077,train
23919,train
26677,train
49691,train
30799,train
1859,train
34584,train
6775,train
43055,train
31244,train
54385,train
13561,train
26330,train
29030,train
22855,train
19006,train
20169,train
41867,train
45505,train
31380,train
2837,train
52385,train
9784,train
46543,train
40502,train
57448,train
30499,train
62102,train
10457,train
5598,train
42198,train
37096,train
69426,train
8260,train
43741,train
12326,train
20679,train
12968,train
11154,train
18599,train
44819,train
23911,train
11837,train
3208,train
23605,train
30467,train
684,train
36815,train
69118,train
26111,train
24950,train
50736,train
57503,train
29683,train
20671,train
31853,train
66408,train
34545,train
24591,train
69049,train
20577,train
28380,train
24901,train
9239,train
8535,train
6729,train
9216,train
19845,train
28399,train
69216,train
34920,train
69495,train
24417,train
53202,train
21523,train
26624,train
36611,train
133,train
68263,train
16639,train
46475,train
47912,train
57156,train
8681,train
35019,train
65896,train
37718,train
44844,train
49325,train
47889,train
33037,train
47625,train
1472,train
7242,train
21521,train
12250,train
39114,train
3926,train
3112,train
11952,train
20007,train
39438,train
40915,train
8798,train
70280,train
38012,train
64401,train
9304,train
28988,train
8082,train
22444,train
51276,train
38168,train
42279,train
65972,train
19541,train
32464,train
48467,train
33827,train
38854,train
32139,train
59783,train
10958,train
37934,train
57698,train
3699,train
18597,train
63600,train
9783,train
12170,train
52491,train
44856,train
2910,train
48063,train
13459,train
18825,train
13163,train
30187,train
28853,train
63962,train
7587,train
69802,train
25330,train
4923,train
59052,train
10227,train
8614,train
51160,train
70310,train
20367,train
47940,train
36821,train
6183,train
70354,train
40110,train
31290,train
18398,train
14654,train
11524,train
57546,train
38802,train
63412,train
38497,train
25437,train
24015,train
69041,train
12499,train
52436,train
43124,train
18114,train
34529,train
21474,train
37592,train
35955,train
27599,train
10401,train
51226,train
37246,train
17088,train
55178,train
34130,train
7532,train
13167,train
12360,train
18182,train
43723,train
36063,train
652,train
23040,train
2341,train
14123,train
19183,train
60028,train
54400,train
45218,train
54188,train
49519,train
52545,train
41306,train
1219,train
45082,train
26266,train
36165,train
6719,train
39367,train
65417,train
59670,train
34784,train
54935,train
48393,train
38312,train
3574,train
52181,train
67797,train
68213,train
67079,train
6497,train
64399,train
57908,train
63717,train
25355,train
40367,train
54910,train
66540,train
57067,train
45978,train
38719,train
32342,train
65964,train
44663,train
30027,train
40542,train
26344,train
13778,train
26354,train
51709,train
70576,train
67528,train
69341,train
63212,train
2811,train
53137,train
37959,train
31516,train
15856,train
33498,train
66063,train
57754,train
69515,train
36578,train
46651,train
44346,train
25485,train
53523,train
66522,train
6063,train
5707,train
46816,train
54461,train
5990,train
18445,train
62531,train
54047,train
30324,train
27775,train
50009,train
1600,train
910,train
8811,train
27129,train
10322,train
68932,train
56111,train
62994,train
66327,train
51869,train
11746,train
29666,train
58926,train
22035,train
12069,train
37160,train
60456,train
12067,train
40553,train
46108,train
54534,train
53734,train
67561,train
35269,train
1556,train
9795,train
45100,train
63413,train
8220,train
70160,train
28310,train
5340,train
44001,train
58528,train
37076,train
1878,train
63348,train
41403,train
56721,train
18052,train
30710,train
10005,train
11064,train
43114,train
6289,train
32149,train
1839,train
4435,train
39822,train
35281,train
64592,train
64388,train
28725,train
54058,train
20436,train
62001,train
69458,train
67990,train
9444,train
38980,train
17133,train
14278,train
45622,train
51707,train
19177,train
60641,train
40095,train
10812,train
23773,train
5834,train
27990,train
12436,train
46181,train
38373,train
18570,train
55045,train
4854,train
49190,train
6639,train
26692,train
65658,train
7700,train
12510,train
36834,train
43507,train
25783,train
28371,train
34883,train
68652,train
62150,train
70603,train
18709,train
29613,train
28503,train
27368,train
42525,train
32638,train
52582,train
67671,train
36540,train
68622,train
31985,train
28164,train
63920,train
27108,train
14098,train
66296,train
64704,train
14910,train
19919,train
68554,train
28637,train
8035,train
30879,train
10598,train
62063,train
46055,train
67072,train
15110,train
42235,train
37561,train
51164,train
3628,train
38680,train
28098,train
51072,train
62492,train
37114,train
4722,train
51994,train
20299,train
59016,train
2106,train
23216,train
62802,train
21057,train
64684,train
45881,train
58545,train
13917,train
32494,train
4210,train
65082,train
4093,train
50816,train
8826,train
60218,train
52295,train
41117,train
63246,train
20484,train
16168,train
51677,train
50194,train
40700,train
35509,train
56173,train
48606,train
15005,train
17170,train
1538,train
536,train
3246,train
34880,train
24111,train
54553,train
2405,train
65128,train
66907,train
18103,train
61535,train
7086,train
44173,train
45812,train
51996,train
49877,train
50557,train
2226,train
16468,train
7327,train
50325,train
52890,train
22526,train
61400,train
32272,train
17295,train
8635,train
59304,train
18983,train
55844,train
8523,train
29481,train
47884,train
69611,train
33309,train
6205,train
3688,train
67576,train
9319,train
37529,train
68808,train
29257,train
38594,train
5264,train
26873,train
57779,train
39942,train
2463,train
19008,train
49912,train
33347,train
959,train
50661,train
66483,train
15886,train
58510,train
31143,train
10539,train
32700,train
68992,train
15464,train
3583,train
37724,train
56180,train
54153,train
55704,train
4926,train
12689,train
30984,train
65718,train
55109,train
35184,train
66447,train
20795,train
3358,train
33558,train
42620,train
49528,train
2457,train
46605,train
46939,train
37358,train
2985,train
10123,train
35029,train
56580,train
69129,train
63099,train
48269,train
41933,train
29212,train
70297,train
37115,train
49694,train
63267,train
13891,train
23181,train
51661,train
37149,train
37436,train
29671,train
35436,train
56833,train
69357,train
35811,train
44886,train
45156,train
4308,train
27474,train
55019,train
51922,train
46674,train
67966,train
4117,train
46451,train
24127,train
55293,train
58880,train
23293,train
12543,train
32672,train
33140,train
19531,train
26990,train
4037,train
15720,train
11292,train
37042,train
1975,train
41705,train
56347,train
51936,train
67298,train
5478,train
26256,train
5946,train
32485,train
23690,train
69813,train
40774,train
34190,train
58117,train
11037,train
65830,train
4483,train
16006,train
65870,train
38034,train
5449,train
33029,train
61828,train
27495,train
15487,train
5732,train
49310,train
17381,train
56768,train
35988,train
24725,train
59544,train
40024,train
60442,train
61847,train
64784,train
1048,train
32205,train
36567,train
29839,train
22057,train
34565,train
68043,train
41300,train
7322,train
23908,train
4142,train
42879,train
58074,train
5387,train
29477,train
24599,train
36271,train
60898,train
42905,train
56918,train
21107,train
11569,train
32250,train
14119,train
6042,train
11020,train
61869,train
1309,train
23021,train
5939,train
23825,train
35780,train
4031,train
34284,train
20268,train
49577,train
5590,train
9333,train
6602,train
67621,train
4774,train
55043,train
25887,train
38392,train
32723,train
56291,train
14735,train
15297,train
8394,train
34354,train
51425,train
69250,train
13256,train
11725,train
46347,train
53916,train
41379,train
11307,train
42492,train
26678,train
1457,train
10949,train
24858,train
52974,train
45358,train
30906,train
15711,train
43107,train
62262,train
29035,train
3254,train
69027,train
17243,train
57919,train
30727,train
58703,train
19893,train
18639,train
17179,train
3042,train
43429,train
38014,train
19367,train
31119,train
55005,train
68366,train
51357,train
59156,train
40943,train
54653,train
33340,train
51858,train
16122,train
27009,train
49238,train
20378,train
70440,train
25177,train
25652,train
9193,train
635,train
43464,train
62763,train
42883,train
56424,train
42413,train
38329,train
36548,train
40256,train
3000,train
16067,train
23527,train
70464,train
31933,train
34753,train
68397,train
65650,train
48533,train
4933,train
31638,train
22721,train
46727,train
21835,train
25976,train
54639,train
45406,train
5692,train
22918,train
31778,train
34984,train
19002,train
55163,train
60618,train
35023,train
3127,train
38281,train
65988,train
50923,train
31665,train
50670,train
21827,train
3176,train
1326,train
12151,train
18852,train
15469,train
32148,train
6829,train
28431,train
29693,train
56675,train
33503,train
21632,train
17035,train
6917,train
18915,train
38552,train
27528,train
244,train
30290,train
58276,train
29744,train
31063,train
37596,train
49070,train
21377,train
45763,train
58559,train
11179,train
35390,train
55095,train
27791,train
15870,train
64984,train
28745,train
68780,train
55160,train
12791,train
57607,train
57058,train
29952,train
2236,train
61756,train
61331,train
70191,train
44895,train
16373,train
28079,train
52577,train
9306,train
21405,train
7215,train
26715,train
68661,train
42140,train
48939,train
35323,train
53819,train
15347,train
21249,train
20366,train
64001,train
42081,train
62443,train
35469,train
49309,train
1350,train
29169,train
18373,train
54912,train
7494,train
3280,train
18997,train
9770,train
46264,train
14126,train
1784,train
19327,train
37214,train
9206,train
10736,train
31307,train
4325,train
62459,train
32367,train
26716,train
51654,train
48242,train
15655,train
39818,train
5853,train
54837,train
68322,train
27434,train
19530,train
59146,train
65404,train
2987,train
70121,train
56563,train
24196,train
62886,train
1010,train
68650,train
17391,train
66475,train
51542,train
7741,train
6801,train
35257,train
44868,train
14116,train
39993,train
13039,train
59644,train
55557,train
60363,train
6933,train
31887,train
64606,train
44847,train
1150,train
25576,train
3210,train
9464,train
14764,train
9323,train
4415,train
29899,train
9154,train
29190,train
16551,train
52451,train
52452,train
50748,train
36370,train
14674,train
37053,train
27406,train
35802,train
66519,train
38537,train
1452,train
61929,train
21711,train
10438,train
8663,train
44625,train
16493,train
19547,train
36311,train
11528,train
11267,train
27590,train
46828,train
24811,train
68010,train
13411,train
61848,train
7236,train
46746,train
7976,train
30775,train
51688,train
24963,train
4076,train
22636,train
66728,train
25120,train
64396,train
20189,train
20211,train
47907,train
34094,train
48347,train
10383,train
46765,train
64696,train
14853,train
41939,train
27060,train
53361,train
26006,train
2188,train
29311,train
4748,train
36613,train
497,train
55056,train
17487,train
22874,train
20706,train
3870,train
66803,train
29590,train
57863,train
18178,train
29056,train
6434,train
40025,train
11707,train
39688,train
10101,train
23041,train
51346,train
37183,train
3874,train
14196,train
22169,train
56349,train
7368,train
16501,train
28365,train
24682,train
61853,train
53534,train
44772,train
11860,train
24673,train
60713,train
48849,train
35615,train
35383,train
48264,train
54860,train
47695,train
45242,train
67801,train
61325,train
41396,train
51274,train
23480,train
40225,train
20128,train
4269,train
31640,train
36495,train
35799,train
1152,train
66344,train
13420,train
16363,train
18730,train
27259,train
9455,train
18900,train
28,train
19546,train
14739,train
19705,train
55778,train
48631,train
35742,train
2865,train
26156,train
23367,train
54959,train
49268,train
26282,train
55521,train
40740,train
27227,train
65764,train
69604,train
69889,train
44288,train
19273,train
50850,train
49547,train
3650,train
10002,train
68105,train
5075,train
11762,train
32265,train
59830,train
6469,train
38400,train
35388,train
54620,train
3755,train
31433,train
24200,train
3313,train
26018,train
54187,train
62654,train
53098,train
7896,train
52435,train
19911,train
24739,train
33085,train
67092,train
24790,train
65820,train
21873,train
59839,train
44874,train
25515,train
42589,train
67147,train
29998,train
6300,train
69735,train
59430,train
62981,train
63441,train
14205,train
38361,train
18310,train
58768,train
8901,train
4164,train
4553,train
16565,train
50769,train
54260,train
23233,train
35819,train
13493,train
56564,train
70023,train
36469,train
35952,train
7361,train
67802,train
57791,train
9656,train
54099,train
48850,train
7036,train
64520,train
63585,train
19126,train
38929,train
29289,train
4082,train
16335,train
53716,train
26648,train
11771,train
55715,train
7678,train
30266,train
62872,train
18406,train
3267,train
3423,train
14498,train
3654,train
5505,train
32612,train
61893,train
6197,train
61505,train
10076,train
38202,train
52901,train
47335,train
14411,train
20622,train
22364,train
16788,train
25033,train
56396,train
2249,train
38327,train
7270,train
23374,train
53947,train
36339,train
1958,train
62463,train
606,train
62945,train
63316,train
26860,train
40670,train
14102,train
12622,train
42709,train
35398,train
1799,train
5775,train
24476,train
39779,train
18948,train
17725,train
20186,train
55239,train
54210,train
58859,train
22254,train
16447,train
52049,train
45382,train
28786,train
21442,train
61640,train
60506,train
39604,train
42470,train
44883,train
38137,train
11969,train
20922,train
63336,train
18412,train
37097,train
48305,train
48705,train
34853,train
3511,train
54587,train
34586,train
30517,train
61539,train
22164,train
780,train
29990,train
64156,train
30876,train
22970,train
51773,train
63635,train
5842,train
64504,train
16194,train
53496,train
58837,train
29161,train
46123,train
67693,train
26477,train
25836,train
24530,train
11801,train
44900,train
34436,train
43918,train
11542,train
52123,train
54783,train
30725,train
28178,train
53995,train
52811,train
35550,train
11988,train
64232,train
57689,train
11555,train
14468,train
9214,train
42853,train
16433,train
32790,train
6363,train
55956,train
7639,train
58934,train
55920,train
36731,train
33210,train
38728,train
49532,train
35875,train
6981,train
37852,train
50996,train
4914,train
56296,train
49441,train
42565,train
857,train
54848,train
61844,train
58011,train
59923,train
6922,train
24629,train
23167,train
18496,train
14462,train
64618,train
39422,train
30473,train
11934,train
54352,train
40048,train
49661,train
9893,train
45811,train
21535,train
36296,train
30611,train
1231,train
30188,train
35675,train
36412,train
57667,train
18035,train
56355,train
57065,train
15819,train
23217,train
6486,train
28367,train
24512,train
36700,train
64116,train
55391,train
34238,train
27881,train
62709,train
22404,train
61850,train
27548,train
67729,train
26753,train
15165,train
2501,train
52777,train
21038,train
9404,train
13433,train
36727,train
61340,train
12711,train
16573,train
69681,train
43346,train
64748,train
33657,train
25409,train
37257,train
43078,train
34756,train
53690,train
39614,train
1067,train
39741,train
37912,train
2514,train
62238,train
38591,train
40652,train
64518,train
26065,train
47722,train
27933,train
67411,train
66129,train
42529,train
58819,train
32191,train
20483,train
55738,train
37232,train
27976,train
24202,train
66853,train
62868,train
18842,train
24787,train
42526,train
25005,train
15946,train
22664,train
25416,train
52654,train
52185,train
25051,train
18812,train
23859,train
52131,train
22412,train
28301,train
47453,train
25617,train
46679,train
19202,train
26453,train
59718,train
69575,train
18443,train
46383,train
64022,train
420,train
5033,train
50086,train
49991,train
59011,train
11461,train
65823,train
52978,train
23608,train
61347,train
32778,train
19248,train
67906,train
42353,train
14257,train
8268,train
7137,train
50416,train
16066,train
4309,train
26985,train
50095,train
38947,train
67677,train
42711,train
21520,train
32853,train
11356,train
21867,train
39431,train
51270,train
56400,train
29838,train
62658,train
11480,train
3852,train
7170,train
54878,train
61770,train
69512,train
70021,train
9860,train
60370,train
50361,train
65392,train
68453,train
57103,train
65985,train
6271,train
17743,train
63518,train
64465,train
51966,train
68065,train
41361,train
40465,train
14549,train
29913,train
64584,train
12713,train
37026,train
47058,train
20737,train
49207,train
57260,train
56887,train
51647,train
10313,train
6883,train
41618,train
12652,train
69511,train
27884,train
22006,train
35913,train
55552,train
7491,train
32160,train
45394,train
41734,train
21611,train
4232,train
12586,train
3623,train
65936,train
11447,train
21220,train
15528,train
15521,train
69441,train
46710,train
66002,train
29177,train
59897,train
54560,train
11640,train
40038,train
45254,train
54636,train
24329,train
66416,train
48937,train
16636,train
55156,train
44594,train
7347,train
31065,train
52475,train
48136,train
18817,train
60215,train
11171,train
54976,train
51916,train
3834,train
62631,train
34060,train
52061,train
65709,train
41654,train
68066,train
65731,train
35997,train
41537,train
35928,train
32589,train
30926,train
13870,train
26691,train
39931,train
63739,train
59682,train
53566,train
9480,train
16120,train
18330,train
50729,train
58014,train
61489,train
20633,train
7239,train
12441,train
66855,train
58617,train
28681,train
48997,train
56055,train
66206,train
49153,train
53494,train
54007,train
17339,train
20548,train
7450,train
19179,train
2889,train
13989,train
67903,train
8745,train
10372,train
68164,train
53041,train
45078,train
37301,train
10722,train
61207,train
38489,train
25770,train
6131,train
52921,train
36327,train
3674,train
24933,train
9387,train
51094,train
38523,train
65085,train
23303,train
24791,train
29660,train
52200,train
17321,train
13699,train
27943,train
14551,train
14846,train
49481,train
57434,train
10654,train
42461,train
51910,train
8018,train
53990,train
24735,train
43064,train
9662,train
27114,train
15353,train
8324,train
66258,train
24152,train
68873,train
50384,train
32793,train
13768,train
63551,train
38555,train
17232,train
30429,train
3609,train
19358,train
58665,train
11470,train
7793,train
20154,train
40823,train
32026,train
13155,train
43536,train
52970,train
36069,train
55606,train
1243,train
17773,train
12726,train
54408,train
66784,train
39599,train
46431,train
11880,train
33640,train
6909,train
24666,train
57595,train
5450,train
70618,train
33353,train
64461,train
43616,train
9276,train
23228,train
9948,train
55723,train
7520,train
12208,train
32562,train
52355,train
36368,train
32875,train
46474,train
58392,train
19424,train
38727,train
9439,train
20968,train
28494,train
51461,train
2149,train
44581,train
63606,train
40292,train
49396,train
68871,train
65029,train
49684,train
7605,train
33776,train
11466,train
25996,train
10756,train
56206,train
14520,train
62264,train
9114,train
16880,train
62919,train
53410,train
46168,train
64685,train
28694,train
11887,train
66911,train
46305,train
67027,train
56397,train
66821,train
839,train
31918,train
61078,train
27756,train
31041,train
51381,train
4857,train
38692,train
66395,train
66590,train
43652,train
20713,train
46219,train
60890,train
17446,train
20257,train
61941,train
53087,train
61026,train
62652,train
19724,train
54795,train
45061,train
60383,train
46544,train
43654,train
30854,train
32070,train
60601,train
1252,train
31783,train
25990,train
37273,train
1842,train
30212,train
20090,train
32447,train
50525,train
16526,train
27481,train
55439,train
9542,train
14393,train
60037,train
21680,train
21513,train
55228,train
62685,train
21745,train
1408,train
27007,train
10706,train
16274,train
25157,train
64521,train
33907,train
36190,train
2907,train
54030,train
70677,train
18982,train
40341,train
12319,train
50018,train
38928,train
17477,train
27617,train
4124,train
57248,train
50246,train
31288,train
63750,train
2351,train
7309,train
43294,train
62849,train
58997,train
38962,train
66980,train
44573,train
64467,train
26953,train
33506,train
5438,train
11284,train
66610,train
63949,train
25681,train
23410,train
48835,train
1994,train
70338,train
27926,train
49014,train
35045,train
50144,train
30735,train
54565,train
11992,train
64665,train
35025,train
58382,train
17857,train
58804,train
5131,train
68283,train
38380,train
17999,train
55665,train
4829,train
20197,train
16364,train
21371,train
59914,train
24606,train
37303,train
34250,train
8236,train
25741,train
22441,train
27777,train
22615,train
12594,train
38663,train
8480,train
41543,train
62948,train
36779,train
43088,train
50358,train
15593,train
45692,train
8172,train
34377,train
1944,train
55967,train
46345,train
60440,train
10588,train
5341,train
3925,train
11886,train
6018,train
23396,train
52393,train
20254,train
18397,train
50157,train
56246,train
51593,train
56984,train
62032,train
69855,train
23271,train
2076,train
5922,train
13825,train
3909,train
24462,train
6302,train
46018,train
32659,train
66004,train
2345,train
31747,train
1993,train
66966,train
59204,train
56305,train
67365,train
4360,train
69990,train
48481,train
43558,train
54218,train
27532,train
36089,train
4369,train
7184,train
55797,train
60737,train
44939,train
19624,train
55659,train
52844,train
39848,train
40813,train
62791,train
43899,train
20376,train
30824,train
19769,train
20135,train
327,train
22028,train
15661,train
908,train
22102,train
45250,train
66047,train
37308,train
61612,train
36447,train
35888,train
19587,train
43976,train
19596,train
16205,train
5974,train
42375,train
36021,train
34465,train
10263,train
27295,train
19227,train
7657,train
27142,train
40464,train
4532,train
58015,train
46159,train
7916,train
12501,train
11025,train
56091,train
53156,train
37619,train
16761,train
63914,train
62375,train
41503,train
14519,train
50070,train
3621,train
68500,train
3333,train
56966,train
43756,train
45292,train
12579,train
26840,train
59950,train
32281,train
42769,train
31915,train
24719,train
69857,train
39444,train
28642,train
56942,train
47147,train
28070,train
44287,train
62388,train
32827,train
7530,train
1759,train
60954,train
13036,train
32879,train
67533,train
21050,train
51617,train
5562,train
53793,train
37472,train
36845,train
22137,train
69688,train
18847,train
31920,train
48798,train
20454,train
4177,train
52895,train
54268,train
66407,train
51735,train
33823,train
52104,train
49344,train
27576,train
66108,train
57336,train
41025,train
51040,train
56183,train
22167,train
7825,train
40470,train
7648,train
47460,train
44444,train
49395,train
31832,train
64766,train
59414,train
68965,train
46996,train
43074,train
27363,train
43516,train
7470,train
64654,train
56512,train
19682,train
38752,train
2679,train
46840,train
38900,train
64134,train
52377,train
50034,train
10832,train
24795,train
25853,train
40583,train
6226,train
24611,train
19637,train
57121,train
43372,train
51627,train
12859,train
385,train
6067,train
2912,train
70099,train
8675,train
17144,train
58561,train
52900,train
30389,train
51603,train
55957,train
43836,train
62080,train
69261,train
31712,train
64240,train
58656,train
21133,train
34461,train
43776,train
7722,train
46586,train
68367,train
19092,train
29235,train
42047,train
28017,train
56299,train
40679,train
53877,train
66223,train
3204,train
41327,train
61908,train
30507,train
34663,train
11724,train
35893,train
44044,train
23070,train
64562,train
26357,train
28226,train
17860,train
67597,train
49923,train
3055,train
70164,train
11592,train
37632,train
47575,train
31811,train
17888,train
1746,train
47303,train
38161,train
45871,train
45825,train
33887,train
20283,train
29447,train
44152,train
2655,train
37832,train
57953,train
8460,train
40737,train
35690,train
46521,train
47379,train
16672,train
15797,train
14307,train
42971,train
1088,train
25282,train
39392,train
29541,train
53080,train
60630,train
65441,train
19483,train
53999,train
61904,train
19476,train
16491,train
28842,train
49452,train
53014,train
12638,train
1382,train
61422,train
48150,train
40245,train
30688,train
2417,train
25535,train
11038,train
23554,train
53048,train
8801,train
5577,train
51221,train
64125,train
26241,train
64985,train
1785,train
21017,train
29102,train
67224,train
44494,train
35307,train
26462,train
14369,train
59550,train
9447,train
11289,train
4097,train
67737,train
39833,train
56872,train
48881,train
53645,train
43636,train
30420,train
27993,train
21561,train
30932,train
27343,train
20158,train
1081,train
42953,train
68888,train
22641,train
27567,train
58983,train
63236,train
49219,train
23972,train
9653,train
27391,train
14823,train
2000,train
54257,train
61920,train
39701,train
18773,train
262,train
19211,train
29112,train
43674,train
30278,train
29964,train
35224,train
16050,train
67728,train
45779,train
2626,train
53718,train
69839,train
42164,train
21840,train
10513,train
13864,train
5041,train
229,train
13455,train
61091,train
55472,train
33398,train
37081,train
20965,train
2772,train
2321,train
47632,train
38415,train
23397,train
25963,train
65186,train
58196,train
68802,train
68725,train
57618,train
66388,train
34928,train
48334,train
45661,train
28266,train
43947,train
40069,train
45307,train
26835,train
160,train
2895,train
11341,train
36955,train
41285,train
57351,train
48845,train
3492,train
3175,train
8489,train
63650,train
16248,train
28271,train
5536,train
9889,train
3730,train
40525,train
11340,train
14670,train
9906,train
33699,train
36156,train
8441,train
1263,train
26808,train
14857,train
66749,train
4176,train
59134,train
32968,train
3899,train
11652,train
9243,train
14490,train
55110,train
55080,train
30827,train
2688,train
9231,train
33153,train
61553,train
6319,train
22181,train
25582,train
30162,train
1780,train
43421,train
37062,train
13775,train
24972,train
35568,train
8499,train
17737,train
59423,train
54095,train
53790,train
19965,train
28567,train
26136,train
14202,train
22829,train
37152,train
60951,train
57317,train
48399,train
62387,train
17304,train
2942,train
32561,train
18083,train
8657,train
27026,train
32989,train
20183,train
49734,train
23705,train
4160,train
54505,train
58087,train
57929,train
11393,train
15146,train
27558,train
39530,train
2546,train
59499,train
69346,train
54483,train
44066,train
56217,train
29,train
35547,train
58519,train
30049,train
37656,train
13732,train
1467,train
56701,train
4896,train
48752,train
16575,train
34280,train
13871,train
60792,train
37069,train
13151,train
13473,train
11561,train
45047,train
61814,train
67623,train
67437,train
36936,train
14309,train
38572,train
49927,train
18264,train
27446,train
8765,train
23580,train
49196,train
4203,train
69350,train
66593,train
1016,train
56643,train
68995,train
61736,train
54915,train
18653,train
4248,train
43249,train
35454,train
24914,train
24168,train
67132,train
28943,train
47502,train
58454,train
49086,train
59053,train
30037,train
29922,train
144,train
65399,train
5574,train
9527,train
25356,train
4560,train
21987,train
12381,train
37092,train
62573,train
35297,train
29866,train
46934,train
63907,train
11627,train
30669,train
15981,train
7707,train
70443,train
64035,train
55654,train
61630,train
38443,train
4715,train
41391,train
33936,train
61114,train
27619,train
17226,train
19580,train
63248,train
68394,train
17942,train
40907,train
13367,train
13406,train
23728,train
21410,train
54275,train
48921,train
45343,train
39127,train
42160,train
17544,train
34553,train
69701,train
6229,train
67299,train
29022,train
27853,train
4550,train
16219,train
47153,train
5755,train
32333,train
25288,train
16685,train
22345,train
23334,train
44040,train
61303,train
23902,train
60033,train
33813,train
51712,train
48517,train
57109,train
63790,train
39065,train
18916,train
38466,train
45910,train
27766,train
57895,train
39175,train
22200,train
10004,train
59857,train
48959,train
57004,train
47563,train
54710,train
43434,train
5406,train
41541,train
24404,train
47911,train
69691,train
6551,train
19135,train
41085,train
12819,train
55242,train
34454,train
52727,train
7166,train
56696,train
15057,train
36766,train
59753,train
10464,train
39550,train
49559,train
37507,train
15160,train
7789,train
7341,train
45649,train
32813,train
43892,train
50643,train
51386,train
47964,train
20592,train
26829,train
2720,train
34775,train
45829,train
49620,train
31999,train
62439,train
66915,train
9134,train
21708,train
35251,train
26727,train
59277,train
41301,train
52390,train
8012,train
47071,train
12,train
472,train
3807,train
466,train
7263,train
7129,train
2141,train
26726,train
30089,train
17972,train
44231,train
28224,train
42230,train
69569,train
22454,train
10197,train
69452,train
30234,train
26634,train
6249,train
70230,train
60405,train
9232,train
34263,train
9650,train
57272,train
44971,train
17409,train
50632,train
54798,train
52843,train
13916,train
27463,train
6776,train
52060,train
24153,train
33061,train
69746,train
6714,train
18347,train
23787,train
41825,train
63113,train
61832,train
53006,train
69236,train
39223,train
36655,train
5884,train
3067,train
62846,train
16509,train
68597,train
37057,train
34999,train
65324,train
52691,train
9156,train
1499,train
36497,train
30244,train
3844,train
68068,train
40059,train
7456,train
58947,train
39631,train
3658,train
45137,train
31384,train
20487,train
62465,train
1856,train
55010,train
63544,train
31216,train
36960,train
22402,train
48522,train
63121,train
42944,train
29728,train
1792,train
36528,train
12482,train
57847,train
60867,train
38706,train
42907,train
56529,train
67644,train
55170,train
52542,train
6901,train
41629,train
21594,train
64807,train
20757,train
54684,train
61627,train
41601,train
41912,train
67108,train
35024,train
8377,train
10694,train
25239,train
13687,train
35426,train
40148,train
65214,train
57024,train
29778,train
62398,train
40882,train
59952,train
21934,train
31825,train
27204,train
7900,train
39849,train
48227,train
68861,train
962,train
53881,train
19051,train
61704,train
27859,train
51431,train
62812,train
41153,train
52630,train
942,train
22851,train
48471,train
46531,train
5760,train
24978,train
27031,train
45365,train
33614,train
23629,train
3237,train
56249,train
17264,train
6399,train
41615,train
26747,train
59131,train
67582,train
36111,train
26486,train
51639,train
39658,train
66653,train
14072,train
62405,train
12147,train
1594,train
15257,train
65586,train
1822,train
44090,train
12523,train
33570,train
20648,train
8622,train
24906,train
55845,train
62527,train
19350,train
49009,train
63479,train
23175,train
48582,train
48215,train
4304,train
32049,train
17811,train
27938,train
11245,train
28604,train
32713,train
63176,train
45646,train
8876,train
12298,train
56148,train
53766,train
32240,train
25479,train
53091,train
61140,train
39135,train
65487,train
15220,train
42792,train
26343,train
65323,train
16012,train
67495,train
63571,train
1289,train
52633,train
35186,train
63656,train
18142,train
15996,train
7805,train
4840,train
48394,train
41289,train
41037,train
23962,train
36299,train
10357,train
36158,train
60406,train
43734,train
53047,train
42524,train
65952,train
43283,train
44744,train
14429,train
9197,train
20049,train
7168,train
25679,train
39894,train
27738,train
12690,train
54148,train
16137,train
48165,train
22484,train
1893,train
34982,train
20818,train
20420,train
9034,train
59294,train
21300,train
5009,train
53324,train
25637,train
57973,train
67880,train
6749,train
36245,train
11407,train
30616,train
35791,train
67206,train
48387,train
38766,train
7613,train
43860,train
39533,train
17007,train
53030,train
53501,train
33149,train
63009,train
40739,train
54445,train
44477,train
28282,train
66156,train
58116,train
30007,train
46933,train
11168,train
15707,train
34255,train
9373,train
21821,train
3464,train
50057,train
14571,train
31255,train
17598,train
63976,train
55232,train
49222,train
39932,train
46972,train
33616,train
48966,train
25666,train
42602,train
45821,train
48733,train
11700,train
51349,train
53589,train
25802,train
34541,train
58255,train
19555,train
42446,train
40505,train
69153,train
56919,train
17342,train
32662,train
4892,train
27493,train
8758,train
4321,train
41759,train
26284,train
7785,train
6085,train
62509,train
51458,train
58956,train
48488,train
30589,train
51856,train
49198,train
18772,train
23059,train
13661,train
22960,train
65912,train
29979,train
34925,train
42357,train
49127,train
44223,train
6455,train
8872,train
42251,train
50784,train
20918,train
32607,train
65495,train
7259,train
52135,train
40996,train
31338,train
34,train
7891,train
68292,train
19030,train
68019,train
68202,train
33486,train
30326,train
12457,train
29848,train
15179,train
6161,train
35160,train
39214,train
46443,train
51779,train
22867,train
65285,train
33520,train
34294,train
31104,train
6766,train
68462,train
41699,train
11112,train
56547,train
15615,train
36819,train
8670,train
52231,train
10065,train
27148,train
48326,train
35018,train
66952,train
69210,train
10673,train
32999,train
41510,train
5286,train
21493,train
39499,train
58150,train
48543,train
28706,train
67515,train
40446,train
60292,train
29733,train
66036,train
15440,train
2737,train
62540,train
55450,train
15364,train
57551,train
59820,train
7449,train
31802,train
44424,train
54574,train
22210,train
14440,train
10377,train
22067,train
27276,train
261,train
43869,train
14512,train
13754,train
3298,train
9988,train
46357,train
63598,train
63319,train
55850,train
1428,train
49515,train
17366,train
28607,train
55770,train
57656,train
59913,train
23573,train
58781,train
52780,train
40137,train
16287,train
20610,train
15926,train
9576,train
3512,train
19144,train
47693,train
24818,train
14489,train
32410,train
19843,train
20893,train
59832,train
1616,train
35720,train
56589,train
33915,train
11248,train
64758,train
3049,train
60624,train
10655,train
57213,train
21305,train
45214,train
51197,train
43117,train
70065,train
4396,train
60647,train
37633,train
69029,train
10614,train
10265,train
65724,train
10556,train
13274,train
15015,train
16352,train
58205,train
63007,train
47955,train
48820,train
24597,train
39008,train
47286,train
18497,train
32526,train
22881,train
40204,train
7469,train
49522,train
12423,train
7757,train
12180,train
8399,train
56118,train
37193,train
31124,train
39297,train
19399,train
48006,train
20657,train
427,train
25346,train
14816,train
69454,train
70375,train
36101,train
601,train
49049,train
26219,train
6984,train
67775,train
41343,train
17687,train
65578,train
23925,train
27033,train
30411,train
5585,train
29966,train
45703,train
21313,train
64179,train
11991,train
24226,train
43151,train
38145,train
46298,train
1083,train
51563,train
40209,train
29654,train
51951,train
52414,train
39324,train
36967,train
17543,train
54542,train
21832,train
54995,train
50970,train
40337,train
47424,train
56596,train
15374,train
15356,train
33441,train
1344,train
10780,train
20281,train
18531,train
51298,train
18320,train
19468,train
2962,train
11125,train
31282,train
41774,train
20643,train
64978,train
14795,train
17215,train
4703,train
46547,train
9628,train
21477,train
22591,train
61720,train
16413,train
48252,train
57138,train
56480,train
68097,train
59537,train
32291,train
10446,train
1075,train
43142,train
37485,train
50277,train
58048,train
54237,train
58028,train
57133,train
62022,train
18949,train
8456,train
12572,train
1102,train
18742,train
62687,train
36736,train
30375,train
59926,train
31393,train
2918,train
46841,train
10918,train
51323,train
56628,train
47262,train
65278,train
6007,train
1978,train
59355,train
14013,train
3805,train
43662,train
39634,train
24210,train
64652,train
11027,train
61944,train
49782,train
13649,train
55599,train
18251,train
52105,train
59279,train
28752,train
20176,train
60010,train
50854,train
42282,train
22483,train
22405,train
22674,train
64927,train
37721,train
15843,train
68154,train
50309,train
58311,train
44620,train
69141,train
42076,train
31209,train
19899,train
31205,train
64109,train
64363,train
15124,train
6298,train
53310,train
30666,train
42322,train
47040,train
42797,train
68697,train
28702,train
46380,train
67948,train
31705,train
54862,train
37872,train
42358,train
14966,train
68138,train
39459,train
53218,train
2043,train
2527,train
36985,train
49850,train
68228,train
33006,train
550,train
65452,train
18334,train
24132,train
68971,train
19292,train
12048,train
41231,train
52438,train
5921,train
5518,train
37134,train
17877,train
40694,train
67732,train
67570,train
20885,train
3640,train
44546,train
44486,train
5228,train
61871,train
53853,train
64905,train
57120,train
52266,train
57464,train
38063,train
46009,train
20494,train
25373,train
19820,train
59408,train
41914,train
58190,train
51092,train
46926,train
6187,train
43582,train
67290,train
45315,train
60086,train
45748,train
8251,train
69697,train
55935,train
9192,train
40970,train
21639,train
55748,train
59446,train
60652,train
61506,train
4816,train
21295,train
29804,train
65246,train
63639,train
4259,train
1334,train
25194,train
46274,train
13742,train
68636,train
27284,train
56897,train
40109,train
60596,train
24141,train
61502,train
61538,train
24848,train
58474,train
37970,train
25677,train
48766,train
17667,train
27800,train
1078,train
28197,train
49393,train
30227,train
25159,train
9294,train
58862,train
567,train
26556,train
49764,train
19718,train
37117,train
32432,train
57447,train
17797,train
27353,train
3342,train
24985,train
26022,train
9834,train
54758,train
39811,train
44115,train
48883,train
34924,train
61845,train
4015,train
31864,train
42781,train
20010,train
70561,train
36432,train
10635,train
28496,train
3434,train
33022,train
26188,train
52834,train
61747,train
51995,train
17357,train
46637,train
20060,train
12134,train
40559,train
48510,train
13134,train
12941,train
43453,train
60574,train
23950,train
40738,train
37466,train
3933,train
4888,train
62315,train
33692,train
11043,train
2109,train
492,train
44495,train
14243,train
3405,train
11660,train
52584,train
2260,train
45265,train
58799,train
45589,train
34033,train
88,train
65049,train
68663,train
23585,train
27174,train
19094,train
13748,train
36207,train
55878,train
51060,train
5983,train
65331,train
21757,train
50740,train
6483,train
1108,train
57841,train
64256,train
53846,train
17625,train
1992,train
36356,train
45322,train
60708,train
58229,train
53726,train
51529,train
22301,train
46148,train
36278,train
24468,train
42829,train
28998,train
30178,train
57259,train
6502,train
12386,train
50240,train
31441,train
42385,train
6121,train
61715,train
8701,train
28867,train
32670,train
60061,train
49124,train
57649,train
516,train
60376,train
49488,train
52328,train
23584,train
3253,train
11840,train
342,train
49183,train
70058,train
24505,train
40581,train
64816,train
64194,train
34267,train
49757,train
22307,train
50165,train
47410,train
50955,train
55489,train
59303,train
23463,train
38830,train
4226,train
68653,train
4299,train
67137,train
53960,train
18167,train
50949,train
45823,train
27487,train
2828,train
37008,train
23755,train
1720,train
66660,train
29431,train
24285,train
22150,train
22628,train
11596,train
31349,train
26320,train
44437,train
21551,train
57320,train
57359,train
58863,train
28425,train
46937,train
49343,train
24892,train
29644,train
17376,train
5127,train
49494,train
9120,train
14817,train
27789,train
61334,train
42200,train
18284,train
5528,train
18436,train
3443,train
31888,train
21716,train
51375,train
41011,train
67273,train
20533,train
14497,train
54909,train
25686,train
52212,train
42767,train
52601,train
65125,train
39546,train
46290,train
9654,train
37067,train
27000,train
64437,train
48460,train
63581,train
9046,train
13615,train
65267,train
58046,train
47408,train
48825,train
30982,train
35040,train
3374,train
57335,train
49608,train
29577,train
12673,train
63008,train
4884,train
68785,train
26300,train
50369,train
35349,train
40229,train
53967,train
9278,train
32954,train
2635,train
64688,train
45038,train
54766,train
66664,train
64176,train
35260,train
152,train
5601,train
28128,train
26828,train
65456,train
32753,train
4789,train
17635,train
24051,train
64717,train
20078,train
12093,train
1868,train
67316,train
30422,train
66712,train
49739,train
25526,train
62836,train
23382,train
29630,train
26977,train
58212,train
44400,train
62038,train
39815,train
56105,train
48385,train
62061,train
11432,train
16994,train
36525,train
53735,train
50292,train
43016,train
41630,train
61201,train
5863,train
16141,train
16174,train
29359,train
3177,train
6840,train
18327,train
63858,train
26888,train
19121,train
1282,train
29649,train
31337,train
46949,train
26561,train
59159,train
1153,train
8930,train
13949,train
9981,train
36326,train
1806,train
57650,train
41175,train
57231,train
42740,train
51939,train
38530,train
3436,train
9438,train
30229,train
29901,train
62758,train
26641,train
53444,train
30218,train
62530,train
41566,train
38803,train
41387,train
24675,train
65444,train
61865,train
64152,train
4077,train
61187,train
36146,train
65004,train
52775,train
29547,train
2379,train
67895,train
49876,train
18559,train
4300,train
28601,train
7651,train
35633,train
48587,train
19125,train
62126,train
8435,train
39523,train
50432,train
14755,train
1836,train
63905,train
31960,train
62630,train
46839,train
16286,train
15543,train
69208,train
19869,train
53502,train
68647,train
62122,train
47109,train
47039,train
63796,train
55730,train
11980,train
10397,train
66975,train
64275,train
20048,train
68891,train
12116,train
61164,train
39465,train
18222,train
41186,train
60378,train
43164,train
5361,train
6152,train
10884,train
54177,train
57930,train
57787,train
42163,train
58803,train
57897,train
66672,train
67743,train
67504,train
30166,train
68570,train
14308,train
49866,train
24980,train
1299,train
53064,train
24778,train
2111,train
45308,train
19151,train
2788,train
6492,train
10960,train
19568,train
267,train
845,train
70009,train
33082,train
50204,train
25071,train
62792,train
25504,train
47809,train
4377,train
52553,train
28650,train
12187,train
36940,train
1933,train
4266,train
19363,train
5961,train
59140,train
5485,train
12395,train
5320,train
52038,train
18606,train
70056,train
40212,train
45789,train
47927,train
59691,train
47457,train
23218,train
44792,train
9478,train
39056,train
40410,train
16714,train
65078,train
52912,train
40082,train
23826,train
19133,train
42207,train
50262,train
30093,train
40432,train
54167,train
46353,train
23829,train
48580,train
59002,train
14558,train
58240,train
26703,train
51643,train
20534,train
55012,train
70215,train
37222,train
43309,train
10543,train
15060,train
3489,train
39318,train
905,train
57614,train
45205,train
22595,train
70542,train
29075,train
44865,train
33715,train
30415,train
35839,train
26294,train
6217,train
37085,train
57940,train
69740,train
15938,train
56302,train
60873,train
43753,train
61739,train
29572,train
11315,train
26656,train
24495,train
49941,train
42363,train
10558,train
24849,train
25816,train
43082,train
16084,train
12303,train
69343,train
52980,train
35567,train
53792,train
49571,train
62069,train
68297,train
14666,train
8666,train
39992,train
70053,train
27253,train
67100,train
49297,train
50940,train
50608,train
4757,train
58296,train
25229,train
56067,train
20676,train
14564,train
22103,train
59323,train
44755,train
56343,train
57976,train
3749,train
12856,train
20790,train
32673,train
31667,train
27431,train
39928,train
22370,train
27660,train
57140,train
21192,train
1497,train
35578,train
35168,train
43365,train
44693,train
33383,train
59361,train
23366,train
42799,train
6537,train
2195,train
27535,train
47134,train
47541,train
59829,train
30541,train
2691,train
35200,train
19272,train
51113,train
22182,train
42835,train
12402,train
44446,train
20305,train
21255,train
30587,train
38105,train
50938,train
29549,train
4809,train
57148,train
22450,train
35490,train
64050,train
41917,train
46319,train
9781,train
2466,train
68684,train
55334,train
42534,train
23598,train
40744,train
35135,train
831,train
63851,train
45806,train
16991,train
7489,train
5781,train
31991,train
26532,train
66241,train
40540,train
16365,train
49728,train
11362,train
23640,train
37829,train
25468,train
35602,train
45807,train
25720,train
32337,train
66294,train
10752,train
38502,train
33521,train
44257,train
28800,train
38371,train
670,train
48641,train
25235,train
23903,train
1950,train
69243,train
4287,train
44705,train
20129,train
68497,train
54524,train
37184,train
42000,train
36066,train
13890,train
29895,train
15770,train
60329,train
41390,train
5272,train
11539,train
38665,train
37251,train
16581,train
18471,train
17174,train
10605,train
26275,train
67953,train
5858,train
24263,train
29201,train
17380,train
3744,train
3336,train
36825,train
54120,train
66773,train
25948,train
60749,train
57154,train
41940,train
28460,train
8709,train
66284,train
36476,train
47280,train
35886,train
69456,train
28174,train
564,train
36120,train
59586,train
55374,train
65060,train
34567,train
46836,train
19381,train
36118,train
49614,train
11359,train
38845,train
7448,train
56691,train
51378,train
42158,train
42843,train
20887,train
32874,train
1473,train
52194,train
14581,train
38217,train
34572,train
56973,train
19184,train
25895,train
18727,train
48910,train
12030,train
61254,train
59911,train
33379,train
27088,train
47158,train
11609,train
41696,train
15871,train
39085,train
14907,train
31509,train
13625,train
12778,train
63852,train
69959,train
67637,train
37794,train
16359,train
25374,train
40197,train
67868,train
18712,train
29968,train
53203,train
41847,train
22253,train
21596,train
67185,train
34554,train
26867,train
41868,train
24303,train
58143,train
24098,train
22735,train
65943,train
6086,train
35738,train
31992,train
36363,train
5499,train
55099,train
40786,train
19045,train
16839,train
46303,train
24398,train
5626,train
5973,train
32647,train
52169,train
4712,train
48746,train
27206,train
65485,train
68672,train
32601,train
26969,train
26433,train
48732,train
34054,train
18403,train
15505,train
16894,train
41950,train
29944,train
34030,train
525,train
3290,train
51777,train
37555,train
38602,train
5981,train
61884,train
12426,train
37840,train
19456,train
53781,train
31859,train
10767,train
11488,train
28228,train
45184,train
21196,train
31034,train
39464,train
66615,train
56520,train
30354,train
19628,train
58346,train
1340,train
10173,train
2135,train
68950,train
25612,train
51102,train
32025,train
50535,train
12601,train
16647,train
14275,train
34353,train
9335,train
63303,train
11847,train
34126,train
22428,train
39010,train
3986,train
756,train
35448,train
10838,train
20543,train
58752,train
63499,train
10214,train
11188,train
44210,train
4314,train
4365,train
50556,train
25434,train
28691,train
59574,train
42784,train
45971,train
1296,train
33934,train
15263,train
19583,train
54556,train
40430,train
36969,train
43936,train
13691,train
12655,train
26327,train
14149,train
66083,train
62794,train
4505,train
48620,train
67738,train
17716,train
14557,train
15849,train
27120,train
55960,train
35352,train
46957,train
29629,train
21289,train
11402,train
54519,train
12297,train
4242,train
70072,train
40467,train
9038,train
66744,train
29224,train
8781,train
25153,train
66932,train
55313,train
59417,train
23310,train
40425,train
41328,train
58429,train
35594,train
33519,train
25188,train
35960,train
30746,train
5556,train
28817,train
45144,train
57568,train
42607,train
1665,train
42395,train
29362,train
52920,train
47568,train
68317,train
15167,train
11360,train
49783,train
47394,train
56019,train
41678,train
24095,train
5454,train
32606,train
34013,train
12146,train
59788,train
49187,train
9682,train
15281,train
49161,train
27913,train
6196,train
55721,train
39980,train
18416,train
4468,train
43330,train
34591,train
34536,train
68982,train
19209,train
13007,train
64891,train
16362,train
17869,train
59273,train
17302,train
36369,train
10025,train
65133,train
45351,train
27908,train
30245,train
21092,train
2165,train
23267,train
54750,train
63044,train
8547,train
4301,train
64402,train
18718,train
70661,train
43858,train
3864,train
64559,train
54346,train
51888,train
67539,train
54504,train
41683,train
55888,train
13646,train
34470,train
8364,train
68584,train
36100,train
48919,train
51495,train
47767,train
36840,train
40271,train
21216,train
6891,train
26765,train
46157,train
66617,train
31488,train
3736,train
19772,train
8006,train
69671,train
65409,train
26891,train
36448,train
17677,train
15091,train
63395,train
15911,train
31097,train
40565,train
14217,train
26926,train
65535,train
36053,train
47742,train
3600,train
51664,train
10110,train
9580,train
15833,train
35712,train
56684,train
66498,train
38538,train
70346,train
28054,train
23819,train
42751,train
6606,train
46878,train
27813,train
46398,train
2813,train
33413,train
70436,train
6803,train
14626,train
35608,train
18179,train
26632,train
2936,train
2825,train
15863,train
1416,train
25174,train
64537,train
11657,train
17495,train
39726,train
68132,train
34000,train
29893,train
56107,train
12890,train
24740,train
1244,train
27601,train
9133,train
55274,train
19537,train
20740,train
63300,train
55501,train
18637,train
43606,train
40778,train
19804,train
40398,train
70175,train
611,train
55900,train
35890,train
46576,train
4782,train
62362,train
55463,train
5988,train
22682,train
43998,train
36501,train
69276,train
10139,train
52478,train
31508,train
19818,train
14503,train
4966,train
30273,train
27663,train
48367,train
54799,train
29984,train
7598,train
51561,train
14276,train
65209,train
9097,train
39885,train
9402,train
38525,train
16967,train
40619,train
63428,train
68427,train
61288,train
4019,train
34886,train
51096,train
38909,train
62023,train
46773,train
61993,train
63856,train
69626,train
47272,train
23901,train
10431,train
22607,train
61923,train
46105,train
70679,train
62764,train
7025,train
68073,train
25567,train
24526,train
12194,train
66464,train
49064,train
55150,train
14970,train
66209,train
34970,train
53711,train
38003,train
66136,train
2840,train
42253,train
48035,train
47953,train
4723,train
52074,train
47493,train
40451,train
57262,train
44574,train
8789,train
16577,train
38532,train
37368,train
18651,train
41065,train
7379,train
6982,train
42959,train
22763,train
15040,train
50776,train
68838,train
25351,train
31473,train
66054,train
68853,train
70648,train
69307,train
40267,train
42939,train
36831,train
47438,train
48071,train
32976,train
14311,train
21646,train
36522,train
21415,train
47008,train
11455,train
19001,train
38130,train
24537,train
52735,train
67150,train
34939,train
39532,train
965,train
48179,train
14583,train
63290,train
30044,train
55720,train
15734,train
45260,train
66479,train
68399,train
11826,train
33769,train
48478,train
19748,train
61937,train
17257,train
29705,train
22570,train
28768,train
42719,train
47813,train
42808,train
24268,train
23747,train
28198,train
25163,train
20327,train
67007,train
19069,train
67045,train
38670,train
26303,train
64295,train
26696,train
44318,train
21291,train
54785,train
13228,train
45562,train
67809,train
18017,train
48773,train
30276,train
5870,train
11721,train
31585,train
57909,train
67314,train
53359,train
41207,train
61805,train
36512,train
1057,train
26283,train
33853,train
24419,train
19669,train
28223,train
1624,train
44616,train
15017,train
19523,train
7252,train
22608,train
64421,train
31858,train
66500,train
60296,train
24267,train
43786,train
6326,train
24343,train
1523,train
67317,train
45962,train
9470,train
33146,train
2010,train
46524,train
6257,train
56744,train
27392,train
23570,train
16235,train
62123,train
34067,train
41121,train
70150,train
57906,train
59386,train
33609,train
28422,train
17165,train
40441,train
40676,train
16830,train
30892,train
11384,train
68296,train
37155,train
18472,train
21584,train
33792,train
57541,train
9263,train
49733,train
1213,train
8493,train
60252,train
21119,train
14509,train
4929,train
51734,train
5236,train
25497,train
20088,train
476,train
57793,train
19481,train
60774,train
42563,train
1533,train
6939,train
37481,train
57922,train
66779,train
28437,train
69815,train
26054,train
30680,train
28921,train
64361,train
19503,train
49688,train
16699,train
37039,train
45685,train
54839,train
43502,train
60113,train
32870,train
56716,train
42089,train
45655,train
9460,train
2170,train
24861,train
15586,train
68797,train
34432,train
1430,train
45300,train
63203,train
67265,train
36421,train
13698,train
20167,train
3606,train
66938,train
22893,train
16861,train
51437,train
37777,train
44016,train
69316,train
11712,train
51983,train
30764,train
55307,train
4057,train
14458,train
43318,train
9517,train
5701,train
48621,train
42902,train
47840,train
36307,train
1988,train
57080,train
70333,train
43777,train
36783,train
44538,train
62966,train
11711,train
51182,train
30566,train
18112,train
51678,train
6902,train
1708,train
70337,train
37689,train
28620,train
58458,train
49474,train
65839,train
63134,train
65491,train
14849,train
42538,train
66529,train
42867,train
29121,train
3239,train
39242,train
12415,train
60394,train
15969,train
25045,train
57269,train
5339,train
15470,train
35046,train
69836,train
42924,train
66710,train
10646,train
42087,train
55698,train
69880,train
47110,train
14851,train
48009,train
26390,train
6210,train
7540,train
3419,train
34656,train
26369,train
42037,train
68388,train
35850,train
27904,train
35471,train
28886,train
57151,train
30905,train
16350,train
41039,train
29043,train
68520,train
30079,train
32301,train
17425,train
34076,train
26147,train
61573,train
62065,train
58194,train
10794,train
60732,train
64695,train
59390,train
13087,train
36721,train
56762,train
29676,train
69651,train
12033,train
66124,train
2979,train
8205,train
45556,train
33650,train
53466,train
44035,train
237,train
26184,train
49170,train
19035,train
36371,train
23030,train
25671,train
20993,train
1211,train
26954,train
41904,train
70635,train
42268,train
55462,train
235,train
32177,train
61092,train
32262,train
23772,train
67659,train
2598,train
58340,train
67003,train
57101,train
46641,train
37099,train
25121,train
24522,train
20156,train
21542,train
6011,train
35273,train
60560,train
70323,train
13034,train
55759,train
66813,train
48284,train
36340,train
60519,train
62059,train
12263,train
63488,train
38026,train
4759,train
33273,train
8359,train
46918,train
18094,train
12534,train
11865,train
57759,train
7525,train
31849,train
22426,train
36090,train
41049,train
15728,train
30994,train
37238,train
10137,train
54196,train
19201,train
7410,train
52669,train
21617,train
34840,train
47115,train
19128,train
64772,train
45563,train
65111,train
7876,train
84,train
41191,train
13690,train
46540,train
33791,train
46097,train
23551,train
3796,train
40118,train
35583,train
51211,train
27303,train
53462,train
67459,train
19735,train
19760,train
56289,train
31466,train
60712,train
22782,train
26785,train
36317,train
14469,train
22292,train
40649,train
36895,train
9886,train
50103,train
70212,train
11120,train
54678,train
41323,train
8253,train
55418,train
55613,train
33905,train
54138,train
36695,train
53280,train
34083,train
8955,train
37574,train
25909,train
50999,train
45944,train
9481,train
57390,train
13409,train
64858,train
68655,train
39262,train
33084,train
36706,train
45145,train
61803,train
17813,train
29681,train
30923,train
23769,train
9174,train
17512,train
53954,train
67494,train
20900,train
1255,train
58463,train
23971,train
60227,train
40797,train
36673,train
5082,train
33635,train
58476,train
57362,train
60109,train
70035,train
24021,train
67833,train
10232,train
62147,train
14026,train
67709,train
4607,train
58787,train
66706,train
45460,train
15178,train
5032,train
17473,train
64335,train
28330,train
68364,train
54721,train
61962,train
9382,train
47298,train
59296,train
64286,train
4980,train
456,train
22988,train
29573,train
7642,train
1009,train
1185,train
29277,train
61218,train
59904,train
15070,train
45446,train
30065,train
13512,train
32029,train
14292,train
6813,train
2766,train
52029,train
43014,train
21149,train
59203,train
4633,train
60259,train
10429,train
33393,train
51384,train
21802,train
13128,train
52425,train
13866,train
48763,train
15044,train
60569,train
68683,train
26182,train
23394,train
22040,train
43439,train
65276,train
9085,train
47194,train
51012,train
60027,train
22536,train
18055,train
49446,train
39146,train
27213,train
2909,train
63979,train
23783,train
51702,train
20095,train
41938,train
30056,train
15447,train
29184,train
51765,train
40594,train
30069,train
13957,train
42839,train
5461,train
18140,train
4870,train
5347,train
33497,train
41610,train
12971,train
12923,train
52273,train
63337,train
58360,train
27645,train
66775,train
33734,train
51011,train
63204,train
64241,train
61256,train
2820,train
69561,train
29491,train
31621,train
34933,train
61510,train
51153,train
11896,train
7800,train
19990,train
69972,train
61341,train
61160,train
59736,train
54514,train
124,train
46705,train
26900,train
65713,train
53044,train
74,train
14062,train
1091,train
25817,train
8948,train
66662,train
23158,train
49163,train
48902,train
18636,train
32339,train
26084,train
35232,train
60643,train
963,train
55779,train
46174,train
5278,train
4976,train
30687,train
51592,train
895,train
5731,train
21320,train
118,train
24776,train
1846,train
48864,train
37854,train
65722,train
38041,train
32468,train
47995,train
27469,train
47435,train
66037,train
63129,train
59999,train
54213,train
40477,train
47510,train
40918,train
15277,train
16611,train
68657,train
15217,train
2062,train
35153,train
20101,train
54109,train
171,train
16643,train
6864,train
43867,train
46281,train
54606,train
16264,train
37263,train
48944,train
21942,train
69861,train
41502,train
69286,train
43540,train
23312,train
18252,train
48738,train
9318,train
39693,train
569,train
23037,train
8827,train
64829,train
55075,train
25450,train
27888,train
12938,train
68752,train
66939,train
22949,train
29951,train
24570,train
54056,train
16971,train
47195,train
46910,train
36375,train
10060,train
12266,train
21625,train
9505,train
6484,train
47645,train
7915,train
10730,train
52548,train
58380,train
38903,train
42748,train
1628,train
68059,train
21683,train
30908,train
69978,train
15980,train
56927,train
60093,train
25103,train
38255,train
67196,train
24193,train
14902,train
54687,train
4928,train
44439,train
10971,train
37421,train
18201,train
67599,train
65270,train
17312,train
69146,train
34636,train
50163,train
28583,train
32649,train
63624,train
26566,train
35728,train
31218,train
34195,train
8615,train
24903,train
77,train
25933,train
65864,train
3228,train
12630,train
65373,train
34249,train
65766,train
48591,train
70489,train
27393,train
14400,train
58324,train
54436,train
64620,train
49040,train
18458,train
59590,train
26942,train
9799,train
58726,train
3894,train
52275,train
25531,train
3569,train
30496,train
12688,train
17202,train
50017,train
33714,train
43863,train
50913,train
51201,train
66336,train
10112,train
6715,train
62252,train
53612,train
57060,train
70564,train
34751,train
13254,train
34268,train
50841,train
68346,train
25488,train
19747,train
44791,train
350,train
5428,train
52282,train
70649,train
12231,train
52444,train
38206,train
59454,train
68143,train
51663,train
13032,train
36835,train
59085,train
17569,train
25577,train
38945,train
42609,train
44370,train
12511,train
56247,train
14378,train
68501,train
2284,train
44255,train
64493,train
67889,train
55392,train
41925,train
35175,train
1100,train
50611,train
30094,train
59476,train
25804,train
54714,train
61295,train
15207,train
69200,train
58210,train
27261,train
66859,train
50501,train
18679,train
46667,train
5080,train
50063,train
6316,train
27238,train
11672,train
9416,train
1116,train
23455,train
26945,train
55571,train
23516,train
28798,train
43420,train
6412,train
3079,train
26728,train
22054,train
65,train
23486,train
14107,train
64951,train
65540,train
59192,train
6983,train
39153,train
29319,train
50990,train
49236,train
55215,train
9051,train
69438,train
32911,train
26333,train
34819,train
49737,train
45869,train
37493,train
65069,train
62208,train
25319,train
65192,train
64952,train
38242,train
17180,train
15838,train
64257,train
44972,train
54131,train
13441,train
65560,train
17546,train
52035,train
29163,train
62311,train
67608,train
64615,train
5563,train
10893,train
9388,train
35861,train
60978,train
41816,train
38096,train
14797,train
66011,train
27969,train
4222,train
6331,train
35805,train
25481,train
12721,train
24542,train
36217,train
10371,train
41521,train
60738,train
62885,train
67730,train
47178,train
69445,train
44591,train
17879,train
29141,train
11593,train
58953,train
22361,train
1964,train
30272,train
18893,train
30269,train
63594,train
8623,train
45597,train
44198,train
18116,train
20933,train
62201,train
37858,train
53541,train
9737,train
58818,train
18971,train
36405,train
61726,train
19581,train
20163,train
18338,train
25748,train
24094,train
20424,train
1238,train
47006,train
22498,train
9210,train
69024,train
67493,train
33921,train
17285,train
48156,train
59041,train
38342,train
14203,train
16096,train
56223,train
64046,train
20423,train
61289,train
62703,train
45998,train
18307,train
37740,train
22618,train
12261,train
46131,train
55455,train
1380,train
24607,train
54773,train
50032,train
23134,train
69574,train
7483,train
18419,train
13679,train
68941,train
36742,train
59327,train
6093,train
35408,train
6383,train
23342,train
31021,train
43906,train
26547,train
32120,train
26676,train
56850,train
31741,train
4803,train
8706,train
12704,train
8898,train
2547,train
28827,train
37895,train
35701,train
34224,train
29118,train
12936,train
64644,train
27708,train
8436,train
61735,train
60969,train
38208,train
34484,train
39738,train
39075,train
63163,train
9137,train
47392,train
42215,train
56086,train
40403,train
47973,train
67406,train
46472,train
15757,train
62134,train
38626,train
3827,train
68727,train
40459,train
16802,train
22001,train
64634,train
67047,train
13277,train
19321,train
40057,train
24648,train
11756,train
69014,train
41553,train
53707,train
67333,train
12742,train
63778,train
70613,train
173,train
61349,train
7490,train
63889,train
55804,train
22712,train
30402,train
27963,train
57438,train
22299,train
46853,train
19132,train
60274,train
6647,train
7352,train
8174,train
18591,train
32720,train
23210,train
53129,train
38507,train
60924,train
47631,train
38132,train
21224,train
21274,train
63132,train
61605,train
37528,train
65721,train
45441,train
41518,train
61659,train
67453,train
45934,train
49232,train
15205,train
53585,train
25285,train
22801,train
3553,train
23692,train
68035,train
10421,train
22773,train
41130,train
16952,train
25368,train
31612,train
64976,train
28732,train
43265,train
12680,train
15372,train
4600,train
59825,train
13297,train
41129,train
48800,train
40731,train
70533,train
39471,train
50720,train
53259,train
1593,train
66743,train
10583,train
62888,train
46288,train
39948,train
11173,train
14963,train
63172,train
3467,train
8417,train
8013,train
22087,train
29396,train
61440,train
16797,train
9696,train
36763,train
5000,train
451,train
38972,train
67680,train
40343,train
23790,train
2277,train
62799,train
5696,train
27890,train
7534,train
12850,train
26467,train
28931,train
64594,train
39293,train
38110,train
13794,train
35691,train
25320,train
13086,train
60772,train
40383,train
21573,train
25757,train
49754,train
45283,train
59630,train
22017,train
63237,train
21712,train
43407,train
22235,train
2736,train
63527,train
12200,train
59122,train
35519,train
61031,train
62250,train
52743,train
41445,train
31661,train
60903,train
48892,train
58481,train
54818,train
45959,train
10739,train
58944,train
43627,train
37499,train
39118,train
4918,train
33222,train
55985,train
26448,train
18079,train
32080,train
35640,train
59587,train
7830,train
17038,train
58927,train
64524,train
8315,train
64595,train
65561,train
55192,train
62356,train
46927,train
25608,train
52770,train
35910,train
13462,train
9848,train
68271,train
27979,train
57601,train
55377,train
64945,train
16361,train
31725,train
61701,train
23857,train
33066,train
54797,train
58606,train
61496,train
43389,train
8362,train
41088,train
42530,train
9651,train
60161,train
8748,train
10725,train
4027,train
914,train
56274,train
45766,train
54053,train
11720,train
68147,train
58671,train
4403,train
32477,train
46588,train
10753,train
63487,train
20692,train
62308,train
57023,train
37475,train
29143,train
13872,train
35223,train
69878,train
47601,train
31491,train
39079,train
11177,train
69355,train
17528,train
69741,train
9593,train
1276,train
9688,train
38518,train
21970,train
13175,train
63946,train
5321,train
5179,train
7701,train
64768,train
43166,train
10159,train
1493,train
40319,train
36141,train
28336,train
9658,train
22326,train
14960,train
59265,train
63991,train
58366,train
5782,train
38269,train
49189,train
45480,train
6232,train
16394,train
30462,train
70500,train
53688,train
50290,train
45196,train
38687,train
52429,train
10774,train
58047,train
12095,train
37612,train
2102,train
25176,train
14184,train
5851,train
32091,train
20728,train
26038,train
40668,train
67589,train
43664,train
4778,train
19430,train
44743,train
24003,train
4062,train
49066,train
44499,train
44207,train
62935,train
15715,train
11270,train
14154,train
59348,train
51789,train
14434,train
41066,train
13954,train
41299,train
59938,train
12650,train
16844,train
54343,train
2594,train
11222,train
26175,train
30084,train
35289,train
51411,train
41070,train
27046,train
14641,train
10134,train
52027,train
37380,train
42377,train
25769,train
51506,train
49115,train
7553,train
63460,train
50205,train
26452,train
27662,train
12931,train
63421,train
13070,train
926,train
53780,train
17631,train
57894,train
967,train
42658,train
65436,train
54182,train
21413,train
8294,train
20704,train
25687,train
2744,train
43641,train
46634,train
23341,train
54980,train
10152,train
45830,train
42583,train
37314,train
34241,train
20653,train
62338,train
8125,train
48557,train
4735,train
1008,train
52668,train
40377,train
43895,train
50587,train
69570,train
67527,train
58821,train
56013,train
64384,train
42674,train
45897,train
19154,train
2091,train
39551,train
45385,train
22921,train
2997,train
28654,train
61874,train
26594,train
6296,train
16871,train
63678,train
60216,train
37108,train
47263,train
63457,train
70141,train
1875,train
46177,train
3743,train
65258,train
8817,train
32469,train
2536,train
32509,train
8033,train
22239,train
25945,train
33115,train
28889,train
33527,train
15922,train
58449,train
12045,train
52893,train
14104,train
4083,train
29042,train
11155,train
52711,train
16586,train
36832,train
4796,train
25561,train
62070,train
15046,train
40284,train
9219,train
2807,train
37640,train
32941,train
69233,train
24727,train
61540,train
8340,train
25460,train
45080,train
45860,train
34361,train
33221,train
5861,train
53434,train
48548,train
35705,train
21807,train
21165,train
31222,train
27323,train
55142,train
1596,train
67545,train
39168,train
17300,train
32052,train
67685,train
44379,train
68305,train
55610,train
30213,train
64042,train
24312,train
67653,train
63477,train
26940,train
36488,train
10658,train
66606,train
46979,train
55848,train
34852,train
44905,train
60221,train
92,train
40253,train
34395,train
52989,train
12954,train
61637,train
56007,train
52558,train
55525,train
19524,train
1298,train
66279,train
38262,train
44750,train
22215,train
60361,train
18540,train
17371,train
58102,train
39309,train
19505,train
42153,train
51364,train
65704,train
52319,train
60281,train
11498,train
50991,train
20990,train
41389,train
54775,train
228,train
56706,train
42137,train
24203,train
46064,train
12715,train
37486,train
26871,train
50333,train
13761,train
11217,train
70547,train
57587,train
57469,train
30947,train
38995,train
61482,train
25337,train
11164,train
54791,train
2746,train
66097,train
22104,train
43975,train
48155,train
20255,train
42725,train
24424,train
6550,train
49202,train
55003,train
18181,train
50322,train
49826,train
28846,train
36294,train
35051,train
57683,train
1331,train
8034,train
62481,train
48558,train
61710,train
19841,train
44871,train
30556,train
15659,train
28982,train
43510,train
38452,train
54614,train
3418,train
33350,train
47347,train
57600,train
6089,train
20500,train
37052,train
48322,train
41374,train
46664,train
50377,train
61571,train
37312,train
64066,train
62423,train
57781,train
60960,train
23966,train
47520,train
64616,train
69126,train
34172,train
141,train
30851,train
30561,train
1064,train
33690,train
14312,train
41286,train
55758,train
37757,train
38858,train
24388,train
60063,train
48052,train
37536,train
33762,train
58782,train
56362,train
26498,train
62593,train
27348,train
61449,train
15042,train
52746,train
23159,train
33922,train
39176,train
2343,train
61703,train
28848,train
42078,train
32920,train
23110,train
55318,train
60572,train
59565,train
69762,train
28149,train
61936,train
55842,train
49812,train
46649,train
25119,train
21949,train
40504,train
69103,train
667,train
54516,train
13475,train
11410,train
65037,train
22393,train
61711,train
15292,train
45026,train
32043,train
2173,train
19695,train
62883,train
65016,train
16222,train
67462,train
12193,train
16411,train
52500,train
7558,train
62378,train
278,train
40443,train
58244,train
46791,train
5857,train
14347,train
32293,train
2517,train
52000,train
40230,train
48400,train
53442,train
18705,train
297,train
54722,train
33554,train
63601,train
55202,train
37708,train
67751,train
8276,train
55836,train
64123,train
48696,train
7607,train
58700,train
14413,train
17826,train
127,train
12836,train
53551,train
55432,train
20396,train
21884,train
8895,train
53753,train
59599,train
18596,train
66091,train
66111,train
39824,train
28734,train
66985,train
3972,train
16511,train
51193,train
54449,train
56469,train
52632,train
22185,train
41217,train
28697,train
21137,train
50080,train
30821,train
2967,train
36325,train
15673,train
39609,train
55810,train
45081,train
34975,train
6432,train
57492,train
30520,train
47949,train
68998,train
47651,train
68913,train
67744,train
41006,train
14935,train
16705,train
61641,train
41621,train
3800,train
17286,train
50368,train
63729,train
63154,train
6688,train
22891,train
23992,train
32752,train
50321,train
32799,train
7693,train
15232,train
2439,train
42149,train
29855,train
40635,train
36807,train
29210,train
6506,train
11514,train
22820,train
46038,train
29037,train
63213,train
44428,train
4700,train
8475,train
32940,train
49983,train
284,train
50877,train
24207,train
22961,train
16671,train
17791,train
47832,train
29437,train
51782,train
55517,train
49767,train
60158,train
52718,train
3091,train
68946,train
33938,train
4127,train
15256,train
63890,train
26268,train
61933,train
44912,train
19792,train
43238,train
18170,train
64433,train
54276,train
31917,train
40382,train
17920,train
10702,train
41773,train
27608,train
32125,train
4212,train
20076,train
25308,train
27798,train
56888,train
64850,train
54181,train
32531,train
44329,train
70370,train
62607,train
44621,train
43878,train
55224,train
13096,train
47828,train
20859,train
68,train
58883,train
26567,train
27426,train
1795,train
32391,train
14705,train
66105,train
13366,train
44359,train
23189,train
30847,train
14618,train
67840,train
43262,train
18318,train
67457,train
38932,train
67025,train
31767,train
10921,train
43320,train
69257,train
47076,train
55187,train
25642,train
4603,train
58654,train
10329,train
30303,train
47854,train
13430,train
48795,train
22631,train
55139,train
49026,train
27765,train
49456,train
49199,train
40642,train
8812,train
31345,train
29329,train
20181,train
30158,train
13999,train
59021,train
52086,train
50178,train
57994,train
51099,train
13257,train
68294,train
5440,train
1053,train
65794,train
16669,train
21429,train
42999,train
34455,train
1160,train
66547,train
19362,train
15513,train
27838,train
32294,train
38131,train
33703,train
68772,train
46663,train
69738,train
31048,train
24550,train
45101,train
9409,train
355,train
60300,train
12723,train
46734,train
23223,train
2077,train
4322,train
9002,train
22906,train
31736,train
5267,train
56582,train
22924,train
65816,train
64610,train
49275,train
76,train
55735,train
49585,train
17141,train
1510,train
6443,train
16444,train
58131,train
9484,train
70550,train
43762,train
63052,train
49716,train
60508,train
46971,train
4357,train
51585,train
9090,train
26351,train
59218,train
41998,train
4458,train
5912,train
44576,train
67381,train
47045,train
14752,train
50403,train
50176,train
25099,train
43671,train
59678,train
49378,train
68469,train
12969,train
68715,train
27612,train
10459,train
3598,train
20605,train
5492,train
57734,train
27456,train
3431,train
14381,train
30689,train
30862,train
31478,train
16355,train
49439,train
661,train
41485,train
12235,train
19340,train
32004,train
7173,train
24188,train
58267,train
28473,train
59662,train
2376,train
56325,train
20170,train
56301,train
38033,train
50136,train
12010,train
50862,train
49546,train
47103,train
38288,train
67328,train
60106,train
12976,train
8638,train
32390,train
28072,train
56841,train
60384,train
9363,train
12600,train
20262,train
6857,train
60784,train
38857,train
34979,train
9979,train
67067,train
29940,train
47402,train
20335,train
52544,train
28614,train
3189,train
37695,train
16702,train
31593,train
49024,train
67654,train
32313,train
52523,train
46803,train
50586,train
60986,train
43368,train
58872,train
24402,train
49663,train
51878,train
39905,train
2126,train
69949,train
65389,train
17411,train
14903,train
40764,train
30581,train
19574,train
12451,train
41326,train
23899,train
25405,train
60260,train
400,train
13375,train
53011,train
8761,train
116,train
11754,train
66385,train
48799,train
63646,train
6611,train
19526,train
60527,train
41916,train
9895,train
28582,train
57777,train
11649,train
10950,train
49870,train
39167,train
30622,train
51123,train
59429,train
2338,train
40662,train
17775,train
8951,train
45468,train
43041,train
39562,train
63182,train
28364,train
12382,train
59971,train
37599,train
14665,train
56538,train
1899,train
13478,train
42946,train
35294,train
60847,train
38967,train
54777,train
6994,train
27056,train
28015,train
32578,train
1110,train
42187,train
21066,train
23820,train
10734,train
66771,train
38950,train
19920,train
68245,train
63147,train
9695,train
13205,train
32784,train
64523,train
61395,train
56889,train
56153,train
14915,train
1173,train
26154,train
15137,train
53045,train
62339,train
66955,train
45699,train
40486,train
53837,train
45154,train
38340,train
62932,train
65940,train
64403,train
58995,train
70567,train
30386,train
65557,train
31145,train
47587,train
61477,train
60433,train
23493,train
24009,train
46594,train
20041,train
48281,train
38597,train
43035,train
68759,train
33665,train
13477,train
24340,train
60938,train
32431,train
13158,train
28713,train
13233,train
2839,train
2556,train
58882,train
62107,train
40541,train
68227,train
58813,train
20047,train
58322,train
6802,train
30370,train
51584,train
70097,train
52587,train
66465,train
11414,train
53778,train
36322,train
34695,train
27928,train
480,train
35931,train
26935,train
16132,train
2006,train
40912,train
48879,train
67109,train
35763,train
67986,train
60575,train
40693,train
49897,train
54630,train
12152,train
8974,train
67103,train
61103,train
58043,train
58083,train
41180,train
9872,train
20217,train
57978,train
26733,train
34664,train
2069,train
27288,train
58502,train
17463,train
66474,train
32644,train
66795,train
11915,train
21116,train
59922,train
45421,train
34123,train
57806,train
2742,train
16103,train
45885,train
61429,train
49000,train
32978,train
28789,train
17198,train
9104,train
14655,train
31764,train
51010,train
20593,train
25798,train
35177,train
55184,train
24034,train
34522,train
57367,train
18464,train
12561,train
59935,train
70532,train
41531,train
51030,train
13572,train
17628,train
63939,train
63989,train
10319,train
54364,train
2780,train
46620,train
28455,train
532,train
45550,train
37235,train
18998,train
36139,train
12900,train
23198,train
44375,train
33322,train
22553,train
23673,train
35337,train
53872,train
24926,train
47477,train
49305,train
58970,train
38367,train
52041,train
61015,train
31250,train
28979,train
2021,train
8838,train
4806,train
12096,train
45855,train
9032,train
68357,train
18571,train
56758,train
64311,train
940,train
30867,train
47594,train
29699,train
65805,train
57342,train
429,train
58595,train
45621,train
48312,train
51041,train
55247,train
48968,train
67712,train
9468,train
42683,train
38205,train
13093,train
19036,train
16592,train
4009,train
49218,train
56639,train
15937,train
8445,train
42785,train
68659,train
12867,train
11389,train
5652,train
990,train
61592,train
66441,train
13458,train
36817,train
43327,train
14756,train
50682,train
32956,train
44150,train
45680,train
23786,train
38469,train
19280,train
41348,train
22652,train
57373,train
15184,train
42557,train
1589,train
24212,train
60040,train
30529,train
47319,train
37028,train
39918,train
16072,train
66538,train
454,train
69865,train
59460,train
57284,train
63293,train
19996,train
14541,train
65959,train
27823,train
45425,train
60122,train
17693,train
55855,train
3597,train
27005,train
45755,train
57245,train
45208,train
61137,train
54412,train
25913,train
16255,train
63694,train
33402,train
9788,train
57313,train
52022,train
69069,train
13622,train
58220,train
41550,train
30372,train
6685,train
4171,train
64141,train
69308,train
42013,train
59919,train
52803,train
5676,train
65104,train
63881,train
7599,train
31033,train
11379,train
595,train
48643,train
58864,train
49516,train
50882,train
58430,train
3759,train
11911,train
22085,train
15967,train
13789,train
44086,train
39877,train
66697,train
9745,train
39237,train
16571,train
18088,train
24998,train
34795,train
10763,train
34624,train
24517,train
54411,train
16387,train
52124,train
31851,train
48380,train
6991,train
37398,train
18652,train
8592,train
44571,train
19357,train
24175,train
53388,train
802,train
49266,train
37514,train
38416,train
13863,train
18165,train
47948,train
13410,train
56423,train
34032,train
47536,train
16893,train
47860,train
18762,train
35939,train
67271,train
20802,train
44931,train
44402,train
34960,train
44502,train
57093,train
25539,train
3735,train
20666,train
8222,train
38002,train
3563,train
69794,train
34918,train
35036,train
37221,train
42372,train
34040,train
54159,train
3193,train
19458,train
49765,train
40812,train
63617,train
29632,train
23926,train
46991,train
67414,train
65400,train
28366,train
40853,train
35818,train
4964,train
52036,train
49709,train
36401,train
43094,train
32295,train
32656,train
32180,train
66287,train
18863,train
17840,train
4297,train
34792,train
50820,train
29610,train
36385,train
42827,train
67250,train
6087,train
15905,train
10031,train
55453,train
392,train
4936,train
4115,train
39832,train
70287,train
65378,train
44301,train
21299,train
19345,train
51308,train
28220,train
35735,train
69145,train
38301,train
46507,train
57861,train
21669,train
44360,train
30095,train
62482,train
31571,train
25435,train
25131,train
8278,train
67529,train
69795,train
50125,train
37908,train
61661,train
1011,train
26015,train
53022,train
60095,train
68510,train
57738,train
48142,train
59633,train
11034,train
39033,train
61350,train
52753,train
40654,train
17989,train
48780,train
1169,train
59480,train
14827,train
5392,train
55528,train
22858,train
64813,train
60220,train
20938,train
42313,train
8755,train
63621,train
46156,train
67396,train
38631,train
32238,train
3473,train
27040,train
56806,train
41339,train
37770,train
58541,train
63815,train
52764,train
19853,train
46752,train
63035,train
35756,train
43750,train
48967,train
38659,train
29298,train
48787,train
25559,train
34440,train
10062,train
65610,train
69462,train
50958,train
11501,train
61794,train
63308,train
16102,train
27588,train
15082,train
26868,train
51708,train
16436,train
61642,train
51726,train
7182,train
63999,train
583,train
1129,train
38596,train
27552,train
56123,train
70446,train
6342,train
1564,train
24044,train
34411,train
19023,train
38558,train
45723,train
56711,train
9927,train
55671,train
32412,train
23997,train
40809,train
25094,train
25087,train
30342,train
20753,train
52256,train
50824,train
70453,train
32210,train
2945,train
23255,train
4879,train
54893,train
33702,train
37159,train
49249,train
63184,train
20247,train
47363,train
13131,train
585,train
65326,train
42644,train
2561,train
29465,train
6479,train
39652,train
31,train
25915,train
59103,train
28890,train
31030,train
51893,train
57071,train
13426,train
6870,train
64501,train
1378,train
43508,train
42427,train
11714,train
28623,train
25968,train
1590,train
31673,train
56531,train
36200,train
40189,train
6574,train
23593,train
52648,train
37942,train
20629,train
68975,train
63153,train
42786,train
8368,train
6384,train
32613,train
25630,train
32842,train
56780,train
11900,train
28352,train
12185,train
56994,train
10819,train
43621,train
844,train
60316,train
40947,train
17091,train
62510,train
31469,train
27582,train
5830,train
61420,train
51143,train
54244,train
47130,train
45548,train
28057,train
13327,train
8774,train
70552,train
48980,train
21532,train
3649,train
51619,train
2060,train
25361,train
19026,train
31229,train
38882,train
60080,train
47729,train
30805,train
57519,train
35059,train
17044,train
56161,train
11272,train
287,train
53392,train
39558,train
19085,train
9201,train
18129,train
51377,train
54175,train
13156,train
55013,train
49370,train
4021,train
745,train
57051,train
20701,train
58633,train
52013,train
3831,train
20991,train
9934,train
49882,train
54429,train
7997,train
26729,train
30658,train
65837,train
46658,train
61677,train
31806,train
20578,train
35749,train
58641,train
24409,train
35530,train
9175,train
7873,train
41293,train
28716,train
25739,train
20285,train
46014,train
10140,train
18607,train
70111,train
39862,train
46144,train
61366,train
33191,train
28412,train
36953,train
20141,train
13808,train
53290,train
36248,train
33423,train
45484,train
9510,train
39430,train
61558,train
44020,train
39651,train
46953,train
50897,train
27195,train
61377,train
31077,train
52459,train
55702,train
59968,train
56922,train
46610,train
58354,train
27964,train
60226,train
31875,train
5291,train
31564,train
26724,train
6168,train
38521,train
59520,train
43959,train
8258,train
48570,train
51148,train
51482,train
21043,train
40952,train
54727,train
2611,train
62554,train
589,train
55976,train
67215,train
23693,train
19834,train
68766,train
65197,train
46759,train
39171,train
39808,train
50702,train
18433,train
20278,train
4916,train
8991,train
31622,train
7194,train
38694,train
64239,train
54265,train
3364,train
41134,train
40792,train
53070,train
40210,train
8646,train
33446,train
63396,train
31208,train
42705,train
26822,train
47578,train
56167,train
27338,train
18644,train
56627,train
58068,train
69599,train
17045,train
14599,train
10784,train
30251,train
32097,train
38377,train
19146,train
5141,train
37297,train
24461,train
35386,train
33060,train
24598,train
11505,train
11545,train
11824,train
49844,train
64293,train
61761,train
15278,train
13590,train
47446,train
15245,train
65605,train
70668,train
666,train
33634,train
14529,train
37049,train
22122,train
8232,train
27274,train
31568,train
61910,train
1539,train
51054,train
14120,train
54376,train
35949,train
61950,train
66799,train
11913,train
60412,train
24724,train
9643,train
69022,train
43880,train
30225,train
57230,train
13550,train
10212,train
38133,train
47525,train
39809,train
49364,train
68392,train
69887,train
20826,train
52694,train
14537,train
11066,train
43192,train
33419,train
66535,train
7888,train
398,train
29868,train
55327,train
7042,train
60722,train
42249,train
56079,train
51260,train
57988,train
49317,train
70345,train
4745,train
65269,train
33837,train
17360,train
28066,train
33673,train
2990,train
56267,train
46296,train
12615,train
17782,train
65960,train
19814,train
45041,train
56259,train
57066,train
28474,train
25525,train
56636,train
7544,train
52871,train
20598,train
31061,train
40257,train
2432,train
38720,train
14345,train
45886,train
61590,train
68942,train
10895,train
47146,train
54287,train
33789,train
14385,train
17575,train
59749,train
35013,train
57433,train
52524,train
7752,train
18868,train
7440,train
57304,train
14402,train
52304,train
67711,train
27547,train
42287,train
22111,train
32359,train
15764,train
54163,train
31292,train
31283,train
6242,train
70247,train
29454,train
39473,train
40219,train
57911,train
63861,train
8906,train
37320,train
27656,train
34213,train
30675,train
31193,train
67214,train
22430,train
34905,train
31245,train
65945,train
20768,train
28458,train
44623,train
48288,train
66131,train
44308,train
34201,train
41804,train
51191,train
3097,train
41018,train
50927,train
60882,train
68225,train
28585,train
34543,train
68186,train
29355,train
37884,train
43007,train
48651,train
45943,train
16876,train
46538,train
64359,train
30696,train
45202,train
13551,train
62546,train
20618,train
61686,train
62933,train
18357,train
42761,train
10844,train
7301,train
64427,train
15154,train
53294,train
10806,train
13049,train
70611,train
13560,train
39775,train
38162,train
45707,train
24721,train
41163,train
49272,train
30363,train
8825,train
56959,train
50151,train
61570,train
15633,train
43102,train
8684,train
5481,train
66090,train
14592,train
12323,train
30922,train
4797,train
8071,train
47798,train
3703,train
27175,train
36262,train
50112,train
34300,train
59948,train
57250,train
30653,train
9842,train
23900,train
14774,train
62263,train
66290,train
15114,train
64450,train
73,train
26209,train
62151,train
36795,train
17155,train
54469,train
11465,train
35225,train
23171,train
43744,train
51034,train
32988,train
52876,train
45791,train
12695,train
39920,train
27503,train
63181,train
328,train
22817,train
47770,train
2803,train
67512,train
50621,train
27314,train
3014,train
51555,train
17136,train
54725,train
57246,train
29889,train
69899,train
35618,train
25309,train
60278,train
2200,train
69537,train
30400,train
37815,train
51516,train
34915,train
6220,train
24844,train
31247,train
59516,train
23050,train
54015,train
8267,train
31103,train
49699,train
45353,train
32995,train
8780,train
16367,train
16070,train
62041,train
14290,train
58596,train
10607,train
40480,train
44937,train
52121,train
11494,train
35936,train
17383,train
36114,train
44102,train
45467,train
22786,train
52784,train
616,train
4659,train
13707,train
48553,train
33262,train
50846,train
22872,train
51281,train
44160,train
42840,train
14242,train
64316,train
21526,train
31256,train
66562,train
67792,train
48750,train
26312,train
66245,train
39910,train
17031,train
18213,train
57204,train
51828,train
5807,train
26165,train
4045,train
63073,train
29875,train
27529,train
36813,train
55006,train
44355,train
70435,train
2242,train
58669,train
34170,train
15623,train
2315,train
63156,train
62419,train
45075,train
60756,train
31440,train
44930,train
45398,train
3241,train
2507,train
9465,train
57141,train
43201,train
65492,train
41321,train
67165,train
10001,train
59165,train
47781,train
54988,train
40084,train
24276,train
40718,train
37310,train
41429,train
50010,train
48793,train
2596,train
38839,train
51067,train
60234,train
43366,train
36292,train
61801,train
65953,train
63556,train
16882,train
42426,train
20784,train
796,train
44132,train
46172,train
52349,train
11966,train
18536,train
7533,train
19364,train
16809,train
59031,train
1995,train
43650,train
16601,train
15310,train
50444,train
60776,train
63509,train
6517,train
24149,train
68924,train
30255,train
35182,train
3695,train
14056,train
24809,train
52610,train
35912,train
11092,train
25991,train
69282,train
28085,train
46129,train
34449,train
57097,train
5086,train
29845,train
60436,train
68070,train
621,train
21459,train
51998,train
41357,train
37189,train
32832,train
17988,train
9561,train
49367,train
25393,train
60571,train
21804,train
9228,train
35079,train
56335,train
48135,train
63485,train
49860,train
29696,train
63954,train
360,train
50266,train
52327,train
58183,train
42450,train
29499,train
37891,train
1744,train
50407,train
8704,train
16564,train
22813,train
16645,train
41356,train
9287,train
34879,train
6768,train
47432,train
70551,train
20417,train
44425,train
45216,train
22540,train
56162,train
59831,train
66511,train
17653,train
26936,train
68749,train
66071,train
27942,train
2247,train
11107,train
14866,train
12254,train
36535,train
19601,train
45221,train
34987,train
57745,train
36585,train
57459,train
64762,train
48192,train
10363,train
30753,train
66990,train
27462,train
41268,train
727,train
25736,train
39630,train
62322,train
27724,train
44648,train
4515,train
5109,train
63440,train
47292,train
30586,train
64093,train
62431,train
20604,train
2566,train
62437,train
34575,train
45314,train
24109,train
8106,train
12863,train
47941,train
42970,train
56214,train
66875,train
59680,train
26778,train
7716,train
61317,train
18778,train
50001,train
32567,train
70094,train
15189,train
57816,train
61547,train
49575,train
2958,train
42730,train
9124,train
1849,train
2664,train
29090,train
59847,train
26783,train
17032,train
34513,train
38306,train
24988,train
24341,train
68781,train
29755,train
14854,train
63318,train
28350,train
49404,train
22915,train
69381,train
20451,train
40309,train
19626,train
15679,train
28656,train
15092,train
5826,train
3186,train
70521,train
53603,train
15657,train
45961,train
26221,train
12740,train
26526,train
55670,train
13352,train
23517,train
47540,train
53549,train
41208,train
21548,train
52420,train
20290,train
64834,train
10627,train
19647,train
66586,train
3129,train
57785,train
30033,train
66443,train
55041,train
31607,train
26837,train
16726,train
48283,train
16130,train
28866,train
7980,train
21582,train
18672,train
12927,train
21083,train
28598,train
11812,train
54305,train
68295,train
1907,train
35767,train
4217,train
68180,train
44739,train
8349,train
32641,train
56847,train
54604,train
9714,train
67926,train
11551,train
28428,train
14942,train
20492,train
14616,train
24754,train
69523,train
37206,train
66621,train
36728,train
44653,train
5705,train
1576,train
39676,train
69564,train
46371,train
53316,train
41508,train
2460,train
676,train
10564,train
27810,train
35923,train
5865,train
44826,train
53591,train
8630,train
5466,train
22945,train
65266,train
15335,train
14389,train
8714,train
3998,train
38925,train
24392,train
6159,train
31421,train
21978,train
8960,train
12519,train
50268,train
54245,train
49679,train
15078,train
42284,train
32415,train
12029,train
9147,train
17778,train
40562,train
50258,train
21733,train
29350,train
46176,train
32624,train
5546,train
28190,train
19565,train
21250,train
23923,train
22311,train
23434,train
4663,train
60350,train
2981,train
43890,train
11675,train
23067,train
48979,train
53219,train
23684,train
36458,train
8494,train
7652,train
27788,train
2346,train
1693,train
46020,train
49856,train
28791,train
62073,train
9966,train
35835,train
37860,train
70595,train
23023,train
54917,train
45794,train
69585,train
16133,train
47891,train
32619,train
69185,train
35109,train
20529,train
42639,train
30061,train
52880,train
35362,train
4601,train
66260,train
61652,train
44122,train
12337,train
40085,train
14925,train
65107,train
62280,train
66262,train
68050,train
62480,train
20874,train
50568,train
70376,train
30504,train
28946,train
7313,train
64753,train
54847,train
16633,train
35908,train
3202,train
48349,train
61688,train
16535,train
45310,train
24889,train
59532,train
30557,train
30756,train
49032,train
6823,train
25863,train
38383,train
34051,train
52219,train
37022,train
12002,train
18799,train
45000,train
42067,train
44977,train
69524,train
4985,train
35291,train
60336,train
45311,train
60047,train
40134,train
33526,train
22932,train
12643,train
32152,train
25227,train
61591,train
11734,train
36391,train
45695,train
61835,train
46469,train
58115,train
38178,train
65867,train
49881,train
51902,train
70255,train
20563,train
54420,train
42068,train
28144,train
15876,train
49462,train
19061,train
63726,train
42044,train
68303,train
20830,train
68799,train
16237,train
23616,train
32884,train
36372,train
29296,train
43669,train
35443,train
33349,train
27352,train
9722,train
62455,train
5695,train
67195,train
65909,train
66654,train
12793,train
41407,train
34740,train
7581,train
19470,train
58825,train
57688,train
37086,train
32691,train
59970,train
33468,train
24481,train
67594,train
11048,train
17853,train
49981,train
18795,train
33899,train
38641,train
22149,train
63352,train
34642,train
59190,train
26492,train
20970,train
48702,train
58259,train
14788,train
28900,train
36661,train
15457,train
3457,train
34119,train
49514,train
3305,train
7079,train
38933,train
20741,train
66096,train
61444,train
45204,train
9381,train
32923,train
17262,train
58004,train
57173,train
53086,train
68159,train
64346,train
46807,train
28324,train
59720,train
5225,train
52731,train
10233,train
7201,train
62044,train
14698,train
16559,train
6871,train
22767,train
52574,train
22123,train
2560,train
40064,train
27847,train
68863,train
13637,train
10035,train
26930,train
23645,train
63050,train
30194,train
53441,train
16798,train
65089,train
69601,train
9949,train
67444,train
24936,train
17426,train
20193,train
67803,train
7284,train
38844,train
16231,train
5421,train
34888,train
33502,train
12025,train
53253,train
6669,train
2599,train
32235,train
41351,train
15825,train
33102,train
23245,train
10810,train
47542,train
4841,train
38286,train
2823,train
46557,train
295,train
39450,train
62049,train
23579,train
662,train
5010,train
22943,train
24248,train
38884,train
13832,train
31836,train
6116,train
52701,train
62138,train
45103,train
68996,train
42676,train
34430,train
20821,train
27686,train
62357,train
31936,train
34872,train
12072,train
54402,train
57937,train
31970,train
55244,train
20725,train
18830,train
62430,train
35857,train
37329,train
41900,train
45876,train
48120,train
52536,train
14192,train
4863,train
6956,train
15400,train
63476,train
54528,train
54428,train
3875,train
23363,train
56655,train
545,train
2920,train
4842,train
52755,train
37902,train
43395,train
69867,train
12813,train
67087,train
59010,train
68807,train
57221,train
52840,train
12161,train
66750,train
52667,train
11750,train
22211,train
40667,train
51286,train
61337,train
37681,train
35904,train
45561,train
13986,train
59578,train
7178,train
8768,train
53540,train
39789,train
250,train
67291,train
14649,train
14016,train
56599,train
12924,train
30113,train
41491,train
39857,train
51819,train
12079,train
37021,train
1395,train
35860,train
18608,train
21792,train
48209,train
69098,train
30728,train
35563,train
42132,train
56254,train
45017,train
7883,train
57884,train
61653,train
29208,train
31135,train
46858,train
37054,train
64101,train
33370,train
68430,train
17658,train
19150,train
17168,train
22764,train
2974,train
35467,train
30025,train
7817,train
8526,train
6892,train
35964,train
49908,train
5844,train
7271,train
57827,train
9463,train
6110,train
68122,train
49791,train
68947,train
45387,train
46786,train
3612,train
17676,train
12687,train
19268,train
53300,train
11616,train
40512,train
42667,train
52128,train
46127,train
6391,train
33693,train
37068,train
16891,train
48542,train
35020,train
28652,train
3463,train
7232,train
55028,train
44888,train
53066,train
35419,train
31631,train
33299,train
19188,train
50908,train
59812,train
22562,train
51860,train
69759,train
29269,train
22507,train
64422,train
16134,train
50644,train
52556,train
55291,train
10423,train
67051,train
36977,train
8420,train
46555,train
47355,train
65286,train
54763,train
21393,train
43719,train
11534,train
27581,train
38431,train
43996,train
34441,train
4876,train
23542,train
39504,train
56611,train
34184,train
5771,train
7174,train
38579,train
62383,train
41024,train
57175,train
45840,train
18654,train
10168,train
30521,train
4461,train
12862,train
68360,train
23306,train
1399,train
69130,train
41105,train
23272,train
60098,train
20497,train
21976,train
21515,train
41360,train
28710,train
50666,train
62646,train
67284,train
12275,train
37132,train
45248,train
10586,train
42812,train
28107,train
43497,train
22504,train
2081,train
20046,train
62026,train
30713,train
33030,train
36015,train
46955,train
40250,train
56677,train
2518,train
22991,train
43381,train
65851,train
50688,train
47067,train
3587,train
46724,train
11634,train
697,train
46035,train
69935,train
25218,train
49741,train
28407,train
23430,train
34012,train
22797,train
11697,train
13655,train
34732,train
937,train
25587,train
48739,train
61807,train
40099,train
6041,train
50476,train
66436,train
323,train
25338,train
5018,train
5252,train
67340,train
35918,train
57905,train
32319,train
4707,train
32748,train
55264,train
47197,train
17655,train
67872,train
47816,train
32658,train
13881,train
56837,train
52635,train
57812,train
60828,train
52453,train
59418,train
11889,train
1979,train
53077,train
55530,train
18243,train
66872,train
15443,train
60881,train
7671,train
13980,train
51442,train
26167,train
24070,train
35143,train
51560,train
62176,train
42539,train
32099,train
35172,train
8585,train
59092,train
39949,train
34333,train
15830,train
65194,train
37369,train
23998,train
39972,train
18632,train
47201,train
11806,train
28868,train
9118,train
48976,train
11207,train
61524,train
20265,train
26916,train
26789,train
42285,train
3389,train
7354,train
18754,train
23038,train
62550,train
59893,train
18936,train
31772,train
55579,train
69591,train
58082,train
14535,train
7957,train
59764,train
18175,train
41673,train
66808,train
38455,train
59286,train
25903,train
23065,train
15430,train
59096,train
60486,train
18804,train
41815,train
29372,train
19679,train
67026,train
24578,train
60850,train
15688,train
13114,train
65853,train
43100,train
43937,train
25772,train
31073,train
23152,train
29551,train
52638,train
14577,train
40190,train
51730,train
8072,train
35517,train
397,train
46596,train
27956,train
25367,train
57430,train
50069,train
39728,train
65203,train
22637,train
44524,train
16417,train
32892,train
61293,train
56967,train
28664,train
45384,train
60734,train
45771,train
13023,train
29971,train
44917,train
47633,train
948,train
65230,train
58946,train
61898,train
25551,train
22567,train
15433,train
4038,train
1107,train
63072,train
64786,train
56351,train
68978,train
59850,train
53545,train
26702,train
38568,train
62129,train
4503,train
52979,train
23930,train
12909,train
47610,train
43629,train
27087,train
36684,train
31506,train
27322,train
35725,train
43984,train
26688,train
26063,train
49569,train
39323,train
30277,train
16517,train
31606,train
44634,train
65036,train
7363,train
2161,train
37282,train
9417,train
23253,train
11000,train
22108,train
1685,train
18647,train
60825,train
37084,train
61238,train
22487,train
69448,train
1058,train
24584,train
4981,train
50761,train
46541,train
39350,train
8916,train
3887,train
43607,train
40180,train
31428,train
48872,train
20023,train
26009,train
34168,train
46082,train
34521,train
30617,train
60415,train
39851,train
5576,train
55261,train
46031,train
17651,train
37201,train
42304,train
52709,train
67145,train
24664,train
48772,train
45399,train
39187,train
27513,train
25230,train
21587,train
994,train
1922,train
38197,train
46286,train
45908,train
14939,train
5206,train
25818,train
945,train
26933,train
29729,train
33761,train
47106,train
64576,train
41460,train
3660,train
57513,train
50341,train
15392,train
40363,train
49353,train
20894,train
62696,train
21883,train
69594,train
58197,train
46106,train
28704,train
48329,train
67450,train
7855,train
51834,train
29948,train
57917,train
53285,train
25343,train
43431,train
11859,train
31986,train
57742,train
36414,train
37883,train
39605,train
49995,train
51801,train
533,train
70259,train
70641,train
47590,train
43277,train
49985,train
66022,train
29937,train
12853,train
41418,train
51539,train
23082,train
17657,train
13063,train
59501,train
38779,train
63762,train
9730,train
55268,train
14344,train
42515,train
58362,train
31675,train
14086,train
233,train
12820,train
46051,train
52603,train
27482,train
41155,train
30849,train
70479,train
50983,train
2927,train
18303,train
61451,train
11369,train
67660,train
66871,train
33316,train
14588,train
65751,train
13740,train
6079,train
58273,train
60295,train
3466,train
23488,train
36343,train
19120,train
62913,train
33401,train
58523,train
32581,train
55792,train
7413,train
44562,train
68240,train
58281,train
46304,train
28869,train
2332,train
27310,train
53511,train
30144,train
7038,train
66842,train
48237,train
51165,train
19271,train
12237,train
17421,train
6359,train
37350,train
3760,train
29775,train
39122,train
68964,train
778,train
61785,train
26445,train
61992,train
10710,train
13171,train
17005,train
6306,train
42574,train
44470,train
48897,train
15089,train
10880,train
10198,train
15073,train
24796,train
64320,train
21901,train
24838,train
56903,train
67101,train
53698,train
4460,train
3629,train
11705,train
69204,train
13483,train
1858,train
67849,train
22616,train
69807,train
22746,train
23999,train
44929,train
7513,train
59015,train
26020,train
36483,train
59105,train
9661,train
63686,train
47996,train
20585,train
30336,train
36173,train
11271,train
37885,train
14575,train
21494,train
16707,train
29721,train
43585,train
63109,train
32560,train
21495,train
33223,train
6004,train
20634,train
38457,train
26081,train
59073,train
7452,train
17673,train
20595,train
33132,train
48191,train
10594,train
67893,train
30013,train
31183,train
25899,train
10808,train
26113,train
36979,train
17706,train
54044,train
40588,train
33005,train
59833,train
41187,train
23945,train
57189,train
54755,train
48989,train
1446,train
291,train
26997,train
6036,train
12219,train
37524,train
47946,train
4775,train
6650,train
6356,train
55950,train
60761,train
24486,train
39946,train
242,train
45403,train
36454,train
46872,train
9771,train
46151,train
42587,train
18372,train
56650,train
68254,train
49997,train
26750,train
40950,train
7705,train
9496,train
3250,train
38203,train
56220,train
54696,train
11930,train
3125,train
49254,train
10162,train
43017,train
40274,train
37078,train
65302,train
70621,train
25475,train
36046,train
23137,train
28403,train
10125,train
7311,train
50209,train
2230,train
60801,train
36359,train
51416,train
59266,train
49318,train
67456,train
65895,train
47108,train
41527,train
68505,train
50959,train
17649,train
57084,train
41414,train
36852,train
70019,train
26067,train
10557,train
12130,train
34739,train
34463,train
66073,train
35967,train
12440,train
24413,train
35929,train
49898,train
16228,train
59725,train
53245,train
46337,train
9396,train
2748,train
37495,train
39166,train
47357,train
11454,train
38464,train
9291,train
51358,train
8155,train
60155,train
37768,train
29358,train
63155,train
60783,train
21512,train
507,train
29540,train
64418,train
13950,train
22109,train
271,train
1216,train
3498,train
43454,train
31942,train
24668,train
640,train
30817,train
44813,train
16042,train
64760,train
37004,train
61049,train
14171,train
39672,train
47193,train
49813,train
22075,train
52188,train
27308,train
43229,train
52099,train
33319,train
40106,train
38948,train
245,train
68325,train
27123,train
56045,train
24093,train
55589,train
59153,train
41029,train
45785,train
6963,train
60796,train
41490,train
55104,train
4991,train
61725,train
12795,train
47325,train
67758,train
13248,train
33255,train
52244,train
43862,train
59517,train
41698,train
51108,train
1768,train
24440,train
23776,train
7969,train
11530,train
25553,train
24635,train
68036,train
10875,train
61070,train
33007,train
62774,train
47751,train
27448,train
65626,train
35772,train
19651,train
9469,train
37627,train
14987,train
38234,train
51069,train
29781,train
6686,train
54570,train
26161,train
2058,train
45746,train
5903,train
60257,train
15678,train
47822,train
55785,train
65008,train
9421,train
16198,train
2629,train
18477,train
61867,train
66608,train
67952,train
19799,train
45268,train
39647,train
4004,train
52772,train
65238,train
60740,train
64107,train
37541,train
20997,train
1931,train
67694,train
38412,train
54704,train
1658,train
4695,train
17938,train
57838,train
14221,train
7718,train
53233,train
36086,train
61696,train
7669,train
45440,train
9436,train
41957,train
18274,train
32506,train
3283,train
55968,train
51254,train
12430,train
60875,train
48061,train
22844,train
18368,train
18391,train
57918,train
20936,train
22676,train
6192,train
14368,train
59534,train
15703,train
62978,train
60450,train
11105,train
43603,train
630,train
67058,train
11835,train
2526,train
36093,train
64583,train
16455,train
2404,train
57275,train
37867,train
67175,train
56664,train
27436,train
7503,train
45673,train
1505,train
37385,train
68890,train
61966,train
29749,train
51732,train
38291,train
55697,train
35318,train
53121,train
17963,train
13289,train
36998,train
1292,train
65344,train
32135,train
7052,train
9420,train
67200,train
5655,train
45736,train
55643,train
16887,train
48720,train
68281,train
37550,train
38847,train
54083,train
16679,train
2976,train
8052,train
68232,train
1439,train
51000,train
40372,train
42337,train
14007,train
28969,train
63565,train
7934,train
11089,train
43663,train
48413,train
25985,train
36556,train
20641,train
47333,train
44583,train
16576,train
23875,train
11715,train
58796,train
51183,train
7487,train
59818,train
50871,train
54315,train
7202,train
11914,train
2880,train
37110,train
14270,train
68883,train
33385,train
64739,train
11794,train
37217,train
43291,train
48335,train
12934,train
33538,train
10622,train
47426,train
40707,train
12926,train
13190,train
50051,train
66559,train
37330,train
23121,train
22929,train
28935,train
65634,train
31554,train
44347,train
3052,train
46073,train
62421,train
62853,train
33943,train
69578,train
13447,train
26960,train
27846,train
21525,train
57027,train
13706,train
52437,train
52839,train
17666,train
27192,train
22998,train
54779,train
49655,train
46886,train
6936,train
9707,train
28277,train
38693,train
13876,train
57882,train
42716,train
31983,train
10376,train
6664,train
11457,train
6459,train
61320,train
70306,train
15131,train
66347,train
4482,train
24566,train
34542,train
40932,train
24052,train
59245,train
4731,train
52954,train
23956,train
52330,train
2724,train
40643,train
63317,train
57992,train
42029,train
6118,train
16078,train
52299,train
33496,train
66881,train
57957,train
44021,train
614,train
56475,train
42019,train
38651,train
30412,train
24625,train
37130,train
16001,train
58037,train
70277,train
43545,train
21347,train
16088,train
19861,train
46519,train
61147,train
20538,train
36551,train
28287,train
48951,train
51347,train
2180,train
62110,train
18173,train
36830,train
10007,train
31795,train
35405,train
14974,train
50860,train
2001,train
7222,train
47546,train
29931,train
58312,train
24691,train
51440,train
37272,train
43172,train
67768,train
24118,train
53977,train
17345,train
13852,train
22262,train
29754,train
58564,train
63433,train
10711,train
42842,train
11445,train
7971,train
41405,train
3188,train
1718,train
51434,train
64414,train
24485,train
62089,train
67056,train
6615,train
19888,train
27717,train
1137,train
42554,train
21950,train
18473,train
8281,train
32749,train
8254,train
11386,train
31921,train
52942,train
7024,train
25391,train
23928,train
61674,train
35662,train
7003,train
43084,train
43518,train
7575,train
36874,train
61541,train
8487,train
17760,train
63822,train
64500,train
3242,train
49906,train
57017,train
5412,train
59535,train
27165,train
6950,train
32586,train
50046,train
21985,train
47731,train
23125,train
62829,train
51322,train
34351,train
35305,train
24056,train
65697,train
20542,train
67486,train
38182,train
50502,train
30896,train
32036,train
45074,train
54474,train
10567,train
31791,train
30356,train
18015,train
39825,train
47886,train
38767,train
52934,train
50826,train
130,train
58262,train
46591,train
177,train
64425,train
38050,train
23229,train
42701,train
7787,train
60869,train
38333,train
69751,train
53269,train
19644,train
58284,train
22061,train
64297,train
69396,train
22752,train
66579,train
26385,train
28045,train
63767,train
20150,train
5300,train
28515,train
41169,train
3354,train
11102,train
40304,train
3478,train
14250,train
44195,train
25266,train
2250,train
29713,train
26630,train
28682,train
69105,train
52767,train
66275,train
1285,train
55023,train
39260,train
63615,train
41692,train
7418,train
47276,train
66857,train
34151,train
68855,train
7317,train
26804,train
4889,train
13022,train
35743,train
2917,train
39210,train
70460,train
18717,train
53193,train
44258,train
17665,train
36626,train
4924,train
47252,train
45432,train
17851,train
51588,train
29284,train
27203,train
11849,train
39205,train
54619,train
36462,train
16540,train
24939,train
13535,train
36354,train
3682,train
26331,train
15611,train
56421,train
70683,train
41768,train
67383,train
2112,train
60814,train
7664,train
46294,train
20061,train
54733,train
28653,train
28928,train
8432,train
66059,train
37031,train
47282,train
52613,train
11209,train
63970,train
42778,train
66013,train
1736,train
39039,train
35884,train
33591,train
12206,train
22477,train
3753,train
37396,train
68069,train
58628,train
69473,train
34298,train
62211,train
2151,train
53727,train
17781,train
41796,train
33154,train
56080,train
19192,train
25862,train
1635,train
18955,train
19752,train
7569,train
42682,train
17378,train
70381,train
27715,train
50905,train
44108,train
46821,train
203,train
3340,train
40651,train
16534,train
70242,train
37116,train
753,train
15076,train
50510,train
66810,train
31130,train
9128,train
5194,train
7481,train
69510,train
41276,train
18959,train
29233,train
19359,train
63831,train
70417,train
45592,train
4502,train
31172,train
41571,train
12442,train
13319,train
48713,train
36976,train
26013,train
4393,train
23917,train
53722,train
19525,train
24708,train
51641,train
68220,train
4026,train
6585,train
66611,train
59113,train
2703,train
26010,train
67531,train
41669,train
36064,train
18844,train
46837,train
9837,train
27211,train
21449,train
63178,train
59301,train
70173,train
63988,train
26094,train
19731,train
2472,train
5859,train
42817,train
14946,train
19172,train
36768,train
28883,train
3066,train
50496,train
36741,train
39542,train
26061,train
24506,train
14132,train
20939,train
39088,train
58186,train
38326,train
964,train
51558,train
10183,train
24281,train
66088,train
1771,train
15885,train
44153,train
38436,train
41663,train
2534,train
17724,train
3048,train
57617,train
28469,train
65398,train
4200,train
20904,train
41619,train
16344,train
16052,train
35350,train
9025,train
63186,train
16227,train
47361,train
31645,train
31226,train
2488,train
70041,train
51297,train
31625,train
60324,train
33925,train
18346,train
38757,train
26218,train
63324,train
17163,train
23421,train
4230,train
54960,train
26417,train
60768,train
2645,train
63208,train
45679,train
58334,train
6878,train
51149,train
38274,train
50011,train
39878,train
19244,train
32907,train
34964,train
35275,train
54697,train
33632,train
57379,train
29291,train
32058,train
49998,train
52371,train
6055,train
57122,train
25117,train
13842,train
25874,train
14060,train
60411,train
62231,train
15701,train
24230,train
30176,train
46311,train
53199,train
40006,train
22531,train
57842,train
572,train
1388,train
61670,train
8695,train
14021,train
40658,train
22116,train
50174,train
28244,train
57859,train
14769,train
37697,train
43005,train
65348,train
61224,train
31829,train
15050,train
69811,train
1000,train
59927,train
51114,train
7389,train
70273,train
70468,train
31678,train
41845,train
44989,train
31541,train
31827,train
18483,train
68201,train
31731,train
36744,train
59243,train
47009,train
29194,train
12893,train
4107,train
1726,train
11510,train
56395,train
23545,train
19207,train
67489,train
15437,train
58563,train
62659,train
1643,train
12841,train
65648,train
36582,train
12325,train
66947,train
18031,train
14920,train
15987,train
311,train
68051,train
7872,train
12333,train
4758,train
455,train
39279,train
67153,train
23520,train
44426,train
9740,train
49259,train
42510,train
34652,train
26937,train
58411,train
49083,train
62153,train
32507,train
40462,train
8162,train
60182,train
27626,train
28755,train
3770,train
29330,train
63494,train
67517,train
57002,train
49704,train
56490,train
9685,train
39462,train
34025,train
8516,train
50302,train
45162,train
32717,train
10920,train
42868,train
17458,train
70116,train
19055,train
38360,train
67050,train
9384,train
24136,train
13471,train
47182,train
50946,train
13987,train
8000,train
27098,train
25191,train
53683,train
56054,train
16512,train
608,train
57923,train
31015,train
65256,train
50616,train
28555,train
56487,train
20602,train
9132,train
8306,train
44330,train
65086,train
53277,train
649,train
68712,train
23118,train
14054,train
55217,train
40074,train
21071,train
29314,train
2982,train
20291,train
15239,train
16208,train
39298,train
37647,train
35333,train
45086,train
45643,train
38189,train
26233,train
68368,train
32318,train
36055,train
55772,train
57155,train
30832,train
63133,train
6907,train
50677,train
7739,train
4667,train
18193,train
57402,train
4041,train
28543,train
21047,train
25169,train
45620,train
70469,train
64672,train
64325,train
45389,train
29829,train
37643,train
33108,train
40972,train
19822,train
51368,train
17249,train
53537,train
31273,train
12801,train
19138,train
2358,train
2373,train
19512,train
35227,train
54477,train
5862,train
32598,train
29882,train
20121,train
50497,train
37749,train
67121,train
23439,train
43308,train
28207,train
10259,train
26005,train
55965,train
57644,train
68205,train
13332,train
26842,train
40,train
45270,train
24455,train
25324,train
45092,train
30466,train
62608,train
2846,train
34502,train
18504,train
14819,train
20501,train
14582,train
65023,train
49340,train
28727,train
63844,train
46375,train
24198,train
34366,train
69678,train
31279,train
34744,train
45347,train
29869,train
67577,train
11275,train
18826,train
41565,train
44440,train
30410,train
34827,train
3368,train
22594,train
1661,train
36132,train
51004,train
48617,train
259,train
46617,train
28737,train
28563,train
49059,train
17434,train
45349,train
61981,train
49962,train
2916,train
41999,train
53842,train
14507,train
39362,train
23391,train
1291,train
5734,train
15829,train
57748,train
30035,train
43672,train
6820,train
43687,train
1442,train
44480,train
36568,train
42165,train
2255,train
16641,train
45236,train
12593,train
21176,train
63978,train
56708,train
2631,train
29639,train
36147,train
24170,train
69170,train
57468,train
10373,train
51520,train
40860,train
24097,train
8393,train
7149,train
65490,train
57007,train
35163,train
10916,train
14480,train
1553,train
44776,train
33270,train
31346,train
20952,train
32151,train
67516,train
64317,train
23297,train
65109,train
34304,train
23094,train
55559,train
29236,train
27711,train
54028,train
57625,train
47683,train
34228,train
50741,train
11145,train
46656,train
30184,train
22495,train
39520,train
56492,train
24437,train
8764,train
22142,train
6076,train
31087,train
7782,train
34102,train
59889,train
56542,train
69997,train
20442,train
351,train
6318,train
14459,train
41706,train
12163,train
12540,train
57038,train
39101,train
4172,train
27747,train
29601,train
68751,train
29669,train
1354,train
51251,train
33490,train
67595,train
65478,train
70086,train
23725,train
41590,train
51128,train
15940,train
24828,train
61930,train
70520,train
4848,train
53465,train
58711,train
47168,train
53507,train
23765,train
70015,train
16236,train
17505,train
11462,train
39041,train
17574,train
62015,train
24482,train
21020,train
15589,train
68286,train
34326,train
54963,train
24608,train
22611,train
19572,train
23677,train
67351,train
45632,train
30034,train
41814,train
22627,train
7337,train
66865,train
46989,train
4622,train
68243,train
47936,train
39635,train
9879,train
19166,train
50327,train
6439,train
7050,train
69391,train
64691,train
55437,train
70344,train
33696,train
63200,train
51090,train
47165,train
68350,train
56846,train
6778,train
49490,train
21737,train
41252,train
25858,train
41333,train
55866,train
59958,train
22601,train
34588,train
16628,train
25530,train
20271,train
35973,train
320,train
19251,train
47399,train
22421,train
9802,train
14637,train
4020,train
16725,train
10849,train
68921,train
63773,train
60620,train
22877,train
11330,train
56193,train
64354,train
64542,train
646,train
28170,train
40393,train
30114,train
9162,train
659,train
46446,train
27731,train
67789,train
24969,train
42179,train
29315,train
5154,train
22044,train
64959,train
30444,train
22908,train
818,train
18845,train
28444,train
52305,train
34697,train
4582,train
20220,train
30232,train
46275,train
23921,train
28154,train
45357,train
9841,train
55586,train
20796,train
33312,train
38414,train
20225,train
32258,train
47740,train
56419,train
69062,train
55029,train
24243,train
42838,train
13119,train
43374,train
21640,train
8573,train
27992,train
21469,train
7618,train
528,train
11997,train
11761,train
3999,train
3207,train
31014,train
39226,train
15524,train
7267,train
67970,train
32818,train
10015,train
68012,train
69645,train
28052,train
61905,train
33171,train
21628,train
2847,train
38006,train
5959,train
49849,train
61211,train
31727,train
9358,train
51809,train
53425,train
58625,train
68481,train
14742,train
16583,train
4784,train
20800,train
7582,train
26193,train
56306,train
35746,train
70462,train
65275,train
41053,train
54611,train
57241,train
56116,train
59732,train
50731,train
46846,train
11753,train
4568,train
25960,train
29127,train
43211,train
6017,train
34274,train
29288,train
64331,train
37044,train
51341,train
26949,train
23262,train
17471,train
22662,train
52329,train
3514,train
4016,train
32604,train
46482,train
56414,train
8390,train
8721,train
44041,train
7172,train
19499,train
2705,train
21454,train
23827,train
60539,train
7163,train
19439,train
56210,train
56939,train
43793,train
38707,train
40136,train
63471,train
31075,train
56645,train
38636,train
52210,train
27866,train
49652,train
52760,train
56511,train
37704,train
45339,train
49464,train
14130,train
10174,train
4915,train
45618,train
41955,train
13862,train
11599,train
32806,train
3163,train
29024,train
63578,train
20168,train
68645,train
66722,train
34602,train
15601,train
7075,train
22180,train
13884,train
45274,train
12701,train
729,train
66827,train
25274,train
57852,train
27143,train
13017,train
24064,train
54672,train
246,train
43257,train
21151,train
27061,train
53189,train
9169,train
52380,train
38581,train
7949,train
31185,train
57251,train
67891,train
26627,train
37664,train
28684,train
46830,train
17111,train
29834,train
48080,train
3602,train
4144,train
50041,train
53827,train
8219,train
31890,train
67099,train
36390,train
10688,train
4390,train
3276,train
44980,train
69419,train
13882,train
54104,train
16630,train
37986,train
5433,train
11526,train
11927,train
56769,train
47250,train
25321,train
33727,train
13438,train
56263,train
4354,train
5103,train
57403,train
14455,train
63254,train
14782,train
30513,train
63196,train
13418,train
17320,train
56287,train
20767,train
28377,train
34041,train
64292,train
9186,train
58878,train
859,train
25908,train
24737,train
63772,train
36150,train
9720,train
11802,train
19701,train
6977,train
27753,train
53890,train
8808,train
2602,train
59340,train
54404,train
53863,train
16086,train
68386,train
69008,train
60275,train
54394,train
28825,train
18299,train
11517,train
4875,train
67210,train
270,train
1194,train
1192,train
3706,train
9918,train
2140,train
390,train
55943,train
24527,train
10467,train
40647,train
32620,train
45986,train
41901,train
45744,train
33931,train
5572,train
60498,train
43326,train
56197,train
7935,train
23415,train
30704,train
15713,train
27225,train
67553,train
11440,train
51489,train
13322,train
5273,train
2616,train
42575,train
15817,train
24643,train
16868,train
51070,train
66666,train
22456,train
31785,train
3278,train
31870,train
58416,train
42837,train
36036,train
21117,train
55618,train
55987,train
36938,train
29631,train
27815,train
13990,train
48823,train
16232,train
52209,train
3932,train
47674,train
1451,train
29701,train
41104,train
57800,train
37887,train
46802,train
62136,train
25273,train
51988,train
62021,train
66929,train
34260,train
22414,train
23231,train
58793,train
4099,train
19944,train
31719,train
49467,train
42566,train
36215,train
2365,train
64264,train
26059,train
46246,train
52868,train
29623,train
11409,train
1904,train
5469,train
12564,train
66651,train
51742,train
20393,train
47395,train
68312,train
22317,train
26866,train
7192,train
61248,train
25524,train
2842,train
70085,train
42407,train
30780,train
22298,train
49789,train
252,train
42755,train
21589,train
53887,train
65035,train
58202,train
9262,train
53868,train
3427,train
64910,train
30068,train
70546,train
276,train
6199,train
18489,train
28495,train
18415,train
7454,train
52214,train
11583,train
6374,train
40218,train
59236,train
3681,train
34790,train
46062,train
51783,train
36846,train
27498,train
61515,train
15270,train
11423,train
62324,train
53399,train
46153,train
19176,train
18379,train
27806,train
31438,train
48292,train
26502,train
2797,train
3641,train
32154,train
42034,train
65469,train
13673,train
67389,train
33492,train
51262,train
39159,train
12794,train
7987,train
65532,train
10348,train
21753,train
1109,train
40708,train
49766,train
67684,train
8448,train
39760,train
12487,train
42489,train
17624,train
39719,train
11647,train
10952,train
56731,train
3224,train
13763,train
24167,train
24410,train
59139,train
60689,train
32543,train
32929,train
23232,train
44821,train
62821,train
50811,train
48807,train
68030,train
58350,train
67499,train
37483,train
38586,train
49386,train
56991,train
25799,train
34169,train
65303,train
32119,train
33971,train
66823,train
9170,train
6263,train
43399,train
5491,train
51757,train
33666,train
50071,train
58383,train
8794,train
44306,train
10924,train
65340,train
7122,train
67853,train
68594,train
55070,train
46408,train
39250,train
61102,train
56651,train
7552,train
41664,train
1453,train
33215,train
24002,train
24284,train
36138,train
66098,train
37082,train
22091,train
58095,train
38677,train
69765,train
33986,train
52411,train
39411,train
31912,train
68435,train
10312,train
67857,train
9746,train
64412,train
32817,train
67242,train
41269,train
50889,train
48436,train
13586,train
60307,train
32576,train
7847,train
49552,train
58254,train
29044,train
16523,train
17325,train
11367,train
21344,train
52367,train
49529,train
33763,train
49108,train
15622,train
17672,train
5368,train
60342,train
9255,train
3113,train
65982,train
2281,train
68628,train
43352,train
50129,train
6446,train
17541,train
59198,train
9403,train
24358,train
54401,train
14550,train
2786,train
41582,train
59401,train
30139,train
59650,train
30894,train
9361,train
59942,train
38239,train
63137,train
59933,train
43574,train
52511,train
50022,train
54930,train
23143,train
50469,train
49283,train
26609,train
45997,train
59325,train
21918,train
14471,train
49080,train
16648,train
5107,train
9916,train
57164,train
23741,train
62918,train
55886,train
42858,train
50263,train
47605,train
59872,train
2879,train
38723,train
70016,train
70101,train
8264,train
36329,train
67234,train
5144,train
31195,train
61921,train
43896,train
46929,train
58817,train
5512,train
32467,train
36261,train
19277,train
10091,train
31463,train
34128,train
6450,train
29462,train
30,train
46000,train
7890,train
19386,train
5693,train
40554,train
14396,train
35180,train
11532,train
31275,train
2636,train
7803,train
57090,train
4028,train
23877,train
7829,train
35803,train
28285,train
60587,train
43028,train
29306,train
13152,train
50366,train
68931,train
50751,train
51873,train
46189,train
24250,train
39653,train
19010,train
69952,train
52168,train
8065,train
34049,train
34200,train
55081,train
67690,train
24305,train
47730,train
46068,train
43077,train
15225,train
46376,train
66250,train
58355,train
18119,train
22757,train
26694,train
50396,train
2168,train
18797,train
59694,train
42514,train
57184,train
34142,train
32963,train
51206,train
21398,train
45777,train
34921,train
62675,train
41219,train
5662,train
18426,train
60191,train
12703,train
1608,train
23324,train
28192,train
8134,train
49642,train
48581,train
3898,train
41536,train
20383,train
48601,train
53262,train
40752,train
24726,train
24258,train
17704,train
65850,train
9945,train
26064,train
24280,train
52567,train
32150,train
27414,train
62536,train
13919,train
5794,train
6632,train
24112,train
52078,train
57238,train
24278,train
55281,train
44986,train
52039,train
65353,train
42580,train
23492,train
41902,train
31429,train
31443,train
52163,train
56053,train
34179,train
6059,train
29784,train
26708,train
7332,train
68733,train
31867,train
57813,train
43843,train
43202,train
67192,train
47800,train
56256,train
12379,train
15743,train
60700,train
6528,train
16657,train
41126,train
37311,train
29770,train
50228,train
48005,train
37161,train
67053,train
44851,train
51257,train
560,train
14361,train
12497,train
53211,train
29489,train
39871,train
47992,train
58866,train
52570,train
69079,train
9765,train
25920,train
49485,train
50870,train
21283,train
10310,train
25143,train
9362,train
22398,train
28420,train
46011,train
21553,train
31204,train
12568,train
28467,train
21736,train
63542,train
539,train
1984,train
33125,train
49568,train
20950,train
42988,train
12912,train
42634,train
29115,train
3108,train
46810,train
9693,train
17815,train
5336,train
8193,train
46956,train
60782,train
63490,train
17936,train
32394,train
28609,train
16737,train
16505,train
45181,train
12390,train
17040,train
24390,train
70002,train
20295,train
59098,train
40116,train
25613,train
32381,train
36272,train
10138,train
18810,train
18123,train
39616,train
16310,train
66703,train
43307,train
61946,train
12119,train
26071,train
34062,train
34399,train
63735,train
56560,train
52455,train
44973,train
11681,train
3967,train
3517,train
57948,train
21321,train
34942,train
33303,train
4846,train
8741,train
58534,train
25980,train
53023,train
47062,train
66237,train
66212,train
49646,train
11936,train
62850,train
41787,train
6172,train
12866,train
59621,train
39413,train
29386,train
53062,train
59706,train
8183,train
48683,train
45303,train
31941,train
30424,train
46510,train
16162,train
41192,train
10801,train
10751,train
39258,train
18836,train
53991,train
49102,train
2481,train
8479,train
65849,train
32023,train
27774,train
60256,train
40044,train
5758,train
63793,train
15199,train
19348,train
32443,train
67556,train
25164,train
30859,train
61348,train
68717,train
46800,train
21895,train
56681,train
70554,train
55597,train
36957,train
53010,train
68086,train
21187,train
61368,train
18828,train
46280,train
70322,train
49010,train
37659,train
6672,train
25195,train
12700,train
54278,train
35060,train
49847,train
43033,train
12155,train
3879,train
3586,train
50141,train
12588,train
42830,train
14708,train
61509,train
35049,train
60625,train
67847,train
60399,train
28897,train
48408,train
9144,train
5763,train
1059,train
37171,train
37958,train
31174,train
63096,train
57254,train
37831,train
11537,train
59448,train
42062,train
23510,train
52520,train
2397,train
20836,train
26983,train
65094,train
38796,train
15751,train
28717,train
35549,train
51435,train
22143,train
22800,train
61695,train
9209,train
26966,train
15003,train
16175,train
19935,train
50150,train
65719,train
12624,train
53493,train
36755,train
10394,train
41330,train
30511,train
44848,train
14524,train
44050,train
2727,train
36635,train
38113,train
38874,train
33000,train
18560,train
5403,train
15921,train
6001,train
7810,train
25073,train
34450,train
7123,train
57279,train
263,train
41080,train
64668,train
29246,train
13783,train
62826,train
57560,train
26192,train
47396,train
26279,train
24213,train
2130,train
63468,train
25228,train
35922,train
18928,train
51282,train
41334,train
22314,train
65187,train
51306,train
58498,train
6929,train
60005,train
62159,train
31787,train
15397,train
41493,train
13077,train
26083,train
68674,train
34188,train
62403,train
61681,train
13552,train
64491,train
21968,train
18199,train
20208,train
37864,train
23563,train
5537,train
27709,train
46905,train
52271,train
4634,train
41120,train
58122,train
58239,train
46849,train
47326,train
25918,train
14041,train
52757,train
63140,train
46102,train
20854,train
31156,train
25902,train
2285,train
55695,train
8161,train
47063,train
54144,train
69592,train
47579,train
376,train
12525,train
70225,train
8269,train
37946,train
63576,train
13683,train
3338,train
29932,train
17214,train
39417,train
16068,train
46580,train
48971,train
28102,train
17417,train
5642,train
60194,train
45327,train
33034,train
9881,train
48123,train
62212,train
8683,train
47268,train
31627,train
40288,train
28100,train
43634,train
48477,train
15413,train
28766,train
11825,train
60007,train
52226,train
47436,train
36184,train
48622,train
53910,train
68451,train
56501,train
25849,train
46335,train
40569,train
11972,train
10643,train
64446,train
17532,train
7158,train
21153,train
2610,train
69395,train
5674,train
26383,train
29039,train
61195,train
44780,train
17497,train
9466,train
39316,train
35154,train
68948,train
15460,train
53172,train
4577,train
524,train
25810,train
13393,train
41851,train
67826,train
23530,train
7884,train
49730,train
5332,train
49369,train
6903,train
20188,train
64744,train
45157,train
58151,train
36104,train
5825,train
41926,train
4950,train
37291,train
70071,train
52004,train
38777,train
62523,train
35905,train
51806,train
45715,train
36644,train
51367,train
52675,train
46783,train
59458,train
38069,train
38896,train
67769,train
52751,train
25882,train
31007,train
40193,train
19579,train
3428,train
64084,train
39253,train
27692,train
64436,train
25641,train
7878,train
44700,train
46763,train
67204,train
45616,train
12418,train
61974,train
57472,train
18118,train
53226,train
26420,train
46501,train
28401,train
67919,train
49701,train
60810,train
7312,train
12252,train
23503,train
56403,train
18233,train
70133,train
65175,train
37364,train
48599,train
28232,train
17588,train
45887,train
11855,train
26183,train
8433,train
69749,train
44376,train
23489,train
49129,train
4401,train
62577,train
70664,train
19206,train
11536,train
20419,train
69387,train
7238,train
37077,train
6489,train
40503,train
5135,train
8477,train
34340,train
16018,train
55203,train
26387,train
29580,train
48051,train
22203,train
59334,train
62392,train
64219,train
26422,train
68117,train
55172,train
19744,train
55200,train
22440,train
56445,train
56992,train
7043,train
50342,train
61691,train
15913,train
44916,train
57732,train
775,train
39577,train
10230,train
30777,train
34564,train
47138,train
21545,train
13037,train
53783,train
34686,train
68868,train
23751,train
2307,train
15444,train
20092,train
27554,train
9501,train
66518,train
23403,train
39744,train
59653,train
57022,train
16610,train
41468,train
36218,train
7392,train
45423,train
48158,train
47473,train
29892,train
63795,train
20583,train
49869,train
58193,train
53353,train
39240,train
46578,train
6515,train
8928,train
34092,train
51246,train
66316,train
15821,train
66814,train
15598,train
61487,train
19334,train
5827,train
31274,train
42436,train
33753,train
1436,train
47708,train
13994,train
13365,train
54054,train
52265,train
13633,train
24387,train
59758,train
41942,train
3515,train
32231,train
25848,train
68695,train
5956,train
23185,train
9029,train
43244,train
60567,train
20928,train
22293,train
53110,train
47032,train
34038,train
16331,train
64871,train
10900,train
62367,train
53267,train
37687,train
49658,train
1074,train
5694,train
16744,train
64177,train
44636,train
54206,train
30048,train
8040,train
18569,train
15007,train
43011,train
66528,train
46943,train
8842,train
3007,train
42776,train
64463,train
4869,train
58598,train
65474,train
39463,train
19016,train
64206,train
43178,train
51098,train
25508,train
45606,train
58977,train
12737,train
43032,train
70447,train
60553,train
41548,train
51068,train
22586,train
3496,train
1314,train
59814,train
33953,train
19392,train
31835,train
29724,train
42038,train
24957,train
14699,train
23743,train
25785,train
44505,train
16681,train
44527,train
23756,train
35639,train
29442,train
43732,train
60475,train
9095,train
8042,train
23350,train
32130,train
49085,train
69453,train
24060,train
43942,train
67593,train
3288,train
11196,train
40685,train
31432,train
57205,train
54170,train
29023,train
37207,train
59707,train
68290,train
57803,train
24523,train
23311,train
37814,train
20480,train
60751,train
28339,train
679,train
27905,train
64890,train
39272,train
20342,train
63241,train
21578,train
39104,train
12393,train
16733,train
31560,train
45973,train
24458,train
6735,train
69380,train
21030,train
13288,train
68559,train
43449,train
35606,train
58027,train
20089,train
34930,train
59202,train
28011,train
44238,train
45747,train
62902,train
52680,train
46084,train
58734,train
67522,train
14215,train
10102,train
43946,train
27523,train
54179,train
59661,train
60057,train
69421,train
42234,train
32632,train
26907,train
14954,train
16495,train
18748,train
63221,train
1404,train
58165,train
29171,train
16313,train
27797,train
44823,train
40560,train
62674,train
26213,train
19174,train
13703,train
50984,train
30236,train
60532,train
19725,train
61843,train
27356,train
25070,train
48498,train
15948,train
61153,train
7085,train
60659,train
4729,train
49510,train
25511,train
38049,train
19012,train
14175,train
50450,train
24961,train
25118,train
30365,train
23475,train
29986,train
57609,train
35367,train
59242,train
46769,train
16117,train
42306,train
53247,train
3942,train
67911,train
540,train
61128,train
42166,train
62975,train
22598,train
20013,train
22657,train
41100,train
61385,train
7420,train
60484,train
19011,train
36937,train
41257,train
24592,train
6382,train
52502,train
41086,train
37001,train
65493,train
25982,train
36873,train
45514,train
29673,train
35311,train
19075,train
59078,train
31249,train
44764,train
5407,train
47734,train
50725,train
43864,train
8372,train
9041,train
14811,train
18669,train
51914,train
11266,train
5806,train
58524,train
16379,train
47637,train
41243,train
65494,train
27306,train
26680,train
4085,train
59967,train
64262,train
50269,train
2712,train
83,train
22819,train
11758,train
35840,train
40083,train
45115,train
19826,train
25378,train
38152,train
21155,train
1554,train
690,train
64795,train
43095,train
59743,train
54757,train
14001,train
48044,train
59349,train
39749,train
55278,train
53869,train
53104,train
29293,train
40735,train
19746,train
38662,train
33017,train
63205,train
49058,train
50631,train
15708,train
41662,train
7954,train
34885,train
11215,train
56191,train
19946,train
63491,train
25057,train
29879,train
64288,train
2123,train
15631,train
30818,train
35159,train
6200,train
2769,train
42392,train
46870,train
12694,train
19390,train
64720,train
58871,train
55408,train
15206,train
62871,train
32718,train
46952,train
53060,train
11630,train
65370,train
19756,train
19929,train
41549,train
45911,train
45662,train
19592,train
70537,train
44366,train
44248,train
63768,train
25813,train
63854,train
29812,train
32077,train
41238,train
34512,train
40315,train
28636,train
39524,train
20838,train
61109,train
18833,train
64932,train
43532,train
42348,train
10353,train
42463,train
37892,train
49832,train
48231,train
39898,train
64307,train
9089,train
37336,train
18111,train
25843,train
45046,train
16183,train
54096,train
8210,train
14049,train
21780,train
43512,train
30258,train
59309,train
10549,train
29648,train
47452,train
55466,train
69558,train
19958,train
47753,train
39069,train
41878,train
46749,train
35632,train
31598,train
25878,train
43805,train
7750,train
70090,train
47411,train
41781,train
37790,train
5711,train
12060,train
40656,train
67861,train
53655,train
29124,train
46447,train
47497,train
12756,train
50185,train
29456,train
69821,train
52615,train
10510,train
22227,train
42001,train
50965,train
56722,train
16634,train
29117,train
19220,train
63401,train
70526,train
40314,train
61512,train
22990,train
15772,train
55039,train
62925,train
62493,train
67142,train
70601,train
61979,train
3513,train
21695,train
39545,train
50164,train
12842,train
16947,train
14934,train
19706,train
68984,train
44523,train
13474,train
64889,train
56839,train
40073,train
66195,train
31746,train
31101,train
16061,train
13567,train
22153,train
67961,train
44429,train
7274,train
45775,train
27996,train
55577,train
17910,train
63326,train
18509,train
34609,train
60157,train
22497,train
50681,train
43475,train
66841,train
52640,train
21278,train
39204,train
38746,train
20,train
44675,train
19569,train
69772,train
31451,train
55362,train
41084,train
63297,train
50723,train
13991,train
70457,train
37624,train
5835,train
62170,train
2851,train
66480,train
13735,train
17001,train
70678,train
43529,train
56916,train
4341,train
5258,train
39817,train
34651,train
27574,train
67916,train
25336,train
40895,train
64994,train
65207,train
51729,train
39432,train
13549,train
38440,train
53029,train
3277,train
69862,train
30936,train
63094,train
6570,train
1514,train
52126,train
46671,train
16823,train
37227,train
12211,train
18711,train
15494,train
50925,train
70195,train
56346,train
30927,train
35867,train
12419,train
43980,train
63,train
66977,train
41740,train
5168,train
64529,train
13460,train
65386,train
2776,train
34538,train
46071,train
32349,train
48942,train
25870,train
19638,train
9647,train
52171,train
5014,train
15322,train
11651,train
53061,train
43948,train
56491,train
16945,train
56867,train
64378,train
45576,train
23656,train
14585,train
38191,train
57529,train
23507,train
39812,train
24472,train
69534,train
19212,train
54,train
16380,train
18010,train
21935,train
47703,train
24723,train
51660,train
65714,train
44182,train
21626,train
11287,train
63965,train
60438,train
59000,train
55877,train
48341,train
39232,train
31928,train
30748,train
41745,train
28729,train
21264,train
25412,train
18681,train
1547,train
52806,train
35256,train
58385,train
5381,train
66348,train
70642,train
31105,train
70659,train
32454,train
45839,train
31834,train
28570,train
44510,train
44483,train
43165,train
1343,train
56134,train
39785,train
31419,train
6094,train
10011,train
33184,train
36565,train
63558,train
30477,train
42754,train
34045,train
25569,train
21171,train
56859,train
15325,train
31813,train
42433,train
51628,train
65947,train
9274,train
52469,train
22755,train
4785,train
49669,train
66567,train
56623,train
47484,train
53691,train
17727,train
48771,train
12312,train
44991,train
2383,train
48223,train
60849,train
3223,train
21324,train
5068,train
8495,train
57116,train
38302,train
39192,train
36947,train
66151,train
41381,train
7442,train
11187,train
37478,train
44614,train
19949,train
31153,train
70518,train
62239,train
21418,train
13463,train
44645,train
37617,train
18568,train
20600,train
43362,train
40821,train
51394,train
20063,train
20064,train
49205,train
1527,train
55980,train
9429,train
27491,train
51614,train
4498,train
22997,train
60595,train
58272,train
11876,train
158,train
22796,train
4669,train
68839,train
59607,train
49165,train
49600,train
69317,train
63056,train
25302,train
23281,train
58179,train
18425,train
32621,train
16062,train
31794,train
14357,train
43517,train
219,train
139,train
36455,train
17871,train
35958,train
12209,train
37435,train
9269,train
66463,train
7942,train
43252,train
40841,train
54881,train
10973,train
46954,train
56907,train
57829,train
30958,train
53345,train
2409,train
60921,train
35188,train
47624,train
24251,train
7035,train
7885,train
55936,train
68287,train
33819,train
59961,train
27194,train
48236,train
21905,train
61660,train
54607,train
18462,train
34725,train
66552,train
51786,train
39106,train
60169,train
58873,train
26989,train
52464,train
47777,train
44757,train
54036,train
42578,train
60600,train
52071,train
13337,train
1934,train
21796,train
41436,train
8819,train
46935,train
46456,train
26377,train
53852,train
53480,train
27748,train
29625,train
31584,train
14297,train
22069,train
52566,train
42109,train
69943,train
23327,train
12948,train
54661,train
28744,train
48654,train
1023,train
13126,train
17928,train
32771,train
35821,train
3551,train
50282,train
53015,train
55708,train
20669,train
49154,train
9630,train
61133,train
6704,train
32822,train
14266,train
17120,train
19941,train
59351,train
38824,train
54392,train
7881,train
46270,train
33189,train
38343,train
50876,train
16782,train
30620,train
865,train
47668,train
23146,train
26754,train
59702,train
36654,train
9471,train
44171,train
42964,train
66634,train
57693,train
53208,train
44954,train
28661,train
68870,train
25844,train
33001,train
47338,train
20097,train
61077,train
41171,train
21016,train
67831,train
4150,train
9862,train
64747,train
12571,train
6286,train
51880,train
58460,train
45727,train
64392,train
8321,train
1738,train
50074,train
34508,train
4446,train
50659,train
17474,train
16674,train
66840,train
30719,train
3371,train
66658,train
40214,train
2156,train
60935,train
41581,train
40027,train
52911,train
21383,train
43432,train
22544,train
55179,train
60948,train
29061,train
15209,train
64276,train
16983,train
34108,train
3880,train
30107,train
44774,train
10843,train
20587,train
44216,train
24389,train
41899,train
9260,train
21262,train
18046,train
30671,train
3900,train
13350,train
58636,train
18393,train
8089,train
41010,train
26664,train
6345,train
8113,train
10089,train
15016,train
40981,train
26652,train
21447,train
4583,train
18450,train
58978,train
63287,train
47349,train
35757,train
53515,train
17554,train
67014,train
45899,train
48829,train
25238,train
47141,train
35397,train
64981,train
24483,train
49228,train
22892,train
59730,train
65079,train
16620,train
15218,train
4418,train
16977,train
20930,train
50223,train
57014,train
12505,train
34767,train
43209,train
30972,train
12671,train
8428,train
39578,train
53898,train
62454,train
67587,train
66368,train
15519,train
37906,train
62003,train
52470,train
14897,train
19031,train
49978,train
39230,train
65798,train
56947,train
58588,train
56997,train
48652,train
65527,train
23559,train
45810,train
4481,train
36124,train
8382,train
20857,train
41857,train
40646,train
65706,train
4480,train
54627,train
36313,train
37103,train
35990,train
45982,train
18022,train
21256,train
11380,train
57608,train
67696,train
51304,train
50693,train
20507,train
40772,train
30606,train
66143,train
39548,train
50183,train
29640,train
68544,train
41738,train
48639,train
10682,train
22638,train
18097,train
24752,train
19429,train
68419,train
47328,train
62843,train
34258,train
64676,train
11116,train
29529,train
28915,train
10306,train
52325,train
30399,train
42948,train
53609,train
42136,train
63777,train
62111,train
11518,train
53337,train
44605,train
51397,train
70062,train
38730,train
5070,train
20652,train
45109,train
9449,train
12966,train
51017,train
38916,train
4065,train
55534,train
12062,train
47505,train
4982,train
7428,train
69016,train
60367,train
3056,train
1902,train
6765,train
689,train
35010,train
34503,train
44088,train
29953,train
60795,train
67264,train
48692,train
25432,train
68018,train
15141,train
23566,train
63408,train
55422,train
17991,train
12590,train
19957,train
43740,train
34229,train
9910,train
3661,train
69463,train
52303,train
70250,train
19406,train
11956,train
18768,train
27183,train
33847,train
45929,train
7655,train
16554,train
2437,train
51923,train
43720,train
12287,train
12258,train
15873,train
66273,train
18126,train
1441,train
69340,train
37365,train
27330,train
47681,train
47356,train
51006,train
28337,train
542,train
18831,train
25291,train
46835,train
56317,train
10443,train
541,train
28055,train
4178,train
15706,train
15545,train
62880,train
37730,train
59681,train
32534,train
32427,train
65148,train
70467,train
19490,train
36170,train
14288,train
63688,train
59821,train
3960,train
13875,train
1284,train
36803,train
47985,train
43080,train
11072,train
69327,train
2665,train
1955,train
45868,train
2597,train
68485,train
14425,train
6044,train
28347,train
2371,train
24048,train
64512,train
29597,train
47690,train
1133,train
59559,train
2125,train
9698,train
43763,train
38823,train
40242,train
62648,train
41421,train
4702,train
68507,train
58733,train
52550,train
38259,train
14643,train
68362,train
34472,train
30223,train
55155,train
68207,train
23523,train
1312,train
54948,train
6288,train
3771,train
1610,train
771,train
7111,train
54713,train
38066,train
41970,train
66303,train
31049,train
53762,train
35302,train
34408,train
61707,train
61873,train
30012,train
36581,train
4143,train
44572,train
7127,train
19294,train
11903,train
59144,train
1867,train
49225,train
47879,train
13089,train
12892,train
49237,train
11374,train
64078,train
36858,train
58044,train
27555,train
48214,train
47736,train
38240,train
63091,train
17404,train
41973,train
15575,train
59212,train
12110,train
49231,train
68679,train
52218,train
52034,train
14565,train
30170,train
34514,train
64159,train
27246,train
56808,train
57437,train
48458,train
33080,train
11318,train
6500,train
54886,train
53435,train
8331,train
31038,train
31810,train
2223,train
35708,train
14333,train
29760,train
20022,train
21972,train
13893,train
31118,train
19422,train
48369,train
28131,train
3117,train
3593,train
16308,train
11493,train
62690,train
21395,train
58089,train
58326,train
69003,train
18846,train
44654,train
60971,train
28025,train
67749,train
44941,train
7766,train
68790,train
14968,train
38484,train
54849,train
56946,train
35194,train
53932,train
36293,train
38492,train
56572,train
21488,train
39988,train
59525,train
45916,train
69372,train
64154,train
561,train
31496,train
37925,train
70199,train
6542,train
4180,train
19909,train
66661,train
5212,train
39962,train
25269,train
39570,train
24722,train
68909,train
38141,train
3384,train
40066,train
60494,train
46670,train
69036,train
15747,train
18664,train
60584,train
60989,train
52935,train
46470,train
66256,train
9869,train
56638,train
36274,train
36800,train
50105,train
17330,train
28087,train
18537,train
34232,train
33750,train
27764,train
58808,train
68146,train
36506,train
37346,train
54176,train
21379,train
7378,train
61733,train
68892,train
27440,train
34873,train
20202,train
50777,train
63003,train
9982,train
57209,train
50294,train
9589,train
24667,train
47628,train
46007,train
14899,train
16142,train
30637,train
4345,train
51952,train
49810,train
23641,train
46292,train
56336,train
41881,train
43031,train
9213,train
31462,train
65416,train
19745,train
37448,train
35644,train
24059,train
20693,train
53678,train
37127,train
17033,train
40396,train
58063,train
681,train
59344,train
25006,train
67017,train
70587,train
52937,train
33216,train
50924,train
52046,train
65338,train
37416,train
54272,train
23740,train
45580,train
56110,train
38610,train
54351,train
33111,train
33656,train
57610,train
19588,train
20775,train
27146,train
140,train
4293,train
35053,train
22060,train
7895,train
40672,train
16077,train
4518,train
13368,train
67367,train
51395,train
30955,train
35657,train
50189,train
2574,train
20477,train
5289,train
12156,train
67255,train
26315,train
1061,train
58704,train
692,train
60223,train
18927,train
23632,train
32069,train
10105,train
555,train
36771,train
47238,train
2911,train
40515,train
52763,train
54405,train
14672,train
32510,train
64309,train
20525,train
52196,train
43962,train
65523,train
21351,train
69082,train
12204,train
67785,train
52568,train
15304,train
11894,train
3191,train
12070,train
26853,train
41093,train
22669,train
63632,train
41701,train
42339,train
36896,train
53908,train
55724,train
9508,train
49534,train
15549,train
62508,train
9331,train
23643,train
30654,train
63189,train
11161,train
4063,train
7966,train
68216,train
61155,train
50721,train
37855,train
11451,train
50346,train
18544,train
7165,train
39737,train
24647,train
21368,train
46224,train
3387,train
29273,train
55554,train
8621,train
61790,train
63801,train
35863,train
23529,train
51637,train
33722,train
68884,train
48577,train
1308,train
61408,train
42169,train
43000,train
3913,train
8858,train
56964,train
67230,train
18,train
42135,train
37242,train
7559,train
34638,train
40669,train
63082,train
60963,train
69322,train
6653,train
19605,train
12520,train
45574,train
16960,train
37006,train
33571,train
29073,train
52917,train
55938,train
27418,train
29687,train
14958,train
68440,train
22095,train
13491,train
65571,train
25717,train
34239,train
9230,train
26732,train
69607,train
6238,train
25574,train
12015,train
25470,train
40704,train
35740,train
42628,train
59817,train
42854,train
62148,train
25458,train
4106,train
38107,train
69318,train
4887,train
49041,train
64033,train
6367,train
45687,train
24593,train
34978,train
12330,train
43349,train
27759,train
25028,train
64939,train
21233,train
25284,train
19504,train
12878,train
21084,train
51275,train
7548,train
41948,train
19254,train
10870,train
57749,train
345,train
11685,train
9568,train
48700,train
43759,train
16124,train
65100,train
10472,train
23980,train
66945,train
9250,train
30122,train
30538,train
3306,train
40894,train
30558,train
15492,train
357,train
68558,train
6305,train
9559,train
17523,train
24449,train
25236,train
41483,train
15548,train
66564,train
70362,train
57396,train
47598,train
36164,train
35258,train
2107,train
36560,train
55144,train
22411,train
11200,train
38106,train
16688,train
43404,train
8379,train
67633,train
66053,train
21824,train
22172,train
43828,train
27539,train
16841,train
70503,train
63370,train
40810,train
25212,train
22653,train
32436,train
33676,train
35072,train
59223,train
59864,train
68223,train
50493,train
45085,train
39140,train
52967,train
24703,train
1966,train
4047,train
67191,train
17612,train
64147,train
23782,train
30990,train
183,train
2064,train
33009,train
64640,train
48828,train
9246,train
28529,train
50332,train
21302,train
42811,train
54048,train
10692,train
32466,train
43418,train
45696,train
59484,train
5074,train
25261,train
48456,train
22349,train
64126,train
23562,train
48993,train
63583,train
37716,train
16169,train
55531,train
45363,train
25603,train
52946,train
38585,train
49151,train
35789,train
62538,train
30086,train
17099,train
39611,train
14704,train
27258,train
40674,train
5730,train
3198,train
25601,train
68212,train
9374,train
17908,train
39137,train
34356,train
43509,train
50233,train
58452,train
59603,train
50089,train
9816,train
51049,train
70252,train
64329,train
58075,train
23453,train
23015,train
45297,train
62306,train
66930,train
53236,train
2032,train
41173,train
9900,train
28572,train
56486,train
17211,train
1384,train
43579,train
33777,train
21529,train
49702,train
51024,train
7335,train
66133,train
27296,train
57758,train
2359,train
43493,train
37118,train
5876,train
14932,train
47311,train
69154,train
8117,train
64031,train
21552,train
34690,train
6745,train
68823,train
14977,train
48611,train
56553,train
49175,train
39494,train
31613,train
33175,train
38811,train
62221,train
27038,train
19950,train
34858,train
25994,train
66882,train
50108,train
10167,train
10814,train
63107,train
7070,train
59986,train
27740,train
25495,train
39765,train
10042,train
31490,train
14399,train
44672,train
35717,train
64614,train
5724,train
18013,train
32755,train
42782,train
34046,train
20915,train
45239,train
25955,train
33362,train
38067,train
530,train
8410,train
53240,train
22968,train
25734,train
42256,train
3170,train
67760,train
4697,train
42633,train
27256,train
63628,train
24430,train
35586,train
33918,train
62753,train
16152,train
28440,train
6593,train
21504,train
23074,train
33236,train
56360,train
37168,train
3603,train
746,train
20426,train
58767,train
49930,train
36480,train
28370,train
68412,train
31978,train
26062,train
25889,train
53249,train
55395,train
45130,train
47688,train
4596,train
22406,train
17223,train
24195,train
35847,train
67344,train
2661,train
34913,train
52488,train
53073,train
10641,train
55703,train
29939,train
30626,train
15236,train
48014,train
26008,train
43452,train
37243,train
42296,train
5900,train
26429,train
62565,train
66967,train
24555,train
58901,train
45407,train
35136,train
6897,train
64983,train
10275,train
6621,train
21428,train
41197,train
15197,train
46459,train
43050,train
34297,train
7811,train
57851,train
29227,train
61718,train
23600,train
60481,train
18059,train
51026,train
67326,train
23407,train
48258,train
68120,train
38958,train
41736,train
30757,train
38639,train
41028,train
52787,train
68543,train
17267,train
49416,train
19796,train
7054,train
21164,train
43115,train
57820,train
43571,train
6949,train
28872,train
50156,train
58682,train
57440,train
17729,train
37236,train
18067,train
1485,train
13859,train
19757,train
56258,train
9657,train
1812,train
53961,train
7685,train
8549,train
35732,train
4408,train
44969,train
65430,train
45648,train
52089,train
50285,train
35975,train
57537,train
13959,train
3651,train
30343,train
23484,train
12143,train
58908,train
53484,train
48111,train
65195,train
22768,train
36954,train
5362,train
61138,train
70583,train
30582,train
9846,train
31934,train
26124,train
58225,train
60889,train
29275,train
25823,train
33718,train
27122,train
59594,train
18255,train
64840,train
70257,train
25440,train
58694,train
50598,train
33333,train
67954,train
10759,train
18206,train
17109,train
64114,train
47031,train
64457,train
59972,train
58961,train
10522,train
39682,train
54027,train
67240,train
33422,train
20464,train
43549,train
31360,train
11418,train
52174,train
6397,train
58600,train
21534,train
11059,train
69365,train
4335,train
31392,train
33623,train
9058,train
48053,train
7527,train
32230,train
42901,train
22460,train
30063,train
40599,train
32327,train
3713,train
70232,train
7603,train
59862,train
58582,train
1351,train
10489,train
64848,train
66652,train
60966,train
29076,train
8605,train
7384,train
45442,train
63438,train
37553,train
29873,train
48195,train
17137,train
8128,train
54907,train
51015,train
136,train
49963,train
23316,train
2849,train
54510,train
60409,train
10530,train
37299,train
67423,train
62556,train
66704,train
42020,train
50562,train
25890,train
12696,train
5383,train
6671,train
43242,train
40534,train
67376,train
24301,train
63701,train
54024,train
59187,train
1476,train
62992,train
18267,train
8703,train
29719,train
31515,train
5397,train
60134,train
23758,train
30783,train
15386,train
57456,train
69297,train
19850,train
20702,train
70686,train
42974,train
29615,train
68329,train
63899,train
56459,train
45700,train
48668,train
3725,train
41494,train
41267,train
37981,train
36323,train
13857,train
70203,train
67639,train
31302,train
25438,train
21481,train
28806,train
27145,train
35711,train
42486,train
63215,train
47663,train
58664,train
17503,train
37898,train
3451,train
49130,train
66958,train
10831,train
65649,train
69490,train
1850,train
53809,train
38515,train
17789,train
24316,train
51213,train
7408,train
64706,train
24728,train
13850,train
41652,train
50461,train
50159,train
37191,train
22135,train
45936,train
56725,train
17272,train
25997,train
13313,train
67074,train
14332,train
54961,train
13145,train
12552,train
7461,train
21939,train
20256,train
1779,train
36007,train
20272,train
10793,train
67249,train
23103,train
49976,train
16544,train
36044,train
61919,train
44751,train
1674,train
53901,train
11456,train
639,train
5304,train
12665,train
69812,train
25258,train
27648,train
58974,train
48251,train
29543,train
24420,train
40526,train
22097,train
33172,train
3616,train
43101,train
19310,train
25975,train
43208,train
1761,train
69051,train
57554,train
17613,train
13839,train
25756,train
37247,train
750,train
38216,train
14747,train
29031,train
69408,train
47896,train
4691,train
65488,train
61072,train
11738,train
38045,train
58386,train
39891,train
3987,train
15875,train
10676,train
68149,train
12291,train
28204,train
10860,train
55024,train
60483,train
28989,train
40998,train
49911,train
15174,train
41930,train
8693,train
5437,train
64174,train
25350,train
3914,train
31464,train
14957,train
61021,train
23323,train
43522,train
25711,train
14612,train
28123,train
60631,train
31550,train
23144,train
53981,train
9990,train
3143,train
30100,train
35620,train
12340,train
59612,train
38683,train
26580,train
27706,train
13629,train
19754,train
6781,train
526,train
33252,train
50188,train
52992,train
38672,train
61975,train
40179,train
62416,train
26070,train
37784,train
4221,train
35556,train
32719,train
64228,train
60240,train
248,train
4422,train
61212,train
11710,train
58344,train
57349,train
10931,train
31486,train
40902,train
25151,train
68000,train
15059,train
35591,train
53458,train
51867,train
55615,train
3398,train
24678,train
68720,train
4417,train
30964,train
20028,train
28573,train
45585,train
49932,train
16906,train
55732,train
21546,train
56703,train
39371,train
42040,train
15147,train
34136,train
31540,train
49980,train
3037,train
57910,train
24579,train
47491,train
25074,train
45694,train
8925,train
1817,train
12111,train
70512,train
3481,train
16458,train
57540,train
45320,train
7367,train
58314,train
40572,train
59512,train
59492,train
67219,train
53965,train
40145,train
9766,train
24489,train
35496,train
12922,train
48808,train
47050,train
48396,train
2630,train
33117,train
46969,train
14341,train
60418,train
44473,train
6023,train
50498,train
10836,train
36867,train
69090,train
62270,train
8926,train
55332,train
44668,train
20392,train
922,train
22620,train
67262,train
47566,train
1420,train
31299,train
18215,train
33832,train
9563,train
17584,train
51019,train
21310,train
60291,train
34007,train
43391,train
66440,train
45461,train
66405,train
67875,train
19664,train
1294,train
14321,train
30494,train
54353,train
70082,train
9391,train
57577,train
57476,train
67689,train
44061,train
63880,train
18283,train
13861,train
49582,train
39662,train
38991,train
8528,train
24313,train
14430,train
53089,train
41087,train
9610,train
12776,train
13747,train
67982,train
34028,train
63723,train
32018,train
31436,train
53747,train
10288,train
10328,train
49920,train
69358,train
41676,train
62365,train
792,train
4650,train
17433,train
12476,train
48154,train
45541,train
58737,train
54448,train
9431,train
68262,train
54219,train
22048,train
23676,train
66289,train
23613,train
29800,train
33903,train
39958,train
19798,train
49048,train
57870,train
55882,train
10449,train
49966,train
2887,train
42335,train
34467,train
45813,train
53461,train
27907,train
31900,train
6417,train
61100,train
39627,train
3334,train
12888,train
66705,train
58137,train
54314,train
5942,train
49079,train
44054,train
55071,train
42841,train
70147,train
13731,train
3365,train
41385,train
4090,train
20858,train
33198,train
42355,train
64925,train
232,train
16496,train
56724,train
178,train
35795,train
65831,train
5603,train
2024,train
7709,train
70088,train
35254,train
40550,train
30588,train
47773,train
45345,train
52732,train
18572,train
18184,train
38445,train
53750,train
19000,train
12375,train
46118,train
57427,train
44532,train
27441,train
62999,train
10693,train
51101,train
3818,train
30071,train
47845,train
41682,train
47463,train
11946,train
60013,train
24057,train
69259,train
58530,train
4825,train
16357,train
36161,train
11277,train
21809,train
37530,train
39151,train
2633,train
46179,train
36219,train
62012,train
66041,train
7579,train
55000,train
45462,train
17010,train
34940,train
349,train
55245,train
17247,train
26340,train
43644,train
36286,train
41378,train
40848,train
18108,train
51901,train
4386,train
66517,train
67800,train
51166,train
46492,train
65931,train
37032,train
62019,train
58550,train
30182,train
37762,train
69207,train
62114,train
49466,train
13437,train
46080,train
45352,train
10030,train
61971,train
30937,train
8783,train
31126,train
30101,train
17430,train
43718,train
21314,train
22648,train
49019,train
37033,train
16776,train
13755,train
62533,train
21550,train
17501,train
35737,train
37710,train
15644,train
45818,train
54355,train
58511,train
52336,train
49007,train
27131,train
46087,train
57671,train
30373,train
33768,train
26709,train
1022,train
21506,train
29972,train
8446,train
18988,train
65014,train
43993,train
47084,train
15516,train
41709,train
51007,train
50813,train
35661,train
7914,train
49574,train
9840,train
31133,train
1303,train
23177,train
41856,train
23735,train
21800,train
11014,train
65058,train
34955,train
36054,train
25178,train
6923,train
9776,train
53158,train
17849,train
15264,train
45557,train
70389,train
202,train
69598,train
1887,train
45605,train
4337,train
51229,train
60563,train
856,train
43560,train
45182,train
27024,train
19300,train
46627,train
57962,train
32121,train
21704,train
5388,train
52963,train
19175,train
15132,train
24395,train
42116,train
52713,train
62288,train
7593,train
11656,train
33455,train
56300,train
27301,train
15766,train
52554,train
8580,train
19699,train
52785,train
36837,train
61064,train
67020,train
14287,train
32898,train
12903,train
28351,train
55201,train
44660,train
2193,train
30767,train
37808,train
54997,train
49255,train
67618,train
41211,train
41631,train
60381,train
11601,train
51703,train
41688,train
21489,train
27103,train
52334,train
52639,train
40091,train
63473,train
12282,train
62972,train
4445,train
15624,train
28643,train
26153,train
3712,train
65975,train
48029,train
3109,train
50313,train
7746,train
45301,train
68087,train
40216,train
18969,train
22534,train
62532,train
2668,train
35589,train
26359,train
15408,train
56998,train
42186,train
56838,train
39001,train
43168,train
59787,train
46090,train
28344,train
27696,train
25127,train
66418,train
51462,train
6353,train
35972,train
20745,train
47245,train
34773,train
52724,train
53389,train
42438,train
55350,train
25096,train
21995,train
12810,train
58531,train
42983,train
49458,train
36785,train
46961,train
68002,train
68309,train
14783,train
18109,train
17498,train
56970,train
7621,train
33962,train
34718,train
8110,train
28126,train
25214,train
17619,train
68199,train
2553,train
18486,train
32241,train
36769,train
62433,train
43682,train
49065,train
62754,train
45160,train
38787,train
53386,train
13653,train
27477,train
23215,train
21677,train
60622,train
69484,train
49686,train
20438,train
7083,train
69914,train
21693,train
61841,train
66132,train
51576,train
31146,train
20889,train
22229,train
21381,train
1127,train
47496,train
13587,train
37473,train
23282,train
10719,train
29209,train
56409,train
47938,train
63201,train
53293,train
59222,train
57525,train
25408,train
68755,train
47499,train
52808,train
28899,train
8867,train
1346,train
65716,train
37440,train
54297,train
27215,train
4429,train
26102,train
42934,train
29267,train
47942,train
38190,train
28423,train
63257,train
43025,train
28775,train
1431,train
31468,train
4080,train
59982,train
51387,train
56902,train
12528,train
8143,train
45634,train
57916,train
13640,train
32943,train
13341,train
23047,train
69996,train
33274,train
22761,train
29170,train
29250,train
68352,train
65429,train
25907,train
38797,train
52789,train
11139,train
10194,train
45482,train
11755,train
4657,train
16754,train
25644,train
45098,train
4810,train
66371,train
41661,train
4572,train
8561,train
33380,train
30315,train
42721,train
53888,train
47350,train
28683,train
67976,train
52736,train
15975,train
60642,train
33895,train
5326,train
15405,train
49708,train
29229,train
39926,train
34163,train
8668,train
25653,train
14291,train
3433,train
65196,train
24356,train
28205,train
19405,train
48248,train
66486,train
6866,train
40199,train
31547,train
53539,train
11031,train
20441,train
52112,train
30931,train
20358,train
46854,train
42456,train
8470,train
68335,train
34556,train
22316,train
29945,train
13172,train
10176,train
60513,train
10994,train
11937,train
57761,train
19774,train
4457,train
44062,train
39666,train
27090,train
49607,train
2152,train
55607,train
50328,train
7040,train
69757,train
61154,train
51294,train
41977,train
2299,train
22612,train
52150,train
31527,train
64549,train
16095,train
50594,train
45942,train
27337,train
26776,train
26104,train
63824,train
13376,train
30222,train
70586,train
46646,train
7084,train
32418,train
44272,train
12812,train
42849,train
49209,train
3733,train
23151,train
2322,train
67133,train
53866,train
61119,train
51233,train
25726,train
54093,train
27722,train
12984,train
1731,train
23404,train
39968,train
35,train
54357,train
27568,train
25864,train
4303,train
11448,train
20316,train
43140,train
9105,train
53231,train
31896,train
6016,train
5534,train
63168,train
59741,train
22876,train
35689,train
60084,train
8776,train
12053,train
42247,train
30152,train
69311,train
26637,train
20481,train
12950,train
16757,train
27336,train
64752,train
929,train
16119,train
8859,train
9588,train
166,train
43342,train
13638,train
37502,train
21612,train
63536,train
67855,train
4426,train
20717,train
41944,train
29134,train
42637,train
66404,train
30643,train
21402,train
53818,train
34494,train
2721,train
40582,train
55640,train
54695,train
65708,train
51268,train
15171,train
48466,train
21618,train
69392,train
11909,train
19155,train
37019,train
57077,train
29087,train
58976,train
21793,train
34343,train
6136,train
64380,train
54595,train
8287,train
38227,train
32279,train
42050,train
61577,train
53123,train
3295,train
10264,train
52434,train
39314,train
38513,train
19889,train
41071,train
8121,train
44261,train
62891,train
5773,train
8633,train
17652,train
37782,train
39419,train
40613,train
66917,train
44022,train
26908,train
14787,train
21762,train
44179,train
64970,train
56514,train
33281,train
26895,train
32442,train
1757,train
47804,train
28941,train
54388,train
42672,train
57532,train
56499,train
51065,train
42568,train
51582,train
34849,train
6896,train
3691,train
50180,train
10857,train
41366,train
10685,train
25930,train
46771,train
20723,train
62396,train
30304,train
600,train
41056,train
42855,train
21724,train
36097,train
52134,train
67852,train
63529,train
30105,train
62816,train
22469,train
44434,train
39937,train
17805,train
65025,train
39030,train
63891,train
35447,train
46277,train
15129,train
25215,train
24930,train
4511,train
55129,train
24677,train
24349,train
20222,train
18557,train
30204,train
12280,train
37938,train
48912,train
43061,train
67819,train
57132,train
20055,train
62984,train
6176,train
22023,train
41723,train
61806,train
66276,train
5315,train
2694,train
33909,train
14714,train
47133,train
25758,train
59498,train
62938,train
54615,train
44550,train
35985,train
48630,train
35849,train
12908,train
62113,train
29470,train
8357,train
51897,train
17074,train
21241,train
33785,train
68574,train
62335,train
65486,train
6996,train
26451,train
4343,train
45431,train
23259,train
1302,train
52101,train
24751,train
24081,train
42130,train
27897,train
24171,train
34866,train
30220,train
24150,train
6608,train
55905,train
2935,train
18190,train
45008,train
52906,train
39477,train
44559,train
52532,train
35651,train
28492,train
32284,train
65042,train
53509,train
63568,train
11929,train
51989,train
65887,train
40956,train
56488,train
43171,train
61488,train
50782,train
50121,train
54530,train
11101,train
18280,train
40748,train
48441,train
33157,train
29941,train
48690,train
54535,train
6025,train
17125,train
56165,train
31391,train
49633,train
23837,train
31027,train
17825,train
19315,train
28160,train
21026,train
32937,train
42884,train
54728,train
22238,train
553,train
1748,train
6817,train
66018,train
12226,train
30524,train
4364,train
64556,train
60706,train
1841,train
21777,train
7145,train
10485,train
13631,train
42404,train
66835,train
8016,train
52543,train
57622,train
61415,train
15345,train
43340,train
68865,train
32011,train
69809,train
45915,train
39263,train
54322,train
14152,train
23798,train
12832,train
12123,train
13714,train
10735,train
8743,train
60388,train
34145,train
25803,train
66988,train
62718,train
54938,train
47917,train
66095,train
18002,train
29497,train
18757,train
34571,train
1827,train
49455,train
50504,train
63620,train
67613,train
53153,train
53757,train
51693,train
2669,train
24560,train
15902,train
33677,train
41230,train
24531,train
8651,train
52663,train
11800,train
15358,train
3102,train
63554,train
64830,train
21258,train
19372,train
9754,train
47299,train
49601,train
21527,train
50722,train
10750,train
4005,train
43638,train
8350,train
67070,train
3403,train
68382,train
29053,train
58504,train
22476,train
49248,train
10686,train
9611,train
62025,train
29791,train
41832,train
27834,train
13243,train
66695,train
18692,train
67432,train
7730,train
50360,train
18655,train
27654,train
8123,train
67122,train
6643,train
13173,train
44922,train
51997,train
21091,train
19698,train
30060,train
25604,train
69147,train
4488,train
68895,train
67263,train
58659,train
47810,train
37988,train
6630,train
64218,train
9619,train
712,train
51602,train
65213,train
54437,train
32998,train
56705,train
30439,train
35476,train
17589,train
39229,train
14423,train
42891,train
27412,train
50665,train
41522,train
61270,train
43724,train
57520,train
384,train
62566,train
24755,train
50972,train
25886,train
28135,train
14972,train
29849,train
64968,train
55645,train
39511,train
29105,train
54865,train
28711,train
7984,train
14286,train
43944,train
35926,train
18962,train
53094,train
42536,train
48867,train
35706,train
7897,train
25865,train
18341,train
44462,train
21012,train
58459,train
20727,train
59007,train
64882,train
16171,train
58278,train
24380,train
25979,train
61912,train
66302,train
68709,train
68556,train
34669,train
24113,train
5223,train
52597,train
31807,train
56034,train
46414,train
9253,train
37644,train
53751,train
45729,train
21620,train
21540,train
49067,train
60160,train
51032,train
10499,train
26795,train
63275,train
8166,train
142,train
3631,train
43809,train
10727,train
63193,train
53390,train
8679,train
60219,train
49540,train
63341,train
28297,train
66948,train
43059,train
10375,train
20502,train
57956,train
50134,train
28023,train
34786,train
42500,train
59308,train
30988,train
2754,train
52951,train
59685,train
7300,train
52484,train
32054,train
17600,train
22501,train
549,train
35506,train
18695,train
1683,train
40389,train
69195,train
65913,train
23474,train
34547,train
46315,train
62548,train
353,train
26876,train
55488,train
63875,train
32226,train
63061,train
55320,train
64838,train
58406,train
26987,train
12080,train
25801,train
52505,train
1807,train
12901,train
68163,train
14681,train
17768,train
57212,train
24318,train
62622,train
29763,train
3326,train
17740,train
34728,train
6117,train
11324,train
60140,train
11174,train
64064,train
7617,train
5977,train
31824,train
22861,train
6433,train
41013,train
67526,train
4478,train
33732,train
2159,train
5118,train
19885,train
14945,train
44070,train
6258,train
51454,train
34601,train
29159,train
59138,train
68004,train
25190,train
46374,train
3792,train
20834,train
10834,train
7927,train
61165,train
44072,train
18871,train
20175,train
31714,train
8030,train
39339,train
61649,train
24122,train
16280,train
26216,train
63836,train
28550,train
42656,train
41495,train
66481,train
49093,train
11208,train
56682,train
60568,train
39157,train
32857,train
16267,train
6867,train
50484,train
61174,train
53372,train
18237,train
50775,train
2793,train
51499,train
723,train
36467,train
15496,train
11971,train
24921,train
13074,train
19795,train
64854,train
54471,train
53625,train
58758,train
17177,train
7439,train
36861,train
51122,train
48206,train
27036,train
21434,train
2075,train
13717,train
19243,train
12549,train
1084,train
57534,train
60886,train
52656,train
49105,train
5633,train
9813,train
24137,train
32283,train
50795,train
39960,train
41106,train
32930,train
33883,train
7339,train
61955,train
9943,train
46019,train
63085,train
20488,train
9401,train
15599,train
35561,train
37517,train
16195,train
30064,train
57824,train
13665,train
31984,train
37040,train
54872,train
29773,train
11021,train
34881,train
51935,train
19848,train
19577,train
45172,train
42556,train
48259,train
28152,train
7944,train
40655,train
20982,train
63225,train
2085,train
59345,train
20743,train
61926,train
58308,train
32393,train
37637,train
28091,train
6538,train
61215,train
46360,train
57424,train
24772,train
51522,train
22070,train
21524,train
42931,train
48895,train
42857,train
31994,train
1253,train
34286,train
12104,train
53248,train
27989,train
5378,train
16787,train
33241,train
14031,train
11391,train
68605,train
19622,train
5759,train
26406,train
51721,train
4592,train
57091,train
20545,train
4294,train
59936,train
17597,train
20658,train
22081,train
60651,train
52845,train
68902,train
213,train
18291,train
65603,train
22569,train
25315,train
27534,train
20984,train
13044,train
65239,train
68638,train
64954,train
22995,train
4858,train
2897,train
39182,train
44587,train
52221,train
23230,train
43235,train
22889,train
51029,train
4168,train
64735,train
52850,train
51776,train
40045,train
23874,train
36122,train
34349,train
47998,train
14206,train
25207,train
51451,train
45559,train
22942,train
54435,train
31935,train
70427,train
4528,train
53892,train
57597,train
11926,train
9845,train
27350,train
14220,train
48999,train
8157,train
28234,train
28680,train
54055,train
7661,train
30952,train
2753,train
48162,train
20999,train
48898,train
2479,train
1098,train
43632,train
41748,train
32142,train
41492,train
16356,train
7754,train
22959,train
5042,train
6179,train
63054,train
55581,train
58685,train
64531,train
17212,train
60940,train
3424,train
10413,train
63332,train
25828,train
5507,train
14232,train
52634,train
5376,train
19445,train
21971,train
15737,train
44291,train
29449,train
63884,train
43191,train
38826,train
51745,train
14164,train
68380,train
48128,train
51488,train
18452,train
69081,train
58109,train
1791,train
39241,train
30488,train
35610,train
2959,train
61264,train
58320,train
52981,train
66782,train
44753,train
44849,train
68248,train
7241,train
68533,train
3544,train
44180,train
60621,train
42016,train
50101,train
69012,train
57323,train
48927,train
61231,train
38711,train
8422,train
3319,train
38941,train
69755,train
39600,train
30102,train
46494,train
5404,train
37208,train
64248,train
4048,train
37417,train
10498,train
50181,train
22854,train
66545,train
49075,train
68039,train
58327,train
24825,train
7697,train
63278,train
63084,train
24777,train
44592,train
41589,train
11566,train
17022,train
40206,train
67846,train
52783,train
28247,train
57203,train
46736,train
18220,train
65692,train
7734,train
34031,train
32106,train
54059,train
39766,train
14025,train
70136,train
18835,train
30600,train
12929,train
49382,train
37202,train
57658,train
37931,train
54157,train
69882,train
56497,train
22547,train
1627,train
53453,train
68182,train
14095,train
59371,train
41750,train
47018,train
19675,train
15660,train
69269,train
1675,train
67044,train
70350,train
42765,train
47283,train
21645,train
39004,train
31414,train
65702,train
40978,train
42847,train
43803,train
68722,train
60704,train
19141,train
31561,train
69707,train
44632,train
16813,train
40923,train
8877,train
30208,train
37005,train
42796,train
26288,train
67620,train
13970,train
37055,train
33298,train
53187,train
24552,train
66970,train
11804,train
30901,train
58099,train
36643,train
61414,train
58169,train
47951,train
46554,train
57968,train
26830,train
913,train
52192,train
59316,train
67077,train
5439,train
15387,train
21627,train
32977,train
35844,train
11176,train
40378,train
55981,train
34161,train
51930,train
54644,train
5738,train
5779,train
65268,train
25905,train
48124,train
33851,train
61372,train
64674,train
66901,train
40791,train
6120,train
26454,train
54160,train
11453,train
41179,train
46024,train
39303,train
9236,train
21358,train
7251,train
52017,train
25788,train
63291,train
55058,train
61849,train
23186,train
21004,train
18976,train
57744,train
16695,train
52983,train
48115,train
6465,train
66956,train
39722,train
41530,train
33019,train
48812,train
7536,train
34996,train
31242,train
33314,train
11925,train
2408,train
51573,train
58269,train
20203,train
852,train
37339,train
39618,train
27112,train
32594,train
69834,train
50947,train
6392,train
67440,train
32010,train
21396,train
14058,train
23539,train
12098,train
6253,train
13746,train
39268,train
29018,train
69817,train
53976,train
36040,train
11446,train
15874,train
48421,train
12154,train
62370,train
19329,train
66571,train
65916,train
27339,train
5772,train
60822,train
43491,train
52220,train
44475,train
24322,train
29662,train
30570,train
36952,train
14272,train
24958,train
65828,train
5651,train
57632,train
54564,train
10947,train
24981,train
67614,train
65774,train
11641,train
63637,train
2227,train
41744,train
55122,train
387,train
14510,train
37734,train
36564,train
53931,train
45356,train
62183,train
39527,train
65385,train
18785,train
35703,train
48125,train
6544,train
33721,train
17643,train
38418,train
25851,train
67497,train
7819,train
69830,train
6189,train
17975,train
12407,train
62243,train
54004,train
15718,train
18588,train
106,train
60369,train
6473,train
642,train
35288,train
51751,train
47421,train
16607,train
49672,train
69013,train
29501,train
67371,train
57584,train
42893,train
45362,train
51242,train
33387,train
8641,train
3266,train
44302,train
3975,train
34149,train
59188,train
46976,train
30226,train
40492,train
56556,train
29853,train
24504,train
51770,train
58493,train
34378,train
23302,train
11500,train
51414,train
46496,train
66512,train
64680,train
24351,train
46384,train
35230,train
65637,train
22425,train
8599,train
6485,train
69298,train
62029,train
47186,train
22266,train
68635,train
63525,train
14156,train
2444,train
16790,train
58161,train
56899,train
18156,train
33842,train
4134,train
40031,train
63725,train
22647,train
17852,train
50885,train
1015,train
35354,train
29421,train
1668,train
54991,train
26690,train
37442,train
57107,train
5522,train
63265,train
59696,train
2313,train
2614,train
42074,train
13295,train
65106,train
23278,train
3871,train
55716,train
59217,train
28651,train
8430,train
2117,train
43068,train
10051,train
6972,train
44294,train
57675,train
48722,train
13472,train
38195,train
2030,train
47383,train
36559,train
9268,train
16847,train
25594,train
42223,train
6482,train
54694,train
11809,train
918,train
5077,train
52033,train
25693,train
32873,train
20799,train
41595,train
46924,train
27525,train
42729,train
69785,train
42703,train
46478,train
46876,train
38153,train
13787,train
70650,train
12750,train
61882,train
46065,train
51915,train
52684,train
57877,train
27144,train
14241,train
30121,train
39727,train
41061,train
20699,train
48303,train
11321,train
25605,train
39597,train
40132,train
52342,train
15531,train
16869,train
38927,train
42216,train
3769,train
56005,train
21317,train
54833,train
28042,train
7495,train
61462,train
15477,train
2564,train
53517,train
61260,train
57416,train
8163,train
70369,train
50401,train
42294,train
11399,train
59274,train
6780,train
44175,train
36328,train
33836,train
54207,train
53283,train
69139,train
24373,train
55992,train
26589,train
44464,train
37606,train
8171,train
40023,train
13938,train
56062,train
37377,train
30508,train
23792,train
5186,train
26079,train
45269,train
64458,train
60195,train
48938,train
49933,train
38008,train
57752,train
33628,train
54008,train
32003,train
39633,train
13726,train
60162,train
15916,train
58981,train
65855,train
34557,train
60982,train
62614,train
58156,train
22232,train
6874,train
43824,train
16252,train
60170,train
35479,train
7304,train
11984,train
19824,train
66701,train
39091,train
37362,train
33555,train
62560,train
15561,train
21871,train
65679,train
10293,train
57811,train
13135,train
13913,train
43256,train
29057,train
33494,train
69948,train
39067,train
68918,train
14040,train
69955,train
10113,train
30861,train
9317,train
23505,train
65247,train
68084,train
40370,train
54540,train
4081,train
40687,train
35588,train
24038,train
2968,train
64449,train
5269,train
50170,train
30597,train
22671,train
52482,train
3469,train
45734,train
38332,train
46553,train
4507,train
12267,train
45985,train
42642,train
23330,train
70234,train
28502,train
64375,train
17732,train
18646,train
12183,train
66061,train
3329,train
6948,train
2294,train
51463,train
34363,train
30973,train
32757,train
3531,train
68208,train
2090,train
41767,train
5331,train
60623,train
4683,train
12162,train
39816,train
50457,train
50323,train
44785,train
24401,train
14613,train
30645,train
3521,train
61730,train
66904,train
11598,train
52177,train
38151,train
60288,train
36561,train
9199,train
39092,train
11162,train
32573,train
11253,train
49461,train
22770,train
27077,train
9555,train
10748,train
61460,train
7541,train
56485,train
50626,train
12307,train
51283,train
65933,train
18000,train
23402,train
26877,train
58016,train
9878,train
48659,train
22568,train
48679,train
10856,train
69947,train
56815,train
65172,train
57305,train
57958,train
48734,train
31913,train
66772,train
20863,train
70426,train
33382,train
21770,train
40455,train
10981,train
31252,train
9407,train
67372,train
5791,train
29279,train
32214,train
35440,train
10412,train
15142,train
36788,train
14005,train
62964,train
41511,train
7728,train
39328,train
22724,train
58653,train
744,train
57844,train
3341,train
25498,train
41941,train
53627,train
54626,train
54513,train
60337,train
64732,train
49557,train
50754,train
29286,train
22418,train
48354,train
13383,train
45211,train
8647,train
1140,train
43298,train
18365,train
68116,train
68587,train
38046,train
11892,train
70629,train
49500,train
37445,train
16176,train
52867,train
13082,train
15315,train
8689,train
59214,train
39396,train
64110,train
12016,train
1888,train
25518,train
49904,train
6072,train
42636,train
49008,train
24139,train
61693,train
21956,train
45966,train
14342,train
3299,train
46329,train
65663,train
34460,train
48561,train
14530,train
19905,train
827,train
66056,train
6472,train
44857,train
42118,train
3320,train
56200,train
60589,train
2171,train
894,train
23016,train
42720,train
65788,train
42588,train
36358,train
20431,train
60432,train
54523,train
54979,train
54526,train
28552,train
49994,train
8998,train
49496,train
44686,train
64291,train
64266,train
68400,train
51312,train
23081,train
37616,train
32938,train
46437,train
26909,train
60674,train
54302,train
5856,train
54715,train
13122,train
56281,train
51419,train
60246,train
30676,train
63382,train
57113,train
21246,train
22251,train
12733,train
47874,train
10888,train
25505,train
26752,train
64197,train
8835,train
53621,train
38211,train
2933,train
43047,train
6944,train
22162,train
1254,train
36682,train
7479,train
16311,train
12260,train
54186,train
23821,train
9475,train
41020,train
31883,train
13749,train
2483,train
35005,train
19972,train
58587,train
11595,train
10684,train
44869,train
41162,train
38886,train
69199,train
51527,train
31919,train
5021,train
46186,train
8584,train
18635,train
6408,train
68641,train
38146,train
15446,train
56447,train
42922,train
13693,train
8265,train
37395,train
66050,train
1969,train
46997,train
12998,train
61163,train
38982,train
65673,train
35572,train
22579,train
67631,train
30393,train
3570,train
55102,train
12092,train
25599,train
49001,train
39709,train
28453,train
17153,train
31425,train
28269,train
35483,train
25749,train
61025,train
6969,train
7549,train
59988,train
34871,train
31842,train
64798,train
22328,train
68375,train
17273,train
18231,train
7911,train
40255,train
59063,train
45684,train
6599,train
15084,train
59891,train
1578,train
62719,train
64128,train
16257,train
39181,train
39037,train
13392,train
53028,train
66233,train
30141,train
5500,train
25600,train
69842,train
656,train
34176,train
43285,train
48178,train
69109,train
16910,train
49627,train
24000,train
54800,train
64519,train
43838,train
56149,train
44964,train
64765,train
19190,train
45279,train
12000,train
14837,train
69359,train
18911,train
11935,train
32161,train
62475,train
58274,train
5226,train
46257,train
32286,train
63513,train
70527,train
34800,train
48871,train
37129,train
15628,train
39732,train
48660,train
52316,train
9976,train
39382,train
4557,train
38658,train
4823,train
51383,train
9891,train
15840,train
2489,train
43897,train
32323,train
69138,train
44225,train
38381,train
52960,train
62800,train
7233,train
12264,train
45635,train
59791,train
8899,train
39873,train
62750,train
46718,train
807,train
33772,train
51080,train
50392,train
42986,train
44099,train
42777,train
63654,train
32416,train
3043,train
44445,train
5646,train
56690,train
39876,train
12447,train
22543,train
37488,train
25436,train
22026,train
39648,train
32504,train
18160,train
58105,train
8777,train
51417,train
20923,train
37713,train
22217,train
19991,train
37604,train
64894,train
29658,train
47883,train
17708,train
42263,train
41753,train
19688,train
43922,train
58773,train
39622,train
9978,train
28140,train
57194,train
6153,train
25624,train
41166,train
41638,train
32402,train
20062,train
46333,train
20884,train
32030,train
64274,train
51214,train
31187,train
19927,train
61638,train
39126,train
10892,train
18698,train
58394,train
2350,train
31898,train
46379,train
36809,train
42370,train
48905,train
30681,train
22903,train
64027,train
54422,train
5410,train
34070,train
8609,train
1602,train
51645,train
18348,train
25774,train
58154,train
55286,train
149,train
60034,train
42643,train
58722,train
47036,train
18952,train
65000,train
46302,train
63179,train
26814,train
52026,train
11693,train
13920,train
44719,train
43927,train
70312,train
65124,train
39047,train
10578,train
31470,train
8242,train
36175,train
11126,train
48657,train
52180,train
48240,train
51064,train
18878,train
68881,train
2896,train
28574,train
63955,train
32872,train
65871,train
44646,train
13489,train
43427,train
34895,train
25134,train
7784,train
39585,train
58222,train
3911,train
54222,train
19686,train
50028,train
28580,train
67390,train
21817,train
27517,train
61980,train
25111,train
42560,train
60896,train
22174,train
65622,train
11781,train
43707,train
6247,train
27355,train
64357,train
27589,train
2150,train
9141,train
39687,train
10307,train
36975,train
35265,train
45288,train
68096,train
32156,train
23268,train
51432,train
17854,train
10494,train
13885,train
35485,train
19560,train
9638,train
69863,train
48789,train
56756,train
66557,train
26610,train
335,train
48153,train
50745,train
23406,train
22005,train
55558,train
2393,train
41305,train
30028,train
60759,train
26037,train
18230,train
13110,train
63456,train
57465,train
3837,train
40498,train
47983,train
22692,train
64138,train
5829,train
6214,train
36532,train
67380,train
54415,train
67668,train
58660,train
64812,train
20956,train
22683,train
4166,train
70573,train
4419,train
47638,train
36470,train
51171,train
60339,train
48833,train
58204,train
18273,train
70331,train
35558,train
28302,train
31234,train
17269,train
42071,train
57160,train
56089,train
66012,train
45383,train
64025,train
29417,train
18250,train
61252,train
59761,train
23624,train
1218,train
58058,train
10520,train
15964,train
61278,train
51047,train
22613,train
14553,train
47924,train
64478,train
26521,train
10669,train
38039,train
54503,train
3982,train
19099,train
51945,train
55675,train
21984,train
50056,train
12762,train
54384,train
1183,train
22635,train
63779,train
5177,train
45665,train
26291,train
22626,train
50765,train
41905,train
22885,train
23777,train
29558,train
66837,train
60646,train
23192,train
20510,train
51700,train
1113,train
884,train
66569,train
40473,train
44879,train
60454,train
46362,train
44466,train
24439,train
29365,train
50148,train
9443,train
12425,train
56169,train
1749,train
38741,train
28001,train
33687,train
27401,train
982,train
70415,train
11862,train
16435,train
69498,train
23662,train
17925,train
16927,train
58470,train
50316,train
47815,train
17107,train
65843,train
6323,train
57982,train
1630,train
47458,train
36554,train
14955,train
25944,train
8179,train
35124,train
34115,train
10858,train
15157,train
3622,train
63368,train
65460,train
61960,train
67506,train
48685,train
43725,train
25379,train
45787,train
42468,train
1295,train
43150,train
49200,train
47999,train
19074,train
18575,train
65321,train
48497,train
36659,train
33952,train
69823,train
69520,train
60556,train
40713,train
65638,train
7821,train
17071,train
44230,train
46417,train
5553,train
12295,train
54934,train
26189,train
1912,train
1041,train
51401,train
54281,train
67643,train
13792,train
27734,train
65381,train
13400,train
45058,train
54037,train
37731,train
5158,train
62466,train
32900,train
58207,train
1541,train
49061,train
67421,train
17246,train
3542,train
67719,train
66187,train
46696,train
61823,train
36729,train
42678,train
35326,train
41681,train
55499,train
3348,train
16943,train
20586,train
70186,train
51926,train
38633,train
777,train
36489,train
7806,train
8328,train
62737,train
31237,train
55812,train
23855,train
53096,train
54929,train
10084,train
62558,train
50123,train
24832,train
70494,train
51438,train
38419,train
45654,train
49526,train
29469,train
55881,train
51479,train
59339,train
68027,train
26305,train
2726,train
53024,train
9774,train
62269,train
55828,train
2266,train
43535,train
62081,train
14216,train
39326,train
7488,train
69494,train
7407,train
5639,train
15420,train
51633,train
62807,train
64151,train
22573,train
63198,train
54267,train
8375,train
60282,train
15651,train
44549,train
2425,train
25200,train
7706,train
64203,train
5776,train
2854,train
8037,train
35094,train
29253,train
32046,train
62572,train
9398,train
64394,train
47088,train
36091,train
31410,train
57640,train
59727,train
63775,train
9477,train
38966,train
42723,train
58938,train
41342,train
16795,train
35709,train
41273,train
19007,train
44692,train
25648,train
31502,train
8152,train
33046,train
63629,train
47127,train
9929,train
29390,train
23868,train
4491,train
34318,train
68656,train
9614,train
17101,train
36869,train
51475,train
53452,train
5471,train
14741,train
62332,train
29783,train
20581,train
45464,train
29982,train
33729,train
32353,train
21609,train
55677,train
1236,train
56058,train
47904,train
7989,train
24146,train
6504,train
24089,train
373,train
5463,train
6390,train
41978,train
25777,train
21698,train
33240,train
32108,train
1422,train
4003,train
17408,train
19267,train
55714,train
67841,train
54453,train
23275,train
24653,train
39440,train
42011,train
30317,train
11895,train
44927,train
8358,train
47437,train
53149,train
19191,train
28815,train
67179,train
36916,train
58439,train
49889,train
4374,train
51009,train
34406,train
19415,train
8439,train
62997,train
272,train
41244,train
2591,train
473,train
64568,train
60053,train
43335,train
66039,train
70151,train
58127,train
17567,train
45284,train
51738,train
63167,train
44170,train
12925,train
41143,train
56567,train
24918,train
64208,train
43814,train
41195,train
6234,train
44391,train
8800,train
50818,train
6935,train
1409,train
16780,train
11412,train
48741,train
24565,train
57104,train
15482,train
40133,train
13211,train
46804,train
11533,train
38337,train
69046,train
56551,train
33682,train
32768,train
57031,train
22927,train
40843,train
17562,train
45551,train
68962,train
10282,train
48973,train
31062,train
42409,train
28193,train
37215,train
67139,train
63987,train
38038,train
31512,train
3995,train
33737,train
32722,train
56326,train
45674,train
31300,train
13845,train
27140,train
34271,train
17594,train
59984,train
45325,train
50171,train
64778,train
57804,train
37119,train
47640,train
53864,train
19148,train
28809,train
19019,train
60031,train
25417,train
50788,train
46419,train
70285,train
46959,train
46166,train
10189,train
36251,train
13819,train
64407,train
49316,train
56460,train
41578,train
62805,train
12014,train
53755,train
45809,train
40695,train
14106,train
64140,train
5352,train
61811,train
59700,train
7786,train
69539,train
9167,train
1920,train
53476,train
68796,train
33339,train
29204,train
57253,train
44801,train
4604,train
5294,train
31024,train
12608,train
69177,train
66412,train
38623,train
45251,train
50634,train
69872,train
34008,train
59431,train
67879,train
19878,train
47308,train
43255,train
8212,train
31107,train
32186,train
6519,train
42989,train
10638,train
67634,train
21555,train
67170,train
5800,train
11817,train
47246,train
59148,train
38756,train
14410,train
69044,train
52067,train
26552,train
47516,train
14792,train
55777,train
27504,train
8640,train
11052,train
43021,train
43885,train
52195,train
37423,train
35074,train
15008,train
53241,train
383,train
41253,train
8793,train
16263,train
8931,train
31702,train
45448,train
17806,train
37863,train
36918,train
48239,train
56192,train
18930,train
29219,train
30138,train
70205,train
47803,train
459,train
51545,train
43690,train
3863,train
47316,train
55292,train
20976,train
58024,train
45355,train
64411,train
912,train
68747,train
28833,train
35739,train
17533,train
437,train
62909,train
56230,train
6509,train
2192,train
19823,train
190,train
70626,train
38119,train
51393,train
50613,train
67355,train
6546,train
34647,train
48640,train
4819,train
64185,train
49342,train
29316,train
55869,train
32493,train
57157,train
9277,train
820,train
61483,train
16881,train
43174,train
58797,train
33913,train
12324,train
59435,train
23947,train
22330,train
33619,train
12551,train
32372,train
69944,train
44304,train
56871,train
11329,train
40272,train
7762,train
38676,train
19516,train
65248,train
44628,train
14556,train
23468,train
17413,train
3012,train
47123,train
70017,train
27030,train
66457,train
37675,train
32498,train
5039,train
65790,train
70091,train
34794,train
27118,train
2984,train
66777,train
37140,train
16532,train
14883,train
31108,train
7385,train
36380,train
40030,train
58727,train
38139,train
26906,train
10048,train
47759,train
62424,train
30807,train
7319,train
21385,train
62971,train
22352,train
6449,train
49033,train
43380,train
7478,train
69278,train
21517,train
64650,train
26072,train
27057,train
5513,train
47535,train
60823,train
64136,train
46618,train
28949,train
187,train
62606,train
36527,train
4385,train
24194,train
10279,train
11311,train
47739,train
63896,train
6973,train
35348,train
7912,train
31054,train
55655,train
29486,train
20896,train
7791,train
28723,train
12176,train
13973,train
45525,train
12610,train
15923,train
12803,train
9640,train
21475,train
66267,train
10420,train
25030,train
14761,train
61965,train
65938,train
18953,train
35414,train
65120,train
20574,train
50867,train
53152,train
28293,train
19510,train
65510,train
29797,train
8554,train
37564,train
70581,train
46017,train
1049,train
48694,train
16327,train
55897,train
61399,train
62087,train
50447,train
13678,train
28913,train
40507,train
43909,train
14224,train
54366,train
7463,train
36618,train
43888,train
30560,train
17323,train
4132,train
30667,train
15303,train
46326,train
40976,train
43128,train
50085,train
9796,train
40634,train
37176,train
30963,train
35546,train
25502,train
10018,train
23622,train
43367,train
2419,train
54014,train
44503,train
61626,train
54390,train
14112,train
13520,train
55147,train
56175,train
26250,train
67134,train
12809,train
24704,train
57874,train
38571,train
38795,train
49632,train
4632,train
4963,train
28035,train
16533,train
2095,train
59947,train
12103,train
36670,train
54670,train
677,train
43772,train
63492,train
50265,train
39193,train
5945,train
27650,train
20180,train
23508,train
65617,train
55280,train
10103,train
55548,train
63104,train
48870,train
10029,train
28920,train
12765,train
30425,train
12529,train
18367,train
55367,train
69354,train
43228,train
42114,train
44357,train
45853,train
27600,train
57149,train
44910,train
61799,train
43643,train
50408,train
69663,train
39220,train
28517,train
10474,train
11157,train
49491,train
39097,train
9290,train
13194,train
24815,train
15306,train
21268,train
44725,train
55214,train
51580,train
19685,train
37374,train
69801,train
55090,train
52996,train
53126,train
61344,train
20974,train
23060,train
31261,train
64252,train
57114,train
64621,train
11727,train
51608,train
55895,train
22124,train
69638,train
38236,train
64236,train
16207,train
45390,train
28785,train
53344,train
64040,train
44398,train
39736,train
62949,train
27130,train
30699,train
5246,train
67157,train
2603,train
37331,train
36910,train
65024,train
56198,train
62161,train
65327,train
37886,train
1638,train
22962,train
46465,train
46569,train
43159,train
22447,train
25591,train
7975,train
64533,train
2899,train
59050,train
46072,train
41637,train
8122,train
26345,train
24927,train
67164,train
22522,train
29123,train
29691,train
59452,train
24241,train
27628,train
7519,train
34748,train
34555,train
3161,train
52540,train
69330,train
53166,train
48762,train
14531,train
63305,train
54337,train
61323,train
16786,train
21103,train
44652,train
10082,train
70326,train
29433,train
65216,train
49295,train
6477,train
49149,train
35249,train
26604,train
62796,train
8496,train
60248,train
42454,train
51188,train
10813,train
30382,train
39476,train
40842,train
37234,train
68521,train
15041,train
55500,train
21725,train
11406,train
53958,train
49424,train
54944,train
59238,train
4277,train
14161,train
35948,train
66655,train
29394,train
47537,train
58012,train
58368,train
16597,train
24296,train
27496,train
48030,train
37080,train
34416,train
54440,train
54895,train
7919,train
38411,train
53448,train
18543,train
38716,train
37051,train
64918,train
56113,train
41771,train
21923,train
32146,train
24135,train
3462,train
27729,train
12949,train
16351,train
27819,train
31102,train
54645,train
68470,train
42226,train
24896,train
3516,train
538,train
11342,train
41443,train
25685,train
10344,train
69838,train
33483,train
58084,train
48114,train
1819,train
30066,train
61365,train
45873,train
66521,train
56937,train
31579,train
55400,train
19466,train
22202,train
64389,train
23147,train
44048,train
36608,train
7597,train
64722,train
68215,train
5487,train
39580,train
61997,train
5575,train
27105,train
8339,train
16431,train
53358,train
41838,train
36878,train
16622,train
1411,train
8083,train
70222,train
29710,train
54239,train
61876,train
17454,train
10932,train
46604,train
23462,train
41614,train
8956,train
60710,train
38087,train
42724,train
67403,train
12580,train
32521,train
28483,train
10877,train
52733,train
58125,train
8491,train
39735,train
32966,train
40720,train
13790,train
56168,train
36110,train
27177,train
9983,train
51265,train
57538,train
5073,train
62874,train
61376,train
20686,train
22736,train
36876,train
7119,train
17332,train
35203,train
56885,train
8069,train
16519,train
34981,train
47586,train
65382,train
50424,train
35353,train
53131,train
18733,train
23446,train
68642,train
46027,train
47118,train
68552,train
2267,train
39206,train
34566,train
43534,train
51016,train
62671,train
7986,train
20823,train
61455,train
51717,train
69517,train
11405,train
16374,train
44947,train
27668,train
63582,train
68744,train
54796,train
16125,train
35011,train
69874,train
18399,train
64271,train
17883,train
62427,train
18548,train
46685,train
46191,train
61004,train
18805,train
38129,train
17002,train
8391,train
68474,train
48496,train
17863,train
13442,train
25113,train
21204,train
58359,train
11479,train
18623,train
57878,train
69087,train
19295,train
49952,train
62257,train
64417,train
28180,train
51410,train
57127,train
6014,train
70442,train
19072,train
45429,train
37763,train
27771,train
44904,train
28388,train
9099,train
58331,train
33870,train
57502,train
18040,train
17679,train
47101,train
31480,train
4586,train
2203,train
57708,train
7566,train
709,train
45530,train
27151,train
62553,train
52605,train
67869,train
49781,train
10529,train
6119,train
1656,train
7768,train
16184,train
64498,train
13983,train
197,train
27627,train
67239,train
50986,train
1876,train
47990,train
42093,train
11591,train
22622,train
33700,train
48600,train
39512,train
1464,train
12757,train
10822,train
69135,train
39475,train
19852,train
67028,train
17713,train
30830,train
132,train
56213,train
31044,train
35215,train
46741,train
394,train
11086,train
5762,train
2420,train
37224,train
5510,train
40280,train
53165,train
57418,train
58904,train
36839,train
12242,train
23595,train
41670,train
43329,train
27563,train
55060,train
50058,train
5529,train
4780,train
9699,train
6747,train
40161,train
48900,train
45099,train
4272,train
29777,train
42610,train
22470,train
33133,train
62154,train
13064,train
53095,train
27027,train
61333,train
35055,train
63406,train
59100,train
53258,train
15382,train
20794,train
34266,train
18603,train
19338,train
32692,train
63633,train
67791,train
14528,train
61712,train
37181,train
50062,train
48565,train
22154,train
39619,train
10073,train
57562,train
24715,train
20827,train
45536,train
23212,train
20792,train
59789,train
43232,train
66157,train
66171,train
5325,train
60067,train
53082,train
41353,train
53278,train
69913,train
15990,train
8738,train
45463,train
42378,train
55594,train
29455,train
51970,train
26342,train
43251,train
17490,train
44566,train
25786,train
45093,train
27093,train
37610,train
58050,train
24633,train
6368,train
12486,train
56698,train
57547,train
40278,train
1653,train
52875,train
33424,train
65775,train
588,train
98,train
59310,train
49047,train
22252,train
68365,train
20546,train
54273,train
64883,train
26293,train
9327,train
48095,train
47710,train
65347,train
35434,train
43716,train
45892,train
54363,train
24594,train
55348,train
65245,train
51240,train
29504,train
35444,train
24718,train
37225,train
41757,train
16249,train
53128,train
13905,train
56286,train
20698,train
50783,train
50276,train
18500,train
28698,train
24264,train
35575,train
60573,train
67930,train
56046,train
7948,train
36225,train
57219,train
62616,train
32322,train
664,train
65013,train
9747,train
6250,train
62037,train
32017,train
23213,train
65073,train
58535,train
37698,train
30911,train
45367,train
59114,train
45511,train
41710,train
63261,train
19380,train
22416,train
29331,train
3226,train
21333,train
4170,train
68289,train
56816,train
10604,train
31771,train
30969,train
16899,train
10528,train
60944,train
20406,train
28779,train
25937,train
57474,train
64897,train
59974,train
21973,train
30009,train
23528,train
10775,train
20570,train
61465,train
45372,train
59824,train
17990,train
34257,train
40597,train
17258,train
14700,train
43357,train
13331,train
30325,train
38671,train
66786,train
53321,train
25578,train
31396,train
2952,train
54899,train
2402,train
5115,train
53855,train
8304,train
23073,train
2856,train
55121,train
6274,train
57524,train
47431,train
21237,train
61470,train
38047,train
1396,train
51822,train
22115,train
56083,train
9859,train
3637,train
34306,train
15748,train
830,train
59628,train
43212,train
61176,train
46692,train
41480,train
69747,train
54808,train
61118,train
558,train
26817,train
59746,train
68526,train
14994,train
45883,train
39266,train
53118,train
17069,train
48987,train
16545,train
58958,train
44442,train
17992,train
66476,train
56109,train
30310,train
19866,train
58770,train
22650,train
22051,train
67275,train
47599,train
56037,train
54629,train
4379,train
55370,train
58081,train
64702,train
51974,train
21197,train
27021,train
41017,train
11236,train
50410,train
25098,train
56435,train
58065,train
39573,train
47228,train
47971,train
61085,train
70667,train
15466,train
40628,train
21853,train
48318,train
8027,train
37146,train
61989,train
47785,train
34082,train
58972,train
34807,train
62965,train
20110,train
32133,train
1957,train
12404,train
21411,train
18837,train
27991,train
16181,train
2181,train
1366,train
62235,train
45125,train
12537,train
38010,train
59547,train
12160,train
18288,train
51521,train
14805,train
19988,train
38256,train
40139,train
41918,train
5728,train
9897,train
2381,train
47003,train
29097,train
22529,train
4951,train
39681,train
45025,train
7060,train
18171,train
36070,train
27191,train
36374,train
3360,train
24951,train
55815,train
1080,train
3303,train
60909,train
48809,train
0,train
35166,train
2503,train
61166,train
11093,train
38743,train
49634,train
67162,train
11106,train
30595,train
48038,train
68209,train
3220,train
19098,train
60503,train
70459,train
53311,train
13002,train
51234,train
57263,train
6894,train
4156,train
8771,train
26735,train
29526,train
23737,train
8874,train
16277,train
58975,train
8384,train
18086,train
46363,train
49777,train
22465,train
29759,train
59666,train
23199,train
6562,train
31192,train
32836,train
64796,train
39780,train
18292,train
15022,train
29015,train
20373,train
23318,train
11741,train
46316,train
16605,train
25334,train
43306,train
33036,train
63564,train
58381,train
37065,train
11912,train
18351,train
52142,train
68463,train
1930,train
9489,train
63737,train
65462,train
12003,train
29608,train
31557,train
42156,train
7604,train
2904,train
4235,train
21446,train
19375,train
5735,train
19347,train
58,train
29304,train
29256,train
19208,train
21159,train
65927,train
57020,train
33548,train
63561,train
26118,train
43392,train
40870,train
64009,train
40414,train
44213,train
4059,train
41320,train
57410,train
52782,train
4442,train
11572,train
51407,train
1310,train
62489,train
20387,train
59976,train
42551,train
50739,train
31907,train
57573,train
62542,train
3089,train
7261,train
48624,train
53696,train
30979,train
69736,train
36574,train
52725,train
27998,train
54129,train
47288,train
60430,train
24246,train
46346,train
26771,train
36102,train
9035,train
25931,train
22321,train
1861,train
62912,train
14917,train
37462,train
17277,train
28448,train
1926,train
64713,train
38249,train
10441,train
24023,train
27124,train
14353,train
63926,train
35197,train
52069,train
70328,train
37199,train
32408,train
51476,train
35428,train
49531,train
4984,train
1217,train
52529,train
28588,train
9393,train
23416,train
15780,train
28677,train
31583,train
66792,train
27279,train
39372,train
25614,train
20972,train
5353,train
13730,train
20750,train
41963,train
6428,train
47047,train
57796,train
10289,train
66304,train
68371,train
5367,train
53072,train
70590,train
1297,train
33816,train
70069,train
27690,train
28225,train
27971,train
14533,train
36037,train
22878,train
32944,train
21082,train
29534,train
408,train
62460,train
46416,train
8017,train
62185,train
18491,train
63744,train
45138,train
20243,train
43505,train
23112,train
54418,train
17090,train
21788,train
10667,train
11499,train
45259,train
69009,train
21784,train
22920,train
16866,train
67476,train
5558,train
57375,train
38385,train
42978,train
45459,train
55821,train
23495,train
37137,train
64892,train
43433,train
15108,train
59505,train
17702,train
67342,train
15597,train
21127,train
3006,train
48846,train
45290,train
8284,train
13553,train
57266,train
45192,train
34980,train
66015,train
60018,train
6194,train
7545,train
52494,train
39407,train
36923,train
40659,train
24802,train
66656,train
51541,train
37504,train
15983,train
35559,train
4886,train
37172,train
53786,train
42266,train
51657,train
70589,train
61359,train
35082,train
26384,train
16349,train
38627,train
21932,train
58786,train
37748,train
59354,train
34672,train
35734,train
22973,train
67656,train
20450,train
39381,train
11682,train
52716,train
58868,train
50005,train
1762,train
45555,train
35808,train
33035,train
33471,train
60107,train
53861,train
5145,train
13120,train
18885,train
12826,train
17976,train
39112,train
66757,train
56587,train
37900,train
29017,train
39700,train
67560,train
10203,train
7056,train
51418,train
32134,train
37866,train
70130,train
40665,train
6797,train
33726,train
68211,train
40684,train
29148,train
68955,train
56792,train
63353,train
43120,train
7062,train
52854,train
55512,train
64496,train
38070,train
50896,train
64287,train
15286,train
5793,train
20712,train
44770,train
26878,train
36491,train
32185,train
70373,train
35185,train
189,train
29237,train
42617,train
22138,train
45538,train
57106,train
56971,train
34782,train
67237,train
63522,train
61363,train
50127,train
65468,train
18547,train
19755,train
14367,train
21516,train
7425,train
56088,train
22297,train
48444,train
66168,train
47890,train
25066,train
10003,train
7293,train
10850,train
6099,train
45491,train
25973,train
13620,train
34693,train
13539,train
2449,train
43001,train
42906,train
11815,train
60326,train
32491,train
34851,train
25776,train
30822,train
20905,train
21363,train
39994,train
17403,train
13133,train
24774,train
33097,train
243,train
10536,train
31844,train
38186,train
13927,train
66905,train
51498,train
21397,train
25793,train
20873,train
45333,train
15893,train
61082,train
65860,train
45837,train
30930,train
50166,train
6426,train
47129,train
34328,train
35437,train
46703,train
20405,train
2317,train
13697,train
13564,train
56428,train
58679,train
1051,train
64304,train
28028,train
14351,train
22218,train
63144,train
58707,train
60658,train
3282,train
21554,train
3287,train
25846,train
46938,train
58434,train
26364,train
48365,train
17459,train
63761,train
21287,train
33106,train
10731,train
53770,train
23399,train
46968,train
14397,train
832,train
15445,train
65781,train
56411,train
49779,train
17964,train
57086,train
32555,train
11057,train
21990,train
45979,train
21175,train
35522,train
55087,train
20223,train
35259,train
58023,train
57680,train
47772,train
17984,train
12273,train
59352,train
13908,train
63950,train
56770,train
41474,train
22387,train
15520,train
55353,train
25046,train
19557,train
42603,train
64921,train
47991,train
29822,train
39142,train
37182,train
7010,train
65397,train
42805,train
57063,train
12438,train
2353,train
21209,train
17752,train
20098,train
49939,train
5985,train
51241,train
30217,train
53088,train
13056,train
56166,train
66895,train
33992,train
26035,train
59552,train
42267,train
26198,train
39596,train
52815,train
44389,train
69513,train
27163,train
68428,train
4333,train
36445,train
67300,train
13537,train
14661,train
32975,train
46568,train
53713,train
41377,train
67790,train
5784,train
23518,train
61357,train
23823,train
32389,train
20491,train
33420,train
43965,train
27480,train
32726,train
38865,train
35853,train
62386,train
58670,train
36257,train
55728,train
33731,train
49811,train
69766,train
18738,train
31417,train
20395,train
16713,train
58469,train
49647,train
14921,train
61537,train
54971,train
60396,train
64120,train
35400,train
46143,train
50486,train
51255,train
60389,train
10963,train
21962,train
45963,train
25430,train
36365,train
62628,train
30577,train
31450,train
64406,train
55476,train
2787,train
67478,train
26337,train
24260,train
18117,train
25472,train
33550,train
25766,train
26043,train
40924,train
68141,train
44626,train
60654,train
42576,train
8700,train
10506,train
37580,train
66596,train
47875,train
16956,train
64792,train
30427,train
17627,train
33742,train
21034,train
16079,train
65727,train
25606,train
58730,train
38722,train
38888,train
2972,train
67035,train
50987,train
22312,train
3028,train
14500,train
65408,train
20892,train
6887,train
69020,train
69418,train
53933,train
50597,train
22706,train
56103,train
26069,train
15495,train
61281,train
39917,train
17686,train
14719,train
3133,train
31406,train
62141,train
48638,train
19741,train
19304,train
53317,train
4356,train
22244,train
36347,train
25404,train
57019,train
61574,train
40875,train
68987,train
35548,train
22749,train
68433,train
64822,train
44525,train
11439,train
14109,train
60829,train
68063,train
19872,train
27986,train
61909,train
69390,train
6947,train
37348,train
28885,train
60767,train
11074,train
31227,train
61018,train
65570,train
22630,train
57191,train
68319,train
40698,train
66996,train
37399,train
46276,train
17076,train
13580,train
5316,train
15489,train
23642,train
49463,train
16106,train
32093,train
34558,train
45187,train
3148,train
26042,train
17927,train
15102,train
21063,train
25038,train
43197,train
39305,train
54518,train
31628,train
42771,train
54794,train
30156,train
21885,train
47072,train
7571,train
28073,train
61907,train
46812,train
23322,train
54407,train
35604,train
13985,train
66578,train
19077,train
889,train
32524,train
64342,train
29594,train
31652,train
39354,train
4615,train
35413,train
69614,train
27902,train
48333,train
8828,train
6299,train
17456,train
3626,train
16988,train
15724,train
29904,train
35579,train
15211,train
44146,train
45569,train
16494,train
50471,train
63143,train
53815,train
27586,train
24696,train
2119,train
55958,train
68530,train
22516,train
47977,train
44264,train
20106,train
25424,train
11594,train
17251,train
28533,train
55240,train
48567,train
6654,train
59490,train
25135,train
13681,train
43170,train
1741,train
61968,train
13325,train
14844,train
26660,train
37408,train
28445,train
42341,train
1341,train
40986,train
62704,train
30263,train
33369,train
28162,train
42502,train
34692,train
49816,train
25400,train
29890,train
25598,train
3229,train
53450,train
67407,train
13521,train
57603,train
18322,train
1869,train
27198,train
36806,train
62951,train
48781,train
60899,train
48410,train
62312,train
38638,train
45702,train
22277,train
28818,train
61757,train
41350,train
59003,train
30737,train
51683,train
55605,train
28888,train
1056,train
9308,train
40824,train
44732,train
41802,train
60081,train
21485,train
28696,train
26172,train
65483,train
28780,train
53882,train
34711,train
51855,train
60321,train
6329,train
38913,train
52982,train
70000,train
63917,train
39752,train
19307,train
63933,train
55017,train
51889,train
61428,train
41358,train
25283,train
16972,train
69946,train
5907,train
57586,train
59368,train
70096,train
55259,train
53796,train
67523,train
24088,train
16911,train
26097,train
29627,train
22310,train
42679,train
14487,train
12902,train
33611,train
59769,train
48757,train
5677,train
11670,train
69084,train
5934,train
37857,train
27987,train
46560,train
47359,train
41151,train
70607,train
10455,train
27492,train
38584,train
57391,train
51987,train
54631,train
40191,train
7886,train
21666,train
39386,train
56537,train
66861,train
48300,train
50863,train
12232,train
64673,train
58718,train
53914,train
20962,train
69530,train
54660,train
36859,train
19650,train
19563,train
3610,train
70227,train
31303,train
2568,train
21332,train
25029,train
22333,train
33841,train
44679,train
59405,train
27779,train
29956,train
47539,train
23068,train
8021,train
66135,train
35643,train
29388,train
70251,train
41509,train
65188,train
63947,train
65396,train
25746,train
53472,train
63174,train
10349,train
22146,train
22318,train
59326,train
5098,train
14578,train
40313,train
69489,train
31010,train
29324,train
54115,train
26297,train
6657,train
37882,train
59399,train
3076,train
10027,train
32369,train
8338,train
63718,train
48485,train
69010,train
61169,train
5363,train
33416,train
36573,train
3103,train
40100,train
58389,train
58356,train
46666,train
43994,train
47208,train
12782,train
69577,train
53928,train
10716,train
34069,train
23893,train
5124,train
23087,train
1569,train
30339,train
41042,train
2202,train
37382,train
56218,train
2573,train
60331,train
32908,train
41128,train
50920,train
49916,train
27843,train
35151,train
49700,train
18120,train
42861,train
62368,train
44325,train
66510,train
58247,train
16997,train
33508,train
41608,train
60501,train
64961,train
29723,train
70270,train
22344,train
63243,train
13439,train
38745,train
27930,train
66398,train
324,train
47549,train
24397,train
26543,train
42133,train
63391,train
11055,train
57997,train
57933,train
35629,train
61485,train
16958,train
39787,train
32031,train
30337,train
67313,train
57214,train
66246,train
19977,train
7738,train
70083,train
9411,train
33882,train
43450,train
34821,train
41367,train
20575,train
46589,train
45412,train
41812,train
47913,train
27066,train
5458,train
30104,train
15380,train
27317,train
36270,train
67554,train
1454,train
1145,train
18371,train
8403,train
51706,train
27784,train
61629,train
18115,train
44742,train
62641,train
65300,train
66746,train
18208,train
69562,train
70192,train
47429,train
32824,train
39095,train
12313,train
61008,train
20224,train
5171,train
26031,train
69066,train
27216,train
61404,train
20162,train
62399,train
61497,train
35130,train
11525,train
18198,train
45815,train
34006,train
64067,train
26039,train
64284,train
30545,train
36284,train
20136,train
68735,train
36062,train
12963,train
35793,train
40787,train
5833,train
45342,train
5385,train
45913,train
3672,train
45901,train
5233,train
23846,train
38,train
4477,train
70034,train
40146,train
31265,train
35636,train
1520,train
37011,train
47189,train
26019,train
70640,train
5976,train
41915,train
11933,train
46782,train
19736,train
1767,train
58526,train
42732,train
49629,train
23712,train
10335,train
69074,train
12745,train
48769,train
34957,train
3201,train
39792,train
39750,train
4197,train
66382,train
33749,train
56066,train
53144,train
52586,train
2559,train
38808,train
46775,train
59687,train
6836,train
9145,train
44999,train
31400,train
4524,train
43004,train
65728,train
59482,train
17548,train
60128,train
57187,train
6309,train
21847,train
14122,train
21678,train
47382,train
36144,train
1375,train
22289,train
16392,train
70681,train
50372,train
1781,train
44765,train
34495,train
44577,train
56654,train
9332,train
58053,train
48225,train
17386,train
33755,train
43113,train
65534,train
65963,train
50371,train
13176,train
67166,train
14736,train
34368,train
14271,train
68545,train
18037,train
64485,train
58367,train
63394,train
42425,train
44837,train
70525,train
50766,train
10321,train
22062,train
33156,train
29514,train
67588,train
39935,train
20235,train
27597,train
30684,train
16369,train
36749,train
22717,train
30944,train
26455,train
40661,train
66832,train
38667,train
4039,train
38324,train
41078,train
22838,train
38545,train
69617,train
26559,train
22219,train
13499,train
16111,train
54358,train
66317,train
41795,train
28213,train
3639,train
19058,train
20145,train
9415,train
13835,train
23377,train
55706,train
41335,train
62950,train
64979,train
60802,train
60178,train
4315,train
25537,train
46577,train
48144,train
389,train
8211,train
43386,train
61287,train
63282,train
57899,train
58412,train
68161,train
26598,train
6496,train
47771,train
9961,train
348,train
24813,train
58992,train
21423,train
1459,train
25077,train
54739,train
9179,train
33143,train
10490,train
12038,train
30164,train
55315,train
37321,train
4849,train
12845,train
15198,train
69353,train
31374,train
27916,train
36687,train
5541,train
33070,train
20384,train
24953,train
69725,train
45057,train
25039,train
13616,train
40928,train
46719,train
343,train
27720,train
16984,train
52204,train
15828,train
63552,train
155,train
57521,train
58349,train
67851,train
43680,train
60105,train
55216,train
8497,train
54953,train
30786,train
5477,train
39016,train
49117,train
10484,train
5303,train
69442,train
13582,train
7868,train
9812,train
40173,train
22128,train
21570,train
15736,train
22604,train
58242,train
18034,train
45581,train
63560,train
70405,train
51303,train
65862,train
47726,train
37324,train
69858,train
70579,train
17524,train
53568,train
8392,train
4218,train
61463,train
39575,train
9073,train
41956,train
1717,train
65852,train
55519,train
34235,train
55126,train
12858,train
66199,train
6911,train
39147,train
61382,train
874,train
50609,train
24391,train
34405,train
59051,train
96,train
161,train
9152,train
64400,train
26560,train
48386,train
50049,train
1826,train
41245,train
48302,train
65364,train
2169,train
60645,train
66979,train
1435,train
33088,train
8053,train
36298,train
20664,train
21644,train
33815,train
59624,train
9612,train
56559,train
9752,train
49256,train
27136,train
53618,train
28772,train
14504,train
16784,train
48664,train
62353,train
5373,train
5580,train
51870,train
40157,train
68938,train
45212,train
31792,train
17062,train
51605,train
48760,train
36616,train
44,train
17638,train
56914,train
12037,train
53652,train
44619,train
20057,train
1147,train
38993,train
57445,train
52298,train
44157,train
3657,train
61007,train
49539,train
54193,train
60811,train
21855,train
63131,train
12479,train
49177,train
1694,train
12533,train
46747,train
16272,train
64481,train
48775,train
20122,train
7377,train
51496,train
41529,train
374,train
44191,train
12508,train
40817,train
11638,train
1782,train
15801,train
42762,train
19771,train
63887,train
52098,train
60308,train
51446,train
46393,train
55044,train
5396,train
55974,train
33461,train
19419,train
9143,train
6677,train
64906,train
28968,train
19005,train
59060,train
61556,train
32781,train
70010,train
53412,train
29299,train
61601,train
15882,train
33991,train
28875,train
13100,train
9924,train
46237,train
19566,train
59602,train
39042,train
59626,train
21563,train
68101,train
9725,train
31885,train
35831,train
22963,train
28564,train
59247,train
40435,train
62031,train
43488,train
54140,train
47717,train
15153,train
35877,train
32661,train
44509,train
40449,train
35114,train
42684,train
7217,train
68452,train
59728,train
5828,train
29927,train
69073,train
870,train
30614,train
62440,train
55944,train
37727,train
64468,train
62976,train
29730,train
13841,train
29924,train
43556,train
13101,train
46399,train
31633,train
35781,train
5943,train
28027,train
46757,train
57947,train
37422,train
5880,train
68812,train
43807,train
43143,train
16918,train
18550,train
48176,train
43375,train
43048,train
28871,train
66678,train
34823,train
40259,train
26644,train
32815,train
39221,train
35279,train
59421,train
12238,train
51656,train
22584,train
18476,train
70493,train
46632,train
18297,train
19317,train
31726,train
24665,train
38173,train
18792,train
27506,train
5420,train
53927,train
45465,train
61084,train
48888,train
44268,train
47511,train
37672,train
36848,train
15411,train
46631,train
57746,train
3656,train
40645,train
39119,train
35424,train
28575,train
16599,train
62701,train
50742,train
42381,train
29258,train
31995,train
43692,train
55865,train
14937,train
56231,train
3263,train
46912,train
62389,train
42345,train
43802,train
51849,train
43806,train
56593,train
16033,train
49314,train
8119,train
21277,train
36306,train
24031,train
31752,train
10953,train
3016,train
19129,train
24166,train
43227,train
67626,train
65882,train
55454,train
56312,train
28590,train
21342,train
65804,train
15343,train
10075,train
52863,train
48508,train
54720,train
65524,train
18732,train
25719,train
32409,train
69652,train
24116,train
9855,train
29168,train
40975,train
25433,train
12532,train
29880,train
42995,train
11511,train
24864,train
5221,train
47317,train
4479,train
65630,train
46624,train
8996,train
56861,train
37431,train
52139,train
43470,train
60680,train
65915,train
33054,train
20351,train
58397,train
3123,train
65156,train
53946,train
31528,train
69065,train
8411,train
32902,train
59220,train
59785,train
56541,train
21259,train
53865,train
69415,train
31749,train
17889,train
1063,train
16414,train
1778,train
65315,train
40404,train
16284,train
44290,train
68095,train
60167,train
18335,train
33598,train
69606,train
759,train
15546,train
26962,train
27543,train
21306,train
9136,train
46263,train
68704,train
24716,train
42570,train
44706,train
62986,train
40754,train
46995,train
17384,train
1681,train
68576,train
36407,train
7801,train
11706,train
58925,train
17110,train
65304,train
45768,train
10631,train
10404,train
12409,train
2389,train
43561,train
16704,train
11813,train
59420,train
42775,train
5774,train
52373,train
8103,train
65965,train
7,train
23458,train
38866,train
25871,train
57836,train
14868,train
19898,train
48854,train
37987,train
59237,train
29510,train
32731,train
54836,train
56662,train
45453,train
39783,train
63670,train
31643,train
41472,train
66070,train
44717,train
23578,train
38996,train
40127,train
30998,train
39940,train
11096,train
13947,train
12833,train
2531,train
53791,train
3745,train
62209,train
13340,train
22225,train
70410,train
67707,train
14941,train
63690,train
4824,train
24942,train
29898,train
45324,train
53548,train
28512,train
7465,train
2248,train
70531,train
34532,train
44832,train
50518,train
50533,train
33794,train
63589,train
48721,train
51535,train
61468,train
19857,train
10211,train
34210,train
9514,train
17048,train
52251,train
38303,train
33861,train
2505,train
8539,train
65754,train
24710,train
36719,train
68930,train
16407,train
19623,train
17389,train
4682,train
38775,train
26802,train
37765,train
6514,train
34481,train
57891,train
26166,train
6480,train
8111,train
35198,train
5120,train
50241,train
49537,train
44244,train
63952,train
48431,train
17674,train
13877,train
49945,train
32991,train
27344,train
63191,train
587,train
14753,train
52559,train
53742,train
58624,train
59875,train
52908,train
24620,train
44882,train
39819,train
22558,train
62404,train
70645,train
53363,train
13939,train
49178,train
40340,train
49525,train
2224,train
31134,train
4611,train
17263,train
32082,train
20002,train
68313,train
49158,train
59497,train
15235,train
8129,train
41473,train
10904,train
17416,train
4282,train
41476,train
52561,train
42388,train
62355,train
331,train
11632,train
58045,train
24717,train
7838,train
30686,train
62559,train
24734,train
30946,train
55923,train
32042,train
14493,train
31728,train
5062,train
56635,train
6040,train
52122,train
67385,train
51685,train
48925,train
34362,train
1013,train
66537,train
27896,train
493,train
59210,train
61042,train
35000,train
8038,train
54897,train
60638,train
5375,train
31987,train
65748,train
2217,train
40347,train
64003,train
37012,train
60249,train
51632,train
17008,train
13048,train
55227,train
30762,train
56389,train
29146,train
20233,train
58283,train
20683,train
9281,train
61618,train
49401,train
33161,train
28668,train
14090,train
38200,train
51638,train
3271,train
60871,train
48604,train
23009,train
10606,train
27677,train
45964,train
26483,train
61860,train
19028,train
40268,train
12495,train
15904,train
39874,train
50763,train
8920,train
13099,train
37775,train
36121,train
63627,train
30036,train
17305,train
11864,train
12008,train
6679,train
66580,train
51912,train
1290,train
50712,train
1215,train
56156,train
2018,train
62765,train
56021,train
52068,train
43511,train
27454,train
33197,train
52259,train
45185,train
47754,train
37618,train
19862,train
53996,train
70264,train
9185,train
6083,train
49820,train
43350,train
29943,train
63974,train
40633,train
9790,train
17063,train
23609,train
4974,train
46387,train
45033,train
58612,train
63738,train
13505,train
15180,train
3965,train
47684,train
16224,train
39650,train
54238,train
10000,train
41261,train
51421,train
20840,train
49827,train
36226,train
28259,train
45450,train
6460,train
32419,train
67334,train
37653,train
44399,train
46477,train
15636,train
5343,train
3565,train
64626,train
59367,train
69004,train
17317,train
5413,train
4,train
55314,train
31754,train
9458,train
22166,train
26757,train
13753,train
60815,train
37909,train
6804,train
18961,train
5953,train
24477,train
8746,train
18499,train
38589,train
22493,train
40332,train
12886,train
50697,train
67735,train
41820,train
16627,train
64938,train
54487,train
18946,train
34743,train
51769,train
65422,train
28212,train
63398,train
25676,train
57413,train
68516,train
20132,train
2468,train
29818,train
20204,train
36939,train
69870,train
29734,train
44319,train
12698,train
41041,train
8094,train
58952,train
49792,train
32314,train
13739,train
8150,train
2790,train
48476,train
17559,train
47864,train
67537,train
6081,train
66356,train
48054,train
8301,train
10257,train
54967,train
50534,train
4148,train
4120,train
42659,train
25661,train
5989,train
42447,train
25428,train
26007,train
57974,train
33394,train
21992,train
25444,train
33051,train
30605,train
33838,train
54141,train
37125,train
60270,train
33158,train
28294,train
41985,train
25133,train
4969,train
31751,train
50059,train
5434,train
8454,train
22535,train
64371,train
14277,train
49731,train
56451,train
35122,train
20553,train
70438,train
50000,train
27564,train
55483,train
21614,train
47699,train
47418,train
22559,train
41140,train
65274,train
34052,train
28542,train
60333,train
40388,train
42880,train
61631,train
27158,train
38998,train
61740,train
70182,train
46427,train
47140,train
6314,train
52565,train
47839,train
11127,train
10272,train
33533,train
35078,train
12398,train
61800,train
41866,train
42710,train
47630,train
52754,train
19846,train
42821,train
47606,train
60946,train
32577,train
21202,train
316,train
35663,train
4135,train
14067,train
64705,train
70,train
59383,train
33308,train
14077,train
26137,train
17784,train
49710,train
46643,train
3378,train
41921,train
69590,train
47107,train
62319,train
22742,train
12191,train
63504,train
17878,train
49074,train
37798,train
24080,train
29999,train
16071,train
14808,train
57687,train
34898,train
52408,train
45302,train
25884,train
35282,train
50140,train
1342,train
61766,train
55566,train
39483,train
10097,train
9726,train
20242,train
24561,train
34724,train
31763,train
67181,train
8540,train
37277,train
1278,train
52612,train
22309,train
27250,train
50477,train
4674,train
68398,train
21951,train
62397,train
28397,train
67630,train
65305,train
16094,train
41119,train
16989,train
42689,train
51230,train
1434,train
31548,train
42178,train
7320,train
70052,train
18693,train
19849,train
21890,train
37275,train
402,train
44932,train
34517,train
25451,train
26679,train
39064,train
39998,train
56483,train
11298,train
51345,train
20537,train
65511,train
38095,train
24636,train
47481,train
55811,train
50029,train
49900,train
38607,train
9736,train
45888,train
67084,train
67083,train
15677,train
48670,train
5909,train
23589,train
20989,train
65809,train
31268,train
3209,train
46726,train
27345,train
48943,train
20472,train
40233,train
59940,train
1935,train
35090,train
63087,train
3945,train
1851,train
17507,train
65553,train
66093,train
30950,train
61534,train
39183,train
53909,train
66384,train
32343,train
24612,train
57853,train
21059,train
63797,train
23176,train
57858,train
63871,train
37372,train
35696,train
62307,train
11951,train
29704,train
25244,train
49775,train
68860,train
38592,train
28987,train
8223,train
53415,train
64321,train
64442,train
14424,train
29063,train
24949,train
48596,train
44095,train
8804,train
30781,train
33902,train
43995,train
31383,train
30327,train
60819,train
57264,train
38732,train
49858,train
35539,train
67871,train
46225,train
49454,train
28624,train
35698,train
20690,train
52442,train
4552,train
3244,train
60629,train
25714,train
43820,train
30489,train
39278,train
5305,train
62977,train
21791,train
20832,train
62242,train
8880,train
24843,train
25794,train
1745,train
53825,train
21892,train
9586,train
22068,train
14323,train
43693,train
16044,train
33664,train
55027,train
21346,train
37669,train
62277,train
27953,train
6584,train
13239,train
2264,train
61776,train
56359,train
20372,train
53183,train
26722,train
43920,train
14135,train
10415,train
37651,train
4030,train
46601,train
7409,train
58435,train
67107,train
22186,train
32891,train
21400,train
16888,train
15942,train
19449,train
45931,train
3222,train
6181,train
37683,train
28290,train
20312,train
15414,train
21376,train
24274,train
69255,train
29921,train
46178,train
491,train
59369,train
5045,train
12536,train
18634,train
46874,train
33368,train
11251,train
26774,train
32895,train
33181,train
6567,train
62328,train
44670,train
52659,train
56776,train
10733,train
18315,train
45506,train
60993,train
49116,train
18901,train
62393,train
61875,train
63968,train
41651,train
66811,train
53911,train
68734,train
58431,train
56576,train
61604,train
27542,train
37979,train
32187,train
3393,train
12970,train
17511,train
53966,train
57431,train
17061,train
4762,train
55077,train
70548,train
25262,train
22274,train
42882,train
45947,train
44125,train
26845,train
69151,train
54538,train
8664,train
53940,train
61490,train
11831,train
64261,train
52519,train
44151,train
26370,train
53998,train
1585,train
67439,train
46590,train
24876,train
1443,train
34194,train
58815,train
54340,train
44317,train
32278,train
9040,train
13278,train
51508,train
38937,train
4191,train
66741,train
50098,train
17476,train
56420,train
15514,train
43129,train
58888,train
64746,train
9000,train
49293,train
66942,train
65962,train
55246,train
33249,train
53959,train
61417,train
23093,train
9992,train
25088,train
56968,train
9047,train
9595,train
52443,train
2342,train
15755,train
40053,train
62248,train
61326,train
46444,train
58211,train
3445,train
59664,train
49347,train
3590,train
48969,train
20955,train
53787,train
59983,train
15340,train
38448,train
48686,train
64211,train
51313,train
49125,train
40930,train
38493,train
41250,train
49951,train
52232,train
61527,train
26285,train
47192,train
2512,train
4123,train
15004,train
61338,train
30856,train
66645,train
2023,train
13081,train
4078,train
43273,train
50610,train
69124,train
37194,train
67598,train
33331,train
49182,train
751,train
37491,train
34299,train
54365,train
43754,train
60250,train
19477,train
64617,train
20038,train
17210,train
61647,train
63704,train
33641,train
36824,train
14014,train
54610,train
6644,train
13013,train
45891,train
53168,train
4885,train
15151,train
19671,train
5193,train
54232,train
1833,train
14914,train
37357,train
66189,train
37392,train
41967,train
41043,train
17563,train
4606,train
66723,train
30808,train
35776,train
62528,train
66776,train
1500,train
35054,train
12064,train
23274,train
26243,train
60403,train
48310,train
42254,train
35465,train
64827,train
2240,train
14506,train
32880,train
11828,train
36434,train
52449,train
52830,train
55761,train
63698,train
4331,train
54843,train
28923,train
19385,train
5357,train
19610,train
48152,train
45338,train
31012,train
21490,train
8401,train
38794,train
16720,train
69847,train
25484,train
44203,train
21940,train
68788,train
9261,train
63915,train
60073,train
47377,train
11661,train
57330,train
27613,train
49053,train
65387,train
46964,train
14598,train
63559,train
3225,train
40921,train
18841,train
63135,train
42189,train
60870,train
37354,train
3262,train
6812,train
69144,train
14377,train
31132,train
34350,train
44496,train
35951,train
12749,train
62058,train
60616,train
39613,train
19521,train
15130,train
64085,train
1724,train
44256,train
44529,train
54347,train
41451,train
29995,train
62819,train
24386,train
33863,train
28432,train
53665,train
69897,train
45724,train
19474,train
61028,train
6619,train
49776,train
68173,train
61181,train
11931,train
7788,train
47508,train
63484,train
66228,train
31251,train
38953,train
58546,train
1320,train
62124,train
37497,train
31690,train
42023,train
48609,train
29393,train
27237,train
24191,train
33045,train
21602,train
2293,train
29271,train
32421,train
22633,train
15068,train
43463,train
39062,train
15401,train
21947,train
56310,train
15208,train
60543,train
70064,train
24220,train
4121,train
2177,train
32540,train
66164,train
18872,train
62222,train
4258,train
24443,train
61694,train
987,train
44320,train
28700,train
38386,train
3605,train
36254,train
67890,train
1272,train
9779,train
58576,train
46160,train
32732,train
48995,train
26629,train
32762,train
11998,train
57421,train
35786,train
32488,train
17556,train
50648,train
52977,train
52250,train
10012,train
69057,train
52932,train
12951,train
63800,train
68369,train
59251,train
24427,train
33109,train
62184,train
37098,train
51763,train
8244,train
45003,train
41463,train
20221,train
14573,train
11950,train
22438,train
19037,train
22065,train
19465,train
35828,train
44395,train
12318,train
54901,train
67767,train
1632,train
11669,train
46409,train
44192,train
43394,train
50138,train
48573,train
7266,train
61310,train
40013,train
68343,train
26358,train
38499,train
14247,train
69722,train
2932,train
31700,train
59372,train
30904,train
65206,train
59312,train
4708,train
28296,train
25989,train
31037,train
13465,train
20126,train
27262,train
8946,train
52179,train
12997,train
40641,train
47565,train
8512,train
11867,train
62057,train
11005,train
17514,train
18383,train
11571,train
41675,train
24793,train
57606,train
7185,train
69349,train
46875,train
40681,train
35603,train
26427,train
45350,train
60597,train
53469,train
53814,train
9814,train
44037,train
29795,train
38092,train
20104,train
16719,train
53485,train
4302,train
52127,train
47149,train
6413,train
12262,train
38920,train
57311,train
38611,train
19497,train
33403,train
2333,train
48406,train
22967,train
51600,train
21009,train
26430,train
43580,train
44065,train
40026,train
29287,train
26973,train
48129,train
67902,train
11258,train
38652,train
1642,train
4954,train
52552,train
54173,train
21232,train
36152,train
67604,train
38368,train
41157,train
68142,train
27272,train
63677,train
9365,train
25809,train
49046,train
42111,train
40863,train
5949,train
35017,train
55169,train
20100,train
51567,train
22315,train
22106,train
35573,train
2903,train
63151,train
34736,train
63593,train
37218,train
62043,train
23013,train
66372,train
9751,train
58442,train
32816,train
21714,train
43416,train
51950,train
6164,train
61519,train
5595,train
33708,train
5113,train
16591,train
70074,train
61342,train
7276,train
5524,train
35098,train
29418,train
60306,train
15159,train
46966,train
37355,train
21303,train
35524,train
61120,train
70598,train
47737,train
26143,train
8500,train
1330,train
27646,train
29176,train
27037,train
45773,train
35346,train
45230,train
24326,train
27936,train
16765,train
58822,train
6330,train
52301,train
69637,train
67066,train
17220,train
68214,train
56364,train
11521,train
21426,train
18072,train
35612,train
27685,train
64413,train
47459,train
69657,train
10862,train
60818,train
50420,train
5638,train
15463,train
62663,train
47903,train
40506,train
66951,train
39556,train
27389,train
66524,train
15350,train
2337,train
55253,train
66435,train
48915,train
30112,train
42423,train
70248,train
31599,train
37673,train
68919,train
45178,train
28634,train
65517,train
62401,train
10395,train
49596,train
50429,train
3068,train
30349,train
68124,train
3545,train
48437,train
48551,train
14629,train
12767,train
21104,train
10196,train
45496,train
69313,train
42789,train
49192,train
47370,train
40966,train
48777,train
49349,train
30053,train
17623,train
22609,train
28895,train
58482,train
14922,train
13470,train
25712,train
59717,train
7458,train
21140,train
23565,train
20941,train
26529,train
33186,train
24853,train
62678,train
17694,train
21212,train
5669,train
4416,train
1082,train
11224,train
51133,train
1462,train
7369,train
56,train
59213,train
16301,train
26416,train
13180,train
48814,train
24826,train
3520,train
17240,train
32854,train
48332,train
8427,train
30871,train
14238,train
21844,train
45976,train
10157,train
45816,train
24429,train
67713,train
53797,train
69060,train
64996,train
51525,train
43089,train
34568,train
7500,train
51690,train
1424,train
12047,train
68867,train
13490,train
53478,train
22156,train
61563,train
1804,train
53331,train
21078,train
12366,train
36781,train
24488,train
62300,train
60087,train
56911,train
55138,train
26308,train
54543,train
59530,train
43851,train
28834,train
50014,train
13208,train
35217,train
69797,train
51,train
38498,train
61149,train
12835,train
7001,train
67104,train
12710,train
69481,train
24656,train
7564,train
26148,train
33219,train
67959,train
8823,train
25425,train
27531,train
12513,train
39964,train
69324,train
68293,train
30351,train
39479,train
15535,train
32597,train
15793,train
27373,train
51944,train
7108,train
20346,train
38028,train
59966,train
57202,train
20470,train
50831,train
8492,train
11684,train
60197,train
40181,train
14720,train
33405,train
8233,train
44280,train
50364,train
54888,train
29423,train
57461,train
65241,train
70685,train
33477,train
62865,train
40236,train
1818,train
11610,train
23417,train
52050,train
5620,train
70535,train
29659,train
32664,train
65360,train
17394,train
58036,train
41372,train
11716,train
39301,train
53728,train
39830,train
49603,train
6580,train
43144,train
13282,train
14717,train
34687,train
50565,train
47952,train
32702,train
47812,train
2732,train
69644,train
22144,train
17012,train
33337,train
35523,train
54520,train
40147,train
25754,train
29133,train
7141,train
63206,train
56009,train
69554,train
64153,train
43782,train
29399,train
51003,train
63404,train
31040,train
3281,train
5333,train
60392,train
50589,train
54751,train
29894,train
70224,train
65596,train
60778,train
69303,train
61113,train
21136,train
36413,train
38319,train
42303,train
17322,train
4747,train
16590,train
42544,train
65629,train
23457,train
33821,train
27966,train
31055,train
38282,train
38902,train
57261,train
26271,train
53330,train
22596,train
195,train
69756,train
37173,train
20582,train
69312,train
29602,train
45754,train
28854,train
30486,train
22860,train
6065,train
62223,train
11375,train
2605,train
67448,train
37973,train
22898,train
3088,train
51841,train
1035,train
49887,train
44696,train
13397,train
21272,train
29125,train
13445,train
16886,train
57999,train
9616,train
40373,train
11119,train
45059,train
14981,train
63497,train
10346,train
6876,train
57087,train
2049,train
22099,train
21177,train
34466,train
38704,train
40322,train
46963,train
7318,train
39664,train
61162,train
38576,train
23039,train
64999,train
9804,train
43483,train
32132,train
512,train
25445,train
56827,train
61895,train
53867,train
15555,train
47697,train
61227,train
30993,train
54792,train
23864,train
65980,train
18077,train
36973,train
52527,train
27639,train
24261,train
18410,train
46536,train
43184,train
47531,train
46708,train
56568,train
18724,train
10885,train
37229,train
7306,train
26132,train
28859,train
17338,train
13800,train
432,train
56783,train
32109,train
70393,train
62265,train
51320,train
39628,train
4563,train
4228,train
12857,train
40303,train
12595,train
31322,train
36879,train
33168,train
15024,train
12352,train
13718,train
28996,train
39677,train
30530,train
20515,train
22550,train
29255,train
50345,train
55014,train
835,train
39588,train
58199,train
1821,train
31285,train
31430,train
69942,train
48678,train
2905,train
57056,train
3015,train
10072,train
55053,train
36891,train
60051,train
43598,train
11605,train
34137,train
21928,train
28326,train
2957,train
63414,train
3547,train
43332,train
33999,train
53356,train
2040,train
9620,train
29294,train
58788,train
27415,train
54589,train
11041,train
68136,train
53195,train
62251,train
48427,train
70144,train
60185,train
64041,train
50954,train
5539,train
42795,train
52343,train
32537,train
54926,train
6918,train
51490,train
17940,train
26590,train
49213,train
44392,train
13672,train
41050,train
1828,train
67972,train
26023,train
7121,train
34129,train
16998,train
37439,train
58224,train
27260,train
10795,train
9890,train
21839,train
51733,train
10479,train
53841,train
20033,train
1337,train
19987,train
61597,train
68967,train
14656,train
32123,train
17951,train
38064,train
54236,train
36457,train
23799,train
29938,train
26398,train
63411,train
21864,train
56672,train
13116,train
730,train
18518,train
38519,train
36546,train
10585,train
33229,train
62679,train
68968,train
52431,train
12109,train
60112,train
829,train
59819,train
65134,train
34191,train
70372,train
38976,train
64603,train
28635,train
4995,train
60827,train
37508,train
69909,train
45516,train
46921,train
37635,train
18853,train
54650,train
68235,train
35087,train
68945,train
58512,train
37102,train
10740,train
43966,train
57704,train
65011,train
13169,train
47656,train
63345,train
17115,train
46265,train
23984,train
20084,train
61122,train
40941,train
58605,train
23937,train
70061,train
14678,train
42741,train
2245,train
55151,train
32584,train
24581,train
34860,train
32539,train
28274,train
45244,train
26281,train
28233,train
16897,train
10206,train
11350,train
22080,train
29720,train
58353,train
34864,train
35118,train
40086,train
17043,train
5589,train
17931,train
44702,train
11878,train
8739,train
59116,train
54536,train
4384,train
15302,train
33980,train
44252,train
41419,train
4450,train
26332,train
25494,train
34573,train
16015,train
68445,train
28565,train
32639,train
7444,train
57079,train
9836,train
8457,train
37136,train
28929,train
17830,train
59426,train
33352,train
2418,train
11607,train
27614,train
65620,train
33038,train
32862,train
16299,train
35263,train
4439,train
50575,train
59461,train
67292,train
67915,train
26205,train
39063,train
47234,train
11228,train
22392,train
26336,train
20762,train
19672,train
70505,train
46192,train
34010,train
63780,train
28185,train
35779,train
56120,train
35983,train
15194,train
51291,train
62941,train
45721,train
67793,train
62220,train
5216,train
41370,train
25556,train
38391,train
69188,train
51385,train
66849,train
49119,train
42941,train
45895,train
54903,train
6604,train
70666,train
51850,train
20407,train
6133,train
9293,train
30419,train
13379,train
17847,train
20258,train
293,train
51568,train
56117,train
24812,train
43494,train
19998,train
37963,train
37379,train
44104,train
45663,train
12051,train
65208,train
64949,train
4440,train
57378,train
47755,train
19540,train
12988,train
54164,train
46559,train
26980,train
15749,train
58369,train
27018,train
66588,train
11874,train
27860,train
17195,train
29113,train
12548,train
56614,train
33849,train
44767,train
24741,train
47671,train
8588,train
49242,train
30838,train
43514,train
12570,train
40344,train
69533,train
16638,train
29167,train
46941,train
8176,train
56525,train
12114,train
2434,train
35665,train
54772,train
26075,train
12055,train
41563,train
34896,train
43287,train
18232,train
1498,train
12271,train
44432,train
44855,train
10144,train
67454,train
15210,train
59669,train
51110,train
46289,train
56131,train
35316,train
58029,train
53553,train
16268,train
39105,train
43661,train
11152,train
23731,train
18099,train
8272,train
4084,train
22971,train
5044,train
16410,train
34645,train
63647,train
17340,train
41943,train
35868,train
57400,train
70313,train
8292,train
3697,train
49814,train
53482,train
68831,train
40419,train
35280,train
10061,train
4960,train
62458,train
51237,train
54317,train
26730,train
42485,train
13853,train
66321,train
19498,train
20065,train
6616,train
17230,train
5685,train
15249,train
12614,train
37153,train
27536,train
61611,train
56233,train
60525,train
39498,train
7733,train
46681,train
5069,train
65759,train
45166,train
69413,train
57170,train
45573,train
60465,train
51139,train
21451,train
34991,train
34264,train
49376,train
14418,train
3949,train
49290,train
41604,train
50976,train
20421,train
44084,train
69563,train
37556,train
22897,train
34803,train
26194,train
19216,train
39273,train
50142,train
45867,train
65153,train
3487,train
21954,train
43210,train
68424,train
47403,train
52503,train
13338,train
9623,train
13513,train
3812,train
45375,train
6613,train
51511,train
3497,train
39418,train
41347,train
51243,train
26773,train
43533,train
67415,train
66534,train
67019,train
11231,train
1007,train
34009,train
13154,train
20194,train
4368,train
45094,train
65948,train
45416,train
42673,train
18203,train
15027,train
26881,train
54017,train
50978,train
22713,train
6682,train
15992,train
3045,train
12078,train
59027,train
12173,train
67198,train
19534,train
5393,train
61239,train
62692,train
55734,train
531,train
65547,train
30842,train
31682,train
50184,train
3092,train
68513,train
17414,train
47652,train
11996,train
18769,train
6336,train
30841,train
38890,train
59387,train
8747,train
21359,train
11776,train
58436,train
36810,train
23867,train
44101,train
32511,train
1758,train
27855,train
11944,train
65693,train
52798,train
28218,train
68037,train
63731,train
30679,train
66755,train
39656,train
58200,train
25101,train
32086,train
7606,train
40289,train
29554,train
25715,train
70050,train
66508,train
51076,train
69832,train
69587,train
18973,train
10882,train
28357,train
5128,train
18877,train
38275,train
40471,train
56324,train
48363,train
60816,train
39697,train
44812,train
57210,train
603,train
62851,train
48230,train
20532,train
42997,train
64250,train
3638,train
25520,train
16317,train
21353,train
27483,train
67149,train
62253,train
44236,train
5422,train
55055,train
63842,train
50090,train
54754,train
12345,train
17950,train
17881,train
48289,train
48875,train
20866,train
29518,train
1614,train
46611,train
43743,train
30747,train
40893,train
15394,train
11848,train
25922,train
60075,train
59364,train
68321,train
39761,train
32105,train
3671,train
62254,train
42598,train
60347,train
52695,train
50622,train
42460,train
70120,train
64919,train
19974,train
25137,train
5720,train
52641,train
48788,train
60672,train
40153,train
30024,train
13111,train
33487,train
44276,train
46697,train
47231,train
21105,train
40854,train
49397,train
45502,train
35096,train
6852,train
29917,train
11866,train
55627,train
33745,train
29080,train
61624,train
59651,train
66614,train
34644,train
23445,train
48712,train
37340,train
34799,train
63432,train
66375,train
70506,train
1865,train
58739,train
40266,train
16279,train
53229,train
59943,train
42202,train
15664,train
59870,train
45955,train
32171,train
42552,train
29569,train
26027,train
31537,train
48062,train
28783,train
23637,train
11795,train
58152,train
3029,train
10414,train
44334,train
43696,train
43974,train
56470,train
34426,train
6132,train
50317,train
51761,train
1588,train
48499,train
60576,train
57578,train
32903,train
40442,train
65249,train
44419,train
29844,train
16258,train
28104,train
19992,train
31650,train
49758,train
27117,train
29634,train
26203,train
28676,train
38979,train
59760,train
59502,train
6276,train
62810,train
50175,train
30721,train
9026,train
6243,train
60878,train
58107,train
28400,train
31298,train
17353,train
13059,train
10251,train
34214,train
60261,train
1834,train
17620,train
26471,train
22466,train
66756,train
2490,train
8408,train
49801,train
39668,train
3619,train
44080,train
12581,train
13517,train
41797,train
16584,train
19791,train
38157,train
68222,train
25956,train
35787,train
32948,train
11807,train
36167,train
64937,train
25352,train
22029,train
27822,train
17714,train
49695,train
20416,train
39800,train
66953,train
55380,train
14204,train
54377,train
29301,train
3065,train
42975,train
4094,train
21944,train
65799,train
5607,train
50411,train
28746,train
28306,train
62974,train
49946,train
56908,train
50198,train
25821,train
61883,train
26583,train
64692,train
60353,train
39624,train
54900,train
20599,train
1097,train
33360,train
67770,train
20330,train
34034,train
43977,train
41047,train
17160,train
47725,train
67254,train
15148,train
31182,train
59441,train
17932,train
62881,train
66892,train
30921,train
48308,train
25448,train
17771,train
40431,train
62927,train
11265,train
37569,train
22258,train
49172,train
15424,train
24652,train
30663,train
35027,train
38117,train
42518,train
58577,train
30659,train
12882,train
62761,train
12125,train
48991,train
6461,train
382,train
43401,train
27676,train
29054,train
22849,train
5599,train
63283,train
3850,train
59409,train
40215,train
9422,train
50314,train
7188,train
64862,train
35480,train
17601,train
39903,train
4052,train
67186,train
29865,train
50696,train
34734,train
58306,train
314,train
38393,train
63210,train
45598,train
4102,train
34855,train
11739,train
59690,train
24516,train
24663,train
55916,train
3023,train
10237,train
34437,train
18656,train
36604,train
70075,train
39607,train
13591,train
28525,train
45134,train
37601,train
47366,train
60090,train
433,train
58753,train
69201,train
33346,train
16854,train
54741,train
15299,train
30438,train
66594,train
31284,train
63659,train
66420,train
38060,train
47157,train
11844,train
48353,train
10318,train
42735,train
7631,train
17800,train
58912,train
25962,train
37464,train
9536,train
30812,train
47113,train
41368,train
37126,train
36770,train
38600,train
52401,train
3904,train
13127,train
8501,train
5208,train
12483,train
40359,train
67822,train
38401,train
38783,train
33914,train
49017,train
59269,train
43411,train
29902,train
45433,train
7279,train
56478,train
58869,train
59928,train
59843,train
41352,train
58674,train
34101,train
17845,train
34276,train
33194,train
32791,train
12293,train
67345,train
44038,train
54409,train
51762,train
21601,train
60817,train
53840,train
45609,train
59580,train
50828,train
42302,train
24336,train
48121,train
11578,train
67054,train
65564,train
13129,train
34282,train
38799,train
9067,train
23287,train
5964,train
67739,train
56084,train
18538,train
53296,train
23833,train
38514,train
28141,train
52136,train
6534,train
61080,train
42813,train
3215,train
292,train
58820,train
15055,train
58501,train
33230,train
32982,train
60691,train
14727,train
22500,train
29353,train
17432,train
24147,train
568,train
7904,train
64,train
64962,train
55296,train
10332,train
31503,train
14030,train
14627,train
15813,train
28132,train
8975,train
39592,train
65041,train
10766,train
17145,train
21720,train
20081,train
15317,train
60479,train
38578,train
5201,train
14779,train
54743,train
20000,train
27739,train
49279,train
65005,train
10664,train
36449,train
33056,train
22179,train
39247,train
69094,train
19825,train
1649,train
53907,train
39052,train
37936,train
68670,train
7037,train
48656,train
43589,train
27918,train
14863,train
59186,train
34824,train
21684,train
64397,train
58855,train
37965,train
56659,train
64825,train
65677,train
54022,train
4305,train
42894,train
15785,train
58017,train
20308,train
10612,train
22814,train
20119,train
27931,train
27842,train
18422,train
13150,train
27877,train
38879,train
24539,train
8185,train
18122,train
27592,train
49964,train
20354,train
5106,train
8910,train
60330,train
51982,train
1027,train
67228,train
41602,train
36931,train
62728,train
4627,train
48536,train
70286,train
56369,train
15908,train
59837,train
45676,train
67127,train
23932,train
16358,train
65854,train
69538,train
52014,train
23209,train
53520,train
60861,train
10863,train
24532,train
6047,train
8250,train
5715,train
54974,train
64943,train
3484,train
54242,train
42994,train
6818,train
55667,train
9962,train
10038,train
32124,train
6612,train
63023,train
15116,train
29009,train
22798,train
34696,train
58851,train
900,train
33505,train
9123,train
40519,train
8724,train
24669,train
69164,train
37384,train
46895,train
62973,train
31479,train
68145,train
57736,train
36197,train
42324,train
23797,train
50910,train
36268,train
23444,train
42347,train
44136,train
43412,train
19884,train
23688,train
37939,train
34262,train
34074,train
38939,train
47672,train
31769,train
57339,train
7176,train
21311,train
54282,train
30050,train
35242,train
43871,train
67883,train
32855,train
31358,train
58677,train
68874,train
28540,train
43778,train
48445,train
7126,train
50446,train
53492,train
29260,train
23149,train
43481,train
68337,train
67136,train
26447,train
53108,train
56820,train
5204,train
46194,train
65761,train
9418,train
42916,train
66329,train
50919,train
21367,train
35600,train
62193,train
31758,train
14809,train
8137,train
1305,train
46606,train
47780,train
39591,train
59562,train
23279,train
16234,train
46100,train
36249,train
63526,train
63863,train
19057,train
66460,train
54882,train
672,train
20861,train
68113,train
51466,train
8345,train
55712,train
21729,train
29511,train
47223,train
52322,train
26178,train
21592,train
50780,train
38444,train
46881,train
42640,train
30648,train
3385,train
62561,train
19095,train
9081,train
53139,train
19764,train
55263,train
57068,train
2782,train
14450,train
11506,train
18018,train
17023,train
28078,train
47960,train
44026,train
55620,train
15988,train
60495,train
31759,train
5037,train
70107,train
34358,train
68845,train
43400,train
45757,train
69123,train
36697,train
48914,train
20559,train
22871,train
23602,train
28457,train
24224,train
59754,train
48569,train
8474,train
10246,train
11212,train
27965,train
2210,train
12019,train
31330,train
5756,train
2116,train
51018,train
62317,train
36826,train
15471,train
59962,train
28759,train
49615,train
24259,train
54814,train
42122,train
11230,train
35909,train
57497,train
56793,train
9122,train
17252,train
39519,train
26939,train
25967,train
32448,train
15640,train
16048,train
44618,train
61034,train
67030,train
59439,train
46033,train
61009,train
26095,train
30601,train
4565,train
49609,train
12787,train
10119,train
3459,train
48428,train
21806,train
66642,train
30942,train
7687,train
56975,train
63883,train
69685,train
4010,train
61769,train
7910,train
61189,train
42638,train
52762,train
56252,train
59744,train
6075,train
36439,train
44781,train
56074,train
60615,train
9670,train
45217,train
27557,train
44481,train
12752,train
352,train
44217,train
28250,train
19200,train
68778,train
67201,train
15579,train
21390,train
40940,train
63390,train
29861,train
47862,train
19859,train
65030,train
4927,train
37620,train
24833,train
33094,train
63841,train
16427,train
20606,train
29376,train
26388,train
44447,train
51305,train
3596,train
10696,train
11688,train
21293,train
58033,train
57172,train
34407,train
4425,train
24631,train
36032,train
30850,train
3026,train
17348,train
54154,train
42976,train
38563,train
4605,train
13662,train
70445,train
56234,train
25225,train
13273,train
68031,train
18776,train
4051,train
24466,train
69189,train
64555,train
21331,train
7692,train
28660,train
22482,train
61441,train
6111,train
45535,train
19511,train
70262,train
48317,train
47925,train
19033,train
34486,train
64841,train
21673,train
51043,train
2048,train
64666,train
62626,train
42399,train
25013,train
57324,train
44515,train
63418,train
44259,train
60540,train
60,train
60355,train
65335,train
26779,train
14019,train
39050,train
6535,train
15851,train
1959,train
54060,train
33636,train
21422,train
53284,train
30498,train
13865,train
18042,train
24055,train
8674,train
46902,train
5275,train
34861,train
14976,train
51278,train
58751,train
24609,train
55784,train
52044,train
69692,train
37482,train
14100,train
48801,train
40607,train
16246,train
19219,train
67126,train
52293,train
488,train
52950,train
62906,train
49806,train
50006,train
55700,train
26200,train
24928,train
45277,train
39705,train
55949,train
62518,train
10642,train
54373,train
67140,train
9663,train
20447,train
16917,train
18864,train
45129,train
30175,train
25925,train
41886,train
22977,train
281,train
32237,train
49541,train
19865,train
6789,train
21207,train
66636,train
35064,train
13242,train
22052,train
60941,train
56345,train
30549,train
69993,train
29567,train
47882,train
42749,train
21301,train
13611,train
60561,train
61580,train
59726,train
31930,train
60496,train
38384,train
59622,train
16109,train
68773,train
45543,train
3943,train
66536,train
27302,train
34839,train
10818,train
22788,train
4185,train
33651,train
20213,train
53670,train
15945,train
24679,train
12197,train
14020,train
51186,train
32792,train
22117,train
26139,train
24702,train
64158,train
8235,train
31179,train
27515,train
49503,train
39274,train
31854,train
3347,train
30041,train
25807,train
36816,train
66452,train
5845,train
36176,train
29746,train
7972,train
37178,train
9212,train
27212,train
21699,train
64934,train
27697,train
30741,train
34141,train
41258,train
8857,train
60360,train
47330,train
68907,train
52338,train
9208,train
24626,train
59451,train
67362,train
60959,train
2710,train
8943,train
17466,train
67949,train
48675,train
41009,train
9165,train
19851,train
1371,train
44715,train
7427,train
64366,train
16187,train
28807,train
30590,train
64019,train
15366,train
13924,train
10609,train
36384,train
42398,train
52378,train
38850,train
56000,train
6601,train
33942,train
23251,train
34884,train
38138,train
56886,train
15181,train
40518,train
38252,train
49138,train
13844,train
25055,train
61622,train
36475,train
39370,train
54993,train
62557,train
15258,train
23028,train
66380,train
58783,train
30478,train
2430,train
66507,train
22296,train
9905,train
36986,train
59357,train
43722,train
36168,train
8566,train
54169,train
4137,train
11628,train
20296,train
30295,train
58551,train
69485,train
42052,train
14449,train
18581,train
40418,train
12830,train
66378,train
65451,train
66505,train
15506,train
52389,train
10374,train
40039,train
17779,train
42129,train
9659,train
18404,train
48140,train
5314,train
8075,train
63346,train
15064,train
11497,train
4880,train
57480,train
45,train
30391,train
25901,train
1813,train
41264,train
62241,train
42793,train
67064,train
21498,train
67859,train
68550,train
15852,train
70584,train
61346,train
41829,train
47756,train
60268,train
46012,train
61318,train
36103,train
64405,train
55397,train
50036,train
56863,train
53680,train
32563,train
50543,train
47387,train
58823,train
42191,train
12278,train
43247,train
1486,train
48737,train
43053,train
47900,train
17874,train
50015,train
39448,train
57252,train
53692,train
2328,train
15307,train
32354,train
55342,train
44215,train
11792,train
12091,train
23679,train
45422,train
3707,train
65793,train
41694,train
29264,train
51299,train
17728,train
49878,train
38822,train
19414,train
55690,train
3700,train
7424,train
15123,train
37109,train
23685,train
31553,train
198,train
43804,train
42850,train
28690,train
45690,train
23295,train
68429,train
58580,train
43755,train
29429,train
54598,train
51354,train
6066,train
48450,train
16849,train
53384,train
2108,train
56822,train
19153,train
24700,train
59844,train
38893,train
48474,train
9931,train
21571,train
13915,train
68153,train
64908,train
37386,train
63026,train
68512,train
34095,train
68274,train
31220,train
377,train
41646,train
48671,train
5813,train
46818,train
10258,train
54286,train
67935,train
31716,train
28335,train
34862,train
2487,train
14477,train
45828,train
333,train
55909,train
44627,train
63514,train
47388,train
42687,train
28082,train
63538,train
70549,train
38156,train
12270,train
59881,train
48791,train
33296,train
21689,train
3041,train
62052,train
35977,train
24345,train
53596,train
41132,train
18087,train
30221,train
36956,train
40904,train
38446,train
28384,train
44831,train
63788,train
6978,train
7007,train
40890,train
50962,train
12661,train
47474,train
60529,train
43135,train
50994,train
19880,train
9204,train
27376,train
34971,train
11225,train
66583,train
57903,train
9772,train
65923,train
55252,train
38650,train
207,train
10572,train
51382,train
17193,train
55754,train
23745,train
30678,train
35355,train
25198,train
615,train
8135,train
15188,train
21223,train
57566,train
69086,train
10296,train
45256,train
21288,train
1089,train
51962,train
56979,train
28203,train
8840,train
67258,train
3941,train
33985,train
49433,train
52094,train
52997,train
7080,train
19339,train
57393,train
6395,train
55813,train
41803,train
47747,train
13529,train
56201,train
54118,train
66298,train
42031,train
45051,train
45656,train
8010,train
70293,train
4310,train
55428,train
56380,train
4686,train
67071,train
17447,train
46464,train
12775,train
23100,train
60836,train
68775,train
24920,train
61825,train
5424,train
51152,train
56456,train
18573,train
22236,train
12619,train
12800,train
26133,train
48463,train
14485,train
15164,train
39603,train
29266,train
56657,train
35683,train
48089,train
30344,train
56817,train
48494,train
29678,train
11626,train
66410,train
58250,train
31071,train
10555,train
36113,train
46355,train
38298,train
34969,train
24540,train
64708,train
24364,train
37537,train
29557,train
7081,train
60998,train
371,train
17206,train
51356,train
2142,train
55763,train
37474,train
18529,train
19100,train
65130,train
42469,train
47150,train
44756,train
21019,train
803,train
46327,train
20339,train
51590,train
59081,train
46279,train
17310,train
6127,train
54247,train
17065,train
59234,train
66340,train
62266,train
8617,train
34836,train
35866,train
53838,train
64851,train
56406,train
14331,train
31949,train
68473,train
42744,train
54481,train
65683,train
10350,train
47483,train
29614,train
7102,train
28421,train
10266,train
11123,train
56963,train
8673,train
28263,train
50044,train
32883,train
41859,train
1954,train
58492,train
58627,train
33301,train
39595,train
68768,train
34977,train
23284,train
69040,train
7353,train
44730,train
33292,train
5374,train
49270,train
26682,train
36346,train
42411,train
8829,train
50687,train
10637,train
54111,train
16930,train
12362,train
55953,train
24997,train
53784,train
51750,train
18721,train
52728,train
27147,train
29726,train
28348,train
14316,train
41316,train
47409,train
14767,train
50247,train
57966,train
43403,train
40385,train
3165,train
69923,train
62603,train
44590,train
6244,train
10523,train
34941,train
15959,train
35481,train
68958,train
582,train
17609,train
38483,train
18240,train
9646,train
14518,train
6623,train
62666,train
41539,train
52243,train
62776,train
50281,train
6526,train
29509,train
39148,train
58098,train
20409,train
47318,train
10390,train
31082,train
20017,train
54852,train
21162,train
68372,train
6035,train
19343,train
27509,train
5570,train
58339,train
65955,train
67848,train
3632,train
37803,train
37144,train
68177,train
38473,train
27397,train
35794,train
39788,train
61911,train
22578,train
64386,train
716,train
34685,train
28538,train
39248,train
50222,train
60100,train
14142,train
23831,train
47027,train
15667,train
70152,train
68009,train
3297,train
2121,train
62318,train
57535,train
61192,train
35885,train
20274,train
11636,train
1722,train
37893,train
54977,train
50914,train
23880,train
9056,train
63037,train
35255,train
52690,train
65388,train
21969,train
38782,train
46089,train
52594,train
40688,train
3509,train
18134,train
13843,train
18440,train
57763,train
8691,train
12789,train
26705,train
70142,train
5818,train
17377,train
13404,train
53979,train
59038,train
48149,train
25081,train
39375,train
3412,train
51398,train
14732,train
18302,train
39374,train
20919,train
52392,train
53777,train
18423,train
30910,train
13534,train
48066,train
41727,train
14803,train
6964,train
26362,train
11696,train
50833,train
41891,train
29753,train
6993,train
8850,train
44382,train
5061,train
40399,train
53951,train
45549,train
52891,train
22841,train
27045,train
49294,train
500,train
49742,train
47498,train
4421,train
57298,train
48184,train
33874,train
39947,train
24217,train
1598,train
65040,train
16385,train
55356,train
37799,train
17892,train
60242,train
2275,train
35037,train
61531,train
34383,train
39695,train
27076,train
15844,train
51081,train
54459,train
22737,train
60990,train
9223,train
26214,train
13928,train
55621,train
43685,train
24970,train
46149,train
20943,train
34699,train
34757,train
37728,train
19597,train
8279,train
53543,train
6527,train
59080,train
40497,train
57408,train
6109,train
49365,train
56458,train
49628,train
64818,train
12541,train
17838,train
19114,train
41402,train
47200,train
51513,train
64350,train
28111,train
3219,train
1158,train
17123,train
12848,train
21355,train
24974,train
30045,train
59887,train
69476,train
34698,train
5162,train
6543,train
65077,train
27458,train
34474,train
66261,train
43554,train
18602,train
43364,train
14158,train
48187,train
63459,train
26191,train
59888,train
4739,train
25830,train
16550,train
16138,train
33835,train
30665,train
56449,train
62998,train
23364,train
31080,train
26181,test
16197,test
65516,test
4636,test
21221,test
27899,test
1990,test
70486,test
59089,test
31815,test
14255,test
16477,test
18745,test
59981,test
2424,test
57915,test
34949,test
53242,test
66428,test
38496,test
11264,test
57553,test
23240,test
66252,test
11211,test
11617,test
57347,test
4247,test
37404,test
56441,test
49630,test
10935,test
18144,test
53019,test
33801,test
2554,test
1355,test
18616,test
17256,test
54511,test
61019,test
21747,test
65607,test
48360,test
39384,test
32828,test
42280,test
17509,test
64155,test
47574,test
54296,test
58417,test
8966,test
31779,test
46551,test
27744,test
43594,test
61057,test
20638,test
8511,test
54172,test
10548,test
67681,test
64014,test
38954,test
8214,test
60305,test
8022,test
45611,test
9242,test
64794,test
56829,test
35760,test
70118,test
68691,test
68046,test
29994,test
26350,test
33254,test
41103,test
48461,test
46356,test
36631,test
29809,test
22639,test
60973,test
3635,test
60165,test
18402,test
20493,test
35378,test
37513,test
63340,test
6703,test
19394,test
48364,test
44667,test
3435,test
64483,test
24655,test
25523,test
27767,test
34716,test
40167,test
51005,test
49778,test
1518,test
16853,test
62908,test
69629,test
55832,test
58253,test
31427,test
27445,test
6586,test
8049,test
37343,test
20969,test
63102,test
58960,test
25555,test
59329,test
49006,test
68441,test
61607,test
3582,test
30206,test
11986,test
34482,test
56790,test
16805,test
17079,test
57621,test
25784,test
13058,test
40138,test
14136,test
42150,test
63548,test
8519,test
67474,test
40945,test
15162,test
33701,test
27178,test
45713,test
5843,test
44007,test
6721,test
65070,test
64362,test
25910,test
12041,test
15067,test
8981,test
1530,test
55972,test
14711,test
33594,test
8631,test
61424,test
11281,test
31347,test
57153,test
36155,test
49588,test
28108,test
23615,test
70366,test
52618,test
30362,test
53567,test
51937,test
31452,test
46861,test
36942,test
3560,test
29259,test
29905,test
5391,test
67928,test
54946,test
26260,test
1808,test
58223,test
39134,test
54744,test
48285,test
68701,test
34707,test
60958,test
58158,test
38613,test
32918,test
66805,test
46756,test
18319,test
62008,test
45227,test
46579,test
64881,test
10889,test
18887,test
29151,test
6655,test
27878,test
40468,test
54989,test
30482,test
22747,test
48147,test
39154,test
1617,test
33596,test
15525,test
32248,test
29466,test
62034,test
23558,test
35152,test
34611,test
20886,test
9530,test
63625,test
61061,test
27758,test
13680,test
38261,test
35631,test
30791,test
41499,test
30629,test
8718,test
41082,test
40533,test
12445,test
69565,test
57774,test
57346,test
10625,test
69107,test
19567,test
28454,test
4489,test
21401,test
1259,test
7833,test
27647,test
12932,test
59449,test
36273,test
4801,test
57018,test
6633,test
11416,test
42462,test
40639,test
7278,test
35142,test
29459,test
28840,test
14419,test
22303,test
44736,test
25150,test
47060,test
20166,test
22212,test
35919,test
20521,test
760,test
67870,test
7230,test
42512,test
63806,test
51318,test
42281,test
56297,test
10463,test
20284,test
6114,test
66888,test
26212,test
45497,test
43029,test
6953,test
40128,test
4838,test
66725,test
4662,test
8807,test
39152,test
64730,test
48222,test
67627,test
56825,test
38482,test
41096,test
53756,test
4118,test
23778,test
14039,test
46404,test
15610,test
44221,test
36049,test
20361,test
68837,test
39710,test
18866,test
31254,test
62142,test
25534,test
66086,test
27733,test
42766,test
6882,test
62726,test
61759,test
50257,test
35129,test
36579,test
6039,test
29238,test
8354,test
42547,test
5102,test
59763,test
64651,test
15972,test
47981,test
9733,test
43160,test
18790,test
10668,test
33272,test
69005,test
59724,test
15763,test
58341,test
34900,test
4551,test
36221,test
61430,test
18432,test
36482,test
12167,test
33982,test
68675,test
62876,test
14233,test
14315,test
21225,test
15674,test
70638,test
28462,test
34838,test
68040,test
48764,test
1044,test
19970,test
23581,test
65998,test
27854,test
61530,test
46206,test
34273,test
39139,test
18963,test
53571,test
66115,test
28762,test
12598,test
19108,test
18428,test
45954,test
64435,test
15490,test
58785,test
43376,test
64743,test
54189,test
49892,test
51710,test
2802,test
22832,test
64502,test
42151,test
60026,test
50823,test
31318,test
65282,test
50124,test
41428,test
60853,test
54174,test
8102,test
7499,test
22285,test
45336,test
65939,test
339,test
16453,test
6421,test
39415,test
60988,test
55477,test
37668,test
55868,test
11115,test
53522,test
33065,test
66236,test
42444,test
9780,test
61156,test
44185,test
40072,test
65292,test
62479,test
12646,test
65841,test
1261,test
53449,test
38522,test
63388,test
5995,test
42205,test
14943,test
26570,test
34412,test
63392,test
10330,test
54677,test
34834,test
65115,test
20030,test
65715,test
37402,test
6222,test
11435,test
27610,test
44575,test
12050,test
22744,test
30291,test
2628,test
12120,test
26770,test
24771,test
63461,test
38290,test
58175,test
36058,test
52620,test
10050,test
37703,test
59474,test
54738,test
69789,test
52223,test
62255,test
68806,test
57274,test
10659,test
15419,test
11523,test
41535,test
19228,test
38198,test
26247,test
67336,test
40640,test
39066,test
50975,test
1857,test
35497,test
69784,test
20311,test
9944,test
20550,test
20677,test
55390,test
48043,test
21126,test
1469,test
16215,test
9121,test
59491,test
23423,test
17486,test
43455,test
62066,test
26713,test
31212,test
27621,test
3734,test
6962,test
37540,test
51089,test
47019,test
53396,test
26048,test
39606,test
54891,test
24162,test
50733,test
64931,test
33574,test
54924,test
65732,test
7088,test
11392,test
24237,test
47207,test
37940,test
462,test
29025,test
11262,test
49745,test
19282,test
55210,test
46725,test
26126,test
23814,test
66130,test
54497,test
1516,test
43647,test
42852,test
3392,test
18582,test
33578,test
52476,test
2663,test
39117,test
23929,test
68771,test
68118,test
56864,test
25125,test
67508,test
2809,test
59595,test
24107,test
61010,test
66685,test
55054,test
58572,test
14023,test
20517,test
61948,test
26797,test
12380,test
28145,test
38204,test
3820,test
37848,test
10419,test
41689,test
65538,test
23412,test
56154,test
22195,test
70295,test
11597,test
26100,test
54091,test
16507,test
36230,test
32289,test
58111,test
7510,test
63588,test
23163,test
62869,test
27538,test
33957,test
23883,test
38527,test
48554,test
41519,test
27231,test
9159,test
70444,test
29206,test
32645,test
70585,test
19697,test
37783,test
58226,test
65143,test
66846,test
32729,test
62749,test
63429,test
7225,test
57076,test
54323,test
68455,test
43,test
21282,test
3719,test
28619,test
63164,test
44829,test
10728,test
50348,test
22680,test
43704,test
45591,test
35733,test
55496,test
49805,test
29741,test
54655,test
44854,test
36509,test
24363,test
65611,test
69169,test
23448,test
57782,test
54940,test
30284,test
39434,test
54166,test
20440,test
30211,test
18594,test
36498,test
57200,test
68033,test
26538,test
15087,test
70688,test
52842,test
15451,test
35692,test
7626,test
56735,test
46892,test
42437,test
57789,test
63712,test
54861,test
25544,test
22173,test
32843,test
41719,test
7002,test
44454,test
65410,test
36802,test
19896,test
27071,test
18981,test
15475,test
54248,test
51947,test
46429,test
31084,test
12358,test
61585,test
60382,test
37877,test
50845,test
27580,test
38637,test
12566,test
8832,test
7015,test
20761,test
68420,test
15668,test
48401,test
36228,test
47314,test
12921,test
20807,test
25380,test
55117,test
19751,test
46819,test
17744,test
18152,test
68363,test
66149,test
36487,test
29445,test
15186,test
50397,test
51838,test
8206,test
22514,test
49953,test
29996,test
37283,test
59740,test
57030,test
43971,test
4344,test
22363,test
43271,test
29888,test
5248,test
68475,test
69860,test
5101,test
28323,test
34442,test
7828,test
37003,test
49664,test
33967,test
62474,test
19067,test
28860,test
56272,test
3500,test
50053,test
9302,test
43415,test
65287,test
59884,test
4656,test
1714,test
37327,test
16014,test
68912,test
7765,test
60012,test
19266,test
33697,test
49384,test
47732,test
44019,test
23385,test
33681,test
9019,test
23794,test
34078,test
25418,test
38210,test
22271,test
41686,test
63845,test
18044,test
30831,test
24189,test
57794,test
42056,test
3853,test
56450,test
24590,test
43425,test
57009,test
50529,test
3686,test
23912,test
42979,test
17968,test
63103,test
53065,test
45213,test
1172,test
47495,test
43667,test
29334,test
55101,test
65604,test
66040,test
18312,test
67933,test
1886,test
58844,test
51288,test
45970,test
20478,test
41002,test
10471,test
30619,test
34635,test
43779,test
10992,test
22209,test
52172,test
12174,test
15100,test
50393,test
21352,test
30125,test
23108,test
35033,test
66873,test
5891,test
22250,test
55120,test
64815,test
53274,test
47389,test
68623,test
8698,test
55818,test
68673,test
3461,test
1572,test
22114,test
48977,test
31295,test
2581,test
30723,test
29500,test
54592,test
12573,test
67550,test
33766,test
38689,test
56285,test
5447,test
36166,test
17837,test
17662,test
33317,test
52456,test
7696,test
48899,test
59456,test
9256,test
14073,test
39952,test
61267,test
50705,test
60747,test
26781,test
68246,test
16016,test
13636,test
34810,test
47920,test
39191,test
46395,test
66818,test
46612,test
59995,test
11424,test
17765,test
9798,test
63422,test
46916,test
55873,test
47935,test
17957,test
2643,test
38021,test
40934,test
32033,test
62720,test
26464,test
45937,test
20798,test
14638,test
15377,test
70658,test
30929,test
22989,test
5111,test
22634,test
50252,test
49800,test
10396,test
68089,test
34708,test
337,test
5798,test
2739,test
8329,test
62957,test
45084,test
1545,test
30448,test
58298,test
56958,test
15271,test
67820,test
6447,test
8296,test
66307,test
3950,test
37463,test
61406,test
4856,test
32637,test
56895,test
42185,test
37551,test
68355,test
47249,test
39944,test
9349,test
45237,test
34712,test
27593,test
34216,test
47449,test
42059,test
60236,test
39109,test
61562,test
45669,test
29846,test
64545,test
68858,test
17793,test
5659,test
56981,test
50755,test
57720,test
24271,test
53273,test
55725,test
32552,test
60933,test
4828,test
11053,test
36237,test
24500,test
48727,test
21629,test
54864,test
2013,test
24627,test
52427,test
7280,test
9445,test
34427,test
60912,test
60598,test
38829,test
17147,test
24572,test
40920,test
28261,test
9820,test
25764,test
14801,test
3558,test
30097,test
49879,test
65333,test
1229,test
1853,test
64844,test
16010,test
7842,test
21336,test
3444,test
36125,test
54000,test
44783,test
20058,test
50992,test
69748,test
57352,test
5456,test
68277,test
44051,test
19716,test
31259,test
69745,test
45774,test
35533,test
54194,test
20260,test
31569,test
68447,test
37764,test
62667,test
10798,test
16686,test
49038,test
54262,test
15802,test
65145,test
21875,test
65218,test
62697,test
14802,test
69488,test
70456,test
54041,test
68829,test
18913,test
27035,test
40568,test
7100,test
56367,test
20070,test
59142,test
60770,test
21113,test
47639,test
19299,test
63771,test
25835,test
37933,test
41312,test
65515,test
53560,test
20720,test
16148,test
28904,test
11143,test
57526,test
16715,test
64187,test
67580,test
25650,test
29637,test
15449,test
53613,test
28944,test
21805,test
11361,test
29589,test
38300,test
52309,test
54098,test
60416,test
3212,test
18556,test
6061,test
52910,test
68732,test
69168,test
49833,test
63119,test
57146,test
57308,test
11357,test
41181,test
11134,test
64904,test
43883,test
27449,test
6248,test
25883,test
17347,test
8311,test
59611,test
35460,test
57439,test
2953,test
17158,test
108,test
49078,test
29000,test
15919,test
66679,test
13373,test
16026,test
64719,test
60626,test
64607,test
1230,test
50553,test
27522,test
40516,test
11770,test
57081,test
16334,test
34187,test
64053,test
58497,test
13898,test
55727,test
40864,test
41310,test
19178,test
10997,test
43703,test
49659,test
45293,test
42507,test
44282,test
33994,test
52446,test
39005,test
23663,test
38500,test
66663,test
31717,test
21316,test
2185,test
47304,test
8173,test
35686,test
68777,test
55718,test
46358,test
57808,test
6699,test
54651,test
68072,test
54217,test
45451,test
42334,test
7600,test
67496,test
25277,test
897,test
35009,test
50280,test
7087,test
44055,test
64245,test
25442,test
59583,test
58993,test
31371,test
6123,test
48402,test
8431,test
45630,test
53031,test
20568,test
3367,test
56275,test
41841,test
9896,test
31684,test
10791,test
23736,test
25420,test
66311,test
4871,test
61309,test
17209,test
45235,test
32351,test
31753,test
31582,test
70190,test
19564,test
28392,test
51317,test
22966,test
45504,test
51256,test
52032,test
40590,test
68249,test
59029,test
39078,test
47440,test
38112,test
11046,test
51344,test
46629,test
47644,test
32969,test
9050,test
43666,test
22614,test
53685,test
41294,test
47462,test
10045,test
21219,test
54320,test
59012,test
14055,test
20627,test
48355,test
51460,test
70412,test
6362,test
53395,test
61412,test
63596,test
26668,test
69602,test
14625,test
9634,test
17531,test
60908,test
26995,test
28309,test
59851,test
58998,test
32341,test
65859,test
7612,test
39715,test
9921,test
34582,test
57913,test
25779,test
41437,test
42177,test
55776,test
9313,test
9584,test
15139,test
12036,test
44564,test
27804,test
50465,test
51827,test
48122,test
45870,test
24910,test
22237,test
43363,test
45282,test
16343,test
19910,test
29041,test
37223,test
41703,test
58404,test
544,test
70137,test
2624,test
3154,test
13785,test
22427,test
26615,test
1175,test
1245,test
10111,test
66499,test
49427,test
52788,test
7468,test
38338,test
62907,test
38245,test
6736,test
14820,test
41482,test
52958,test
66702,test
41235,test
37381,test
47205,test
12203,test
48247,test
64334,test
16890,test
8068,test
21354,test
45708,test
9129,test
68111,test
44974,test
60238,test
23995,test
9009,test
956,test
39791,test
65551,test
60283,test
26335,test
69466,test
59677,test
65293,test
67507,test
51854,test
68269,test
31533,test
37830,test
58500,test
67289,test
20315,test
66390,test
57233,test
54455,test
21484,test
13543,test
65291,test
7287,test
43477,test
13272,test
23273,test
55366,test
4930,test
39884,test
6350,test
19719,test
18095,test
4621,test
31686,test
40761,test
22840,test
30398,test
56039,test
49380,test
44805,test
33212,test
13381,test
60664,test
36997,test
17344,test
21983,test
61271,test
33435,test
5975,test
13548,test
18485,test
43874,test
15500,test
62845,test
9476,test
48908,test
25696,test
12107,test
67324,test
43839,test
3841,test
25660,test
34796,test
40231,test
35670,test
47614,test
47595,test
14894,test
48348,test
3984,test
33345,test
32482,test
65240,test
8371,test
828,test
33970,test
29136,test
61643,test
63531,test
17506,test
27651,test
44983,test
18689,test
4786,test
39690,test
8927,test
5648,test
19733,test
3363,test
64207,test
5914,test
12899,test
2066,test
54065,test
37911,test
30149,test
42737,test
29768,test
25226,test
23959,test
35976,test
3075,test
20117,test
27283,test
30548,test
58824,test
468,test
25036,test
62627,test
9618,test
43811,test
11791,test
22366,test
21184,test
40879,test
66910,test
50293,test
64803,test
23459,test
39423,test
39538,test
8313,test
67022,test
47278,test
56140,test
5100,test
28022,test
20008,test
5838,test
54374,test
4255,test
39051,test
63233,test
44423,test
37143,test
11170,test
12569,test
20920,test
32558,test
38470,test
25667,test
56921,test
55516,test
30789,test
37061,test
48627,test
43002,test
42878,test
29254,test
45294,test
24317,test
47142,test
68569,test
23716,test
21783,test
49043,test
55065,test
29010,test
33343,test
33485,test
14843,test
47230,test
44204,test
13554,test
67754,test
5932,test
63636,test
1273,test
5991,test
56489,test
51167,test
49334,test
63372,test
3480,test
46412,test
69277,test
6660,test
23269,test
9,test
31163,test
30890,test
5901,test
23687,test
6952,test
57380,test
20138,test
34193,test
50045,test
32927,test
56637,test
32270,test
6522,test
43660,test
7028,test
54292,test
11483,test
1402,test
41270,test
36134,test
22795,test
5394,test
47144,test
51879,test
52955,test
65802,test
19978,test
54026,test
55218,test
53081,test
8079,test
42174,test
9369,test
16024,test
50793,test
6915,test
47870,test
59609,test
13659,test
8643,test
33603,test
10340,test
43134,test
2191,test
39427,test
53409,test
61864,test
2683,test
32155,test
1096,test
37175,test
16243,test
44740,test
33396,test
42962,test
4529,test
51837,test
55795,test
70108,test
8149,test
43341,test
33584,test
49473,test
56753,test
8467,test
27606,test
16059,test
68107,test
11541,test
9986,test
3121,test
18827,test
8788,test
22472,test
67745,test
69264,test
49578,test
65401,test
3357,test
28667,test
14168,test
32640,test
39336,test
47202,test
6607,test
23254,test
43462,test
22248,test
1872,test
70602,test
10021,test
503,test
5568,test
53220,test
5559,test
18999,test
21382,test
54395,test
39158,test
16623,test
19870,test
6965,test
8912,test
3098,test
42660,test
37366,test
13229,test
66720,test
32078,test
57798,test
16832,test
63288,test
69467,test
14254,test
20734,test
7359,test
39834,test
14566,test
66764,test
45689,test
56928,test
15709,test
68127,test
47407,test
49413,test
418,test
8545,test
14911,test
52828,test
69122,test
35930,test
67327,test
46977,test
26738,test
9360,test
52170,test
21218,test
5746,test
2576,test
35187,test
51570,test
38056,test
36123,test
13062,test
26976,test
47469,test
66919,test
22728,test
10399,test
49604,test
32687,test
4188,test
53919,test
8653,test
30485,test
66017,test
24585,test
44482,test
4306,test
36752,test
8620,test
11309,test
2458,test
67102,test
34911,test
17225,test
26959,test
36722,test
31151,test
6400,test
60702,test
6423,test
54230,test
50081,test
65022,test
68251,test
54020,test
6848,test
7365,test
45845,test
2026,test
69906,test
21403,test
21670,test
4509,test
19378,test
56615,test
60164,test
21267,test
21560,test
58007,test
69536,test
49825,test
19890,test
42238,test
51583,test
42625,test
64255,test
40903,test
16157,test
58114,test
58508,test
35327,test
6799,test
8694,test
46041,test
57356,test
15872,test
55495,test
35155,test
31973,test
11939,test
59289,test
23732,test
64459,test
2549,test
9074,test
62511,test
6494,test
38207,test
65336,test
9377,test
54112,test
30108,test
35173,test
38074,test
47626,test
37761,test
13195,test
15815,test
9806,test
12450,test
35088,test
49857,test
66973,test
34745,test
16606,test
51851,test
3774,test
30959,test
30755,test
4006,test
46053,test
4469,test
37120,test
17834,test
12462,test
6322,test
41156,test
22300,test
53997,test
11881,test
26409,test
32683,test
21152,test
33577,test
33289,test
9414,test
20463,test
54097,test
44164,test
53941,test
29317,test
49045,test
60320,test
48747,test
42550,test
44488,test
10778,test
20845,test
39019,test
15835,test
68003,test
61223,test
39674,test
7329,test
68595,test
41240,test
17438,test
12020,test
36060,test
13879,test
15507,test
12612,test
59199,test
34205,test
57215,test
997,test
47430,test
57220,test
15558,test
45285,test
63285,test
57576,test
40122,test
11845,test
1700,test
151,test
19302,test
15653,test
7411,test
3576,test
20246,test
29878,test
1550,test
25780,test
37,test
52103,test
24905,test
52664,test
444,test
59542,test
6678,test
26411,test
59675,test
23863,test
56848,test
23300,test
25384,test
31626,test
32705,test
38575,test
22779,test
35330,test
10647,test
29164,test
52708,test
30328,test
14929,test
36163,test
22606,test
27364,test
57131,test
63447,test
42297,test
61285,test
58021,test
30010,test
38374,test
11625,test
53956,test
37531,test
54579,test
33754,test
21896,test
33661,test
34278,test
37732,test
57450,test
23032,test
5207,test
54787,test
6030,test
11010,test
15079,test
7854,test
65555,test
46661,test
35710,test
55847,test
6207,test
30565,test
24403,test
21045,test
59415,test
7388,test
41746,test
46871,test
31458,test
14157,test
64475,test
67349,test
51581,test
59465,test
61599,test
22083,test
48134,test
12768,test
58806,test
14165,test
38535,test
4614,test
10095,test
39782,test
26352,test
40221,test
23080,test
66009,test
3678,test
11244,test
25053,test
2697,test
51053,test
47791,test
7594,test
31710,test
764,test
63918,test
58126,test
55961,test
17710,test
22213,test
10907,test
31788,test
53468,test
6490,test
36378,test
10541,test
19489,test
60237,test
32888,test
49581,test
70610,test
40169,test
11579,test
32741,test
39322,test
23054,test
47136,test
39974,test
43176,test
39692,test
53281,test
16131,test
67382,test
19076,test
14657,test
864,test
5214,test
19134,test
4671,test
62119,test
2327,test
20810,test
19255,test
67430,test
59332,test
11979,test
56339,test
29652,test
69258,test
51473,test
54094,test
36639,test
44448,test
33355,test
41644,test
1495,test
33376,test
16579,test
9626,test
34768,test
48331,test
34157,test
3510,test
17981,test
47677,test
52703,test
60900,test
6777,test
21085,test
5184,test
8380,test
57444,test
12516,test
47559,test
58538,test
44149,test
40755,test
30003,test
4537,test
17865,test
4618,test
57843,test
48765,test
8095,test
13921,test
53719,test
67451,test
39941,test
57645,test
16664,test
56883,test
21456,test
10145,test
55798,test
16121,test
33048,test
61170,test
52237,test
13904,test
43609,test
47224,test
42367,test
39923,test
38491,test
39610,test
30915,test
40402,test
23106,test
32554,test
43834,test
6718,test
7364,test
52115,test
36537,test
57011,test
927,test
19657,test
23983,test
67353,test
54029,test
58236,test
38088,test
10131,test
36696,test
63665,test
51698,test
24642,test
3169,test
32083,test
42848,test
6371,test
7142,test
47114,test
57801,test
33130,test
3138,test
23832,test
6386,test
63846,test
45391,test
36838,test
20621,test
10336,test
47980,test
63078,test
32633,test
38524,test
54805,test
11924,test
49028,test
41393,test
63327,test
46894,test
25493,test
30087,test
28596,test
43628,test
55946,test
56016,test
47083,test
11049,test
57751,test
36056,test
58155,test
40832,test
7396,test
577,test
6925,test
20983,test
61727,test
35827,test
41947,test
1716,test
33707,test
28184,test
5777,test
32387,test
49685,test
64560,test
19003,test
50195,test
13031,test
30562,test
65544,test
58936,test
12620,test
25328,test
55330,test
55275,test
43015,test
30690,test
51289,test
31781,test
6112,test
60487,test
68669,test
3454,test
56729,test
50832,test
22642,test
70663,test
36514,test
51507,test
32593,test
17510,test
11427,test
49267,test
43083,test
55363,test
55361,test
7767,test
1522,test
19116,test
2771,test
58555,test
43478,test
24623,test
48535,test
59813,test
49483,test
58916,test
1270,test
54841,test
14692,test
19553,test
31416,test
21479,test
32519,test
724,test
17880,test
37180,test
52477,test
18219,test
49752,test
42770,test
28584,test
4278,test
14875,test
27672,test
56028,test
28236,test
68711,test
70634,test
17581,test
42246,test
21281,test
46583,test
62461,test
3795,test
65978,test
38438,test
40302,test
62745,test
65017,test
26262,test
25089,test
9833,test
8005,test
47715,test
62445,test
52480,test
16808,test
28615,test
14793,test
5905,test
57762,test
35656,test
32889,test
16483,test
33267,test
31028,test
21245,test
65787,test
35719,test
66665,test
23099,test
27091,test
34764,test
53289,test
4777,test
1247,test
32162,test
5699,test
54586,test
28230,test
4931,test
43351,test
53059,test
16791,test
54450,test
53630,test
49351,test
11964,test
7501,test
22025,test
24837,test
10302,test
14829,test
3906,test
5066,test
7114,test
29261,test
19653,test
61872,test
55830,test
39536,test
15526,test
45215,test
33917,test
27281,test
49576,test
24822,test
22342,test
30502,test
26044,test
39391,test
22590,test
44782,test
20719,test
5096,test
50091,test
2704,test
10370,test
61705,test
34863,test
69001,test
36026,test
55806,test
38643,test
70006,test
27316,test
61976,test
34341,test
38404,test
69398,test
18163,test
45838,test
43092,test
5202,test
34552,test
31857,test
41438,test
10222,test
20819,test
36065,test
59553,test
29062,test
33203,test
48143,test
40111,test
16209,test
53046,test
3539,test
27501,test
36898,test
42343,test
8221,test
29946,test
51821,test
51107,test
1866,test
18587,test
18521,test
20995,test
23852,test
61450,test
44537,test
1427,test
35450,test
6539,test
1830,test
67244,test
52972,test
6665,test
56728,test
15658,test
29403,test
14356,test
49990,test
32081,test
41844,test
16206,test
9601,test
41593,test
68156,test
51924,test
40078,test
57371,test
63996,test
54759,test
69983,test
44952,test
41099,test
47043,test
6661,test
35411,test
31706,test
62046,test
55713,test
18648,test
876,test
44233,test
62953,test
39083,test
8593,test
67452,test
58858,test
20709,test
46684,test
32648,test
33095,test
70631,test
31964,test
30554,test
32153,test
42308,test
27478,test
17296,test
47720,test
36366,test
54933,test
32812,test
31051,test
13869,test
38160,test
25459,test
47227,test
33686,test
3190,test
18490,test
18567,test
56238,test
68541,test
60637,test
4706,test
27540,test
30829,test
67642,test
42414,test
9273,test
65442,test
26397,test
13578,test
37914,test
47352,test
6732,test
53414,test
11308,test
28005,test
40596,test
3613,test
44731,test
52203,test
11618,test
22129,test
38122,test
34994,test
50047,test
24114,test
5533,test
21922,test
56590,test
70396,test
37139,test
37945,test
69401,test
44222,test
20591,test
24685,test
26672,test
13035,test
67063,test
40750,test
17719,test
8890,test
51963,test
12554,test
49217,test
14706,test
38588,test
26222,test
44613,test
63202,test
2368,test
64856,test
63816,test
66216,test
33888,test
63892,test
14881,test
14137,test
53254,test
64229,test
35048,test
57729,test
20607,test
30960,test
47260,test
17349,test
30350,test
38001,test
24766,test
45720,test
4845,test
63434,test
34892,test
29585,test
14306,test
6675,test
12973,test
50973,test
28010,test
48473,test
25790,test
55623,test
23372,test
26190,test
65033,test
49438,test
46814,test
7851,test
48584,test
4818,test
34374,test
45969,test
32933,test
36042,test
4262,test
25123,test
31067,test
43490,test
68985,test
62051,test
44296,test
36464,test
16139,test
52596,test
57555,test
42481,test
18761,test
22743,test
3471,test
40386,test
32688,test
64896,test
46901,test
14574,test
10200,test
25300,test
61579,test
931,test
66377,test
41349,test
68557,test
3869,test
24229,test
44351,test
60449,test
19964,test
34944,test
21848,test
12439,test
55910,test
29862,test
54465,test
62428,test
23014,test
9068,test
45035,test
21933,test
57971,test
13774,test
60117,test
66467,test
1148,test
25034,test
33406,test
8438,test
55535,test
63804,test
6147,test
35267,test
59119,test
8189,test
65281,test
5846,test
64310,test
61899,test
4624,test
32541,test
68339,test
504,test
13427,test
24693,test
50238,test
8680,test
66630,test
15094,test
5349,test
52167,test
7204,test
30954,test
38365,test
11962,test
35347,test
25257,test
59311,test
45956,test
12021,test
50523,test
57055,test
42982,test
39190,test
27670,test
23812,test
64075,test
41159,test
5139,test
21915,test
49553,test
49195,test
65199,test
22984,test
2478,test
21195,test
30769,test
36136,test
60766,test
69414,test
3630,test
29604,test
17024,test
32974,test
55050,test
14691,test
25047,test
34347,test
39449,test
49162,test
27180,test
53801,test
62290,test
21615,test
22619,test
1265,test
50911,test
23291,test
38943,test
64235,test
59230,test
36316,test
21326,test
19275,test
70180,test
28576,test
39730,test
47275,test
9062,test
60035,test
59385,test
16100,test
21322,test
23810,test
41555,test
24558,test
38747,test
57898,test
62670,test
50873,test
46842,test
23802,test
70204,test
67567,test
9996,test
28808,test
36620,test
61453,test
20813,test
38121,test
25407,test
40456,test
48515,test
69976,test
10019,test
34099,test
39805,test
7763,test
55786,test
26174,test
44875,test
37923,test
59735,test
39896,test
16851,test
19933,test
63313,test
27092,test
51199,test
3166,test
52831,test
36001,test
61768,test
45523,test
43646,test
24451,test
35325,test
32223,test
48903,test
45854,test
26173,test
11397,test
64964,test
23165,test
68276,test
37059,test
33935,test
8351,test
35099,test
68413,test
17997,test
35262,test
62164,test
54816,test
35253,test
31136,test
34943,test
58732,test
59360,test
67513,test
51813,test
42141,test
34717,test
45318,test
13043,test
27362,test
62093,test
56241,test
34788,test
50790,test
16223,test
45030,test
8861,test
34835,test
53845,test
14813,test
46675,test
43830,test
64597,test
38742,test
49264,test
58395,test
61838,test
61235,test
66790,test
59778,test
29934,test
55749,test
285,test
54819,test
65166,test
17558,test
38449,test
34404,test
54105,test
54085,test
48552,test
20413,test
10118,test
50861,test
49786,test
3251,test
34044,test
54328,test
22284,test
66935,test
51938,test
68763,test
62172,test
24659,test
25318,test
28927,test
68088,test
59901,test
58184,test
52002,test
17017,test
52496,test
53362,test
52555,test
53196,test
65545,test
66766,test
21093,test
35097,test
17508,test
57446,test
3833,test
69104,test
63373,test
28740,test
27460,test
3240,test
34973,test
45006,test
37677,test
25847,test
64588,test
26555,test
49803,test
20050,test
36009,test
7845,test
33495,test
69409,test
6230,test
6174,test
34281,test
66152,test
18515,test
48803,test
26311,test
4961,test
56290,test
148,test
66603,test
53816,test
32445,test
61005,test
41778,test
62923,test
1,test
52865,test
35286,test
31780,test
48100,test
51137,test
60562,test
70565,test
66889,test
43276,test
33896,test
2613,test
2923,test
14166,test
41579,test
35762,test
58599,test
52485,test
5957,test
39197,test
41542,test
16051,test
39421,test
65505,test
64056,test
35285,test
25680,test
64975,test
10454,test
55084,test
51271,test
56059,test
38582,test
21122,test
28603,test
70241,test
19575,test
50964,test
51037,test
19167,test
48094,test
37873,test
41431,test
11589,test
47332,test
20009,test
52531,test
7273,test
44013,test
43158,test
68696,test
58121,test
543,test
48689,test
4639,test
19370,test
22030,test
30907,test
46026,test
48311,test
13899,test
31074,test
36349,test
47859,test
33716,test
23024,test
32131,test
22843,test
47279,test
32894,test
20663,test
35880,test
18400,test
30787,test
62313,test
28191,test
2012,test
7529,test
64992,test
53147,test
64090,test
69973,test
57826,test
38985,test
14354,test
39678,test
46502,test
18643,test
21920,test
18106,test
16838,test
44161,test
37432,test
66438,test
40888,test
30920,test
51662,test
60717,test
45066,test
40880,test
22859,test
26056,test
40801,test
63876,test
28237,test
54413,test
68649,test
38533,test
11080,test
49888,test
40321,test
34019,test
51126,test
65576,test
25713,test
27470,test
17944,test
225,test
26211,test
57181,test
11543,test
64036,test
35119,test
45222,test
41280,test
50488,test
18809,test
2882,test
68234,test
50114,test
18520,test
30552,test
22946,test
32780,test
56905,test
25950,test
65786,test
6143,test
34180,test
45875,test
38226,test
63570,test
32358,test
21692,test
3644,test
62132,test
56540,test
15621,test
28836,test
67148,test
28973,test
3316,test
35368,test
44542,test
42108,test
7703,test
5997,test
13451,test
47709,test
36588,test
64440,test
11343,test
8146,test
39002,test
5097,test
9189,test
56245,test
12149,test
41373,test
63941,test
7120,test
52100,test
58584,test
27209,test
24382,test
25688,test
3356,test
69545,test
28487,test
27479,test
59686,test
67218,test
27507,test
62448,test
61282,test
36402,test
44746,test
21372,test
43157,test
6837,test
40317,test
62415,test
27054,test
48893,test
50837,test
9700,test
23649,test
23491,test
8637,test
4104,test
45660,test
33400,test
70043,test
7089,test
28137,test
20909,test
30866,test
45624,test
24628,test
68876,test
3324,test
51044,test
55955,test
49333,test
62086,test
34178,test
44802,test
21260,test
42664,test
26667,test
4719,test
41988,test
16489,test
9285,test
21022,test
28110,test
55922,test
6377,test
12618,test
50840,test
23288,test
55222,test
32236,test
45513,test
7008,test
66386,test
51194,test
8507,test
18200,test
39945,test
12995,test
24270,test
63680,test
5644,test
42194,test
59341,test
14078,test
49230,test
35584,test
48299,test
8023,test
17926,test
22715,test
37253,test
13522,test
55791,test
44273,test
36231,test
36881,test
7511,test
18731,test
47417,test
42479,test
46896,test
60309,test
7371,test
30752,test
17915,test
50641,test
58450,test
67419,test
45610,test
7153,test
12294,test
35915,test
9119,test
4805,test
8565,test
49955,test
12906,test
41953,test
37582,test
85,test
62762,test
35057,test
53369,test
24017,test
9850,test
41052,test
46673,test
27372,test
63534,test
61644,test
53379,test
62391,test
2146,test
37480,test
55161,test
31500,test
24454,test
44898,test
64438,test
68361,test
48834,test
17661,test
64348,test
51740,test
32600,test
65253,test
27835,test
41958,test
4371,test
45341,test
35147,test
18244,test
59932,test
67942,test
22176,test
54950,test
13121,test
20363,test
49925,test
34446,test
37774,test
62323,test
3372,test
36394,test
70639,test
25210,test
12712,test
4513,test
57711,test
68787,test
46023,test
7684,test
14390,test
28275,test
68593,test
67817,test
21986,test
60154,test
37087,test
29428,test
20391,test
15995,test
64416,test
5597,test
66024,test
67542,test
13391,test
42713,test
54529,test
65717,test
42804,test
15279,test
17103,test
1423,test
18561,test
21025,test
62350,test
65076,test
48371,test
59231,test
59963,test
1874,test
57970,test
38334,test
17758,test
42338,test
64553,test
55148,test
62490,test
49301,test
212,test
6295,test
27725,test
8619,test
18897,test
45329,test
45401,test
18943,test
18493,test
10704,test
11274,test
48274,test
22189,test
18376,test
61423,test
6862,test
62637,test
53430,test
6284,test
49150,test
60934,test
26251,test
26993,test
16796,test
28378,test
15434,test
53738,test
13068,test
28631,test
15782,test
45067,test
59642,test
186,test
1450,test
37293,test
37558,test
24346,test
61175,test
16646,test
22862,test
4359,test
25771,test
52460,test
23939,test
66417,test
70400,test
53687,test
53378,test
32207,test
25413,test
12660,test
24169,test
41515,test
10545,test
30563,test
38512,test
674,test
19015,test
23907,test
51316,test
34832,test
37825,test
4814,test
26573,test
38505,test
12034,test
3690,test
3482,test
64565,test
15731,test
47906,test
42630,test
68859,test
49020,test
55107,test
21672,test
28009,test
7226,test
18358,test
27698,test
12192,test
43513,test
14606,test
44809,test
495,test
13446,test
28802,test
30888,test
65935,test
9923,test
39776,test
41552,test
63502,test
60497,test
65299,test
28692,test
46150,test
3420,test
34348,test
29827,test
23805,test
867,test
1941,test
62303,test
58699,test
43043,test
62042,test
52938,test
33602,test
1606,test
64601,test
5003,test
8705,test
23989,test
65215,test
63619,test
19954,test
63623,test
20482,test
13532,test
66190,test
57900,test
10495,test
52956,test
36392,test
26794,test
47212,test
23599,test
52081,test
56365,test
7376,test
50087,test
69224,test
62793,test
33031,test
57657,test
49210,test
12171,test
8690,test
15512,test
41633,test
61136,test
1898,test
15812,test
65352,test
7360,test
14481,test
52606,test
51115,test
69800,test
22420,test
32825,test
66847,test
13422,test
8426,test
10569,test
36685,test
31196,test
47649,test
22950,test
36433,test
50357,test
57407,test
6561,test
41116,test
28733,test
36050,test
8577,test
5670,test
31567,test
43161,test
66987,test
60937,test
8400,test
939,test
35963,test
16701,test
70014,test
35016,test
49929,test
1691,test
12388,test
60530,test
61439,test
21746,test
64370,test
53516,test
55825,test
10984,test
68238,test
66393,test
1142,test
25639,test
13593,test
18020,test
44907,test
24671,test
13562,test
43686,test
37407,test
15540,test
24370,test
55541,test
39022,test
68431,test
9498,test
26740,test
8406,test
49919,test
22267,test
52164,test
46126,test
37359,test
56898,test
25090,test
41094,test
63074,test
64661,test
49591,test
24706,test
37754,test
15841,test
4574,test
30809,test
69901,test
45289,test
28820,test
15522,test
38467,test
50950,test
40729,test
44690,test
62967,test
49392,test
10623,test
826,test
37626,test
35797,test
2934,test
59632,test
20433,test
16391,test
58537,test
39412,test
70359,test
68489,test
38921,test
43613,test
64868,test
22445,test
35987,test
25733,test
9093,test
37112,test
22815,test
19014,test
34422,test
10267,test
69232,test
58145,test
13626,test
26030,test
30268,test
18300,test
13737,test
51594,test
2587,test
41410,test
37568,test
13414,test
21732,test
66358,test
45917,test
70543,test
4540,test
55036,test
35751,test
17134,test
69754,test
29742,test
20816,test
40495,test
67213,test
16378,test
65558,test
22002,test
20612,test
40391,test
65122,test
11736,test
12372,test
66251,test
70495,test
8847,test
12635,test
64771,test
24814,test
22194,test
51800,test
40217,test
42862,test
4579,test
58030,test
45001,test
1492,test
53885,test
53903,test
37520,test
9775,test
13054,test
48263,test
34550,test
5527,test
30274,test
64993,test
47919,test
48298,test
60791,test
43679,test
36745,test
31230,test
7622,test
10193,test
28219,test
60011,test
69368,test
66609,test
65659,test
58566,test
6943,test
27126,test
8538,test
69280,test
3559,test
23993,test
14239,test
22805,test
25695,test
42815,test
62734,test
61386,test
31653,test
56433,test
21406,test
21717,test
63577,test
2695,test
2433,test
5792,test
44254,test
69457,test
50716,test
57166,test
27521,test
44063,test
44988,test
64703,test
13756,test
50221,test
50494,test
27687,test
41371,test
40963,test
21605,test
61356,test
1773,test
51252,test
1034,test
58347,test
22605,test
34958,test
41314,test
15485,test
20241,test
40807,test
28074,test
58575,test
25708,test
11568,test
60464,test
29538,test
13374,test
11184,test
45678,test
46471,test
28773,test
49649,test
53113,test
59852,test
33524,test
13583,test
24054,test
5025,test
18413,test
13926,test
70454,test
26313,test
22423,test
60905,test
26470,test
51788,test
63334,test
65479,test
41516,test
45113,test
27579,test
9033,test
13468,test
64853,test
31997,test
47337,test
53829,test
45023,test
29831,test
34525,test
22407,test
67983,test
60526,test
9394,test
34882,test
6692,test
68218,test
20898,test
16778,test
59450,test
40946,test
26373,test
58475,test
33512,test
11580,test
64799,test
20344,test
5892,test
61299,test
57735,test
41808,test
67180,test
20039,test
55505,test
15951,test
49135,test
31750,test
5623,test
45428,test
52132,test
49245,test
32580,test
63683,test
69157,test
49619,test
45991,test
59008,test
22435,test
15690,test
38713,test
10154,test
67018,test
68272,test
69763,test
55614,test
59322,test
43187,test
10602,test
39311,test
3696,test
32076,test
42127,test
54165,test
16485,test
57422,test
59252,test
51082,test
31385,test
11333,test
58066,test
55964,test
15682,test
5153,test
28589,test
21638,test
62314,test
11775,test
25419,test
54740,test
36890,test
2956,test
55100,test
8130,test
19759,test
17157,test
40124,test
57070,test
49423,test
61150,test
68522,test
58552,test
67549,test
69389,test
66204,test
60694,test
30380,test
16756,test
24955,test
65776,test
35212,test
39844,test
60906,test
49982,test
67184,test
10331,test
17535,test
51074,test
21318,test
52677,test
16266,test
42688,test
53497,test
33450,test
35031,test
42010,test
8395,test
18004,test
16105,test
2544,test
38968,test
14386,test
33959,test
34321,test
10462,test
26412,test
191,test
41298,test
59645,test
50299,test
14856,test
64374,test
6328,test
48180,test
12253,test
6211,test
68646,test
38542,test
33214,test
66696,test
23256,test
16420,test
16324,test
20123,test
4454,test
36569,test
15274,test
45688,test
9792,test
7996,test
23358,test
23748,test
48197,test
50803,test
20298,test
30016,test
65307,test
11339,test
5929,test
43467,test
8707,test
9272,test
17483,test
66099,test
31325,test
38852,test
47895,test
59025,test
35541,test
63602,test
43303,test
51728,test
56737,test
65821,test
19692,test
43348,test
59929,test
8575,test
25981,test
15605,test
8636,test
50206,test
64590,test
2678,test
37910,test
33607,test
45858,test
24834,test
27217,test
56464,test
47778,test
61145,test
61421,test
69237,test
68247,test
57756,test
66912,test
8773,test
453,test
49835,test
53385,test
36039,test
23774,test
9221,test
57887,test
47478,test
396,test
49560,test
49746,test
65829,test
33589,test
12697,test
42331,test
66060,test
42881,test
32397,test
33013,test
63310,test
69360,test
50744,test
22268,test
33956,test
65770,test
30877,test
42021,test
52025,test
16755,test
42490,test
28133,test
49106,test
169,test
63385,test
46222,test
63304,test
65223,test
52010,test
68596,test
10226,test
26944,test
18566,test
31555,test
1365,test
25317,test
49319,test
192,test
3524,test
6171,test
45474,test
52474,test
61069,test
17009,test
2138,test
29907,test
63245,test
60693,test
39487,test
47098,test
51146,test
44093,test
44968,test
20678,test
33488,test
11773,test
23683,test
3494,test
26768,test
38963,test
62145,test
12977,test
20280,test
24288,test
9689,test
43823,test
26441,test
34737,test
853,test
18014,test
54591,test
15119,test
69345,test
10043,test
19495,test
48170,test
23136,test
22894,test
10334,test
58230,test
70596,test
45866,test
21664,test
38587,test
63227,test
62229,test
2289,test
48201,test
33462,test
34397,test
11531,test
66715,test
6193,test
42531,test
33510,test
33848,test
6779,test
41770,test
70068,test
36269,test
64456,test
5462,test
67352,test
48475,test
58077,test
66297,test
13387,test
12469,test
42591,test
1664,test
24004,test
44184,test
18286,test
1775,test
15393,test
5288,test
33463,test
18857,test
35810,test
3677,test
40264,test
19308,test
10649,test
63079,test
5649,test
47834,test
1679,test
66689,test
8766,test
50261,test
30712,test
3726,test
39162,test
42231,test
46146,test
39529,test
42692,test
56412,test
38099,test
53675,test
59613,test
68078,test
34197,test
67874,test
15591,test
8818,test
41488,test
23809,test
17891,test
63498,test
54563,test
23655,test
12246,test
60277,test
49055,test
48531,test
59035,test
20198,test
30008,test
52952,test
21597,test
12359,test
45682,test
64749,test
39115,test
8923,test
11875,test
52617,test
22772,test
22552,test
20108,test
3643,test
47059,test
3952,test
14364,test
26217,test
43553,test
55188,test
57772,test
36606,test
25431,test
20287,test
27420,test
70318,test
36789,test
65414,test
9080,test
32051,test
31662,test
6695,test
31056,test
49692,test
59123,test
51514,test
16462,test
66778,test
67619,test
48346,test
34497,test
15013,test
63173,test
21569,test
29785,test
57883,test
44563,test
53686,test
9112,test
20681,test
50193,test
38253,test
62900,test
8988,test
66780,test
35379,test
46699,test
33672,test
70246,test
33021,test
64710,test
15566,test
59711,test
56699,test
21815,test
57666,test
55940,test
48655,test
44793,test
62656,test
45410,test
64563,test
23132,test
44015,test
67705,test
7818,test
39541,test
66366,test
59045,test
65666,test
65183,test
17832,test
12942,test
35965,test
17369,test
17681,test
56656,test
56358,test
43705,test
11841,test
27315,test
8986,test
35605,test
14101,test
56373,test
41038,test
37916,test
59807,test
46558,test
46904,test
19186,test
30153,test
30962,test
47306,test
6967,test
25186,test
45055,test
61452,test
14614,test
45015,test
56876,test
8447,test
53962,test
34684,test
55306,test
53393,test
48593,test
45923,test
50109,test
60264,test
58365,test
3859,test
49385,test
26286,test
5869,test
44759,test
20787,test
44271,test
30167,test
47051,test
8261,test
14066,test
31495,test
69054,test
42386,test
35319,test
5611,test
703,test
13019,test
40983,test
43964,test
14037,test
18592,test
27318,test
68911,test
11898,test
17382,test
46680,test
20457,test
60856,test
52261,test
54125,test
469,test
67600,test
9425,test
70371,test
41764,test
20053,test
61648,test
52959,test
67806,test
45247,test
2038,test
44834,test
66686,test
14302,test
53987,test
35646,test
16528,test
22643,test
61000,test
46730,test
10481,test
62700,test
7020,test
48813,test
12821,test
18782,test
60114,test
65067,test
14240,test
40484,test
19606,test
52862,test
38620,test
45309,test
68054,test
47305,test
27937,test
13057,test
51170,test
67521,test
6554,test
25514,test
41576,test
21994,test
12017,test
4320,test
16902,test
13305,test
1854,test
42895,test
65886,test
43572,test
9603,test
69586,test
18266,test
36894,test
9426,test
16762,test
6495,test
45501,test
39161,test
14502,test
22034,test
18687,test
57365,test
36280,test
20828,test
19046,test
17138,test
3790,test
36610,test
5055,test
58826,test
33057,test
68626,test
10961,test
29598,test
45210,test
63169,test
21810,test
57837,test
20429,test
5855,test
26714,test
14472,test
14283,test
14667,test
16127,test
66639,test
63350,test
30551,test
44585,test
64420,test
39733,test
65905,test
28571,test
28435,test
44556,test
47863,test
38698,test
53775,test
54923,test
58289,test
41400,test
19522,test
25627,test
29370,test
24125,test
59268,test
33253,test
7518,test
54832,test
23952,test
70278,test
30703,test
66232,test
41404,test
49022,test
29758,test
14131,test
5770,test
29071,test
60690,test
42935,test
13052,test
24952,test
42360,test
16572,test
23379,test
21734,test
30058,test
54705,test
35730,test
34164,test
62293,test
21467,test
6629,test
21186,test
70594,test
22499,test
2817,test
12334,test
19710,test
30707,test
34515,test
70092,test
18551,test
43485,test
27518,test
63710,test
3824,test
66876,test
37824,test
51163,test
37390,test
53297,test
47844,test
5924,test
55802,test
18048,test
25674,test
44561,test
59560,test
37935,test
3966,test
44025,test
8792,test
61778,test
8752,test
47706,test
25859,test
67322,test
4992,test
45224,test
56789,test
54842,test
17632,test
57229,test
64494,test
49561,test
6635,test
50003,test
17987,test
64885,test
64759,test
35729,test
59255,test
64538,test
54544,test
10268,test
55387,test
38984,test
2667,test
19707,test
27575,test
45470,test
29962,test
58522,test
28756,test
31006,test
68131,test
4538,test
14789,test
66804,test
218,test
7775,test
51021,test
49188,test
55047,test
12321,test
7333,test
67927,test
52562,test
55337,test
36823,test
49449,test
46203,test
20566,test
10093,test
28064,test
53404,test
64736,test
6796,test
27799,test
51429,test
9504,test
17698,test
41974,test
45241,test
21248,test
11433,test
12631,test
45859,test
51864,test
13704,test
50406,test
51400,test
37901,test
11011,test
36748,test
62369,test
4882,test
8583,test
8291,test
35736,test
55902,test
60765,test
7460,test
26151,test
40612,test
38601,test
70334,test
7679,test
29338,test
56504,test
9400,test
63474,test
69337,test
61221,test
54850,test
35980,test
26380,test
61127,test
31739,test
9428,test
39915,test
16220,test
21441,test
58984,test
36396,test
21339,test
22603,test
1143,test
44128,test
40840,test
18263,test
22494,test
56106,test
1669,test
65991,test
17641,test
10301,test
24473,test
60471,test
28514,test
5308,test
53897,test
42820,test
29083,test
56632,test
42276,test
16250,test
21957,test
18666,test
61199,test
42487,test
56284,test
34891,test
19252,test
13360,test
61180,test
28891,test
26317,test
6761,test
36902,test
2906,test
46342,test
57846,test
50462,test
26382,test
25323,test
33277,test
53758,test
14298,test
59800,test
33654,test
54646,test
25958,test
39919,test
3617,test
6062,test
56857,test
37177,test
61217,test
48758,test
68643,test
54752,test
60541,test
25059,test
33600,test
48572,test
1706,test
30976,test
47987,test
47248,test
60245,test
12955,test
17939,test
60253,test
49274,test
35510,test
19073,test
9629,test
3611,test
35649,test
49269,test
20389,test
6652,test
9139,test
56555,test
61827,test
10619,test
59775,test
26160,test
26096,test
3645,test
16873,test
55523,test
37071,test
70413,test
44996,test
12779,test
32377,test
59194,test
31210,test
39720,test
58849,test
11013,test
23887,test
4402,test
38621,test
26475,test
45926,test
46125,test
36847,test
25568,test
16397,test
54356,test
57575,test
12634,test
67040,test
6339,test
21096,test
24121,test
56027,test
1139,test
43551,test
24544,test
29731,test
35820,test
14710,test
31137,test
53795,test
49313,test
50934,test
29605,test
18092,test
30228,test
20435,test
67445,test
67962,test
49206,test
37994,test
69100,test
67043,test
13793,test
36460,test
9667,test
32188,test
18631,test
54765,test
11515,test
22160,test
51441,test
69686,test
62954,test
43982,test
16318,test
11689,test
2621,test
115,test
27438,test
48108,test
63959,test
14092,test
36877,test
41697,test
9888,test
44862,test
36905,test
58505,test
17140,test
46948,test
67882,test
22443,test
10216,test
18105,test
20613,test
4955,test
69374,test
41340,test
32275,test
47420,test
14712,test
1636,test
50135,test
58477,test
63553,test
60848,test
1801,test
65513,test
44468,test
27948,test
15693,test
46787,test
22565,test
56100,test
9887,test
33123,test
44155,test
4152,test
52092,test
69877,test
39032,test
10132,test
59410,test
62512,test
10968,test
25626,test
25259,test
35380,test
31575,test
54476,test
16402,test
4499,test
70615,test
898,test
59737,test
16885,test
3530,test
3217,test
31168,test
706,test
48293,test
27970,test
10599,test
15061,test
51839,test
18411,test
50980,test
8891,test
46282,test
14831,test
797,test
59285,test
2868,test
54231,test
62837,test
2036,test
14985,test
843,test
53460,test
33511,test
54251,test
30352,test
53436,test
122,test
61393,test
70600,test
36989,test
46766,test
44285,test
34518,test
59538,test
3567,test
1364,test
42104,test
29747,test
50417,test
41980,test
18461,test
67664,test
46616,test
35139,test
46204,test
14050,test
63068,test
25528,test
5431,test
48612,test
52064,test
68524,test
16004,test
24686,test
54100,test
26506,test
44825,test
22935,test
41533,test
37101,test
31022,test
25662,test
67784,test
34856,test
18447,test
3786,test
14244,test
40657,test
41176,test
52518,test
8181,test
34029,test
23107,test
3715,test
1952,test
23214,test
33964,test
20467,test
31693,test
6968,test
43903,test
5030,test
40798,test
55766,test
5342,test
47485,test
57498,test
26549,test
22059,test
3491,test
67036,test
65533,test
27325,test
6281,test
67940,test
67750,test
48069,test
30437,test
48880,test
20597,test
67563,test
41874,test
25015,test
66087,test
69376,test
12022,test
63693,test
26504,test
1445,test
49002,test
47908,test
26379,test
65482,test
55595,test
52779,test
12309,test
63343,test
24563,test
23467,test
65957,test
49327,test
50717,test
41671,test
42693,test
32368,test
1234,test
6228,test
9715,test
61396,test
17208,test
8282,test
49167,test
31943,test
29769,test
3308,test
12241,test
46683,test
51984,test
32439,test
14870,test
18138,test
8092,test
39053,test
28805,test
62394,test
28524,test
23035,test
49726,test
11726,test
67821,test
9940,test
15054,test
25014,test
2454,test
13314,test
15215,test
54665,test
28216,test
34676,test
14815,test
32158,test
14605,test
56862,test
27489,test
18475,test
33534,test
4531,test
30192,test
2998,test
57333,test
57536,test
60968,test
63399,test
35344,test
63262,test
56262,test
21709,test
66008,test
27790,test
60241,test
62261,test
67947,test
11945,test
27313,test
1910,test
23170,test
56667,test
43774,test
42298,test
69070,test
14318,test
32346,test
66862,test
15846,test
39712,test
38421,test
69209,test
20245,test
35668,test
18552,test
12178,test
34203,test
66851,test
27624,test
18323,test
21730,test
17481,test
64452,test
46267,test
31120,test
66489,test
21911,test
67547,test
11442,test
13197,test
33363,test
66101,test
33930,test
28688,test
51804,test
32009,test
16580,test
65740,test
6872,test
44031,test
68023,test
41382,test
63681,test
35824,test
39967,test
57593,test
19048,test
52662,test
43668,test
55451,test
21046,test
27138,test
19717,test
68833,test
60545,test
60340,test
11974,test
6097,test
4566,test
35373,test
33359,test
43112,test
325,test
45014,test
28960,test
2919,test
60965,test
52774,test
65613,test
51372,test
8147,test
33667,test
26276,test
64716,test
66812,test
28186,test
10640,test
12031,test
64382,test
48221,test
32761,test
53171,test
41596,test
23762,test
32890,test
14398,test
25078,test
51791,test
39865,test
4504,test
41532,test
3835,test
31576,test
28597,test
40000,test
45040,test
47307,test
64625,test
53002,test
32556,test
3106,test
69287,test
28202,test
2532,test
27704,test
49176,test
48486,test
3053,test
3474,test
59528,test
27585,test
17697,test
20509,test
25949,test
61251,test
55819,test
55046,test
30567,test
5886,test
17387,test
42252,test
44143,test
4679,test
45437,test
69108,test
41234,test
29467,test
19163,test
64299,test
60171,test
12986,test
60754,test
46603,test
29586,test
3990,test
56283,test
58618,test
37552,test
10295,test
31357,test
58533,test
16834,test
48416,test
65949,test
36382,test
14464,test
55580,test
59337,test
54113,test
36020,test
55386,test
61171,test
307,test
6337,test
4146,test
50700,test
59291,test
34825,test
35165,test
55484,test
3659,test
7508,test
32520,test
10757,test
29346,test
62498,test
31411,test
15262,test
15426,test
2157,test
54577,test
1301,test
66145,test
64742,test
54879,test
2886,test
15982,test
24945,test
49918,test
6648,test
14845,test
16430,test
64024,test
64168,test
16302,test
3216,test
54707,test
50612,test
22937,test
63369,test
10999,test
47222,test
5940,test
9756,test
16758,test
4436,test
57912,test
32220,test
26274,test
34342,test
15538,test
39983,test
8656,test
41928,test
62882,test
61783,test
59693,test
7719,test
34540,test
53584,test
9968,test
61606,test
17188,test
56785,test
63985,test
24353,test
26971,test
31797,test
44187,test
17397,test
43175,test
34165,test
11798,test
56352,test
38539,test
55461,test
35617,test
25017,test
22571,test
57907,test
21914,test
35385,test
28166,test
31418,test
41649,test
14153,test
57946,test
26640,test
53513,test
42100,test
48277,test
19127,test
14624,test
11910,test
14818,test
20724,test
42773,test
44394,test
19140,test
52882,test
32668,test
46582,test
20184,test
42605,test
10830,test
47824,test
70343,test
9648,test
60214,test
64764,test
33055,test
2354,test
19620,test
23419,test
52267,test
67464,test
59493,test
40935,test
1444,test
41288,test
7162,test
61840,test
413,test
62267,test
27962,test
39621,test
41819,test
26171,test
11810,test
42863,test
70308,test
5878,test
57673,test
3564,test
30928,test
24860,test
6358,test
36239,test
52023,test
16283,test
57064,test
57805,test
35108,test
51338,test
59592,test
62499,test
10417,test
23258,test
62896,test
32172,test
57605,test
68789,test
25237,test
56976,test
59507,test
33469,test
30434,test
7250,test
39194,test
19467,test
40201,test
57169,test
27666,test
45850,test
54873,test
30264,test
61107,test
26150,test
64326,test
26628,test
30714,test
51189,test
4012,test
23771,test
37660,test
31331,test
59370,test
43578,test
16036,test
55576,test
13267,test
28418,test
46373,test
31434,test
70395,test
28699,test
9818,test
60957,test
34846,test
15334,test
4330,test
20852,test
38837,test
45430,test
50067,test
41827,test
59288,test
7349,test
763,test
1045,test
33315,test
26443,test
53953,test
19164,test
46513,test
4766,test
13600,test
51949,test
59663,test
8004,test
35917,test
20160,test
12403,test
27424,test
4380,test
1293,test
8548,test
39933,test
36310,test
68472,test
56477,test
67293,test
49291,test
24922,test
24362,test
24496,test
26229,test
16904,test
36208,test
54082,test
59284,test
41008,test
13817,test
55952,test
26553,test
37397,test
5152,test
59876,test
8644,test
7249,test
51651,test
44284,test
57952,test
16348,test
26780,test
64770,test
65359,test
8814,test
31674,test
10407,test
59522,test
22808,test
37533,test
7747,test
16099,test
6833,test
11450,test
59256,test
42958,test
6429,test
57730,test
26792,test
67236,test
60196,test
65690,test
46420,test
58986,test
10165,test
9632,test
34330,test
39991,test
19024,test
68442,test
65219,test
42155,test
63935,test
11686,test
3896,test
59722,test
38258,test
43473,test
70266,test
62855,test
49909,test
21148,test
39425,test
62374,test
3508,test
47236,test
19047,test
47667,test
33295,test
42243,test
27911,test
52260,test
42366,test
67097,test
49443,test
39312,test
41641,test
17197,test
59526,test
1552,test
48896,test
23806,test
45795,test
22895,test
56948,test
50956,test
45510,test
29617,test
3556,test
13827,test
25469,test
27511,test
35389,test
61732,test
8361,test
10978,test
29568,test
56328,test
69927,test
21364,test
48562,test
27181,test
21496,test
47887,test
12911,test
6365,test
56236,test
62748,test
47843,test
40227,test
56379,test
51389,test
48345,test
46859,test
20639,test
6910,test
55157,test
56683,test
61209,test
27289,test
45644,test
11852,test
15878,test
15960,test
60210,test
25085,test
24513,test
45722,test
6372,test
17343,test
36017,test
7462,test
16766,test
14552,test
64300,test
4514,test
30510,test
40574,test
8138,test
6830,test
66740,test
18085,test
15244,test
24767,test
9130,test
64737,test
60325,test
52498,test
9827,test
40247,test
4720,test
2131,test
25263,test
52614,test
23710,test
21460,test
13816,test
40469,test
55186,test
24576,test
50856,test
35075,test
27162,test
21185,test
21433,test
10364,test
23512,test
39265,test
10475,test
52182,test
5121,test
1031,test
69970,test
36133,test
4651,test
61942,test
34715,test
11153,test
45116,test
65772,test
44960,test
18822,test
48709,test
36678,test
52869,test
29508,test
19586,test
12629,test
64837,test
63855,test
55876,test
29923,test
22359,test
24999,test
49221,test
32379,test
15276,test
48077,test
67116,test
26697,test
60190,test
23052,test
57725,test
24479,test
3702,test
47198,test
54051,test
34653,test
6529,test
31225,test
5157,test
17484,test
31415,test
37352,test
8459,test
50640,test
70557,test
44958,test
63776,test
41168,test
19665,test
11547,test
45625,test
44107,test
27785,test
2348,test
25820,test
46423,test
38994,test
49029,test
50630,test
14094,test
32259,test
64870,test
35731,test
25339,test
33748,test
234,test
2521,test
16340,test
30682,test
25868,test
41650,test
41883,test
23697,test
40745,test
61578,test
3543,test
24707,test
54258,test
57892,test
45738,test
18549,test
50161,test
24616,test
13399,test
7574,test
55051,test
31642,test
41302,test
2158,test
1339,test
26263,test
44884,test
22378,test
35066,test
33856,test
69159,test
52800,test
65878,test
24840,test
43537,test
11838,test
11438,test
21444,test
26432,test
65977,test
46653,test
4069,test
18154,test
67178,test
28443,test
59802,test
60127,test
46960,test
59873,test
23058,test
19374,test
45578,test
69773,test
38573,test
1181,test
18261,test
66291,test
68917,test
39897,test
43323,test
55478,test
12724,test
39044,test
40079,test
40869,test
69938,test
9077,test
26090,test
24286,test
20705,test
47264,test
52825,test
27980,test
27635,test
14773,test
41545,test
30873,test
39829,test
46037,test
33872,test
30532,test
8026,test
62095,test
6742,test
28411,test
35026,test
62347,test
64833,test
33653,test
61700,test
68301,test
53309,test
64593,test
40711,test
63607,test
48615,test
2471,test
8522,test
55331,test
3157,test
32508,test
63030,test
46777,test
39496,test
2729,test
9764,test
16712,test
19780,test
16915,test
43619,test
13356,test
61398,test
32308,test
6082,test
39406,test
34456,test
31099,test
11158,test
17297,test
35595,test
9334,test
21271,test
17492,test
51844,test
52771,test
14840,test
53614,test
16946,test
34072,test
23029,test
55436,test
9938,test
65944,test
52986,test
58408,test
66692,test
55914,test
3160,test
43949,test
46448,test
35141,test
64212,test
63521,test
27199,test
5366,test
44117,test
19323,test
17723,test
2120,test
46223,test
35655,test
46795,test
40047,test
19020,test
37237,test
26979,test
3101,test
12609,test
56923,test
14648,test
38043,test
66472,test
21005,test
11615,test
25007,test
40675,test
29349,test
64016,test
55302,test
31590,test
63358,test
40491,test
44409,test
20883,test
67029,test
41249,test
21380,test
5243,test
1536,test
1879,test
34420,test
29805,test
23804,test
31845,test
44100,test
59985,test
65736,test
21661,test
12140,test
48337,test
29265,test
25581,test
860,test
1483,test
62699,test
14828,test
3214,test
56174,test
56125,test
10666,test
61938,test
66492,test
5653,test
57332,test
13103,test
69239,test
56439,test
42218,test
58902,test
57747,test
43831,test
8322,test
43981,test
13136,test
58052,test
49861,test
59090,test
2253,test
12718,test
42783,test
34313,test
22259,test
43020,test
36005,test
29920,test
60922,test
62331,test
10236,test
23478,test
47010,test
61816,test
59118,test
54609,test
11735,test
52698,test
68658,test
31454,test
60865,test
4067,test
29458,test
53140,test
16810,test
4035,test
45455,test
10367,test
32300,test
62395,test
67395,test
6861,test
20382,test
52646,test
20120,test
30985,test
40119,test
57511,test
56799,test
58049,test
42142,test
46300,test
2866,test
65224,test
7205,test
34296,test
30057,test
65277,test
39394,test
5242,test
15928,test
26670,test
58483,test
25166,test
40411,test
33612,test
46021,test
51797,test
32209,test
66191,test
30000,test
21710,test
32166,test
23974,test
29823,test
38848,test
25487,test
30384,test
52183,test
52227,test
26991,test
6259,test
30202,test
60892,test
46284,test
30081,test
2913,test
12691,test
42865,test
65621,test
67391,test
14879,test
26129,test
7839,test
54066,test
39858,test
6843,test
41653,test
3797,test
17469,test
68676,test
36108,test
62657,test
45126,test
33284,test
7417,test
15740,test
24025,test
62053,test
22038,test
51615,test
4648,test
26295,test
58464,test
1918,test
8972,test
16271,test
7906,test
4519,test
14191,test
40097,test
46984,test
52611,test
33182,test
43331,test
14999,test
61274,test
62275,test
4414,test
43530,test
28593,test
23791,test
13429,test
33092,test
46164,test
48433,test
23329,test
7551,test
62487,test
47827,test
6756,test
38550,test
42471,test
4585,test
58173,test
8067,test
41127,test
9668,test
11054,test
25489,test
66733,test
9515,test
70036,test
65083,test
11943,test
10339,test
42567,test
70482,test
59331,test
24730,test
48218,test
64260,test
20749,test
14595,test
8472,test
19618,test
11759,test
38736,test
51681,test
49337,test
8659,test
40454,test
42699,test
19448,test
7090,test
34709,test
23076,test
10861,test
27003,test
39649,test
47324,test
19103,test
46103,test
66995,test
2740,test
58010,test
58079,test
30940,test
36109,test
9975,test
14017,test
1501,test
64982,test
40887,test
24545,test
11655,test
19306,test
34612,test
11098,test
44005,test
17156,test
46505,test
68633,test
16046,test
6310,test
9522,test
54255,test
3594,test
13498,test
17933,test
68753,test
70651,test
63263,test
22880,test
5095,test
7601,test
61284,test
59219,test
17904,test
26389,test
58827,test
34844,test
609,test
9376,test
28211,test
7431,test
16771,test
714,test
20231,test
60092,test
48409,test
26016,test
66568,test
38441,test
52644,test
46418,test
61809,test
12429,test
47218,test
21993,test
27870,test
58357,test
43615,test
35169,test
53443,test
31098,test
7430,test
4231,test
51785,test
16940,test
52249,test
10063,test
68555,test
14673,test
61329,test
68334,test
45348,test
50300,test
33532,test
2441,test
62563,test
16341,test
9168,test
34156,test
485,test
38543,test
47898,test
43872,test
28655,test
10943,test
44918,test
31775,test
1710,test
97,test
57078,test
59160,test
18940,test
64642,test
32045,test
48779,test
54578,test
17864,test
18183,test
1086,test
26128,test
45136,test
31774,test
28505,test
10922,test
16703,test
15584,test
4033,test
42708,test
41837,test
200,test
24012,test
43731,test
2288,test
19480,test
22660,test
13601,test
30516,test
34091,test
60351,test
10180,test
29414,test
26163,test
4718,test
8649,test
25689,test
29757,test
33367,test
565,test
50463,test
14231,test
59176,test
58206,test
58051,test
50242,test
65826,test
46665,test
63810,test
27207,test
29248,test
47500,test
16204,test
8297,test
41380,test
47161,test
65481,test
29408,test
33928,test
51606,test
2145,test
61202,test
12625,test
52270,test
65288,test
29285,test
23588,test
50305,test
50329,test
35332,test
1307,test
18326,test
68165,test
20811,test
64933,test
46067,test
56962,test
27022,test
4288,test
58101,test
53474,test
39859,test
19985,test
52512,test
11075,test
69654,test
52848,test
14800,test
59174,test
7118,test
67268,test
35961,test
40885,test
33218,test
18786,test
33248,test
41426,test
10148,test
41960,test
21771,test
10133,test
14125,test
20014,test
33089,test
8655,test
61053,test
67059,test
62621,test
61752,test
58890,test
50283,test
49845,test
20711,test
42030,test
51543,test
35222,test
51266,test
44892,test
13045,test
55357,test
55426,test
59320,test
7234,test
51784,test
7382,test
63014,test
35854,test
62478,test
37631,test
23680,test
42897,test
8300,test
44250,test
28916,test
15388,test
38753,test
43466,test
27254,test
57690,test
2244,test
10388,test
12560,test
63765,test
21657,test
5624,test
483,test
65062,test
3723,test
47488,test
14635,test
15442,test
16629,test
50545,test
52682,test
45142,test
46048,test
34459,test
62494,test
2093,test
64875,test
13095,test
56865,test
20579,test
24385,test
7596,test
8096,test
12122,test
35243,test
30054,test
11829,test
46450,test
59949,test
55551,test
14110,test
13903,test
43901,test
47235,test
43604,test
66379,test
31422,test
4024,test
26002,test
10096,test
23707,test
45139,test
741,test
24989,test
53338,test
18247,test
29562,test
28008,test
25573,test
5464,test
70324,test
18227,test
21964,test
46135,test
20259,test
29885,test
47646,test
47653,test
7982,test
45527,test
12400,test
41986,test
65330,test
39774,test
32362,test
22561,test
21416,test
23160,test
7550,test
35682,test
38241,test
17139,test
24919,test
42024,test
40226,test
5569,test
32608,test
55691,test
64184,test
6698,test
7744,test
36355,test
30903,test
49853,test
29095,test
35619,test
62914,test
21509,test
50448,test
63146,test
66632,test
42073,test
68525,test
69186,test
29200,test
48389,test
34218,test
51456,test
25841,test
47397,test
48208,test
49171,test
48031,test
16262,test
50838,test
68270,test
67843,test
54602,test
44894,test
27354,test
388,test
35989,test
19168,test
35292,test
12255,test
22589,test
28019,test
34661,test
54925,test
48314,test
27361,test
35946,test
35371,test
21502,test
45686,test
22192,test
62417,test
40374,test
49123,test
60798,test
66644,test
14584,test
63705,test
56006,test
31520,test
66107,test
16706,test
59191,test
23601,test
2225,test
10581,test
24804,test
48952,test
16454,test
866,test
66526,test
33752,test
43103,test
9079,test
12755,test
14696,test
53873,test
54898,test
11185,test
7472,test
34143,test
35430,test
13364,test
55424,test
51512,test
1519,test
2747,test
51655,test
69845,test
49740,test
54509,test
27085,test
56856,test
45601,test
42616,test
18530,test
57415,test
3537,test
16497,test
10325,test
112,test
42992,test
24946,test
11365,test
64495,test
26400,test
5849,test
2656,test
53076,test
5643,test
58139,test
36331,test
45133,test
28622,test
66758,test
21147,test
37131,test
23906,test
37393,test
48869,test
27086,test
42229,test
66736,test
4575,test
15920,test
15700,test
66894,test
42316,test
62588,test
48457,test
65467,test
10066,test
6204,test
2178,test
28964,test
63081,test
48422,test
55482,test
65894,test
23447,test
37701,test
68079,test
21060,test
68320,test
43655,test
68818,test
68189,test
44593,test
3426,test
52627,test
8567,test
50673,test
9558,test
35113,test
48452,test
12647,test
35206,test
5053,test
37991,test
37196,test
49282,test
54080,test
54380,test
3032,test
69555,test
17637,test
34576,test
45404,test
24061,test
68688,test
37868,test
14350,test
53491,test
14080,test
62140,test
22348,test
24622,test
622,test
63463,test
35210,test
35676,test
55118,test
31224,test
8378,test
48708,test
70003,test
38969,test
62010,test
59373,test
60911,test
66565,test
70183,test
44790,test
38832,test
26396,test
30995,test
16985,test
17956,test
5346,test
18279,test
62438,test
47954,test
65343,test
15458,test
68110,test
40520,test
61896,test
15791,test
18451,test
26533,test
39870,test
53763,test
61804,test
6680,test
47044,test
42401,test
17100,test
14178,test
51227,test
58920,test
44298,test
6938,test
12507,test
36709,test
21013,test
4388,test
2975,test
2233,test
19,test
66965,test
22689,test
33828,test
66667,test
59162,test
64707,test
29214,test
63175,test
11133,test
67540,test
14325,test
23006,test
52465,test
64936,test
69742,test
17602,test
53736,test
40285,test
59805,test
65047,test
49400,test
70597,test
68900,test
20561,test
16000,test
35478,test
28209,test
6108,test
19204,test
65053,test
26537,test
12467,test
5716,test
21836,test
20112,test
46815,test
60159,test
51348,test
54975,test
2675,test
26474,test
65261,test
9622,test
34496,test
23206,test
63122,test
41635,test
69461,test
70431,test
20276,test
34061,test
61245,test
49641,test
23476,test
23988,test
54813,test
58791,test
40205,test
58216,test
4091,test
3083,test
12437,test
2003,test
67748,test
64338,test
36264,test
5725,test
70347,test
32016,test
28319,test
12617,test
46185,test
21654,test
18024,test
61932,test
54580,test
59861,test
20615,test
38528,test
8270,test
36529,test
50573,test
8510,test
56616,test
2015,test
44656,test
5231,test
1165,test
10424,test
42440,test
66069,test
3693,test
29404,test
41362,test
25021,test
51852,test
62884,test
41097,test
35513,test
29230,test
24306,test
23333,test
44517,test
28356,test
30999,test
20192,test
31996,test
50271,test
22270,test
50791,test
41524,test
66030,test
5560,test
37905,test
12504,test
16005,test
14448,test
3270,test
43236,test
60462,test
21593,test
48200,test
9739,test
27187,test
62094,test
38761,test
39854,test
47233,test
38372,test
13269,test
52522,test
11784,test
55641,test
19576,test
56374,test
32643,test
48500,test
4179,test
40977,test
20650,test
64344,test
36664,test
62677,test
70501,test
49157,test
66774,test
7351,test
28248,test
44548,test
28865,test
47070,test
11552,test
65755,test
38946,test
41666,test
31170,test
53788,test
45048,test
53227,test
70432,test
32846,test
54200,test
28566,test
5482,test
58591,test
9083,test
33919,test
19558,test
22951,test
33238,test
2218,test
62217,test
8063,test
48351,test
42834,test
12159,test
4994,test
68504,test
49097,test
2137,test
5789,test
20862,test
36812,test
32107,test
58613,test
43987,test
46962,test
50825,test
41206,test
12708,test
1896,test
15523,test
10597,test
26602,test
35531,test
68104,test
70112,test
52011,test
15101,test
32811,test
41237,test
35455,test
3488,test
6335,test
25112,test
48665,test
3607,test
16212,test
57991,test
43013,test
32027,test
10989,test
25761,test
47555,test
58182,test
17186,test
40883,test
56591,test
8650,test
19262,test
28616,test
66493,test
17899,test
56473,test
29947,test
44368,test
38931,test
14363,test
11087,test
20975,test
48913,test
19149,test
57585,test
2229,test
15606,test
43813,test
48711,test
56076,test
37104,test
53880,test
24991,test
17887,test
27816,test
9531,test
26782,test
19433,test
27137,test
22778,test
12792,test
23700,test
61168,test
32089,test
36496,test
17254,test
4638,test
25532,test
57035,test
4867,test
39643,test
8346,test
17392,test
30480,test
68830,test
46809,test
49636,test
32217,test
68640,test
24580,test
17431,test
41399,test
45175,test
21508,test
7268,test
34909,test
21539,test
21445,test
28671,test
47643,test
67358,test
70383,test
21349,test
68344,test
48296,test
50685,test
537,test
33542,test
40040,test
21775,test
1862,test
69212,test
7101,test
63613,test
11512,test
42466,test
37345,test
68316,test
19196,test
18789,test
42027,test
7932,test
14609,test
11702,test
23135,test
43260,test
57366,test
28169,test
3104,test
62834,test
33779,test
37682,test
43714,test
59610,test
3803,test
49184,test
27083,test
51931,test
26114,test
69496,test
50900,test
42757,test
31687,test
46549,test
61480,test
15783,test
53005,test
18524,test
18309,test
26841,test
26744,test
35845,test
17835,test
48785,test
13293,test
26852,test
1317,test
5852,test
1040,test
69121,test
36553,test
40592,test
5338,test
11663,test
61312,test
48566,test
45533,test
62898,test
44771,test
37107,test
7323,test
28551,test
13363,test
61536,test
63185,test
13596,test
14794,test
66960,test
63957,test
69231,test
60130,test
3369,test
29295,test
68920,test
67120,test
3505,test
57743,test
63218,test
8485,test
64775,test
59703,test
29599,test
44687,test
62226,test
1800,test
22909,test
34043,test
67601,test
44378,test
5185,test
31379,test
61023,test
37680,test
21466,test
46241,test
645,test
51684,test
20385,test
33016,test
46863,test
39098,test
36811,test
23682,test
10853,test
69116,test
46314,test
45731,test
46285,test
63930,test
2070,test
60558,test
37789,test
69052,test
59794,test
25767,test
39866,test
8884,test
28839,test
23471,test
34381,test
35865,test
66982,test
11987,test
38977,test
14858,test
35083,test
27732,test
59183,test
17130,test
17000,test
63019,test
65032,test
11577,test
2082,test
70553,test
14744,test
9264,test
47618,test
25325,test
8763,test
46436,test
69664,test
34771,test
60328,test
26790,test
18332,test
4962,test
6598,test
70048,test
43736,test
12225,test
69843,test
29494,test
36232,test
61466,test
24014,test
37797,test
55493,test
53275,test
43835,test
14268,test
27596,test
68210,test
4187,test
47461,test
42123,test
48381,test
52399,test
32851,test
6105,test
58209,test
13948,test
50048,test
27705,test
34605,test
64849,test
6605,test
63069,test
21090,test
68077,test
28061,test
43280,test
886,test
42119,test
18993,test
50676,test
14640,test
68456,test
1370,test
49223,test
35228,test
4336,test
9483,test
21384,test
68134,test
9203,test
20829,test
36067,test
14542,test
17070,test
64106,test
67296,test
2453,test
49356,test
52441,test
63055,test
69796,test
63839,test
59240,test
3928,test
4696,test
720,test
45195,test
40557,test
28887,test
50264,test
45946,test
55062,test
29342,test
16261,test
14313,test
12707,test
34055,test
44889,test
52819,test
23800,test
64953,test
9389,test
54824,test
10054,test
62380,test
46728,test
2301,test
68551,test
42957,test
26914,test
56713,test
54150,test
44251,test
54515,test
25724,test
17081,test
39951,test
67673,test
19091,test
2073,test
40532,test
69128,test
1474,test
32079,test
30656,test
50605,test
63162,test
27801,test
57849,test
60915,test
70066,test
14890,test
8929,test
25625,test
65265,test
35758,test
27786,test
22834,test
53286,test
14360,test
35324,test
14249,test
59782,test
62804,test
26140,test
47327,test
5616,test
46434,test
49606,test
58843,test
30743,test
21154,test
24074,test
30794,test
63489,test
42497,test
67174,test
58238,test
21100,test
50537,test
35338,test
26947,test
13909,test
9633,test
33647,test
36855,test
13669,test
57869,test
22776,test
5001,test
35237,test
61636,test
64008,test
64492,test
65471,test
61824,test
61877,test
33868,test
44002,test
22864,test
43683,test
60129,test
36972,test
7623,test
46523,test
20523,test
53644,test
2451,test
33300,test
30900,test
28268,test
19373,test
36672,test
1209,test
25632,test
13912,test
31711,test
52430,test
2719,test
33079,test
61576,test
51409,test
56043,test
63312,test
11975,test
63338,test
11297,test
27049,test
34086,test
34947,test
32357,test
36186,test
57572,test
1304,test
38065,test
69300,test
8942,test
20596,test
55038,test
17663,test
27025,test
29851,test
57731,test
7717,test
18012,test
1426,test
2795,test
58527,test
50752,test
18947,test
11667,test
46238,test
56965,test
146,test
26207,test
55680,test
14725,test
68198,test
14859,test
23502,test
42499,test
10764,test
16825,test
6565,test
42314,test
4441,test
7471,test
14952,test
57611,test
63276,test
19631,test
28241,test
23499,test
33563,test
29750,test
48350,test
30881,test
63171,test
30700,test
26755,test
36708,test
34385,test
44245,test
3301,test
37995,test
26512,test
19668,test
49773,test
47655,test
58149,test
35630,test
6351,test
21501,test
70018,test
38243,test
1623,test
16900,test
55297,test
26109,test
42491,test
5345,test
36045,test
68421,test
66370,test
67075,test
11323,test
66745,test
36281,test
1506,test
21903,test
12353,test
40305,test
60139,test
62135,test
52037,test
57715,test
40005,test
6646,test
10270,test
42559,test
23393,test
38630,test
41215,test
27102,test
10169,test
19589,test
59647,test
58499,test
25672,test
2627,test
1883,test
46400,test
29663,test
10055,test
10785,test
66869,test
29674,test
16730,test
36079,test
16471,test
51747,test
51772,test
24040,test
1260,test
48707,test
33688,test
8790,test
12735,test
41212,test
27795,test
45234,test
57602,test
44227,test
21649,test
32990,test
5151,test
18278,test
18121,test
34337,test
56521,test
25063,test
33981,test
58325,test
63031,test
20673,test
53743,test
34988,test
21265,test
56742,test
70632,test
6438,test
66921,test
55431,test
25185,test
31308,test
60634,test
50579,test
32712,test
58762,test
68306,test
34152,test
54228,test
58335,test
25953,test
54667,test
44412,test
9582,test
34783,test
30183,test
53664,test
22823,test
8514,test
1820,test
21015,test
62224,test
10171,test
59024,test
837,test
35361,test
69323,test
43794,test
63366,test
66000,test
6618,test
22388,test
2421,test
37821,test
688,test
25453,test
44611,test
64539,test
53244,test
53326,test
50490,test
48018,test
41189,test
52159,test
57945,test
43222,test
20277,test
31604,test
36169,test
40722,test
21263,test
11376,test
33826,test
7694,test
14200,test
26551,test
18514,test
42084,test
39756,test
50961,test
69058,test
58544,test
62028,test
21227,test
66878,test
65599,test
32623,test
36478,test
38476,test
43752,test
2715,test
2565,test
58248,test
32690,test
42098,test
30615,test
43915,test
3739,test
11485,test
5820,test
3964,test
22452,test
29751,test
48113,test
68438,test
57176,test
14201,test
41751,test
51388,test
49094,test
53554,test
35211,test
650,test
12157,test
41205,test
17370,test
3172,test
8843,test
21665,test
65807,test
61880,test
61177,test
65059,test
2118,test
55809,test
39480,test
30381,test
26884,test
10142,test
59495,test
20275,test
47814,test
799,test
46005,test
12135,test
31000,test
1065,test
4154,test
58031,test
31908,test
30092,test
69683,test
29082,test
23283,test
41456,test
61994,test
59698,test
55399,test
5506,test
55929,test
4692,test
21298,test
11728,test
54198,test
53470,test
62103,test
34660,test
25347,test
41846,test
41218,test
35943,test
61002,test
42791,test
37496,test
34226,test
34359,test
68099,test
53013,test
3540,test
43185,test
46722,test
28272,test
41903,test
50197,test
34818,test
36353,test
6177,test
4906,test
55007,test
22787,test
6545,test
20300,test
56334,test
36634,test
47621,test
27689,test
41422,test
51216,test
29840,test
65306,test
42192,test
4073,test
39173,test
53771,test
39038,test
51127,test
54492,test
32311,test
15346,test
69621,test
24821,test
3213,test
60720,test
66574,test
31927,test
19642,test
9599,test
12433,test
37921,test
22663,test
40957,test
27845,test
43649,test
50671,test
8481,test
57134,test
632,test
56904,test
66612,test
3793,test
16711,test
42176,test
64974,test
52400,test
58060,test
15454,test
23538,test
59921,test
48188,test
47506,test
32595,test
4284,test
20619,test
18932,test
46744,test
56065,test
8190,test
26646,test
57993,test
6713,test
52949,test
65881,test
8856,test
66263,test
17154,test
38485,test
548,test
41453,test
2756,test
8520,test
12392,test
37932,test
17280,test
26089,test
38314,test
69063,test
21075,test
60387,test
45981,test
22992,test
33988,test
34068,test
13185,test
16872,test
33081,test
60414,test
39110,test
13236,test
6755,test
19821,test
40771,test
47603,test
20742,test
18802,test
15630,test
67231,test
38405,test
33384,test
63608,test
46242,test
50287,test
56182,test
62227,test
65403,test
20362,test
60893,test
2054,test
20338,test
43562,test
7096,test
70177,test
18763,test
25144,test
17515,test
14179,test
5137,test
25403,test
5515,test
63630,test
66102,test
29131,test
20325,test
24798,test
50554,test
22331,test
31608,test
7027,test
58112,test
56407,test
64285,test
43008,test
70448,test
216,test
42209,test
7979,test
18519,test
16546,test
50806,test
1157,test
41624,test
62744,test
60590,test
27041,test
18362,test
56184,test
39615,test
888,test
6868,test
30758,test
40666,test
42351,test
64169,test
68140,test
49486,test
9898,test
29327,test
17281,test
43934,test
68719,test
63708,test
23119,test
18661,test
41392,test
55518,test
1199,test
9671,test
56073,test
15095,test
24805,test
11665,test
65367,test
4799,test
56063,test
20035,test
9427,test
51991,test
41882,test
25589,test
41848,test
58885,test
8606,test
68906,test
26934,test
11351,test
33381,test
15927,test
55663,test
46193,test
41035,test
5167,test
61817,test
42483,test
19330,test
55106,test
27,test
63676,test
37319,test
47315,test
63533,test
31595,test
49720,test
70433,test
53204,test
29217,test
9800,test
36075,test
30495,test
23623,test
47853,test
47342,test
42503,test
37122,test
51760,test
58853,test
1581,test
23371,test
18417,test
23236,test
39535,test
57436,test
56036,test
19867,test
14047,test
2530,test
1961,test
48186,test
63115,test
65101,test
59992,test
26329,test
40997,test
31277,test
63230,test
27453,test
10589,test
40760,test
53291,test
56002,test
63027,test
53635,test
16817,test
10433,test
34581,test
53848,test
20996,test
4165,test
60956,test
46615,test
4934,test
40982,test
2474,test
13855,test
31830,test
15389,test
67049,test
50286,test
8320,test
70458,test
6687,test
20337,test
61190,test
126,test
18875,test
47880,test
50274,test
46613,test
3519,test
16041,test
4427,test
13688,test
23973,test
56720,test
1690,test
56170,test
21095,test
27796,test
35624,test
53564,test
5147,test
29150,test
58451,test
16218,test
60212,test
3666,test
41632,test
22287,test
39696,test
30314,test
66807,test
59032,test
14349,test
790,test
46231,test
38149,test
51079,test
45466,test
33159,test
22936,test
5790,test
55780,test
60233,test
33530,test
12207,test
8506,test
2414,test
42058,test
31086,test
31732,test
47851,test
8412,test
35642,test
41145,test
43694,test
69693,test
31656,test
47899,test
31431,test
53924,test
64381,test
57924,test
37162,test
61379,test
7950,test
11504,test
60666,test
60507,test
2209,test
61796,test
57432,test
33637,test
32611,test
11076,test
45515,test
35377,test
52056,test
58749,test
31269,test
38960,test
23914,test
50363,test
23401,test
69667,test
66485,test
58776,test
45539,test
10792,test
28561,test
26687,test
13791,test
37539,test
66978,test
22890,test
50805,test
15486,test
48723,test
24415,test
34608,test
67766,test
66154,test
882,test
26265,test
28325,test
27346,test
19802,test
55831,test
4725,test
62640,test
32376,test
22685,test
44723,test
37228,test
61364,test
12039,test
67012,test
5419,test
33163,test
56860,test
38944,test
59097,test
23614,test
68193,test
37950,test
65137,test
60544,test
18049,test
57739,test
4788,test
1678,test
42043,test
2176,test
36922,test
67761,test
1398,test
39435,test
25130,test
29552,test
13945,test
22286,test
32618,test
69937,test
5514,test
19779,test
19892,test
23666,test
7277,test
46700,test
61619,test
8182,test
17124,test
54383,test
54764,test
13358,test
48141,test
54463,test
14006,test
51467,test
35229,test
46058,test
48681,test
58245,test
43817,test
14877,test
43969,test
51569,test
35937,test
9017,test
20601,test
8973,test
54458,test
35562,test
33436,test
3017,test
9215,test
62636,test
24639,test
6841,test
67674,test
1644,test
65765,test
2387,test
65159,test
59258,test
68928,test
50472,test
8802,test
63882,test
24412,test
35351,test
67267,test
47087,test
9690,test
32332,test
59419,test
36335,test
54569,test
22358,test
12753,test
60453,test
41752,test
30591,test
58067,test
26569,test
68436,test
10807,test
7991,test
44315,test
426,test
12314,test
3527,test
27862,test
13113,test
57776,test
47166,test
61582,test
56951,test
62940,test
50201,test
64602,test
7059,test
37611,test
31828,test
62725,test
18615,test
67306,test
44737,test
5429,test
70114,test
28182,test
36935,test
16637,test
15799,test
44006,test
25546,test
61751,test
52571,test
34247,test
31551,test
23702,test
69379,test
21473,test
6906,test
39492,test
13922,test
13515,test
27410,test
53663,test
15568,test
53194,test
8574,test
21893,test
65383,test
44970,test
59264,test
19353,test
18465,test
35726,test
46495,test
28718,test
15970,test
45374,test
38025,test
5015,test
18770,test
19876,test
68423,test
19897,test
31647,test
28427,test
12099,test
7988,test
44209,test
24425,test
30897,test
37233,test
68041,test
67131,test
3747,test
5043,test
65118,test
63700,test
2127,test
13538,test
13060,test
22496,test
66989,test
23957,test
14810,test
29926,test
59006,test
39202,test
70283,test
54439,test
49144,test
14644,test
10768,test
57964,test
23166,test
27566,test
66556,test
30247,test
19784,test
51013,test
24982,test
15971,test
56049,test
37034,test
27043,test
30116,test
34959,test
12654,test
52941,test
58003,test
57830,test
22159,test
5324,test
761,test
51741,test
58962,test
22072,test
7660,test
60514,test
31886,test
17437,test
37822,test
64664,test
38685,test
15260,test
10323,test
14775,test
43808,test
61241,test
33351,test
59636,test
14702,test
50629,test
22260,test
32411,test
37441,test
34217,test
4940,test
45229,test
65521,test
29824,test
6008,test
5105,test
61623,test
32922,test
23008,test
54663,test
50532,test
56978,test
24053,test
15321,test
21325,test
52263,test
3801,test
14328,test
48929,test
16409,test
5697,test
9301,test
29310,test
48796,test
11390,test
32053,test
18102,test
47518,test
19189,test
38548,test
19318,test
65142,test
18082,test
56881,test
16180,test
33121,test
23424,test
52768,test
68767,test
41860,test
53884,test
40742,test
59,test
33207,test
68255,test
7422,test
20319,test
18216,test
59895,test
26847,test
41556,test
36630,test
21989,test
14150,test
23630,test
65065,test
58816,test
3817,test
8186,test
57985,test
12374,test
60096,test
27109,test
55942,test
60799,test
3273,test
48127,test
32747,test
65449,test
21902,test
50524,test
21917,test
31017,test
60578,test
11136,test
37826,test
42968,test
30884,test
10972,test
55561,test
29363,test
14568,test
50714,test
5678,test
69227,test
27638,test
9977,test
49499,test
40068,test
66211,test
43746,test
70509,test
46750,test
38148,test
14051,test
70516,test
22771,test
15452,test
66112,test
53319,test
43729,test
69214,test
69160,test
70441,test
46906,test
17462,test
34759,test
7358,test
50419,test
10300,test
11348,test
24240,test
56219,test
38546,test
54468,test
66123,test
53133,test
5063,test
17108,test
64653,test
19715,test
53400,test
47914,test
41466,test
66711,test
47571,test
40238,test
1535,test
12233,test
48462,test
11201,test
62181,test
30161,test
41801,test
38562,test
55816,test
36746,test
21576,test
66451,test
37613,test
23661,test
34485,test
8803,test
66789,test
21114,test
34332,test
52346,test
19619,test
29165,test
1838,test
5415,test
39836,test
10202,test
464,test
58201,test
61982,test
61998,test
13046,test
2068,test
29240,test
28040,test
8616,test
46739,test
4244,test
8917,test
69092,test
33738,test
26460,test
13545,test
46066,test
26749,test
1429,test
34112,test
41209,test
41089,test
21647,test
69998,test
825,test
64577,test
44118,test
39280,test
24743,test
68989,test
62232,test
20977,test
13487,test
26857,test
23767,test
58507,test
809,test
50214,test
47713,test
28262,test
16764,test
46711,test
10147,test
12248,test
68204,test
69483,test
279,test
12145,test
37285,test
785,test
104,test
27067,test
60762,test
45862,test
710,test
147,test
22542,test
43193,test
17011,test
46008,test
1965,test
63720,test
11425,test
63239,test
65228,test
21389,test
66396,test
9971,test
14896,test
28372,test
36853,test
67368,test
61742,test
60434,test
66824,test
236,test
24492,test
64006,test
48524,test
61461,test
19485,test
65792,test
55896,test
63870,test
25992,test
2541,test
10803,test
24601,test
41113,test
19678,test
15563,test
1840,test
65984,test
1607,test
49954,test
37739,test
15354,test
44997,test
43963,test
46689,test
21035,test
63900,test
57411,test
34922,test
67596,test
41023,test
51436,test
66635,test
45617,test
19971,test
64183,test
48873,test
61418,test
60984,test
52457,test
33501,test
38649,test
1093,test
30002,test
43009,test
8015,test
41324,test
59108,test
44147,test
14601,test
63986,test
24687,test
59467,test
13974,test
42475,test
29226,test
57045,test
60741,test
35158,test
31609,test
37709,test
6752,test
25139,test
60254,test
54689,test
19137,test
21619,test
70384,test
25106,test
2167,test
38453,test
58525,test
48375,test
6184,test
14944,test
52872,test
25331,test
22046,test
15735,test
15592,test
59804,test
44106,test
13428,test
68327,test
55358,test
5260,test
55177,test
51238,test
54103,test
66959,test
54391,test
24851,test
35399,test
20557,test
51933,test
21981,test
37424,test
41076,test
9045,test
32232,test
8107,test
29276,test
62710,test
69132,test
29203,test
10439,test
42424,test
34710,test
20137,test
67221,test
19420,test
47353,test
15648,test
2492,test
30956,test
69329,test
11822,test
9330,test
63827,test
34063,test
40859,test
62149,test
4517,test
32072,test
43414,test
46682,test
3355,test
68060,test
20172,test
24092,test
47213,test
45380,test
18195,test
24799,test
45968,test
31841,test
36105,test
59906,test
28157,test
12005,test
23752,test
4516,test
26497,test
62187,test
33728,test
64170,test
24310,test
51848,test
64157,test
29992,test
8602,test
42394,test
19570,test
43408,test
38474,test
19983,test
22434,test
17648,test
20355,test
44373,test
58725,test
44967,test
23235,test
47570,test
32542,test
48374,test
32492,test
37511,test
10821,test
9724,test
10982,test
32071,test
66724,test
48539,test
36692,test
69334,test
22290,test
33859,test
67632,test
53266,test
581,test
50674,test
29528,test
70388,test
48117,test
13253,test
9472,test
20161,test
41090,test
42722,test
58754,test
29407,test
27754,test
52313,test
13741,test
67645,test
4296,test
69704,test
26541,test
56977,test
44861,test
36404,test
14860,test
20788,test
26138,test
41214,test
62661,test
64694,test
64699,test
69926,test
67246,test
13670,test
65747,test
2852,test
17328,test
60676,test
36576,test
37413,test
21350,test
54295,test
8450,test
9001,test
62759,test
39954,test
39827,test
7507,test
7899,test
52928,test
41254,test
67733,test
33518,test
163,test
67723,test
28195,test
41384,test
35957,test
53811,test
28951,test
26882,test
61939,test
60083,test
62738,test
67394,test
17785,test
28770,test
44866,test
66949,test
33898,test
27278,test
65255,test
39446,test
65671,test
36418,test
53535,test
9275,test
1055,test
53694,test
52493,test
69033,test
60675,test
19561,test
40973,test
28396,test
59618,test
17547,test
6077,test
58661,test
50588,test
50519,test
27755,test
44455,test
50797,test
32616,test
19775,test
35191,test
48931,test
25369,test
63657,test
32657,test
32471,test
23954,test
62713,test
62156,test
36530,test
46426,test
60748,test
7253,test
31018,test
1765,test
39729,test
26805,test
16448,test
44651,test
40566,test
2883,test
17428,test
9222,test
13481,test
54679,test
61533,test
68729,test
56579,test
9311,test
52246,test
47673,test
20069,test
27119,test
23117,test
25833,test
29472,test
50886,test
64808,test
69559,test
66549,test
69205,test
28059,test
46785,test
24335,test
51239,test
22754,test
62260,test
50800,test
23681,test
13902,test
43678,test
22726,test
9615,test
3072,test
19528,test
69174,test
35176,test
1557,test
70536,test
63819,test
29820,test
42889,test
28541,test
18246,test
56340,test
34903,test
60368,test
69552,test
59549,test
65329,test
31253,test
42417,test
52687,test
36575,test
39138,test
38224,test
27561,test
30219,test
654,test
26321,test
62755,test
50879,test
30909,test
41277,test
66833,test
26978,test
17301,test
15539,test
58287,test
20714,test
10260,test
45220,test
5358,test
42649,test
26905,test
45368,test
60448,test
54475,test
1605,test
40149,test
51363,test
54416,test
36019,test
9778,test
27221,test
5048,test
44924,test
41573,test
58054,test
19700,test
57414,test
64192,test
61131,test
20688,test
25388,test
20998,test
65457,test
15097,test
58388,test
22944,test
25402,test
32140,test
2540,test
10483,test
2755,test
36704,test
53053,test
32529,test
60364,test
58558,test
2716,test
46652,test
14931,test
49802,test
31526,test
15098,test
40273,test
37819,test
2853,test
37917,test
30262,test
63969,test
28086,test
33244,test
33205,test
51379,test
15122,test
45802,test
26525,test
18057,test
54084,test
62635,test
40307,test
23575,test
6448,test
20804,test
65901,test
58676,test
38102,test
69788,test
50500,test
35171,test
20093,test
68075,test
35761,test
62858,test
61469,test
9787,test
13641,test
46002,test
18670,test
48482,test
20871,test
40884,test
57959,test
50024,test
62991,test
8961,test
12517,test
65568,test
40618,test
26326,test
34443,test
65190,test
28641,test
41044,test
40196,test
50334,test
8466,test
59278,test
69305,test
55011,test
33183,test
29138,test
43563,test
49610,test
49215,test
6750,test
14781,test
50756,test
69430,test
17527,test
16574,test
32764,test
66908,test
34236,test
41398,test
64564,test
23337,test
7356,test
18931,test
67110,test
66957,test
69407,test
17700,test
59990,test
40360,test
22291,test
65157,test
48909,test
53978,test
9821,test
47829,test
56138,test
50799,test
14038,test
52792,test
58735,test
9585,test
14521,test
34026,test
11160,test
32312,test
66768,test
51088,test
11938,test
15273,test
13705,test
28201,test
38221,test
58494,test
27369,test
275,test
60463,test
44148,test
38914,test
6636,test
65357,test
17455,test
50606,test
52745,test
14527,test
3260,test
37337,test
56221,test
63672,test
57386,test
40368,test
7965,test
24178,test
65152,test
28912,test
31248,test
64135,test
69620,test
57062,test
5706,test
27379,test
62729,test
58059,test
3931,test
63794,test
28981,test
58407,test
47434,test
18818,test
35315,test
53038,test
65652,test
43472,test
61915,test
37043,test
61134,test
54451,test
30898,test
66119,test
15532,test
66389,test
23784,test
60686,test
25866,test
50154,test
36360,test
63022,test
69669,test
68196,test
63219,test
39342,test
66801,test
61699,test
52191,test
46799,test
53134,test
20803,test
31498,test
47251,test
70652,test
1702,test
48560,test
18751,test
57975,test
34504,test
63125,test
55068,test
37684,test
26306,test
31738,test
3116,test
43769,test
44323,test
30961,test
54608,test
55563,test
67636,test
17780,test
25040,test
38871,test
5503,test
55417,test
7504,test
66280,test
9512,test
50625,test
58445,test
47931,test
64998,test
40002,test
39921,test
70139,test
5881,test
56934,test
28041,test
57655,test
18438,test
3071,test
49331,test
47607,test
42695,test
70689,test
56870,test
48502,test
9858,test
9815,test
39082,test
15544,test
31171,test
7302,test
51413,test
63130,test
59729,test
18151,test
49673,test
14172,test
68172,test
41906,test
34804,test
5138,test
25852,test
13306,test
46171,test
42990,test
55937,test
55162,test
35494,test
11768,test
60901,test
40868,test
33645,test
28361,test
57042,test
37929,test
2943,test
54457,test
31762,test
69180,test
69661,test
45677,test
16254,test
45176,test
13245,test
13892,test
13412,test
8164,test
7945,test
42004,test
46973,test
34096,test
19032,test
35121,test
22532,test
47857,test
66543,test
700,test
65531,test
47096,test
5027,test
47329,test
36645,test
28782,test
39515,test
25050,test
53405,test
65642,test
9509,test
17217,test
31233,test
44761,test
55125,test
19981,test
60703,test
12239,test
39549,test
39251,test
579,test
44992,test
66248,test
41741,test
64253,test
25303,test
45206,test
47048,test
32796,test
41989,test
45950,test
53001,test
1863,test
33599,test
4471,test
22549,test
2798,test
58876,test
24638,test
8086,test
25354,test
59616,test
22887,test
20929,test
3164,test
16955,test
50248,test
6512,test
26479,test
39389,test
29976,test
27032,test
30265,test
50646,test
57147,test
37975,test
18145,test
10743,test
32906,test
55685,test
20631,test
64623,test
57322,test
1271,test
55793,test
9749,test
27321,test
63697,test
52384,test
70563,test
38150,test
627,test
31874,test
61813,test
1132,test
68637,test
43941,test
2206,test
42340,test
68390,test
8327,test
36778,test
22645,test
45905,test
39748,test
65440,test
32839,test
54562,test
16445,test
38930,test
39955,test
33675,test
45200,test
15018,test
46593,test
28586,test
52530,test
31089,test
59751,test
42869,test
33743,test
56748,test
10677,test
5767,test
41625,test
25366,test
33313,test
21764,test
48106,test
19554,test
32666,test
18512,test
17654,test
61266,test
46388,test
68980,test
67436,test
27827,test
27269,test
1313,test
55116,test
66341,test
39387,test
42663,test
52387,test
37205,test
69961,test
52801,test
45500,test
15950,test
22220,test
20805,test
62926,test
59806,test
5050,test
51572,test
10613,test
31651,test
58913,test
12748,test
28509,test
7434,test
26371,test
11129,test
30592,test
49880,test
638,test
40866,test
4044,test
39420,test
56177,test
28938,test
51919,test
25512,test
22845,test
8194,test
25881,test
9674,test
14949,test
45521,test
49895,test
10674,test
56023,test
52943,test
46527,test
49957,test
55048,test
12327,test
3717,test
30469,test
7262,test
25682,test
5625,test
36978,test
14431,test
47181,test
15811,test
60372,test
32063,test
19932,test
47261,test
12604,test
20649,test
67408,test
18075,test
65757,test
33809,test
23789,test
43469,test
37792,test
16837,test
36735,test
25643,test
804,test
30163,test
69631,test
50836,test
66591,test
5600,test
25957,test
65463,test
62809,test
60763,test
64880,test
10678,test
64599,test
2939,test
30639,test
19279,test
40141,test
43070,test
49535,test
9094,test
27762,test
22449,test
53167,test
58309,test
10681,test
25586,test
30479,test
48917,test
23398,test
11492,test
48361,test
12223,test
40799,test
57821,test
7104,test
56427,test
5517,test
41606,test
30075,test
36442,test
6980,test
22323,test
69682,test
49970,test
37843,test
16201,test
37847,test
8302,test
28136,test
24459,test
55908,test
68739,test
35809,test
14207,test
54501,test
62268,test
2791,test
23044,test
11242,test
61560,test
27946,test
9954,test
54970,test
42320,test
25970,test
19808,test
53768,test
44913,test
16320,test
27128,test
49836,test
29067,test
25189,test
32697,test
14495,test
37036,test
61302,test
36571,test
53303,test
23362,test
49999,test
39670,test
67830,test
44133,test
44909,test
43898,test
20508,test
26511,test
12758,test
43410,test
3578,test
12138,test
13143,test
17767,test
46260,test
3149,test
10823,test
47111,test
66445,test
64198,test
6360,test
57206,test
55265,test
66254,test
49533,test
42124,test
34812,test
18699,test
18523,test
13452,test
34989,test
45056,test
46428,test
43071,test
21749,test
46512,test
11189,test
20911,test
47020,test
22365,test
1062,test
15083,test
50578,test
28648,test
65427,test
33162,test
37810,test
27155,test
43105,test
25312,test
5557,test
50708,test
26950,test
7334,test
7175,test
19352,test
57350,test
38344,test
25292,test
974,test
63381,test
54484,test
10461,test
18725,test
3009,test
67505,test
59849,test
31321,test
60753,test
45628,test
27583,test
34560,test
29234,test
19732,test
54195,test
7930,test
67701,test
30195,test
32267,test
24615,test
38812,test
1559,test
49339,test
68299,test
25541,test
19427,test
48105,test
12277,test
30282,test
53008,test
31344,test
61345,test
21008,test
58019,test
7247,test
40712,test
29583,test
15939,test
37298,test
55405,test
43547,test
31514,test
29578,test
59569,test
53557,test
60995,test
60311,test
57920,test
64419,test
1891,test
48205,test
30607,test
62131,test
65477,test
70196,test
22306,test
28726,test
53774,test
13386,test
20624,test
2356,test
6057,test
14617,test
66082,test
45376,test
11856,test
519,test
22983,test
49681,test
4699,test
14721,test
46086,test
3184,test
14848,test
38684,test
39365,test
17184,test
56176,test
56761,test
33365,test
50499,test
9052,test
43924,test
37256,test
39486,test
66671,test
22336,test
13988,test
51642,test
70379,test
59637,test
19104,test
46454,test
18774,test
37850,test
41464,test
53063,test
17442,test
17319,test
13937,test
43784,test
26444,test
19585,test
4864,test
46516,test
21624,test
65412,test
10912,test
21785,test
7609,test
57382,test
53320,test
38867,test
55746,test
39474,test
6992,test
44356,test
19924,test
39864,test
32654,test
52332,test
64532,test
67832,test
7497,test
29309,test
14634,test
22888,test
30948,test
1884,test
7094,test
35357,test
60580,test
4133,test
7292,test
48634,test
34369,test
6260,test
30366,test
441,test
34506,test
12919,test
69900,test
4072,test
55288,test
56405,test
66094,test
66983,test
2835,test
53263,test
63789,test
58332,test
48853,test
22478,test
10393,test
42822,test
59356,test
32253,test
24321,test
18439,test
19421,test
58668,test
25100,test
31388,test
24759,test
34585,test
4139,test
55270,test
62320,test
24448,test
10721,test
17395,test
58918,test
54690,test
25621,test
30369,test
3997,test
25115,test
70039,test
38700,test
35219,test
38407,test
13722,test
18298,test
58893,test
14982,test
13396,test
33891,test
4808,test
65614,test
22197,test
7943,test
5178,test
32820,test
60807,test
35944,test
63586,test
16587,test
18488,test
58973,test
57460,test
34174,test
42870,test
46528,test
39669,test
37460,test
49420,test
45914,test
34727,test
52233,test
44881,test
51955,test
68821,test
24209,test
53650,test
49645,test
2319,test
33711,test
53672,test
35869,test
9348,test
34500,test
46476,test
36440,test
56052,test
62298,test
61387,test
67115,test
8945,test
69837,test
62467,test
34077,test
9437,test
36400,test
4323,test
43954,test
41879,test
47994,test
27467,test
1960,test
17980,test
65369,test
20289,test
30635,test
25609,test
67657,test
15632,test
27644,test
4349,test
61511,test
31076,test
67227,test
37615,test
14762,test
66788,test
60927,test
19662,test
41597,test
2086,test
59679,test
8383,test
44763,test
8518,test
47131,test
35970,test
27407,test
32958,test
47351,test
46770,test
5712,test
43770,test
63092,test
43841,test
24144,test
53308,test
67734,test
51154,test
35625,test
45424,test
40536,test
12889,test
25306,test
58698,test
4465,test
10886,test
26085,test
5087,test
52794,test
17824,test
42604,test
38158,test
70194,test
1233,test
2687,test
42960,test
6589,test
64804,test
15638,test
67278,test
21435,test
31683,test
43274,test
2391,test
64099,test
47217,test
28799,test
9487,test
1529,test
66752,test
60444,test
33064,test
65987,test
64094,test
26745,test
31574,test
22431,test
13663,test
52235,test
66100,test
27736,test
9742,test
48050,test
35986,test
50930,test
6790,test
57721,test
3575,test
66624,test
37625,test
4534,test
61680,test
40014,test
51532,test
49944,test
68257,test
42449,test
46970,test
41889,test
26720,test
58437,test
36229,test
15800,test
13981,test
30820,test
22325,test
38604,test
41684,test
18289,test
16056,test
52360,test
38997,test
6126,test
44390,test
6757,test
6516,test
13725,test
42295,test
68815,test
24103,test
48228,test
69432,test
7421,test
57489,test
6191,test
742,test
29180,test
42618,test
59437,test
11554,test
38090,test
42671,test
42274,test
60779,test
9220,test
15683,test
40523,test
11902,test
19185,test
63060,test
17542,test
67039,test
67433,test
5218,test
52896,test
19666,test
48022,test
4675,test
41954,test
62596,test
37841,test
17104,test
26801,test
27442,test
8762,test
69743,test
55299,test
53900,test
32474,test
40170,test
14380,test
29060,test
19411,test
4475,test
40140,test
40547,test
20321,test
34400,test
70637,test
40971,test
59267,test
54266,test
5250,test
27210,test
50988,test
37489,test
57755,test
17284,test
2262,test
54962,test
623,test
26440,test
30483,test
55131,test
52088,test
58540,test
46365,test
70029,test
9161,test
50236,test
34721,test
56621,test
58039,test
13575,test
8389,test
37192,test
62249,test
15742,test
58138,test
26347,test
44077,test
54880,test
25592,test
27691,test
17790,test
56376,test
69535,test
19975,test
15634,test
54149,test
70104,test
38353,test
35770,test
38426,test
15787,test
63249,test
40440,test
37576,test
6393,test
48988,test
36140,test
67776,test
41667,test
40483,test
21567,test
51649,test
47180,test
24487,test
8386,test
64242,test
54525,test
29008,test
59434,test
1962,test
43253,test
51718,test
5191,test
35002,test
33177,test
21064,test
10146,test
13996,test
55926,test
34379,test
13788,test
6144,test
26500,test
18645,test
15234,test
57563,test
16118,test
7874,test
56482,test
17178,test
27994,test
26402,test
20365,test
16500,test
48098,test
24736,test
58405,test
36479,test
27294,test
10566,test
33556,test
18522,test
63685,test
39209,test
49315,test
57025,test
2814,test
16314,test
25638,test
15316,test
69622,test
18610,test
62875,test
67483,test
24931,test
28251,test
60644,test
42408,test
15576,test
68514,test
40876,test
50607,test
39402,test
70261,test
43066,test
56718,test
35329,test
20320,test
55448,test
5604,test
13943,test
52707,test
14401,test
37628,test
6940,test
60050,test
20400,test
2494,test
55123,test
34559,test
37804,test
65705,test
66820,test
41222,test
34816,test
59283,test
65979,test
25209,test
16172,test
31893,test
12035,test
15037,test
46083,test
60138,test
30533,test
9342,test
8654,test
51420,test
58398,test
64227,test
67839,test
54506,test
9557,test
46391,test
48042,test
10624,test
18430,test
9950,test
16684,test
24239,test
15814,test
49755,test
21963,test
2861,test
38463,test
63158,test
7769,test
31206,test
53561,test
65644,test
19832,test
33112,test
26414,test
51736,test
30596,test
12839,test
31085,test
33946,test
42330,test
58542,test
9018,test
3816,test
23138,test
42379,test
46056,test
24218,test
56581,test
49867,test
23164,test
44637,test
16443,test
41592,test
43907,test
39108,test
19550,test
28777,test
47401,test
49166,test
64237,test
23129,test
44109,test
35992,test
44408,test
21743,test
65229,test
35470,test
179,test
8995,test
43030,test
49721,test
2143,test
51895,test
3034,test
52224,test
20617,test
48774,test
65074,test
37209,test
58850,test
9967,test
58765,test
31957,test
52379,test
21487,test
62769,test
3247,test
54043,test
44726,test
54190,test
13684,test
10518,test
56505,test
9200,test
19976,test
1641,test
55601,test
17307,test
53176,test
43358,test
44588,test
38919,test
36085,test
34311,test
34308,test
7064,test
691,test
26099,test
6821,test
32067,test
41687,test
28499,test
60371,test
65897,test
54637,test
59129,test
53463,test
57939,test
48241,test
2922,test
62040,test
38024,test
5239,test
45427,test
38817,test
21130,test
27713,test
30974,test
31323,test
54072,test
58917,test
11906,test
61062,test
38451,test
25928,test
13230,test
63740,test
65061,test
50319,test
7082,test
50695,test
693,test
53929,test
6740,test
2428,test
52501,test
32138,test
6628,test
19260,test
7164,test
14115,test
49566,test
67065,test
45240,test
49563,test
59037,test
40413,test
69541,test
4205,test
38577,test
36714,test
38616,test
1248,test
56936,test
51526,test
54793,test
5783,test
48998,test
21055,test
19604,test
43519,test
46843,test
3284,test
19517,test
59225,test
35775,test
39899,test
43180,test
21952,test
1257,test
60846,test
1629,test
64687,test
182,test
63057,test
61567,test
17671,test
15074,test
51350,test
60181,test
48390,test
9066,test
18855,test
52193,test
44669,test
61277,test
11520,test
2730,test
34828,test
29038,test
1170,test
35489,test
38169,test
32655,test
68977,test
43717,test
4811,test
39683,test
51953,test
23441,test
40042,test
12506,test
11347,test
55365,test
19770,test
38284,test
35391,test
51515,test
53575,test
62899,test
37817,test
40979,test
11548,test
56787,test
27020,test
15384,test
22119,test
2821,test
48376,test
62892,test
5224,test
31990,test
64431,test
35864,test
68022,test
21156,test
57426,test
40115,test
30388,test
5219,test
67628,test
21036,test
36773,test
43780,test
11181,test
63229,test
7531,test
24819,test
30823,test
15884,test
31770,test
36182,test
52681,test
17678,test
69035,test
11743,test
55884,test
23183,test
15331,test
29482,test
4944,test
8249,test
27127,test
42932,test
1686,test
61358,test
59853,test
41063,test
37966,test
34907,test
34643,test
30015,test
64663,test
33499,test
13370,test
45967,test
57840,test
11382,test
30501,test
44332,test
44340,test
65726,test
57684,test
42095,test
61625,test
8248,test
40120,test
17917,test
53417,test
53538,test
55736,test
63812,test
19790,test
67810,test
34307,test
63745,test
61522,test
31892,test
32904,test
49518,test
11067,test
56949,test
8941,test
15248,test
8478,test
13547,test
50474,test
42476,test
68795,test
9768,test
22506,test
52651,test
58810,test
49077,test
67318,test
43796,test
8085,test
66925,test
32144,test
15081,test
59205,test
63972,test
34124,test
38266,test
24984,test
56466,test
36547,test
69482,test
14874,test
1595,test
38911,test
55287,test
66165,test
49140,test
31188,test
25054,test
718,test
5079,test
25669,test
37479,test
24993,test
50872,test
27113,test
47152,test
52902,test
9621,test
29166,test
42545,test
13935,test
46702,test
54731,test
55401,test
50993,test
1575,test
27193,test
57052,test
69698,test
67144,test
60582,test
32789,test
56481,test
19709,test
62570,test
30177,test
45805,test
54089,test
62694,test
15862,test
63430,test
37972,test
7735,test
62033,test
20273,test
25067,test
59272,test
25462,test
43583,test
8954,test
44662,test
4765,test
39340,test
31177,test
47795,test
14403,test
14148,test
63622,test
53633,test
49640,test
48395,test
62786,test
46210,test
53592,test
37996,test
52692,test
4681,test
434,test
15200,test
56454,test
42080,test
21967,test
65966,test
47148,test
26831,test
27444,test
8118,test
22672,test
29867,test
45846,test
57561,test
63021,test
70060,test
23079,test
66931,test
6945,test
9371,test
8444,test
57501,test
39985,test
36452,test
22133,test
58805,test
15333,test
22625,test
14061,test
28151,test
6098,test
66554,test
20228,test
27226,test
257,test
19332,test
14799,test
64161,test
13323,test
310,test
57799,test
56151,test
59473,test
7426,test
9004,test
35871,test
54062,test
58637,test
5430,test
69527,test
32964,test
49076,test
49873,test
25974,test
1805,test
56202,test
19838,test
55529,test
44643,test
65007,test
23534,test
39327,test
70143,test
13112,test
2047,test
63754,test
24119,test
50376,test
35635,test
32490,test
63980,test
49556,test
2364,test
56253,test
1938,test
31390,test
69306,test
27703,test
10837,test
9247,test
68354,test
37984,test
38540,test
65845,test
20760,test
35830,test
22371,test
1835,test
31701,test
70646,test
35179,test
32675,test
25983,test
16002,test
54981,test
40092,test
41198,test
16383,test
60393,test
30636,test
38541,test
38619,test
50078,test
164,test
29049,test
31072,test
44079,test
43243,test
53099,test
18343,test
2535,test
44658,test
9064,test
15805,test
19387,test
63059,test
12838,test
7857,test
33669,test
24801,test
53896,test
54106,test
51355,test
19593,test
17634,test
2022,test
14394,test
46967,test
66205,test
55880,test
25399,test
46951,test
6003,test
61991,test
26195,test
13772,test
47641,test
11495,test
69045,test
26767,test
63663,test
31260,test
19687,test
45565,test
2960,test
48550,test
38679,test
56588,test
10840,test
34403,test
46903,test
55860,test
33231,test
47247,test
24041,test
3337,test
65231,test
25401,test
15925,test
40286,test
45444,test
65806,test
4462,test
41780,test
4285,test
50584,test
52693,test
26450,test
59596,test
33342,test
34171,test
47135,test
9639,test
23753,test
38454,test
23969,test
17986,test
52907,test
66964,test
70627,test
11818,test
34114,test
53067,test
5751,test
46774,test
19527,test
24782,test
18688,test
66682,test
32634,test
67921,test
13623,test
68476,test
28602,test
41798,test
23557,test
51342,test
45275,test
10879,test
38085,test
38222,test
67558,test
29949,test
59996,test
33444,test
2750,test
27270,test
49940,test
21409,test
68736,test
10314,test
44364,test
44456,test
3930,test
34438,test
48425,test
34206,test
30020,test
18813,test
28122,test
52276,test
5356,test
64832,test
29767,test
9106,test
58747,test
44436,test
36758,test
44491,test
477,test
6466,test
15961,test
22934,test
63787,test
43437,test
10617,test
26689,test
51444,test
16748,test
33090,test
64030,test
5234,test
62672,test
42054,test
60072,test
58300,test
2937,test
49558,test
21876,test
11766,test
60985,test
40632,test
65243,test
66825,test
50373,test
52807,test
893,test
33553,test
58621,test
45019,test
69386,test
60665,test
28720,test
2182,test
43465,test
56714,test
42291,test
26600,test
18801,test
35089,test
10902,test
43289,test
30014,test
40529,test
28188,test
6638,test
39743,test
16799,test
69078,test
17093,test
39831,test
21374,test
9234,test
47596,test
14639,test
8785,test
23072,test
49807,test
16073,test
26621,test
59184,test
46768,test
45593,test
15202,test
12465,test
37685,test
42864,test
16027,test
9452,test
41876,test
38560,test
50650,test
25837,test
2520,test
15402,test
22759,test
23625,test
20496,test
35339,test
44229,test
43337,test
28095,test
34598,test
60492,test
5733,test
6717,test
3808,test
56415,test
26224,test
31614,test
65689,test
30774,test
50491,test
52602,test
70616,test
58807,test
49084,test
41772,test
7196,test
15190,test
5904,test
3078,test
4598,test
64258,test
9117,test
67302,test
9027,test
54784,test
21946,test
27484,test
5060,test
68267,test
9731,test
49281,test
22489,test
10894,test
37262,test
46247,test
28739,test
12962,test
37519,test
45939,test
29397,test
38646,test
55384,test
6631,test
64471,test
50561,test
29503,test
61185,test
66330,test
42680,test
24314,test
40538,test
22799,test
15231,test
49527,test
34841,test
44137,test
48985,test
35842,test
517,test
62963,test
42102,test
21018,test
11232,test
42035,test
19264,test
10883,test
43072,test
40345,test
52993,test
33854,test
23380,test
55165,test
67069,test
31377,test
16624,test
53767,test
24187,test
42561,test
43300,test
61543,test
43515,test
61836,test
65954,test
34090,test
21773,test
68314,test
35652,test
27332,test
37296,test
66997,test
28334,test
23884,test
30405,test
9491,test
3860,test
57225,test
20674,test
32246,test
54821,test
54820,test
11394,test
29841,test
54546,test
59115,test
51618,test
50182,test
17923,test
27365,test
41908,test
13001,test
56455,test
56404,test
45306,test
5279,test
45261,test
30047,test
8530,test
5019,test
40342,test
11941,test
2163,test
47929,test
59556,test
47023,test
51300,test
26481,test
880,test
60287,test
57073,test
21643,test
60439,test
44716,test
53826,test
55241,test
24307,test
39351,test
5247,test
55094,test
24729,test
50549,test
31319,test
50303,test
21432,test
24554,test
15195,test
24689,test
28757,test
32869,test
19022,test
64669,test
23668,test
49251,test
35272,test
32136,test
8443,test
56035,test
19914,test
11039,test
51861,test
19215,test
1206,test
69234,test
53473,test
28908,test
22527,test
15752,test
27655,test
25663,test
15641,test
64057,test
46864,test
38878,test
6053,test
36866,test
34146,test
63951,test
50030,test
64065,test
25221,test
42365,test
61999,test
43848,test
23844,test
68258,test
5467,test
56333,test
66659,test
24935,test
65423,test
55647,test
63746,test
28719,test
29682,test
46324,test
51001,test
47219,test
14621,test
67188,test
4877,test
25729,test
52889,test
45150,test
65499,test
34868,test
64971,test
31961,test
42522,test
47116,test
37279,test
29347,test
35321,test
7061,test
48537,test
4900,test
9785,test
41964,test
10987,test
69226,test
69798,test
58708,test
5265,test
35557,test
44784,test
14919,test
50542,test
55600,test
55325,test
28893,test
68602,test
29412,test
16750,test
33989,test
24065,test
3890,test
20386,test
13419,test
53983,test
24442,test
13033,test
29670,test
2349,test
62127,test
38346,test
59392,test
62330,test
17560,test
46094,test
30919,test
46754,test
16296,test
65750,test
17636,test
39493,test
11206,test
44042,test
13933,test
53975,test
46121,test
62155,test
18032,test
55220,test
51180,test
26121,test
42196,test
7759,test
628,test
49992,test
2863,test
69884,test
49306,test
13097,test
20773,test
31271,test
3380,test
15583,test
63361,test
3406,test
40922,test
56592,test
15581,test
32877,test
15557,test
12240,test
16820,test
29384,test
60020,test
13362,test
16275,test
63759,test
52913,test
32103,test
56228,test
3568,test
5627,test
42146,test
25607,test
4173,test
48280,test
70528,test
45121,test
3115,test
6441,test
18839,test
63724,test
19658,test
8388,test
2268,test
55250,test
81,test
1712,test
36238,test
68275,test
29292,test
56707,test
40837,test
55329,test
10773,test
25611,test
41477,test
32599,test
34505,test
35881,test
15850,test
32952,test
60413,test
13421,test
37009,test
6178,test
70682,test
34908,test
3756,test
44629,test
33012,test
28006,test
57287,test
16735,test
16536,test
53243,test
32015,test
59573,test
6157,test
43398,test
45434,test
12061,test
47390,test
23587,test
45449,test
59951,test
36126,test
48704,test
16649,test
49804,test
35138,test
64785,test
38688,test
17398,test
56225,test
15756,test
30334,test
14887,test
3285,test
13461,test
6388,test
53255,test
18127,test
29268,test
60839,test
47532,test
27421,test
17596,test
22651,test
52645,test
69910,test
44666,test
31931,test
13398,test
69655,test
24334,test
39184,test
27121,test
36438,test
53915,test
22582,test
60755,test
63587,test
60266,test
64693,test
31909,test
64503,test
27674,test
60046,test
29507,test
38904,test
21453,test
23536,test
7758,test
21044,test
26739,test
68875,test
32867,test
29735,test
56666,test
27792,test
47593,test
29162,test
18722,test
69994,test
9701,test
62848,test
28852,test
21069,test
3105,test
527,test
44533,test
1144,test
48000,test
66509,test
43866,test
11261,test
18882,test
23750,test
32602,test
69291,test
57543,test
49025,test
44745,test
39451,test
743,test
36043,test
37454,test
52608,test
69253,test
20425,test
30724,test
2924,test
34770,test
40988,test
56736,test
40586,test
30129,test
31821,test
58610,test
64333,test
27230,test
48981,test
66597,test
37429,test
4317,test
55300,test
40213,test
59404,test
11965,test
36903,test
45989,test
27360,test
16432,test
29354,test
14873,test
55767,test
1413,test
4922,test
66,test
4241,test
3746,test
28828,test
49265,test
11679,test
31871,test
46401,test
12881,test
18435,test
7221,test
46965,test
60180,test
64277,test
45392,test
2415,test
4998,test
7154,test
70387,test
62297,test
40182,test
12446,test
6560,test
10052,test
56298,test
41730,test
9803,test
26080,test
30209,test
54531,test
67076,test
35841,test
39961,test
36092,test
53445,test
14814,test
17615,test
41763,test
32538,test
8696,test
23653,test
29283,test
63840,test
62097,test
11490,test
63106,test
34098,test
43259,test
51325,test
36252,test
49476,test
61821,test
65375,test
60662,test
57792,test
61314,test
20252,test
69518,test
66313,test
53695,test
8180,test
70339,test
69883,test
6700,test
20971,test
27359,test
28629,test
37163,test
34177,test
39957,test
27004,test
31536,test
64863,test
54361,test
62783,test
49743,test
46509,test
18484,test
23896,test
37614,test
24879,test
42006,test
25084,test
53125,test
52300,test
22246,test
52773,test
25580,test
50489,test
41146,test
49793,test
12649,test
52018,test
7955,test
49081,test
4318,test
56755,test
27048,test
11121,test
53268,test
41742,test
5628,test
8464,test
3349,test
60531,test
38841,test
66429,test
52717,test
66419,test
16092,test
22974,test
24249,test
30916,test
9676,test
67443,test
37351,test
25978,test
61771,test
17749,test
17802,test
18713,test
39360,test
40172,test
37572,test
22448,test
4484,test
3086,test
17909,test
8729,test
20555,test
1928,test
3039,test
11760,test
65768,test
13217,test
43675,test
7580,test
22451,test
34546,test
5635,test
21102,test
59554,test
39084,test
32912,test
57044,test
15266,test
63752,test
49258,test
3588,test
11032,test
42327,test
25657,test
30004,test
60939,test
16567,test
37930,test
33166,test
4382,test
56528,test
65099,test
45173,test
57984,test
16570,test
56199,test
66427,test
49638,test
54010,test
32545,test
17491,test
10337,test
30039,test
55646,test
7438,test
14973,test
5498,test
11613,test
23242,test
67420,test
50065,test
32487,test
20004,test
39116,test
62629,test
43339,test
20729,test
23965,test
13883,test
58562,test
60830,test
65973,test
5199,test
54378,test
66067,test
6520,test
7770,test
6290,test
12675,test
38396,test
47423,test
17955,test
996,test
28376,test
24827,test
43288,test
33482,test
58315,test
68634,test
53587,test
3211,test
23339,test
28442,test
58560,test
27622,test
69263,test
9753,test
51686,test
21157,test
24975,test
32646,test
26578,test
16665,test
21312,test
4655,test
9142,test
3234,test
22826,test
64379,test
20580,test
31311,test
19809,test
65220,test
4213,test
27770,test
16819,test
49509,test
68660,test
46776,test
63760,test
49594,test
25941,test
7859,test
10811,test
33069,test
46485,test
18369,test
40476,test
65135,test
31166,test
70176,test
20786,test
54040,test
3919,test
27533,test
19355,test
299,test
56565,test
31023,test
26711,test
2709,test
42736,test
54108,test
70353,test
58629,test
43620,test
60258,test
23344,test
14620,test
9587,test
44163,test
36297,test
2355,test
20747,test
2113,test
1134,test
19038,test
34776,test
2400,test
68846,test
13051,test
52769,test
12428,test
5132,test
5511,test
36690,test
38731,test
63475,test
50968,test
12335,test
23910,test
8031,test
66074,test
27667,test
39889,test
69383,test
12102,test
11443,test
1415,test
48185,test
33325,test
23243,test
62202,test
18823,test
29571,test
16698,test
1637,test
18069,test
36242,test
16163,test
10867,test
63342,test
28522,test
42665,test
39625,test
27312,test
20782,test
32470,test
30493,test
6908,test
50272,test
32392,test
16366,test
63452,test
60692,test
15820,test
8348,test
23708,test
29786,test
23161,test
1379,test
11955,test
3142,test
9997,test
46855,test
47054,test
32570,test
34457,test
48594,test
29930,test
24106,test
41465,test
54675,test
26759,test
36629,test
36459,test
49381,test
49311,test
40088,test
17521,test
42201,test
29847,test
51510,test
19297,test
56873,test
24444,test
5299,test
15698,test
62190,test
33900,test
42896,test
2971,test
55294,test
54827,test
38836,test
25563,test
61666,test
54311,test
13518,test
52047,test
63500,test
33105,test
51118,test
27977,test
59920,test
5619,test
461,test
32849,test
63416,test
66300,test
37512,test
5672,test
11619,test
56235,test
9708,test
65992,test
37871,test
56719,test
52268,test
13760,test
39087,test
18459,test
28822,test
7956,test
27802,test
45531,test
54566,test
30759,test
39364,test
59506,test
43569,test
45245,test
39539,test
32694,test
48101,test
47170,test
29954,test
8240,test
49524,test
56356,test
11062,test
18337,test
62372,test
52323,test
68901,test
49795,test
37712,test
12199,test
64852,test
68746,test
51147,test
35565,test
62673,test
24082,test
14631,test
63505,test
50628,test
40348,test
25395,test
67778,test
22327,test
3152,test
5271,test
35925,test
47976,test
39489,test
11163,test
62803,test
53524,test
14979,test
14096,test
23730,test
4319,test
19442,test
29621,test
60203,test
53963,test
50260,test
15020,test
57467,test
3788,test
20689,test
49738,test
29606,test
58275,test
32861,test
62620,test
19412,test
27015,test
10680,test
45257,test
29086,test
2298,test
3910,test
69979,test
4108,test
10699,test
3561,test
59975,test
47801,test
57556,test
24247,test
28077,test
9005,test
56250,test
43799,test
11961,test
34283,test
51941,test
47451,test
36337,test
46321,test
49851,test
63543,test
1087,test
19249,test
7962,test
49354,test
9205,test
52859,test
45817,test
16727,test
39888,test
20086,test
60441,test
17034,test
1119,test
70267,test
36794,test
39059,test
63228,test
11668,test
4376,test
14439,test
53528,test
59879,test
37663,test
36018,test
15298,test
55419,test
15336,test
37521,test
48493,test
17161,test
60834,test
28273,test
12574,test
64145,test
48948,test
33224,test
58307,test
69840,test
58638,test
37418,test
59036,test
56784,test
4993,test
47820,test
60728,test
16689,test
2155,test
49475,test
18460,test
52288,test
54822,test
60198,test
36970,test
18028,test
34629,test
53459,test
23063,test
32970,test
64104,test
65244,test
28031,test
34945,test
26741,test
25357,test
8568,test
52826,test
43523,test
67782,test
17960,test
66183,test
59597,test
28120,test
11890,test
54319,test
2760,test
32610,test
29215,test
6596,test
18966,test
46866,test
44220,test
48730,test
9874,test
55020,test
53004,test
196,test
13599,test
1269,test
16375,test
28002,test
60723,test
1104,test
8546,test
17352,test
33541,test
25795,test
481,test
67171,test
28235,test
10361,test
43173,test
47448,test
25253,test
6928,test
28020,test
70032,test
2681,test
18694,test
37752,test
47806,test
8560,test
50760,test
24173,test
10273,test
55930,test
15984,test
43325,test
50370,test
65710,test
69727,test
70095,test
37145,test
27208,test
51267,test
55336,test
18395,test
69752,test
38702,test
38078,test
4254,test
5116,test
20174,test
53402,test
30943,test
57766,test
61130,test
34303,test
38395,test
45730,test
5817,test
26489,test
66838,test
1580,test
44567,test
30416,test
40954,test
18169,test
58756,test
4862,test
55587,test
62879,test
35750,test
25457,test
67379,test
25421,test
28955,test
15272,test
63758,test
48193,test
62197,test
67699,test
2815,test
48514,test
52837,test
1662,test
9528,test
59363,test
55354,test
12089,test
16683,test
36864,test
40004,test
3522,test
56232,test
15784,test
19232,test
63420,test
62165,test
3655,test
5664,test
40578,test
61569,test
65272,test
11717,test
65720,test
37666,test
12974,test
20293,test
25658,test
21010,test
5083,test
54549,test
27562,test
14908,test
8419,test
8169,test
12292,test
60979,test
58874,test
10755,test
49729,test
47910,test
20855,test
68854,test
14971,test
4472,test
41668,test
31600,test
3728,test
3437,test
7852,test
2344,test
60731,test
15965,test
16354,test
12412,test
48287,test
5564,test
69110,test
17496,test
62901,test
9875,test
50352,test
946,test
16297,test
48891,test
60425,test
41124,test
18800,test
29661,test
44860,test
41183,test
11444,test
52583,test
61205,test
47226,test
54984,test
16429,test
3685,test
44816,test
41655,test
23626,test
40873,test
56090,test
15080,test
12139,test
42214,test
15143,test
15126,test
43360,test
2951,test
28669,test
27335,test
57570,test
9010,test
15472,test
7704,test
30664,test
58370,test
41769,test
50894,test
44718,test
37220,test
41272,test
38618,test
65322,test
6301,test
26607,test
57165,test
50830,test
13944,test
69583,test
981,test
21966,test
22793,test
15542,test
36098,test
50409,test
66618,test
54387,test
51172,test
19830,test
50679,test
27609,test
8750,test
1908,test
6034,test
34689,test
51424,test
12828,test
37573,test
32834,test
17949,test
10235,test
2065,test
58390,test
2789,test
58235,test
6758,test
64589,test
43215,test
43587,test
35574,test
68448,test
35713,test
520,test
30484,test
46152,test
5190,test
55717,test
30826,test
66694,test
3727,test
422,test
36474,test
35012,test
48614,test
14091,test
50423,test
41945,test
57003,test
39557,test
57740,test
53074,test
15854,test
25840,test
29262,test
9574,test
62931,test
31953,test
6280,test
27818,test
784,test
51755,test
31510,test
64037,test
22073,test
67514,test
4410,test
24586,test
52178,test
30544,test
28258,test
28966,test
30083,test
10955,test
58790,test
7999,test
18325,test
34623,test
33871,test
22818,test
25877,test
4717,test
20304,test
16926,test
62477,test
34246,test
68740,test
64698,test
18350,test
47467,test
28826,test
7107,test
13654,test
42555,test
67963,test
59941,test
51374,test
10284,test
63878,test
5713,test
13053,test
27488,test
2042,test
70654,test
11240,test
60804,test
23195,test
69248,test
68979,test
5017,test
26086,test
2464,test
65601,test
29422,test
50691,test
4256,test
2370,test
47659,test
38881,test
42654,test
33049,test
32501,test
21579,test
21023,test
48852,test
7030,test
60841,test
44478,test
43591,test
26870,test
66055,test
53710,test
27051,test
6594,test
28578,test
6182,test
31489,test
21636,test
19639,test
60428,test
2731,test
41015,test
47028,test
59091,test
8661,test
49977,test
20985,test
65573,test
67141,test
17402,test
55871,test
22718,test
64451,test
53547,test
18941,test
31694,test
63465,test
21583,test
53387,test
8168,test
63612,test
54493,test
13936,test
61104,test
70665,test
9524,test
61810,test
39902,test
20946,test
28456,test
772,test
51644,test
56879,test
29231,test
38057,test
64552,test
52028,test
8779,test
30519,test
30293,test
47345,test
55001,test
28477,test
9937,test
62321,test
36801,test
18612,test
27150,test
16992,test
42419,test
44196,test
43849,test
56609,test
42553,test
57722,test
11430,test
55140,test
56920,test
60377,test
40937,test
3430,test
3094,test
29717,test
39786,test
20443,test
32062,test
18703,test
22230,test
53518,test
9952,test
3785,test
18354,test
15694,test
20730,test
19250,test
20567,test
58333,test
26,test
67315,test
64068,test
20565,test
4140,test
11832,test
29519,test
899,test
56917,test
59483,test
6115,test
19952,test
26257,test
501,test
56832,test
42904,test
7560,test
61074,test
48382,test
67343,test
45889,test
40050,test
36623,test
12686,test
33276,test
30117,test
28797,test
18744,test
40308,test
41031,test
58644,test
63692,test
6347,test
70407,test
48996,test
49808,test
6706,test
7105,test
32835,test
7131,test
10946,test
70059,test
28308,test
34234,test
56157,test
35296,test
48091,test
11563,test
45784,test
31820,test
55565,test
37711,test
45079,test
5441,test
29341,test
61784,test
55442,test
51008,test
8965,test
44959,test
40603,test
58715,test
17513,test
54012,test
28659,test
8074,test
67667,test
35170,test
2426,test
24763,test
9941,test
41317,test
63982,test
11814,test
59994,test
53433,test
5902,test
21343,test
62706,test
38973,test
46798,test
21089,test
7229,test
5455,test
55947,test
19361,test
43956,test
42494,test
4612,test
36068,test
46313,test
69080,test
11765,test
24020,test
35461,test
49968,test
15289,test
38321,test
53105,test
50547,test
60854,test
49639,test
5567,test
19050,test
9748,test
34577,test
24215,test
54657,test
10201,test
15741,test
39070,test
15824,test
60606,test
18843,test
8915,test
18355,test
25122,test
7375,test
37853,test
65552,test
59049,test
33024,test
44661,test
58157,test
49271,test
52666,test
55693,test
15361,test
38705,test
38605,test
58455,test
24291,test
10553,test
18456,test
15968,test
64499,test
4665,test
3917,test
36804,test
68221,test
26701,test
60126,test
61193,test
41826,test
43973,test
28026,test
68981,test
2850,test
44169,test
65355,test
11808,test
48169,test
54215,test
12744,test
4800,test
633,test
32254,test
45667,test
49233,test
15476,test
156,test
45037,test
55343,test
35247,test
22828,test
69712,test
1038,test
16093,test
18779,test
40994,test
36987,test
36971,test
18194,test
1412,test
42420,test
48684,test
34345,test
70332,test
28803,test
49903,test
51360,test
54192,test
57942,test
58585,test
24376,test
65908,test
25001,test
55115,test
55823,test
49341,test
22882,test
28658,test
60455,test
69818,test
58764,test
27910,test
24292,test
36740,test
27935,test
2133,test
53851,test
34181,test
61457,test
22272,test
6985,test
50668,test
30810,test
56915,test
60366,test
47206,test
47343,test
28083,test
35093,test
8154,test
46595,test
38678,test
62717,test
60184,test
21286,test
15216,test
44603,test
64670,test
56522,test
21234,test
55091,test
67992,test
1864,test
1187,test
30949,test
7556,test
63715,test
2041,test
50726,test
45508,test
4101,test
31494,test
65439,test
18210,test
49989,test
66487,test
13992,test
43787,test
68076,test
1753,test
13823,test
10628,test
15837,test
6986,test
28708,test
67914,test
157,test
16578,test
45316,test
19034,test
40528,test
25290,test
19938,test
57385,test
13232,test
40033,test
15880,test
20111,test
20817,test
2280,test
56679,test
34587,test
49285,test
46197,test
10428,test
20564,test
35823,test
60193,test
56844,test
49336,test
39799,test
13546,test
32934,test
19840,test
41523,test
27375,test
1407,test
26665,test
55971,test
34766,test
47179,test
51155,test
53878,test
55781,test
51269,test
5896,test
69213,test
49605,test
5552,test
1338,test
15006,test
55346,test
58968,test
54828,test
30248,test
21124,test
47364,test
48804,test
57074,test
47856,test
5268,test
41864,test
50273,test
66560,test
58929,test
25988,test
19136,test
60058,test
8077,test
16865,test
9993,test
10937,test
9914,test
14990,test
15891,test
8440,test
38136,test
66817,test
36253,test
24269,test
19404,test
28556,test
8230,test
27245,test
50137,test
13929,test
52975,test
18081,test
24784,test
12840,test
25004,test
23383,test
40858,test
66582,test
33846,test
50851,test
37203,test
765,test
53197,test
33712,test
45246,test
68532,test
176,test
8184,test
21858,test
37470,test
35658,test
27849,test
66029,test
2822,test
4011,test
34592,test
68805,test
16112,test
37834,test
59422,test
27856,test
24680,test
64728,test
16729,test
55276,test
61243,test
28804,test
37167,test
22732,test
24938,test
67005,test
69662,test
28200,test
41990,test
35238,test
60030,test
16898,test
33788,test
70305,test
42072,test
33408,test
42966,test
22751,test
53039,test
39390,test
32549,test
45159,test
31707,test
28024,test
69767,test
8733,test
24904,test
58291,test
60101,test
46999,test
626,test
31748,test
67011,test
6202,test
49517,test
21679,test
50743,test
48816,test
23711,test
68801,test
12284,test
16200,test
2214,test
5255,test
13203,test
6389,test
36737,test
4070,test
41842,test
64051,test
31819,test
7958,test
34972,test
47619,test
39982,test
6188,test
57641,test
65566,test
45604,test
17640,test
34622,test
6702,test
33179,test
60235,test
11863,test
26528,test
51577,test
35981,test
20812,test
68044,test
67640,test
64455,test
66903,test
59504,test
60897,test
34665,test
49834,test
4844,test
59485,test
10185,test
13108,test
16561,test
43038,test
19543,test
17757,test
45147,test
54871,test
58745,test
48994,test
10497,test
23088,test
8544,test
40602,test
28532,test
70382,test
53272,test
20453,test
47126,test
69449,test
45252,test
66381,test
37360,test
15733,test
45640,test
32038,test
8369,test
62476,test
66920,test
8672,test
64941,test
8200,test
45203,test
1099,test
24690,test
61925,test
42984,test
3376,test
14185,test
14071,test
40174,test
45304,test
42212,test
37735,test
48219,test
40775,test
33378,test
13298,test
1715,test
46130,test
4772,test
31257,test
30981,test
26608,test
14267,test
46678,test
66172,test
58891,test
6317,test
68613,test
7429,test
51885,test
59836,test
21134,test
21641,test
70073,test
35895,test
9194,test
31559,test
11068,test
55435,test
31544,test
16245,test
9229,test
53834,test
9021,test
38223,test
42250,test
42506,test
63053,test
12452,test
18862,test
60566,test
55191,test
10503,test
11293,test
162,test
40605,test
40241,test
38603,test
38176,test
39359,test
33428,test
53725,test
40906,test
27857,test
12592,test
7995,test
38739,test
44950,test
42590,test
38554,test
11786,test
552,test
56270,test
12522,test
28830,test
3802,test
23851,test
2902,test
11283,test
17129,test
58895,test
64360,test
26208,test
59154,test
3916,test
3147,test
61924,test
6955,test
40623,test
23450,test
46491,test
49538,test
55383,test
65113,test
70218,test
55440,test
6809,test
65800,test
70138,test
5133,test
59149,test
3450,test
52161,test
8503,test
30649,test
30834,test
7546,test
52149,test
39900,test
44678,test
66103,test
20190,test
56702,test
9782,test
59811,test
25730,test
26554,test
1613,test
55722,test
30085,test
15459,test
48926,test
55016,test
69945,test
39491,test
21776,test
4227,test
58919,test
28628,test
2270,test
57057,test
10630,test
7568,test
22822,test
47155,test
16040,test
30246,test
26892,test
52971,test
9877,test
37047,test
36201,test
6355,test
6324,test
64473,test
17573,test
48391,test
22980,test
50974,test
69222,test
12668,test
17097,test
42090,test
1458,test
41107,test
41616,test
13647,test
58217,test
15710,test
30301,test
11366,test
31676,test
48028,test
66064,test
47074,test
15427,test
11050,test
36016,test
49689,test
33050,test
9767,test
8889,test
46266,test
18159,test
37334,test
36117,test
58373,test
3809,test
15962,test
24630,test
70620,test
7295,test
47561,test
54329,test
47269,test
44224,test
54224,test
9283,test
39017,test
16146,test
12088,test
12993,test
26861,test
50893,test
35695,test
61436,test
27135,test
22199,test
4953,test
58005,test
62163,test
49798,test
27915,test
9556,test
52157,test
65019,test
37787,test
53182,test
24954,test
1432,test
5408,test
2612,test
45711,test
52509,test
34646,test
25565,test
25706,test
26704,test
50255,test
55679,test
4391,test
16460,test
54668,test
58164,test
211,test
18228,test
61283,test
67825,test
4036,test
50507,test
34391,test
16047,test
53000,test
26415,test
37433,test
43446,test
21826,test
4375,test
14384,test
51875,test
26157,test
45988,test
35700,test
33116,test
52592,test
47627,test
12798,test
51142,test
12667,test
12308,test
25216,test
56338,test
24536,test
39149,test
16746,test
53709,test
54375,test
31967,test
12879,test
53252,test
6031,test
24463,test
28784,test
3806,test
46458,test
14623,test
33265,test
29642,test
46698,test
3546,test
39481,test
48512,test
50907,test
48198,test
59384,test
68848,test
31016,test
31680,test
9448,test
27939,test
6311,test
33454,test
47666,test
30300,test
27932,test
53419,test
26596,test
27872,test
1604,test
10380,test
29085,test
28965,test
17083,test
48786,test
69085,test
53895,test
42614,test
6158,test
20068,test
53720,test
45286,test
7387,test
29325,test
9830,test
31213,test
37559,test
8632,test
67700,test
70385,test
67470,test
2296,test
31093,test
37767,test
54517,test
7674,test
65932,test
59738,test
24567,test
21073,test
12844,test
48404,test
37548,test
59723,test
36422,test
13801,test
27595,test
50347,test
31149,test
68604,test
58898,test
17746,test
31721,test
17268,test
3311,test
40510,test
26599,test
18071,test
60303,test
43167,test
64548,test
868,test
50119,test
32019,test
49719,test
61967,test
68961,test
2025,test
8227,test
48362,test
15554,test
49662,test
36754,test
49146,test
27497,test
33802,test
60559,test
32962,test
64876,test
41304,test
59087,test
5026,test
1542,test
42942,test
36686,test
50405,test
65012,test
51853,test
45772,test
51980,test
13310,test
67740,test
30836,test
11877,test
14174,test
39509,test
38821,test
32433,test
57559,test
45890,test
53637,test
44372,test
40936,test
19281,test
12355,test
10933,test
13139,test
28163,test
69703,test
7797,test
69871,test
57237,test
54389,test
17947,test
16217,test
62507,test
19871,test
56853,test
22121,test
35207,test
29916,test
4680,test
51406,test
11149,test
53699,test
26235,test
8702,test
25521,test
6266,test
44579,test
22341,test
12834,test
23432,test
62609,test
61492,test
21931,test
47297,test
22673,test
37786,test
3849,test
55853,test
36702,test
129,test
45161,test
66815,test
69451,test
55975,test
54768,test
55733,test
36376,test
45739,test
14228,test
5742,test
21315,test
35234,test
15907,test
22221,test
44430,test
62514,test
34287,test
22981,test
19382,test
23709,test
58228,test
56307,test
28764,test
2609,test
19475,test
58208,test
3923,test
27556,test
35555,test
63041,test
70327,test
64513,test
40910,test
13401,test
41691,test
46489,test
41782,test
51483,test
45712,test
53607,test
29303,test
31602,test
59120,test
37322,test
10239,test
61384,test
53325,test
35995,test
28919,test
19276,test
21132,test
16153,test
10942,test
15861,test
25959,test
47270,test
34659,test
29545,test
32184,test
30845,test
17475,test
18366,test
30857,test
44846,test
145,test
12094,test
15915,test
13642,test
8,test
33839,test
32255,test
57046,test
32530,test
68200,test
7041,test
16824,test
51696,test
59044,test
3652,test
47776,test
32252,test
28270,test
45509,test
20486,test
51422,test
64842,test
30106,test
16855,test
15903,test
66887,test
5059,test
57159,test
60400,test
52125,test
46542,test
68716,test
51743,test
48663,test
11989,test
63020,test
50043,test
13,test
35146,test
43270,test
69728,test
19369,test
10507,test
52054,test
18293,test
39794,test
32115,test
9609,test
20947,test
52468,test
14572,test
64701,test
11928,test
25022,test
61870,test
63188,test
16618,test
27034,test
46045,test
39428,test
3799,test
38103,test
15226,test
6415,test
69609,test
7887,test
107,test
24242,test
35552,test
68135,test
47196,test
59396,test
64404,test
45042,test
53490,test
49521,test
18043,test
57288,test
33259,test
56954,test
51719,test
36187,test
44459,test
65093,test
30132,test
39646,test
6252,test
32247,test
32787,test
69624,test
20872,test
33491,test
37671,test
68139,test
59181,test
50179,test
52926,test
67232,test
30465,test
29498,test
48697,test
59854,test
65155,test
21955,test
23104,test
21327,test
9413,test
40021,test
56544,test
9397,test
63195,test
51925,test
11749,test
34312,test
15332,test
66918,test
67586,test
4839,test
1789,test
66763,test
505,test
67207,test
18414,test
13889,test
48714,test
23091,test
8314,test
40080,test
46052,test
54488,test
1770,test
41713,test
63439,test
30796,test
33529,test
69328,test
46163,test
10487,test
36782,test
63064,test
35718,test
40126,test
55990,test
53608,test
3080,test
24400,test
50289,test
1489,test
20853,test
34048,test
2714,test
1618,test
50385,test
62526,test
48217,test
5076,test
18939,test
48036,test
1167,test
23389,test
50099,test
22096,test
46575,test
37195,test
58948,test
61123,test
23203,test
36275,test
47581,test
26972,test
38734,test
47320,test
29779,test
42261,test
37686,test
23077,test
53124,test
20328,test
15103,test
44228,test
35107,test
48017,test
30647,test
40429,test
33940,test
64516,test
12387,test
18558,test
37607,test
26550,test
20684,test
62712,test
28961,test
19145,test
20364,test
3268,test
47950,test
63280,test
24613,test
67248,test
16562,test
41439,test
26572,test
1567,test
25655,test
23173,test
53163,test
36591,test
26232,test
66394,test
47405,test
36930,test
32020,test
34316,test
39644,test
29830,test
69733,test
11255,test
66042,test
58865,test
14282,test
11604,test
18474,test
68038,test
53674,test
28338,test
69301,test
16827,test
32512,test
60549,test
9735,test
25571,test
28316,test
3845,test
16442,test
56575,test
63136,test
39883,test
25583,test
4260,test
35525,test
15899,test
26902,test
37248,test
64328,test
34002,test
20380,test
31634,test
19713,test
33226,test
9267,test
60474,test
57357,test
33705,test
3377,test
29193,test
21801,test
14076,test
15941,test
34380,test
27997,test
18821,test
39306,test
54396,test
57008,test
53850,test
55567,test
64648,test
43584,test
21439,test
35627,test
35422,test
2999,test
18390,test
1069,test
10511,test
48597,test
34093,test
22555,test
15069,test
9087,test
11449,test
33410,test
39598,test
68384,test
32204,test
39561,test
67269,test
57726,test
18498,test
46140,test
22546,test
16595,test
38907,test
14536,test
37924,test
60485,test
7298,test
13594,test
1163,test
36309,test
379,test
48465,test
49680,test
31405,test
62289,test
40150,test
1936,test
62600,test
30989,test
24574,test
29432,test
53773,test
11978,test
58857,test
40913,test
1534,test
8603,test
41823,test
3653,test
57596,test
68756,test
52353,test
66148,test
45091,test
42731,test
12434,test
3064,test
24992,test
24428,test
60820,test
54939,test
55379,test
58648,test
49635,test
43985,test
59710,test
18737,test
37083,test
3366,test
43183,test
32212,test
46343,test
46844,test
68943,test
66592,test
7093,test
43504,test
56020,test
45291,test
44029,test
1611,test
35688,test
37106,test
57544,test
56950,test
19410,test
69782,test
15294,test
8044,test
58072,test
57412,test
17961,test
52486,test
28569,test
33466,test
66264,test
43422,test
50375,test
33685,test
35345,test
28410,test
57361,test
39073,test
31681,test
61767,test
56894,test
17200,test
61290,test
17692,test
50390,test
32344,test
10776,test
63470,test
20105,test
15134,test
19259,test
17326,test
61779,test
7032,test
35104,test
54647,test
50160,test
68402,test
16864,test
64190,test
15104,test
61027,test
13279,test
34878,test
50480,test
2162,test
60863,test
8062,test
51156,test
5636,test
34966,test
34323,test
49682,test
66760,test
13643,test
37105,test
41331,test
69460,test
24964,test
9759,test
23660,test
37570,test
9462,test
42175,test
33897,test
45952,test
16384,test
55410,test
7834,test
45553,test
8722,test
8114,test
70437,test
67945,test
11237,test
56854,test
16309,test
35518,test
64045,test
6028,test
57455,test
60103,test
31159,test
10041,test
46119,test
33110,test
28322,test
20059,test
49584,test
52886,test
52793,test
47095,test
53380,test
70200,test
60131,test
12961,test
67912,test
19451,test
60044,test
66051,test
29656,test
268,test
11111,test
59656,test
7860,test
54259,test
9710,test
7169,test
18314,test
59365,test
52714,test
50100,test
61901,test
64835,test
61866,test
44762,test
56402,test
69143,test
8767,test
67241,test
55452,test
27010,test
1275,test
33464,test
43301,test
58532,test
13008,test
56571,test
50391,test
68816,test
58950,test
56929,test
53467,test
67612,test
13330,test
31659,test
48196,test
27016,test
6860,test
44119,test
11370,test
47398,test
23101,test
26316,test
43767,test
50767,test
15794,test
29361,test
32385,test
102,test
53376,test
7380,test
65899,test
3085,test
3937,test
28215,test
32360,test
20814,test
9838,test
49572,test
36747,test
42439,test
47748,test
49240,test
32055,test
33865,test
26523,test
24027,test
38834,test
5871,test
46677,test
62915,test
6783,test
14134,test
12007,test
14044,test
65812,test
5280,test
50892,test
57270,test
48064,test
32909,test
17245,test
66924,test
25193,test
2928,test
42772,test
41620,test
42727,test
40312,test
56179,test
3895,test
55945,test
10276,test
54545,test
69695,test
16555,test
45647,test
17082,test
57139,test
15337,test
5899,test
61040,test
50526,test
11662,test
9379,test
7974,test
59977,test
28736,test
69827,test
935,test
57457,test
54648,test
26107,test
62377,test
6165,test
54076,test
16818,test
28331,test
63150,test
49501,test
61634,test
40827,test
17685,test
2843,test
63984,test
61610,test
40844,test
61514,test
61311,test
68160,test
44833,test
6080,test
3838,test
38846,test
47550,test
33807,test
43145,test
15368,test
24764,test
61665,test
68827,test
36589,test
5660,test
48884,test
18143,test
26839,test
10151,test
5398,test
19805,test
63945,test
63566,test
23878,test
46229,test
34640,test
27465,test
50633,test
1198,test
21838,test
23395,test
19515,test
42584,test
25522,test
40326,test
52084,test
60613,test
67578,test
28906,test
66650,test
64160,test
23721,test
15290,test
64484,test
67114,test
40839,test
6507,test
66442,test
31465,test
30355,test
44348,test
38140,test
9712,test
12472,test
6859,test
61521,test
58924,test
10304,test
4677,test
13204,test
48495,test
9965,test
29077,test
25466,test
5898,test
31013,test
18563,test
42232,test
42977,test
18241,test
70402,test
58548,test
11227,test
58085,test
26304,test
22340,test
14475,test
68064,test
21242,test
54968,test
66114,test
23449,test
11033,test
45545,test
27186,test
4423,test
52883,test
32190,test
61719,test
29814,test
2427,test
45619,test
66896,test
37465,test
42213,test
38273,test
9851,test
6150,test
7920,test
20733,test
7710,test
62216,test
47294,test
27825,test
38164,test
20096,test
24979,test
62820,test
10590,test
43737,test
19402,test
28769,test
55509,test
20571,test
53508,test
52155,test
33288,test
6828,test
19673,test
38609,test
64821,test
12361,test
11587,test
49821,test
11317,test
16920,test
37630,test
51404,test
52549,test
43353,test
8564,test
28930,test
67091,test
25158,test
34742,test
42033,test
14880,test
33514,test
39507,test
54916,test
406,test
60632,test
31605,test
55159,test
10010,test
8347,test
1895,test
7328,test
1633,test
16751,test
36145,test
50133,test
55061,test
17529,test
18658,test
49507,test
11175,test
39996,test
70591,test
62112,test
11061,test
13066,test
7325,test
50436,test
63224,test
48183,test
60992,test
35468,test
22357,test
28763,test
45366,test
22457,test
63114,test
20067,test
55067,test
14607,test
13202,test
17545,test
29308,test
23202,test
55664,test
47769,test
15699,test
15453,test
10957,test
16330,test
65448,test
56057,test
10672,test
54180,test
16428,test
70669,test
67979,test
55141,test
29483,test
17422,test
31798,test
52490,test
57845,test
39143,test
1386,test
51301,test
56237,test
59635,test
39531,test
1687,test
9936,test
11426,test
8381,test
35006,test
56960,test
23360,test
56952,test
16307,test
63532,test
43709,test
24035,test
56314,test
33597,test
44420,test
13824,test
44864,test
51264,test
26721,test
15760,test
16753,test
51204,test
40825,test
56759,test
8688,test
29961,test
40580,test
44638,test
12952,test
10469,test
12182,test
22996,test
30550,test
57651,test
10094,test
56969,test
27182,test
34215,test
43991,test
4558,test
42162,test
22147,test
53426,test
18989,test
65669,test
36428,test
38816,test
59478,test
29003,test
54102,test
14190,test
63016,test
50495,test
18478,test
2538,test
49399,test
20835,test
44699,test
33015,test
68005,test
17751,test
24062,test
9042,test
8982,test
32435,test
5108,test
51302,test
48443,test
51737,test
46354,test
27919,test
23180,test
54507,test
17117,test
2993,test
7435,test
61690,test
25482,test
48290,test
52647,test
6312,test
17128,test
18441,test
46506,test
28159,test
15684,test
18760,test
58647,test
11169,test
66027,test
34722,test
5923,test
452,test
31664,test
28093,test
9849,test
53055,test
33523,test
61575,test
16504,test
68291,test
24886,test
69708,test
14213,test
32665,test
41809,test
50353,test
42571,test
27268,test
7993,test
43417,test
39842,test
57247,test
13847,test
57904,test
29416,test
45013,test
2743,test
34777,test
60395,test
58553,test
17337,test
32913,test
52619,test
61403,test
38061,test
13894,test
41095,test
10059,test
69148,test
51544,test
39408,test
21556,test
35993,test
59882,test
25542,test
19827,test
37498,test
2278,test
24383,test
43657,test
56788,test
59424,test
52314,test
18176,test
34761,test
65600,test
15912,test
40800,test
15855,test
49799,test
52953,test
2506,test
40558,test
56851,test
41828,test
43873,test
5453,test
63242,test
60009,test
39399,test
47259,test
32334,test
13423,test
5917,test
3921,test
33190,test
65092,test
35306,test
68458,test
13014,test
20637,test
66514,test
17244,test
49506,test
41059,test
63090,test
3971,test
54156,test
16182,test
43263,test
11429,test
55108,test
9652,test
27170,test
4340,test
57399,test
16081,test
9755,test
58931,test
19379,test
69068,test
43336,test
44817,test
23822,test
32328,test
40160,test
26915,test
68693,test
60299,test
55707,test
54512,test
37952,test
53127,test
23860,test
18084,test
41315,test
53457,test
37629,test
18832,test
60916,test
38108,test
66721,test
984,test
8127,test
69167,test
38487,test
18253,test
39572,test
20569,test
31246,test
45571,test
16388,test
4122,test
44979,test
48279,test
20456,test
26910,test
18784,test
999,test
19743,test
67106,test
19599,test
48907,test
40098,test
50362,test
58144,test
56385,test
20401,test
32901,test
8126,test
65349,test
40513,test
6880,test
44500,test
8196,test
41364,test
69713,test
9329,test
66326,test
10333,test
11891,test
8425,test
27550,test
56383,test
22948,test
12672,test
48882,test
23237,test
10799,test
36868,test
38430,test
52533,test
57817,test
54294,test
51575,test
51042,test
68181,test
6135,test
21294,test
31236,test
4564,test
41657,test
5982,test
21797,test
53854,test
3359,test
52262,test
62723,test
39150,test
193,test
22789,test
39231,test
37411,test
9892,test
46636,test
1949,test
68698,test
41375,test
15145,test
20942,test
58841,test
36154,test
12244,test
10762,test
63397,test
58034,test
58403,test
18650,test
55446,test
59295,test
37842,test
30978,test
19573,test
15646,test
68515,test
36214,test
4056,test
59488,test
63696,test
47735,test
10929,test
39096,test
26484,test
39249,test
12905,test
60547,test
57417,test
5803,test
43269,test
18239,test
21652,test
34382,test
17461,test
31816,test
11178,test
44570,test
48526,test
63671,test
14218,test
19471,test
4253,test
46796,test
60211,test
17183,test
5588,test
13607,test
23239,test
32994,test
48012,test
38219,test
10369,test
41069,test
17051,test
60251,test
29512,test
7159,test
59863,test
32039,test
39456,test
42615,test
15133,test
63895,test
8886,test
42874,test
39283,test
50715,test
52351,test
32502,test
32396,test
14836,test
48947,test
62128,test
22467,test
59689,test
12751,test
69283,test
35501,test
15268,test
32985,test
28844,test
59171,test
44497,test
734,test
18051,test
52347,test
39892,test
51307,test
26923,test
8120,test
47154,test
35343,test
10080,test
7110,test
27682,test
25647,test
2878,test
4112,test
636,test
12613,test
66439,test
62862,test
35458,test
67405,test
60716,test
8543,test
8488,test
10070,test
31507,test
34589,test
9566,test
60148,test
21,test
22360,test
58302,test
5757,test
20914,test
14647,test
36312,test
334,test
39049,test
425,test
55995,test
19630,test
32307,test
27828,test
58479,test
26325,test
21203,test
36638,test
30840,test
67259,test
64479,test
56319,test
55917,test
21206,test
61593,test
43567,test
62943,test
37702,test
64038,test
61594,test
4290,test
63993,test
57499,test
34418,test
66898,test
42434,test
53948,test
48894,test
67413,test
34811,test
17821,test
16381,test
30618,test
11051,test
3615,test
39129,test
35416,test
66629,test
48576,test
48469,test
14833,test
17228,test
54042,test
40741,test
68045,test
7112,test
20052,test
66406,test
2572,test
44867,test
66714,test
58846,test
14043,test
55911,test
58922,test
32373,test
68302,test
61854,test
65647,test
52514,test
63449,test
45529,test
63018,test
52272,test
27914,test
55885,test
3314,test
61232,test
55279,test
28974,test
29216,test
35505,test
16858,test
64178,test
30454,test
68017,test
67245,test
31881,test
65421,test
61943,test
13846,test
59563,test
57580,test
3096,test
47271,test
65202,test
28048,test
10639,test
63118,test
22018,test
12059,test
17189,test
19107,test
14969,test
11573,test
56115,test
46175,test
33122,test
54811,test
59997,test
44239,test
57802,test
49848,test
153,test
27381,test
15328,test
10058,test
67708,test
57331,test
35941,test
40806,test
66184,test
6128,test
46099,test
45637,test
11921,test
56114,test
57419,test
2741,test
16193,test
56190,test
27607,test
18265,test
29935,test
57986,test
35038,test
10772,test
55475,test
68158,test
770,test
49391,test
57854,test
6436,test
16626,test
42806,test
30409,test
47819,test
27726,test
38086,test
28993,test
23897,test
48822,test
29225,test
57224,test
63829,test
41968,test
53339,test
63888,test
10705,test
53581,test
52287,test
13025,test
27224,test
70154,test
56304,test
45326,test
50050,test
65590,test
52211,test
56394,test
67678,test
59457,test
57158,test
5657,test
3386,test
18794,test
21522,test
47529,test
27380,test
12351,test
55515,test
24990,test
58775,test
57616,test
49432,test
41040,test
68786,test
26457,test
58738,test
64888,test
8001,test
43651,test
64541,test
26360,test
43384,test
33180,test
20551,test
29302,test
68630,test
58570,test
56741,test
13153,test
13694,test
65176,test
55545,test
36465,test
774,test
8462,test
36524,test
41386,test
37743,test
24138,test
61684,test
12743,test
8944,test
56508,test
62287,test
10026,test
66604,test
41799,test
28956,test
64173,test
42288,test
59868,test
67472,test
56422,test
40318,test
63517,test
56671,test
42627,test
29402,test
61213,test
42480,test
65678,test
55258,test
59588,test
26571,test
66376,test
14743,test
4768,test
11259,test
50331,test
24085,test
8849,test
37231,test
39517,test
6524,test
57686,test
52087,test
47743,test
25152,test
61258,test
1029,test
7522,test
61542,test
10501,test
45414,test
4434,test
38825,test
15947,test
13854,test
31057,test
22537,test
19875,test
48007,test
10379,test
13516,test
9135,test
16339,test
58740,test
40452,test
3134,test
9338,test
13238,test
34458,test
54324,test
11729,test
11538,test
11257,test
25275,test
64004,test
26355,test
48045,test
7299,test
53164,test
31619,test
61214,test
14147,test
25552,test
15798,test
4449,test
43451,test
20448,test
27530,test
24099,test
10090,test
9111,test
38144,test
2469,test
44130,test
33083,test
14688,test
47934,test
46291,test
56689,test
18642,test
70625,test
44156,test
38990,test
42139,test
69892,test
60872,test
69034,test
61011,test
28143,test
64162,test
50452,test
61427,test
5647,test
5743,test
64916,test
11468,test
16553,test
15509,test
37249,test
58251,test
36711,test
64517,test
18091,test
18747,test
35148,test
31592,test
60066,test
18579,test
53071,test
41871,test
13540,test
69235,test
40426,test
35543,test
8041,test
631,test
26239,test
37693,test
21899,test
11165,test
60821,test
5306,test
58875,test
57702,test
28811,test
42421,test
24225,test
31776,test
983,test
16315,test
4753,test
7480,test
64726,test
42368,test
22850,test
11124,test
17756,test
5307,test
30185,test
64426,test
20149,test
13696,test
1076,test
16673,test
1667,test
29936,test
60648,test
