split_id,tree,depth,direction,message_type,bytes,count
0,0,0,ClientToShareholder,CommittedStatsShare,353664,1842
0,0,0,ShareholderToAggregator,Share,320,2
0,0,0,AggregatorBroadcast,BinConfiguration,73680,614
0,0,0,AggregatorBroadcast,BinConfiguration,73680,614
0,0,0,AggregatorBroadcast,BinConfiguration,73680,614
0,0,0,AggregatorBroadcast,BinConfiguration,73680,614
0,0,0,AggregatorBroadcast,BinConfiguration,73680,614
0,0,0,AggregatorBroadcast,BinConfiguration,73680,614
0,0,0,AggregatorBroadcast,BinConfiguration,73680,614
0,0,0,AggregatorBroadcast,BinConfiguration,73680,614
0,0,0,ClientToShareholder,CommittedGradientShare,3197712,1842
0,0,0,ShareholderToAggregator,Share,3360,2
0,0,0,AggregatorBroadcast,SplitDecision,49120,614
0,0,1,ClientToShareholder,CommittedGradientShare,6395424,3684
0,0,1,ShareholderToAggregator,Share,3360,2
0,0,1,AggregatorBroadcast,SplitDecision,49120,614
0,0,1,ShareholderToAggregator,Share,3360,2
0,0,1,AggregatorBroadcast,SplitDecision,49120,614
0,0,2,ClientToShareholder,CommittedGradientShare,12790848,7368
0,0,2,ShareholderToAggregator,Share,3360,2
0,0,2,AggregatorBroadcast,SplitDecision,49120,614
0,0,2,ShareholderToAggregator,Share,3360,2
0,0,2,AggregatorBroadcast,SplitDecision,49120,614
0,0,2,ShareholderToAggregator,Share,3360,2
0,0,2,AggregatorBroadcast,SplitDecision,49120,614
0,0,2,ShareholderToAggregator,Share,3360,2
0,0,2,AggregatorBroadcast,SplitDecision,49120,614
0,0,3,ClientToShareholder,CommittedGradientShare,25581696,14736
0,0,3,ShareholderToAggregator,Share,3360,2
0,0,3,AggregatorBroadcast,SplitDecision,49120,614
0,0,3,ShareholderToAggregator,Share,3360,2
0,0,3,AggregatorBroadcast,SplitDecision,49120,614
0,0,3,ShareholderToAggregator,Share,3360,2
0,0,3,ShareholderToAggregator,Share,3360,2
0,0,3,AggregatorBroadcast,SplitDecision,49120,614
0,0,3,ShareholderToAggregator,Share,3360,2
0,0,3,AggregatorBroadcast,SplitDecision,49120,614
0,0,3,ShareholderToAggregator,Share,3360,2
0,0,3,AggregatorBroadcast,SplitDecision,49120,614
0,0,3,ShareholderToAggregator,Share,3360,2
0,0,3,AggregatorBroadcast,SplitDecision,49120,614
0,0,3,ShareholderToAggregator,Share,3360,2
0,0,4,ClientToShareholder,CommittedGradientShare,44767968,25788
0,0,4,ShareholderToAggregator,Share,3360,2
0,0,4,ShareholderToAggregator,Share,3360,2
0,0,4,ShareholderToAggregator,Share,3360,2
0,0,4,ShareholderToAggregator,Share,3360,2
0,0,4,AggregatorBroadcast,SplitDecision,49120,614
0,0,4,ShareholderToAggregator,Share,3360,2
0,0,4,ShareholderToAggregator,Share,3360,2
0,0,4,AggregatorBroadcast,SplitDecision,49120,614
0,0,4,ShareholderToAggregator,Share,3360,2
0,0,4,AggregatorBroadcast,SplitDecision,49120,614
0,0,4,ShareholderToAggregator,Share,3360,2
0,0,4,AggregatorBroadcast,SplitDecision,49120,614
0,0,4,ShareholderToAggregator,Share,3360,2
0,0,4,ShareholderToAggregator,Share,3360,2
0,0,4,ShareholderToAggregator,Share,3360,2
0,0,4,AggregatorBroadcast,SplitDecision,49120,614
0,0,4,ShareholderToAggregator,Share,3360,2
0,0,4,AggregatorBroadcast,SplitDecision,49120,614
0,0,4,ShareholderToAggregator,Share,3360,2
0,0,4,AggregatorBroadcast,SplitDecision,49120,614
0,0,4,ShareholderToAggregator,Share,3360,2
0,0,5,ClientToShareholder,CommittedGradientShare,67151952,38682
0,0,5,ShareholderToAggregator,Share,3360,2
0,0,5,ShareholderToAggregator,Share,3360,2
0,0,5,ShareholderToAggregator,Share,3360,2
0,0,5,ShareholderToAggregator,Share,3360,2
0,0,5,ShareholderToAggregator,Share,3360,2
0,0,5,ShareholderToAggregator,Share,3360,2
0,0,5,ShareholderToAggregator,Share,3360,2
0,0,5,ShareholderToAggregator,Share,3360,2
0,0,5,ShareholderToAggregator,Share,3360,2
0,0,5,ShareholderToAggregator,Share,3360,2
0,0,5,AggregatorBroadcast,SplitDecision,49120,614
0,0,5,ShareholderToAggregator,Share,3360,2
0,0,5,AggregatorBroadcast,SplitDecision,49120,614
0,0,5,ShareholderToAggregator,Share,3360,2
0,0,5,AggregatorBroadcast,SplitDecision,49120,614
0,0,5,ShareholderToAggregator,Share,3360,2
0,0,5,ShareholderToAggregator,Share,3360,2
0,0,5,AggregatorBroadcast,SplitDecision,49120,614
0,0,5,ShareholderToAggregator,Share,3360,2
0,0,5,AggregatorBroadcast,SplitDecision,49120,614
0,0,5,ShareholderToAggregator,Share,3360,2
0,0,5,ShareholderToAggregator,Share,3360,2
0,0,5,ShareholderToAggregator,Share,3360,2
0,0,5,ShareholderToAggregator,Share,3360,2
0,0,5,ShareholderToAggregator,Share,3360,2
0,0,5,ShareholderToAggregator,Share,3360,2
0,1,0,ClientToShareholder,CommittedGradientShare,3197712,1842
0,1,0,ShareholderToAggregator,Share,3360,2
0,1,0,AggregatorBroadcast,SplitDecision,49120,614
0,1,1,ClientToShareholder,CommittedGradientShare,6395424,3684
0,1,1,ShareholderToAggregator,Share,3360,2
0,1,1,AggregatorBroadcast,SplitDecision,49120,614
0,1,1,ShareholderToAggregator,Share,3360,2
0,1,1,AggregatorBroadcast,SplitDecision,49120,614
0,1,2,ClientToShareholder,CommittedGradientShare,12790848,7368
0,1,2,ShareholderToAggregator,Share,3360,2
0,1,2,AggregatorBroadcast,SplitDecision,49120,614
0,1,2,ShareholderToAggregator,Share,3360,2
0,1,2,AggregatorBroadcast,SplitDecision,49120,614
0,1,2,ShareholderToAggregator,Share,3360,2
0,1,2,AggregatorBroadcast,SplitDecision,49120,614
0,1,2,ShareholderToAggregator,Share,3360,2
0,1,2,AggregatorBroadcast,SplitDecision,49120,614
0,1,3,ClientToShareholder,CommittedGradientShare,25581696,14736
0,1,3,ShareholderToAggregator,Share,3360,2
0,1,3,AggregatorBroadcast,SplitDecision,49120,614
0,1,3,ShareholderToAggregator,Share,3360,2
0,1,3,AggregatorBroadcast,SplitDecision,49120,614
0,1,3,ShareholderToAggregator,Share,3360,2
0,1,3,ShareholderToAggregator,Share,3360,2
0,1,3,AggregatorBroadcast,SplitDecision,49120,614
0,1,3,ShareholderToAggregator,Share,3360,2
0,1,3,AggregatorBroadcast,SplitDecision,49120,614
0,1,3,ShareholderToAggregator,Share,3360,2
0,1,3,AggregatorBroadcast,SplitDecision,49120,614
0,1,3,ShareholderToAggregator,Share,3360,2
0,1,3,AggregatorBroadcast,SplitDecision,49120,614
0,1,3,ShareholderToAggregator,Share,3360,2
0,1,4,ClientToShareholder,CommittedGradientShare,44767968,25788
0,1,4,ShareholderToAggregator,Share,3360,2
0,1,4,ShareholderToAggregator,Share,3360,2
0,1,4,ShareholderToAggregator,Share,3360,2
0,1,4,ShareholderToAggregator,Share,3360,2
0,1,4,AggregatorBroadcast,SplitDecision,49120,614
0,1,4,ShareholderToAggregator,Share,3360,2
0,1,4,AggregatorBroadcast,SplitDecision,49120,614
0,1,4,ShareholderToAggregator,Share,3360,2
0,1,4,AggregatorBroadcast,SplitDecision,49120,614
0,1,4,ShareholderToAggregator,Share,3360,2
0,1,4,AggregatorBroadcast,SplitDecision,49120,614
0,1,4,ShareholderToAggregator,Share,3360,2
0,1,4,AggregatorBroadcast,SplitDecision,49120,614
0,1,4,ShareholderToAggregator,Share,3360,2
0,1,4,ShareholderToAggregator,Share,3360,2
0,1,4,ShareholderToAggregator,Share,3360,2
0,1,4,AggregatorBroadcast,SplitDecision,49120,614
0,1,4,ShareholderToAggregator,Share,3360,2
0,1,4,AggregatorBroadcast,SplitDecision,49120,614
0,1,4,ShareholderToAggregator,Share,3360,2
0,1,4,AggregatorBroadcast,SplitDecision,49120,614
0,1,4,ShareholderToAggregator,Share,3360,2
0,1,4,AggregatorBroadcast,SplitDecision,49120,614
0,1,5,ClientToShareholder,CommittedGradientShare,73547376,42366
0,1,5,ShareholderToAggregator,Share,3360,2
0,1,5,ShareholderToAggregator,Share,3360,2
0,1,5,ShareholderToAggregator,Share,3360,2
0,1,5,ShareholderToAggregator,Share,3360,2
0,1,5,ShareholderToAggregator,Share,3360,2
0,1,5,ShareholderToAggregator,Share,3360,2
0,1,5,ShareholderToAggregator,Share,3360,2
0,1,5,ShareholderToAggregator,Share,3360,2
0,1,5,AggregatorBroadcast,SplitDecision,49120,614
0,1,5,ShareholderToAggregator,Share,3360,2
0,1,5,AggregatorBroadcast,SplitDecision,49120,614
0,1,5,ShareholderToAggregator,Share,3360,2
0,1,5,AggregatorBroadcast,SplitDecision,49120,614
0,1,5,ShareholderToAggregator,Share,3360,2
0,1,5,AggregatorBroadcast,SplitDecision,49120,614
0,1,5,ShareholderToAggregator,Share,3360,2
0,1,5,AggregatorBroadcast,SplitDecision,49120,614
0,1,5,ShareholderToAggregator,Share,3360,2
0,1,5,ShareholderToAggregator,Share,3360,2
0,1,5,AggregatorBroadcast,SplitDecision,49120,614
0,1,5,ShareholderToAggregator,Share,3360,2
0,1,5,AggregatorBroadcast,SplitDecision,49120,614
0,1,5,ShareholderToAggregator,Share,3360,2
0,1,5,ShareholderToAggregator,Share,3360,2
0,1,5,ShareholderToAggregator,Share,3360,2
0,1,5,ShareholderToAggregator,Share,3360,2
0,1,5,AggregatorBroadcast,SplitDecision,49120,614
0,1,5,ShareholderToAggregator,Share,3360,2
0,1,5,AggregatorBroadcast,SplitDecision,49120,614
0,1,5,ShareholderToAggregator,Share,3360,2
0,1,5,AggregatorBroadcast,SplitDecision,49120,614
0,1,5,ShareholderToAggregator,Share,3360,2
0,1,5,ShareholderToAggregator,Share,3360,2
0,1,5,AggregatorBroadcast,SplitDecision,49120,614
0,2,0,ClientToShareholder,CommittedGradientShare,3197712,1842
0,2,0,ShareholderToAggregator,Share,3360,2
0,2,0,AggregatorBroadcast,SplitDecision,49120,614
0,2,1,ClientToShareholder,CommittedGradientShare,6395424,3684
0,2,1,ShareholderToAggregator,Share,3360,2
0,2,1,AggregatorBroadcast,SplitDecision,49120,614
0,2,1,ShareholderToAggregator,Share,3360,2
0,2,1,AggregatorBroadcast,SplitDecision,49120,614
0,2,2,ClientToShareholder,CommittedGradientShare,12790848,7368
0,2,2,ShareholderToAggregator,Share,3360,2
0,2,2,AggregatorBroadcast,SplitDecision,49120,614
0,2,2,ShareholderToAggregator,Share,3360,2
0,2,2,AggregatorBroadcast,SplitDecision,49120,614
0,2,2,ShareholderToAggregator,Share,3360,2
0,2,2,AggregatorBroadcast,SplitDecision,49120,614
0,2,2,ShareholderToAggregator,Share,3360,2
0,2,3,ClientToShareholder,CommittedGradientShare,22383984,12894
0,2,3,ShareholderToAggregator,Share,3360,2
0,2,3,ShareholderToAggregator,Share,3360,2
0,2,3,AggregatorBroadcast,SplitDecision,49120,614
0,2,3,ShareholderToAggregator,Share,3360,2
0,2,3,AggregatorBroadcast,SplitDecision,49120,614
0,2,3,ShareholderToAggregator,Share,3360,2
0,2,3,ShareholderToAggregator,Share,3360,2
0,2,3,AggregatorBroadcast,SplitDecision,49120,614
0,2,3,ShareholderToAggregator,Share,3360,2
0,2,3,AggregatorBroadcast,SplitDecision,49120,614
0,2,3,ShareholderToAggregator,Share,3360,2
0,2,3,AggregatorBroadcast,SplitDecision,49120,614
0,2,4,ClientToShareholder,CommittedGradientShare,38372544,22104
0,2,4,ShareholderToAggregator,Share,3360,2
0,2,4,ShareholderToAggregator,Share,3360,2
0,2,4,ShareholderToAggregator,Share,3360,2
0,2,4,ShareholderToAggregator,Share,3360,2
0,2,4,AggregatorBroadcast,SplitDecision,49120,614
0,2,4,ShareholderToAggregator,Share,3360,2
0,2,4,ShareholderToAggregator,Share,3360,2
0,2,4,AggregatorBroadcast,SplitDecision,49120,614
0,2,4,ShareholderToAggregator,Share,3360,2
0,2,4,AggregatorBroadcast,SplitDecision,49120,614
0,2,4,ShareholderToAggregator,Share,3360,2
0,2,4,AggregatorBroadcast,SplitDecision,49120,614
0,2,4,ShareholderToAggregator,Share,3360,2
0,2,4,ShareholderToAggregator,Share,3360,2
0,2,4,ShareholderToAggregator,Share,3360,2
0,2,4,AggregatorBroadcast,SplitDecision,49120,614
0,2,4,ShareholderToAggregator,Share,3360,2
0,2,4,AggregatorBroadcast,SplitDecision,49120,614
0,2,5,ClientToShareholder,CommittedGradientShare,57558816,33156
0,2,5,ShareholderToAggregator,Share,3360,2
0,2,5,ShareholderToAggregator,Share,3360,2
0,2,5,ShareholderToAggregator,Share,3360,2
0,2,5,ShareholderToAggregator,Share,3360,2
0,2,5,ShareholderToAggregator,Share,3360,2
0,2,5,ShareholderToAggregator,Share,3360,2
0,2,5,ShareholderToAggregator,Share,3360,2
0,2,5,ShareholderToAggregator,Share,3360,2
0,2,5,ShareholderToAggregator,Share,3360,2
0,2,5,AggregatorBroadcast,SplitDecision,49120,614
0,2,5,ShareholderToAggregator,Share,3360,2
0,2,5,AggregatorBroadcast,SplitDecision,49120,614
0,2,5,ShareholderToAggregator,Share,3360,2
0,2,5,ShareholderToAggregator,Share,3360,2
0,2,5,AggregatorBroadcast,SplitDecision,49120,614
0,2,5,ShareholderToAggregator,Share,3360,2
0,2,5,ShareholderToAggregator,Share,3360,2
0,2,5,AggregatorBroadcast,SplitDecision,49120,614
0,2,5,ShareholderToAggregator,Share,3360,2
0,2,5,ShareholderToAggregator,Share,3360,2
0,2,5,AggregatorBroadcast,SplitDecision,49120,614
0,2,5,ShareholderToAggregator,Share,3360,2
0,2,5,ShareholderToAggregator,Share,3360,2
0,3,0,ClientToShareholder,CommittedGradientShare,3197712,1842
0,3,0,ShareholderToAggregator,Share,3360,2
0,3,0,AggregatorBroadcast,SplitDecision,49120,614
0,3,1,ClientToShareholder,CommittedGradientShare,6395424,3684
0,3,1,ShareholderToAggregator,Share,3360,2
0,3,1,AggregatorBroadcast,SplitDecision,49120,614
0,3,1,ShareholderToAggregator,Share,3360,2
0,3,1,AggregatorBroadcast,SplitDecision,49120,614
0,3,2,ClientToShareholder,CommittedGradientShare,12790848,7368
0,3,2,ShareholderToAggregator,Share,3360,2
0,3,2,AggregatorBroadcast,SplitDecision,49120,614
0,3,2,ShareholderToAggregator,Share,3360,2
0,3,2,AggregatorBroadcast,SplitDecision,49120,614
0,3,2,ShareholderToAggregator,Share,3360,2
0,3,2,AggregatorBroadcast,SplitDecision,49120,614
0,3,2,ShareholderToAggregator,Share,3360,2
0,3,2,AggregatorBroadcast,SplitDecision,49120,614
0,3,3,ClientToShareholder,CommittedGradientShare,25581696,14736
0,3,3,ShareholderToAggregator,Share,3360,2
0,3,3,ShareholderToAggregator,Share,3360,2
0,3,3,AggregatorBroadcast,SplitDecision,49120,614
0,3,3,ShareholderToAggregator,Share,3360,2
0,3,3,AggregatorBroadcast,SplitDecision,49120,614
0,3,3,ShareholderToAggregator,Share,3360,2
0,3,3,AggregatorBroadcast,SplitDecision,49120,614
0,3,3,ShareholderToAggregator,Share,3360,2
0,3,3,AggregatorBroadcast,SplitDecision,49120,614
0,3,3,ShareholderToAggregator,Share,3360,2
0,3,3,AggregatorBroadcast,SplitDecision,49120,614
0,3,3,ShareholderToAggregator,Share,3360,2
0,3,3,AggregatorBroadcast,SplitDecision,49120,614
0,3,3,ShareholderToAggregator,Share,3360,2
0,3,3,AggregatorBroadcast,SplitDecision,49120,614
0,3,4,ClientToShareholder,CommittedGradientShare,47965680,27630
0,3,4,ShareholderToAggregator,Share,3360,2
0,3,4,ShareholderToAggregator,Share,3360,2
0,3,4,ShareholderToAggregator,Share,3360,2
0,3,4,AggregatorBroadcast,SplitDecision,49120,614
0,3,4,ShareholderToAggregator,Share,3360,2
0,3,4,AggregatorBroadcast,SplitDecision,49120,614
0,3,4,ShareholderToAggregator,Share,3360,2
0,3,4,ShareholderToAggregator,Share,3360,2
0,3,4,AggregatorBroadcast,SplitDecision,49120,614
0,3,4,ShareholderToAggregator,Share,3360,2
0,3,4,AggregatorBroadcast,SplitDecision,49120,614
0,3,4,ShareholderToAggregator,Share,3360,2
0,3,4,ShareholderToAggregator,Share,3360,2
0,3,4,AggregatorBroadcast,SplitDecision,49120,614
0,3,4,ShareholderToAggregator,Share,3360,2
0,3,4,ShareholderToAggregator,Share,3360,2
0,3,4,AggregatorBroadcast,SplitDecision,49120,614
0,3,4,ShareholderToAggregator,Share,3360,2
0,3,4,AggregatorBroadcast,SplitDecision,49120,614
0,3,4,ShareholderToAggregator,Share,3360,2
0,3,4,AggregatorBroadcast,SplitDecision,49120,614
0,3,4,ShareholderToAggregator,Share,3360,2
0,3,4,AggregatorBroadcast,SplitDecision,49120,614
0,3,4,ShareholderToAggregator,Share,3360,2
0,3,4,AggregatorBroadcast,SplitDecision,49120,614
0,3,5,ClientToShareholder,CommittedGradientShare,79942800,46050
0,3,5,ShareholderToAggregator,Share,3360,2
0,3,5,ShareholderToAggregator,Share,3360,2
0,3,5,ShareholderToAggregator,Share,3360,2
0,3,5,ShareholderToAggregator,Share,3360,2
0,3,5,ShareholderToAggregator,Share,3360,2
0,3,5,ShareholderToAggregator,Share,3360,2
0,3,5,AggregatorBroadcast,SplitDecision,49120,614
0,3,5,ShareholderToAggregator,Share,3360,2
0,3,5,AggregatorBroadcast,SplitDecision,49120,614
0,3,5,ShareholderToAggregator,Share,3360,2
0,3,5,ShareholderToAggregator,Share,3360,2
0,3,5,ShareholderToAggregator,Share,3360,2
0,3,5,ShareholderToAggregator,Share,3360,2
0,3,5,ShareholderToAggregator,Share,3360,2
0,3,5,AggregatorBroadcast,SplitDecision,49120,614
0,3,5,ShareholderToAggregator,Share,3360,2
0,3,5,AggregatorBroadcast,SplitDecision,49120,614
0,3,5,ShareholderToAggregator,Share,3360,2
0,3,5,ShareholderToAggregator,Share,3360,2
0,3,5,ShareholderToAggregator,Share,3360,2
0,3,5,ShareholderToAggregator,Share,3360,2
0,3,5,AggregatorBroadcast,SplitDecision,49120,614
0,3,5,ShareholderToAggregator,Share,3360,2
0,3,5,AggregatorBroadcast,SplitDecision,49120,614
0,3,5,ShareholderToAggregator,Share,3360,2
0,3,5,AggregatorBroadcast,SplitDecision,49120,614
0,3,5,ShareholderToAggregator,Share,3360,2
0,3,5,AggregatorBroadcast,SplitDecision,49120,614
0,3,5,ShareholderToAggregator,Share,3360,2
0,3,5,ShareholderToAggregator,Share,3360,2
0,3,5,AggregatorBroadcast,SplitDecision,49120,614
0,3,5,ShareholderToAggregator,Share,3360,2
0,3,5,ShareholderToAggregator,Share,3360,2
0,3,5,ShareholderToAggregator,Share,3360,2
0,3,5,AggregatorBroadcast,SplitDecision,49120,614
0,4,0,ClientToShareholder,CommittedGradientShare,3197712,1842
0,4,0,ShareholderToAggregator,Share,3360,2
0,4,0,AggregatorBroadcast,SplitDecision,49120,614
0,4,1,ClientToShareholder,CommittedGradientShare,6395424,3684
0,4,1,ShareholderToAggregator,Share,3360,2
0,4,1,AggregatorBroadcast,SplitDecision,49120,614
0,4,1,ShareholderToAggregator,Share,3360,2
0,4,1,AggregatorBroadcast,SplitDecision,49120,614
0,4,2,ClientToShareholder,CommittedGradientShare,12790848,7368
0,4,2,ShareholderToAggregator,Share,3360,2
0,4,2,AggregatorBroadcast,SplitDecision,49120,614
0,4,2,ShareholderToAggregator,Share,3360,2
0,4,2,AggregatorBroadcast,SplitDecision,49120,614
0,4,2,ShareholderToAggregator,Share,3360,2
0,4,2,AggregatorBroadcast,SplitDecision,49120,614
0,4,2,ShareholderToAggregator,Share,3360,2
0,4,2,AggregatorBroadcast,SplitDecision,49120,614
0,4,3,ClientToShareholder,CommittedGradientShare,25581696,14736
0,4,3,ShareholderToAggregator,Share,3360,2
0,4,3,ShareholderToAggregator,Share,3360,2
0,4,3,AggregatorBroadcast,SplitDecision,49120,614
0,4,3,ShareholderToAggregator,Share,3360,2
0,4,3,AggregatorBroadcast,SplitDecision,49120,614
0,4,3,ShareholderToAggregator,Share,3360,2
0,4,3,AggregatorBroadcast,SplitDecision,49120,614
0,4,3,ShareholderToAggregator,Share,3360,2
0,4,3,AggregatorBroadcast,SplitDecision,49120,614
0,4,3,ShareholderToAggregator,Share,3360,2
0,4,3,AggregatorBroadcast,SplitDecision,49120,614
0,4,3,ShareholderToAggregator,Share,3360,2
0,4,3,AggregatorBroadcast,SplitDecision,49120,614
0,4,3,ShareholderToAggregator,Share,3360,2
0,4,3,AggregatorBroadcast,SplitDecision,49120,614
0,4,4,ClientToShareholder,CommittedGradientShare,47965680,27630
0,4,4,ShareholderToAggregator,Share,3360,2
0,4,4,ShareholderToAggregator,Share,3360,2
0,4,4,AggregatorBroadcast,SplitDecision,49120,614
0,4,4,ShareholderToAggregator,Share,3360,2
0,4,4,AggregatorBroadcast,SplitDecision,49120,614
0,4,4,ShareholderToAggregator,Share,3360,2
0,4,4,AggregatorBroadcast,SplitDecision,49120,614
0,4,4,ShareholderToAggregator,Share,3360,2
0,4,4,AggregatorBroadcast,SplitDecision,49120,614
0,4,4,ShareholderToAggregator,Share,3360,2
0,4,4,AggregatorBroadcast,SplitDecision,49120,614
0,4,4,ShareholderToAggregator,Share,3360,2
0,4,4,AggregatorBroadcast,SplitDecision,49120,614
0,4,4,ShareholderToAggregator,Share,3360,2
0,4,4,ShareholderToAggregator,Share,3360,2
0,4,4,ShareholderToAggregator,Share,3360,2
0,4,4,AggregatorBroadcast,SplitDecision,49120,614
0,4,4,ShareholderToAggregator,Share,3360,2
0,4,4,AggregatorBroadcast,SplitDecision,49120,614
0,4,4,ShareholderToAggregator,Share,3360,2
0,4,4,AggregatorBroadcast,SplitDecision,49120,614
0,4,4,ShareholderToAggregator,Share,3360,2
0,4,4,AggregatorBroadcast,SplitDecision,49120,614
0,4,4,ShareholderToAggregator,Share,3360,2
0,4,4,AggregatorBroadcast,SplitDecision,49120,614
0,4,4,ShareholderToAggregator,Share,3360,2
0,4,5,ClientToShareholder,CommittedGradientShare,83140512,47892
0,4,5,ShareholderToAggregator,Share,3360,2
0,4,5,ShareholderToAggregator,Share,3360,2
0,4,5,ShareholderToAggregator,Share,3360,2
0,4,5,ShareholderToAggregator,Share,3360,2
0,4,5,ShareholderToAggregator,Share,3360,2
0,4,5,AggregatorBroadcast,SplitDecision,49120,614
0,4,5,ShareholderToAggregator,Share,3360,2
0,4,5,ShareholderToAggregator,Share,3360,2
0,4,5,AggregatorBroadcast,SplitDecision,49120,614
0,4,5,ShareholderToAggregator,Share,3360,2
0,4,5,ShareholderToAggregator,Share,3360,2
0,4,5,ShareholderToAggregator,Share,3360,2
0,4,5,ShareholderToAggregator,Share,3360,2
0,4,5,ShareholderToAggregator,Share,3360,2
0,4,5,ShareholderToAggregator,Share,3360,2
0,4,5,ShareholderToAggregator,Share,3360,2
0,4,5,ShareholderToAggregator,Share,3360,2
0,4,5,AggregatorBroadcast,SplitDecision,49120,614
0,4,5,ShareholderToAggregator,Share,3360,2
0,4,5,AggregatorBroadcast,SplitDecision,49120,614
0,4,5,ShareholderToAggregator,Share,3360,2
0,4,5,ShareholderToAggregator,Share,3360,2
0,4,5,AggregatorBroadcast,SplitDecision,49120,614
0,4,5,ShareholderToAggregator,Share,3360,2
0,4,5,ShareholderToAggregator,Share,3360,2
0,4,5,ShareholderToAggregator,Share,3360,2
0,4,5,AggregatorBroadcast,SplitDecision,49120,614
0,4,5,ShareholderToAggregator,Share,3360,2
0,4,5,AggregatorBroadcast,SplitDecision,49120,614
0,4,5,ShareholderToAggregator,Share,3360,2
0,4,5,AggregatorBroadcast,SplitDecision,49120,614
0,4,5,ShareholderToAggregator,Share,3360,2
0,4,5,ShareholderToAggregator,Share,3360,2
0,4,5,AggregatorBroadcast,SplitDecision,49120,614
0,4,5,ShareholderToAggregator,Share,3360,2
0,5,0,ClientToShareholder,CommittedGradientShare,3197712,1842
0,5,0,ShareholderToAggregator,Share,3360,2
0,5,0,AggregatorBroadcast,SplitDecision,49120,614
0,5,1,ClientToShareholder,CommittedGradientShare,6395424,3684
0,5,1,ShareholderToAggregator,Share,3360,2
0,5,1,AggregatorBroadcast,SplitDecision,49120,614
0,5,1,ShareholderToAggregator,Share,3360,2
0,5,1,AggregatorBroadcast,SplitDecision,49120,614
0,5,2,ClientToShareholder,CommittedGradientShare,12790848,7368
0,5,2,ShareholderToAggregator,Share,3360,2
0,5,2,AggregatorBroadcast,SplitDecision,49120,614
0,5,2,ShareholderToAggregator,Share,3360,2
0,5,2,AggregatorBroadcast,SplitDecision,49120,614
0,5,2,ShareholderToAggregator,Share,3360,2
0,5,2,AggregatorBroadcast,SplitDecision,49120,614
0,5,2,ShareholderToAggregator,Share,3360,2
0,5,2,AggregatorBroadcast,SplitDecision,49120,614
0,5,3,ClientToShareholder,CommittedGradientShare,25581696,14736
0,5,3,ShareholderToAggregator,Share,3360,2
0,5,3,AggregatorBroadcast,SplitDecision,49120,614
0,5,3,ShareholderToAggregator,Share,3360,2
0,5,3,AggregatorBroadcast,SplitDecision,49120,614
0,5,3,ShareholderToAggregator,Share,3360,2
0,5,3,AggregatorBroadcast,SplitDecision,49120,614
0,5,3,ShareholderToAggregator,Share,3360,2
0,5,3,ShareholderToAggregator,Share,3360,2
0,5,3,AggregatorBroadcast,SplitDecision,49120,614
0,5,3,ShareholderToAggregator,Share,3360,2
0,5,3,AggregatorBroadcast,SplitDecision,49120,614
0,5,3,ShareholderToAggregator,Share,3360,2
0,5,3,AggregatorBroadcast,SplitDecision,49120,614
0,5,3,ShareholderToAggregator,Share,3360,2
0,5,3,AggregatorBroadcast,SplitDecision,49120,614
0,5,4,ClientToShareholder,CommittedGradientShare,47965680,27630
0,5,4,ShareholderToAggregator,Share,3360,2
0,5,4,ShareholderToAggregator,Share,3360,2
0,5,4,AggregatorBroadcast,SplitDecision,49120,614
0,5,4,ShareholderToAggregator,Share,3360,2
0,5,4,AggregatorBroadcast,SplitDecision,49120,614
0,5,4,ShareholderToAggregator,Share,3360,2
0,5,4,AggregatorBroadcast,SplitDecision,49120,614
0,5,4,ShareholderToAggregator,Share,3360,2
0,5,4,ShareholderToAggregator,Share,3360,2
0,5,4,AggregatorBroadcast,SplitDecision,49120,614
0,5,4,ShareholderToAggregator,Share,3360,2
0,5,4,ShareholderToAggregator,Share,3360,2
0,5,4,ShareholderToAggregator,Share,3360,2
0,5,4,ShareholderToAggregator,Share,3360,2
0,5,4,AggregatorBroadcast,SplitDecision,49120,614
0,5,4,ShareholderToAggregator,Share,3360,2
0,5,4,AggregatorBroadcast,SplitDecision,49120,614
0,5,4,ShareholderToAggregator,Share,3360,2
0,5,4,AggregatorBroadcast,SplitDecision,49120,614
0,5,4,ShareholderToAggregator,Share,3360,2
0,5,4,ShareholderToAggregator,Share,3360,2
0,5,4,ShareholderToAggregator,Share,3360,2
0,5,4,AggregatorBroadcast,SplitDecision,49120,614
0,5,5,ClientToShareholder,CommittedGradientShare,73547376,42366
0,5,5,ShareholderToAggregator,Share,3360,2
0,5,5,ShareholderToAggregator,Share,3360,2
0,5,5,ShareholderToAggregator,Share,3360,2
0,5,5,ShareholderToAggregator,Share,3360,2
0,5,5,ShareholderToAggregator,Share,3360,2
0,5,5,ShareholderToAggregator,Share,3360,2
0,5,5,ShareholderToAggregator,Share,3360,2
0,5,5,ShareholderToAggregator,Share,3360,2
0,5,5,ShareholderToAggregator,Share,3360,2
0,5,5,AggregatorBroadcast,SplitDecision,49120,614
0,5,5,ShareholderToAggregator,Share,3360,2
0,5,5,ShareholderToAggregator,Share,3360,2
0,5,5,AggregatorBroadcast,SplitDecision,49120,614
0,5,5,ShareholderToAggregator,Share,3360,2
0,5,5,ShareholderToAggregator,Share,3360,2
0,5,5,ShareholderToAggregator,Share,3360,2
0,5,5,AggregatorBroadcast,SplitDecision,49120,614
0,5,5,ShareholderToAggregator,Share,3360,2
0,5,5,ShareholderToAggregator,Share,3360,2
0,5,5,AggregatorBroadcast,SplitDecision,49120,614
0,5,5,ShareholderToAggregator,Share,3360,2
0,5,5,AggregatorBroadcast,SplitDecision,49120,614
0,5,5,ShareholderToAggregator,Share,3360,2
0,5,5,AggregatorBroadcast,SplitDecision,49120,614
0,5,5,ShareholderToAggregator,Share,3360,2
0,5,5,AggregatorBroadcast,SplitDecision,49120,614
0,5,5,ShareholderToAggregator,Share,3360,2
0,5,5,ShareholderToAggregator,Share,3360,2
0,5,5,AggregatorBroadcast,SplitDecision,49120,614
0,5,5,ShareholderToAggregator,Share,3360,2
0,5,5,ShareholderToAggregator,Share,3360,2
0,6,0,ClientToShareholder,CommittedGradientShare,3197712,1842
0,6,0,ShareholderToAggregator,Share,3360,2
0,6,0,AggregatorBroadcast,SplitDecision,49120,614
0,6,1,ClientToShareholder,CommittedGradientShare,6395424,3684
0,6,1,ShareholderToAggregator,Share,3360,2
0,6,1,AggregatorBroadcast,SplitDecision,49120,614
0,6,1,ShareholderToAggregator,Share,3360,2
0,6,1,AggregatorBroadcast,SplitDecision,49120,614
0,6,2,ClientToShareholder,CommittedGradientShare,12790848,7368
0,6,2,ShareholderToAggregator,Share,3360,2
0,6,2,AggregatorBroadcast,SplitDecision,49120,614
0,6,2,ShareholderToAggregator,Share,3360,2
0,6,2,AggregatorBroadcast,SplitDecision,49120,614
0,6,2,ShareholderToAggregator,Share,3360,2
0,6,2,AggregatorBroadcast,SplitDecision,49120,614
0,6,2,ShareholderToAggregator,Share,3360,2
0,6,2,AggregatorBroadcast,SplitDecision,49120,614
0,6,3,ClientToShareholder,CommittedGradientShare,25581696,14736
0,6,3,ShareholderToAggregator,Share,3360,2
0,6,3,ShareholderToAggregator,Share,3360,2
0,6,3,AggregatorBroadcast,SplitDecision,49120,614
0,6,3,ShareholderToAggregator,Share,3360,2
0,6,3,AggregatorBroadcast,SplitDecision,49120,614
0,6,3,ShareholderToAggregator,Share,3360,2
0,6,3,ShareholderToAggregator,Share,3360,2
0,6,3,AggregatorBroadcast,SplitDecision,49120,614
0,6,3,ShareholderToAggregator,Share,3360,2
0,6,3,AggregatorBroadcast,SplitDecision,49120,614
0,6,3,ShareholderToAggregator,Share,3360,2
0,6,3,AggregatorBroadcast,SplitDecision,49120,614
0,6,3,ShareholderToAggregator,Share,3360,2
0,6,3,AggregatorBroadcast,SplitDecision,49120,614
0,6,4,ClientToShareholder,CommittedGradientShare,44767968,25788
0,6,4,ShareholderToAggregator,Share,3360,2
0,6,4,ShareholderToAggregator,Share,3360,2
0,6,4,ShareholderToAggregator,Share,3360,2
0,6,4,AggregatorBroadcast,SplitDecision,49120,614
0,6,4,ShareholderToAggregator,Share,3360,2
0,6,4,AggregatorBroadcast,SplitDecision,49120,614
0,6,4,ShareholderToAggregator,Share,3360,2
0,6,4,AggregatorBroadcast,SplitDecision,49120,614
0,6,4,ShareholderToAggregator,Share,3360,2
0,6,4,ShareholderToAggregator,Share,3360,2
0,6,4,AggregatorBroadcast,SplitDecision,49120,614
0,6,4,ShareholderToAggregator,Share,3360,2
0,6,4,ShareholderToAggregator,Share,3360,2
0,6,4,AggregatorBroadcast,SplitDecision,49120,614
0,6,4,ShareholderToAggregator,Share,3360,2
0,6,4,AggregatorBroadcast,SplitDecision,49120,614
0,6,4,ShareholderToAggregator,Share,3360,2
0,6,4,AggregatorBroadcast,SplitDecision,49120,614
0,6,4,ShareholderToAggregator,Share,3360,2
0,6,4,AggregatorBroadcast,SplitDecision,49120,614
0,6,4,ShareholderToAggregator,Share,3360,2
0,6,4,ShareholderToAggregator,Share,3360,2
0,6,4,AggregatorBroadcast,SplitDecision,49120,614
0,6,5,ClientToShareholder,CommittedGradientShare,73547376,42366
0,6,5,ShareholderToAggregator,Share,3360,2
0,6,5,ShareholderToAggregator,Share,3360,2
0,6,5,ShareholderToAggregator,Share,3360,2
0,6,5,ShareholderToAggregator,Share,3360,2
0,6,5,ShareholderToAggregator,Share,3360,2
0,6,5,ShareholderToAggregator,Share,3360,2
0,6,5,AggregatorBroadcast,SplitDecision,49120,614
0,6,5,ShareholderToAggregator,Share,3360,2
0,6,5,AggregatorBroadcast,SplitDecision,49120,614
0,6,5,ShareholderToAggregator,Share,3360,2
0,6,5,ShareholderToAggregator,Share,3360,2
0,6,5,ShareholderToAggregator,Share,3360,2
0,6,5,ShareholderToAggregator,Share,3360,2
0,6,5,ShareholderToAggregator,Share,3360,2
0,6,5,ShareholderToAggregator,Share,3360,2
0,6,5,AggregatorBroadcast,SplitDecision,49120,614
0,6,5,ShareholderToAggregator,Share,3360,2
0,6,5,AggregatorBroadcast,SplitDecision,49120,614
0,6,5,ShareholderToAggregator,Share,3360,2
0,6,5,AggregatorBroadcast,SplitDecision,49120,614
0,6,5,ShareholderToAggregator,Share,3360,2
0,6,5,AggregatorBroadcast,SplitDecision,49120,614
0,6,5,ShareholderToAggregator,Share,3360,2
0,6,5,AggregatorBroadcast,SplitDecision,49120,614
0,6,5,ShareholderToAggregator,Share,3360,2
0,6,5,ShareholderToAggregator,Share,3360,2
0,6,5,AggregatorBroadcast,SplitDecision,49120,614
0,6,5,ShareholderToAggregator,Share,3360,2
0,6,5,ShareholderToAggregator,Share,3360,2
0,6,5,ShareholderToAggregator,Share,3360,2
0,6,5,ShareholderToAggregator,Share,3360,2
0,7,0,ClientToShareholder,CommittedGradientShare,3197712,1842
0,7,0,ShareholderToAggregator,Share,3360,2
0,7,0,AggregatorBroadcast,SplitDecision,49120,614
0,7,1,ClientToShareholder,CommittedGradientShare,6395424,3684
0,7,1,ShareholderToAggregator,Share,3360,2
0,7,1,AggregatorBroadcast,SplitDecision,49120,614
0,7,1,ShareholderToAggregator,Share,3360,2
0,7,1,AggregatorBroadcast,SplitDecision,49120,614
0,7,2,ClientToShareholder,CommittedGradientShare,12790848,7368
0,7,2,ShareholderToAggregator,Share,3360,2
0,7,2,AggregatorBroadcast,SplitDecision,49120,614
0,7,2,ShareholderToAggregator,Share,3360,2
0,7,2,AggregatorBroadcast,SplitDecision,49120,614
0,7,2,ShareholderToAggregator,Share,3360,2
0,7,2,AggregatorBroadcast,SplitDecision,49120,614
0,7,2,ShareholderToAggregator,Share,3360,2
0,7,2,AggregatorBroadcast,SplitDecision,49120,614
0,7,3,ClientToShareholder,CommittedGradientShare,25581696,14736
0,7,3,ShareholderToAggregator,Share,3360,2
0,7,3,ShareholderToAggregator,Share,3360,2
0,7,3,ShareholderToAggregator,Share,3360,2
0,7,3,AggregatorBroadcast,SplitDecision,49120,614
0,7,3,ShareholderToAggregator,Share,3360,2
0,7,3,AggregatorBroadcast,SplitDecision,49120,614
0,7,3,ShareholderToAggregator,Share,3360,2
0,7,3,AggregatorBroadcast,SplitDecision,49120,614
0,7,3,ShareholderToAggregator,Share,3360,2
0,7,3,AggregatorBroadcast,SplitDecision,49120,614
0,7,3,ShareholderToAggregator,Share,3360,2
0,7,3,AggregatorBroadcast,SplitDecision,49120,614
0,7,3,ShareholderToAggregator,Share,3360,2
0,7,3,AggregatorBroadcast,SplitDecision,49120,614
0,7,4,ClientToShareholder,CommittedGradientShare,44767968,25788
0,7,4,ShareholderToAggregator,Share,3360,2
0,7,4,ShareholderToAggregator,Share,3360,2
0,7,4,ShareholderToAggregator,Share,3360,2
0,7,4,ShareholderToAggregator,Share,3360,2
0,7,4,AggregatorBroadcast,SplitDecision,49120,614
0,7,4,ShareholderToAggregator,Share,3360,2
0,7,4,AggregatorBroadcast,SplitDecision,49120,614
0,7,4,ShareholderToAggregator,Share,3360,2
0,7,4,AggregatorBroadcast,SplitDecision,49120,614
0,7,4,ShareholderToAggregator,Share,3360,2
0,7,4,ShareholderToAggregator,Share,3360,2
0,7,4,ShareholderToAggregator,Share,3360,2
0,7,4,AggregatorBroadcast,SplitDecision,49120,614
0,7,4,ShareholderToAggregator,Share,3360,2
0,7,4,AggregatorBroadcast,SplitDecision,49120,614
0,7,4,ShareholderToAggregator,Share,3360,2
0,7,4,AggregatorBroadcast,SplitDecision,49120,614
0,7,4,ShareholderToAggregator,Share,3360,2
0,7,4,AggregatorBroadcast,SplitDecision,49120,614
0,7,4,ShareholderToAggregator,Share,3360,2
0,7,4,AggregatorBroadcast,SplitDecision,49120,614
0,7,4,ShareholderToAggregator,Share,3360,2
0,7,4,AggregatorBroadcast,SplitDecision,49120,614
0,7,5,ClientToShareholder,CommittedGradientShare,73547376,42366
0,7,5,ShareholderToAggregator,Share,3360,2
0,7,5,ShareholderToAggregator,Share,3360,2
0,7,5,ShareholderToAggregator,Share,3360,2
0,7,5,ShareholderToAggregator,Share,3360,2
0,7,5,ShareholderToAggregator,Share,3360,2
0,7,5,ShareholderToAggregator,Share,3360,2
0,7,5,AggregatorBroadcast,SplitDecision,49120,614
0,7,5,ShareholderToAggregator,Share,3360,2
0,7,5,AggregatorBroadcast,SplitDecision,49120,614
0,7,5,ShareholderToAggregator,Share,3360,2
0,7,5,AggregatorBroadcast,SplitDecision,49120,614
0,7,5,ShareholderToAggregator,Share,3360,2
0,7,5,AggregatorBroadcast,SplitDecision,49120,614
0,7,5,ShareholderToAggregator,Share,3360,2
0,7,5,AggregatorBroadcast,SplitDecision,49120,614
0,7,5,ShareholderToAggregator,Share,3360,2
0,7,5,ShareholderToAggregator,Share,3360,2
0,7,5,ShareholderToAggregator,Share,3360,2
0,7,5,AggregatorBroadcast,SplitDecision,49120,614
0,7,5,ShareholderToAggregator,Share,3360,2
0,7,5,ShareholderToAggregator,Share,3360,2
0,7,5,AggregatorBroadcast,SplitDecision,49120,614
0,7,5,ShareholderToAggregator,Share,3360,2
0,7,5,AggregatorBroadcast,SplitDecision,49120,614
0,7,5,ShareholderToAggregator,Share,3360,2
0,7,5,AggregatorBroadcast,SplitDecision,49120,614
0,7,5,ShareholderToAggregator,Share,3360,2
0,7,5,ShareholderToAggregator,Share,3360,2
0,7,5,ShareholderToAggregator,Share,3360,2
0,7,5,AggregatorBroadcast,SplitDecision,49120,614
0,7,5,ShareholderToAggregator,Share,3360,2
0,7,5,AggregatorBroadcast,SplitDecision,49120,614
0,7,5,ShareholderToAggregator,Share,3360,2
0,7,5,AggregatorBroadcast,SplitDecision,49120,614
0,7,5,ShareholderToAggregator,Share,3360,2
0,7,5,AggregatorBroadcast,SplitDecision,49120,614
0,8,0,ClientToShareholder,CommittedGradientShare,3197712,1842
0,8,0,ShareholderToAggregator,Share,3360,2
0,8,0,AggregatorBroadcast,SplitDecision,49120,614
0,8,1,ClientToShareholder,CommittedGradientShare,6395424,3684
0,8,1,ShareholderToAggregator,Share,3360,2
0,8,1,AggregatorBroadcast,SplitDecision,49120,614
0,8,1,ShareholderToAggregator,Share,3360,2
0,8,1,AggregatorBroadcast,SplitDecision,49120,614
0,8,2,ClientToShareholder,CommittedGradientShare,12790848,7368
0,8,2,ShareholderToAggregator,Share,3360,2
0,8,2,AggregatorBroadcast,SplitDecision,49120,614
0,8,2,ShareholderToAggregator,Share,3360,2
0,8,2,AggregatorBroadcast,SplitDecision,49120,614
0,8,2,ShareholderToAggregator,Share,3360,2
0,8,2,AggregatorBroadcast,SplitDecision,49120,614
0,8,2,ShareholderToAggregator,Share,3360,2
0,8,2,AggregatorBroadcast,SplitDecision,49120,614
0,8,3,ClientToShareholder,CommittedGradientShare,25581696,14736
0,8,3,ShareholderToAggregator,Share,3360,2
0,8,3,ShareholderToAggregator,Share,3360,2
0,8,3,AggregatorBroadcast,SplitDecision,49120,614
0,8,3,ShareholderToAggregator,Share,3360,2
0,8,3,AggregatorBroadcast,SplitDecision,49120,614
0,8,3,ShareholderToAggregator,Share,3360,2
0,8,3,AggregatorBroadcast,SplitDecision,49120,614
0,8,3,ShareholderToAggregator,Share,3360,2
0,8,3,AggregatorBroadcast,SplitDecision,49120,614
0,8,3,ShareholderToAggregator,Share,3360,2
0,8,3,AggregatorBroadcast,SplitDecision,49120,614
0,8,3,ShareholderToAggregator,Share,3360,2
0,8,3,AggregatorBroadcast,SplitDecision,49120,614
0,8,3,ShareholderToAggregator,Share,3360,2
0,8,3,AggregatorBroadcast,SplitDecision,49120,614
0,8,4,ClientToShareholder,CommittedGradientShare,47965680,27630
0,8,4,ShareholderToAggregator,Share,3360,2
0,8,4,ShareholderToAggregator,Share,3360,2
0,8,4,AggregatorBroadcast,SplitDecision,49120,614
0,8,4,ShareholderToAggregator,Share,3360,2
0,8,4,AggregatorBroadcast,SplitDecision,49120,614
0,8,4,ShareholderToAggregator,Share,3360,2
0,8,4,ShareholderToAggregator,Share,3360,2
0,8,4,ShareholderToAggregator,Share,3360,2
0,8,4,ShareholderToAggregator,Share,3360,2
0,8,4,AggregatorBroadcast,SplitDecision,49120,614
0,8,4,ShareholderToAggregator,Share,3360,2
0,8,4,AggregatorBroadcast,SplitDecision,49120,614
0,8,4,ShareholderToAggregator,Share,3360,2
0,8,4,ShareholderToAggregator,Share,3360,2
0,8,4,AggregatorBroadcast,SplitDecision,49120,614
0,8,4,ShareholderToAggregator,Share,3360,2
0,8,4,AggregatorBroadcast,SplitDecision,49120,614
0,8,4,ShareholderToAggregator,Share,3360,2
0,8,4,AggregatorBroadcast,SplitDecision,49120,614
0,8,4,ShareholderToAggregator,Share,3360,2
0,8,4,AggregatorBroadcast,SplitDecision,49120,614
0,8,4,ShareholderToAggregator,Share,3360,2
0,8,4,AggregatorBroadcast,SplitDecision,49120,614
0,8,4,ShareholderToAggregator,Share,3360,2
0,8,4,AggregatorBroadcast,SplitDecision,49120,614
0,8,5,ClientToShareholder,CommittedGradientShare,79942800,46050
0,8,5,ShareholderToAggregator,Share,3360,2
0,8,5,ShareholderToAggregator,Share,3360,2
0,8,5,ShareholderToAggregator,Share,3360,2
0,8,5,ShareholderToAggregator,Share,3360,2
0,8,5,ShareholderToAggregator,Share,3360,2
0,8,5,ShareholderToAggregator,Share,3360,2
0,8,5,AggregatorBroadcast,SplitDecision,49120,614
0,8,5,ShareholderToAggregator,Share,3360,2
0,8,5,AggregatorBroadcast,SplitDecision,49120,614
0,8,5,ShareholderToAggregator,Share,3360,2
0,8,5,ShareholderToAggregator,Share,3360,2
0,8,5,ShareholderToAggregator,Share,3360,2
0,8,5,ShareholderToAggregator,Share,3360,2
0,8,5,ShareholderToAggregator,Share,3360,2
0,8,5,ShareholderToAggregator,Share,3360,2
0,8,5,AggregatorBroadcast,SplitDecision,49120,614
0,8,5,ShareholderToAggregator,Share,3360,2
0,8,5,AggregatorBroadcast,SplitDecision,49120,614
0,8,5,ShareholderToAggregator,Share,3360,2
0,8,5,AggregatorBroadcast,SplitDecision,49120,614
0,8,5,ShareholderToAggregator,Share,3360,2
0,8,5,AggregatorBroadcast,SplitDecision,49120,614
0,8,5,ShareholderToAggregator,Share,3360,2
0,8,5,AggregatorBroadcast,SplitDecision,49120,614
0,8,5,ShareholderToAggregator,Share,3360,2
0,8,5,AggregatorBroadcast,SplitDecision,49120,614
0,8,5,ShareholderToAggregator,Share,3360,2
0,8,5,AggregatorBroadcast,SplitDecision,49120,614
0,8,5,ShareholderToAggregator,Share,3360,2
0,8,5,ShareholderToAggregator,Share,3360,2
0,8,5,ShareholderToAggregator,Share,3360,2
0,8,5,ShareholderToAggregator,Share,3360,2
0,8,5,ShareholderToAggregator,Share,3360,2
0,8,5,ShareholderToAggregator,Share,3360,2
0,9,0,ClientToShareholder,CommittedGradientShare,3197712,1842
0,9,0,ShareholderToAggregator,Share,3360,2
0,9,0,AggregatorBroadcast,SplitDecision,49120,614
0,9,1,ClientToShareholder,CommittedGradientShare,6395424,3684
0,9,1,ShareholderToAggregator,Share,3360,2
0,9,1,AggregatorBroadcast,SplitDecision,49120,614
0,9,1,ShareholderToAggregator,Share,3360,2
0,9,1,AggregatorBroadcast,SplitDecision,49120,614
0,9,2,ClientToShareholder,CommittedGradientShare,12790848,7368
0,9,2,ShareholderToAggregator,Share,3360,2
0,9,2,AggregatorBroadcast,SplitDecision,49120,614
0,9,2,ShareholderToAggregator,Share,3360,2
0,9,2,AggregatorBroadcast,SplitDecision,49120,614
0,9,2,ShareholderToAggregator,Share,3360,2
0,9,2,AggregatorBroadcast,SplitDecision,49120,614
0,9,2,ShareholderToAggregator,Share,3360,2
0,9,2,AggregatorBroadcast,SplitDecision,49120,614
0,9,3,ClientToShareholder,CommittedGradientShare,25581696,14736
0,9,3,ShareholderToAggregator,Share,3360,2
0,9,3,AggregatorBroadcast,SplitDecision,49120,614
0,9,3,ShareholderToAggregator,Share,3360,2
0,9,3,AggregatorBroadcast,SplitDecision,49120,614
0,9,3,ShareholderToAggregator,Share,3360,2
0,9,3,AggregatorBroadcast,SplitDecision,49120,614
0,9,3,ShareholderToAggregator,Share,3360,2
0,9,3,AggregatorBroadcast,SplitDecision,49120,614
0,9,3,ShareholderToAggregator,Share,3360,2
0,9,3,AggregatorBroadcast,SplitDecision,49120,614
0,9,3,ShareholderToAggregator,Share,3360,2
0,9,3,AggregatorBroadcast,SplitDecision,49120,614
0,9,3,ShareholderToAggregator,Share,3360,2
0,9,3,AggregatorBroadcast,SplitDecision,49120,614
0,9,3,ShareholderToAggregator,Share,3360,2
0,9,3,AggregatorBroadcast,SplitDecision,49120,614
0,9,4,ClientToShareholder,CommittedGradientShare,51163392,29472
0,9,4,ShareholderToAggregator,Share,3360,2
0,9,4,ShareholderToAggregator,Share,3360,2
0,9,4,ShareholderToAggregator,Share,3360,2
0,9,4,AggregatorBroadcast,SplitDecision,49120,614
0,9,4,ShareholderToAggregator,Share,3360,2
0,9,4,AggregatorBroadcast,SplitDecision,49120,614
0,9,4,ShareholderToAggregator,Share,3360,2
0,9,4,ShareholderToAggregator,Share,3360,2
0,9,4,ShareholderToAggregator,Share,3360,2
0,9,4,ShareholderToAggregator,Share,3360,2
0,9,4,AggregatorBroadcast,SplitDecision,49120,614
0,9,4,ShareholderToAggregator,Share,3360,2
0,9,4,AggregatorBroadcast,SplitDecision,49120,614
0,9,4,ShareholderToAggregator,Share,3360,2
0,9,4,ShareholderToAggregator,Share,3360,2
0,9,4,AggregatorBroadcast,SplitDecision,49120,614
0,9,4,ShareholderToAggregator,Share,3360,2
0,9,4,AggregatorBroadcast,SplitDecision,49120,614
0,9,4,ShareholderToAggregator,Share,3360,2
0,9,4,AggregatorBroadcast,SplitDecision,49120,614
0,9,4,ShareholderToAggregator,Share,3360,2
0,9,4,AggregatorBroadcast,SplitDecision,49120,614
0,9,4,ShareholderToAggregator,Share,3360,2
0,9,4,AggregatorBroadcast,SplitDecision,49120,614
0,9,4,ShareholderToAggregator,Share,3360,2
0,9,5,ClientToShareholder,CommittedGradientShare,79942800,46050
0,9,5,ShareholderToAggregator,Share,3360,2
0,9,5,ShareholderToAggregator,Share,3360,2
0,9,5,ShareholderToAggregator,Share,3360,2
0,9,5,ShareholderToAggregator,Share,3360,2
0,9,5,ShareholderToAggregator,Share,3360,2
0,9,5,ShareholderToAggregator,Share,3360,2
0,9,5,ShareholderToAggregator,Share,3360,2
0,9,5,ShareholderToAggregator,Share,3360,2
0,9,5,AggregatorBroadcast,SplitDecision,49120,614
0,9,5,ShareholderToAggregator,Share,3360,2
0,9,5,AggregatorBroadcast,SplitDecision,49120,614
0,9,5,ShareholderToAggregator,Share,3360,2
0,9,5,ShareholderToAggregator,Share,3360,2
0,9,5,ShareholderToAggregator,Share,3360,2
0,9,5,ShareholderToAggregator,Share,3360,2
0,9,5,ShareholderToAggregator,Share,3360,2
0,9,5,ShareholderToAggregator,Share,3360,2
0,9,5,AggregatorBroadcast,SplitDecision,49120,614
0,9,5,ShareholderToAggregator,Share,3360,2
0,9,5,AggregatorBroadcast,SplitDecision,49120,614
0,9,5,ShareholderToAggregator,Share,3360,2
0,9,5,AggregatorBroadcast,SplitDecision,49120,614
0,9,5,ShareholderToAggregator,Share,3360,2
0,9,5,AggregatorBroadcast,SplitDecision,49120,614
0,9,5,ShareholderToAggregator,Share,3360,2
0,9,5,AggregatorBroadcast,SplitDecision,49120,614
0,9,5,ShareholderToAggregator,Share,3360,2
0,9,5,AggregatorBroadcast,SplitDecision,49120,614
0,9,5,ShareholderToAggregator,Share,3360,2
0,9,5,AggregatorBroadcast,SplitDecision,49120,614
0,9,5,ShareholderToAggregator,Share,3360,2
0,9,5,ShareholderToAggregator,Share,3360,2
0,9,5,ShareholderToAggregator,Share,3360,2
0,9,5,AggregatorBroadcast,SplitDecision,49120,614
0,9,5,ShareholderToAggregator,Share,3360,2
0,10,0,ClientToShareholder,CommittedGradientShare,3197712,1842
0,10,0,ShareholderToAggregator,Share,3360,2
0,10,0,AggregatorBroadcast,SplitDecision,49120,614
0,10,1,ClientToShareholder,CommittedGradientShare,6395424,3684
0,10,1,ShareholderToAggregator,Share,3360,2
0,10,1,AggregatorBroadcast,SplitDecision,49120,614
0,10,1,ShareholderToAggregator,Share,3360,2
0,10,1,AggregatorBroadcast,SplitDecision,49120,614
0,10,2,ClientToShareholder,CommittedGradientShare,12790848,7368
0,10,2,ShareholderToAggregator,Share,3360,2
0,10,2,AggregatorBroadcast,SplitDecision,49120,614
0,10,2,ShareholderToAggregator,Share,3360,2
0,10,2,AggregatorBroadcast,SplitDecision,49120,614
0,10,2,ShareholderToAggregator,Share,3360,2
0,10,2,AggregatorBroadcast,SplitDecision,49120,614
0,10,2,ShareholderToAggregator,Share,3360,2
0,10,2,AggregatorBroadcast,SplitDecision,49120,614
0,10,3,ClientToShareholder,CommittedGradientShare,25581696,14736
0,10,3,ShareholderToAggregator,Share,3360,2
0,10,3,AggregatorBroadcast,SplitDecision,49120,614
0,10,3,ShareholderToAggregator,Share,3360,2
0,10,3,AggregatorBroadcast,SplitDecision,49120,614
0,10,3,ShareholderToAggregator,Share,3360,2
0,10,3,ShareholderToAggregator,Share,3360,2
0,10,3,AggregatorBroadcast,SplitDecision,49120,614
0,10,3,ShareholderToAggregator,Share,3360,2
0,10,3,AggregatorBroadcast,SplitDecision,49120,614
0,10,3,ShareholderToAggregator,Share,3360,2
0,10,3,AggregatorBroadcast,SplitDecision,49120,614
0,10,3,ShareholderToAggregator,Share,3360,2
0,10,3,AggregatorBroadcast,SplitDecision,49120,614
0,10,3,ShareholderToAggregator,Share,3360,2
0,10,4,ClientToShareholder,CommittedGradientShare,44767968,25788
0,10,4,ShareholderToAggregator,Share,3360,2
0,10,4,ShareholderToAggregator,Share,3360,2
0,10,4,ShareholderToAggregator,Share,3360,2
0,10,4,ShareholderToAggregator,Share,3360,2
0,10,4,ShareholderToAggregator,Share,3360,2
0,10,4,ShareholderToAggregator,Share,3360,2
0,10,4,AggregatorBroadcast,SplitDecision,49120,614
0,10,4,ShareholderToAggregator,Share,3360,2
0,10,4,ShareholderToAggregator,Share,3360,2
0,10,4,AggregatorBroadcast,SplitDecision,49120,614
0,10,4,ShareholderToAggregator,Share,3360,2
0,10,4,AggregatorBroadcast,SplitDecision,49120,614
0,10,4,ShareholderToAggregator,Share,3360,2
0,10,4,AggregatorBroadcast,SplitDecision,49120,614
0,10,4,ShareholderToAggregator,Share,3360,2
0,10,4,AggregatorBroadcast,SplitDecision,49120,614
0,10,4,ShareholderToAggregator,Share,3360,2
0,10,4,AggregatorBroadcast,SplitDecision,49120,614
0,10,4,ShareholderToAggregator,Share,3360,2
0,10,4,ShareholderToAggregator,Share,3360,2
0,10,4,AggregatorBroadcast,SplitDecision,49120,614
0,10,5,ClientToShareholder,CommittedGradientShare,67151952,38682
0,10,5,ShareholderToAggregator,Share,3360,2
0,10,5,ShareholderToAggregator,Share,3360,2
0,10,5,ShareholderToAggregator,Share,3360,2
0,10,5,ShareholderToAggregator,Share,3360,2
0,10,5,ShareholderToAggregator,Share,3360,2
0,10,5,ShareholderToAggregator,Share,3360,2
0,10,5,ShareholderToAggregator,Share,3360,2
0,10,5,ShareholderToAggregator,Share,3360,2
0,10,5,AggregatorBroadcast,SplitDecision,49120,614
0,10,5,ShareholderToAggregator,Share,3360,2
0,10,5,AggregatorBroadcast,SplitDecision,49120,614
0,10,5,ShareholderToAggregator,Share,3360,2
0,10,5,ShareholderToAggregator,Share,3360,2
0,10,5,ShareholderToAggregator,Share,3360,2
0,10,5,AggregatorBroadcast,SplitDecision,49120,614
0,10,5,ShareholderToAggregator,Share,3360,2
0,10,5,AggregatorBroadcast,SplitDecision,49120,614
0,10,5,ShareholderToAggregator,Share,3360,2
0,10,5,ShareholderToAggregator,Share,3360,2
0,10,5,AggregatorBroadcast,SplitDecision,49120,614
0,10,5,ShareholderToAggregator,Share,3360,2
0,10,5,ShareholderToAggregator,Share,3360,2
0,10,5,ShareholderToAggregator,Share,3360,2
0,10,5,ShareholderToAggregator,Share,3360,2
0,10,5,ShareholderToAggregator,Share,3360,2
0,10,5,ShareholderToAggregator,Share,3360,2
0,11,0,ClientToShareholder,CommittedGradientShare,3197712,1842
0,11,0,ShareholderToAggregator,Share,3360,2
0,11,0,AggregatorBroadcast,SplitDecision,49120,614
0,11,1,ClientToShareholder,CommittedGradientShare,6395424,3684
0,11,1,ShareholderToAggregator,Share,3360,2
0,11,1,AggregatorBroadcast,SplitDecision,49120,614
0,11,1,ShareholderToAggregator,Share,3360,2
0,11,1,AggregatorBroadcast,SplitDecision,49120,614
0,11,2,ClientToShareholder,CommittedGradientShare,12790848,7368
0,11,2,ShareholderToAggregator,Share,3360,2
0,11,2,AggregatorBroadcast,SplitDecision,49120,614
0,11,2,ShareholderToAggregator,Share,3360,2
0,11,2,AggregatorBroadcast,SplitDecision,49120,614
0,11,2,ShareholderToAggregator,Share,3360,2
0,11,2,AggregatorBroadcast,SplitDecision,49120,614
0,11,2,ShareholderToAggregator,Share,3360,2
0,11,2,AggregatorBroadcast,SplitDecision,49120,614
0,11,3,ClientToShareholder,CommittedGradientShare,25581696,14736
0,11,3,ShareholderToAggregator,Share,3360,2
0,11,3,AggregatorBroadcast,SplitDecision,49120,614
0,11,3,ShareholderToAggregator,Share,3360,2
0,11,3,AggregatorBroadcast,SplitDecision,49120,614
0,11,3,ShareholderToAggregator,Share,3360,2
0,11,3,ShareholderToAggregator,Share,3360,2
0,11,3,AggregatorBroadcast,SplitDecision,49120,614
0,11,3,ShareholderToAggregator,Share,3360,2
0,11,3,AggregatorBroadcast,SplitDecision,49120,614
0,11,3,ShareholderToAggregator,Share,3360,2
0,11,3,AggregatorBroadcast,SplitDecision,49120,614
0,11,3,ShareholderToAggregator,Share,3360,2
0,11,3,AggregatorBroadcast,SplitDecision,49120,614
0,11,3,ShareholderToAggregator,Share,3360,2
0,11,3,AggregatorBroadcast,SplitDecision,49120,614
0,11,4,ClientToShareholder,CommittedGradientShare,47965680,27630
0,11,4,ShareholderToAggregator,Share,3360,2
0,11,4,ShareholderToAggregator,Share,3360,2
0,11,4,ShareholderToAggregator,Share,3360,2
0,11,4,ShareholderToAggregator,Share,3360,2
0,11,4,AggregatorBroadcast,SplitDecision,49120,614
0,11,4,ShareholderToAggregator,Share,3360,2
0,11,4,AggregatorBroadcast,SplitDecision,49120,614
0,11,4,ShareholderToAggregator,Share,3360,2
0,11,4,ShareholderToAggregator,Share,3360,2
0,11,4,AggregatorBroadcast,SplitDecision,49120,614
0,11,4,ShareholderToAggregator,Share,3360,2
0,11,4,AggregatorBroadcast,SplitDecision,49120,614
0,11,4,ShareholderToAggregator,Share,3360,2
0,11,4,ShareholderToAggregator,Share,3360,2
0,11,4,AggregatorBroadcast,SplitDecision,49120,614
0,11,4,ShareholderToAggregator,Share,3360,2
0,11,4,AggregatorBroadcast,SplitDecision,49120,614
0,11,4,ShareholderToAggregator,Share,3360,2
0,11,4,AggregatorBroadcast,SplitDecision,49120,614
0,11,4,ShareholderToAggregator,Share,3360,2
0,11,4,AggregatorBroadcast,SplitDecision,49120,614
0,11,4,ShareholderToAggregator,Share,3360,2
0,11,4,AggregatorBroadcast,SplitDecision,49120,614
0,11,4,ShareholderToAggregator,Share,3360,2
0,11,5,ClientToShareholder,CommittedGradientShare,76745088,44208
0,11,5,ShareholderToAggregator,Share,3360,2
0,11,5,ShareholderToAggregator,Share,3360,2
0,11,5,ShareholderToAggregator,Share,3360,2
0,11,5,ShareholderToAggregator,Share,3360,2
0,11,5,ShareholderToAggregator,Share,3360,2
0,11,5,ShareholderToAggregator,Share,3360,2
0,11,5,ShareholderToAggregator,Share,3360,2
0,11,5,ShareholderToAggregator,Share,3360,2
0,11,5,ShareholderToAggregator,Share,3360,2
0,11,5,AggregatorBroadcast,SplitDecision,49120,614
0,11,5,ShareholderToAggregator,Share,3360,2
0,11,5,AggregatorBroadcast,SplitDecision,49120,614
0,11,5,ShareholderToAggregator,Share,3360,2
0,11,5,ShareholderToAggregator,Share,3360,2
0,11,5,ShareholderToAggregator,Share,3360,2
0,11,5,ShareholderToAggregator,Share,3360,2
0,11,5,ShareholderToAggregator,Share,3360,2
0,11,5,AggregatorBroadcast,SplitDecision,49120,614
0,11,5,ShareholderToAggregator,Share,3360,2
0,11,5,AggregatorBroadcast,SplitDecision,49120,614
0,11,5,ShareholderToAggregator,Share,3360,2
0,11,5,AggregatorBroadcast,SplitDecision,49120,614
0,11,5,ShareholderToAggregator,Share,3360,2
0,11,5,AggregatorBroadcast,SplitDecision,49120,614
0,11,5,ShareholderToAggregator,Share,3360,2
0,11,5,AggregatorBroadcast,SplitDecision,49120,614
0,11,5,ShareholderToAggregator,Share,3360,2
0,11,5,AggregatorBroadcast,SplitDecision,49120,614
0,11,5,ShareholderToAggregator,Share,3360,2
0,11,5,ShareholderToAggregator,Share,3360,2
0,11,5,ShareholderToAggregator,Share,3360,2
0,11,5,ShareholderToAggregator,Share,3360,2
0,11,5,AggregatorBroadcast,SplitDecision,49120,614
0,12,0,ClientToShareholder,CommittedGradientShare,3197712,1842
0,12,0,ShareholderToAggregator,Share,3360,2
0,12,0,AggregatorBroadcast,SplitDecision,49120,614
0,12,1,ClientToShareholder,CommittedGradientShare,6395424,3684
0,12,1,ShareholderToAggregator,Share,3360,2
0,12,1,AggregatorBroadcast,SplitDecision,49120,614
0,12,1,ShareholderToAggregator,Share,3360,2
0,12,1,AggregatorBroadcast,SplitDecision,49120,614
0,12,2,ClientToShareholder,CommittedGradientShare,12790848,7368
0,12,2,ShareholderToAggregator,Share,3360,2
0,12,2,AggregatorBroadcast,SplitDecision,49120,614
0,12,2,ShareholderToAggregator,Share,3360,2
0,12,2,ShareholderToAggregator,Share,3360,2
0,12,2,AggregatorBroadcast,SplitDecision,49120,614
0,12,2,ShareholderToAggregator,Share,3360,2
0,12,2,AggregatorBroadcast,SplitDecision,49120,614
0,12,3,ClientToShareholder,CommittedGradientShare,22383984,12894
0,12,3,ShareholderToAggregator,Share,3360,2
0,12,3,ShareholderToAggregator,Share,3360,2
0,12,3,AggregatorBroadcast,SplitDecision,49120,614
0,12,3,ShareholderToAggregator,Share,3360,2
0,12,3,AggregatorBroadcast,SplitDecision,49120,614
0,12,3,ShareholderToAggregator,Share,3360,2
0,12,3,AggregatorBroadcast,SplitDecision,49120,614
0,12,3,ShareholderToAggregator,Share,3360,2
0,12,3,AggregatorBroadcast,SplitDecision,49120,614
0,12,3,ShareholderToAggregator,Share,3360,2
0,12,3,AggregatorBroadcast,SplitDecision,49120,614
0,12,3,ShareholderToAggregator,Share,3360,2
0,12,3,AggregatorBroadcast,SplitDecision,49120,614
0,12,4,ClientToShareholder,CommittedGradientShare,41570256,23946
0,12,4,ShareholderToAggregator,Share,3360,2
0,12,4,ShareholderToAggregator,Share,3360,2
0,12,4,AggregatorBroadcast,SplitDecision,49120,614
0,12,4,ShareholderToAggregator,Share,3360,2
0,12,4,ShareholderToAggregator,Share,3360,2
0,12,4,ShareholderToAggregator,Share,3360,2
0,12,4,ShareholderToAggregator,Share,3360,2
0,12,4,ShareholderToAggregator,Share,3360,2
0,12,4,AggregatorBroadcast,SplitDecision,49120,614
0,12,4,ShareholderToAggregator,Share,3360,2
0,12,4,AggregatorBroadcast,SplitDecision,49120,614
0,12,4,ShareholderToAggregator,Share,3360,2
0,12,4,AggregatorBroadcast,SplitDecision,49120,614
0,12,4,ShareholderToAggregator,Share,3360,2
0,12,4,AggregatorBroadcast,SplitDecision,49120,614
0,12,4,ShareholderToAggregator,Share,3360,2
0,12,4,AggregatorBroadcast,SplitDecision,49120,614
0,12,4,ShareholderToAggregator,Share,3360,2
0,12,4,AggregatorBroadcast,SplitDecision,49120,614
0,12,4,ShareholderToAggregator,Share,3360,2
0,12,5,ClientToShareholder,CommittedGradientShare,63954240,36840
0,12,5,ShareholderToAggregator,Share,3360,2
0,12,5,ShareholderToAggregator,Share,3360,2
0,12,5,ShareholderToAggregator,Share,3360,2
0,12,5,ShareholderToAggregator,Share,3360,2
0,12,5,ShareholderToAggregator,Share,3360,2
0,12,5,ShareholderToAggregator,Share,3360,2
0,12,5,ShareholderToAggregator,Share,3360,2
0,12,5,AggregatorBroadcast,SplitDecision,49120,614
0,12,5,ShareholderToAggregator,Share,3360,2
0,12,5,ShareholderToAggregator,Share,3360,2
0,12,5,ShareholderToAggregator,Share,3360,2
0,12,5,ShareholderToAggregator,Share,3360,2
0,12,5,AggregatorBroadcast,SplitDecision,49120,614
0,12,5,ShareholderToAggregator,Share,3360,2
0,12,5,ShareholderToAggregator,Share,3360,2
0,12,5,AggregatorBroadcast,SplitDecision,49120,614
0,12,5,ShareholderToAggregator,Share,3360,2
0,12,5,ShareholderToAggregator,Share,3360,2
0,12,5,AggregatorBroadcast,SplitDecision,49120,614
0,12,5,ShareholderToAggregator,Share,3360,2
0,12,5,AggregatorBroadcast,SplitDecision,49120,614
0,12,5,ShareholderToAggregator,Share,3360,2
0,12,5,AggregatorBroadcast,SplitDecision,49120,614
0,12,5,ShareholderToAggregator,Share,3360,2
0,12,5,AggregatorBroadcast,SplitDecision,49120,614
0,12,5,ShareholderToAggregator,Share,3360,2
0,12,5,ShareholderToAggregator,Share,3360,2
0,13,0,ClientToShareholder,CommittedGradientShare,3197712,1842
0,13,0,ShareholderToAggregator,Share,3360,2
0,13,0,AggregatorBroadcast,SplitDecision,49120,614
0,13,1,ClientToShareholder,CommittedGradientShare,6395424,3684
0,13,1,ShareholderToAggregator,Share,3360,2
0,13,1,AggregatorBroadcast,SplitDecision,49120,614
0,13,1,ShareholderToAggregator,Share,3360,2
0,13,1,AggregatorBroadcast,SplitDecision,49120,614
0,13,2,ClientToShareholder,CommittedGradientShare,12790848,7368
0,13,2,ShareholderToAggregator,Share,3360,2
0,13,2,AggregatorBroadcast,SplitDecision,49120,614
0,13,2,ShareholderToAggregator,Share,3360,2
0,13,2,AggregatorBroadcast,SplitDecision,49120,614
0,13,2,ShareholderToAggregator,Share,3360,2
0,13,2,AggregatorBroadcast,SplitDecision,49120,614
0,13,2,ShareholderToAggregator,Share,3360,2
0,13,2,AggregatorBroadcast,SplitDecision,49120,614
0,13,3,ClientToShareholder,CommittedGradientShare,25581696,14736
0,13,3,ShareholderToAggregator,Share,3360,2
0,13,3,AggregatorBroadcast,SplitDecision,49120,614
0,13,3,ShareholderToAggregator,Share,3360,2
0,13,3,ShareholderToAggregator,Share,3360,2
0,13,3,ShareholderToAggregator,Share,3360,2
0,13,3,AggregatorBroadcast,SplitDecision,49120,614
0,13,3,ShareholderToAggregator,Share,3360,2
0,13,3,AggregatorBroadcast,SplitDecision,49120,614
0,13,3,ShareholderToAggregator,Share,3360,2
0,13,3,AggregatorBroadcast,SplitDecision,49120,614
0,13,3,ShareholderToAggregator,Share,3360,2
0,13,3,AggregatorBroadcast,SplitDecision,49120,614
0,13,3,ShareholderToAggregator,Share,3360,2
0,13,3,AggregatorBroadcast,SplitDecision,49120,614
0,13,4,ClientToShareholder,CommittedGradientShare,44767968,25788
0,13,4,ShareholderToAggregator,Share,3360,2
0,13,4,ShareholderToAggregator,Share,3360,2
0,13,4,ShareholderToAggregator,Share,3360,2
0,13,4,ShareholderToAggregator,Share,3360,2
0,13,4,AggregatorBroadcast,SplitDecision,49120,614
0,13,4,ShareholderToAggregator,Share,3360,2
0,13,4,AggregatorBroadcast,SplitDecision,49120,614
0,13,4,ShareholderToAggregator,Share,3360,2
0,13,4,AggregatorBroadcast,SplitDecision,49120,614
0,13,4,ShareholderToAggregator,Share,3360,2
0,13,4,AggregatorBroadcast,SplitDecision,49120,614
0,13,4,ShareholderToAggregator,Share,3360,2
0,13,4,ShareholderToAggregator,Share,3360,2
0,13,4,AggregatorBroadcast,SplitDecision,49120,614
0,13,4,ShareholderToAggregator,Share,3360,2
0,13,4,AggregatorBroadcast,SplitDecision,49120,614
0,13,4,ShareholderToAggregator,Share,3360,2
0,13,4,AggregatorBroadcast,SplitDecision,49120,614
0,13,4,ShareholderToAggregator,Share,3360,2
0,13,4,AggregatorBroadcast,SplitDecision,49120,614
0,13,4,ShareholderToAggregator,Share,3360,2
0,13,4,AggregatorBroadcast,SplitDecision,49120,614
0,13,4,ShareholderToAggregator,Share,3360,2
0,13,4,AggregatorBroadcast,SplitDecision,49120,614
0,13,5,ClientToShareholder,CommittedGradientShare,76745088,44208
0,13,5,ShareholderToAggregator,Share,3360,2
0,13,5,ShareholderToAggregator,Share,3360,2
0,13,5,ShareholderToAggregator,Share,3360,2
0,13,5,ShareholderToAggregator,Share,3360,2
0,13,5,ShareholderToAggregator,Share,3360,2
0,13,5,ShareholderToAggregator,Share,3360,2
0,13,5,ShareholderToAggregator,Share,3360,2
0,13,5,AggregatorBroadcast,SplitDecision,49120,614
0,13,5,ShareholderToAggregator,Share,3360,2
0,13,5,ShareholderToAggregator,Share,3360,2
0,13,5,AggregatorBroadcast,SplitDecision,49120,614
0,13,5,ShareholderToAggregator,Share,3360,2
0,13,5,AggregatorBroadcast,SplitDecision,49120,614
0,13,5,ShareholderToAggregator,Share,3360,2
0,13,5,ShareholderToAggregator,Share,3360,2
0,13,5,AggregatorBroadcast,SplitDecision,49120,614
0,13,5,ShareholderToAggregator,Share,3360,2
0,13,5,AggregatorBroadcast,SplitDecision,49120,614
0,13,5,ShareholderToAggregator,Share,3360,2
0,13,5,AggregatorBroadcast,SplitDecision,49120,614
0,13,5,ShareholderToAggregator,Share,3360,2
0,13,5,AggregatorBroadcast,SplitDecision,49120,614
0,13,5,ShareholderToAggregator,Share,3360,2
0,13,5,AggregatorBroadcast,SplitDecision,49120,614
0,13,5,ShareholderToAggregator,Share,3360,2
0,13,5,ShareholderToAggregator,Share,3360,2
0,13,5,AggregatorBroadcast,SplitDecision,49120,614
0,13,5,ShareholderToAggregator,Share,3360,2
0,13,5,ShareholderToAggregator,Share,3360,2
0,13,5,AggregatorBroadcast,SplitDecision,49120,614
0,13,5,ShareholderToAggregator,Share,3360,2
0,13,5,ShareholderToAggregator,Share,3360,2
0,13,5,ShareholderToAggregator,Share,3360,2
0,13,5,ShareholderToAggregator,Share,3360,2
0,14,0,ClientToShareholder,CommittedGradientShare,3197712,1842
0,14,0,ShareholderToAggregator,Share,3360,2
0,14,0,AggregatorBroadcast,SplitDecision,49120,614
0,14,1,ClientToShareholder,CommittedGradientShare,6395424,3684
0,14,1,ShareholderToAggregator,Share,3360,2
0,14,1,AggregatorBroadcast,SplitDecision,49120,614
0,14,1,ShareholderToAggregator,Share,3360,2
0,14,1,AggregatorBroadcast,SplitDecision,49120,614
0,14,2,ClientToShareholder,CommittedGradientShare,12790848,7368
0,14,2,ShareholderToAggregator,Share,3360,2
0,14,2,AggregatorBroadcast,SplitDecision,49120,614
0,14,2,ShareholderToAggregator,Share,3360,2
0,14,2,ShareholderToAggregator,Share,3360,2
0,14,2,AggregatorBroadcast,SplitDecision,49120,614
0,14,2,ShareholderToAggregator,Share,3360,2
0,14,2,AggregatorBroadcast,SplitDecision,49120,614
0,14,3,ClientToShareholder,CommittedGradientShare,22383984,12894
0,14,3,ShareholderToAggregator,Share,3360,2
0,14,3,ShareholderToAggregator,Share,3360,2
0,14,3,AggregatorBroadcast,SplitDecision,49120,614
0,14,3,ShareholderToAggregator,Share,3360,2
0,14,3,AggregatorBroadcast,SplitDecision,49120,614
0,14,3,ShareholderToAggregator,Share,3360,2
0,14,3,AggregatorBroadcast,SplitDecision,49120,614
0,14,3,ShareholderToAggregator,Share,3360,2
0,14,3,AggregatorBroadcast,SplitDecision,49120,614
0,14,3,ShareholderToAggregator,Share,3360,2
0,14,3,AggregatorBroadcast,SplitDecision,49120,614
0,14,3,ShareholderToAggregator,Share,3360,2
0,14,3,AggregatorBroadcast,SplitDecision,49120,614
0,14,4,ClientToShareholder,CommittedGradientShare,41570256,23946
0,14,4,ShareholderToAggregator,Share,3360,2
0,14,4,ShareholderToAggregator,Share,3360,2
0,14,4,AggregatorBroadcast,SplitDecision,49120,614
0,14,4,ShareholderToAggregator,Share,3360,2
0,14,4,ShareholderToAggregator,Share,3360,2
0,14,4,ShareholderToAggregator,Share,3360,2
0,14,4,ShareholderToAggregator,Share,3360,2
0,14,4,AggregatorBroadcast,SplitDecision,49120,614
0,14,4,ShareholderToAggregator,Share,3360,2
0,14,4,AggregatorBroadcast,SplitDecision,49120,614
0,14,4,ShareholderToAggregator,Share,3360,2
0,14,4,AggregatorBroadcast,SplitDecision,49120,614
0,14,4,ShareholderToAggregator,Share,3360,2
0,14,4,AggregatorBroadcast,SplitDecision,49120,614
0,14,4,ShareholderToAggregator,Share,3360,2
0,14,4,AggregatorBroadcast,SplitDecision,49120,614
0,14,4,ShareholderToAggregator,Share,3360,2
0,14,4,AggregatorBroadcast,SplitDecision,49120,614
0,14,4,ShareholderToAggregator,Share,3360,2
0,14,4,AggregatorBroadcast,SplitDecision,49120,614
0,14,4,ShareholderToAggregator,Share,3360,2
0,14,4,AggregatorBroadcast,SplitDecision,49120,614
0,14,5,ClientToShareholder,CommittedGradientShare,70349664,40524
0,14,5,ShareholderToAggregator,Share,3360,2
0,14,5,ShareholderToAggregator,Share,3360,2
0,14,5,ShareholderToAggregator,Share,3360,2
0,14,5,ShareholderToAggregator,Share,3360,2
0,14,5,ShareholderToAggregator,Share,3360,2
0,14,5,AggregatorBroadcast,SplitDecision,49120,614
0,14,5,ShareholderToAggregator,Share,3360,2
0,14,5,ShareholderToAggregator,Share,3360,2
0,14,5,AggregatorBroadcast,SplitDecision,49120,614
0,14,5,ShareholderToAggregator,Share,3360,2
0,14,5,ShareholderToAggregator,Share,3360,2
0,14,5,AggregatorBroadcast,SplitDecision,49120,614
0,14,5,ShareholderToAggregator,Share,3360,2
0,14,5,ShareholderToAggregator,Share,3360,2
0,14,5,AggregatorBroadcast,SplitDecision,49120,614
0,14,5,ShareholderToAggregator,Share,3360,2
0,14,5,AggregatorBroadcast,SplitDecision,49120,614
0,14,5,ShareholderToAggregator,Share,3360,2
0,14,5,AggregatorBroadcast,SplitDecision,49120,614
0,14,5,ShareholderToAggregator,Share,3360,2
0,14,5,AggregatorBroadcast,SplitDecision,49120,614
0,14,5,ShareholderToAggregator,Share,3360,2
0,14,5,AggregatorBroadcast,SplitDecision,49120,614
0,14,5,ShareholderToAggregator,Share,3360,2
0,14,5,AggregatorBroadcast,SplitDecision,49120,614
0,14,5,ShareholderToAggregator,Share,3360,2
0,14,5,ShareholderToAggregator,Share,3360,2
0,14,5,ShareholderToAggregator,Share,3360,2
0,14,5,ShareholderToAggregator,Share,3360,2
0,14,5,AggregatorBroadcast,SplitDecision,49120,614
0,14,5,ShareholderToAggregator,Share,3360,2
0,14,5,ShareholderToAggregator,Share,3360,2
0,14,5,AggregatorBroadcast,SplitDecision,49120,614
1,0,0,ClientToShareholder,CommittedStatsShare,353664,1842
1,0,0,ShareholderToAggregator,Share,320,2
1,0,0,AggregatorBroadcast,BinConfiguration,73680,614
1,0,0,AggregatorBroadcast,BinConfiguration,73680,614
1,0,0,AggregatorBroadcast,BinConfiguration,73680,614
1,0,0,AggregatorBroadcast,BinConfiguration,73680,614
1,0,0,AggregatorBroadcast,BinConfiguration,73680,614
1,0,0,AggregatorBroadcast,BinConfiguration,73680,614
1,0,0,AggregatorBroadcast,BinConfiguration,73680,614
1,0,0,AggregatorBroadcast,BinConfiguration,73680,614
1,0,0,ClientToShareholder,CommittedGradientShare,3197712,1842
1,0,0,ShareholderToAggregator,Share,3360,2
1,0,0,AggregatorBroadcast,SplitDecision,49120,614
1,0,1,ClientToShareholder,CommittedGradientShare,6395424,3684
1,0,1,ShareholderToAggregator,Share,3360,2
1,0,1,AggregatorBroadcast,SplitDecision,49120,614
1,0,1,ShareholderToAggregator,Share,3360,2
1,0,1,AggregatorBroadcast,SplitDecision,49120,614
1,0,2,ClientToShareholder,CommittedGradientShare,12790848,7368
1,0,2,ShareholderToAggregator,Share,3360,2
1,0,2,AggregatorBroadcast,SplitDecision,49120,614
1,0,2,ShareholderToAggregator,Share,3360,2
1,0,2,AggregatorBroadcast,SplitDecision,49120,614
1,0,2,ShareholderToAggregator,Share,3360,2
1,0,2,AggregatorBroadcast,SplitDecision,49120,614
1,0,2,ShareholderToAggregator,Share,3360,2
1,0,2,AggregatorBroadcast,SplitDecision,49120,614
1,0,3,ClientToShareholder,CommittedGradientShare,25581696,14736
1,0,3,ShareholderToAggregator,Share,3360,2
1,0,3,AggregatorBroadcast,SplitDecision,49120,614
1,0,3,ShareholderToAggregator,Share,3360,2
1,0,3,AggregatorBroadcast,SplitDecision,49120,614
1,0,3,ShareholderToAggregator,Share,3360,2
1,0,3,AggregatorBroadcast,SplitDecision,49120,614
1,0,3,ShareholderToAggregator,Share,3360,2
1,0,3,AggregatorBroadcast,SplitDecision,49120,614
1,0,3,ShareholderToAggregator,Share,3360,2
1,0,3,AggregatorBroadcast,SplitDecision,49120,614
1,0,3,ShareholderToAggregator,Share,3360,2
1,0,3,AggregatorBroadcast,SplitDecision,49120,614
1,0,3,ShareholderToAggregator,Share,3360,2
1,0,3,AggregatorBroadcast,SplitDecision,49120,614
1,0,3,ShareholderToAggregator,Share,3360,2
1,0,4,ClientToShareholder,CommittedGradientShare,47965680,27630
1,0,4,ShareholderToAggregator,Share,3360,2
1,0,4,ShareholderToAggregator,Share,3360,2
1,0,4,ShareholderToAggregator,Share,3360,2
1,0,4,ShareholderToAggregator,Share,3360,2
1,0,4,AggregatorBroadcast,SplitDecision,49120,614
1,0,4,ShareholderToAggregator,Share,3360,2
1,0,4,AggregatorBroadcast,SplitDecision,49120,614
1,0,4,ShareholderToAggregator,Share,3360,2
1,0,4,ShareholderToAggregator,Share,3360,2
1,0,4,ShareholderToAggregator,Share,3360,2
1,0,4,AggregatorBroadcast,SplitDecision,49120,614
1,0,4,ShareholderToAggregator,Share,3360,2
1,0,4,AggregatorBroadcast,SplitDecision,49120,614
1,0,4,ShareholderToAggregator,Share,3360,2
1,0,4,AggregatorBroadcast,SplitDecision,49120,614
1,0,4,ShareholderToAggregator,Share,3360,2
1,0,4,ShareholderToAggregator,Share,3360,2
1,0,4,ShareholderToAggregator,Share,3360,2
1,0,4,ShareholderToAggregator,Share,3360,2
1,0,4,AggregatorBroadcast,SplitDecision,49120,614
1,0,4,ShareholderToAggregator,Share,3360,2
1,0,5,ClientToShareholder,CommittedGradientShare,67151952,38682
1,0,5,ShareholderToAggregator,Share,3360,2
1,0,5,ShareholderToAggregator,Share,3360,2
1,0,5,ShareholderToAggregator,Share,3360,2
1,0,5,ShareholderToAggregator,Share,3360,2
1,0,5,ShareholderToAggregator,Share,3360,2
1,0,5,ShareholderToAggregator,Share,3360,2
1,0,5,ShareholderToAggregator,Share,3360,2
1,0,5,ShareholderToAggregator,Share,3360,2
1,0,5,ShareholderToAggregator,Share,3360,2
1,0,5,ShareholderToAggregator,Share,3360,2
1,0,5,ShareholderToAggregator,Share,3360,2
1,0,5,AggregatorBroadcast,SplitDecision,49120,614
1,0,5,ShareholderToAggregator,Share,3360,2
1,0,5,ShareholderToAggregator,Share,3360,2
1,0,5,AggregatorBroadcast,SplitDecision,49120,614
1,0,5,ShareholderToAggregator,Share,3360,2
1,0,5,ShareholderToAggregator,Share,3360,2
1,0,5,AggregatorBroadcast,SplitDecision,49120,614
1,0,5,ShareholderToAggregator,Share,3360,2
1,0,5,ShareholderToAggregator,Share,3360,2
1,0,5,ShareholderToAggregator,Share,3360,2
1,0,5,ShareholderToAggregator,Share,3360,2
1,0,5,AggregatorBroadcast,SplitDecision,49120,614
1,0,5,ShareholderToAggregator,Share,3360,2
1,0,5,ShareholderToAggregator,Share,3360,2
1,0,5,AggregatorBroadcast,SplitDecision,49120,614
1,1,0,ClientToShareholder,CommittedGradientShare,3197712,1842
1,1,0,ShareholderToAggregator,Share,3360,2
1,1,0,AggregatorBroadcast,SplitDecision,49120,614
1,1,1,ClientToShareholder,CommittedGradientShare,6395424,3684
1,1,1,ShareholderToAggregator,Share,3360,2
1,1,1,AggregatorBroadcast,SplitDecision,49120,614
1,1,1,ShareholderToAggregator,Share,3360,2
1,1,1,AggregatorBroadcast,SplitDecision,49120,614
1,1,2,ClientToShareholder,CommittedGradientShare,12790848,7368
1,1,2,ShareholderToAggregator,Share,3360,2
1,1,2,AggregatorBroadcast,SplitDecision,49120,614
1,1,2,ShareholderToAggregator,Share,3360,2
1,1,2,AggregatorBroadcast,SplitDecision,49120,614
1,1,2,ShareholderToAggregator,Share,3360,2
1,1,2,AggregatorBroadcast,SplitDecision,49120,614
1,1,2,ShareholderToAggregator,Share,3360,2
1,1,2,AggregatorBroadcast,SplitDecision,49120,614
1,1,3,ClientToShareholder,CommittedGradientShare,25581696,14736
1,1,3,ShareholderToAggregator,Share,3360,2
1,1,3,AggregatorBroadcast,SplitDecision,49120,614
1,1,3,ShareholderToAggregator,Share,3360,2
1,1,3,AggregatorBroadcast,SplitDecision,49120,614
1,1,3,ShareholderToAggregator,Share,3360,2
1,1,3,AggregatorBroadcast,SplitDecision,49120,614
1,1,3,ShareholderToAggregator,Share,3360,2
1,1,3,AggregatorBroadcast,SplitDecision,49120,614
1,1,3,ShareholderToAggregator,Share,3360,2
1,1,3,AggregatorBroadcast,SplitDecision,49120,614
1,1,3,ShareholderToAggregator,Share,3360,2
1,1,3,AggregatorBroadcast,SplitDecision,49120,614
1,1,3,ShareholderToAggregator,Share,3360,2
1,1,3,AggregatorBroadcast,SplitDecision,49120,614
1,1,3,ShareholderToAggregator,Share,3360,2
1,1,4,ClientToShareholder,CommittedGradientShare,47965680,27630
1,1,4,ShareholderToAggregator,Share,3360,2
1,1,4,ShareholderToAggregator,Share,3360,2
1,1,4,ShareholderToAggregator,Share,3360,2
1,1,4,ShareholderToAggregator,Share,3360,2
1,1,4,AggregatorBroadcast,SplitDecision,49120,614
1,1,4,ShareholderToAggregator,Share,3360,2
1,1,4,AggregatorBroadcast,SplitDecision,49120,614
1,1,4,ShareholderToAggregator,Share,3360,2
1,1,4,ShareholderToAggregator,Share,3360,2
1,1,4,AggregatorBroadcast,SplitDecision,49120,614
1,1,4,ShareholderToAggregator,Share,3360,2
1,1,4,AggregatorBroadcast,SplitDecision,49120,614
1,1,4,ShareholderToAggregator,Share,3360,2
1,1,4,AggregatorBroadcast,SplitDecision,49120,614
1,1,4,ShareholderToAggregator,Share,3360,2
1,1,4,AggregatorBroadcast,SplitDecision,49120,614
1,1,4,ShareholderToAggregator,Share,3360,2
1,1,4,ShareholderToAggregator,Share,3360,2
1,1,4,ShareholderToAggregator,Share,3360,2
1,1,4,ShareholderToAggregator,Share,3360,2
1,1,4,AggregatorBroadcast,SplitDecision,49120,614
1,1,4,ShareholderToAggregator,Share,3360,2
1,1,4,AggregatorBroadcast,SplitDecision,49120,614
1,1,5,ClientToShareholder,CommittedGradientShare,73547376,42366
1,1,5,ShareholderToAggregator,Share,3360,2
1,1,5,ShareholderToAggregator,Share,3360,2
1,1,5,ShareholderToAggregator,Share,3360,2
1,1,5,ShareholderToAggregator,Share,3360,2
1,1,5,ShareholderToAggregator,Share,3360,2
1,1,5,ShareholderToAggregator,Share,3360,2
1,1,5,ShareholderToAggregator,Share,3360,2
1,1,5,ShareholderToAggregator,Share,3360,2
1,1,5,ShareholderToAggregator,Share,3360,2
1,1,5,AggregatorBroadcast,SplitDecision,49120,614
1,1,5,ShareholderToAggregator,Share,3360,2
1,1,5,ShareholderToAggregator,Share,3360,2
1,1,5,AggregatorBroadcast,SplitDecision,49120,614
1,1,5,ShareholderToAggregator,Share,3360,2
1,1,5,ShareholderToAggregator,Share,3360,2
1,1,5,ShareholderToAggregator,Share,3360,2
1,1,5,AggregatorBroadcast,SplitDecision,49120,614
1,1,5,ShareholderToAggregator,Share,3360,2
1,1,5,AggregatorBroadcast,SplitDecision,49120,614
1,1,5,ShareholderToAggregator,Share,3360,2
1,1,5,AggregatorBroadcast,SplitDecision,49120,614
1,1,5,ShareholderToAggregator,Share,3360,2
1,1,5,ShareholderToAggregator,Share,3360,2
1,1,5,ShareholderToAggregator,Share,3360,2
1,1,5,AggregatorBroadcast,SplitDecision,49120,614
1,1,5,ShareholderToAggregator,Share,3360,2
1,1,5,ShareholderToAggregator,Share,3360,2
1,1,5,AggregatorBroadcast,SplitDecision,49120,614
1,1,5,ShareholderToAggregator,Share,3360,2
1,1,5,ShareholderToAggregator,Share,3360,2
1,2,0,ClientToShareholder,CommittedGradientShare,3197712,1842
1,2,0,ShareholderToAggregator,Share,3360,2
1,2,0,AggregatorBroadcast,SplitDecision,49120,614
1,2,1,ClientToShareholder,CommittedGradientShare,6395424,3684
1,2,1,ShareholderToAggregator,Share,3360,2
1,2,1,AggregatorBroadcast,SplitDecision,49120,614
1,2,1,ShareholderToAggregator,Share,3360,2
1,2,1,AggregatorBroadcast,SplitDecision,49120,614
1,2,2,ClientToShareholder,CommittedGradientShare,12790848,7368
1,2,2,ShareholderToAggregator,Share,3360,2
1,2,2,AggregatorBroadcast,SplitDecision,49120,614
1,2,2,ShareholderToAggregator,Share,3360,2
1,2,2,AggregatorBroadcast,SplitDecision,49120,614
1,2,2,ShareholderToAggregator,Share,3360,2
1,2,2,AggregatorBroadcast,SplitDecision,49120,614
1,2,2,ShareholderToAggregator,Share,3360,2
1,2,2,AggregatorBroadcast,SplitDecision,49120,614
1,2,3,ClientToShareholder,CommittedGradientShare,25581696,14736
1,2,3,ShareholderToAggregator,Share,3360,2
1,2,3,AggregatorBroadcast,SplitDecision,49120,614
1,2,3,ShareholderToAggregator,Share,3360,2
1,2,3,AggregatorBroadcast,SplitDecision,49120,614
1,2,3,ShareholderToAggregator,Share,3360,2
1,2,3,AggregatorBroadcast,SplitDecision,49120,614
1,2,3,ShareholderToAggregator,Share,3360,2
1,2,3,AggregatorBroadcast,SplitDecision,49120,614
1,2,3,ShareholderToAggregator,Share,3360,2
1,2,3,AggregatorBroadcast,SplitDecision,49120,614
1,2,3,ShareholderToAggregator,Share,3360,2
1,2,3,AggregatorBroadcast,SplitDecision,49120,614
1,2,3,ShareholderToAggregator,Share,3360,2
1,2,3,AggregatorBroadcast,SplitDecision,49120,614
1,2,3,ShareholderToAggregator,Share,3360,2
1,2,3,AggregatorBroadcast,SplitDecision,49120,614
1,2,4,ClientToShareholder,CommittedGradientShare,51163392,29472
1,2,4,ShareholderToAggregator,Share,3360,2
1,2,4,ShareholderToAggregator,Share,3360,2
1,2,4,ShareholderToAggregator,Share,3360,2
1,2,4,AggregatorBroadcast,SplitDecision,49120,614
1,2,4,ShareholderToAggregator,Share,3360,2
1,2,4,AggregatorBroadcast,SplitDecision,49120,614
1,2,4,ShareholderToAggregator,Share,3360,2
1,2,4,ShareholderToAggregator,Share,3360,2
1,2,4,AggregatorBroadcast,SplitDecision,49120,614
1,2,4,ShareholderToAggregator,Share,3360,2
1,2,4,AggregatorBroadcast,SplitDecision,49120,614
1,2,4,ShareholderToAggregator,Share,3360,2
1,2,4,AggregatorBroadcast,SplitDecision,49120,614
1,2,4,ShareholderToAggregator,Share,3360,2
1,2,4,ShareholderToAggregator,Share,3360,2
1,2,4,AggregatorBroadcast,SplitDecision,49120,614
1,2,4,ShareholderToAggregator,Share,3360,2
1,2,4,ShareholderToAggregator,Share,3360,2
1,2,4,ShareholderToAggregator,Share,3360,2
1,2,4,AggregatorBroadcast,SplitDecision,49120,614
1,2,4,ShareholderToAggregator,Share,3360,2
1,2,4,ShareholderToAggregator,Share,3360,2
1,2,4,ShareholderToAggregator,Share,3360,2
1,2,5,ClientToShareholder,CommittedGradientShare,73547376,42366
1,2,5,ShareholderToAggregator,Share,3360,2
1,2,5,ShareholderToAggregator,Share,3360,2
1,2,5,ShareholderToAggregator,Share,3360,2
1,2,5,ShareholderToAggregator,Share,3360,2
1,2,5,ShareholderToAggregator,Share,3360,2
1,2,5,ShareholderToAggregator,Share,3360,2
1,2,5,ShareholderToAggregator,Share,3360,2
1,2,5,ShareholderToAggregator,Share,3360,2
1,2,5,ShareholderToAggregator,Share,3360,2
1,2,5,ShareholderToAggregator,Share,3360,2
1,2,5,ShareholderToAggregator,Share,3360,2
1,2,5,ShareholderToAggregator,Share,3360,2
1,2,5,AggregatorBroadcast,SplitDecision,49120,614
1,2,5,ShareholderToAggregator,Share,3360,2
1,2,5,AggregatorBroadcast,SplitDecision,49120,614
1,2,5,ShareholderToAggregator,Share,3360,2
1,2,5,ShareholderToAggregator,Share,3360,2
1,2,5,ShareholderToAggregator,Share,3360,2
1,2,5,AggregatorBroadcast,SplitDecision,49120,614
1,2,5,ShareholderToAggregator,Share,3360,2
1,2,5,AggregatorBroadcast,SplitDecision,49120,614
1,2,5,ShareholderToAggregator,Share,3360,2
1,2,5,AggregatorBroadcast,SplitDecision,49120,614
1,2,5,ShareholderToAggregator,Share,3360,2
1,2,5,AggregatorBroadcast,SplitDecision,49120,614
1,2,5,ShareholderToAggregator,Share,3360,2
1,2,5,AggregatorBroadcast,SplitDecision,49120,614
1,2,5,ShareholderToAggregator,Share,3360,2
1,2,5,AggregatorBroadcast,SplitDecision,49120,614
1,2,5,ShareholderToAggregator,Share,3360,2
1,2,5,ShareholderToAggregator,Share,3360,2
1,2,5,AggregatorBroadcast,SplitDecision,49120,614
1,3,0,ClientToShareholder,CommittedGradientShare,3197712,1842
1,3,0,ShareholderToAggregator,Share,3360,2
1,3,0,AggregatorBroadcast,SplitDecision,49120,614
1,3,1,ClientToShareholder,CommittedGradientShare,6395424,3684
1,3,1,ShareholderToAggregator,Share,3360,2
1,3,1,AggregatorBroadcast,SplitDecision,49120,614
1,3,1,ShareholderToAggregator,Share,3360,2
1,3,1,AggregatorBroadcast,SplitDecision,49120,614
1,3,2,ClientToShareholder,CommittedGradientShare,12790848,7368
1,3,2,ShareholderToAggregator,Share,3360,2
1,3,2,AggregatorBroadcast,SplitDecision,49120,614
1,3,2,ShareholderToAggregator,Share,3360,2
1,3,2,AggregatorBroadcast,SplitDecision,49120,614
1,3,2,ShareholderToAggregator,Share,3360,2
1,3,2,AggregatorBroadcast,SplitDecision,49120,614
1,3,2,ShareholderToAggregator,Share,3360,2
1,3,2,AggregatorBroadcast,SplitDecision,49120,614
1,3,3,ClientToShareholder,CommittedGradientShare,25581696,14736
1,3,3,ShareholderToAggregator,Share,3360,2
1,3,3,AggregatorBroadcast,SplitDecision,49120,614
1,3,3,ShareholderToAggregator,Share,3360,2
1,3,3,ShareholderToAggregator,Share,3360,2
1,3,3,ShareholderToAggregator,Share,3360,2
1,3,3,AggregatorBroadcast,SplitDecision,49120,614
1,3,3,ShareholderToAggregator,Share,3360,2
1,3,3,AggregatorBroadcast,SplitDecision,49120,614
1,3,3,ShareholderToAggregator,Share,3360,2
1,3,3,AggregatorBroadcast,SplitDecision,49120,614
1,3,3,ShareholderToAggregator,Share,3360,2
1,3,3,AggregatorBroadcast,SplitDecision,49120,614
1,3,3,ShareholderToAggregator,Share,3360,2
1,3,3,AggregatorBroadcast,SplitDecision,49120,614
1,3,4,ClientToShareholder,CommittedGradientShare,44767968,25788
1,3,4,ShareholderToAggregator,Share,3360,2
1,3,4,ShareholderToAggregator,Share,3360,2
1,3,4,ShareholderToAggregator,Share,3360,2
1,3,4,ShareholderToAggregator,Share,3360,2
1,3,4,AggregatorBroadcast,SplitDecision,49120,614
1,3,4,ShareholderToAggregator,Share,3360,2
1,3,4,AggregatorBroadcast,SplitDecision,49120,614
1,3,4,ShareholderToAggregator,Share,3360,2
1,3,4,AggregatorBroadcast,SplitDecision,49120,614
1,3,4,ShareholderToAggregator,Share,3360,2
1,3,4,ShareholderToAggregator,Share,3360,2
1,3,4,AggregatorBroadcast,SplitDecision,49120,614
1,3,4,ShareholderToAggregator,Share,3360,2
1,3,4,AggregatorBroadcast,SplitDecision,49120,614
1,3,4,ShareholderToAggregator,Share,3360,2
1,3,4,AggregatorBroadcast,SplitDecision,49120,614
1,3,4,ShareholderToAggregator,Share,3360,2
1,3,4,AggregatorBroadcast,SplitDecision,49120,614
1,3,4,ShareholderToAggregator,Share,3360,2
1,3,4,AggregatorBroadcast,SplitDecision,49120,614
1,3,4,ShareholderToAggregator,Share,3360,2
1,3,4,ShareholderToAggregator,Share,3360,2
1,3,4,AggregatorBroadcast,SplitDecision,49120,614
1,3,5,ClientToShareholder,CommittedGradientShare,73547376,42366
1,3,5,ShareholderToAggregator,Share,3360,2
1,3,5,ShareholderToAggregator,Share,3360,2
1,3,5,ShareholderToAggregator,Share,3360,2
1,3,5,ShareholderToAggregator,Share,3360,2
1,3,5,ShareholderToAggregator,Share,3360,2
1,3,5,ShareholderToAggregator,Share,3360,2
1,3,5,AggregatorBroadcast,SplitDecision,49120,614
1,3,5,ShareholderToAggregator,Share,3360,2
1,3,5,AggregatorBroadcast,SplitDecision,49120,614
1,3,5,ShareholderToAggregator,Share,3360,2
1,3,5,AggregatorBroadcast,SplitDecision,49120,614
1,3,5,ShareholderToAggregator,Share,3360,2
1,3,5,AggregatorBroadcast,SplitDecision,49120,614
1,3,5,ShareholderToAggregator,Share,3360,2
1,3,5,AggregatorBroadcast,SplitDecision,49120,614
1,3,5,ShareholderToAggregator,Share,3360,2
1,3,5,AggregatorBroadcast,SplitDecision,49120,614
1,3,5,ShareholderToAggregator,Share,3360,2
1,3,5,ShareholderToAggregator,Share,3360,2
1,3,5,ShareholderToAggregator,Share,3360,2
1,3,5,AggregatorBroadcast,SplitDecision,49120,614
1,3,5,ShareholderToAggregator,Share,3360,2
1,3,5,ShareholderToAggregator,Share,3360,2
1,3,5,ShareholderToAggregator,Share,3360,2
1,3,5,ShareholderToAggregator,Share,3360,2
1,3,5,AggregatorBroadcast,SplitDecision,49120,614
1,3,5,ShareholderToAggregator,Share,3360,2
1,3,5,ShareholderToAggregator,Share,3360,2
1,3,5,AggregatorBroadcast,SplitDecision,49120,614
1,3,5,ShareholderToAggregator,Share,3360,2
1,3,5,ShareholderToAggregator,Share,3360,2
1,3,5,AggregatorBroadcast,SplitDecision,49120,614
1,3,5,ShareholderToAggregator,Share,3360,2
1,4,0,ClientToShareholder,CommittedGradientShare,3197712,1842
1,4,0,ShareholderToAggregator,Share,3360,2
1,4,0,AggregatorBroadcast,SplitDecision,49120,614
1,4,1,ClientToShareholder,CommittedGradientShare,6395424,3684
1,4,1,ShareholderToAggregator,Share,3360,2
1,4,1,AggregatorBroadcast,SplitDecision,49120,614
1,4,1,ShareholderToAggregator,Share,3360,2
1,4,1,AggregatorBroadcast,SplitDecision,49120,614
1,4,2,ClientToShareholder,CommittedGradientShare,12790848,7368
1,4,2,ShareholderToAggregator,Share,3360,2
1,4,2,AggregatorBroadcast,SplitDecision,49120,614
1,4,2,ShareholderToAggregator,Share,3360,2
1,4,2,AggregatorBroadcast,SplitDecision,49120,614
1,4,2,ShareholderToAggregator,Share,3360,2
1,4,2,AggregatorBroadcast,SplitDecision,49120,614
1,4,2,ShareholderToAggregator,Share,3360,2
1,4,2,AggregatorBroadcast,SplitDecision,49120,614
1,4,3,ClientToShareholder,CommittedGradientShare,25581696,14736
1,4,3,ShareholderToAggregator,Share,3360,2
1,4,3,AggregatorBroadcast,SplitDecision,49120,614
1,4,3,ShareholderToAggregator,Share,3360,2
1,4,3,ShareholderToAggregator,Share,3360,2
1,4,3,ShareholderToAggregator,Share,3360,2
1,4,3,AggregatorBroadcast,SplitDecision,49120,614
1,4,3,ShareholderToAggregator,Share,3360,2
1,4,3,ShareholderToAggregator,Share,3360,2
1,4,3,AggregatorBroadcast,SplitDecision,49120,614
1,4,3,ShareholderToAggregator,Share,3360,2
1,4,3,AggregatorBroadcast,SplitDecision,49120,614
1,4,3,ShareholderToAggregator,Share,3360,2
1,4,3,AggregatorBroadcast,SplitDecision,49120,614
1,4,4,ClientToShareholder,CommittedGradientShare,41570256,23946
1,4,4,ShareholderToAggregator,Share,3360,2
1,4,4,ShareholderToAggregator,Share,3360,2
1,4,4,ShareholderToAggregator,Share,3360,2
1,4,4,ShareholderToAggregator,Share,3360,2
1,4,4,ShareholderToAggregator,Share,3360,2
1,4,4,AggregatorBroadcast,SplitDecision,49120,614
1,4,4,ShareholderToAggregator,Share,3360,2
1,4,4,AggregatorBroadcast,SplitDecision,49120,614
1,4,4,ShareholderToAggregator,Share,3360,2
1,4,4,AggregatorBroadcast,SplitDecision,49120,614
1,4,4,ShareholderToAggregator,Share,3360,2
1,4,4,AggregatorBroadcast,SplitDecision,49120,614
1,4,4,ShareholderToAggregator,Share,3360,2
1,4,4,ShareholderToAggregator,Share,3360,2
1,4,4,AggregatorBroadcast,SplitDecision,49120,614
1,4,4,ShareholderToAggregator,Share,3360,2
1,4,4,ShareholderToAggregator,Share,3360,2
1,4,4,ShareholderToAggregator,Share,3360,2
1,4,4,AggregatorBroadcast,SplitDecision,49120,614
1,4,5,ClientToShareholder,CommittedGradientShare,60756528,34998
1,4,5,ShareholderToAggregator,Share,3360,2
1,4,5,ShareholderToAggregator,Share,3360,2
1,4,5,ShareholderToAggregator,Share,3360,2
1,4,5,ShareholderToAggregator,Share,3360,2
1,4,5,ShareholderToAggregator,Share,3360,2
1,4,5,ShareholderToAggregator,Share,3360,2
1,4,5,ShareholderToAggregator,Share,3360,2
1,4,5,ShareholderToAggregator,Share,3360,2
1,4,5,AggregatorBroadcast,SplitDecision,49120,614
1,4,5,ShareholderToAggregator,Share,3360,2
1,4,5,AggregatorBroadcast,SplitDecision,49120,614
1,4,5,ShareholderToAggregator,Share,3360,2
1,4,5,AggregatorBroadcast,SplitDecision,49120,614
1,4,5,ShareholderToAggregator,Share,3360,2
1,4,5,AggregatorBroadcast,SplitDecision,49120,614
1,4,5,ShareholderToAggregator,Share,3360,2
1,4,5,AggregatorBroadcast,SplitDecision,49120,614
1,4,5,ShareholderToAggregator,Share,3360,2
1,4,5,ShareholderToAggregator,Share,3360,2
1,4,5,AggregatorBroadcast,SplitDecision,49120,614
1,4,5,ShareholderToAggregator,Share,3360,2
1,4,5,AggregatorBroadcast,SplitDecision,49120,614
1,4,5,ShareholderToAggregator,Share,3360,2
1,4,5,ShareholderToAggregator,Share,3360,2
1,4,5,AggregatorBroadcast,SplitDecision,49120,614
1,4,5,ShareholderToAggregator,Share,3360,2
1,4,5,ShareholderToAggregator,Share,3360,2
1,5,0,ClientToShareholder,CommittedGradientShare,3197712,1842
1,5,0,ShareholderToAggregator,Share,3360,2
1,5,0,AggregatorBroadcast,SplitDecision,49120,614
1,5,1,ClientToShareholder,CommittedGradientShare,6395424,3684
1,5,1,ShareholderToAggregator,Share,3360,2
1,5,1,AggregatorBroadcast,SplitDecision,49120,614
1,5,1,ShareholderToAggregator,Share,3360,2
1,5,1,AggregatorBroadcast,SplitDecision,49120,614
1,5,2,ClientToShareholder,CommittedGradientShare,12790848,7368
1,5,2,ShareholderToAggregator,Share,3360,2
1,5,2,AggregatorBroadcast,SplitDecision,49120,614
1,5,2,ShareholderToAggregator,Share,3360,2
1,5,2,AggregatorBroadcast,SplitDecision,49120,614
1,5,2,ShareholderToAggregator,Share,3360,2
1,5,2,AggregatorBroadcast,SplitDecision,49120,614
1,5,2,ShareholderToAggregator,Share,3360,2
1,5,2,AggregatorBroadcast,SplitDecision,49120,614
1,5,3,ClientToShareholder,CommittedGradientShare,25581696,14736
1,5,3,ShareholderToAggregator,Share,3360,2
1,5,3,ShareholderToAggregator,Share,3360,2
1,5,3,AggregatorBroadcast,SplitDecision,49120,614
1,5,3,ShareholderToAggregator,Share,3360,2
1,5,3,AggregatorBroadcast,SplitDecision,49120,614
1,5,3,ShareholderToAggregator,Share,3360,2
1,5,3,AggregatorBroadcast,SplitDecision,49120,614
1,5,3,ShareholderToAggregator,Share,3360,2
1,5,3,ShareholderToAggregator,Share,3360,2
1,5,3,AggregatorBroadcast,SplitDecision,49120,614
1,5,3,ShareholderToAggregator,Share,3360,2
1,5,3,AggregatorBroadcast,SplitDecision,49120,614
1,5,3,ShareholderToAggregator,Share,3360,2
1,5,3,AggregatorBroadcast,SplitDecision,49120,614
1,5,4,ClientToShareholder,CommittedGradientShare,44767968,25788
1,5,4,ShareholderToAggregator,Share,3360,2
1,5,4,ShareholderToAggregator,Share,3360,2
1,5,4,ShareholderToAggregator,Share,3360,2
1,5,4,AggregatorBroadcast,SplitDecision,49120,614
1,5,4,ShareholderToAggregator,Share,3360,2
1,5,4,AggregatorBroadcast,SplitDecision,49120,614
1,5,4,ShareholderToAggregator,Share,3360,2
1,5,4,ShareholderToAggregator,Share,3360,2
1,5,4,ShareholderToAggregator,Share,3360,2
1,5,4,AggregatorBroadcast,SplitDecision,49120,614
1,5,4,ShareholderToAggregator,Share,3360,2
1,5,4,AggregatorBroadcast,SplitDecision,49120,614
1,5,4,ShareholderToAggregator,Share,3360,2
1,5,4,AggregatorBroadcast,SplitDecision,49120,614
1,5,4,ShareholderToAggregator,Share,3360,2
1,5,4,ShareholderToAggregator,Share,3360,2
1,5,4,AggregatorBroadcast,SplitDecision,49120,614
1,5,4,ShareholderToAggregator,Share,3360,2
1,5,4,AggregatorBroadcast,SplitDecision,49120,614
1,5,4,ShareholderToAggregator,Share,3360,2
1,5,4,ShareholderToAggregator,Share,3360,2
1,5,4,AggregatorBroadcast,SplitDecision,49120,614
1,5,5,ClientToShareholder,CommittedGradientShare,70349664,40524
1,5,5,ShareholderToAggregator,Share,3360,2
1,5,5,ShareholderToAggregator,Share,3360,2
1,5,5,ShareholderToAggregator,Share,3360,2
1,5,5,ShareholderToAggregator,Share,3360,2
1,5,5,ShareholderToAggregator,Share,3360,2
1,5,5,ShareholderToAggregator,Share,3360,2
1,5,5,ShareholderToAggregator,Share,3360,2
1,5,5,ShareholderToAggregator,Share,3360,2
1,5,5,AggregatorBroadcast,SplitDecision,49120,614
1,5,5,ShareholderToAggregator,Share,3360,2
1,5,5,AggregatorBroadcast,SplitDecision,49120,614
1,5,5,ShareholderToAggregator,Share,3360,2
1,5,5,AggregatorBroadcast,SplitDecision,49120,614
1,5,5,ShareholderToAggregator,Share,3360,2
1,5,5,ShareholderToAggregator,Share,3360,2
1,5,5,AggregatorBroadcast,SplitDecision,49120,614
1,5,5,ShareholderToAggregator,Share,3360,2
1,5,5,AggregatorBroadcast,SplitDecision,49120,614
1,5,5,ShareholderToAggregator,Share,3360,2
1,5,5,AggregatorBroadcast,SplitDecision,49120,614
1,5,5,ShareholderToAggregator,Share,3360,2
1,5,5,AggregatorBroadcast,SplitDecision,49120,614
1,5,5,ShareholderToAggregator,Share,3360,2
1,5,5,AggregatorBroadcast,SplitDecision,49120,614
1,5,5,ShareholderToAggregator,Share,3360,2
1,5,5,AggregatorBroadcast,SplitDecision,49120,614
1,5,5,ShareholderToAggregator,Share,3360,2
1,5,5,AggregatorBroadcast,SplitDecision,49120,614
1,5,5,ShareholderToAggregator,Share,3360,2
1,5,5,AggregatorBroadcast,SplitDecision,49120,614
1,5,5,ShareholderToAggregator,Share,3360,2
1,5,5,ShareholderToAggregator,Share,3360,2
1,5,5,ShareholderToAggregator,Share,3360,2
1,6,0,ClientToShareholder,CommittedGradientShare,3197712,1842
1,6,0,ShareholderToAggregator,Share,3360,2
1,6,0,AggregatorBroadcast,SplitDecision,49120,614
1,6,1,ClientToShareholder,CommittedGradientShare,6395424,3684
1,6,1,ShareholderToAggregator,Share,3360,2
1,6,1,AggregatorBroadcast,SplitDecision,49120,614
1,6,1,ShareholderToAggregator,Share,3360,2
1,6,1,AggregatorBroadcast,SplitDecision,49120,614
1,6,2,ClientToShareholder,CommittedGradientShare,12790848,7368
1,6,2,ShareholderToAggregator,Share,3360,2
1,6,2,AggregatorBroadcast,SplitDecision,49120,614
1,6,2,ShareholderToAggregator,Share,3360,2
1,6,2,AggregatorBroadcast,SplitDecision,49120,614
1,6,2,ShareholderToAggregator,Share,3360,2
1,6,2,AggregatorBroadcast,SplitDecision,49120,614
1,6,2,ShareholderToAggregator,Share,3360,2
1,6,2,AggregatorBroadcast,SplitDecision,49120,614
1,6,3,ClientToShareholder,CommittedGradientShare,25581696,14736
1,6,3,ShareholderToAggregator,Share,3360,2
1,6,3,AggregatorBroadcast,SplitDecision,49120,614
1,6,3,ShareholderToAggregator,Share,3360,2
1,6,3,AggregatorBroadcast,SplitDecision,49120,614
1,6,3,ShareholderToAggregator,Share,3360,2
1,6,3,AggregatorBroadcast,SplitDecision,49120,614
1,6,3,ShareholderToAggregator,Share,3360,2
1,6,3,AggregatorBroadcast,SplitDecision,49120,614
1,6,3,ShareholderToAggregator,Share,3360,2
1,6,3,AggregatorBroadcast,SplitDecision,49120,614
1,6,3,ShareholderToAggregator,Share,3360,2
1,6,3,AggregatorBroadcast,SplitDecision,49120,614
1,6,3,ShareholderToAggregator,Share,3360,2
1,6,3,AggregatorBroadcast,SplitDecision,49120,614
1,6,3,ShareholderToAggregator,Share,3360,2
1,6,3,AggregatorBroadcast,SplitDecision,49120,614
1,6,4,ClientToShareholder,CommittedGradientShare,51163392,29472
1,6,4,ShareholderToAggregator,Share,3360,2
1,6,4,AggregatorBroadcast,SplitDecision,49120,614
1,6,4,ShareholderToAggregator,Share,3360,2
1,6,4,AggregatorBroadcast,SplitDecision,49120,614
1,6,4,ShareholderToAggregator,Share,3360,2
1,6,4,AggregatorBroadcast,SplitDecision,49120,614
1,6,4,ShareholderToAggregator,Share,3360,2
1,6,4,AggregatorBroadcast,SplitDecision,49120,614
1,6,4,ShareholderToAggregator,Share,3360,2
1,6,4,ShareholderToAggregator,Share,3360,2
1,6,4,ShareholderToAggregator,Share,3360,2
1,6,4,AggregatorBroadcast,SplitDecision,49120,614
1,6,4,ShareholderToAggregator,Share,3360,2
1,6,4,AggregatorBroadcast,SplitDecision,49120,614
1,6,4,ShareholderToAggregator,Share,3360,2
1,6,4,ShareholderToAggregator,Share,3360,2
1,6,4,AggregatorBroadcast,SplitDecision,49120,614
1,6,4,ShareholderToAggregator,Share,3360,2
1,6,4,AggregatorBroadcast,SplitDecision,49120,614
1,6,4,ShareholderToAggregator,Share,3360,2
1,6,4,AggregatorBroadcast,SplitDecision,49120,614
1,6,4,ShareholderToAggregator,Share,3360,2
1,6,4,AggregatorBroadcast,SplitDecision,49120,614
1,6,4,ShareholderToAggregator,Share,3360,2
1,6,4,AggregatorBroadcast,SplitDecision,49120,614
1,6,4,ShareholderToAggregator,Share,3360,2
1,6,4,AggregatorBroadcast,SplitDecision,49120,614
1,6,4,ShareholderToAggregator,Share,3360,2
1,6,4,AggregatorBroadcast,SplitDecision,49120,614
1,6,5,ClientToShareholder,CommittedGradientShare,92733648,53418
1,6,5,ShareholderToAggregator,Share,3360,2
1,6,5,ShareholderToAggregator,Share,3360,2
1,6,5,ShareholderToAggregator,Share,3360,2
1,6,5,ShareholderToAggregator,Share,3360,2
1,6,5,ShareholderToAggregator,Share,3360,2
1,6,5,AggregatorBroadcast,SplitDecision,49120,614
1,6,5,ShareholderToAggregator,Share,3360,2
1,6,5,ShareholderToAggregator,Share,3360,2
1,6,5,ShareholderToAggregator,Share,3360,2
1,6,5,AggregatorBroadcast,SplitDecision,49120,614
1,6,5,ShareholderToAggregator,Share,3360,2
1,6,5,AggregatorBroadcast,SplitDecision,49120,614
1,6,5,ShareholderToAggregator,Share,3360,2
1,6,5,AggregatorBroadcast,SplitDecision,49120,614
1,6,5,ShareholderToAggregator,Share,3360,2
1,6,5,AggregatorBroadcast,SplitDecision,49120,614
1,6,5,ShareholderToAggregator,Share,3360,2
1,6,5,AggregatorBroadcast,SplitDecision,49120,614
1,6,5,ShareholderToAggregator,Share,3360,2
1,6,5,ShareholderToAggregator,Share,3360,2
1,6,5,ShareholderToAggregator,Share,3360,2
1,6,5,ShareholderToAggregator,Share,3360,2
1,6,5,ShareholderToAggregator,Share,3360,2
1,6,5,ShareholderToAggregator,Share,3360,2
1,6,5,AggregatorBroadcast,SplitDecision,49120,614
1,6,5,ShareholderToAggregator,Share,3360,2
1,6,5,ShareholderToAggregator,Share,3360,2
1,6,5,AggregatorBroadcast,SplitDecision,49120,614
1,6,5,ShareholderToAggregator,Share,3360,2
1,6,5,ShareholderToAggregator,Share,3360,2
1,6,5,AggregatorBroadcast,SplitDecision,49120,614
1,6,5,ShareholderToAggregator,Share,3360,2
1,6,5,ShareholderToAggregator,Share,3360,2
1,6,5,ShareholderToAggregator,Share,3360,2
1,6,5,ShareholderToAggregator,Share,3360,2
1,6,5,ShareholderToAggregator,Share,3360,2
1,6,5,AggregatorBroadcast,SplitDecision,49120,614
1,6,5,ShareholderToAggregator,Share,3360,2
1,6,5,AggregatorBroadcast,SplitDecision,49120,614
1,6,5,ShareholderToAggregator,Share,3360,2
1,6,5,AggregatorBroadcast,SplitDecision,49120,614
1,7,0,ClientToShareholder,CommittedGradientShare,3197712,1842
1,7,0,ShareholderToAggregator,Share,3360,2
1,7,0,AggregatorBroadcast,SplitDecision,49120,614
1,7,1,ClientToShareholder,CommittedGradientShare,6395424,3684
1,7,1,ShareholderToAggregator,Share,3360,2
1,7,1,AggregatorBroadcast,SplitDecision,49120,614
1,7,1,ShareholderToAggregator,Share,3360,2
1,7,1,AggregatorBroadcast,SplitDecision,49120,614
1,7,2,ClientToShareholder,CommittedGradientShare,12790848,7368
1,7,2,ShareholderToAggregator,Share,3360,2
1,7,2,AggregatorBroadcast,SplitDecision,49120,614
1,7,2,ShareholderToAggregator,Share,3360,2
1,7,2,AggregatorBroadcast,SplitDecision,49120,614
1,7,2,ShareholderToAggregator,Share,3360,2
1,7,2,AggregatorBroadcast,SplitDecision,49120,614
1,7,2,ShareholderToAggregator,Share,3360,2
1,7,2,AggregatorBroadcast,SplitDecision,49120,614
1,7,3,ClientToShareholder,CommittedGradientShare,25581696,14736
1,7,3,ShareholderToAggregator,Share,3360,2
1,7,3,ShareholderToAggregator,Share,3360,2
1,7,3,AggregatorBroadcast,SplitDecision,49120,614
1,7,3,ShareholderToAggregator,Share,3360,2
1,7,3,AggregatorBroadcast,SplitDecision,49120,614
1,7,3,ShareholderToAggregator,Share,3360,2
1,7,3,AggregatorBroadcast,SplitDecision,49120,614
1,7,3,ShareholderToAggregator,Share,3360,2
1,7,3,AggregatorBroadcast,SplitDecision,49120,614
1,7,3,ShareholderToAggregator,Share,3360,2
1,7,3,AggregatorBroadcast,SplitDecision,49120,614
1,7,3,ShareholderToAggregator,Share,3360,2
1,7,3,ShareholderToAggregator,Share,3360,2
1,7,3,AggregatorBroadcast,SplitDecision,49120,614
1,7,4,ClientToShareholder,CommittedGradientShare,44767968,25788
1,7,4,ShareholderToAggregator,Share,3360,2
1,7,4,ShareholderToAggregator,Share,3360,2
1,7,4,ShareholderToAggregator,Share,3360,2
1,7,4,ShareholderToAggregator,Share,3360,2
1,7,4,ShareholderToAggregator,Share,3360,2
1,7,4,AggregatorBroadcast,SplitDecision,49120,614
1,7,4,ShareholderToAggregator,Share,3360,2
1,7,4,AggregatorBroadcast,SplitDecision,49120,614
1,7,4,ShareholderToAggregator,Share,3360,2
1,7,4,AggregatorBroadcast,SplitDecision,49120,614
1,7,4,ShareholderToAggregator,Share,3360,2
1,7,4,AggregatorBroadcast,SplitDecision,49120,614
1,7,4,ShareholderToAggregator,Share,3360,2
1,7,4,AggregatorBroadcast,SplitDecision,49120,614
1,7,4,ShareholderToAggregator,Share,3360,2
1,7,4,AggregatorBroadcast,SplitDecision,49120,614
1,7,4,ShareholderToAggregator,Share,3360,2
1,7,4,ShareholderToAggregator,Share,3360,2
1,7,4,AggregatorBroadcast,SplitDecision,49120,614
1,7,4,ShareholderToAggregator,Share,3360,2
1,7,4,AggregatorBroadcast,SplitDecision,49120,614
1,7,4,ShareholderToAggregator,Share,3360,2
1,7,4,AggregatorBroadcast,SplitDecision,49120,614
1,7,5,ClientToShareholder,CommittedGradientShare,73547376,42366
1,7,5,ShareholderToAggregator,Share,3360,2
1,7,5,ShareholderToAggregator,Share,3360,2
1,7,5,ShareholderToAggregator,Share,3360,2
1,7,5,ShareholderToAggregator,Share,3360,2
1,7,5,ShareholderToAggregator,Share,3360,2
1,7,5,ShareholderToAggregator,Share,3360,2
1,7,5,ShareholderToAggregator,Share,3360,2
1,7,5,AggregatorBroadcast,SplitDecision,49120,614
1,7,5,ShareholderToAggregator,Share,3360,2
1,7,5,ShareholderToAggregator,Share,3360,2
1,7,5,AggregatorBroadcast,SplitDecision,49120,614
1,7,5,ShareholderToAggregator,Share,3360,2
1,7,5,ShareholderToAggregator,Share,3360,2
1,7,5,AggregatorBroadcast,SplitDecision,49120,614
1,7,5,ShareholderToAggregator,Share,3360,2
1,7,5,AggregatorBroadcast,SplitDecision,49120,614
1,7,5,ShareholderToAggregator,Share,3360,2
1,7,5,AggregatorBroadcast,SplitDecision,49120,614
1,7,5,ShareholderToAggregator,Share,3360,2
1,7,5,AggregatorBroadcast,SplitDecision,49120,614
1,7,5,ShareholderToAggregator,Share,3360,2
1,7,5,AggregatorBroadcast,SplitDecision,49120,614
1,7,5,ShareholderToAggregator,Share,3360,2
1,7,5,AggregatorBroadcast,SplitDecision,49120,614
1,7,5,ShareholderToAggregator,Share,3360,2
1,7,5,AggregatorBroadcast,SplitDecision,49120,614
1,7,5,ShareholderToAggregator,Share,3360,2
1,7,5,AggregatorBroadcast,SplitDecision,49120,614
1,7,5,ShareholderToAggregator,Share,3360,2
1,7,5,ShareholderToAggregator,Share,3360,2
1,7,5,AggregatorBroadcast,SplitDecision,49120,614
1,7,5,ShareholderToAggregator,Share,3360,2
1,7,5,ShareholderToAggregator,Share,3360,2
1,7,5,ShareholderToAggregator,Share,3360,2
1,8,0,ClientToShareholder,CommittedGradientShare,3197712,1842
1,8,0,ShareholderToAggregator,Share,3360,2
1,8,0,AggregatorBroadcast,SplitDecision,49120,614
1,8,1,ClientToShareholder,CommittedGradientShare,6395424,3684
1,8,1,ShareholderToAggregator,Share,3360,2
1,8,1,AggregatorBroadcast,SplitDecision,49120,614
1,8,1,ShareholderToAggregator,Share,3360,2
1,8,1,AggregatorBroadcast,SplitDecision,49120,614
1,8,2,ClientToShareholder,CommittedGradientShare,12790848,7368
1,8,2,ShareholderToAggregator,Share,3360,2
1,8,2,AggregatorBroadcast,SplitDecision,49120,614
1,8,2,ShareholderToAggregator,Share,3360,2
1,8,2,AggregatorBroadcast,SplitDecision,49120,614
1,8,2,ShareholderToAggregator,Share,3360,2
1,8,2,AggregatorBroadcast,SplitDecision,49120,614
1,8,2,ShareholderToAggregator,Share,3360,2
1,8,2,AggregatorBroadcast,SplitDecision,49120,614
1,8,3,ClientToShareholder,CommittedGradientShare,25581696,14736
1,8,3,ShareholderToAggregator,Share,3360,2
1,8,3,AggregatorBroadcast,SplitDecision,49120,614
1,8,3,ShareholderToAggregator,Share,3360,2
1,8,3,AggregatorBroadcast,SplitDecision,49120,614
1,8,3,ShareholderToAggregator,Share,3360,2
1,8,3,AggregatorBroadcast,SplitDecision,49120,614
1,8,3,ShareholderToAggregator,Share,3360,2
1,8,3,AggregatorBroadcast,SplitDecision,49120,614
1,8,3,ShareholderToAggregator,Share,3360,2
1,8,3,AggregatorBroadcast,SplitDecision,49120,614
1,8,3,ShareholderToAggregator,Share,3360,2
1,8,3,AggregatorBroadcast,SplitDecision,49120,614
1,8,3,ShareholderToAggregator,Share,3360,2
1,8,3,ShareholderToAggregator,Share,3360,2
1,8,3,AggregatorBroadcast,SplitDecision,49120,614
1,8,4,ClientToShareholder,CommittedGradientShare,47965680,27630
1,8,4,ShareholderToAggregator,Share,3360,2
1,8,4,ShareholderToAggregator,Share,3360,2
1,8,4,ShareholderToAggregator,Share,3360,2
1,8,4,AggregatorBroadcast,SplitDecision,49120,614
1,8,4,ShareholderToAggregator,Share,3360,2
1,8,4,AggregatorBroadcast,SplitDecision,49120,614
1,8,4,ShareholderToAggregator,Share,3360,2
1,8,4,AggregatorBroadcast,SplitDecision,49120,614
1,8,4,ShareholderToAggregator,Share,3360,2
1,8,4,ShareholderToAggregator,Share,3360,2
1,8,4,AggregatorBroadcast,SplitDecision,49120,614
1,8,4,ShareholderToAggregator,Share,3360,2
1,8,4,AggregatorBroadcast,SplitDecision,49120,614
1,8,4,ShareholderToAggregator,Share,3360,2
1,8,4,AggregatorBroadcast,SplitDecision,49120,614
1,8,4,ShareholderToAggregator,Share,3360,2
1,8,4,ShareholderToAggregator,Share,3360,2
1,8,4,AggregatorBroadcast,SplitDecision,49120,614
1,8,4,ShareholderToAggregator,Share,3360,2
1,8,4,AggregatorBroadcast,SplitDecision,49120,614
1,8,4,ShareholderToAggregator,Share,3360,2
1,8,4,AggregatorBroadcast,SplitDecision,49120,614
1,8,4,ShareholderToAggregator,Share,3360,2
1,8,4,AggregatorBroadcast,SplitDecision,49120,614
1,8,4,ShareholderToAggregator,Share,3360,2
1,8,4,AggregatorBroadcast,SplitDecision,49120,614
1,8,5,ClientToShareholder,CommittedGradientShare,83140512,47892
1,8,5,ShareholderToAggregator,Share,3360,2
1,8,5,ShareholderToAggregator,Share,3360,2
1,8,5,ShareholderToAggregator,Share,3360,2
1,8,5,ShareholderToAggregator,Share,3360,2
1,8,5,ShareholderToAggregator,Share,3360,2
1,8,5,ShareholderToAggregator,Share,3360,2
1,8,5,ShareholderToAggregator,Share,3360,2
1,8,5,AggregatorBroadcast,SplitDecision,49120,614
1,8,5,ShareholderToAggregator,Share,3360,2
1,8,5,AggregatorBroadcast,SplitDecision,49120,614
1,8,5,ShareholderToAggregator,Share,3360,2
1,8,5,AggregatorBroadcast,SplitDecision,49120,614
1,8,5,ShareholderToAggregator,Share,3360,2
1,8,5,AggregatorBroadcast,SplitDecision,49120,614
1,8,5,ShareholderToAggregator,Share,3360,2
1,8,5,ShareholderToAggregator,Share,3360,2
1,8,5,ShareholderToAggregator,Share,3360,2
1,8,5,AggregatorBroadcast,SplitDecision,49120,614
1,8,5,ShareholderToAggregator,Share,3360,2
1,8,5,ShareholderToAggregator,Share,3360,2
1,8,5,ShareholderToAggregator,Share,3360,2
1,8,5,ShareholderToAggregator,Share,3360,2
1,8,5,AggregatorBroadcast,SplitDecision,49120,614
1,8,5,ShareholderToAggregator,Share,3360,2
1,8,5,AggregatorBroadcast,SplitDecision,49120,614
1,8,5,ShareholderToAggregator,Share,3360,2
1,8,5,ShareholderToAggregator,Share,3360,2
1,8,5,AggregatorBroadcast,SplitDecision,49120,614
1,8,5,ShareholderToAggregator,Share,3360,2
1,8,5,AggregatorBroadcast,SplitDecision,49120,614
1,8,5,ShareholderToAggregator,Share,3360,2
1,8,5,AggregatorBroadcast,SplitDecision,49120,614
1,8,5,ShareholderToAggregator,Share,3360,2
1,8,5,AggregatorBroadcast,SplitDecision,49120,614
1,8,5,ShareholderToAggregator,Share,3360,2
1,8,5,ShareholderToAggregator,Share,3360,2
1,8,5,ShareholderToAggregator,Share,3360,2
1,9,0,ClientToShareholder,CommittedGradientShare,3197712,1842
1,9,0,ShareholderToAggregator,Share,3360,2
1,9,0,AggregatorBroadcast,SplitDecision,49120,614
1,9,1,ClientToShareholder,CommittedGradientShare,6395424,3684
1,9,1,ShareholderToAggregator,Share,3360,2
1,9,1,AggregatorBroadcast,SplitDecision,49120,614
1,9,1,ShareholderToAggregator,Share,3360,2
1,9,1,AggregatorBroadcast,SplitDecision,49120,614
1,9,2,ClientToShareholder,CommittedGradientShare,12790848,7368
1,9,2,ShareholderToAggregator,Share,3360,2
1,9,2,AggregatorBroadcast,SplitDecision,49120,614
1,9,2,ShareholderToAggregator,Share,3360,2
1,9,2,AggregatorBroadcast,SplitDecision,49120,614
1,9,2,ShareholderToAggregator,Share,3360,2
1,9,2,AggregatorBroadcast,SplitDecision,49120,614
1,9,2,ShareholderToAggregator,Share,3360,2
1,9,2,AggregatorBroadcast,SplitDecision,49120,614
1,9,3,ClientToShareholder,CommittedGradientShare,25581696,14736
1,9,3,ShareholderToAggregator,Share,3360,2
1,9,3,ShareholderToAggregator,Share,3360,2
1,9,3,AggregatorBroadcast,SplitDecision,49120,614
1,9,3,ShareholderToAggregator,Share,3360,2
1,9,3,AggregatorBroadcast,SplitDecision,49120,614
1,9,3,ShareholderToAggregator,Share,3360,2
1,9,3,AggregatorBroadcast,SplitDecision,49120,614
1,9,3,ShareholderToAggregator,Share,3360,2
1,9,3,AggregatorBroadcast,SplitDecision,49120,614
1,9,3,ShareholderToAggregator,Share,3360,2
1,9,3,AggregatorBroadcast,SplitDecision,49120,614
1,9,3,ShareholderToAggregator,Share,3360,2
1,9,3,ShareholderToAggregator,Share,3360,2
1,9,3,AggregatorBroadcast,SplitDecision,49120,614
1,9,4,ClientToShareholder,CommittedGradientShare,44767968,25788
1,9,4,ShareholderToAggregator,Share,3360,2
1,9,4,ShareholderToAggregator,Share,3360,2
1,9,4,ShareholderToAggregator,Share,3360,2
1,9,4,ShareholderToAggregator,Share,3360,2
1,9,4,ShareholderToAggregator,Share,3360,2
1,9,4,AggregatorBroadcast,SplitDecision,49120,614
1,9,4,ShareholderToAggregator,Share,3360,2
1,9,4,AggregatorBroadcast,SplitDecision,49120,614
1,9,4,ShareholderToAggregator,Share,3360,2
1,9,4,AggregatorBroadcast,SplitDecision,49120,614
1,9,4,ShareholderToAggregator,Share,3360,2
1,9,4,AggregatorBroadcast,SplitDecision,49120,614
1,9,4,ShareholderToAggregator,Share,3360,2
1,9,4,AggregatorBroadcast,SplitDecision,49120,614
1,9,4,ShareholderToAggregator,Share,3360,2
1,9,4,AggregatorBroadcast,SplitDecision,49120,614
1,9,4,ShareholderToAggregator,Share,3360,2
1,9,4,AggregatorBroadcast,SplitDecision,49120,614
1,9,4,ShareholderToAggregator,Share,3360,2
1,9,4,AggregatorBroadcast,SplitDecision,49120,614
1,9,4,ShareholderToAggregator,Share,3360,2
1,9,4,AggregatorBroadcast,SplitDecision,49120,614
1,9,4,ShareholderToAggregator,Share,3360,2
1,9,4,AggregatorBroadcast,SplitDecision,49120,614
1,9,5,ClientToShareholder,CommittedGradientShare,76745088,44208
1,9,5,ShareholderToAggregator,Share,3360,2
1,9,5,ShareholderToAggregator,Share,3360,2
1,9,5,ShareholderToAggregator,Share,3360,2
1,9,5,ShareholderToAggregator,Share,3360,2
1,9,5,ShareholderToAggregator,Share,3360,2
1,9,5,ShareholderToAggregator,Share,3360,2
1,9,5,AggregatorBroadcast,SplitDecision,49120,614
1,9,5,ShareholderToAggregator,Share,3360,2
1,9,5,AggregatorBroadcast,SplitDecision,49120,614
1,9,5,ShareholderToAggregator,Share,3360,2
1,9,5,AggregatorBroadcast,SplitDecision,49120,614
1,9,5,ShareholderToAggregator,Share,3360,2
1,9,5,ShareholderToAggregator,Share,3360,2
1,9,5,AggregatorBroadcast,SplitDecision,49120,614
1,9,5,ShareholderToAggregator,Share,3360,2
1,9,5,AggregatorBroadcast,SplitDecision,49120,614
1,9,5,ShareholderToAggregator,Share,3360,2
1,9,5,AggregatorBroadcast,SplitDecision,49120,614
1,9,5,ShareholderToAggregator,Share,3360,2
1,9,5,AggregatorBroadcast,SplitDecision,49120,614
1,9,5,ShareholderToAggregator,Share,3360,2
1,9,5,AggregatorBroadcast,SplitDecision,49120,614
1,9,5,ShareholderToAggregator,Share,3360,2
1,9,5,AggregatorBroadcast,SplitDecision,49120,614
1,9,5,ShareholderToAggregator,Share,3360,2
1,9,5,AggregatorBroadcast,SplitDecision,49120,614
1,9,5,ShareholderToAggregator,Share,3360,2
1,9,5,ShareholderToAggregator,Share,3360,2
1,9,5,ShareholderToAggregator,Share,3360,2
1,9,5,ShareholderToAggregator,Share,3360,2
1,9,5,ShareholderToAggregator,Share,3360,2
1,9,5,AggregatorBroadcast,SplitDecision,49120,614
1,9,5,ShareholderToAggregator,Share,3360,2
1,9,5,ShareholderToAggregator,Share,3360,2
1,9,5,ShareholderToAggregator,Share,3360,2
1,10,0,ClientToShareholder,CommittedGradientShare,3197712,1842
1,10,0,ShareholderToAggregator,Share,3360,2
1,10,0,AggregatorBroadcast,SplitDecision,49120,614
1,10,1,ClientToShareholder,CommittedGradientShare,6395424,3684
1,10,1,ShareholderToAggregator,Share,3360,2
1,10,1,AggregatorBroadcast,SplitDecision,49120,614
1,10,1,ShareholderToAggregator,Share,3360,2
1,10,1,AggregatorBroadcast,SplitDecision,49120,614
1,10,2,ClientToShareholder,CommittedGradientShare,12790848,7368
1,10,2,ShareholderToAggregator,Share,3360,2
1,10,2,AggregatorBroadcast,SplitDecision,49120,614
1,10,2,ShareholderToAggregator,Share,3360,2
1,10,2,AggregatorBroadcast,SplitDecision,49120,614
1,10,2,ShareholderToAggregator,Share,3360,2
1,10,2,AggregatorBroadcast,SplitDecision,49120,614
1,10,2,ShareholderToAggregator,Share,3360,2
1,10,2,AggregatorBroadcast,SplitDecision,49120,614
1,10,3,ClientToShareholder,CommittedGradientShare,25581696,14736
1,10,3,ShareholderToAggregator,Share,3360,2
1,10,3,ShareholderToAggregator,Share,3360,2
1,10,3,AggregatorBroadcast,SplitDecision,49120,614
1,10,3,ShareholderToAggregator,Share,3360,2
1,10,3,AggregatorBroadcast,SplitDecision,49120,614
1,10,3,ShareholderToAggregator,Share,3360,2
1,10,3,AggregatorBroadcast,SplitDecision,49120,614
1,10,3,ShareholderToAggregator,Share,3360,2
1,10,3,AggregatorBroadcast,SplitDecision,49120,614
1,10,3,ShareholderToAggregator,Share,3360,2
1,10,3,AggregatorBroadcast,SplitDecision,49120,614
1,10,3,ShareholderToAggregator,Share,3360,2
1,10,3,ShareholderToAggregator,Share,3360,2
1,10,3,AggregatorBroadcast,SplitDecision,49120,614
1,10,4,ClientToShareholder,CommittedGradientShare,44767968,25788
1,10,4,ShareholderToAggregator,Share,3360,2
1,10,4,ShareholderToAggregator,Share,3360,2
1,10,4,ShareholderToAggregator,Share,3360,2
1,10,4,ShareholderToAggregator,Share,3360,2
1,10,4,ShareholderToAggregator,Share,3360,2
1,10,4,AggregatorBroadcast,SplitDecision,49120,614
1,10,4,ShareholderToAggregator,Share,3360,2
1,10,4,AggregatorBroadcast,SplitDecision,49120,614
1,10,4,ShareholderToAggregator,Share,3360,2
1,10,4,AggregatorBroadcast,SplitDecision,49120,614
1,10,4,ShareholderToAggregator,Share,3360,2
1,10,4,AggregatorBroadcast,SplitDecision,49120,614
1,10,4,ShareholderToAggregator,Share,3360,2
1,10,4,ShareholderToAggregator,Share,3360,2
1,10,4,AggregatorBroadcast,SplitDecision,49120,614
1,10,4,ShareholderToAggregator,Share,3360,2
1,10,4,AggregatorBroadcast,SplitDecision,49120,614
1,10,4,ShareholderToAggregator,Share,3360,2
1,10,4,AggregatorBroadcast,SplitDecision,49120,614
1,10,4,ShareholderToAggregator,Share,3360,2
1,10,4,ShareholderToAggregator,Share,3360,2
1,10,4,AggregatorBroadcast,SplitDecision,49120,614
1,10,5,ClientToShareholder,CommittedGradientShare,70349664,40524
1,10,5,ShareholderToAggregator,Share,3360,2
1,10,5,ShareholderToAggregator,Share,3360,2
1,10,5,ShareholderToAggregator,Share,3360,2
1,10,5,ShareholderToAggregator,Share,3360,2
1,10,5,ShareholderToAggregator,Share,3360,2
1,10,5,ShareholderToAggregator,Share,3360,2
1,10,5,ShareholderToAggregator,Share,3360,2
1,10,5,ShareholderToAggregator,Share,3360,2
1,10,5,AggregatorBroadcast,SplitDecision,49120,614
1,10,5,ShareholderToAggregator,Share,3360,2
1,10,5,ShareholderToAggregator,Share,3360,2
1,10,5,AggregatorBroadcast,SplitDecision,49120,614
1,10,5,ShareholderToAggregator,Share,3360,2
1,10,5,ShareholderToAggregator,Share,3360,2
1,10,5,AggregatorBroadcast,SplitDecision,49120,614
1,10,5,ShareholderToAggregator,Share,3360,2
1,10,5,AggregatorBroadcast,SplitDecision,49120,614
1,10,5,ShareholderToAggregator,Share,3360,2
1,10,5,AggregatorBroadcast,SplitDecision,49120,614
1,10,5,ShareholderToAggregator,Share,3360,2
1,10,5,AggregatorBroadcast,SplitDecision,49120,614
1,10,5,ShareholderToAggregator,Share,3360,2
1,10,5,AggregatorBroadcast,SplitDecision,49120,614
1,10,5,ShareholderToAggregator,Share,3360,2
1,10,5,ShareholderToAggregator,Share,3360,2
1,10,5,AggregatorBroadcast,SplitDecision,49120,614
1,10,5,ShareholderToAggregator,Share,3360,2
1,10,5,AggregatorBroadcast,SplitDecision,49120,614
1,10,5,ShareholderToAggregator,Share,3360,2
1,10,5,AggregatorBroadcast,SplitDecision,49120,614
1,10,5,ShareholderToAggregator,Share,3360,2
1,10,5,ShareholderToAggregator,Share,3360,2
1,11,0,ClientToShareholder,CommittedGradientShare,3197712,1842
1,11,0,ShareholderToAggregator,Share,3360,2
1,11,0,AggregatorBroadcast,SplitDecision,49120,614
1,11,1,ClientToShareholder,CommittedGradientShare,6395424,3684
1,11,1,ShareholderToAggregator,Share,3360,2
1,11,1,AggregatorBroadcast,SplitDecision,49120,614
1,11,1,ShareholderToAggregator,Share,3360,2
1,11,1,AggregatorBroadcast,SplitDecision,49120,614
1,11,2,ClientToShareholder,CommittedGradientShare,12790848,7368
1,11,2,ShareholderToAggregator,Share,3360,2
1,11,2,AggregatorBroadcast,SplitDecision,49120,614
1,11,2,ShareholderToAggregator,Share,3360,2
1,11,2,AggregatorBroadcast,SplitDecision,49120,614
1,11,2,ShareholderToAggregator,Share,3360,2
1,11,2,AggregatorBroadcast,SplitDecision,49120,614
1,11,2,ShareholderToAggregator,Share,3360,2
1,11,2,AggregatorBroadcast,SplitDecision,49120,614
1,11,3,ClientToShareholder,CommittedGradientShare,25581696,14736
1,11,3,ShareholderToAggregator,Share,3360,2
1,11,3,ShareholderToAggregator,Share,3360,2
1,11,3,AggregatorBroadcast,SplitDecision,49120,614
1,11,3,ShareholderToAggregator,Share,3360,2
1,11,3,AggregatorBroadcast,SplitDecision,49120,614
1,11,3,ShareholderToAggregator,Share,3360,2
1,11,3,AggregatorBroadcast,SplitDecision,49120,614
1,11,3,ShareholderToAggregator,Share,3360,2
1,11,3,AggregatorBroadcast,SplitDecision,49120,614
1,11,3,ShareholderToAggregator,Share,3360,2
1,11,3,AggregatorBroadcast,SplitDecision,49120,614
1,11,3,ShareholderToAggregator,Share,3360,2
1,11,3,ShareholderToAggregator,Share,3360,2
1,11,3,AggregatorBroadcast,SplitDecision,49120,614
1,11,4,ClientToShareholder,CommittedGradientShare,44767968,25788
1,11,4,ShareholderToAggregator,Share,3360,2
1,11,4,ShareholderToAggregator,Share,3360,2
1,11,4,ShareholderToAggregator,Share,3360,2
1,11,4,ShareholderToAggregator,Share,3360,2
1,11,4,ShareholderToAggregator,Share,3360,2
1,11,4,AggregatorBroadcast,SplitDecision,49120,614
1,11,4,ShareholderToAggregator,Share,3360,2
1,11,4,AggregatorBroadcast,SplitDecision,49120,614
1,11,4,ShareholderToAggregator,Share,3360,2
1,11,4,AggregatorBroadcast,SplitDecision,49120,614
1,11,4,ShareholderToAggregator,Share,3360,2
1,11,4,AggregatorBroadcast,SplitDecision,49120,614
1,11,4,ShareholderToAggregator,Share,3360,2
1,11,4,AggregatorBroadcast,SplitDecision,49120,614
1,11,4,ShareholderToAggregator,Share,3360,2
1,11,4,AggregatorBroadcast,SplitDecision,49120,614
1,11,4,ShareholderToAggregator,Share,3360,2
1,11,4,AggregatorBroadcast,SplitDecision,49120,614
1,11,4,ShareholderToAggregator,Share,3360,2
1,11,4,AggregatorBroadcast,SplitDecision,49120,614
1,11,4,ShareholderToAggregator,Share,3360,2
1,11,4,ShareholderToAggregator,Share,3360,2
1,11,5,ClientToShareholder,CommittedGradientShare,70349664,40524
1,11,5,ShareholderToAggregator,Share,3360,2
1,11,5,ShareholderToAggregator,Share,3360,2
1,11,5,ShareholderToAggregator,Share,3360,2
1,11,5,ShareholderToAggregator,Share,3360,2
1,11,5,ShareholderToAggregator,Share,3360,2
1,11,5,ShareholderToAggregator,Share,3360,2
1,11,5,ShareholderToAggregator,Share,3360,2
1,11,5,AggregatorBroadcast,SplitDecision,49120,614
1,11,5,ShareholderToAggregator,Share,3360,2
1,11,5,AggregatorBroadcast,SplitDecision,49120,614
1,11,5,ShareholderToAggregator,Share,3360,2
1,11,5,AggregatorBroadcast,SplitDecision,49120,614
1,11,5,ShareholderToAggregator,Share,3360,2
1,11,5,AggregatorBroadcast,SplitDecision,49120,614
1,11,5,ShareholderToAggregator,Share,3360,2
1,11,5,AggregatorBroadcast,SplitDecision,49120,614
1,11,5,ShareholderToAggregator,Share,3360,2
1,11,5,ShareholderToAggregator,Share,3360,2
1,11,5,AggregatorBroadcast,SplitDecision,49120,614
1,11,5,ShareholderToAggregator,Share,3360,2
1,11,5,ShareholderToAggregator,Share,3360,2
1,11,5,ShareholderToAggregator,Share,3360,2
1,11,5,ShareholderToAggregator,Share,3360,2
1,11,5,AggregatorBroadcast,SplitDecision,49120,614
1,11,5,ShareholderToAggregator,Share,3360,2
1,11,5,AggregatorBroadcast,SplitDecision,49120,614
1,11,5,ShareholderToAggregator,Share,3360,2
1,11,5,ShareholderToAggregator,Share,3360,2
1,11,5,ShareholderToAggregator,Share,3360,2
1,11,5,ShareholderToAggregator,Share,3360,2
1,12,0,ClientToShareholder,CommittedGradientShare,3197712,1842
1,12,0,ShareholderToAggregator,Share,3360,2
1,12,0,AggregatorBroadcast,SplitDecision,49120,614
1,12,1,ClientToShareholder,CommittedGradientShare,6395424,3684
1,12,1,ShareholderToAggregator,Share,3360,2
1,12,1,AggregatorBroadcast,SplitDecision,49120,614
1,12,1,ShareholderToAggregator,Share,3360,2
1,12,1,AggregatorBroadcast,SplitDecision,49120,614
1,12,2,ClientToShareholder,CommittedGradientShare,12790848,7368
1,12,2,ShareholderToAggregator,Share,3360,2
1,12,2,AggregatorBroadcast,SplitDecision,49120,614
1,12,2,ShareholderToAggregator,Share,3360,2
1,12,2,AggregatorBroadcast,SplitDecision,49120,614
1,12,2,ShareholderToAggregator,Share,3360,2
1,12,2,AggregatorBroadcast,SplitDecision,49120,614
1,12,2,ShareholderToAggregator,Share,3360,2
1,12,2,AggregatorBroadcast,SplitDecision,49120,614
1,12,3,ClientToShareholder,CommittedGradientShare,25581696,14736
1,12,3,ShareholderToAggregator,Share,3360,2
1,12,3,AggregatorBroadcast,SplitDecision,49120,614
1,12,3,ShareholderToAggregator,Share,3360,2
1,12,3,AggregatorBroadcast,SplitDecision,49120,614
1,12,3,ShareholderToAggregator,Share,3360,2
1,12,3,AggregatorBroadcast,SplitDecision,49120,614
1,12,3,ShareholderToAggregator,Share,3360,2
1,12,3,AggregatorBroadcast,SplitDecision,49120,614
1,12,3,ShareholderToAggregator,Share,3360,2
1,12,3,ShareholderToAggregator,Share,3360,2
1,12,3,AggregatorBroadcast,SplitDecision,49120,614
1,12,3,ShareholderToAggregator,Share,3360,2
1,12,3,AggregatorBroadcast,SplitDecision,49120,614
1,12,3,ShareholderToAggregator,Share,3360,2
1,12,3,AggregatorBroadcast,SplitDecision,49120,614
1,12,4,ClientToShareholder,CommittedGradientShare,47965680,27630
1,12,4,ShareholderToAggregator,Share,3360,2
1,12,4,ShareholderToAggregator,Share,3360,2
1,12,4,AggregatorBroadcast,SplitDecision,49120,614
1,12,4,ShareholderToAggregator,Share,3360,2
1,12,4,AggregatorBroadcast,SplitDecision,49120,614
1,12,4,ShareholderToAggregator,Share,3360,2
1,12,4,AggregatorBroadcast,SplitDecision,49120,614
1,12,4,ShareholderToAggregator,Share,3360,2
1,12,4,AggregatorBroadcast,SplitDecision,49120,614
1,12,4,ShareholderToAggregator,Share,3360,2
1,12,4,ShareholderToAggregator,Share,3360,2
1,12,4,AggregatorBroadcast,SplitDecision,49120,614
1,12,4,ShareholderToAggregator,Share,3360,2
1,12,4,AggregatorBroadcast,SplitDecision,49120,614
1,12,4,ShareholderToAggregator,Share,3360,2
1,12,4,AggregatorBroadcast,SplitDecision,49120,614
1,12,4,ShareholderToAggregator,Share,3360,2
1,12,4,AggregatorBroadcast,SplitDecision,49120,614
1,12,4,ShareholderToAggregator,Share,3360,2
1,12,4,AggregatorBroadcast,SplitDecision,49120,614
1,12,4,ShareholderToAggregator,Share,3360,2
1,12,4,AggregatorBroadcast,SplitDecision,49120,614
1,12,4,ShareholderToAggregator,Share,3360,2
1,12,4,ShareholderToAggregator,Share,3360,2
1,12,4,AggregatorBroadcast,SplitDecision,49120,614
1,12,4,ShareholderToAggregator,Share,3360,2
1,12,4,AggregatorBroadcast,SplitDecision,49120,614
1,12,5,ClientToShareholder,CommittedGradientShare,86338224,49734
1,12,5,ShareholderToAggregator,Share,3360,2
1,12,5,ShareholderToAggregator,Share,3360,2
1,12,5,ShareholderToAggregator,Share,3360,2
1,12,5,ShareholderToAggregator,Share,3360,2
1,12,5,ShareholderToAggregator,Share,3360,2
1,12,5,AggregatorBroadcast,SplitDecision,49120,614
1,12,5,ShareholderToAggregator,Share,3360,2
1,12,5,ShareholderToAggregator,Share,3360,2
1,12,5,ShareholderToAggregator,Share,3360,2
1,12,5,AggregatorBroadcast,SplitDecision,49120,614
1,12,5,ShareholderToAggregator,Share,3360,2
1,12,5,AggregatorBroadcast,SplitDecision,49120,614
1,12,5,ShareholderToAggregator,Share,3360,2
1,12,5,AggregatorBroadcast,SplitDecision,49120,614
1,12,5,ShareholderToAggregator,Share,3360,2
1,12,5,AggregatorBroadcast,SplitDecision,49120,614
1,12,5,ShareholderToAggregator,Share,3360,2
1,12,5,ShareholderToAggregator,Share,3360,2
1,12,5,ShareholderToAggregator,Share,3360,2
1,12,5,ShareholderToAggregator,Share,3360,2
1,12,5,ShareholderToAggregator,Share,3360,2
1,12,5,ShareholderToAggregator,Share,3360,2
1,12,5,AggregatorBroadcast,SplitDecision,49120,614
1,12,5,ShareholderToAggregator,Share,3360,2
1,12,5,AggregatorBroadcast,SplitDecision,49120,614
1,12,5,ShareholderToAggregator,Share,3360,2
1,12,5,AggregatorBroadcast,SplitDecision,49120,614
1,12,5,ShareholderToAggregator,Share,3360,2
1,12,5,ShareholderToAggregator,Share,3360,2
1,12,5,AggregatorBroadcast,SplitDecision,49120,614
1,12,5,ShareholderToAggregator,Share,3360,2
1,12,5,ShareholderToAggregator,Share,3360,2
1,12,5,AggregatorBroadcast,SplitDecision,49120,614
1,12,5,ShareholderToAggregator,Share,3360,2
1,12,5,AggregatorBroadcast,SplitDecision,49120,614
1,12,5,ShareholderToAggregator,Share,3360,2
1,12,5,AggregatorBroadcast,SplitDecision,49120,614
1,12,5,ShareholderToAggregator,Share,3360,2
1,12,5,AggregatorBroadcast,SplitDecision,49120,614
1,12,5,ShareholderToAggregator,Share,3360,2
1,13,0,ClientToShareholder,CommittedGradientShare,3197712,1842
1,13,0,ShareholderToAggregator,Share,3360,2
1,13,0,AggregatorBroadcast,SplitDecision,49120,614
1,13,1,ClientToShareholder,CommittedGradientShare,6395424,3684
1,13,1,ShareholderToAggregator,Share,3360,2
1,13,1,AggregatorBroadcast,SplitDecision,49120,614
1,13,1,ShareholderToAggregator,Share,3360,2
1,13,1,AggregatorBroadcast,SplitDecision,49120,614
1,13,2,ClientToShareholder,CommittedGradientShare,12790848,7368
1,13,2,ShareholderToAggregator,Share,3360,2
1,13,2,AggregatorBroadcast,SplitDecision,49120,614
1,13,2,ShareholderToAggregator,Share,3360,2
1,13,2,AggregatorBroadcast,SplitDecision,49120,614
1,13,2,ShareholderToAggregator,Share,3360,2
1,13,2,AggregatorBroadcast,SplitDecision,49120,614
1,13,2,ShareholderToAggregator,Share,3360,2
1,13,2,AggregatorBroadcast,SplitDecision,49120,614
1,13,3,ClientToShareholder,CommittedGradientShare,25581696,14736
1,13,3,ShareholderToAggregator,Share,3360,2
1,13,3,AggregatorBroadcast,SplitDecision,49120,614
1,13,3,ShareholderToAggregator,Share,3360,2
1,13,3,AggregatorBroadcast,SplitDecision,49120,614
1,13,3,ShareholderToAggregator,Share,3360,2
1,13,3,AggregatorBroadcast,SplitDecision,49120,614
1,13,3,ShareholderToAggregator,Share,3360,2
1,13,3,ShareholderToAggregator,Share,3360,2
1,13,3,AggregatorBroadcast,SplitDecision,49120,614
1,13,3,ShareholderToAggregator,Share,3360,2
1,13,3,AggregatorBroadcast,SplitDecision,49120,614
1,13,3,ShareholderToAggregator,Share,3360,2
1,13,3,ShareholderToAggregator,Share,3360,2
1,13,3,AggregatorBroadcast,SplitDecision,49120,614
1,13,4,ClientToShareholder,CommittedGradientShare,44767968,25788
1,13,4,ShareholderToAggregator,Share,3360,2
1,13,4,ShareholderToAggregator,Share,3360,2
1,13,4,ShareholderToAggregator,Share,3360,2
1,13,4,AggregatorBroadcast,SplitDecision,49120,614
1,13,4,ShareholderToAggregator,Share,3360,2
1,13,4,AggregatorBroadcast,SplitDecision,49120,614
1,13,4,ShareholderToAggregator,Share,3360,2
1,13,4,AggregatorBroadcast,SplitDecision,49120,614
1,13,4,ShareholderToAggregator,Share,3360,2
1,13,4,ShareholderToAggregator,Share,3360,2
1,13,4,AggregatorBroadcast,SplitDecision,49120,614
1,13,4,ShareholderToAggregator,Share,3360,2
1,13,4,AggregatorBroadcast,SplitDecision,49120,614
1,13,4,ShareholderToAggregator,Share,3360,2
1,13,4,ShareholderToAggregator,Share,3360,2
1,13,4,ShareholderToAggregator,Share,3360,2
1,13,4,ShareholderToAggregator,Share,3360,2
1,13,4,AggregatorBroadcast,SplitDecision,49120,614
1,13,4,ShareholderToAggregator,Share,3360,2
1,13,4,AggregatorBroadcast,SplitDecision,49120,614
1,13,4,ShareholderToAggregator,Share,3360,2
1,13,4,AggregatorBroadcast,SplitDecision,49120,614
1,13,5,ClientToShareholder,CommittedGradientShare,70349664,40524
1,13,5,ShareholderToAggregator,Share,3360,2
1,13,5,ShareholderToAggregator,Share,3360,2
1,13,5,ShareholderToAggregator,Share,3360,2
1,13,5,ShareholderToAggregator,Share,3360,2
1,13,5,ShareholderToAggregator,Share,3360,2
1,13,5,ShareholderToAggregator,Share,3360,2
1,13,5,ShareholderToAggregator,Share,3360,2
1,13,5,ShareholderToAggregator,Share,3360,2
1,13,5,AggregatorBroadcast,SplitDecision,49120,614
1,13,5,ShareholderToAggregator,Share,3360,2
1,13,5,AggregatorBroadcast,SplitDecision,49120,614
1,13,5,ShareholderToAggregator,Share,3360,2
1,13,5,AggregatorBroadcast,SplitDecision,49120,614
1,13,5,ShareholderToAggregator,Share,3360,2
1,13,5,AggregatorBroadcast,SplitDecision,49120,614
1,13,5,ShareholderToAggregator,Share,3360,2
1,13,5,AggregatorBroadcast,SplitDecision,49120,614
1,13,5,ShareholderToAggregator,Share,3360,2
1,13,5,ShareholderToAggregator,Share,3360,2
1,13,5,AggregatorBroadcast,SplitDecision,49120,614
1,13,5,ShareholderToAggregator,Share,3360,2
1,13,5,ShareholderToAggregator,Share,3360,2
1,13,5,ShareholderToAggregator,Share,3360,2
1,13,5,ShareholderToAggregator,Share,3360,2
1,13,5,ShareholderToAggregator,Share,3360,2
1,13,5,ShareholderToAggregator,Share,3360,2
1,13,5,ShareholderToAggregator,Share,3360,2
1,13,5,ShareholderToAggregator,Share,3360,2
1,13,5,AggregatorBroadcast,SplitDecision,49120,614
1,14,0,ClientToShareholder,CommittedGradientShare,3197712,1842
1,14,0,ShareholderToAggregator,Share,3360,2
1,14,0,AggregatorBroadcast,SplitDecision,49120,614
1,14,1,ClientToShareholder,CommittedGradientShare,6395424,3684
1,14,1,ShareholderToAggregator,Share,3360,2
1,14,1,AggregatorBroadcast,SplitDecision,49120,614
1,14,1,ShareholderToAggregator,Share,3360,2
1,14,1,AggregatorBroadcast,SplitDecision,49120,614
1,14,2,ClientToShareholder,CommittedGradientShare,12790848,7368
1,14,2,ShareholderToAggregator,Share,3360,2
1,14,2,AggregatorBroadcast,SplitDecision,49120,614
1,14,2,ShareholderToAggregator,Share,3360,2
1,14,2,AggregatorBroadcast,SplitDecision,49120,614
1,14,2,ShareholderToAggregator,Share,3360,2
1,14,2,AggregatorBroadcast,SplitDecision,49120,614
1,14,2,ShareholderToAggregator,Share,3360,2
1,14,2,AggregatorBroadcast,SplitDecision,49120,614
1,14,3,ClientToShareholder,CommittedGradientShare,25581696,14736
1,14,3,ShareholderToAggregator,Share,3360,2
1,14,3,AggregatorBroadcast,SplitDecision,49120,614
1,14,3,ShareholderToAggregator,Share,3360,2
1,14,3,AggregatorBroadcast,SplitDecision,49120,614
1,14,3,ShareholderToAggregator,Share,3360,2
1,14,3,AggregatorBroadcast,SplitDecision,49120,614
1,14,3,ShareholderToAggregator,Share,3360,2
1,14,3,AggregatorBroadcast,SplitDecision,49120,614
1,14,3,ShareholderToAggregator,Share,3360,2
1,14,3,AggregatorBroadcast,SplitDecision,49120,614
1,14,3,ShareholderToAggregator,Share,3360,2
1,14,3,AggregatorBroadcast,SplitDecision,49120,614
1,14,3,ShareholderToAggregator,Share,3360,2
1,14,3,AggregatorBroadcast,SplitDecision,49120,614
1,14,3,ShareholderToAggregator,Share,3360,2
1,14,3,AggregatorBroadcast,SplitDecision,49120,614
1,14,4,ClientToShareholder,CommittedGradientShare,51163392,29472
1,14,4,ShareholderToAggregator,Share,3360,2
1,14,4,ShareholderToAggregator,Share,3360,2
1,14,4,AggregatorBroadcast,SplitDecision,49120,614
1,14,4,ShareholderToAggregator,Share,3360,2
1,14,4,ShareholderToAggregator,Share,3360,2
1,14,4,AggregatorBroadcast,SplitDecision,49120,614
1,14,4,ShareholderToAggregator,Share,3360,2
1,14,4,ShareholderToAggregator,Share,3360,2
1,14,4,ShareholderToAggregator,Share,3360,2
1,14,4,ShareholderToAggregator,Share,3360,2
1,14,4,AggregatorBroadcast,SplitDecision,49120,614
1,14,4,ShareholderToAggregator,Share,3360,2
1,14,4,AggregatorBroadcast,SplitDecision,49120,614
1,14,4,ShareholderToAggregator,Share,3360,2
1,14,4,AggregatorBroadcast,SplitDecision,49120,614
1,14,4,ShareholderToAggregator,Share,3360,2
1,14,4,AggregatorBroadcast,SplitDecision,49120,614
1,14,4,ShareholderToAggregator,Share,3360,2
1,14,4,AggregatorBroadcast,SplitDecision,49120,614
1,14,4,ShareholderToAggregator,Share,3360,2
1,14,4,ShareholderToAggregator,Share,3360,2
1,14,4,AggregatorBroadcast,SplitDecision,49120,614
1,14,4,ShareholderToAggregator,Share,3360,2
1,14,4,AggregatorBroadcast,SplitDecision,49120,614
1,14,4,ShareholderToAggregator,Share,3360,2
1,14,5,ClientToShareholder,CommittedGradientShare,79942800,46050
1,14,5,ShareholderToAggregator,Share,3360,2
1,14,5,ShareholderToAggregator,Share,3360,2
1,14,5,ShareholderToAggregator,Share,3360,2
1,14,5,ShareholderToAggregator,Share,3360,2
1,14,5,ShareholderToAggregator,Share,3360,2
1,14,5,ShareholderToAggregator,Share,3360,2
1,14,5,ShareholderToAggregator,Share,3360,2
1,14,5,ShareholderToAggregator,Share,3360,2
1,14,5,ShareholderToAggregator,Share,3360,2
1,14,5,ShareholderToAggregator,Share,3360,2
1,14,5,AggregatorBroadcast,SplitDecision,49120,614
1,14,5,ShareholderToAggregator,Share,3360,2
1,14,5,AggregatorBroadcast,SplitDecision,49120,614
1,14,5,ShareholderToAggregator,Share,3360,2
1,14,5,ShareholderToAggregator,Share,3360,2
1,14,5,ShareholderToAggregator,Share,3360,2
1,14,5,ShareholderToAggregator,Share,3360,2
1,14,5,AggregatorBroadcast,SplitDecision,49120,614
1,14,5,ShareholderToAggregator,Share,3360,2
1,14,5,AggregatorBroadcast,SplitDecision,49120,614
1,14,5,ShareholderToAggregator,Share,3360,2
1,14,5,ShareholderToAggregator,Share,3360,2
1,14,5,AggregatorBroadcast,SplitDecision,49120,614
1,14,5,ShareholderToAggregator,Share,3360,2
1,14,5,AggregatorBroadcast,SplitDecision,49120,614
1,14,5,ShareholderToAggregator,Share,3360,2
1,14,5,AggregatorBroadcast,SplitDecision,49120,614
1,14,5,ShareholderToAggregator,Share,3360,2
1,14,5,AggregatorBroadcast,SplitDecision,49120,614
1,14,5,ShareholderToAggregator,Share,3360,2
1,14,5,ShareholderToAggregator,Share,3360,2
1,14,5,ShareholderToAggregator,Share,3360,2
1,14,5,ShareholderToAggregator,Share,3360,2
1,14,5,AggregatorBroadcast,SplitDecision,49120,614
2,0,0,ClientToShareholder,CommittedStatsShare,353664,1842
2,0,0,ShareholderToAggregator,Share,320,2
2,0,0,AggregatorBroadcast,BinConfiguration,73680,614
2,0,0,AggregatorBroadcast,BinConfiguration,73680,614
2,0,0,AggregatorBroadcast,BinConfiguration,73680,614
2,0,0,AggregatorBroadcast,BinConfiguration,73680,614
2,0,0,AggregatorBroadcast,BinConfiguration,73680,614
2,0,0,AggregatorBroadcast,BinConfiguration,73680,614
2,0,0,AggregatorBroadcast,BinConfiguration,73680,614
2,0,0,AggregatorBroadcast,BinConfiguration,73680,614
2,0,0,ClientToShareholder,CommittedGradientShare,3197712,1842
2,0,0,ShareholderToAggregator,Share,3360,2
2,0,0,AggregatorBroadcast,SplitDecision,49120,614
2,0,1,ClientToShareholder,CommittedGradientShare,6395424,3684
2,0,1,ShareholderToAggregator,Share,3360,2
2,0,1,AggregatorBroadcast,SplitDecision,49120,614
2,0,1,ShareholderToAggregator,Share,3360,2
2,0,1,AggregatorBroadcast,SplitDecision,49120,614
2,0,2,ClientToShareholder,CommittedGradientShare,12790848,7368
2,0,2,ShareholderToAggregator,Share,3360,2
2,0,2,AggregatorBroadcast,SplitDecision,49120,614
2,0,2,ShareholderToAggregator,Share,3360,2
2,0,2,AggregatorBroadcast,SplitDecision,49120,614
2,0,2,ShareholderToAggregator,Share,3360,2
2,0,2,AggregatorBroadcast,SplitDecision,49120,614
2,0,2,ShareholderToAggregator,Share,3360,2
2,0,2,AggregatorBroadcast,SplitDecision,49120,614
2,0,3,ClientToShareholder,CommittedGradientShare,25581696,14736
2,0,3,ShareholderToAggregator,Share,3360,2
2,0,3,AggregatorBroadcast,SplitDecision,49120,614
2,0,3,ShareholderToAggregator,Share,3360,2
2,0,3,AggregatorBroadcast,SplitDecision,49120,614
2,0,3,ShareholderToAggregator,Share,3360,2
2,0,3,AggregatorBroadcast,SplitDecision,49120,614
2,0,3,ShareholderToAggregator,Share,3360,2
2,0,3,AggregatorBroadcast,SplitDecision,49120,614
2,0,3,ShareholderToAggregator,Share,3360,2
2,0,3,AggregatorBroadcast,SplitDecision,49120,614
2,0,3,ShareholderToAggregator,Share,3360,2
2,0,3,AggregatorBroadcast,SplitDecision,49120,614
2,0,3,ShareholderToAggregator,Share,3360,2
2,0,3,AggregatorBroadcast,SplitDecision,49120,614
2,0,3,ShareholderToAggregator,Share,3360,2
2,0,4,ClientToShareholder,CommittedGradientShare,47965680,27630
2,0,4,ShareholderToAggregator,Share,3360,2
2,0,4,ShareholderToAggregator,Share,3360,2
2,0,4,ShareholderToAggregator,Share,3360,2
2,0,4,ShareholderToAggregator,Share,3360,2
2,0,4,AggregatorBroadcast,SplitDecision,49120,614
2,0,4,ShareholderToAggregator,Share,3360,2
2,0,4,AggregatorBroadcast,SplitDecision,49120,614
2,0,4,ShareholderToAggregator,Share,3360,2
2,0,4,ShareholderToAggregator,Share,3360,2
2,0,4,ShareholderToAggregator,Share,3360,2
2,0,4,AggregatorBroadcast,SplitDecision,49120,614
2,0,4,ShareholderToAggregator,Share,3360,2
2,0,4,AggregatorBroadcast,SplitDecision,49120,614
2,0,4,ShareholderToAggregator,Share,3360,2
2,0,4,ShareholderToAggregator,Share,3360,2
2,0,4,AggregatorBroadcast,SplitDecision,49120,614
2,0,4,ShareholderToAggregator,Share,3360,2
2,0,4,ShareholderToAggregator,Share,3360,2
2,0,4,AggregatorBroadcast,SplitDecision,49120,614
2,0,4,ShareholderToAggregator,Share,3360,2
2,0,4,AggregatorBroadcast,SplitDecision,49120,614
2,0,4,ShareholderToAggregator,Share,3360,2
2,0,4,AggregatorBroadcast,SplitDecision,49120,614
2,0,5,ClientToShareholder,CommittedGradientShare,73547376,42366
2,0,5,ShareholderToAggregator,Share,3360,2
2,0,5,ShareholderToAggregator,Share,3360,2
2,0,5,ShareholderToAggregator,Share,3360,2
2,0,5,ShareholderToAggregator,Share,3360,2
2,0,5,ShareholderToAggregator,Share,3360,2
2,0,5,ShareholderToAggregator,Share,3360,2
2,0,5,ShareholderToAggregator,Share,3360,2
2,0,5,ShareholderToAggregator,Share,3360,2
2,0,5,AggregatorBroadcast,SplitDecision,49120,614
2,0,5,ShareholderToAggregator,Share,3360,2
2,0,5,ShareholderToAggregator,Share,3360,2
2,0,5,ShareholderToAggregator,Share,3360,2
2,0,5,ShareholderToAggregator,Share,3360,2
2,0,5,AggregatorBroadcast,SplitDecision,49120,614
2,0,5,ShareholderToAggregator,Share,3360,2
2,0,5,AggregatorBroadcast,SplitDecision,49120,614
2,0,5,ShareholderToAggregator,Share,3360,2
2,0,5,AggregatorBroadcast,SplitDecision,49120,614
2,0,5,ShareholderToAggregator,Share,3360,2
2,0,5,AggregatorBroadcast,SplitDecision,49120,614
2,0,5,ShareholderToAggregator,Share,3360,2
2,0,5,ShareholderToAggregator,Share,3360,2
2,0,5,ShareholderToAggregator,Share,3360,2
2,0,5,ShareholderToAggregator,Share,3360,2
2,0,5,ShareholderToAggregator,Share,3360,2
2,0,5,ShareholderToAggregator,Share,3360,2
2,0,5,AggregatorBroadcast,SplitDecision,49120,614
2,0,5,ShareholderToAggregator,Share,3360,2
2,0,5,AggregatorBroadcast,SplitDecision,49120,614
2,0,5,ShareholderToAggregator,Share,3360,2
2,1,0,ClientToShareholder,CommittedGradientShare,3197712,1842
2,1,0,ShareholderToAggregator,Share,3360,2
2,1,0,AggregatorBroadcast,SplitDecision,49120,614
2,1,1,ClientToShareholder,CommittedGradientShare,6395424,3684
2,1,1,ShareholderToAggregator,Share,3360,2
2,1,1,AggregatorBroadcast,SplitDecision,49120,614
2,1,1,ShareholderToAggregator,Share,3360,2
2,1,1,AggregatorBroadcast,SplitDecision,49120,614
2,1,2,ClientToShareholder,CommittedGradientShare,12790848,7368
2,1,2,ShareholderToAggregator,Share,3360,2
2,1,2,AggregatorBroadcast,SplitDecision,49120,614
2,1,2,ShareholderToAggregator,Share,3360,2
2,1,2,AggregatorBroadcast,SplitDecision,49120,614
2,1,2,ShareholderToAggregator,Share,3360,2
2,1,2,AggregatorBroadcast,SplitDecision,49120,614
2,1,2,ShareholderToAggregator,Share,3360,2
2,1,2,AggregatorBroadcast,SplitDecision,49120,614
2,1,3,ClientToShareholder,CommittedGradientShare,25581696,14736
2,1,3,ShareholderToAggregator,Share,3360,2
2,1,3,AggregatorBroadcast,SplitDecision,49120,614
2,1,3,ShareholderToAggregator,Share,3360,2
2,1,3,AggregatorBroadcast,SplitDecision,49120,614
2,1,3,ShareholderToAggregator,Share,3360,2
2,1,3,AggregatorBroadcast,SplitDecision,49120,614
2,1,3,ShareholderToAggregator,Share,3360,2
2,1,3,AggregatorBroadcast,SplitDecision,49120,614
2,1,3,ShareholderToAggregator,Share,3360,2
2,1,3,AggregatorBroadcast,SplitDecision,49120,614
2,1,3,ShareholderToAggregator,Share,3360,2
2,1,3,AggregatorBroadcast,SplitDecision,49120,614
2,1,3,ShareholderToAggregator,Share,3360,2
2,1,3,AggregatorBroadcast,SplitDecision,49120,614
2,1,3,ShareholderToAggregator,Share,3360,2
2,1,4,ClientToShareholder,CommittedGradientShare,47965680,27630
2,1,4,ShareholderToAggregator,Share,3360,2
2,1,4,ShareholderToAggregator,Share,3360,2
2,1,4,ShareholderToAggregator,Share,3360,2
2,1,4,ShareholderToAggregator,Share,3360,2
2,1,4,AggregatorBroadcast,SplitDecision,49120,614
2,1,4,ShareholderToAggregator,Share,3360,2
2,1,4,AggregatorBroadcast,SplitDecision,49120,614
2,1,4,ShareholderToAggregator,Share,3360,2
2,1,4,ShareholderToAggregator,Share,3360,2
2,1,4,ShareholderToAggregator,Share,3360,2
2,1,4,AggregatorBroadcast,SplitDecision,49120,614
2,1,4,ShareholderToAggregator,Share,3360,2
2,1,4,AggregatorBroadcast,SplitDecision,49120,614
2,1,4,ShareholderToAggregator,Share,3360,2
2,1,4,AggregatorBroadcast,SplitDecision,49120,614
2,1,4,ShareholderToAggregator,Share,3360,2
2,1,4,ShareholderToAggregator,Share,3360,2
2,1,4,ShareholderToAggregator,Share,3360,2
2,1,4,AggregatorBroadcast,SplitDecision,49120,614
2,1,4,ShareholderToAggregator,Share,3360,2
2,1,4,AggregatorBroadcast,SplitDecision,49120,614
2,1,4,ShareholderToAggregator,Share,3360,2
2,1,4,AggregatorBroadcast,SplitDecision,49120,614
2,1,5,ClientToShareholder,CommittedGradientShare,73547376,42366
2,1,5,ShareholderToAggregator,Share,3360,2
2,1,5,ShareholderToAggregator,Share,3360,2
2,1,5,ShareholderToAggregator,Share,3360,2
2,1,5,ShareholderToAggregator,Share,3360,2
2,1,5,ShareholderToAggregator,Share,3360,2
2,1,5,ShareholderToAggregator,Share,3360,2
2,1,5,ShareholderToAggregator,Share,3360,2
2,1,5,ShareholderToAggregator,Share,3360,2
2,1,5,AggregatorBroadcast,SplitDecision,49120,614
2,1,5,ShareholderToAggregator,Share,3360,2
2,1,5,ShareholderToAggregator,Share,3360,2
2,1,5,ShareholderToAggregator,Share,3360,2
2,1,5,ShareholderToAggregator,Share,3360,2
2,1,5,AggregatorBroadcast,SplitDecision,49120,614
2,1,5,ShareholderToAggregator,Share,3360,2
2,1,5,AggregatorBroadcast,SplitDecision,49120,614
2,1,5,ShareholderToAggregator,Share,3360,2
2,1,5,AggregatorBroadcast,SplitDecision,49120,614
2,1,5,ShareholderToAggregator,Share,3360,2
2,1,5,AggregatorBroadcast,SplitDecision,49120,614
2,1,5,ShareholderToAggregator,Share,3360,2
2,1,5,ShareholderToAggregator,Share,3360,2
2,1,5,ShareholderToAggregator,Share,3360,2
2,1,5,AggregatorBroadcast,SplitDecision,49120,614
2,1,5,ShareholderToAggregator,Share,3360,2
2,1,5,ShareholderToAggregator,Share,3360,2
2,1,5,ShareholderToAggregator,Share,3360,2
2,1,5,AggregatorBroadcast,SplitDecision,49120,614
2,1,5,ShareholderToAggregator,Share,3360,2
2,1,5,AggregatorBroadcast,SplitDecision,49120,614
2,1,5,ShareholderToAggregator,Share,3360,2
2,2,0,ClientToShareholder,CommittedGradientShare,3197712,1842
2,2,0,ShareholderToAggregator,Share,3360,2
2,2,0,AggregatorBroadcast,SplitDecision,49120,614
2,2,1,ClientToShareholder,CommittedGradientShare,6395424,3684
2,2,1,ShareholderToAggregator,Share,3360,2
2,2,1,AggregatorBroadcast,SplitDecision,49120,614
2,2,1,ShareholderToAggregator,Share,3360,2
2,2,1,AggregatorBroadcast,SplitDecision,49120,614
2,2,2,ClientToShareholder,CommittedGradientShare,12790848,7368
2,2,2,ShareholderToAggregator,Share,3360,2
2,2,2,AggregatorBroadcast,SplitDecision,49120,614
2,2,2,ShareholderToAggregator,Share,3360,2
2,2,2,AggregatorBroadcast,SplitDecision,49120,614
2,2,2,ShareholderToAggregator,Share,3360,2
2,2,2,AggregatorBroadcast,SplitDecision,49120,614
2,2,2,ShareholderToAggregator,Share,3360,2
2,2,2,AggregatorBroadcast,SplitDecision,49120,614
2,2,3,ClientToShareholder,CommittedGradientShare,25581696,14736
2,2,3,ShareholderToAggregator,Share,3360,2
2,2,3,AggregatorBroadcast,SplitDecision,49120,614
2,2,3,ShareholderToAggregator,Share,3360,2
2,2,3,AggregatorBroadcast,SplitDecision,49120,614
2,2,3,ShareholderToAggregator,Share,3360,2
2,2,3,AggregatorBroadcast,SplitDecision,49120,614
2,2,3,ShareholderToAggregator,Share,3360,2
2,2,3,AggregatorBroadcast,SplitDecision,49120,614
2,2,3,ShareholderToAggregator,Share,3360,2
2,2,3,AggregatorBroadcast,SplitDecision,49120,614
2,2,3,ShareholderToAggregator,Share,3360,2
2,2,3,AggregatorBroadcast,SplitDecision,49120,614
2,2,3,ShareholderToAggregator,Share,3360,2
2,2,3,AggregatorBroadcast,SplitDecision,49120,614
2,2,3,ShareholderToAggregator,Share,3360,2
2,2,4,ClientToShareholder,CommittedGradientShare,47965680,27630
2,2,4,ShareholderToAggregator,Share,3360,2
2,2,4,ShareholderToAggregator,Share,3360,2
2,2,4,ShareholderToAggregator,Share,3360,2
2,2,4,ShareholderToAggregator,Share,3360,2
2,2,4,AggregatorBroadcast,SplitDecision,49120,614
2,2,4,ShareholderToAggregator,Share,3360,2
2,2,4,AggregatorBroadcast,SplitDecision,49120,614
2,2,4,ShareholderToAggregator,Share,3360,2
2,2,4,ShareholderToAggregator,Share,3360,2
2,2,4,ShareholderToAggregator,Share,3360,2
2,2,4,AggregatorBroadcast,SplitDecision,49120,614
2,2,4,ShareholderToAggregator,Share,3360,2
2,2,4,AggregatorBroadcast,SplitDecision,49120,614
2,2,4,ShareholderToAggregator,Share,3360,2
2,2,4,AggregatorBroadcast,SplitDecision,49120,614
2,2,4,ShareholderToAggregator,Share,3360,2
2,2,4,ShareholderToAggregator,Share,3360,2
2,2,4,ShareholderToAggregator,Share,3360,2
2,2,4,AggregatorBroadcast,SplitDecision,49120,614
2,2,4,ShareholderToAggregator,Share,3360,2
2,2,4,AggregatorBroadcast,SplitDecision,49120,614
2,2,4,ShareholderToAggregator,Share,3360,2
2,2,5,ClientToShareholder,CommittedGradientShare,70349664,40524
2,2,5,ShareholderToAggregator,Share,3360,2
2,2,5,ShareholderToAggregator,Share,3360,2
2,2,5,ShareholderToAggregator,Share,3360,2
2,2,5,ShareholderToAggregator,Share,3360,2
2,2,5,ShareholderToAggregator,Share,3360,2
2,2,5,ShareholderToAggregator,Share,3360,2
2,2,5,ShareholderToAggregator,Share,3360,2
2,2,5,ShareholderToAggregator,Share,3360,2
2,2,5,ShareholderToAggregator,Share,3360,2
2,2,5,AggregatorBroadcast,SplitDecision,49120,614
2,2,5,ShareholderToAggregator,Share,3360,2
2,2,5,AggregatorBroadcast,SplitDecision,49120,614
2,2,5,ShareholderToAggregator,Share,3360,2
2,2,5,ShareholderToAggregator,Share,3360,2
2,2,5,ShareholderToAggregator,Share,3360,2
2,2,5,AggregatorBroadcast,SplitDecision,49120,614
2,2,5,ShareholderToAggregator,Share,3360,2
2,2,5,AggregatorBroadcast,SplitDecision,49120,614
2,2,5,ShareholderToAggregator,Share,3360,2
2,2,5,AggregatorBroadcast,SplitDecision,49120,614
2,2,5,ShareholderToAggregator,Share,3360,2
2,2,5,AggregatorBroadcast,SplitDecision,49120,614
2,2,5,ShareholderToAggregator,Share,3360,2
2,2,5,ShareholderToAggregator,Share,3360,2
2,2,5,ShareholderToAggregator,Share,3360,2
2,2,5,AggregatorBroadcast,SplitDecision,49120,614
2,2,5,ShareholderToAggregator,Share,3360,2
2,2,5,AggregatorBroadcast,SplitDecision,49120,614
2,2,5,ShareholderToAggregator,Share,3360,2
2,2,5,ShareholderToAggregator,Share,3360,2
2,2,5,AggregatorBroadcast,SplitDecision,49120,614
2,3,0,ClientToShareholder,CommittedGradientShare,3197712,1842
2,3,0,ShareholderToAggregator,Share,3360,2
2,3,0,AggregatorBroadcast,SplitDecision,49120,614
2,3,1,ClientToShareholder,CommittedGradientShare,6395424,3684
2,3,1,ShareholderToAggregator,Share,3360,2
2,3,1,AggregatorBroadcast,SplitDecision,49120,614
2,3,1,ShareholderToAggregator,Share,3360,2
2,3,1,AggregatorBroadcast,SplitDecision,49120,614
2,3,2,ClientToShareholder,CommittedGradientShare,12790848,7368
2,3,2,ShareholderToAggregator,Share,3360,2
2,3,2,AggregatorBroadcast,SplitDecision,49120,614
2,3,2,ShareholderToAggregator,Share,3360,2
2,3,2,AggregatorBroadcast,SplitDecision,49120,614
2,3,2,ShareholderToAggregator,Share,3360,2
2,3,2,AggregatorBroadcast,SplitDecision,49120,614
2,3,2,ShareholderToAggregator,Share,3360,2
2,3,2,AggregatorBroadcast,SplitDecision,49120,614
2,3,3,ClientToShareholder,CommittedGradientShare,25581696,14736
2,3,3,ShareholderToAggregator,Share,3360,2
2,3,3,AggregatorBroadcast,SplitDecision,49120,614
2,3,3,ShareholderToAggregator,Share,3360,2
2,3,3,AggregatorBroadcast,SplitDecision,49120,614
2,3,3,ShareholderToAggregator,Share,3360,2
2,3,3,AggregatorBroadcast,SplitDecision,49120,614
2,3,3,ShareholderToAggregator,Share,3360,2
2,3,3,AggregatorBroadcast,SplitDecision,49120,614
2,3,3,ShareholderToAggregator,Share,3360,2
2,3,3,AggregatorBroadcast,SplitDecision,49120,614
2,3,3,ShareholderToAggregator,Share,3360,2
2,3,3,AggregatorBroadcast,SplitDecision,49120,614
2,3,3,ShareholderToAggregator,Share,3360,2
2,3,3,AggregatorBroadcast,SplitDecision,49120,614
2,3,3,ShareholderToAggregator,Share,3360,2
2,3,4,ClientToShareholder,CommittedGradientShare,47965680,27630
2,3,4,ShareholderToAggregator,Share,3360,2
2,3,4,ShareholderToAggregator,Share,3360,2
2,3,4,ShareholderToAggregator,Share,3360,2
2,3,4,ShareholderToAggregator,Share,3360,2
2,3,4,AggregatorBroadcast,SplitDecision,49120,614
2,3,4,ShareholderToAggregator,Share,3360,2
2,3,4,AggregatorBroadcast,SplitDecision,49120,614
2,3,4,ShareholderToAggregator,Share,3360,2
2,3,4,ShareholderToAggregator,Share,3360,2
2,3,4,ShareholderToAggregator,Share,3360,2
2,3,4,AggregatorBroadcast,SplitDecision,49120,614
2,3,4,ShareholderToAggregator,Share,3360,2
2,3,4,AggregatorBroadcast,SplitDecision,49120,614
2,3,4,ShareholderToAggregator,Share,3360,2
2,3,4,AggregatorBroadcast,SplitDecision,49120,614
2,3,4,ShareholderToAggregator,Share,3360,2
2,3,4,ShareholderToAggregator,Share,3360,2
2,3,4,ShareholderToAggregator,Share,3360,2
2,3,4,AggregatorBroadcast,SplitDecision,49120,614
2,3,4,ShareholderToAggregator,Share,3360,2
2,3,4,AggregatorBroadcast,SplitDecision,49120,614
2,3,4,ShareholderToAggregator,Share,3360,2
2,3,5,ClientToShareholder,CommittedGradientShare,70349664,40524
2,3,5,ShareholderToAggregator,Share,3360,2
2,3,5,ShareholderToAggregator,Share,3360,2
2,3,5,ShareholderToAggregator,Share,3360,2
2,3,5,ShareholderToAggregator,Share,3360,2
2,3,5,ShareholderToAggregator,Share,3360,2
2,3,5,ShareholderToAggregator,Share,3360,2
2,3,5,ShareholderToAggregator,Share,3360,2
2,3,5,ShareholderToAggregator,Share,3360,2
2,3,5,ShareholderToAggregator,Share,3360,2
2,3,5,AggregatorBroadcast,SplitDecision,49120,614
2,3,5,ShareholderToAggregator,Share,3360,2
2,3,5,AggregatorBroadcast,SplitDecision,49120,614
2,3,5,ShareholderToAggregator,Share,3360,2
2,3,5,ShareholderToAggregator,Share,3360,2
2,3,5,ShareholderToAggregator,Share,3360,2
2,3,5,AggregatorBroadcast,SplitDecision,49120,614
2,3,5,ShareholderToAggregator,Share,3360,2
2,3,5,AggregatorBroadcast,SplitDecision,49120,614
2,3,5,ShareholderToAggregator,Share,3360,2
2,3,5,AggregatorBroadcast,SplitDecision,49120,614
2,3,5,ShareholderToAggregator,Share,3360,2
2,3,5,AggregatorBroadcast,SplitDecision,49120,614
2,3,5,ShareholderToAggregator,Share,3360,2
2,3,5,ShareholderToAggregator,Share,3360,2
2,3,5,ShareholderToAggregator,Share,3360,2
2,3,5,AggregatorBroadcast,SplitDecision,49120,614
2,3,5,ShareholderToAggregator,Share,3360,2
2,3,5,ShareholderToAggregator,Share,3360,2
2,3,5,AggregatorBroadcast,SplitDecision,49120,614
2,3,5,ShareholderToAggregator,Share,3360,2
2,3,5,AggregatorBroadcast,SplitDecision,49120,614
2,4,0,ClientToShareholder,CommittedGradientShare,3197712,1842
2,4,0,ShareholderToAggregator,Share,3360,2
2,4,0,AggregatorBroadcast,SplitDecision,49120,614
2,4,1,ClientToShareholder,CommittedGradientShare,6395424,3684
2,4,1,ShareholderToAggregator,Share,3360,2
2,4,1,AggregatorBroadcast,SplitDecision,49120,614
2,4,1,ShareholderToAggregator,Share,3360,2
2,4,1,AggregatorBroadcast,SplitDecision,49120,614
2,4,2,ClientToShareholder,CommittedGradientShare,12790848,7368
2,4,2,ShareholderToAggregator,Share,3360,2
2,4,2,AggregatorBroadcast,SplitDecision,49120,614
2,4,2,ShareholderToAggregator,Share,3360,2
2,4,2,AggregatorBroadcast,SplitDecision,49120,614
2,4,2,ShareholderToAggregator,Share,3360,2
2,4,2,AggregatorBroadcast,SplitDecision,49120,614
2,4,2,ShareholderToAggregator,Share,3360,2
2,4,2,AggregatorBroadcast,SplitDecision,49120,614
2,4,3,ClientToShareholder,CommittedGradientShare,25581696,14736
2,4,3,ShareholderToAggregator,Share,3360,2
2,4,3,AggregatorBroadcast,SplitDecision,49120,614
2,4,3,ShareholderToAggregator,Share,3360,2
2,4,3,AggregatorBroadcast,SplitDecision,49120,614
2,4,3,ShareholderToAggregator,Share,3360,2
2,4,3,AggregatorBroadcast,SplitDecision,49120,614
2,4,3,ShareholderToAggregator,Share,3360,2
2,4,3,AggregatorBroadcast,SplitDecision,49120,614
2,4,3,ShareholderToAggregator,Share,3360,2
2,4,3,AggregatorBroadcast,SplitDecision,49120,614
2,4,3,ShareholderToAggregator,Share,3360,2
2,4,3,AggregatorBroadcast,SplitDecision,49120,614
2,4,3,ShareholderToAggregator,Share,3360,2
2,4,3,ShareholderToAggregator,Share,3360,2
2,4,4,ClientToShareholder,CommittedGradientShare,44767968,25788
2,4,4,ShareholderToAggregator,Share,3360,2
2,4,4,ShareholderToAggregator,Share,3360,2
2,4,4,ShareholderToAggregator,Share,3360,2
2,4,4,AggregatorBroadcast,SplitDecision,49120,614
2,4,4,ShareholderToAggregator,Share,3360,2
2,4,4,ShareholderToAggregator,Share,3360,2
2,4,4,AggregatorBroadcast,SplitDecision,49120,614
2,4,4,ShareholderToAggregator,Share,3360,2
2,4,4,AggregatorBroadcast,SplitDecision,49120,614
2,4,4,ShareholderToAggregator,Share,3360,2
2,4,4,ShareholderToAggregator,Share,3360,2
2,4,4,AggregatorBroadcast,SplitDecision,49120,614
2,4,4,ShareholderToAggregator,Share,3360,2
2,4,4,AggregatorBroadcast,SplitDecision,49120,614
2,4,4,ShareholderToAggregator,Share,3360,2
2,4,4,AggregatorBroadcast,SplitDecision,49120,614
2,4,4,ShareholderToAggregator,Share,3360,2
2,4,4,AggregatorBroadcast,SplitDecision,49120,614
2,4,4,ShareholderToAggregator,Share,3360,2
2,4,4,ShareholderToAggregator,Share,3360,2
2,4,4,AggregatorBroadcast,SplitDecision,49120,614
2,4,4,ShareholderToAggregator,Share,3360,2
2,4,4,AggregatorBroadcast,SplitDecision,49120,614
2,4,5,ClientToShareholder,CommittedGradientShare,73547376,42366
2,4,5,ShareholderToAggregator,Share,3360,2
2,4,5,ShareholderToAggregator,Share,3360,2
2,4,5,ShareholderToAggregator,Share,3360,2
2,4,5,ShareholderToAggregator,Share,3360,2
2,4,5,ShareholderToAggregator,Share,3360,2
2,4,5,ShareholderToAggregator,Share,3360,2
2,4,5,ShareholderToAggregator,Share,3360,2
2,4,5,AggregatorBroadcast,SplitDecision,49120,614
2,4,5,ShareholderToAggregator,Share,3360,2
2,4,5,ShareholderToAggregator,Share,3360,2
2,4,5,ShareholderToAggregator,Share,3360,2
2,4,5,ShareholderToAggregator,Share,3360,2
2,4,5,AggregatorBroadcast,SplitDecision,49120,614
2,4,5,ShareholderToAggregator,Share,3360,2
2,4,5,ShareholderToAggregator,Share,3360,2
2,4,5,ShareholderToAggregator,Share,3360,2
2,4,5,AggregatorBroadcast,SplitDecision,49120,614
2,4,5,ShareholderToAggregator,Share,3360,2
2,4,5,AggregatorBroadcast,SplitDecision,49120,614
2,4,5,ShareholderToAggregator,Share,3360,2
2,4,5,AggregatorBroadcast,SplitDecision,49120,614
2,4,5,ShareholderToAggregator,Share,3360,2
2,4,5,ShareholderToAggregator,Share,3360,2
2,4,5,ShareholderToAggregator,Share,3360,2
2,4,5,ShareholderToAggregator,Share,3360,2
2,4,5,ShareholderToAggregator,Share,3360,2
2,4,5,ShareholderToAggregator,Share,3360,2
2,4,5,ShareholderToAggregator,Share,3360,2
2,4,5,AggregatorBroadcast,SplitDecision,49120,614
2,5,0,ClientToShareholder,CommittedGradientShare,3197712,1842
2,5,0,ShareholderToAggregator,Share,3360,2
2,5,0,AggregatorBroadcast,SplitDecision,49120,614
2,5,1,ClientToShareholder,CommittedGradientShare,6395424,3684
2,5,1,ShareholderToAggregator,Share,3360,2
2,5,1,AggregatorBroadcast,SplitDecision,49120,614
2,5,1,ShareholderToAggregator,Share,3360,2
2,5,1,AggregatorBroadcast,SplitDecision,49120,614
2,5,2,ClientToShareholder,CommittedGradientShare,12790848,7368
2,5,2,ShareholderToAggregator,Share,3360,2
2,5,2,AggregatorBroadcast,SplitDecision,49120,614
2,5,2,ShareholderToAggregator,Share,3360,2
2,5,2,AggregatorBroadcast,SplitDecision,49120,614
2,5,2,ShareholderToAggregator,Share,3360,2
2,5,2,AggregatorBroadcast,SplitDecision,49120,614
2,5,2,ShareholderToAggregator,Share,3360,2
2,5,2,AggregatorBroadcast,SplitDecision,49120,614
2,5,3,ClientToShareholder,CommittedGradientShare,25581696,14736
2,5,3,ShareholderToAggregator,Share,3360,2
2,5,3,AggregatorBroadcast,SplitDecision,49120,614
2,5,3,ShareholderToAggregator,Share,3360,2
2,5,3,AggregatorBroadcast,SplitDecision,49120,614
2,5,3,ShareholderToAggregator,Share,3360,2
2,5,3,AggregatorBroadcast,SplitDecision,49120,614
2,5,3,ShareholderToAggregator,Share,3360,2
2,5,3,AggregatorBroadcast,SplitDecision,49120,614
2,5,3,ShareholderToAggregator,Share,3360,2
2,5,3,AggregatorBroadcast,SplitDecision,49120,614
2,5,3,ShareholderToAggregator,Share,3360,2
2,5,3,AggregatorBroadcast,SplitDecision,49120,614
2,5,3,ShareholderToAggregator,Share,3360,2
2,5,3,AggregatorBroadcast,SplitDecision,49120,614
2,5,3,ShareholderToAggregator,Share,3360,2
2,5,3,AggregatorBroadcast,SplitDecision,49120,614
2,5,4,ClientToShareholder,CommittedGradientShare,51163392,29472
2,5,4,ShareholderToAggregator,Share,3360,2
2,5,4,AggregatorBroadcast,SplitDecision,49120,614
2,5,4,ShareholderToAggregator,Share,3360,2
2,5,4,ShareholderToAggregator,Share,3360,2
2,5,4,AggregatorBroadcast,SplitDecision,49120,614
2,5,4,ShareholderToAggregator,Share,3360,2
2,5,4,AggregatorBroadcast,SplitDecision,49120,614
2,5,4,ShareholderToAggregator,Share,3360,2
2,5,4,ShareholderToAggregator,Share,3360,2
2,5,4,ShareholderToAggregator,Share,3360,2
2,5,4,AggregatorBroadcast,SplitDecision,49120,614
2,5,4,ShareholderToAggregator,Share,3360,2
2,5,4,AggregatorBroadcast,SplitDecision,49120,614
2,5,4,ShareholderToAggregator,Share,3360,2
2,5,4,ShareholderToAggregator,Share,3360,2
2,5,4,AggregatorBroadcast,SplitDecision,49120,614
2,5,4,ShareholderToAggregator,Share,3360,2
2,5,4,AggregatorBroadcast,SplitDecision,49120,614
2,5,4,ShareholderToAggregator,Share,3360,2
2,5,4,AggregatorBroadcast,SplitDecision,49120,614
2,5,4,ShareholderToAggregator,Share,3360,2
2,5,4,ShareholderToAggregator,Share,3360,2
2,5,4,ShareholderToAggregator,Share,3360,2
2,5,4,ShareholderToAggregator,Share,3360,2
2,5,5,ClientToShareholder,CommittedGradientShare,76745088,44208
2,5,5,ShareholderToAggregator,Share,3360,2
2,5,5,ShareholderToAggregator,Share,3360,2
2,5,5,ShareholderToAggregator,Share,3360,2
2,5,5,ShareholderToAggregator,Share,3360,2
2,5,5,ShareholderToAggregator,Share,3360,2
2,5,5,ShareholderToAggregator,Share,3360,2
2,5,5,ShareholderToAggregator,Share,3360,2
2,5,5,ShareholderToAggregator,Share,3360,2
2,5,5,ShareholderToAggregator,Share,3360,2
2,5,5,ShareholderToAggregator,Share,3360,2
2,5,5,AggregatorBroadcast,SplitDecision,49120,614
2,5,5,ShareholderToAggregator,Share,3360,2
2,5,5,AggregatorBroadcast,SplitDecision,49120,614
2,5,5,ShareholderToAggregator,Share,3360,2
2,5,5,AggregatorBroadcast,SplitDecision,49120,614
2,5,5,ShareholderToAggregator,Share,3360,2
2,5,5,ShareholderToAggregator,Share,3360,2
2,5,5,AggregatorBroadcast,SplitDecision,49120,614
2,5,5,ShareholderToAggregator,Share,3360,2
2,5,5,AggregatorBroadcast,SplitDecision,49120,614
2,5,5,ShareholderToAggregator,Share,3360,2
2,5,5,AggregatorBroadcast,SplitDecision,49120,614
2,5,5,ShareholderToAggregator,Share,3360,2
2,5,5,AggregatorBroadcast,SplitDecision,49120,614
2,5,5,ShareholderToAggregator,Share,3360,2
2,5,5,ShareholderToAggregator,Share,3360,2
2,5,5,ShareholderToAggregator,Share,3360,2
2,5,5,ShareholderToAggregator,Share,3360,2
2,5,5,ShareholderToAggregator,Share,3360,2
2,5,5,ShareholderToAggregator,Share,3360,2
2,5,5,ShareholderToAggregator,Share,3360,2
2,5,5,AggregatorBroadcast,SplitDecision,49120,614
2,6,0,ClientToShareholder,CommittedGradientShare,3197712,1842
2,6,0,ShareholderToAggregator,Share,3360,2
2,6,0,AggregatorBroadcast,SplitDecision,49120,614
2,6,1,ClientToShareholder,CommittedGradientShare,6395424,3684
2,6,1,ShareholderToAggregator,Share,3360,2
2,6,1,AggregatorBroadcast,SplitDecision,49120,614
2,6,1,ShareholderToAggregator,Share,3360,2
2,6,1,AggregatorBroadcast,SplitDecision,49120,614
2,6,2,ClientToShareholder,CommittedGradientShare,12790848,7368
2,6,2,ShareholderToAggregator,Share,3360,2
2,6,2,AggregatorBroadcast,SplitDecision,49120,614
2,6,2,ShareholderToAggregator,Share,3360,2
2,6,2,AggregatorBroadcast,SplitDecision,49120,614
2,6,2,ShareholderToAggregator,Share,3360,2
2,6,2,AggregatorBroadcast,SplitDecision,49120,614
2,6,2,ShareholderToAggregator,Share,3360,2
2,6,3,ClientToShareholder,CommittedGradientShare,22383984,12894
2,6,3,ShareholderToAggregator,Share,3360,2
2,6,3,ShareholderToAggregator,Share,3360,2
2,6,3,AggregatorBroadcast,SplitDecision,49120,614
2,6,3,ShareholderToAggregator,Share,3360,2
2,6,3,AggregatorBroadcast,SplitDecision,49120,614
2,6,3,ShareholderToAggregator,Share,3360,2
2,6,3,AggregatorBroadcast,SplitDecision,49120,614
2,6,3,ShareholderToAggregator,Share,3360,2
2,6,3,AggregatorBroadcast,SplitDecision,49120,614
2,6,3,ShareholderToAggregator,Share,3360,2
2,6,3,AggregatorBroadcast,SplitDecision,49120,614
2,6,3,ShareholderToAggregator,Share,3360,2
2,6,3,AggregatorBroadcast,SplitDecision,49120,614
2,6,4,ClientToShareholder,CommittedGradientShare,41570256,23946
2,6,4,ShareholderToAggregator,Share,3360,2
2,6,4,ShareholderToAggregator,Share,3360,2
2,6,4,ShareholderToAggregator,Share,3360,2
2,6,4,ShareholderToAggregator,Share,3360,2
2,6,4,ShareholderToAggregator,Share,3360,2
2,6,4,AggregatorBroadcast,SplitDecision,49120,614
2,6,4,ShareholderToAggregator,Share,3360,2
2,6,4,AggregatorBroadcast,SplitDecision,49120,614
2,6,4,ShareholderToAggregator,Share,3360,2
2,6,4,AggregatorBroadcast,SplitDecision,49120,614
2,6,4,ShareholderToAggregator,Share,3360,2
2,6,4,AggregatorBroadcast,SplitDecision,49120,614
2,6,4,ShareholderToAggregator,Share,3360,2
2,6,4,AggregatorBroadcast,SplitDecision,49120,614
2,6,4,ShareholderToAggregator,Share,3360,2
2,6,4,ShareholderToAggregator,Share,3360,2
2,6,4,AggregatorBroadcast,SplitDecision,49120,614
2,6,4,ShareholderToAggregator,Share,3360,2
2,6,4,AggregatorBroadcast,SplitDecision,49120,614
2,6,4,ShareholderToAggregator,Share,3360,2
2,6,5,ClientToShareholder,CommittedGradientShare,63954240,36840
2,6,5,ShareholderToAggregator,Share,3360,2
2,6,5,ShareholderToAggregator,Share,3360,2
2,6,5,ShareholderToAggregator,Share,3360,2
2,6,5,ShareholderToAggregator,Share,3360,2
2,6,5,ShareholderToAggregator,Share,3360,2
2,6,5,ShareholderToAggregator,Share,3360,2
2,6,5,ShareholderToAggregator,Share,3360,2
2,6,5,ShareholderToAggregator,Share,3360,2
2,6,5,ShareholderToAggregator,Share,3360,2
2,6,5,AggregatorBroadcast,SplitDecision,49120,614
2,6,5,ShareholderToAggregator,Share,3360,2
2,6,5,AggregatorBroadcast,SplitDecision,49120,614
2,6,5,ShareholderToAggregator,Share,3360,2
2,6,5,ShareholderToAggregator,Share,3360,2
2,6,5,ShareholderToAggregator,Share,3360,2
2,6,5,ShareholderToAggregator,Share,3360,2
2,6,5,AggregatorBroadcast,SplitDecision,49120,614
2,6,5,ShareholderToAggregator,Share,3360,2
2,6,5,AggregatorBroadcast,SplitDecision,49120,614
2,6,5,ShareholderToAggregator,Share,3360,2
2,6,5,AggregatorBroadcast,SplitDecision,49120,614
2,6,5,ShareholderToAggregator,Share,3360,2
2,6,5,ShareholderToAggregator,Share,3360,2
2,6,5,ShareholderToAggregator,Share,3360,2
2,6,5,ShareholderToAggregator,Share,3360,2
2,7,0,ClientToShareholder,CommittedGradientShare,3197712,1842
2,7,0,ShareholderToAggregator,Share,3360,2
2,7,0,AggregatorBroadcast,SplitDecision,49120,614
2,7,1,ClientToShareholder,CommittedGradientShare,6395424,3684
2,7,1,ShareholderToAggregator,Share,3360,2
2,7,1,AggregatorBroadcast,SplitDecision,49120,614
2,7,1,ShareholderToAggregator,Share,3360,2
2,7,1,AggregatorBroadcast,SplitDecision,49120,614
2,7,2,ClientToShareholder,CommittedGradientShare,12790848,7368
2,7,2,ShareholderToAggregator,Share,3360,2
2,7,2,AggregatorBroadcast,SplitDecision,49120,614
2,7,2,ShareholderToAggregator,Share,3360,2
2,7,2,AggregatorBroadcast,SplitDecision,49120,614
2,7,2,ShareholderToAggregator,Share,3360,2
2,7,2,AggregatorBroadcast,SplitDecision,49120,614
2,7,2,ShareholderToAggregator,Share,3360,2
2,7,2,AggregatorBroadcast,SplitDecision,49120,614
2,7,3,ClientToShareholder,CommittedGradientShare,25581696,14736
2,7,3,ShareholderToAggregator,Share,3360,2
2,7,3,AggregatorBroadcast,SplitDecision,49120,614
2,7,3,ShareholderToAggregator,Share,3360,2
2,7,3,ShareholderToAggregator,Share,3360,2
2,7,3,AggregatorBroadcast,SplitDecision,49120,614
2,7,3,ShareholderToAggregator,Share,3360,2
2,7,3,AggregatorBroadcast,SplitDecision,49120,614
2,7,3,ShareholderToAggregator,Share,3360,2
2,7,3,AggregatorBroadcast,SplitDecision,49120,614
2,7,3,ShareholderToAggregator,Share,3360,2
2,7,3,AggregatorBroadcast,SplitDecision,49120,614
2,7,3,ShareholderToAggregator,Share,3360,2
2,7,3,AggregatorBroadcast,SplitDecision,49120,614
2,7,3,ShareholderToAggregator,Share,3360,2
2,7,3,AggregatorBroadcast,SplitDecision,49120,614
2,7,4,ClientToShareholder,CommittedGradientShare,47965680,27630
2,7,4,ShareholderToAggregator,Share,3360,2
2,7,4,ShareholderToAggregator,Share,3360,2
2,7,4,ShareholderToAggregator,Share,3360,2
2,7,4,AggregatorBroadcast,SplitDecision,49120,614
2,7,4,ShareholderToAggregator,Share,3360,2
2,7,4,AggregatorBroadcast,SplitDecision,49120,614
2,7,4,ShareholderToAggregator,Share,3360,2
2,7,4,AggregatorBroadcast,SplitDecision,49120,614
2,7,4,ShareholderToAggregator,Share,3360,2
2,7,4,AggregatorBroadcast,SplitDecision,49120,614
2,7,4,ShareholderToAggregator,Share,3360,2
2,7,4,AggregatorBroadcast,SplitDecision,49120,614
2,7,4,ShareholderToAggregator,Share,3360,2
2,7,4,ShareholderToAggregator,Share,3360,2
2,7,4,AggregatorBroadcast,SplitDecision,49120,614
2,7,4,ShareholderToAggregator,Share,3360,2
2,7,4,AggregatorBroadcast,SplitDecision,49120,614
2,7,4,ShareholderToAggregator,Share,3360,2
2,7,4,AggregatorBroadcast,SplitDecision,49120,614
2,7,4,ShareholderToAggregator,Share,3360,2
2,7,4,AggregatorBroadcast,SplitDecision,49120,614
2,7,4,ShareholderToAggregator,Share,3360,2
2,7,4,AggregatorBroadcast,SplitDecision,49120,614
2,7,4,ShareholderToAggregator,Share,3360,2
2,7,4,AggregatorBroadcast,SplitDecision,49120,614
2,7,4,ShareholderToAggregator,Share,3360,2
2,7,4,AggregatorBroadcast,SplitDecision,49120,614
2,7,5,ClientToShareholder,CommittedGradientShare,86338224,49734
2,7,5,ShareholderToAggregator,Share,3360,2
2,7,5,ShareholderToAggregator,Share,3360,2
2,7,5,ShareholderToAggregator,Share,3360,2
2,7,5,ShareholderToAggregator,Share,3360,2
2,7,5,ShareholderToAggregator,Share,3360,2
2,7,5,AggregatorBroadcast,SplitDecision,49120,614
2,7,5,ShareholderToAggregator,Share,3360,2
2,7,5,ShareholderToAggregator,Share,3360,2
2,7,5,ShareholderToAggregator,Share,3360,2
2,7,5,ShareholderToAggregator,Share,3360,2
2,7,5,ShareholderToAggregator,Share,3360,2
2,7,5,AggregatorBroadcast,SplitDecision,49120,614
2,7,5,ShareholderToAggregator,Share,3360,2
2,7,5,ShareholderToAggregator,Share,3360,2
2,7,5,ShareholderToAggregator,Share,3360,2
2,7,5,ShareholderToAggregator,Share,3360,2
2,7,5,AggregatorBroadcast,SplitDecision,49120,614
2,7,5,ShareholderToAggregator,Share,3360,2
2,7,5,AggregatorBroadcast,SplitDecision,49120,614
2,7,5,ShareholderToAggregator,Share,3360,2
2,7,5,AggregatorBroadcast,SplitDecision,49120,614
2,7,5,ShareholderToAggregator,Share,3360,2
2,7,5,AggregatorBroadcast,SplitDecision,49120,614
2,7,5,ShareholderToAggregator,Share,3360,2
2,7,5,AggregatorBroadcast,SplitDecision,49120,614
2,7,5,ShareholderToAggregator,Share,3360,2
2,7,5,AggregatorBroadcast,SplitDecision,49120,614
2,7,5,ShareholderToAggregator,Share,3360,2
2,7,5,AggregatorBroadcast,SplitDecision,49120,614
2,7,5,ShareholderToAggregator,Share,3360,2
2,7,5,ShareholderToAggregator,Share,3360,2
2,7,5,AggregatorBroadcast,SplitDecision,49120,614
2,7,5,ShareholderToAggregator,Share,3360,2
2,7,5,AggregatorBroadcast,SplitDecision,49120,614
2,7,5,ShareholderToAggregator,Share,3360,2
2,7,5,ShareholderToAggregator,Share,3360,2
2,7,5,ShareholderToAggregator,Share,3360,2
2,7,5,ShareholderToAggregator,Share,3360,2
2,8,0,ClientToShareholder,CommittedGradientShare,3197712,1842
2,8,0,ShareholderToAggregator,Share,3360,2
2,8,0,AggregatorBroadcast,SplitDecision,49120,614
2,8,1,ClientToShareholder,CommittedGradientShare,6395424,3684
2,8,1,ShareholderToAggregator,Share,3360,2
2,8,1,AggregatorBroadcast,SplitDecision,49120,614
2,8,1,ShareholderToAggregator,Share,3360,2
2,8,1,AggregatorBroadcast,SplitDecision,49120,614
2,8,2,ClientToShareholder,CommittedGradientShare,12790848,7368
2,8,2,ShareholderToAggregator,Share,3360,2
2,8,2,AggregatorBroadcast,SplitDecision,49120,614
2,8,2,ShareholderToAggregator,Share,3360,2
2,8,2,AggregatorBroadcast,SplitDecision,49120,614
2,8,2,ShareholderToAggregator,Share,3360,2
2,8,2,AggregatorBroadcast,SplitDecision,49120,614
2,8,2,ShareholderToAggregator,Share,3360,2
2,8,2,AggregatorBroadcast,SplitDecision,49120,614
2,8,3,ClientToShareholder,CommittedGradientShare,25581696,14736
2,8,3,ShareholderToAggregator,Share,3360,2
2,8,3,AggregatorBroadcast,SplitDecision,49120,614
2,8,3,ShareholderToAggregator,Share,3360,2
2,8,3,AggregatorBroadcast,SplitDecision,49120,614
2,8,3,ShareholderToAggregator,Share,3360,2
2,8,3,AggregatorBroadcast,SplitDecision,49120,614
2,8,3,ShareholderToAggregator,Share,3360,2
2,8,3,AggregatorBroadcast,SplitDecision,49120,614
2,8,3,ShareholderToAggregator,Share,3360,2
2,8,3,AggregatorBroadcast,SplitDecision,49120,614
2,8,3,ShareholderToAggregator,Share,3360,2
2,8,3,AggregatorBroadcast,SplitDecision,49120,614
2,8,3,ShareholderToAggregator,Share,3360,2
2,8,3,ShareholderToAggregator,Share,3360,2
2,8,3,AggregatorBroadcast,SplitDecision,49120,614
2,8,4,ClientToShareholder,CommittedGradientShare,47965680,27630
2,8,4,ShareholderToAggregator,Share,3360,2
2,8,4,ShareholderToAggregator,Share,3360,2
2,8,4,ShareholderToAggregator,Share,3360,2
2,8,4,AggregatorBroadcast,SplitDecision,49120,614
2,8,4,ShareholderToAggregator,Share,3360,2
2,8,4,ShareholderToAggregator,Share,3360,2
2,8,4,AggregatorBroadcast,SplitDecision,49120,614
2,8,4,ShareholderToAggregator,Share,3360,2
2,8,4,ShareholderToAggregator,Share,3360,2
2,8,4,AggregatorBroadcast,SplitDecision,49120,614
2,8,4,ShareholderToAggregator,Share,3360,2
2,8,4,ShareholderToAggregator,Share,3360,2
2,8,4,AggregatorBroadcast,SplitDecision,49120,614
2,8,4,ShareholderToAggregator,Share,3360,2
2,8,4,AggregatorBroadcast,SplitDecision,49120,614
2,8,4,ShareholderToAggregator,Share,3360,2
2,8,4,AggregatorBroadcast,SplitDecision,49120,614
2,8,4,ShareholderToAggregator,Share,3360,2
2,8,4,AggregatorBroadcast,SplitDecision,49120,614
2,8,4,ShareholderToAggregator,Share,3360,2
2,8,4,AggregatorBroadcast,SplitDecision,49120,614
2,8,4,ShareholderToAggregator,Share,3360,2
2,8,4,ShareholderToAggregator,Share,3360,2
2,8,4,AggregatorBroadcast,SplitDecision,49120,614
2,8,5,ClientToShareholder,CommittedGradientShare,76745088,44208
2,8,5,ShareholderToAggregator,Share,3360,2
2,8,5,ShareholderToAggregator,Share,3360,2
2,8,5,ShareholderToAggregator,Share,3360,2
2,8,5,ShareholderToAggregator,Share,3360,2
2,8,5,ShareholderToAggregator,Share,3360,2
2,8,5,ShareholderToAggregator,Share,3360,2
2,8,5,ShareholderToAggregator,Share,3360,2
2,8,5,AggregatorBroadcast,SplitDecision,49120,614
2,8,5,ShareholderToAggregator,Share,3360,2
2,8,5,ShareholderToAggregator,Share,3360,2
2,8,5,AggregatorBroadcast,SplitDecision,49120,614
2,8,5,ShareholderToAggregator,Share,3360,2
2,8,5,AggregatorBroadcast,SplitDecision,49120,614
2,8,5,ShareholderToAggregator,Share,3360,2
2,8,5,ShareholderToAggregator,Share,3360,2
2,8,5,ShareholderToAggregator,Share,3360,2
2,8,5,AggregatorBroadcast,SplitDecision,49120,614
2,8,5,ShareholderToAggregator,Share,3360,2
2,8,5,ShareholderToAggregator,Share,3360,2
2,8,5,ShareholderToAggregator,Share,3360,2
2,8,5,ShareholderToAggregator,Share,3360,2
2,8,5,AggregatorBroadcast,SplitDecision,49120,614
2,8,5,ShareholderToAggregator,Share,3360,2
2,8,5,ShareholderToAggregator,Share,3360,2
2,8,5,AggregatorBroadcast,SplitDecision,49120,614
2,8,5,ShareholderToAggregator,Share,3360,2
2,8,5,AggregatorBroadcast,SplitDecision,49120,614
2,8,5,ShareholderToAggregator,Share,3360,2
2,8,5,ShareholderToAggregator,Share,3360,2
2,8,5,ShareholderToAggregator,Share,3360,2
2,8,5,ShareholderToAggregator,Share,3360,2
2,9,0,ClientToShareholder,CommittedGradientShare,3197712,1842
2,9,0,ShareholderToAggregator,Share,3360,2
2,9,0,AggregatorBroadcast,SplitDecision,49120,614
2,9,1,ClientToShareholder,CommittedGradientShare,6395424,3684
2,9,1,ShareholderToAggregator,Share,3360,2
2,9,1,AggregatorBroadcast,SplitDecision,49120,614
2,9,1,ShareholderToAggregator,Share,3360,2
2,9,1,AggregatorBroadcast,SplitDecision,49120,614
2,9,2,ClientToShareholder,CommittedGradientShare,12790848,7368
2,9,2,ShareholderToAggregator,Share,3360,2
2,9,2,AggregatorBroadcast,SplitDecision,49120,614
2,9,2,ShareholderToAggregator,Share,3360,2
2,9,2,AggregatorBroadcast,SplitDecision,49120,614
2,9,2,ShareholderToAggregator,Share,3360,2
2,9,2,AggregatorBroadcast,SplitDecision,49120,614
2,9,2,ShareholderToAggregator,Share,3360,2
2,9,2,AggregatorBroadcast,SplitDecision,49120,614
2,9,3,ClientToShareholder,CommittedGradientShare,25581696,14736
2,9,3,ShareholderToAggregator,Share,3360,2
2,9,3,AggregatorBroadcast,SplitDecision,49120,614
2,9,3,ShareholderToAggregator,Share,3360,2
2,9,3,ShareholderToAggregator,Share,3360,2
2,9,3,AggregatorBroadcast,SplitDecision,49120,614
2,9,3,ShareholderToAggregator,Share,3360,2
2,9,3,AggregatorBroadcast,SplitDecision,49120,614
2,9,3,ShareholderToAggregator,Share,3360,2
2,9,3,AggregatorBroadcast,SplitDecision,49120,614
2,9,3,ShareholderToAggregator,Share,3360,2
2,9,3,AggregatorBroadcast,SplitDecision,49120,614
2,9,3,ShareholderToAggregator,Share,3360,2
2,9,3,AggregatorBroadcast,SplitDecision,49120,614
2,9,3,ShareholderToAggregator,Share,3360,2
2,9,3,AggregatorBroadcast,SplitDecision,49120,614
2,9,4,ClientToShareholder,CommittedGradientShare,47965680,27630
2,9,4,ShareholderToAggregator,Share,3360,2
2,9,4,ShareholderToAggregator,Share,3360,2
2,9,4,ShareholderToAggregator,Share,3360,2
2,9,4,AggregatorBroadcast,SplitDecision,49120,614
2,9,4,ShareholderToAggregator,Share,3360,2
2,9,4,ShareholderToAggregator,Share,3360,2
2,9,4,AggregatorBroadcast,SplitDecision,49120,614
2,9,4,ShareholderToAggregator,Share,3360,2
2,9,4,ShareholderToAggregator,Share,3360,2
2,9,4,ShareholderToAggregator,Share,3360,2
2,9,4,ShareholderToAggregator,Share,3360,2
2,9,4,ShareholderToAggregator,Share,3360,2
2,9,4,AggregatorBroadcast,SplitDecision,49120,614
2,9,4,ShareholderToAggregator,Share,3360,2
2,9,4,AggregatorBroadcast,SplitDecision,49120,614
2,9,4,ShareholderToAggregator,Share,3360,2
2,9,4,AggregatorBroadcast,SplitDecision,49120,614
2,9,4,ShareholderToAggregator,Share,3360,2
2,9,4,AggregatorBroadcast,SplitDecision,49120,614
2,9,4,ShareholderToAggregator,Share,3360,2
2,9,4,AggregatorBroadcast,SplitDecision,49120,614
2,9,4,ShareholderToAggregator,Share,3360,2
2,9,4,AggregatorBroadcast,SplitDecision,49120,614
2,9,5,ClientToShareholder,CommittedGradientShare,73547376,42366
2,9,5,ShareholderToAggregator,Share,3360,2
2,9,5,ShareholderToAggregator,Share,3360,2
2,9,5,ShareholderToAggregator,Share,3360,2
2,9,5,ShareholderToAggregator,Share,3360,2
2,9,5,ShareholderToAggregator,Share,3360,2
2,9,5,ShareholderToAggregator,Share,3360,2
2,9,5,ShareholderToAggregator,Share,3360,2
2,9,5,ShareholderToAggregator,Share,3360,2
2,9,5,AggregatorBroadcast,SplitDecision,49120,614
2,9,5,ShareholderToAggregator,Share,3360,2
2,9,5,ShareholderToAggregator,Share,3360,2
2,9,5,ShareholderToAggregator,Share,3360,2
2,9,5,AggregatorBroadcast,SplitDecision,49120,614
2,9,5,ShareholderToAggregator,Share,3360,2
2,9,5,AggregatorBroadcast,SplitDecision,49120,614
2,9,5,ShareholderToAggregator,Share,3360,2
2,9,5,AggregatorBroadcast,SplitDecision,49120,614
2,9,5,ShareholderToAggregator,Share,3360,2
2,9,5,AggregatorBroadcast,SplitDecision,49120,614
2,9,5,ShareholderToAggregator,Share,3360,2
2,9,5,ShareholderToAggregator,Share,3360,2
2,9,5,ShareholderToAggregator,Share,3360,2
2,9,5,AggregatorBroadcast,SplitDecision,49120,614
2,9,5,ShareholderToAggregator,Share,3360,2
2,9,5,AggregatorBroadcast,SplitDecision,49120,614
2,9,5,ShareholderToAggregator,Share,3360,2
2,9,5,ShareholderToAggregator,Share,3360,2
2,9,5,AggregatorBroadcast,SplitDecision,49120,614
2,9,5,ShareholderToAggregator,Share,3360,2
2,9,5,ShareholderToAggregator,Share,3360,2
2,9,5,ShareholderToAggregator,Share,3360,2
2,9,5,AggregatorBroadcast,SplitDecision,49120,614
2,10,0,ClientToShareholder,CommittedGradientShare,3197712,1842
2,10,0,ShareholderToAggregator,Share,3360,2
2,10,0,AggregatorBroadcast,SplitDecision,49120,614
2,10,1,ClientToShareholder,CommittedGradientShare,6395424,3684
2,10,1,ShareholderToAggregator,Share,3360,2
2,10,1,AggregatorBroadcast,SplitDecision,49120,614
2,10,1,ShareholderToAggregator,Share,3360,2
2,10,1,AggregatorBroadcast,SplitDecision,49120,614
2,10,2,ClientToShareholder,CommittedGradientShare,12790848,7368
2,10,2,ShareholderToAggregator,Share,3360,2
2,10,2,AggregatorBroadcast,SplitDecision,49120,614
2,10,2,ShareholderToAggregator,Share,3360,2
2,10,2,AggregatorBroadcast,SplitDecision,49120,614
2,10,2,ShareholderToAggregator,Share,3360,2
2,10,2,AggregatorBroadcast,SplitDecision,49120,614
2,10,2,ShareholderToAggregator,Share,3360,2
2,10,2,AggregatorBroadcast,SplitDecision,49120,614
2,10,3,ClientToShareholder,CommittedGradientShare,25581696,14736
2,10,3,ShareholderToAggregator,Share,3360,2
2,10,3,ShareholderToAggregator,Share,3360,2
2,10,3,ShareholderToAggregator,Share,3360,2
2,10,3,AggregatorBroadcast,SplitDecision,49120,614
2,10,3,ShareholderToAggregator,Share,3360,2
2,10,3,AggregatorBroadcast,SplitDecision,49120,614
2,10,3,ShareholderToAggregator,Share,3360,2
2,10,3,AggregatorBroadcast,SplitDecision,49120,614
2,10,3,ShareholderToAggregator,Share,3360,2
2,10,3,AggregatorBroadcast,SplitDecision,49120,614
2,10,3,ShareholderToAggregator,Share,3360,2
2,10,3,AggregatorBroadcast,SplitDecision,49120,614
2,10,3,ShareholderToAggregator,Share,3360,2
2,10,3,AggregatorBroadcast,SplitDecision,49120,614
2,10,4,ClientToShareholder,CommittedGradientShare,44767968,25788
2,10,4,ShareholderToAggregator,Share,3360,2
2,10,4,ShareholderToAggregator,Share,3360,2
2,10,4,ShareholderToAggregator,Share,3360,2
2,10,4,AggregatorBroadcast,SplitDecision,49120,614
2,10,4,ShareholderToAggregator,Share,3360,2
2,10,4,AggregatorBroadcast,SplitDecision,49120,614
2,10,4,ShareholderToAggregator,Share,3360,2
2,10,4,AggregatorBroadcast,SplitDecision,49120,614
2,10,4,ShareholderToAggregator,Share,3360,2
2,10,4,AggregatorBroadcast,SplitDecision,49120,614
2,10,4,ShareholderToAggregator,Share,3360,2
2,10,4,ShareholderToAggregator,Share,3360,2
2,10,4,ShareholderToAggregator,Share,3360,2
2,10,4,AggregatorBroadcast,SplitDecision,49120,614
2,10,4,ShareholderToAggregator,Share,3360,2
2,10,4,AggregatorBroadcast,SplitDecision,49120,614
2,10,4,ShareholderToAggregator,Share,3360,2
2,10,4,AggregatorBroadcast,SplitDecision,49120,614
2,10,4,ShareholderToAggregator,Share,3360,2
2,10,4,AggregatorBroadcast,SplitDecision,49120,614
2,10,4,ShareholderToAggregator,Share,3360,2
2,10,4,AggregatorBroadcast,SplitDecision,49120,614
2,10,4,ShareholderToAggregator,Share,3360,2
2,10,4,AggregatorBroadcast,SplitDecision,49120,614
2,10,5,ClientToShareholder,CommittedGradientShare,76745088,44208
2,10,5,ShareholderToAggregator,Share,3360,2
2,10,5,ShareholderToAggregator,Share,3360,2
2,10,5,ShareholderToAggregator,Share,3360,2
2,10,5,ShareholderToAggregator,Share,3360,2
2,10,5,ShareholderToAggregator,Share,3360,2
2,10,5,ShareholderToAggregator,Share,3360,2
2,10,5,ShareholderToAggregator,Share,3360,2
2,10,5,AggregatorBroadcast,SplitDecision,49120,614
2,10,5,ShareholderToAggregator,Share,3360,2
2,10,5,AggregatorBroadcast,SplitDecision,49120,614
2,10,5,ShareholderToAggregator,Share,3360,2
2,10,5,AggregatorBroadcast,SplitDecision,49120,614
2,10,5,ShareholderToAggregator,Share,3360,2
2,10,5,AggregatorBroadcast,SplitDecision,49120,614
2,10,5,ShareholderToAggregator,Share,3360,2
2,10,5,AggregatorBroadcast,SplitDecision,49120,614
2,10,5,ShareholderToAggregator,Share,3360,2
2,10,5,AggregatorBroadcast,SplitDecision,49120,614
2,10,5,ShareholderToAggregator,Share,3360,2
2,10,5,ShareholderToAggregator,Share,3360,2
2,10,5,ShareholderToAggregator,Share,3360,2
2,10,5,ShareholderToAggregator,Share,3360,2
2,10,5,AggregatorBroadcast,SplitDecision,49120,614
2,10,5,ShareholderToAggregator,Share,3360,2
2,10,5,AggregatorBroadcast,SplitDecision,49120,614
2,10,5,ShareholderToAggregator,Share,3360,2
2,10,5,ShareholderToAggregator,Share,3360,2
2,10,5,AggregatorBroadcast,SplitDecision,49120,614
2,10,5,ShareholderToAggregator,Share,3360,2
2,10,5,ShareholderToAggregator,Share,3360,2
2,10,5,AggregatorBroadcast,SplitDecision,49120,614
2,10,5,ShareholderToAggregator,Share,3360,2
2,10,5,ShareholderToAggregator,Share,3360,2
2,10,5,ShareholderToAggregator,Share,3360,2
2,10,5,AggregatorBroadcast,SplitDecision,49120,614
2,11,0,ClientToShareholder,CommittedGradientShare,3197712,1842
2,11,0,ShareholderToAggregator,Share,3360,2
2,11,0,AggregatorBroadcast,SplitDecision,49120,614
2,11,1,ClientToShareholder,CommittedGradientShare,6395424,3684
2,11,1,ShareholderToAggregator,Share,3360,2
2,11,1,AggregatorBroadcast,SplitDecision,49120,614
2,11,1,ShareholderToAggregator,Share,3360,2
2,11,1,AggregatorBroadcast,SplitDecision,49120,614
2,11,2,ClientToShareholder,CommittedGradientShare,12790848,7368
2,11,2,ShareholderToAggregator,Share,3360,2
2,11,2,AggregatorBroadcast,SplitDecision,49120,614
2,11,2,ShareholderToAggregator,Share,3360,2
2,11,2,AggregatorBroadcast,SplitDecision,49120,614
2,11,2,ShareholderToAggregator,Share,3360,2
2,11,2,AggregatorBroadcast,SplitDecision,49120,614
2,11,2,ShareholderToAggregator,Share,3360,2
2,11,2,AggregatorBroadcast,SplitDecision,49120,614
2,11,3,ClientToShareholder,CommittedGradientShare,25581696,14736
2,11,3,ShareholderToAggregator,Share,3360,2
2,11,3,AggregatorBroadcast,SplitDecision,49120,614
2,11,3,ShareholderToAggregator,Share,3360,2
2,11,3,AggregatorBroadcast,SplitDecision,49120,614
2,11,3,ShareholderToAggregator,Share,3360,2
2,11,3,AggregatorBroadcast,SplitDecision,49120,614
2,11,3,ShareholderToAggregator,Share,3360,2
2,11,3,AggregatorBroadcast,SplitDecision,49120,614
2,11,3,ShareholderToAggregator,Share,3360,2
2,11,3,AggregatorBroadcast,SplitDecision,49120,614
2,11,3,ShareholderToAggregator,Share,3360,2
2,11,3,AggregatorBroadcast,SplitDecision,49120,614
2,11,3,ShareholderToAggregator,Share,3360,2
2,11,3,AggregatorBroadcast,SplitDecision,49120,614
2,11,3,ShareholderToAggregator,Share,3360,2
2,11,3,AggregatorBroadcast,SplitDecision,49120,614
2,11,4,ClientToShareholder,CommittedGradientShare,51163392,29472
2,11,4,ShareholderToAggregator,Share,3360,2
2,11,4,ShareholderToAggregator,Share,3360,2
2,11,4,ShareholderToAggregator,Share,3360,2
2,11,4,ShareholderToAggregator,Share,3360,2
2,11,4,ShareholderToAggregator,Share,3360,2
2,11,4,AggregatorBroadcast,SplitDecision,49120,614
2,11,4,ShareholderToAggregator,Share,3360,2
2,11,4,ShareholderToAggregator,Share,3360,2
2,11,4,AggregatorBroadcast,SplitDecision,49120,614
2,11,4,ShareholderToAggregator,Share,3360,2
2,11,4,AggregatorBroadcast,SplitDecision,49120,614
2,11,4,ShareholderToAggregator,Share,3360,2
2,11,4,AggregatorBroadcast,SplitDecision,49120,614
2,11,4,ShareholderToAggregator,Share,3360,2
2,11,4,AggregatorBroadcast,SplitDecision,49120,614
2,11,4,ShareholderToAggregator,Share,3360,2
2,11,4,AggregatorBroadcast,SplitDecision,49120,614
2,11,4,ShareholderToAggregator,Share,3360,2
2,11,4,ShareholderToAggregator,Share,3360,2
2,11,4,ShareholderToAggregator,Share,3360,2
2,11,4,ShareholderToAggregator,Share,3360,2
2,11,4,ShareholderToAggregator,Share,3360,2
2,11,5,ClientToShareholder,CommittedGradientShare,70349664,40524
2,11,5,ShareholderToAggregator,Share,3360,2
2,11,5,ShareholderToAggregator,Share,3360,2
2,11,5,ShareholderToAggregator,Share,3360,2
2,11,5,ShareholderToAggregator,Share,3360,2
2,11,5,ShareholderToAggregator,Share,3360,2
2,11,5,ShareholderToAggregator,Share,3360,2
2,11,5,ShareholderToAggregator,Share,3360,2
2,11,5,ShareholderToAggregator,Share,3360,2
2,11,5,ShareholderToAggregator,Share,3360,2
2,11,5,ShareholderToAggregator,Share,3360,2
2,11,5,ShareholderToAggregator,Share,3360,2
2,11,5,ShareholderToAggregator,Share,3360,2
2,11,5,ShareholderToAggregator,Share,3360,2
2,11,5,AggregatorBroadcast,SplitDecision,49120,614
2,11,5,ShareholderToAggregator,Share,3360,2
2,11,5,ShareholderToAggregator,Share,3360,2
2,11,5,ShareholderToAggregator,Share,3360,2
2,11,5,ShareholderToAggregator,Share,3360,2
2,11,5,AggregatorBroadcast,SplitDecision,49120,614
2,11,5,ShareholderToAggregator,Share,3360,2
2,11,5,AggregatorBroadcast,SplitDecision,49120,614
2,11,5,ShareholderToAggregator,Share,3360,2
2,11,5,AggregatorBroadcast,SplitDecision,49120,614
2,11,5,ShareholderToAggregator,Share,3360,2
2,11,5,AggregatorBroadcast,SplitDecision,49120,614
2,11,5,ShareholderToAggregator,Share,3360,2
2,11,5,ShareholderToAggregator,Share,3360,2
2,12,0,ClientToShareholder,CommittedGradientShare,3197712,1842
2,12,0,ShareholderToAggregator,Share,3360,2
2,12,0,AggregatorBroadcast,SplitDecision,49120,614
2,12,1,ClientToShareholder,CommittedGradientShare,6395424,3684
2,12,1,ShareholderToAggregator,Share,3360,2
2,12,1,AggregatorBroadcast,SplitDecision,49120,614
2,12,1,ShareholderToAggregator,Share,3360,2
2,12,1,AggregatorBroadcast,SplitDecision,49120,614
2,12,2,ClientToShareholder,CommittedGradientShare,12790848,7368
2,12,2,ShareholderToAggregator,Share,3360,2
2,12,2,AggregatorBroadcast,SplitDecision,49120,614
2,12,2,ShareholderToAggregator,Share,3360,2
2,12,2,AggregatorBroadcast,SplitDecision,49120,614
2,12,2,ShareholderToAggregator,Share,3360,2
2,12,2,AggregatorBroadcast,SplitDecision,49120,614
2,12,2,ShareholderToAggregator,Share,3360,2
2,12,2,AggregatorBroadcast,SplitDecision,49120,614
2,12,3,ClientToShareholder,CommittedGradientShare,25581696,14736
2,12,3,ShareholderToAggregator,Share,3360,2
2,12,3,ShareholderToAggregator,Share,3360,2
2,12,3,ShareholderToAggregator,Share,3360,2
2,12,3,AggregatorBroadcast,SplitDecision,49120,614
2,12,3,ShareholderToAggregator,Share,3360,2
2,12,3,AggregatorBroadcast,SplitDecision,49120,614
2,12,3,ShareholderToAggregator,Share,3360,2
2,12,3,AggregatorBroadcast,SplitDecision,49120,614
2,12,3,ShareholderToAggregator,Share,3360,2
2,12,3,AggregatorBroadcast,SplitDecision,49120,614
2,12,3,ShareholderToAggregator,Share,3360,2
2,12,3,AggregatorBroadcast,SplitDecision,49120,614
2,12,3,ShareholderToAggregator,Share,3360,2
2,12,3,AggregatorBroadcast,SplitDecision,49120,614
2,12,4,ClientToShareholder,CommittedGradientShare,44767968,25788
2,12,4,ShareholderToAggregator,Share,3360,2
2,12,4,ShareholderToAggregator,Share,3360,2
2,12,4,ShareholderToAggregator,Share,3360,2
2,12,4,AggregatorBroadcast,SplitDecision,49120,614
2,12,4,ShareholderToAggregator,Share,3360,2
2,12,4,AggregatorBroadcast,SplitDecision,49120,614
2,12,4,ShareholderToAggregator,Share,3360,2
2,12,4,AggregatorBroadcast,SplitDecision,49120,614
2,12,4,ShareholderToAggregator,Share,3360,2
2,12,4,AggregatorBroadcast,SplitDecision,49120,614
2,12,4,ShareholderToAggregator,Share,3360,2
2,12,4,ShareholderToAggregator,Share,3360,2
2,12,4,AggregatorBroadcast,SplitDecision,49120,614
2,12,4,ShareholderToAggregator,Share,3360,2
2,12,4,ShareholderToAggregator,Share,3360,2
2,12,4,ShareholderToAggregator,Share,3360,2
2,12,4,AggregatorBroadcast,SplitDecision,49120,614
2,12,4,ShareholderToAggregator,Share,3360,2
2,12,4,ShareholderToAggregator,Share,3360,2
2,12,4,AggregatorBroadcast,SplitDecision,49120,614
2,12,4,ShareholderToAggregator,Share,3360,2
2,12,4,AggregatorBroadcast,SplitDecision,49120,614
2,12,5,ClientToShareholder,CommittedGradientShare,70349664,40524
2,12,5,ShareholderToAggregator,Share,3360,2
2,12,5,ShareholderToAggregator,Share,3360,2
2,12,5,ShareholderToAggregator,Share,3360,2
2,12,5,ShareholderToAggregator,Share,3360,2
2,12,5,ShareholderToAggregator,Share,3360,2
2,12,5,ShareholderToAggregator,Share,3360,2
2,12,5,ShareholderToAggregator,Share,3360,2
2,12,5,ShareholderToAggregator,Share,3360,2
2,12,5,ShareholderToAggregator,Share,3360,2
2,12,5,AggregatorBroadcast,SplitDecision,49120,614
2,12,5,ShareholderToAggregator,Share,3360,2
2,12,5,AggregatorBroadcast,SplitDecision,49120,614
2,12,5,ShareholderToAggregator,Share,3360,2
2,12,5,AggregatorBroadcast,SplitDecision,49120,614
2,12,5,ShareholderToAggregator,Share,3360,2
2,12,5,ShareholderToAggregator,Share,3360,2
2,12,5,AggregatorBroadcast,SplitDecision,49120,614
2,12,5,ShareholderToAggregator,Share,3360,2
2,12,5,AggregatorBroadcast,SplitDecision,49120,614
2,12,5,ShareholderToAggregator,Share,3360,2
2,12,5,AggregatorBroadcast,SplitDecision,49120,614
2,12,5,ShareholderToAggregator,Share,3360,2
2,12,5,AggregatorBroadcast,SplitDecision,49120,614
2,12,5,ShareholderToAggregator,Share,3360,2
2,12,5,ShareholderToAggregator,Share,3360,2
2,12,5,AggregatorBroadcast,SplitDecision,49120,614
2,12,5,ShareholderToAggregator,Share,3360,2
2,12,5,ShareholderToAggregator,Share,3360,2
2,12,5,AggregatorBroadcast,SplitDecision,49120,614
2,12,5,ShareholderToAggregator,Share,3360,2
2,12,5,ShareholderToAggregator,Share,3360,2
2,12,5,AggregatorBroadcast,SplitDecision,49120,614
2,13,0,ClientToShareholder,CommittedGradientShare,3197712,1842
2,13,0,ShareholderToAggregator,Share,3360,2
2,13,0,AggregatorBroadcast,SplitDecision,49120,614
2,13,1,ClientToShareholder,CommittedGradientShare,6395424,3684
2,13,1,ShareholderToAggregator,Share,3360,2
2,13,1,AggregatorBroadcast,SplitDecision,49120,614
2,13,1,ShareholderToAggregator,Share,3360,2
2,13,1,AggregatorBroadcast,SplitDecision,49120,614
2,13,2,ClientToShareholder,CommittedGradientShare,12790848,7368
2,13,2,ShareholderToAggregator,Share,3360,2
2,13,2,AggregatorBroadcast,SplitDecision,49120,614
2,13,2,ShareholderToAggregator,Share,3360,2
2,13,2,AggregatorBroadcast,SplitDecision,49120,614
2,13,2,ShareholderToAggregator,Share,3360,2
2,13,2,AggregatorBroadcast,SplitDecision,49120,614
2,13,2,ShareholderToAggregator,Share,3360,2
2,13,2,AggregatorBroadcast,SplitDecision,49120,614
2,13,3,ClientToShareholder,CommittedGradientShare,25581696,14736
2,13,3,ShareholderToAggregator,Share,3360,2
2,13,3,ShareholderToAggregator,Share,3360,2
2,13,3,AggregatorBroadcast,SplitDecision,49120,614
2,13,3,ShareholderToAggregator,Share,3360,2
2,13,3,AggregatorBroadcast,SplitDecision,49120,614
2,13,3,ShareholderToAggregator,Share,3360,2
2,13,3,AggregatorBroadcast,SplitDecision,49120,614
2,13,3,ShareholderToAggregator,Share,3360,2
2,13,3,AggregatorBroadcast,SplitDecision,49120,614
2,13,3,ShareholderToAggregator,Share,3360,2
2,13,3,AggregatorBroadcast,SplitDecision,49120,614
2,13,3,ShareholderToAggregator,Share,3360,2
2,13,3,AggregatorBroadcast,SplitDecision,49120,614
2,13,3,ShareholderToAggregator,Share,3360,2
2,13,3,AggregatorBroadcast,SplitDecision,49120,614
2,13,4,ClientToShareholder,CommittedGradientShare,47965680,27630
2,13,4,ShareholderToAggregator,Share,3360,2
2,13,4,ShareholderToAggregator,Share,3360,2
2,13,4,ShareholderToAggregator,Share,3360,2
2,13,4,AggregatorBroadcast,SplitDecision,49120,614
2,13,4,ShareholderToAggregator,Share,3360,2
2,13,4,AggregatorBroadcast,SplitDecision,49120,614
2,13,4,ShareholderToAggregator,Share,3360,2
2,13,4,AggregatorBroadcast,SplitDecision,49120,614
2,13,4,ShareholderToAggregator,Share,3360,2
2,13,4,AggregatorBroadcast,SplitDecision,49120,614
2,13,4,ShareholderToAggregator,Share,3360,2
2,13,4,AggregatorBroadcast,SplitDecision,49120,614
2,13,4,ShareholderToAggregator,Share,3360,2
2,13,4,AggregatorBroadcast,SplitDecision,49120,614
2,13,4,ShareholderToAggregator,Share,3360,2
2,13,4,AggregatorBroadcast,SplitDecision,49120,614
2,13,4,ShareholderToAggregator,Share,3360,2
2,13,4,AggregatorBroadcast,SplitDecision,49120,614
2,13,4,ShareholderToAggregator,Share,3360,2
2,13,4,AggregatorBroadcast,SplitDecision,49120,614
2,13,4,ShareholderToAggregator,Share,3360,2
2,13,4,ShareholderToAggregator,Share,3360,2
2,13,4,ShareholderToAggregator,Share,3360,2
2,13,4,ShareholderToAggregator,Share,3360,2
2,13,5,ClientToShareholder,CommittedGradientShare,76745088,44208
2,13,5,ShareholderToAggregator,Share,3360,2
2,13,5,ShareholderToAggregator,Share,3360,2
2,13,5,ShareholderToAggregator,Share,3360,2
2,13,5,ShareholderToAggregator,Share,3360,2
2,13,5,ShareholderToAggregator,Share,3360,2
2,13,5,ShareholderToAggregator,Share,3360,2
2,13,5,ShareholderToAggregator,Share,3360,2
2,13,5,ShareholderToAggregator,Share,3360,2
2,13,5,ShareholderToAggregator,Share,3360,2
2,13,5,ShareholderToAggregator,Share,3360,2
2,13,5,AggregatorBroadcast,SplitDecision,49120,614
2,13,5,ShareholderToAggregator,Share,3360,2
2,13,5,ShareholderToAggregator,Share,3360,2
2,13,5,ShareholderToAggregator,Share,3360,2
2,13,5,AggregatorBroadcast,SplitDecision,49120,614
2,13,5,ShareholderToAggregator,Share,3360,2
2,13,5,AggregatorBroadcast,SplitDecision,49120,614
2,13,5,ShareholderToAggregator,Share,3360,2
2,13,5,ShareholderToAggregator,Share,3360,2
2,13,5,AggregatorBroadcast,SplitDecision,49120,614
2,13,5,ShareholderToAggregator,Share,3360,2
2,13,5,ShareholderToAggregator,Share,3360,2
2,13,5,ShareholderToAggregator,Share,3360,2
2,13,5,AggregatorBroadcast,SplitDecision,49120,614
2,13,5,ShareholderToAggregator,Share,3360,2
2,13,5,ShareholderToAggregator,Share,3360,2
2,13,5,ShareholderToAggregator,Share,3360,2
2,13,5,AggregatorBroadcast,SplitDecision,49120,614
2,13,5,ShareholderToAggregator,Share,3360,2
2,13,5,AggregatorBroadcast,SplitDecision,49120,614
2,13,5,ShareholderToAggregator,Share,3360,2
2,14,0,ClientToShareholder,CommittedGradientShare,3197712,1842
2,14,0,ShareholderToAggregator,Share,3360,2
2,14,0,AggregatorBroadcast,SplitDecision,49120,614
2,14,1,ClientToShareholder,CommittedGradientShare,6395424,3684
2,14,1,ShareholderToAggregator,Share,3360,2
2,14,1,AggregatorBroadcast,SplitDecision,49120,614
2,14,1,ShareholderToAggregator,Share,3360,2
2,14,1,AggregatorBroadcast,SplitDecision,49120,614
2,14,2,ClientToShareholder,CommittedGradientShare,12790848,7368
2,14,2,ShareholderToAggregator,Share,3360,2
2,14,2,AggregatorBroadcast,SplitDecision,49120,614
2,14,2,ShareholderToAggregator,Share,3360,2
2,14,2,AggregatorBroadcast,SplitDecision,49120,614
2,14,2,ShareholderToAggregator,Share,3360,2
2,14,2,AggregatorBroadcast,SplitDecision,49120,614
2,14,2,ShareholderToAggregator,Share,3360,2
2,14,2,AggregatorBroadcast,SplitDecision,49120,614
2,14,3,ClientToShareholder,CommittedGradientShare,25581696,14736
2,14,3,ShareholderToAggregator,Share,3360,2
2,14,3,ShareholderToAggregator,Share,3360,2
2,14,3,AggregatorBroadcast,SplitDecision,49120,614
2,14,3,ShareholderToAggregator,Share,3360,2
2,14,3,AggregatorBroadcast,SplitDecision,49120,614
2,14,3,ShareholderToAggregator,Share,3360,2
2,14,3,AggregatorBroadcast,SplitDecision,49120,614
2,14,3,ShareholderToAggregator,Share,3360,2
2,14,3,AggregatorBroadcast,SplitDecision,49120,614
2,14,3,ShareholderToAggregator,Share,3360,2
2,14,3,AggregatorBroadcast,SplitDecision,49120,614
2,14,3,ShareholderToAggregator,Share,3360,2
2,14,3,AggregatorBroadcast,SplitDecision,49120,614
2,14,3,ShareholderToAggregator,Share,3360,2
2,14,4,ClientToShareholder,CommittedGradientShare,44767968,25788
2,14,4,ShareholderToAggregator,Share,3360,2
2,14,4,ShareholderToAggregator,Share,3360,2
2,14,4,ShareholderToAggregator,Share,3360,2
2,14,4,AggregatorBroadcast,SplitDecision,49120,614
2,14,4,ShareholderToAggregator,Share,3360,2
2,14,4,AggregatorBroadcast,SplitDecision,49120,614
2,14,4,ShareholderToAggregator,Share,3360,2
2,14,4,AggregatorBroadcast,SplitDecision,49120,614
2,14,4,ShareholderToAggregator,Share,3360,2
2,14,4,ShareholderToAggregator,Share,3360,2
2,14,4,ShareholderToAggregator,Share,3360,2
2,14,4,AggregatorBroadcast,SplitDecision,49120,614
2,14,4,ShareholderToAggregator,Share,3360,2
2,14,4,AggregatorBroadcast,SplitDecision,49120,614
2,14,4,ShareholderToAggregator,Share,3360,2
2,14,4,AggregatorBroadcast,SplitDecision,49120,614
2,14,4,ShareholderToAggregator,Share,3360,2
2,14,4,ShareholderToAggregator,Share,3360,2
2,14,4,AggregatorBroadcast,SplitDecision,49120,614
2,14,4,ShareholderToAggregator,Share,3360,2
2,14,4,AggregatorBroadcast,SplitDecision,49120,614
2,14,4,ShareholderToAggregator,Share,3360,2
2,14,5,ClientToShareholder,CommittedGradientShare,70349664,40524
2,14,5,ShareholderToAggregator,Share,3360,2
2,14,5,ShareholderToAggregator,Share,3360,2
2,14,5,ShareholderToAggregator,Share,3360,2
2,14,5,ShareholderToAggregator,Share,3360,2
2,14,5,ShareholderToAggregator,Share,3360,2
2,14,5,ShareholderToAggregator,Share,3360,2
2,14,5,ShareholderToAggregator,Share,3360,2
2,14,5,ShareholderToAggregator,Share,3360,2
2,14,5,ShareholderToAggregator,Share,3360,2
2,14,5,AggregatorBroadcast,SplitDecision,49120,614
2,14,5,ShareholderToAggregator,Share,3360,2
2,14,5,ShareholderToAggregator,Share,3360,2
2,14,5,ShareholderToAggregator,Share,3360,2
2,14,5,ShareholderToAggregator,Share,3360,2
2,14,5,AggregatorBroadcast,SplitDecision,49120,614
2,14,5,ShareholderToAggregator,Share,3360,2
2,14,5,AggregatorBroadcast,SplitDecision,49120,614
2,14,5,ShareholderToAggregator,Share,3360,2
2,14,5,AggregatorBroadcast,SplitDecision,49120,614
2,14,5,ShareholderToAggregator,Share,3360,2
2,14,5,ShareholderToAggregator,Share,3360,2
2,14,5,AggregatorBroadcast,SplitDecision,49120,614
2,14,5,ShareholderToAggregator,Share,3360,2
2,14,5,AggregatorBroadcast,SplitDecision,49120,614
2,14,5,ShareholderToAggregator,Share,3360,2
2,14,5,AggregatorBroadcast,SplitDecision,49120,614
2,14,5,ShareholderToAggregator,Share,3360,2
2,14,5,AggregatorBroadcast,SplitDecision,49120,614
2,14,5,ShareholderToAggregator,Share,3360,2
2,14,5,ShareholderToAggregator,Share,3360,2
3,0,0,ClientToShareholder,CommittedStatsShare,353664,1842
3,0,0,ShareholderToAggregator,Share,320,2
3,0,0,AggregatorBroadcast,BinConfiguration,73680,614
3,0,0,AggregatorBroadcast,BinConfiguration,73680,614
3,0,0,AggregatorBroadcast,BinConfiguration,73680,614
3,0,0,AggregatorBroadcast,BinConfiguration,73680,614
3,0,0,AggregatorBroadcast,BinConfiguration,73680,614
3,0,0,AggregatorBroadcast,BinConfiguration,73680,614
3,0,0,AggregatorBroadcast,BinConfiguration,73680,614
3,0,0,AggregatorBroadcast,BinConfiguration,73680,614
3,0,0,ClientToShareholder,CommittedGradientShare,3197712,1842
3,0,0,ShareholderToAggregator,Share,3360,2
3,0,0,AggregatorBroadcast,SplitDecision,49120,614
3,0,1,ClientToShareholder,CommittedGradientShare,6395424,3684
3,0,1,ShareholderToAggregator,Share,3360,2
3,0,1,AggregatorBroadcast,SplitDecision,49120,614
3,0,1,ShareholderToAggregator,Share,3360,2
3,0,1,AggregatorBroadcast,SplitDecision,49120,614
3,0,2,ClientToShareholder,CommittedGradientShare,12790848,7368
3,0,2,ShareholderToAggregator,Share,3360,2
3,0,2,AggregatorBroadcast,SplitDecision,49120,614
3,0,2,ShareholderToAggregator,Share,3360,2
3,0,2,AggregatorBroadcast,SplitDecision,49120,614
3,0,2,ShareholderToAggregator,Share,3360,2
3,0,2,AggregatorBroadcast,SplitDecision,49120,614
3,0,2,ShareholderToAggregator,Share,3360,2
3,0,2,AggregatorBroadcast,SplitDecision,49120,614
3,0,3,ClientToShareholder,CommittedGradientShare,25581696,14736
3,0,3,ShareholderToAggregator,Share,3360,2
3,0,3,AggregatorBroadcast,SplitDecision,49120,614
3,0,3,ShareholderToAggregator,Share,3360,2
3,0,3,AggregatorBroadcast,SplitDecision,49120,614
3,0,3,ShareholderToAggregator,Share,3360,2
3,0,3,AggregatorBroadcast,SplitDecision,49120,614
3,0,3,ShareholderToAggregator,Share,3360,2
3,0,3,AggregatorBroadcast,SplitDecision,49120,614
3,0,3,ShareholderToAggregator,Share,3360,2
3,0,3,AggregatorBroadcast,SplitDecision,49120,614
3,0,3,ShareholderToAggregator,Share,3360,2
3,0,3,AggregatorBroadcast,SplitDecision,49120,614
3,0,3,ShareholderToAggregator,Share,3360,2
3,0,3,AggregatorBroadcast,SplitDecision,49120,614
3,0,3,ShareholderToAggregator,Share,3360,2
3,0,4,ClientToShareholder,CommittedGradientShare,47965680,27630
3,0,4,ShareholderToAggregator,Share,3360,2
3,0,4,ShareholderToAggregator,Share,3360,2
3,0,4,AggregatorBroadcast,SplitDecision,49120,614
3,0,4,ShareholderToAggregator,Share,3360,2
3,0,4,ShareholderToAggregator,Share,3360,2
3,0,4,AggregatorBroadcast,SplitDecision,49120,614
3,0,4,ShareholderToAggregator,Share,3360,2
3,0,4,ShareholderToAggregator,Share,3360,2
3,0,4,ShareholderToAggregator,Share,3360,2
3,0,4,ShareholderToAggregator,Share,3360,2
3,0,4,AggregatorBroadcast,SplitDecision,49120,614
3,0,4,ShareholderToAggregator,Share,3360,2
3,0,4,AggregatorBroadcast,SplitDecision,49120,614
3,0,4,ShareholderToAggregator,Share,3360,2
3,0,4,ShareholderToAggregator,Share,3360,2
3,0,4,ShareholderToAggregator,Share,3360,2
3,0,4,AggregatorBroadcast,SplitDecision,49120,614
3,0,4,ShareholderToAggregator,Share,3360,2
3,0,4,AggregatorBroadcast,SplitDecision,49120,614
3,0,4,ShareholderToAggregator,Share,3360,2
3,0,4,ShareholderToAggregator,Share,3360,2
3,0,5,ClientToShareholder,CommittedGradientShare,67151952,38682
3,0,5,ShareholderToAggregator,Share,3360,2
3,0,5,ShareholderToAggregator,Share,3360,2
3,0,5,ShareholderToAggregator,Share,3360,2
3,0,5,ShareholderToAggregator,Share,3360,2
3,0,5,ShareholderToAggregator,Share,3360,2
3,0,5,ShareholderToAggregator,Share,3360,2
3,0,5,ShareholderToAggregator,Share,3360,2
3,0,5,ShareholderToAggregator,Share,3360,2
3,0,5,ShareholderToAggregator,Share,3360,2
3,0,5,ShareholderToAggregator,Share,3360,2
3,0,5,AggregatorBroadcast,SplitDecision,49120,614
3,0,5,ShareholderToAggregator,Share,3360,2
3,0,5,ShareholderToAggregator,Share,3360,2
3,0,5,AggregatorBroadcast,SplitDecision,49120,614
3,0,5,ShareholderToAggregator,Share,3360,2
3,0,5,ShareholderToAggregator,Share,3360,2
3,0,5,ShareholderToAggregator,Share,3360,2
3,0,5,AggregatorBroadcast,SplitDecision,49120,614
3,0,5,ShareholderToAggregator,Share,3360,2
3,0,5,AggregatorBroadcast,SplitDecision,49120,614
3,0,5,ShareholderToAggregator,Share,3360,2
3,0,5,AggregatorBroadcast,SplitDecision,49120,614
3,0,5,ShareholderToAggregator,Share,3360,2
3,0,5,AggregatorBroadcast,SplitDecision,49120,614
3,0,5,ShareholderToAggregator,Share,3360,2
3,0,5,ShareholderToAggregator,Share,3360,2
3,0,5,ShareholderToAggregator,Share,3360,2
3,1,0,ClientToShareholder,CommittedGradientShare,3197712,1842
3,1,0,ShareholderToAggregator,Share,3360,2
3,1,0,AggregatorBroadcast,SplitDecision,49120,614
3,1,1,ClientToShareholder,CommittedGradientShare,6395424,3684
3,1,1,ShareholderToAggregator,Share,3360,2
3,1,1,AggregatorBroadcast,SplitDecision,49120,614
3,1,1,ShareholderToAggregator,Share,3360,2
3,1,1,AggregatorBroadcast,SplitDecision,49120,614
3,1,2,ClientToShareholder,CommittedGradientShare,12790848,7368
3,1,2,ShareholderToAggregator,Share,3360,2
3,1,2,AggregatorBroadcast,SplitDecision,49120,614
3,1,2,ShareholderToAggregator,Share,3360,2
3,1,2,AggregatorBroadcast,SplitDecision,49120,614
3,1,2,ShareholderToAggregator,Share,3360,2
3,1,2,AggregatorBroadcast,SplitDecision,49120,614
3,1,2,ShareholderToAggregator,Share,3360,2
3,1,3,ClientToShareholder,CommittedGradientShare,22383984,12894
3,1,3,ShareholderToAggregator,Share,3360,2
3,1,3,ShareholderToAggregator,Share,3360,2
3,1,3,AggregatorBroadcast,SplitDecision,49120,614
3,1,3,ShareholderToAggregator,Share,3360,2
3,1,3,AggregatorBroadcast,SplitDecision,49120,614
3,1,3,ShareholderToAggregator,Share,3360,2
3,1,3,AggregatorBroadcast,SplitDecision,49120,614
3,1,3,ShareholderToAggregator,Share,3360,2
3,1,3,AggregatorBroadcast,SplitDecision,49120,614
3,1,3,ShareholderToAggregator,Share,3360,2
3,1,3,AggregatorBroadcast,SplitDecision,49120,614
3,1,3,ShareholderToAggregator,Share,3360,2
3,1,3,AggregatorBroadcast,SplitDecision,49120,614
3,1,4,ClientToShareholder,CommittedGradientShare,41570256,23946
3,1,4,ShareholderToAggregator,Share,3360,2
3,1,4,ShareholderToAggregator,Share,3360,2
3,1,4,ShareholderToAggregator,Share,3360,2
3,1,4,ShareholderToAggregator,Share,3360,2
3,1,4,AggregatorBroadcast,SplitDecision,49120,614
3,1,4,ShareholderToAggregator,Share,3360,2
3,1,4,AggregatorBroadcast,SplitDecision,49120,614
3,1,4,ShareholderToAggregator,Share,3360,2
3,1,4,ShareholderToAggregator,Share,3360,2
3,1,4,ShareholderToAggregator,Share,3360,2
3,1,4,AggregatorBroadcast,SplitDecision,49120,614
3,1,4,ShareholderToAggregator,Share,3360,2
3,1,4,AggregatorBroadcast,SplitDecision,49120,614
3,1,4,ShareholderToAggregator,Share,3360,2
3,1,4,ShareholderToAggregator,Share,3360,2
3,1,4,AggregatorBroadcast,SplitDecision,49120,614
3,1,4,ShareholderToAggregator,Share,3360,2
3,1,4,AggregatorBroadcast,SplitDecision,49120,614
3,1,4,ShareholderToAggregator,Share,3360,2
3,1,4,AggregatorBroadcast,SplitDecision,49120,614
3,1,5,ClientToShareholder,CommittedGradientShare,63954240,36840
3,1,5,ShareholderToAggregator,Share,3360,2
3,1,5,ShareholderToAggregator,Share,3360,2
3,1,5,ShareholderToAggregator,Share,3360,2
3,1,5,ShareholderToAggregator,Share,3360,2
3,1,5,ShareholderToAggregator,Share,3360,2
3,1,5,ShareholderToAggregator,Share,3360,2
3,1,5,ShareholderToAggregator,Share,3360,2
3,1,5,AggregatorBroadcast,SplitDecision,49120,614
3,1,5,ShareholderToAggregator,Share,3360,2
3,1,5,AggregatorBroadcast,SplitDecision,49120,614
3,1,5,ShareholderToAggregator,Share,3360,2
3,1,5,AggregatorBroadcast,SplitDecision,49120,614
3,1,5,ShareholderToAggregator,Share,3360,2
3,1,5,AggregatorBroadcast,SplitDecision,49120,614
3,1,5,ShareholderToAggregator,Share,3360,2
3,1,5,ShareholderToAggregator,Share,3360,2
3,1,5,ShareholderToAggregator,Share,3360,2
3,1,5,AggregatorBroadcast,SplitDecision,49120,614
3,1,5,ShareholderToAggregator,Share,3360,2
3,1,5,ShareholderToAggregator,Share,3360,2
3,1,5,AggregatorBroadcast,SplitDecision,49120,614
3,1,5,ShareholderToAggregator,Share,3360,2
3,1,5,AggregatorBroadcast,SplitDecision,49120,614
3,1,5,ShareholderToAggregator,Share,3360,2
3,1,5,AggregatorBroadcast,SplitDecision,49120,614
3,1,5,ShareholderToAggregator,Share,3360,2
3,1,5,AggregatorBroadcast,SplitDecision,49120,614
3,1,5,ShareholderToAggregator,Share,3360,2
3,1,5,AggregatorBroadcast,SplitDecision,49120,614
3,1,5,ShareholderToAggregator,Share,3360,2
3,2,0,ClientToShareholder,CommittedGradientShare,3197712,1842
3,2,0,ShareholderToAggregator,Share,3360,2
3,2,0,AggregatorBroadcast,SplitDecision,49120,614
3,2,1,ClientToShareholder,CommittedGradientShare,6395424,3684
3,2,1,ShareholderToAggregator,Share,3360,2
3,2,1,AggregatorBroadcast,SplitDecision,49120,614
3,2,1,ShareholderToAggregator,Share,3360,2
3,2,1,AggregatorBroadcast,SplitDecision,49120,614
3,2,2,ClientToShareholder,CommittedGradientShare,12790848,7368
3,2,2,ShareholderToAggregator,Share,3360,2
3,2,2,AggregatorBroadcast,SplitDecision,49120,614
3,2,2,ShareholderToAggregator,Share,3360,2
3,2,2,AggregatorBroadcast,SplitDecision,49120,614
3,2,2,ShareholderToAggregator,Share,3360,2
3,2,2,AggregatorBroadcast,SplitDecision,49120,614
3,2,2,ShareholderToAggregator,Share,3360,2
3,2,2,AggregatorBroadcast,SplitDecision,49120,614
3,2,3,ClientToShareholder,CommittedGradientShare,25581696,14736
3,2,3,ShareholderToAggregator,Share,3360,2
3,2,3,AggregatorBroadcast,SplitDecision,49120,614
3,2,3,ShareholderToAggregator,Share,3360,2
3,2,3,AggregatorBroadcast,SplitDecision,49120,614
3,2,3,ShareholderToAggregator,Share,3360,2
3,2,3,AggregatorBroadcast,SplitDecision,49120,614
3,2,3,ShareholderToAggregator,Share,3360,2
3,2,3,AggregatorBroadcast,SplitDecision,49120,614
3,2,3,ShareholderToAggregator,Share,3360,2
3,2,3,AggregatorBroadcast,SplitDecision,49120,614
3,2,3,ShareholderToAggregator,Share,3360,2
3,2,3,AggregatorBroadcast,SplitDecision,49120,614
3,2,3,ShareholderToAggregator,Share,3360,2
3,2,3,AggregatorBroadcast,SplitDecision,49120,614
3,2,3,ShareholderToAggregator,Share,3360,2
3,2,4,ClientToShareholder,CommittedGradientShare,47965680,27630
3,2,4,ShareholderToAggregator,Share,3360,2
3,2,4,ShareholderToAggregator,Share,3360,2
3,2,4,AggregatorBroadcast,SplitDecision,49120,614
3,2,4,ShareholderToAggregator,Share,3360,2
3,2,4,ShareholderToAggregator,Share,3360,2
3,2,4,AggregatorBroadcast,SplitDecision,49120,614
3,2,4,ShareholderToAggregator,Share,3360,2
3,2,4,AggregatorBroadcast,SplitDecision,49120,614
3,2,4,ShareholderToAggregator,Share,3360,2
3,2,4,AggregatorBroadcast,SplitDecision,49120,614
3,2,4,ShareholderToAggregator,Share,3360,2
3,2,4,ShareholderToAggregator,Share,3360,2
3,2,4,AggregatorBroadcast,SplitDecision,49120,614
3,2,4,ShareholderToAggregator,Share,3360,2
3,2,4,AggregatorBroadcast,SplitDecision,49120,614
3,2,4,ShareholderToAggregator,Share,3360,2
3,2,4,ShareholderToAggregator,Share,3360,2
3,2,4,AggregatorBroadcast,SplitDecision,49120,614
3,2,4,ShareholderToAggregator,Share,3360,2
3,2,4,AggregatorBroadcast,SplitDecision,49120,614
3,2,4,ShareholderToAggregator,Share,3360,2
3,2,4,AggregatorBroadcast,SplitDecision,49120,614
3,2,4,ShareholderToAggregator,Share,3360,2
3,2,4,ShareholderToAggregator,Share,3360,2
3,2,5,ClientToShareholder,CommittedGradientShare,76745088,44208
3,2,5,ShareholderToAggregator,Share,3360,2
3,2,5,ShareholderToAggregator,Share,3360,2
3,2,5,ShareholderToAggregator,Share,3360,2
3,2,5,ShareholderToAggregator,Share,3360,2
3,2,5,ShareholderToAggregator,Share,3360,2
3,2,5,ShareholderToAggregator,Share,3360,2
3,2,5,ShareholderToAggregator,Share,3360,2
3,2,5,ShareholderToAggregator,Share,3360,2
3,2,5,ShareholderToAggregator,Share,3360,2
3,2,5,AggregatorBroadcast,SplitDecision,49120,614
3,2,5,ShareholderToAggregator,Share,3360,2
3,2,5,AggregatorBroadcast,SplitDecision,49120,614
3,2,5,ShareholderToAggregator,Share,3360,2
3,2,5,AggregatorBroadcast,SplitDecision,49120,614
3,2,5,ShareholderToAggregator,Share,3360,2
3,2,5,AggregatorBroadcast,SplitDecision,49120,614
3,2,5,ShareholderToAggregator,Share,3360,2
3,2,5,ShareholderToAggregator,Share,3360,2
3,2,5,ShareholderToAggregator,Share,3360,2
3,2,5,ShareholderToAggregator,Share,3360,2
3,2,5,ShareholderToAggregator,Share,3360,2
3,2,5,ShareholderToAggregator,Share,3360,2
3,2,5,AggregatorBroadcast,SplitDecision,49120,614
3,2,5,ShareholderToAggregator,Share,3360,2
3,2,5,AggregatorBroadcast,SplitDecision,49120,614
3,2,5,ShareholderToAggregator,Share,3360,2
3,2,5,AggregatorBroadcast,SplitDecision,49120,614
3,2,5,ShareholderToAggregator,Share,3360,2
3,2,5,AggregatorBroadcast,SplitDecision,49120,614
3,2,5,ShareholderToAggregator,Share,3360,2
3,2,5,AggregatorBroadcast,SplitDecision,49120,614
3,2,5,ShareholderToAggregator,Share,3360,2
3,2,5,AggregatorBroadcast,SplitDecision,49120,614
3,2,5,ShareholderToAggregator,Share,3360,2
3,2,5,AggregatorBroadcast,SplitDecision,49120,614
3,3,0,ClientToShareholder,CommittedGradientShare,3197712,1842
3,3,0,ShareholderToAggregator,Share,3360,2
3,3,0,AggregatorBroadcast,SplitDecision,49120,614
3,3,1,ClientToShareholder,CommittedGradientShare,6395424,3684
3,3,1,ShareholderToAggregator,Share,3360,2
3,3,1,AggregatorBroadcast,SplitDecision,49120,614
3,3,1,ShareholderToAggregator,Share,3360,2
3,3,1,AggregatorBroadcast,SplitDecision,49120,614
3,3,2,ClientToShareholder,CommittedGradientShare,12790848,7368
3,3,2,ShareholderToAggregator,Share,3360,2
3,3,2,AggregatorBroadcast,SplitDecision,49120,614
3,3,2,ShareholderToAggregator,Share,3360,2
3,3,2,AggregatorBroadcast,SplitDecision,49120,614
3,3,2,ShareholderToAggregator,Share,3360,2
3,3,2,AggregatorBroadcast,SplitDecision,49120,614
3,3,2,ShareholderToAggregator,Share,3360,2
3,3,2,AggregatorBroadcast,SplitDecision,49120,614
3,3,3,ClientToShareholder,CommittedGradientShare,25581696,14736
3,3,3,ShareholderToAggregator,Share,3360,2
3,3,3,ShareholderToAggregator,Share,3360,2
3,3,3,ShareholderToAggregator,Share,3360,2
3,3,3,AggregatorBroadcast,SplitDecision,49120,614
3,3,3,ShareholderToAggregator,Share,3360,2
3,3,3,AggregatorBroadcast,SplitDecision,49120,614
3,3,3,ShareholderToAggregator,Share,3360,2
3,3,3,AggregatorBroadcast,SplitDecision,49120,614
3,3,3,ShareholderToAggregator,Share,3360,2
3,3,3,AggregatorBroadcast,SplitDecision,49120,614
3,3,3,ShareholderToAggregator,Share,3360,2
3,3,3,AggregatorBroadcast,SplitDecision,49120,614
3,3,3,ShareholderToAggregator,Share,3360,2
3,3,4,ClientToShareholder,CommittedGradientShare,41570256,23946
3,3,4,ShareholderToAggregator,Share,3360,2
3,3,4,ShareholderToAggregator,Share,3360,2
3,3,4,ShareholderToAggregator,Share,3360,2
3,3,4,ShareholderToAggregator,Share,3360,2
3,3,4,AggregatorBroadcast,SplitDecision,49120,614
3,3,4,ShareholderToAggregator,Share,3360,2
3,3,4,AggregatorBroadcast,SplitDecision,49120,614
3,3,4,ShareholderToAggregator,Share,3360,2
3,3,4,AggregatorBroadcast,SplitDecision,49120,614
3,3,4,ShareholderToAggregator,Share,3360,2
3,3,4,AggregatorBroadcast,SplitDecision,49120,614
3,3,4,ShareholderToAggregator,Share,3360,2
3,3,4,ShareholderToAggregator,Share,3360,2
3,3,4,ShareholderToAggregator,Share,3360,2
3,3,4,AggregatorBroadcast,SplitDecision,49120,614
3,3,4,ShareholderToAggregator,Share,3360,2
3,3,4,AggregatorBroadcast,SplitDecision,49120,614
3,3,4,ShareholderToAggregator,Share,3360,2
3,3,4,ShareholderToAggregator,Share,3360,2
3,3,5,ClientToShareholder,CommittedGradientShare,60756528,34998
3,3,5,ShareholderToAggregator,Share,3360,2
3,3,5,ShareholderToAggregator,Share,3360,2
3,3,5,ShareholderToAggregator,Share,3360,2
3,3,5,ShareholderToAggregator,Share,3360,2
3,3,5,ShareholderToAggregator,Share,3360,2
3,3,5,ShareholderToAggregator,Share,3360,2
3,3,5,ShareholderToAggregator,Share,3360,2
3,3,5,ShareholderToAggregator,Share,3360,2
3,3,5,AggregatorBroadcast,SplitDecision,49120,614
3,3,5,ShareholderToAggregator,Share,3360,2
3,3,5,ShareholderToAggregator,Share,3360,2
3,3,5,AggregatorBroadcast,SplitDecision,49120,614
3,3,5,ShareholderToAggregator,Share,3360,2
3,3,5,ShareholderToAggregator,Share,3360,2
3,3,5,AggregatorBroadcast,SplitDecision,49120,614
3,3,5,ShareholderToAggregator,Share,3360,2
3,3,5,ShareholderToAggregator,Share,3360,2
3,3,5,ShareholderToAggregator,Share,3360,2
3,3,5,ShareholderToAggregator,Share,3360,2
3,3,5,AggregatorBroadcast,SplitDecision,49120,614
3,3,5,ShareholderToAggregator,Share,3360,2
3,3,5,AggregatorBroadcast,SplitDecision,49120,614
3,3,5,ShareholderToAggregator,Share,3360,2
3,3,5,AggregatorBroadcast,SplitDecision,49120,614
3,3,5,ShareholderToAggregator,Share,3360,2
3,3,5,AggregatorBroadcast,SplitDecision,49120,614
3,4,0,ClientToShareholder,CommittedGradientShare,3197712,1842
3,4,0,ShareholderToAggregator,Share,3360,2
3,4,0,AggregatorBroadcast,SplitDecision,49120,614
3,4,1,ClientToShareholder,CommittedGradientShare,6395424,3684
3,4,1,ShareholderToAggregator,Share,3360,2
3,4,1,AggregatorBroadcast,SplitDecision,49120,614
3,4,1,ShareholderToAggregator,Share,3360,2
3,4,1,AggregatorBroadcast,SplitDecision,49120,614
3,4,2,ClientToShareholder,CommittedGradientShare,12790848,7368
3,4,2,ShareholderToAggregator,Share,3360,2
3,4,2,AggregatorBroadcast,SplitDecision,49120,614
3,4,2,ShareholderToAggregator,Share,3360,2
3,4,2,AggregatorBroadcast,SplitDecision,49120,614
3,4,2,ShareholderToAggregator,Share,3360,2
3,4,2,AggregatorBroadcast,SplitDecision,49120,614
3,4,2,ShareholderToAggregator,Share,3360,2
3,4,2,AggregatorBroadcast,SplitDecision,49120,614
3,4,3,ClientToShareholder,CommittedGradientShare,25581696,14736
3,4,3,ShareholderToAggregator,Share,3360,2
3,4,3,AggregatorBroadcast,SplitDecision,49120,614
3,4,3,ShareholderToAggregator,Share,3360,2
3,4,3,AggregatorBroadcast,SplitDecision,49120,614
3,4,3,ShareholderToAggregator,Share,3360,2
3,4,3,AggregatorBroadcast,SplitDecision,49120,614
3,4,3,ShareholderToAggregator,Share,3360,2
3,4,3,AggregatorBroadcast,SplitDecision,49120,614
3,4,3,ShareholderToAggregator,Share,3360,2
3,4,3,AggregatorBroadcast,SplitDecision,49120,614
3,4,3,ShareholderToAggregator,Share,3360,2
3,4,3,AggregatorBroadcast,SplitDecision,49120,614
3,4,3,ShareholderToAggregator,Share,3360,2
3,4,3,ShareholderToAggregator,Share,3360,2
3,4,3,AggregatorBroadcast,SplitDecision,49120,614
3,4,4,ClientToShareholder,CommittedGradientShare,47965680,27630
3,4,4,ShareholderToAggregator,Share,3360,2
3,4,4,ShareholderToAggregator,Share,3360,2
3,4,4,AggregatorBroadcast,SplitDecision,49120,614
3,4,4,ShareholderToAggregator,Share,3360,2
3,4,4,ShareholderToAggregator,Share,3360,2
3,4,4,AggregatorBroadcast,SplitDecision,49120,614
3,4,4,ShareholderToAggregator,Share,3360,2
3,4,4,AggregatorBroadcast,SplitDecision,49120,614
3,4,4,ShareholderToAggregator,Share,3360,2
3,4,4,AggregatorBroadcast,SplitDecision,49120,614
3,4,4,ShareholderToAggregator,Share,3360,2
3,4,4,ShareholderToAggregator,Share,3360,2
3,4,4,AggregatorBroadcast,SplitDecision,49120,614
3,4,4,ShareholderToAggregator,Share,3360,2
3,4,4,ShareholderToAggregator,Share,3360,2
3,4,4,AggregatorBroadcast,SplitDecision,49120,614
3,4,4,ShareholderToAggregator,Share,3360,2
3,4,4,AggregatorBroadcast,SplitDecision,49120,614
3,4,4,ShareholderToAggregator,Share,3360,2
3,4,4,AggregatorBroadcast,SplitDecision,49120,614
3,4,4,ShareholderToAggregator,Share,3360,2
3,4,4,AggregatorBroadcast,SplitDecision,49120,614
3,4,4,ShareholderToAggregator,Share,3360,2
3,4,4,ShareholderToAggregator,Share,3360,2
3,4,5,ClientToShareholder,CommittedGradientShare,76745088,44208
3,4,5,ShareholderToAggregator,Share,3360,2
3,4,5,ShareholderToAggregator,Share,3360,2
3,4,5,ShareholderToAggregator,Share,3360,2
3,4,5,ShareholderToAggregator,Share,3360,2
3,4,5,ShareholderToAggregator,Share,3360,2
3,4,5,ShareholderToAggregator,Share,3360,2
3,4,5,ShareholderToAggregator,Share,3360,2
3,4,5,ShareholderToAggregator,Share,3360,2
3,4,5,ShareholderToAggregator,Share,3360,2
3,4,5,AggregatorBroadcast,SplitDecision,49120,614
3,4,5,ShareholderToAggregator,Share,3360,2
3,4,5,AggregatorBroadcast,SplitDecision,49120,614
3,4,5,ShareholderToAggregator,Share,3360,2
3,4,5,AggregatorBroadcast,SplitDecision,49120,614
3,4,5,ShareholderToAggregator,Share,3360,2
3,4,5,AggregatorBroadcast,SplitDecision,49120,614
3,4,5,ShareholderToAggregator,Share,3360,2
3,4,5,ShareholderToAggregator,Share,3360,2
3,4,5,ShareholderToAggregator,Share,3360,2
3,4,5,ShareholderToAggregator,Share,3360,2
3,4,5,AggregatorBroadcast,SplitDecision,49120,614
3,4,5,ShareholderToAggregator,Share,3360,2
3,4,5,ShareholderToAggregator,Share,3360,2
3,4,5,ShareholderToAggregator,Share,3360,2
3,4,5,AggregatorBroadcast,SplitDecision,49120,614
3,4,5,ShareholderToAggregator,Share,3360,2
3,4,5,AggregatorBroadcast,SplitDecision,49120,614
3,4,5,ShareholderToAggregator,Share,3360,2
3,4,5,AggregatorBroadcast,SplitDecision,49120,614
3,4,5,ShareholderToAggregator,Share,3360,2
3,4,5,AggregatorBroadcast,SplitDecision,49120,614
3,4,5,ShareholderToAggregator,Share,3360,2
3,4,5,AggregatorBroadcast,SplitDecision,49120,614
3,4,5,ShareholderToAggregator,Share,3360,2
3,4,5,AggregatorBroadcast,SplitDecision,49120,614
3,5,0,ClientToShareholder,CommittedGradientShare,3197712,1842
3,5,0,ShareholderToAggregator,Share,3360,2
3,5,0,AggregatorBroadcast,SplitDecision,49120,614
3,5,1,ClientToShareholder,CommittedGradientShare,6395424,3684
3,5,1,ShareholderToAggregator,Share,3360,2
3,5,1,AggregatorBroadcast,SplitDecision,49120,614
3,5,1,ShareholderToAggregator,Share,3360,2
3,5,1,AggregatorBroadcast,SplitDecision,49120,614
3,5,2,ClientToShareholder,CommittedGradientShare,12790848,7368
3,5,2,ShareholderToAggregator,Share,3360,2
3,5,2,AggregatorBroadcast,SplitDecision,49120,614
3,5,2,ShareholderToAggregator,Share,3360,2
3,5,2,AggregatorBroadcast,SplitDecision,49120,614
3,5,2,ShareholderToAggregator,Share,3360,2
3,5,2,AggregatorBroadcast,SplitDecision,49120,614
3,5,2,ShareholderToAggregator,Share,3360,2
3,5,2,AggregatorBroadcast,SplitDecision,49120,614
3,5,3,ClientToShareholder,CommittedGradientShare,25581696,14736
3,5,3,ShareholderToAggregator,Share,3360,2
3,5,3,AggregatorBroadcast,SplitDecision,49120,614
3,5,3,ShareholderToAggregator,Share,3360,2
3,5,3,ShareholderToAggregator,Share,3360,2
3,5,3,AggregatorBroadcast,SplitDecision,49120,614
3,5,3,ShareholderToAggregator,Share,3360,2
3,5,3,AggregatorBroadcast,SplitDecision,49120,614
3,5,3,ShareholderToAggregator,Share,3360,2
3,5,3,AggregatorBroadcast,SplitDecision,49120,614
3,5,3,ShareholderToAggregator,Share,3360,2
3,5,3,AggregatorBroadcast,SplitDecision,49120,614
3,5,3,ShareholderToAggregator,Share,3360,2
3,5,3,AggregatorBroadcast,SplitDecision,49120,614
3,5,3,ShareholderToAggregator,Share,3360,2
3,5,3,AggregatorBroadcast,SplitDecision,49120,614
3,5,4,ClientToShareholder,CommittedGradientShare,47965680,27630
3,5,4,ShareholderToAggregator,Share,3360,2
3,5,4,ShareholderToAggregator,Share,3360,2
3,5,4,AggregatorBroadcast,SplitDecision,49120,614
3,5,4,ShareholderToAggregator,Share,3360,2
3,5,4,AggregatorBroadcast,SplitDecision,49120,614
3,5,4,ShareholderToAggregator,Share,3360,2
3,5,4,ShareholderToAggregator,Share,3360,2
3,5,4,ShareholderToAggregator,Share,3360,2
3,5,4,AggregatorBroadcast,SplitDecision,49120,614
3,5,4,ShareholderToAggregator,Share,3360,2
3,5,4,AggregatorBroadcast,SplitDecision,49120,614
3,5,4,ShareholderToAggregator,Share,3360,2
3,5,4,AggregatorBroadcast,SplitDecision,49120,614
3,5,4,ShareholderToAggregator,Share,3360,2
3,5,4,AggregatorBroadcast,SplitDecision,49120,614
3,5,4,ShareholderToAggregator,Share,3360,2
3,5,4,AggregatorBroadcast,SplitDecision,49120,614
3,5,4,ShareholderToAggregator,Share,3360,2
3,5,4,AggregatorBroadcast,SplitDecision,49120,614
3,5,4,ShareholderToAggregator,Share,3360,2
3,5,4,ShareholderToAggregator,Share,3360,2
3,5,4,ShareholderToAggregator,Share,3360,2
3,5,4,ShareholderToAggregator,Share,3360,2
3,5,4,AggregatorBroadcast,SplitDecision,49120,614
3,5,5,ClientToShareholder,CommittedGradientShare,76745088,44208
3,5,5,ShareholderToAggregator,Share,3360,2
3,5,5,ShareholderToAggregator,Share,3360,2
3,5,5,ShareholderToAggregator,Share,3360,2
3,5,5,ShareholderToAggregator,Share,3360,2
3,5,5,ShareholderToAggregator,Share,3360,2
3,5,5,ShareholderToAggregator,Share,3360,2
3,5,5,ShareholderToAggregator,Share,3360,2
3,5,5,AggregatorBroadcast,SplitDecision,49120,614
3,5,5,ShareholderToAggregator,Share,3360,2
3,5,5,AggregatorBroadcast,SplitDecision,49120,614
3,5,5,ShareholderToAggregator,Share,3360,2
3,5,5,ShareholderToAggregator,Share,3360,2
3,5,5,ShareholderToAggregator,Share,3360,2
3,5,5,AggregatorBroadcast,SplitDecision,49120,614
3,5,5,ShareholderToAggregator,Share,3360,2
3,5,5,ShareholderToAggregator,Share,3360,2
3,5,5,AggregatorBroadcast,SplitDecision,49120,614
3,5,5,ShareholderToAggregator,Share,3360,2
3,5,5,ShareholderToAggregator,Share,3360,2
3,5,5,ShareholderToAggregator,Share,3360,2
3,5,5,ShareholderToAggregator,Share,3360,2
3,5,5,AggregatorBroadcast,SplitDecision,49120,614
3,5,5,ShareholderToAggregator,Share,3360,2
3,5,5,AggregatorBroadcast,SplitDecision,49120,614
3,5,5,ShareholderToAggregator,Share,3360,2
3,5,5,AggregatorBroadcast,SplitDecision,49120,614
3,5,5,ShareholderToAggregator,Share,3360,2
3,5,5,ShareholderToAggregator,Share,3360,2
3,5,5,AggregatorBroadcast,SplitDecision,49120,614
3,5,5,ShareholderToAggregator,Share,3360,2
3,5,5,AggregatorBroadcast,SplitDecision,49120,614
3,5,5,ShareholderToAggregator,Share,3360,2
3,5,5,ShareholderToAggregator,Share,3360,2
3,6,0,ClientToShareholder,CommittedGradientShare,3197712,1842
3,6,0,ShareholderToAggregator,Share,3360,2
3,6,0,AggregatorBroadcast,SplitDecision,49120,614
3,6,1,ClientToShareholder,CommittedGradientShare,6395424,3684
3,6,1,ShareholderToAggregator,Share,3360,2
3,6,1,AggregatorBroadcast,SplitDecision,49120,614
3,6,1,ShareholderToAggregator,Share,3360,2
3,6,1,AggregatorBroadcast,SplitDecision,49120,614
3,6,2,ClientToShareholder,CommittedGradientShare,12790848,7368
3,6,2,ShareholderToAggregator,Share,3360,2
3,6,2,AggregatorBroadcast,SplitDecision,49120,614
3,6,2,ShareholderToAggregator,Share,3360,2
3,6,2,AggregatorBroadcast,SplitDecision,49120,614
3,6,2,ShareholderToAggregator,Share,3360,2
3,6,2,AggregatorBroadcast,SplitDecision,49120,614
3,6,2,ShareholderToAggregator,Share,3360,2
3,6,2,AggregatorBroadcast,SplitDecision,49120,614
3,6,3,ClientToShareholder,CommittedGradientShare,25581696,14736
3,6,3,ShareholderToAggregator,Share,3360,2
3,6,3,AggregatorBroadcast,SplitDecision,49120,614
3,6,3,ShareholderToAggregator,Share,3360,2
3,6,3,AggregatorBroadcast,SplitDecision,49120,614
3,6,3,ShareholderToAggregator,Share,3360,2
3,6,3,AggregatorBroadcast,SplitDecision,49120,614
3,6,3,ShareholderToAggregator,Share,3360,2
3,6,3,AggregatorBroadcast,SplitDecision,49120,614
3,6,3,ShareholderToAggregator,Share,3360,2
3,6,3,AggregatorBroadcast,SplitDecision,49120,614
3,6,3,ShareholderToAggregator,Share,3360,2
3,6,3,AggregatorBroadcast,SplitDecision,49120,614
3,6,3,ShareholderToAggregator,Share,3360,2
3,6,3,AggregatorBroadcast,SplitDecision,49120,614
3,6,3,ShareholderToAggregator,Share,3360,2
3,6,3,AggregatorBroadcast,SplitDecision,49120,614
3,6,4,ClientToShareholder,CommittedGradientShare,51163392,29472
3,6,4,ShareholderToAggregator,Share,3360,2
3,6,4,AggregatorBroadcast,SplitDecision,49120,614
3,6,4,ShareholderToAggregator,Share,3360,2
3,6,4,ShareholderToAggregator,Share,3360,2
3,6,4,AggregatorBroadcast,SplitDecision,49120,614
3,6,4,ShareholderToAggregator,Share,3360,2
3,6,4,AggregatorBroadcast,SplitDecision,49120,614
3,6,4,ShareholderToAggregator,Share,3360,2
3,6,4,AggregatorBroadcast,SplitDecision,49120,614
3,6,4,ShareholderToAggregator,Share,3360,2
3,6,4,ShareholderToAggregator,Share,3360,2
3,6,4,ShareholderToAggregator,Share,3360,2
3,6,4,AggregatorBroadcast,SplitDecision,49120,614
3,6,4,ShareholderToAggregator,Share,3360,2
3,6,4,AggregatorBroadcast,SplitDecision,49120,614
3,6,4,ShareholderToAggregator,Share,3360,2
3,6,4,AggregatorBroadcast,SplitDecision,49120,614
3,6,4,ShareholderToAggregator,Share,3360,2
3,6,4,AggregatorBroadcast,SplitDecision,49120,614
3,6,4,ShareholderToAggregator,Share,3360,2
3,6,4,AggregatorBroadcast,SplitDecision,49120,614
3,6,4,ShareholderToAggregator,Share,3360,2
3,6,4,ShareholderToAggregator,Share,3360,2
3,6,4,ShareholderToAggregator,Share,3360,2
3,6,4,ShareholderToAggregator,Share,3360,2
3,6,4,AggregatorBroadcast,SplitDecision,49120,614
3,6,5,ClientToShareholder,CommittedGradientShare,83140512,47892
3,6,5,ShareholderToAggregator,Share,3360,2
3,6,5,ShareholderToAggregator,Share,3360,2
3,6,5,ShareholderToAggregator,Share,3360,2
3,6,5,ShareholderToAggregator,Share,3360,2
3,6,5,ShareholderToAggregator,Share,3360,2
3,6,5,ShareholderToAggregator,Share,3360,2
3,6,5,ShareholderToAggregator,Share,3360,2
3,6,5,ShareholderToAggregator,Share,3360,2
3,6,5,ShareholderToAggregator,Share,3360,2
3,6,5,AggregatorBroadcast,SplitDecision,49120,614
3,6,5,ShareholderToAggregator,Share,3360,2
3,6,5,AggregatorBroadcast,SplitDecision,49120,614
3,6,5,ShareholderToAggregator,Share,3360,2
3,6,5,AggregatorBroadcast,SplitDecision,49120,614
3,6,5,ShareholderToAggregator,Share,3360,2
3,6,5,AggregatorBroadcast,SplitDecision,49120,614
3,6,5,ShareholderToAggregator,Share,3360,2
3,6,5,ShareholderToAggregator,Share,3360,2
3,6,5,ShareholderToAggregator,Share,3360,2
3,6,5,ShareholderToAggregator,Share,3360,2
3,6,5,ShareholderToAggregator,Share,3360,2
3,6,5,ShareholderToAggregator,Share,3360,2
3,6,5,AggregatorBroadcast,SplitDecision,49120,614
3,6,5,ShareholderToAggregator,Share,3360,2
3,6,5,AggregatorBroadcast,SplitDecision,49120,614
3,6,5,ShareholderToAggregator,Share,3360,2
3,6,5,AggregatorBroadcast,SplitDecision,49120,614
3,6,5,ShareholderToAggregator,Share,3360,2
3,6,5,ShareholderToAggregator,Share,3360,2
3,6,5,ShareholderToAggregator,Share,3360,2
3,6,5,AggregatorBroadcast,SplitDecision,49120,614
3,6,5,ShareholderToAggregator,Share,3360,2
3,6,5,ShareholderToAggregator,Share,3360,2
3,6,5,ShareholderToAggregator,Share,3360,2
3,7,0,ClientToShareholder,CommittedGradientShare,3197712,1842
3,7,0,ShareholderToAggregator,Share,3360,2
3,7,0,AggregatorBroadcast,SplitDecision,49120,614
3,7,1,ClientToShareholder,CommittedGradientShare,6395424,3684
3,7,1,ShareholderToAggregator,Share,3360,2
3,7,1,AggregatorBroadcast,SplitDecision,49120,614
3,7,1,ShareholderToAggregator,Share,3360,2
3,7,1,AggregatorBroadcast,SplitDecision,49120,614
3,7,2,ClientToShareholder,CommittedGradientShare,12790848,7368
3,7,2,ShareholderToAggregator,Share,3360,2
3,7,2,ShareholderToAggregator,Share,3360,2
3,7,2,AggregatorBroadcast,SplitDecision,49120,614
3,7,2,ShareholderToAggregator,Share,3360,2
3,7,2,AggregatorBroadcast,SplitDecision,49120,614
3,7,2,ShareholderToAggregator,Share,3360,2
3,7,2,AggregatorBroadcast,SplitDecision,49120,614
3,7,3,ClientToShareholder,CommittedGradientShare,22383984,12894
3,7,3,ShareholderToAggregator,Share,3360,2
3,7,3,ShareholderToAggregator,Share,3360,2
3,7,3,AggregatorBroadcast,SplitDecision,49120,614
3,7,3,ShareholderToAggregator,Share,3360,2
3,7,3,AggregatorBroadcast,SplitDecision,49120,614
3,7,3,ShareholderToAggregator,Share,3360,2
3,7,3,AggregatorBroadcast,SplitDecision,49120,614
3,7,3,ShareholderToAggregator,Share,3360,2
3,7,3,AggregatorBroadcast,SplitDecision,49120,614
3,7,3,ShareholderToAggregator,Share,3360,2
3,7,3,AggregatorBroadcast,SplitDecision,49120,614
3,7,3,ShareholderToAggregator,Share,3360,2
3,7,3,AggregatorBroadcast,SplitDecision,49120,614
3,7,4,ClientToShareholder,CommittedGradientShare,41570256,23946
3,7,4,ShareholderToAggregator,Share,3360,2
3,7,4,ShareholderToAggregator,Share,3360,2
3,7,4,AggregatorBroadcast,SplitDecision,49120,614
3,7,4,ShareholderToAggregator,Share,3360,2
3,7,4,ShareholderToAggregator,Share,3360,2
3,7,4,AggregatorBroadcast,SplitDecision,49120,614
3,7,4,ShareholderToAggregator,Share,3360,2
3,7,4,AggregatorBroadcast,SplitDecision,49120,614
3,7,4,ShareholderToAggregator,Share,3360,2
3,7,4,ShareholderToAggregator,Share,3360,2
3,7,4,AggregatorBroadcast,SplitDecision,49120,614
3,7,4,ShareholderToAggregator,Share,3360,2
3,7,4,AggregatorBroadcast,SplitDecision,49120,614
3,7,4,ShareholderToAggregator,Share,3360,2
3,7,4,AggregatorBroadcast,SplitDecision,49120,614
3,7,4,ShareholderToAggregator,Share,3360,2
3,7,4,ShareholderToAggregator,Share,3360,2
3,7,4,ShareholderToAggregator,Share,3360,2
3,7,4,ShareholderToAggregator,Share,3360,2
3,7,5,ClientToShareholder,CommittedGradientShare,60756528,34998
3,7,5,ShareholderToAggregator,Share,3360,2
3,7,5,ShareholderToAggregator,Share,3360,2
3,7,5,ShareholderToAggregator,Share,3360,2
3,7,5,ShareholderToAggregator,Share,3360,2
3,7,5,ShareholderToAggregator,Share,3360,2
3,7,5,ShareholderToAggregator,Share,3360,2
3,7,5,ShareholderToAggregator,Share,3360,2
3,7,5,ShareholderToAggregator,Share,3360,2
3,7,5,AggregatorBroadcast,SplitDecision,49120,614
3,7,5,ShareholderToAggregator,Share,3360,2
3,7,5,AggregatorBroadcast,SplitDecision,49120,614
3,7,5,ShareholderToAggregator,Share,3360,2
3,7,5,AggregatorBroadcast,SplitDecision,49120,614
3,7,5,ShareholderToAggregator,Share,3360,2
3,7,5,ShareholderToAggregator,Share,3360,2
3,7,5,AggregatorBroadcast,SplitDecision,49120,614
3,7,5,ShareholderToAggregator,Share,3360,2
3,7,5,ShareholderToAggregator,Share,3360,2
3,7,5,AggregatorBroadcast,SplitDecision,49120,614
3,7,5,ShareholderToAggregator,Share,3360,2
3,7,5,AggregatorBroadcast,SplitDecision,49120,614
3,7,5,ShareholderToAggregator,Share,3360,2
3,7,5,AggregatorBroadcast,SplitDecision,49120,614
3,7,5,ShareholderToAggregator,Share,3360,2
3,7,5,AggregatorBroadcast,SplitDecision,49120,614
3,7,5,ShareholderToAggregator,Share,3360,2
3,7,5,AggregatorBroadcast,SplitDecision,49120,614
3,7,5,ShareholderToAggregator,Share,3360,2
3,7,5,AggregatorBroadcast,SplitDecision,49120,614
3,8,0,ClientToShareholder,CommittedGradientShare,3197712,1842
3,8,0,ShareholderToAggregator,Share,3360,2
3,8,0,AggregatorBroadcast,SplitDecision,49120,614
3,8,1,ClientToShareholder,CommittedGradientShare,6395424,3684
3,8,1,ShareholderToAggregator,Share,3360,2
3,8,1,AggregatorBroadcast,SplitDecision,49120,614
3,8,1,ShareholderToAggregator,Share,3360,2
3,8,1,AggregatorBroadcast,SplitDecision,49120,614
3,8,2,ClientToShareholder,CommittedGradientShare,12790848,7368
3,8,2,ShareholderToAggregator,Share,3360,2
3,8,2,AggregatorBroadcast,SplitDecision,49120,614
3,8,2,ShareholderToAggregator,Share,3360,2
3,8,2,AggregatorBroadcast,SplitDecision,49120,614
3,8,2,ShareholderToAggregator,Share,3360,2
3,8,2,AggregatorBroadcast,SplitDecision,49120,614
3,8,2,ShareholderToAggregator,Share,3360,2
3,8,2,AggregatorBroadcast,SplitDecision,49120,614
3,8,3,ClientToShareholder,CommittedGradientShare,25581696,14736
3,8,3,ShareholderToAggregator,Share,3360,2
3,8,3,AggregatorBroadcast,SplitDecision,49120,614
3,8,3,ShareholderToAggregator,Share,3360,2
3,8,3,ShareholderToAggregator,Share,3360,2
3,8,3,ShareholderToAggregator,Share,3360,2
3,8,3,AggregatorBroadcast,SplitDecision,49120,614
3,8,3,ShareholderToAggregator,Share,3360,2
3,8,3,AggregatorBroadcast,SplitDecision,49120,614
3,8,3,ShareholderToAggregator,Share,3360,2
3,8,3,AggregatorBroadcast,SplitDecision,49120,614
3,8,3,ShareholderToAggregator,Share,3360,2
3,8,3,AggregatorBroadcast,SplitDecision,49120,614
3,8,3,ShareholderToAggregator,Share,3360,2
3,8,3,AggregatorBroadcast,SplitDecision,49120,614
3,8,4,ClientToShareholder,CommittedGradientShare,44767968,25788
3,8,4,ShareholderToAggregator,Share,3360,2
3,8,4,ShareholderToAggregator,Share,3360,2
3,8,4,ShareholderToAggregator,Share,3360,2
3,8,4,AggregatorBroadcast,SplitDecision,49120,614
3,8,4,ShareholderToAggregator,Share,3360,2
3,8,4,ShareholderToAggregator,Share,3360,2
3,8,4,ShareholderToAggregator,Share,3360,2
3,8,4,ShareholderToAggregator,Share,3360,2
3,8,4,ShareholderToAggregator,Share,3360,2
3,8,4,AggregatorBroadcast,SplitDecision,49120,614
3,8,4,ShareholderToAggregator,Share,3360,2
3,8,4,ShareholderToAggregator,Share,3360,2
3,8,4,ShareholderToAggregator,Share,3360,2
3,8,4,AggregatorBroadcast,SplitDecision,49120,614
3,8,4,ShareholderToAggregator,Share,3360,2
3,8,4,AggregatorBroadcast,SplitDecision,49120,614
3,8,4,ShareholderToAggregator,Share,3360,2
3,8,4,AggregatorBroadcast,SplitDecision,49120,614
3,8,4,ShareholderToAggregator,Share,3360,2
3,8,4,AggregatorBroadcast,SplitDecision,49120,614
3,8,5,ClientToShareholder,CommittedGradientShare,63954240,36840
3,8,5,ShareholderToAggregator,Share,3360,2
3,8,5,ShareholderToAggregator,Share,3360,2
3,8,5,ShareholderToAggregator,Share,3360,2
3,8,5,ShareholderToAggregator,Share,3360,2
3,8,5,ShareholderToAggregator,Share,3360,2
3,8,5,ShareholderToAggregator,Share,3360,2
3,8,5,ShareholderToAggregator,Share,3360,2
3,8,5,ShareholderToAggregator,Share,3360,2
3,8,5,ShareholderToAggregator,Share,3360,2
3,8,5,ShareholderToAggregator,Share,3360,2
3,8,5,ShareholderToAggregator,Share,3360,2
3,8,5,ShareholderToAggregator,Share,3360,2
3,8,5,AggregatorBroadcast,SplitDecision,49120,614
3,8,5,ShareholderToAggregator,Share,3360,2
3,8,5,AggregatorBroadcast,SplitDecision,49120,614
3,8,5,ShareholderToAggregator,Share,3360,2
3,8,5,AggregatorBroadcast,SplitDecision,49120,614
3,8,5,ShareholderToAggregator,Share,3360,2
3,8,5,AggregatorBroadcast,SplitDecision,49120,614
3,8,5,ShareholderToAggregator,Share,3360,2
3,8,5,AggregatorBroadcast,SplitDecision,49120,614
3,8,5,ShareholderToAggregator,Share,3360,2
3,8,5,AggregatorBroadcast,SplitDecision,49120,614
3,8,5,ShareholderToAggregator,Share,3360,2
3,8,5,AggregatorBroadcast,SplitDecision,49120,614
3,8,5,ShareholderToAggregator,Share,3360,2
3,8,5,AggregatorBroadcast,SplitDecision,49120,614
3,8,5,ShareholderToAggregator,Share,3360,2
3,9,0,ClientToShareholder,CommittedGradientShare,3197712,1842
3,9,0,ShareholderToAggregator,Share,3360,2
3,9,0,AggregatorBroadcast,SplitDecision,49120,614
3,9,1,ClientToShareholder,CommittedGradientShare,6395424,3684
3,9,1,ShareholderToAggregator,Share,3360,2
3,9,1,AggregatorBroadcast,SplitDecision,49120,614
3,9,1,ShareholderToAggregator,Share,3360,2
3,9,1,AggregatorBroadcast,SplitDecision,49120,614
3,9,2,ClientToShareholder,CommittedGradientShare,12790848,7368
3,9,2,ShareholderToAggregator,Share,3360,2
3,9,2,AggregatorBroadcast,SplitDecision,49120,614
3,9,2,ShareholderToAggregator,Share,3360,2
3,9,2,AggregatorBroadcast,SplitDecision,49120,614
3,9,2,ShareholderToAggregator,Share,3360,2
3,9,2,AggregatorBroadcast,SplitDecision,49120,614
3,9,2,ShareholderToAggregator,Share,3360,2
3,9,2,AggregatorBroadcast,SplitDecision,49120,614
3,9,3,ClientToShareholder,CommittedGradientShare,25581696,14736
3,9,3,ShareholderToAggregator,Share,3360,2
3,9,3,AggregatorBroadcast,SplitDecision,49120,614
3,9,3,ShareholderToAggregator,Share,3360,2
3,9,3,ShareholderToAggregator,Share,3360,2
3,9,3,ShareholderToAggregator,Share,3360,2
3,9,3,AggregatorBroadcast,SplitDecision,49120,614
3,9,3,ShareholderToAggregator,Share,3360,2
3,9,3,AggregatorBroadcast,SplitDecision,49120,614
3,9,3,ShareholderToAggregator,Share,3360,2
3,9,3,AggregatorBroadcast,SplitDecision,49120,614
3,9,3,ShareholderToAggregator,Share,3360,2
3,9,3,AggregatorBroadcast,SplitDecision,49120,614
3,9,3,ShareholderToAggregator,Share,3360,2
3,9,3,AggregatorBroadcast,SplitDecision,49120,614
3,9,4,ClientToShareholder,CommittedGradientShare,44767968,25788
3,9,4,ShareholderToAggregator,Share,3360,2
3,9,4,ShareholderToAggregator,Share,3360,2
3,9,4,ShareholderToAggregator,Share,3360,2
3,9,4,AggregatorBroadcast,SplitDecision,49120,614
3,9,4,ShareholderToAggregator,Share,3360,2
3,9,4,ShareholderToAggregator,Share,3360,2
3,9,4,ShareholderToAggregator,Share,3360,2
3,9,4,ShareholderToAggregator,Share,3360,2
3,9,4,AggregatorBroadcast,SplitDecision,49120,614
3,9,4,ShareholderToAggregator,Share,3360,2
3,9,4,AggregatorBroadcast,SplitDecision,49120,614
3,9,4,ShareholderToAggregator,Share,3360,2
3,9,4,AggregatorBroadcast,SplitDecision,49120,614
3,9,4,ShareholderToAggregator,Share,3360,2
3,9,4,AggregatorBroadcast,SplitDecision,49120,614
3,9,4,ShareholderToAggregator,Share,3360,2
3,9,4,ShareholderToAggregator,Share,3360,2
3,9,4,AggregatorBroadcast,SplitDecision,49120,614
3,9,4,ShareholderToAggregator,Share,3360,2
3,9,4,ShareholderToAggregator,Share,3360,2
3,9,4,AggregatorBroadcast,SplitDecision,49120,614
3,9,5,ClientToShareholder,CommittedGradientShare,67151952,38682
3,9,5,ShareholderToAggregator,Share,3360,2
3,9,5,ShareholderToAggregator,Share,3360,2
3,9,5,ShareholderToAggregator,Share,3360,2
3,9,5,ShareholderToAggregator,Share,3360,2
3,9,5,ShareholderToAggregator,Share,3360,2
3,9,5,ShareholderToAggregator,Share,3360,2
3,9,5,ShareholderToAggregator,Share,3360,2
3,9,5,ShareholderToAggregator,Share,3360,2
3,9,5,ShareholderToAggregator,Share,3360,2
3,9,5,ShareholderToAggregator,Share,3360,2
3,9,5,ShareholderToAggregator,Share,3360,2
3,9,5,ShareholderToAggregator,Share,3360,2
3,9,5,AggregatorBroadcast,SplitDecision,49120,614
3,9,5,ShareholderToAggregator,Share,3360,2
3,9,5,ShareholderToAggregator,Share,3360,2
3,9,5,AggregatorBroadcast,SplitDecision,49120,614
3,9,5,ShareholderToAggregator,Share,3360,2
3,9,5,AggregatorBroadcast,SplitDecision,49120,614
3,9,5,ShareholderToAggregator,Share,3360,2
3,9,5,ShareholderToAggregator,Share,3360,2
3,9,5,AggregatorBroadcast,SplitDecision,49120,614
3,9,5,ShareholderToAggregator,Share,3360,2
3,9,5,ShareholderToAggregator,Share,3360,2
3,9,5,ShareholderToAggregator,Share,3360,2
3,9,5,AggregatorBroadcast,SplitDecision,49120,614
3,9,5,ShareholderToAggregator,Share,3360,2
3,10,0,ClientToShareholder,CommittedGradientShare,3197712,1842
3,10,0,ShareholderToAggregator,Share,3360,2
3,10,0,AggregatorBroadcast,SplitDecision,49120,614
3,10,1,ClientToShareholder,CommittedGradientShare,6395424,3684
3,10,1,ShareholderToAggregator,Share,3360,2
3,10,1,AggregatorBroadcast,SplitDecision,49120,614
3,10,1,ShareholderToAggregator,Share,3360,2
3,10,1,AggregatorBroadcast,SplitDecision,49120,614
3,10,2,ClientToShareholder,CommittedGradientShare,12790848,7368
3,10,2,ShareholderToAggregator,Share,3360,2
3,10,2,AggregatorBroadcast,SplitDecision,49120,614
3,10,2,ShareholderToAggregator,Share,3360,2
3,10,2,AggregatorBroadcast,SplitDecision,49120,614
3,10,2,ShareholderToAggregator,Share,3360,2
3,10,2,AggregatorBroadcast,SplitDecision,49120,614
3,10,2,ShareholderToAggregator,Share,3360,2
3,10,2,AggregatorBroadcast,SplitDecision,49120,614
3,10,3,ClientToShareholder,CommittedGradientShare,25581696,14736
3,10,3,ShareholderToAggregator,Share,3360,2
3,10,3,AggregatorBroadcast,SplitDecision,49120,614
3,10,3,ShareholderToAggregator,Share,3360,2
3,10,3,ShareholderToAggregator,Share,3360,2
3,10,3,AggregatorBroadcast,SplitDecision,49120,614
3,10,3,ShareholderToAggregator,Share,3360,2
3,10,3,ShareholderToAggregator,Share,3360,2
3,10,3,AggregatorBroadcast,SplitDecision,49120,614
3,10,3,ShareholderToAggregator,Share,3360,2
3,10,3,AggregatorBroadcast,SplitDecision,49120,614
3,10,3,ShareholderToAggregator,Share,3360,2
3,10,3,AggregatorBroadcast,SplitDecision,49120,614
3,10,3,ShareholderToAggregator,Share,3360,2
3,10,3,AggregatorBroadcast,SplitDecision,49120,614
3,10,4,ClientToShareholder,CommittedGradientShare,44767968,25788
3,10,4,ShareholderToAggregator,Share,3360,2
3,10,4,ShareholderToAggregator,Share,3360,2
3,10,4,ShareholderToAggregator,Share,3360,2
3,10,4,ShareholderToAggregator,Share,3360,2
3,10,4,ShareholderToAggregator,Share,3360,2
3,10,4,ShareholderToAggregator,Share,3360,2
3,10,4,AggregatorBroadcast,SplitDecision,49120,614
3,10,4,ShareholderToAggregator,Share,3360,2
3,10,4,AggregatorBroadcast,SplitDecision,49120,614
3,10,4,ShareholderToAggregator,Share,3360,2
3,10,4,AggregatorBroadcast,SplitDecision,49120,614
3,10,4,ShareholderToAggregator,Share,3360,2
3,10,4,AggregatorBroadcast,SplitDecision,49120,614
3,10,4,ShareholderToAggregator,Share,3360,2
3,10,4,AggregatorBroadcast,SplitDecision,49120,614
3,10,4,ShareholderToAggregator,Share,3360,2
3,10,4,ShareholderToAggregator,Share,3360,2
3,10,4,ShareholderToAggregator,Share,3360,2
3,10,4,ShareholderToAggregator,Share,3360,2
3,10,5,ClientToShareholder,CommittedGradientShare,60756528,34998
3,10,5,ShareholderToAggregator,Share,3360,2
3,10,5,ShareholderToAggregator,Share,3360,2
3,10,5,ShareholderToAggregator,Share,3360,2
3,10,5,ShareholderToAggregator,Share,3360,2
3,10,5,ShareholderToAggregator,Share,3360,2
3,10,5,ShareholderToAggregator,Share,3360,2
3,10,5,ShareholderToAggregator,Share,3360,2
3,10,5,ShareholderToAggregator,Share,3360,2
3,10,5,ShareholderToAggregator,Share,3360,2
3,10,5,ShareholderToAggregator,Share,3360,2
3,10,5,ShareholderToAggregator,Share,3360,2
3,10,5,ShareholderToAggregator,Share,3360,2
3,10,5,AggregatorBroadcast,SplitDecision,49120,614
3,10,5,ShareholderToAggregator,Share,3360,2
3,10,5,AggregatorBroadcast,SplitDecision,49120,614
3,10,5,ShareholderToAggregator,Share,3360,2
3,10,5,AggregatorBroadcast,SplitDecision,49120,614
3,10,5,ShareholderToAggregator,Share,3360,2
3,10,5,AggregatorBroadcast,SplitDecision,49120,614
3,10,5,ShareholderToAggregator,Share,3360,2
3,10,5,ShareholderToAggregator,Share,3360,2
3,10,5,AggregatorBroadcast,SplitDecision,49120,614
3,10,5,ShareholderToAggregator,Share,3360,2
3,10,5,ShareholderToAggregator,Share,3360,2
3,10,5,AggregatorBroadcast,SplitDecision,49120,614
3,11,0,ClientToShareholder,CommittedGradientShare,3197712,1842
3,11,0,ShareholderToAggregator,Share,3360,2
3,11,0,AggregatorBroadcast,SplitDecision,49120,614
3,11,1,ClientToShareholder,CommittedGradientShare,6395424,3684
3,11,1,ShareholderToAggregator,Share,3360,2
3,11,1,AggregatorBroadcast,SplitDecision,49120,614
3,11,1,ShareholderToAggregator,Share,3360,2
3,11,1,AggregatorBroadcast,SplitDecision,49120,614
3,11,2,ClientToShareholder,CommittedGradientShare,12790848,7368
3,11,2,ShareholderToAggregator,Share,3360,2
3,11,2,AggregatorBroadcast,SplitDecision,49120,614
3,11,2,ShareholderToAggregator,Share,3360,2
3,11,2,AggregatorBroadcast,SplitDecision,49120,614
3,11,2,ShareholderToAggregator,Share,3360,2
3,11,2,AggregatorBroadcast,SplitDecision,49120,614
3,11,2,ShareholderToAggregator,Share,3360,2
3,11,2,AggregatorBroadcast,SplitDecision,49120,614
3,11,3,ClientToShareholder,CommittedGradientShare,25581696,14736
3,11,3,ShareholderToAggregator,Share,3360,2
3,11,3,ShareholderToAggregator,Share,3360,2
3,11,3,AggregatorBroadcast,SplitDecision,49120,614
3,11,3,ShareholderToAggregator,Share,3360,2
3,11,3,AggregatorBroadcast,SplitDecision,49120,614
3,11,3,ShareholderToAggregator,Share,3360,2
3,11,3,AggregatorBroadcast,SplitDecision,49120,614
3,11,3,ShareholderToAggregator,Share,3360,2
3,11,3,AggregatorBroadcast,SplitDecision,49120,614
3,11,3,ShareholderToAggregator,Share,3360,2
3,11,3,AggregatorBroadcast,SplitDecision,49120,614
3,11,3,ShareholderToAggregator,Share,3360,2
3,11,3,AggregatorBroadcast,SplitDecision,49120,614
3,11,3,ShareholderToAggregator,Share,3360,2
3,11,3,AggregatorBroadcast,SplitDecision,49120,614
3,11,4,ClientToShareholder,CommittedGradientShare,47965680,27630
3,11,4,ShareholderToAggregator,Share,3360,2
3,11,4,ShareholderToAggregator,Share,3360,2
3,11,4,AggregatorBroadcast,SplitDecision,49120,614
3,11,4,ShareholderToAggregator,Share,3360,2
3,11,4,AggregatorBroadcast,SplitDecision,49120,614
3,11,4,ShareholderToAggregator,Share,3360,2
3,11,4,ShareholderToAggregator,Share,3360,2
3,11,4,AggregatorBroadcast,SplitDecision,49120,614
3,11,4,ShareholderToAggregator,Share,3360,2
3,11,4,ShareholderToAggregator,Share,3360,2
3,11,4,AggregatorBroadcast,SplitDecision,49120,614
3,11,4,ShareholderToAggregator,Share,3360,2
3,11,4,AggregatorBroadcast,SplitDecision,49120,614
3,11,4,ShareholderToAggregator,Share,3360,2
3,11,4,AggregatorBroadcast,SplitDecision,49120,614
3,11,4,ShareholderToAggregator,Share,3360,2
3,11,4,AggregatorBroadcast,SplitDecision,49120,614
3,11,4,ShareholderToAggregator,Share,3360,2
3,11,4,AggregatorBroadcast,SplitDecision,49120,614
3,11,4,ShareholderToAggregator,Share,3360,2
3,11,4,ShareholderToAggregator,Share,3360,2
3,11,4,ShareholderToAggregator,Share,3360,2
3,11,4,ShareholderToAggregator,Share,3360,2
3,11,5,ClientToShareholder,CommittedGradientShare,73547376,42366
3,11,5,ShareholderToAggregator,Share,3360,2
3,11,5,ShareholderToAggregator,Share,3360,2
3,11,5,ShareholderToAggregator,Share,3360,2
3,11,5,ShareholderToAggregator,Share,3360,2
3,11,5,ShareholderToAggregator,Share,3360,2
3,11,5,ShareholderToAggregator,Share,3360,2
3,11,5,ShareholderToAggregator,Share,3360,2
3,11,5,ShareholderToAggregator,Share,3360,2
3,11,5,ShareholderToAggregator,Share,3360,2
3,11,5,ShareholderToAggregator,Share,3360,2
3,11,5,ShareholderToAggregator,Share,3360,2
3,11,5,ShareholderToAggregator,Share,3360,2
3,11,5,AggregatorBroadcast,SplitDecision,49120,614
3,11,5,ShareholderToAggregator,Share,3360,2
3,11,5,AggregatorBroadcast,SplitDecision,49120,614
3,11,5,ShareholderToAggregator,Share,3360,2
3,11,5,AggregatorBroadcast,SplitDecision,49120,614
3,11,5,ShareholderToAggregator,Share,3360,2
3,11,5,AggregatorBroadcast,SplitDecision,49120,614
3,11,5,ShareholderToAggregator,Share,3360,2
3,11,5,AggregatorBroadcast,SplitDecision,49120,614
3,11,5,ShareholderToAggregator,Share,3360,2
3,11,5,AggregatorBroadcast,SplitDecision,49120,614
3,11,5,ShareholderToAggregator,Share,3360,2
3,11,5,AggregatorBroadcast,SplitDecision,49120,614
3,11,5,ShareholderToAggregator,Share,3360,2
3,11,5,ShareholderToAggregator,Share,3360,2
3,11,5,AggregatorBroadcast,SplitDecision,49120,614
3,11,5,ShareholderToAggregator,Share,3360,2
3,11,5,ShareholderToAggregator,Share,3360,2
3,11,5,ShareholderToAggregator,Share,3360,2
3,12,0,ClientToShareholder,CommittedGradientShare,3197712,1842
3,12,0,ShareholderToAggregator,Share,3360,2
3,12,0,AggregatorBroadcast,SplitDecision,49120,614
3,12,1,ClientToShareholder,CommittedGradientShare,6395424,3684
3,12,1,ShareholderToAggregator,Share,3360,2
3,12,1,AggregatorBroadcast,SplitDecision,49120,614
3,12,1,ShareholderToAggregator,Share,3360,2
3,12,1,AggregatorBroadcast,SplitDecision,49120,614
3,12,2,ClientToShareholder,CommittedGradientShare,12790848,7368
3,12,2,ShareholderToAggregator,Share,3360,2
3,12,2,AggregatorBroadcast,SplitDecision,49120,614
3,12,2,ShareholderToAggregator,Share,3360,2
3,12,2,AggregatorBroadcast,SplitDecision,49120,614
3,12,2,ShareholderToAggregator,Share,3360,2
3,12,2,AggregatorBroadcast,SplitDecision,49120,614
3,12,2,ShareholderToAggregator,Share,3360,2
3,12,2,AggregatorBroadcast,SplitDecision,49120,614
3,12,3,ClientToShareholder,CommittedGradientShare,25581696,14736
3,12,3,ShareholderToAggregator,Share,3360,2
3,12,3,AggregatorBroadcast,SplitDecision,49120,614
3,12,3,ShareholderToAggregator,Share,3360,2
3,12,3,ShareholderToAggregator,Share,3360,2
3,12,3,AggregatorBroadcast,SplitDecision,49120,614
3,12,3,ShareholderToAggregator,Share,3360,2
3,12,3,ShareholderToAggregator,Share,3360,2
3,12,3,AggregatorBroadcast,SplitDecision,49120,614
3,12,3,ShareholderToAggregator,Share,3360,2
3,12,3,AggregatorBroadcast,SplitDecision,49120,614
3,12,3,ShareholderToAggregator,Share,3360,2
3,12,3,AggregatorBroadcast,SplitDecision,49120,614
3,12,3,ShareholderToAggregator,Share,3360,2
3,12,3,AggregatorBroadcast,SplitDecision,49120,614
3,12,4,ClientToShareholder,CommittedGradientShare,44767968,25788
3,12,4,ShareholderToAggregator,Share,3360,2
3,12,4,ShareholderToAggregator,Share,3360,2
3,12,4,ShareholderToAggregator,Share,3360,2
3,12,4,ShareholderToAggregator,Share,3360,2
3,12,4,AggregatorBroadcast,SplitDecision,49120,614
3,12,4,ShareholderToAggregator,Share,3360,2
3,12,4,ShareholderToAggregator,Share,3360,2
3,12,4,AggregatorBroadcast,SplitDecision,49120,614
3,12,4,ShareholderToAggregator,Share,3360,2
3,12,4,AggregatorBroadcast,SplitDecision,49120,614
3,12,4,ShareholderToAggregator,Share,3360,2
3,12,4,AggregatorBroadcast,SplitDecision,49120,614
3,12,4,ShareholderToAggregator,Share,3360,2
3,12,4,AggregatorBroadcast,SplitDecision,49120,614
3,12,4,ShareholderToAggregator,Share,3360,2
3,12,4,AggregatorBroadcast,SplitDecision,49120,614
3,12,4,ShareholderToAggregator,Share,3360,2
3,12,4,ShareholderToAggregator,Share,3360,2
3,12,4,ShareholderToAggregator,Share,3360,2
3,12,4,ShareholderToAggregator,Share,3360,2
3,12,5,ClientToShareholder,CommittedGradientShare,63954240,36840
3,12,5,ShareholderToAggregator,Share,3360,2
3,12,5,ShareholderToAggregator,Share,3360,2
3,12,5,ShareholderToAggregator,Share,3360,2
3,12,5,ShareholderToAggregator,Share,3360,2
3,12,5,ShareholderToAggregator,Share,3360,2
3,12,5,ShareholderToAggregator,Share,3360,2
3,12,5,ShareholderToAggregator,Share,3360,2
3,12,5,ShareholderToAggregator,Share,3360,2
3,12,5,ShareholderToAggregator,Share,3360,2
3,12,5,ShareholderToAggregator,Share,3360,2
3,12,5,AggregatorBroadcast,SplitDecision,49120,614
3,12,5,ShareholderToAggregator,Share,3360,2
3,12,5,ShareholderToAggregator,Share,3360,2
3,12,5,ShareholderToAggregator,Share,3360,2
3,12,5,AggregatorBroadcast,SplitDecision,49120,614
3,12,5,ShareholderToAggregator,Share,3360,2
3,12,5,AggregatorBroadcast,SplitDecision,49120,614
3,12,5,ShareholderToAggregator,Share,3360,2
3,12,5,AggregatorBroadcast,SplitDecision,49120,614
3,12,5,ShareholderToAggregator,Share,3360,2
3,12,5,AggregatorBroadcast,SplitDecision,49120,614
3,12,5,ShareholderToAggregator,Share,3360,2
3,12,5,ShareholderToAggregator,Share,3360,2
3,12,5,ShareholderToAggregator,Share,3360,2
3,12,5,ShareholderToAggregator,Share,3360,2
3,13,0,ClientToShareholder,CommittedGradientShare,3197712,1842
3,13,0,ShareholderToAggregator,Share,3360,2
3,13,0,AggregatorBroadcast,SplitDecision,49120,614
3,13,1,ClientToShareholder,CommittedGradientShare,6395424,3684
3,13,1,ShareholderToAggregator,Share,3360,2
3,13,1,AggregatorBroadcast,SplitDecision,49120,614
3,13,1,ShareholderToAggregator,Share,3360,2
3,13,1,AggregatorBroadcast,SplitDecision,49120,614
3,13,2,ClientToShareholder,CommittedGradientShare,12790848,7368
3,13,2,ShareholderToAggregator,Share,3360,2
3,13,2,ShareholderToAggregator,Share,3360,2
3,13,2,AggregatorBroadcast,SplitDecision,49120,614
3,13,2,ShareholderToAggregator,Share,3360,2
3,13,2,AggregatorBroadcast,SplitDecision,49120,614
3,13,2,ShareholderToAggregator,Share,3360,2
3,13,2,AggregatorBroadcast,SplitDecision,49120,614
3,13,3,ClientToShareholder,CommittedGradientShare,22383984,12894
3,13,3,ShareholderToAggregator,Share,3360,2
3,13,3,ShareholderToAggregator,Share,3360,2
3,13,3,AggregatorBroadcast,SplitDecision,49120,614
3,13,3,ShareholderToAggregator,Share,3360,2
3,13,3,AggregatorBroadcast,SplitDecision,49120,614
3,13,3,ShareholderToAggregator,Share,3360,2
3,13,3,AggregatorBroadcast,SplitDecision,49120,614
3,13,3,ShareholderToAggregator,Share,3360,2
3,13,3,AggregatorBroadcast,SplitDecision,49120,614
3,13,3,ShareholderToAggregator,Share,3360,2
3,13,3,AggregatorBroadcast,SplitDecision,49120,614
3,13,3,ShareholderToAggregator,Share,3360,2
3,13,3,AggregatorBroadcast,SplitDecision,49120,614
3,13,4,ClientToShareholder,CommittedGradientShare,41570256,23946
3,13,4,ShareholderToAggregator,Share,3360,2
3,13,4,ShareholderToAggregator,Share,3360,2
3,13,4,AggregatorBroadcast,SplitDecision,49120,614
3,13,4,ShareholderToAggregator,Share,3360,2
3,13,4,AggregatorBroadcast,SplitDecision,49120,614
3,13,4,ShareholderToAggregator,Share,3360,2
3,13,4,AggregatorBroadcast,SplitDecision,49120,614
3,13,4,ShareholderToAggregator,Share,3360,2
3,13,4,ShareholderToAggregator,Share,3360,2
3,13,4,AggregatorBroadcast,SplitDecision,49120,614
3,13,4,ShareholderToAggregator,Share,3360,2
3,13,4,AggregatorBroadcast,SplitDecision,49120,614
3,13,4,ShareholderToAggregator,Share,3360,2
3,13,4,ShareholderToAggregator,Share,3360,2
3,13,4,AggregatorBroadcast,SplitDecision,49120,614
3,13,4,ShareholderToAggregator,Share,3360,2
3,13,4,AggregatorBroadcast,SplitDecision,49120,614
3,13,4,ShareholderToAggregator,Share,3360,2
3,13,4,AggregatorBroadcast,SplitDecision,49120,614
3,13,4,ShareholderToAggregator,Share,3360,2
3,13,4,ShareholderToAggregator,Share,3360,2
3,13,5,ClientToShareholder,CommittedGradientShare,67151952,38682
3,13,5,ShareholderToAggregator,Share,3360,2
3,13,5,ShareholderToAggregator,Share,3360,2
3,13,5,ShareholderToAggregator,Share,3360,2
3,13,5,ShareholderToAggregator,Share,3360,2
3,13,5,ShareholderToAggregator,Share,3360,2
3,13,5,ShareholderToAggregator,Share,3360,2
3,13,5,AggregatorBroadcast,SplitDecision,49120,614
3,13,5,ShareholderToAggregator,Share,3360,2
3,13,5,AggregatorBroadcast,SplitDecision,49120,614
3,13,5,ShareholderToAggregator,Share,3360,2
3,13,5,ShareholderToAggregator,Share,3360,2
3,13,5,ShareholderToAggregator,Share,3360,2
3,13,5,AggregatorBroadcast,SplitDecision,49120,614
3,13,5,ShareholderToAggregator,Share,3360,2
3,13,5,AggregatorBroadcast,SplitDecision,49120,614
3,13,5,ShareholderToAggregator,Share,3360,2
3,13,5,AggregatorBroadcast,SplitDecision,49120,614
3,13,5,ShareholderToAggregator,Share,3360,2
3,13,5,AggregatorBroadcast,SplitDecision,49120,614
3,13,5,ShareholderToAggregator,Share,3360,2
3,13,5,AggregatorBroadcast,SplitDecision,49120,614
3,13,5,ShareholderToAggregator,Share,3360,2
3,13,5,AggregatorBroadcast,SplitDecision,49120,614
3,13,5,ShareholderToAggregator,Share,3360,2
3,13,5,ShareholderToAggregator,Share,3360,2
3,13,5,ShareholderToAggregator,Share,3360,2
3,13,5,ShareholderToAggregator,Share,3360,2
3,13,5,ShareholderToAggregator,Share,3360,2
3,13,5,ShareholderToAggregator,Share,3360,2
3,13,5,AggregatorBroadcast,SplitDecision,49120,614
3,14,0,ClientToShareholder,CommittedGradientShare,3197712,1842
3,14,0,ShareholderToAggregator,Share,3360,2
3,14,0,AggregatorBroadcast,SplitDecision,49120,614
3,14,1,ClientToShareholder,CommittedGradientShare,6395424,3684
3,14,1,ShareholderToAggregator,Share,3360,2
3,14,1,AggregatorBroadcast,SplitDecision,49120,614
3,14,1,ShareholderToAggregator,Share,3360,2
3,14,1,AggregatorBroadcast,SplitDecision,49120,614
3,14,2,ClientToShareholder,CommittedGradientShare,12790848,7368
3,14,2,ShareholderToAggregator,Share,3360,2
3,14,2,AggregatorBroadcast,SplitDecision,49120,614
3,14,2,ShareholderToAggregator,Share,3360,2
3,14,2,AggregatorBroadcast,SplitDecision,49120,614
3,14,2,ShareholderToAggregator,Share,3360,2
3,14,2,AggregatorBroadcast,SplitDecision,49120,614
3,14,2,ShareholderToAggregator,Share,3360,2
3,14,2,AggregatorBroadcast,SplitDecision,49120,614
3,14,3,ClientToShareholder,CommittedGradientShare,25581696,14736
3,14,3,ShareholderToAggregator,Share,3360,2
3,14,3,AggregatorBroadcast,SplitDecision,49120,614
3,14,3,ShareholderToAggregator,Share,3360,2
3,14,3,ShareholderToAggregator,Share,3360,2
3,14,3,ShareholderToAggregator,Share,3360,2
3,14,3,AggregatorBroadcast,SplitDecision,49120,614
3,14,3,ShareholderToAggregator,Share,3360,2
3,14,3,AggregatorBroadcast,SplitDecision,49120,614
3,14,3,ShareholderToAggregator,Share,3360,2
3,14,3,AggregatorBroadcast,SplitDecision,49120,614
3,14,3,ShareholderToAggregator,Share,3360,2
3,14,3,AggregatorBroadcast,SplitDecision,49120,614
3,14,3,ShareholderToAggregator,Share,3360,2
3,14,3,AggregatorBroadcast,SplitDecision,49120,614
3,14,4,ClientToShareholder,CommittedGradientShare,44767968,25788
3,14,4,ShareholderToAggregator,Share,3360,2
3,14,4,ShareholderToAggregator,Share,3360,2
3,14,4,ShareholderToAggregator,Share,3360,2
3,14,4,AggregatorBroadcast,SplitDecision,49120,614
3,14,4,ShareholderToAggregator,Share,3360,2
3,14,4,AggregatorBroadcast,SplitDecision,49120,614
3,14,4,ShareholderToAggregator,Share,3360,2
3,14,4,ShareholderToAggregator,Share,3360,2
3,14,4,ShareholderToAggregator,Share,3360,2
3,14,4,AggregatorBroadcast,SplitDecision,49120,614
3,14,4,ShareholderToAggregator,Share,3360,2
3,14,4,AggregatorBroadcast,SplitDecision,49120,614
3,14,4,ShareholderToAggregator,Share,3360,2
3,14,4,AggregatorBroadcast,SplitDecision,49120,614
3,14,4,ShareholderToAggregator,Share,3360,2
3,14,4,AggregatorBroadcast,SplitDecision,49120,614
3,14,4,ShareholderToAggregator,Share,3360,2
3,14,4,AggregatorBroadcast,SplitDecision,49120,614
3,14,4,ShareholderToAggregator,Share,3360,2
3,14,4,ShareholderToAggregator,Share,3360,2
3,14,4,AggregatorBroadcast,SplitDecision,49120,614
3,14,4,ShareholderToAggregator,Share,3360,2
3,14,5,ClientToShareholder,CommittedGradientShare,70349664,40524
3,14,5,ShareholderToAggregator,Share,3360,2
3,14,5,ShareholderToAggregator,Share,3360,2
3,14,5,ShareholderToAggregator,Share,3360,2
3,14,5,ShareholderToAggregator,Share,3360,2
3,14,5,ShareholderToAggregator,Share,3360,2
3,14,5,ShareholderToAggregator,Share,3360,2
3,14,5,ShareholderToAggregator,Share,3360,2
3,14,5,ShareholderToAggregator,Share,3360,2
3,14,5,AggregatorBroadcast,SplitDecision,49120,614
3,14,5,ShareholderToAggregator,Share,3360,2
3,14,5,ShareholderToAggregator,Share,3360,2
3,14,5,ShareholderToAggregator,Share,3360,2
3,14,5,ShareholderToAggregator,Share,3360,2
3,14,5,ShareholderToAggregator,Share,3360,2
3,14,5,AggregatorBroadcast,SplitDecision,49120,614
3,14,5,ShareholderToAggregator,Share,3360,2
3,14,5,ShareholderToAggregator,Share,3360,2
3,14,5,AggregatorBroadcast,SplitDecision,49120,614
3,14,5,ShareholderToAggregator,Share,3360,2
3,14,5,AggregatorBroadcast,SplitDecision,49120,614
3,14,5,ShareholderToAggregator,Share,3360,2
3,14,5,AggregatorBroadcast,SplitDecision,49120,614
3,14,5,ShareholderToAggregator,Share,3360,2
3,14,5,AggregatorBroadcast,SplitDecision,49120,614
3,14,5,ShareholderToAggregator,Share,3360,2
3,14,5,AggregatorBroadcast,SplitDecision,49120,614
3,14,5,ShareholderToAggregator,Share,3360,2
3,14,5,AggregatorBroadcast,SplitDecision,49120,614
3,14,5,ShareholderToAggregator,Share,3360,2
3,14,5,ShareholderToAggregator,Share,3360,2
4,0,0,ClientToShareholder,CommittedStatsShare,353664,1842
4,0,0,ShareholderToAggregator,Share,320,2
4,0,0,AggregatorBroadcast,BinConfiguration,73680,614
4,0,0,AggregatorBroadcast,BinConfiguration,73680,614
4,0,0,AggregatorBroadcast,BinConfiguration,73680,614
4,0,0,AggregatorBroadcast,BinConfiguration,73680,614
4,0,0,AggregatorBroadcast,BinConfiguration,73680,614
4,0,0,AggregatorBroadcast,BinConfiguration,73680,614
4,0,0,AggregatorBroadcast,BinConfiguration,73680,614
4,0,0,AggregatorBroadcast,BinConfiguration,73680,614
4,0,0,ClientToShareholder,CommittedGradientShare,3197712,1842
4,0,0,ShareholderToAggregator,Share,3360,2
4,0,0,AggregatorBroadcast,SplitDecision,49120,614
4,0,1,ClientToShareholder,CommittedGradientShare,6395424,3684
4,0,1,ShareholderToAggregator,Share,3360,2
4,0,1,AggregatorBroadcast,SplitDecision,49120,614
4,0,1,ShareholderToAggregator,Share,3360,2
4,0,1,AggregatorBroadcast,SplitDecision,49120,614
4,0,2,ClientToShareholder,CommittedGradientShare,12790848,7368
4,0,2,ShareholderToAggregator,Share,3360,2
4,0,2,AggregatorBroadcast,SplitDecision,49120,614
4,0,2,ShareholderToAggregator,Share,3360,2
4,0,2,AggregatorBroadcast,SplitDecision,49120,614
4,0,2,ShareholderToAggregator,Share,3360,2
4,0,2,AggregatorBroadcast,SplitDecision,49120,614
4,0,2,ShareholderToAggregator,Share,3360,2
4,0,3,ClientToShareholder,CommittedGradientShare,22383984,12894
4,0,3,ShareholderToAggregator,Share,3360,2
4,0,3,ShareholderToAggregator,Share,3360,2
4,0,3,AggregatorBroadcast,SplitDecision,49120,614
4,0,3,ShareholderToAggregator,Share,3360,2
4,0,3,AggregatorBroadcast,SplitDecision,49120,614
4,0,3,ShareholderToAggregator,Share,3360,2
4,0,3,AggregatorBroadcast,SplitDecision,49120,614
4,0,3,ShareholderToAggregator,Share,3360,2
4,0,3,AggregatorBroadcast,SplitDecision,49120,614
4,0,3,ShareholderToAggregator,Share,3360,2
4,0,3,AggregatorBroadcast,SplitDecision,49120,614
4,0,3,ShareholderToAggregator,Share,3360,2
4,0,3,AggregatorBroadcast,SplitDecision,49120,614
4,0,4,ClientToShareholder,CommittedGradientShare,41570256,23946
4,0,4,ShareholderToAggregator,Share,3360,2
4,0,4,ShareholderToAggregator,Share,3360,2
4,0,4,ShareholderToAggregator,Share,3360,2
4,0,4,AggregatorBroadcast,SplitDecision,49120,614
4,0,4,ShareholderToAggregator,Share,3360,2
4,0,4,ShareholderToAggregator,Share,3360,2
4,0,4,AggregatorBroadcast,SplitDecision,49120,614
4,0,4,ShareholderToAggregator,Share,3360,2
4,0,4,ShareholderToAggregator,Share,3360,2
4,0,4,AggregatorBroadcast,SplitDecision,49120,614
4,0,4,ShareholderToAggregator,Share,3360,2
4,0,4,AggregatorBroadcast,SplitDecision,49120,614
4,0,4,ShareholderToAggregator,Share,3360,2
4,0,4,AggregatorBroadcast,SplitDecision,49120,614
4,0,4,ShareholderToAggregator,Share,3360,2
4,0,4,ShareholderToAggregator,Share,3360,2
4,0,4,ShareholderToAggregator,Share,3360,2
4,0,4,AggregatorBroadcast,SplitDecision,49120,614
4,0,4,ShareholderToAggregator,Share,3360,2
4,0,5,ClientToShareholder,CommittedGradientShare,60756528,34998
4,0,5,ShareholderToAggregator,Share,3360,2
4,0,5,ShareholderToAggregator,Share,3360,2
4,0,5,ShareholderToAggregator,Share,3360,2
4,0,5,ShareholderToAggregator,Share,3360,2
4,0,5,ShareholderToAggregator,Share,3360,2
4,0,5,ShareholderToAggregator,Share,3360,2
4,0,5,ShareholderToAggregator,Share,3360,2
4,0,5,ShareholderToAggregator,Share,3360,2
4,0,5,ShareholderToAggregator,Share,3360,2
4,0,5,ShareholderToAggregator,Share,3360,2
4,0,5,AggregatorBroadcast,SplitDecision,49120,614
4,0,5,ShareholderToAggregator,Share,3360,2
4,0,5,AggregatorBroadcast,SplitDecision,49120,614
4,0,5,ShareholderToAggregator,Share,3360,2
4,0,5,ShareholderToAggregator,Share,3360,2
4,0,5,ShareholderToAggregator,Share,3360,2
4,0,5,AggregatorBroadcast,SplitDecision,49120,614
4,0,5,ShareholderToAggregator,Share,3360,2
4,0,5,AggregatorBroadcast,SplitDecision,49120,614
4,0,5,ShareholderToAggregator,Share,3360,2
4,0,5,AggregatorBroadcast,SplitDecision,49120,614
4,0,5,ShareholderToAggregator,Share,3360,2
4,0,5,ShareholderToAggregator,Share,3360,2
4,0,5,ShareholderToAggregator,Share,3360,2
4,1,0,ClientToShareholder,CommittedGradientShare,3197712,1842
4,1,0,ShareholderToAggregator,Share,3360,2
4,1,0,AggregatorBroadcast,SplitDecision,49120,614
4,1,1,ClientToShareholder,CommittedGradientShare,6395424,3684
4,1,1,ShareholderToAggregator,Share,3360,2
4,1,1,AggregatorBroadcast,SplitDecision,49120,614
4,1,1,ShareholderToAggregator,Share,3360,2
4,1,1,AggregatorBroadcast,SplitDecision,49120,614
4,1,2,ClientToShareholder,CommittedGradientShare,12790848,7368
4,1,2,ShareholderToAggregator,Share,3360,2
4,1,2,AggregatorBroadcast,SplitDecision,49120,614
4,1,2,ShareholderToAggregator,Share,3360,2
4,1,2,AggregatorBroadcast,SplitDecision,49120,614
4,1,2,ShareholderToAggregator,Share,3360,2
4,1,2,AggregatorBroadcast,SplitDecision,49120,614
4,1,2,ShareholderToAggregator,Share,3360,2
4,1,2,AggregatorBroadcast,SplitDecision,49120,614
4,1,3,ClientToShareholder,CommittedGradientShare,25581696,14736
4,1,3,ShareholderToAggregator,Share,3360,2
4,1,3,AggregatorBroadcast,SplitDecision,49120,614
4,1,3,ShareholderToAggregator,Share,3360,2
4,1,3,AggregatorBroadcast,SplitDecision,49120,614
4,1,3,ShareholderToAggregator,Share,3360,2
4,1,3,ShareholderToAggregator,Share,3360,2
4,1,3,AggregatorBroadcast,SplitDecision,49120,614
4,1,3,ShareholderToAggregator,Share,3360,2
4,1,3,AggregatorBroadcast,SplitDecision,49120,614
4,1,3,ShareholderToAggregator,Share,3360,2
4,1,3,AggregatorBroadcast,SplitDecision,49120,614
4,1,3,ShareholderToAggregator,Share,3360,2
4,1,3,AggregatorBroadcast,SplitDecision,49120,614
4,1,3,ShareholderToAggregator,Share,3360,2
4,1,4,ClientToShareholder,CommittedGradientShare,44767968,25788
4,1,4,ShareholderToAggregator,Share,3360,2
4,1,4,ShareholderToAggregator,Share,3360,2
4,1,4,ShareholderToAggregator,Share,3360,2
4,1,4,ShareholderToAggregator,Share,3360,2
4,1,4,ShareholderToAggregator,Share,3360,2
4,1,4,ShareholderToAggregator,Share,3360,2
4,1,4,AggregatorBroadcast,SplitDecision,49120,614
4,1,4,ShareholderToAggregator,Share,3360,2
4,1,4,AggregatorBroadcast,SplitDecision,49120,614
4,1,4,ShareholderToAggregator,Share,3360,2
4,1,4,AggregatorBroadcast,SplitDecision,49120,614
4,1,4,ShareholderToAggregator,Share,3360,2
4,1,4,ShareholderToAggregator,Share,3360,2
4,1,4,AggregatorBroadcast,SplitDecision,49120,614
4,1,4,ShareholderToAggregator,Share,3360,2
4,1,4,AggregatorBroadcast,SplitDecision,49120,614
4,1,4,ShareholderToAggregator,Share,3360,2
4,1,4,AggregatorBroadcast,SplitDecision,49120,614
4,1,4,ShareholderToAggregator,Share,3360,2
4,1,4,AggregatorBroadcast,SplitDecision,49120,614
4,1,4,ShareholderToAggregator,Share,3360,2
4,1,4,AggregatorBroadcast,SplitDecision,49120,614
4,1,5,ClientToShareholder,CommittedGradientShare,70349664,40524
4,1,5,ShareholderToAggregator,Share,3360,2
4,1,5,ShareholderToAggregator,Share,3360,2
4,1,5,ShareholderToAggregator,Share,3360,2
4,1,5,ShareholderToAggregator,Share,3360,2
4,1,5,ShareholderToAggregator,Share,3360,2
4,1,5,ShareholderToAggregator,Share,3360,2
4,1,5,ShareholderToAggregator,Share,3360,2
4,1,5,ShareholderToAggregator,Share,3360,2
4,1,5,ShareholderToAggregator,Share,3360,2
4,1,5,AggregatorBroadcast,SplitDecision,49120,614
4,1,5,ShareholderToAggregator,Share,3360,2
4,1,5,ShareholderToAggregator,Share,3360,2
4,1,5,ShareholderToAggregator,Share,3360,2
4,1,5,ShareholderToAggregator,Share,3360,2
4,1,5,AggregatorBroadcast,SplitDecision,49120,614
4,1,5,ShareholderToAggregator,Share,3360,2
4,1,5,ShareholderToAggregator,Share,3360,2
4,1,5,AggregatorBroadcast,SplitDecision,49120,614
4,1,5,ShareholderToAggregator,Share,3360,2
4,1,5,AggregatorBroadcast,SplitDecision,49120,614
4,1,5,ShareholderToAggregator,Share,3360,2
4,1,5,AggregatorBroadcast,SplitDecision,49120,614
4,1,5,ShareholderToAggregator,Share,3360,2
4,1,5,ShareholderToAggregator,Share,3360,2
4,1,5,ShareholderToAggregator,Share,3360,2
4,1,5,AggregatorBroadcast,SplitDecision,49120,614
4,1,5,ShareholderToAggregator,Share,3360,2
4,1,5,AggregatorBroadcast,SplitDecision,49120,614
4,1,5,ShareholderToAggregator,Share,3360,2
4,2,0,ClientToShareholder,CommittedGradientShare,3197712,1842
4,2,0,ShareholderToAggregator,Share,3360,2
4,2,0,AggregatorBroadcast,SplitDecision,49120,614
4,2,1,ClientToShareholder,CommittedGradientShare,6395424,3684
4,2,1,ShareholderToAggregator,Share,3360,2
4,2,1,AggregatorBroadcast,SplitDecision,49120,614
4,2,1,ShareholderToAggregator,Share,3360,2
4,2,1,AggregatorBroadcast,SplitDecision,49120,614
4,2,2,ClientToShareholder,CommittedGradientShare,12790848,7368
4,2,2,ShareholderToAggregator,Share,3360,2
4,2,2,AggregatorBroadcast,SplitDecision,49120,614
4,2,2,ShareholderToAggregator,Share,3360,2
4,2,2,AggregatorBroadcast,SplitDecision,49120,614
4,2,2,ShareholderToAggregator,Share,3360,2
4,2,2,AggregatorBroadcast,SplitDecision,49120,614
4,2,2,ShareholderToAggregator,Share,3360,2
4,2,2,AggregatorBroadcast,SplitDecision,49120,614
4,2,3,ClientToShareholder,CommittedGradientShare,25581696,14736
4,2,3,ShareholderToAggregator,Share,3360,2
4,2,3,AggregatorBroadcast,SplitDecision,49120,614
4,2,3,ShareholderToAggregator,Share,3360,2
4,2,3,AggregatorBroadcast,SplitDecision,49120,614
4,2,3,ShareholderToAggregator,Share,3360,2
4,2,3,ShareholderToAggregator,Share,3360,2
4,2,3,AggregatorBroadcast,SplitDecision,49120,614
4,2,3,ShareholderToAggregator,Share,3360,2
4,2,3,AggregatorBroadcast,SplitDecision,49120,614
4,2,3,ShareholderToAggregator,Share,3360,2
4,2,3,AggregatorBroadcast,SplitDecision,49120,614
4,2,3,ShareholderToAggregator,Share,3360,2
4,2,3,AggregatorBroadcast,SplitDecision,49120,614
4,2,3,ShareholderToAggregator,Share,3360,2
4,2,3,AggregatorBroadcast,SplitDecision,49120,614
4,2,4,ClientToShareholder,CommittedGradientShare,47965680,27630
4,2,4,ShareholderToAggregator,Share,3360,2
4,2,4,ShareholderToAggregator,Share,3360,2
4,2,4,ShareholderToAggregator,Share,3360,2
4,2,4,ShareholderToAggregator,Share,3360,2
4,2,4,ShareholderToAggregator,Share,3360,2
4,2,4,AggregatorBroadcast,SplitDecision,49120,614
4,2,4,ShareholderToAggregator,Share,3360,2
4,2,4,AggregatorBroadcast,SplitDecision,49120,614
4,2,4,ShareholderToAggregator,Share,3360,2
4,2,4,AggregatorBroadcast,SplitDecision,49120,614
4,2,4,ShareholderToAggregator,Share,3360,2
4,2,4,AggregatorBroadcast,SplitDecision,49120,614
4,2,4,ShareholderToAggregator,Share,3360,2
4,2,4,AggregatorBroadcast,SplitDecision,49120,614
4,2,4,ShareholderToAggregator,Share,3360,2
4,2,4,AggregatorBroadcast,SplitDecision,49120,614
4,2,4,ShareholderToAggregator,Share,3360,2
4,2,4,AggregatorBroadcast,SplitDecision,49120,614
4,2,4,ShareholderToAggregator,Share,3360,2
4,2,4,AggregatorBroadcast,SplitDecision,49120,614
4,2,4,ShareholderToAggregator,Share,3360,2
4,2,4,AggregatorBroadcast,SplitDecision,49120,614
4,2,4,ShareholderToAggregator,Share,3360,2
4,2,4,ShareholderToAggregator,Share,3360,2
4,2,5,ClientToShareholder,CommittedGradientShare,76745088,44208
4,2,5,ShareholderToAggregator,Share,3360,2
4,2,5,ShareholderToAggregator,Share,3360,2
4,2,5,ShareholderToAggregator,Share,3360,2
4,2,5,ShareholderToAggregator,Share,3360,2
4,2,5,ShareholderToAggregator,Share,3360,2
4,2,5,ShareholderToAggregator,Share,3360,2
4,2,5,ShareholderToAggregator,Share,3360,2
4,2,5,ShareholderToAggregator,Share,3360,2
4,2,5,ShareholderToAggregator,Share,3360,2
4,2,5,AggregatorBroadcast,SplitDecision,49120,614
4,2,5,ShareholderToAggregator,Share,3360,2
4,2,5,AggregatorBroadcast,SplitDecision,49120,614
4,2,5,ShareholderToAggregator,Share,3360,2
4,2,5,ShareholderToAggregator,Share,3360,2
4,2,5,AggregatorBroadcast,SplitDecision,49120,614
4,2,5,ShareholderToAggregator,Share,3360,2
4,2,5,ShareholderToAggregator,Share,3360,2
4,2,5,AggregatorBroadcast,SplitDecision,49120,614
4,2,5,ShareholderToAggregator,Share,3360,2
4,2,5,AggregatorBroadcast,SplitDecision,49120,614
4,2,5,ShareholderToAggregator,Share,3360,2
4,2,5,ShareholderToAggregator,Share,3360,2
4,2,5,AggregatorBroadcast,SplitDecision,49120,614
4,2,5,ShareholderToAggregator,Share,3360,2
4,2,5,AggregatorBroadcast,SplitDecision,49120,614
4,2,5,ShareholderToAggregator,Share,3360,2
4,2,5,AggregatorBroadcast,SplitDecision,49120,614
4,2,5,ShareholderToAggregator,Share,3360,2
4,2,5,ShareholderToAggregator,Share,3360,2
4,2,5,AggregatorBroadcast,SplitDecision,49120,614
4,2,5,ShareholderToAggregator,Share,3360,2
4,2,5,AggregatorBroadcast,SplitDecision,49120,614
4,2,5,ShareholderToAggregator,Share,3360,2
4,2,5,ShareholderToAggregator,Share,3360,2
4,3,0,ClientToShareholder,CommittedGradientShare,3197712,1842
4,3,0,ShareholderToAggregator,Share,3360,2
4,3,0,AggregatorBroadcast,SplitDecision,49120,614
4,3,1,ClientToShareholder,CommittedGradientShare,6395424,3684
4,3,1,ShareholderToAggregator,Share,3360,2
4,3,1,AggregatorBroadcast,SplitDecision,49120,614
4,3,1,ShareholderToAggregator,Share,3360,2
4,3,1,AggregatorBroadcast,SplitDecision,49120,614
4,3,2,ClientToShareholder,CommittedGradientShare,12790848,7368
4,3,2,ShareholderToAggregator,Share,3360,2
4,3,2,AggregatorBroadcast,SplitDecision,49120,614
4,3,2,ShareholderToAggregator,Share,3360,2
4,3,2,AggregatorBroadcast,SplitDecision,49120,614
4,3,2,ShareholderToAggregator,Share,3360,2
4,3,2,AggregatorBroadcast,SplitDecision,49120,614
4,3,2,ShareholderToAggregator,Share,3360,2
4,3,2,AggregatorBroadcast,SplitDecision,49120,614
4,3,3,ClientToShareholder,CommittedGradientShare,25581696,14736
4,3,3,ShareholderToAggregator,Share,3360,2
4,3,3,ShareholderToAggregator,Share,3360,2
4,3,3,AggregatorBroadcast,SplitDecision,49120,614
4,3,3,ShareholderToAggregator,Share,3360,2
4,3,3,ShareholderToAggregator,Share,3360,2
4,3,3,AggregatorBroadcast,SplitDecision,49120,614
4,3,3,ShareholderToAggregator,Share,3360,2
4,3,3,AggregatorBroadcast,SplitDecision,49120,614
4,3,3,ShareholderToAggregator,Share,3360,2
4,3,3,AggregatorBroadcast,SplitDecision,49120,614
4,3,3,ShareholderToAggregator,Share,3360,2
4,3,3,AggregatorBroadcast,SplitDecision,49120,614
4,3,3,ShareholderToAggregator,Share,3360,2
4,3,3,AggregatorBroadcast,SplitDecision,49120,614
4,3,4,ClientToShareholder,CommittedGradientShare,44767968,25788
4,3,4,ShareholderToAggregator,Share,3360,2
4,3,4,ShareholderToAggregator,Share,3360,2
4,3,4,ShareholderToAggregator,Share,3360,2
4,3,4,AggregatorBroadcast,SplitDecision,49120,614
4,3,4,ShareholderToAggregator,Share,3360,2
4,3,4,AggregatorBroadcast,SplitDecision,49120,614
4,3,4,ShareholderToAggregator,Share,3360,2
4,3,4,AggregatorBroadcast,SplitDecision,49120,614
4,3,4,ShareholderToAggregator,Share,3360,2
4,3,4,AggregatorBroadcast,SplitDecision,49120,614
4,3,4,ShareholderToAggregator,Share,3360,2
4,3,4,AggregatorBroadcast,SplitDecision,49120,614
4,3,4,ShareholderToAggregator,Share,3360,2
4,3,4,AggregatorBroadcast,SplitDecision,49120,614
4,3,4,ShareholderToAggregator,Share,3360,2
4,3,4,AggregatorBroadcast,SplitDecision,49120,614
4,3,4,ShareholderToAggregator,Share,3360,2
4,3,4,AggregatorBroadcast,SplitDecision,49120,614
4,3,4,ShareholderToAggregator,Share,3360,2
4,3,4,AggregatorBroadcast,SplitDecision,49120,614
4,3,4,ShareholderToAggregator,Share,3360,2
4,3,4,AggregatorBroadcast,SplitDecision,49120,614
4,3,4,ShareholderToAggregator,Share,3360,2
4,3,4,AggregatorBroadcast,SplitDecision,49120,614
4,3,4,ShareholderToAggregator,Share,3360,2
4,3,4,AggregatorBroadcast,SplitDecision,49120,614
4,3,5,ClientToShareholder,CommittedGradientShare,83140512,47892
4,3,5,ShareholderToAggregator,Share,3360,2
4,3,5,ShareholderToAggregator,Share,3360,2
4,3,5,ShareholderToAggregator,Share,3360,2
4,3,5,ShareholderToAggregator,Share,3360,2
4,3,5,ShareholderToAggregator,Share,3360,2
4,3,5,ShareholderToAggregator,Share,3360,2
4,3,5,AggregatorBroadcast,SplitDecision,49120,614
4,3,5,ShareholderToAggregator,Share,3360,2
4,3,5,AggregatorBroadcast,SplitDecision,49120,614
4,3,5,ShareholderToAggregator,Share,3360,2
4,3,5,ShareholderToAggregator,Share,3360,2
4,3,5,ShareholderToAggregator,Share,3360,2
4,3,5,ShareholderToAggregator,Share,3360,2
4,3,5,AggregatorBroadcast,SplitDecision,49120,614
4,3,5,ShareholderToAggregator,Share,3360,2
4,3,5,ShareholderToAggregator,Share,3360,2
4,3,5,AggregatorBroadcast,SplitDecision,49120,614
4,3,5,ShareholderToAggregator,Share,3360,2
4,3,5,ShareholderToAggregator,Share,3360,2
4,3,5,AggregatorBroadcast,SplitDecision,49120,614
4,3,5,ShareholderToAggregator,Share,3360,2
4,3,5,AggregatorBroadcast,SplitDecision,49120,614
4,3,5,ShareholderToAggregator,Share,3360,2
4,3,5,ShareholderToAggregator,Share,3360,2
4,3,5,AggregatorBroadcast,SplitDecision,49120,614
4,3,5,ShareholderToAggregator,Share,3360,2
4,3,5,ShareholderToAggregator,Share,3360,2
4,3,5,ShareholderToAggregator,Share,3360,2
4,3,5,AggregatorBroadcast,SplitDecision,49120,614
4,3,5,ShareholderToAggregator,Share,3360,2
4,3,5,ShareholderToAggregator,Share,3360,2
4,3,5,ShareholderToAggregator,Share,3360,2
4,3,5,AggregatorBroadcast,SplitDecision,49120,614
4,3,5,ShareholderToAggregator,Share,3360,2
4,3,5,ShareholderToAggregator,Share,3360,2
4,3,5,AggregatorBroadcast,SplitDecision,49120,614
4,4,0,ClientToShareholder,CommittedGradientShare,3197712,1842
4,4,0,ShareholderToAggregator,Share,3360,2
4,4,0,AggregatorBroadcast,SplitDecision,49120,614
4,4,1,ClientToShareholder,CommittedGradientShare,6395424,3684
4,4,1,ShareholderToAggregator,Share,3360,2
4,4,1,AggregatorBroadcast,SplitDecision,49120,614
4,4,1,ShareholderToAggregator,Share,3360,2
4,4,1,AggregatorBroadcast,SplitDecision,49120,614
4,4,2,ClientToShareholder,CommittedGradientShare,12790848,7368
4,4,2,ShareholderToAggregator,Share,3360,2
4,4,2,AggregatorBroadcast,SplitDecision,49120,614
4,4,2,ShareholderToAggregator,Share,3360,2
4,4,2,AggregatorBroadcast,SplitDecision,49120,614
4,4,2,ShareholderToAggregator,Share,3360,2
4,4,2,AggregatorBroadcast,SplitDecision,49120,614
4,4,2,ShareholderToAggregator,Share,3360,2
4,4,2,AggregatorBroadcast,SplitDecision,49120,614
4,4,3,ClientToShareholder,CommittedGradientShare,25581696,14736
4,4,3,ShareholderToAggregator,Share,3360,2
4,4,3,ShareholderToAggregator,Share,3360,2
4,4,3,AggregatorBroadcast,SplitDecision,49120,614
4,4,3,ShareholderToAggregator,Share,3360,2
4,4,3,ShareholderToAggregator,Share,3360,2
4,4,3,AggregatorBroadcast,SplitDecision,49120,614
4,4,3,ShareholderToAggregator,Share,3360,2
4,4,3,AggregatorBroadcast,SplitDecision,49120,614
4,4,3,ShareholderToAggregator,Share,3360,2
4,4,3,AggregatorBroadcast,SplitDecision,49120,614
4,4,3,ShareholderToAggregator,Share,3360,2
4,4,3,AggregatorBroadcast,SplitDecision,49120,614
4,4,3,ShareholderToAggregator,Share,3360,2
4,4,4,ClientToShareholder,CommittedGradientShare,41570256,23946
4,4,4,ShareholderToAggregator,Share,3360,2
4,4,4,ShareholderToAggregator,Share,3360,2
4,4,4,ShareholderToAggregator,Share,3360,2
4,4,4,ShareholderToAggregator,Share,3360,2
4,4,4,ShareholderToAggregator,Share,3360,2
4,4,4,AggregatorBroadcast,SplitDecision,49120,614
4,4,4,ShareholderToAggregator,Share,3360,2
4,4,4,AggregatorBroadcast,SplitDecision,49120,614
4,4,4,ShareholderToAggregator,Share,3360,2
4,4,4,AggregatorBroadcast,SplitDecision,49120,614
4,4,4,ShareholderToAggregator,Share,3360,2
4,4,4,ShareholderToAggregator,Share,3360,2
4,4,4,AggregatorBroadcast,SplitDecision,49120,614
4,4,4,ShareholderToAggregator,Share,3360,2
4,4,4,AggregatorBroadcast,SplitDecision,49120,614
4,4,4,ShareholderToAggregator,Share,3360,2
4,4,4,AggregatorBroadcast,SplitDecision,49120,614
4,4,4,ShareholderToAggregator,Share,3360,2
4,4,4,AggregatorBroadcast,SplitDecision,49120,614
4,4,4,ShareholderToAggregator,Share,3360,2
4,4,4,AggregatorBroadcast,SplitDecision,49120,614
4,4,5,ClientToShareholder,CommittedGradientShare,67151952,38682
4,4,5,ShareholderToAggregator,Share,3360,2
4,4,5,ShareholderToAggregator,Share,3360,2
4,4,5,ShareholderToAggregator,Share,3360,2
4,4,5,ShareholderToAggregator,Share,3360,2
4,4,5,ShareholderToAggregator,Share,3360,2
4,4,5,ShareholderToAggregator,Share,3360,2
4,4,5,AggregatorBroadcast,SplitDecision,49120,614
4,4,5,ShareholderToAggregator,Share,3360,2
4,4,5,AggregatorBroadcast,SplitDecision,49120,614
4,4,5,ShareholderToAggregator,Share,3360,2
4,4,5,AggregatorBroadcast,SplitDecision,49120,614
4,4,5,ShareholderToAggregator,Share,3360,2
4,4,5,ShareholderToAggregator,Share,3360,2
4,4,5,ShareholderToAggregator,Share,3360,2
4,4,5,AggregatorBroadcast,SplitDecision,49120,614
4,4,5,ShareholderToAggregator,Share,3360,2
4,4,5,ShareholderToAggregator,Share,3360,2
4,4,5,AggregatorBroadcast,SplitDecision,49120,614
4,4,5,ShareholderToAggregator,Share,3360,2
4,4,5,AggregatorBroadcast,SplitDecision,49120,614
4,4,5,ShareholderToAggregator,Share,3360,2
4,4,5,AggregatorBroadcast,SplitDecision,49120,614
4,4,5,ShareholderToAggregator,Share,3360,2
4,4,5,AggregatorBroadcast,SplitDecision,49120,614
4,4,5,ShareholderToAggregator,Share,3360,2
4,4,5,AggregatorBroadcast,SplitDecision,49120,614
4,4,5,ShareholderToAggregator,Share,3360,2
4,4,5,AggregatorBroadcast,SplitDecision,49120,614
4,4,5,ShareholderToAggregator,Share,3360,2
4,4,5,AggregatorBroadcast,SplitDecision,49120,614
4,4,5,ShareholderToAggregator,Share,3360,2
4,4,5,ShareholderToAggregator,Share,3360,2
4,5,0,ClientToShareholder,CommittedGradientShare,3197712,1842
4,5,0,ShareholderToAggregator,Share,3360,2
4,5,0,AggregatorBroadcast,SplitDecision,49120,614
4,5,1,ClientToShareholder,CommittedGradientShare,6395424,3684
4,5,1,ShareholderToAggregator,Share,3360,2
4,5,1,AggregatorBroadcast,SplitDecision,49120,614
4,5,1,ShareholderToAggregator,Share,3360,2
4,5,1,AggregatorBroadcast,SplitDecision,49120,614
4,5,2,ClientToShareholder,CommittedGradientShare,12790848,7368
4,5,2,ShareholderToAggregator,Share,3360,2
4,5,2,AggregatorBroadcast,SplitDecision,49120,614
4,5,2,ShareholderToAggregator,Share,3360,2
4,5,2,AggregatorBroadcast,SplitDecision,49120,614
4,5,2,ShareholderToAggregator,Share,3360,2
4,5,2,AggregatorBroadcast,SplitDecision,49120,614
4,5,2,ShareholderToAggregator,Share,3360,2
4,5,2,AggregatorBroadcast,SplitDecision,49120,614
4,5,3,ClientToShareholder,CommittedGradientShare,25581696,14736
4,5,3,ShareholderToAggregator,Share,3360,2
4,5,3,ShareholderToAggregator,Share,3360,2
4,5,3,AggregatorBroadcast,SplitDecision,49120,614
4,5,3,ShareholderToAggregator,Share,3360,2
4,5,3,ShareholderToAggregator,Share,3360,2
4,5,3,AggregatorBroadcast,SplitDecision,49120,614
4,5,3,ShareholderToAggregator,Share,3360,2
4,5,3,AggregatorBroadcast,SplitDecision,49120,614
4,5,3,ShareholderToAggregator,Share,3360,2
4,5,3,AggregatorBroadcast,SplitDecision,49120,614
4,5,3,ShareholderToAggregator,Share,3360,2
4,5,3,AggregatorBroadcast,SplitDecision,49120,614
4,5,3,ShareholderToAggregator,Share,3360,2
4,5,3,AggregatorBroadcast,SplitDecision,49120,614
4,5,4,ClientToShareholder,CommittedGradientShare,44767968,25788
4,5,4,ShareholderToAggregator,Share,3360,2
4,5,4,ShareholderToAggregator,Share,3360,2
4,5,4,ShareholderToAggregator,Share,3360,2
4,5,4,AggregatorBroadcast,SplitDecision,49120,614
4,5,4,ShareholderToAggregator,Share,3360,2
4,5,4,AggregatorBroadcast,SplitDecision,49120,614
4,5,4,ShareholderToAggregator,Share,3360,2
4,5,4,AggregatorBroadcast,SplitDecision,49120,614
4,5,4,ShareholderToAggregator,Share,3360,2
4,5,4,AggregatorBroadcast,SplitDecision,49120,614
4,5,4,ShareholderToAggregator,Share,3360,2
4,5,4,ShareholderToAggregator,Share,3360,2
4,5,4,AggregatorBroadcast,SplitDecision,49120,614
4,5,4,ShareholderToAggregator,Share,3360,2
4,5,4,AggregatorBroadcast,SplitDecision,49120,614
4,5,4,ShareholderToAggregator,Share,3360,2
4,5,4,AggregatorBroadcast,SplitDecision,49120,614
4,5,4,ShareholderToAggregator,Share,3360,2
4,5,4,AggregatorBroadcast,SplitDecision,49120,614
4,5,4,ShareholderToAggregator,Share,3360,2
4,5,4,AggregatorBroadcast,SplitDecision,49120,614
4,5,4,ShareholderToAggregator,Share,3360,2
4,5,4,AggregatorBroadcast,SplitDecision,49120,614
4,5,4,ShareholderToAggregator,Share,3360,2
4,5,5,ClientToShareholder,CommittedGradientShare,76745088,44208
4,5,5,ShareholderToAggregator,Share,3360,2
4,5,5,ShareholderToAggregator,Share,3360,2
4,5,5,ShareholderToAggregator,Share,3360,2
4,5,5,ShareholderToAggregator,Share,3360,2
4,5,5,ShareholderToAggregator,Share,3360,2
4,5,5,ShareholderToAggregator,Share,3360,2
4,5,5,AggregatorBroadcast,SplitDecision,49120,614
4,5,5,ShareholderToAggregator,Share,3360,2
4,5,5,AggregatorBroadcast,SplitDecision,49120,614
4,5,5,ShareholderToAggregator,Share,3360,2
4,5,5,AggregatorBroadcast,SplitDecision,49120,614
4,5,5,ShareholderToAggregator,Share,3360,2
4,5,5,AggregatorBroadcast,SplitDecision,49120,614
4,5,5,ShareholderToAggregator,Share,3360,2
4,5,5,ShareholderToAggregator,Share,3360,2
4,5,5,ShareholderToAggregator,Share,3360,2
4,5,5,ShareholderToAggregator,Share,3360,2
4,5,5,AggregatorBroadcast,SplitDecision,49120,614
4,5,5,ShareholderToAggregator,Share,3360,2
4,5,5,ShareholderToAggregator,Share,3360,2
4,5,5,AggregatorBroadcast,SplitDecision,49120,614
4,5,5,ShareholderToAggregator,Share,3360,2
4,5,5,AggregatorBroadcast,SplitDecision,49120,614
4,5,5,ShareholderToAggregator,Share,3360,2
4,5,5,AggregatorBroadcast,SplitDecision,49120,614
4,5,5,ShareholderToAggregator,Share,3360,2
4,5,5,ShareholderToAggregator,Share,3360,2
4,5,5,ShareholderToAggregator,Share,3360,2
4,5,5,ShareholderToAggregator,Share,3360,2
4,5,5,AggregatorBroadcast,SplitDecision,49120,614
4,5,5,ShareholderToAggregator,Share,3360,2
4,5,5,ShareholderToAggregator,Share,3360,2
4,5,5,AggregatorBroadcast,SplitDecision,49120,614
4,5,5,ShareholderToAggregator,Share,3360,2
4,6,0,ClientToShareholder,CommittedGradientShare,3197712,1842
4,6,0,ShareholderToAggregator,Share,3360,2
4,6,0,AggregatorBroadcast,SplitDecision,49120,614
4,6,1,ClientToShareholder,CommittedGradientShare,6395424,3684
4,6,1,ShareholderToAggregator,Share,3360,2
4,6,1,AggregatorBroadcast,SplitDecision,49120,614
4,6,1,ShareholderToAggregator,Share,3360,2
4,6,1,AggregatorBroadcast,SplitDecision,49120,614
4,6,2,ClientToShareholder,CommittedGradientShare,12790848,7368
4,6,2,ShareholderToAggregator,Share,3360,2
4,6,2,AggregatorBroadcast,SplitDecision,49120,614
4,6,2,ShareholderToAggregator,Share,3360,2
4,6,2,AggregatorBroadcast,SplitDecision,49120,614
4,6,2,ShareholderToAggregator,Share,3360,2
4,6,2,AggregatorBroadcast,SplitDecision,49120,614
4,6,2,ShareholderToAggregator,Share,3360,2
4,6,2,AggregatorBroadcast,SplitDecision,49120,614
4,6,3,ClientToShareholder,CommittedGradientShare,25581696,14736
4,6,3,ShareholderToAggregator,Share,3360,2
4,6,3,ShareholderToAggregator,Share,3360,2
4,6,3,AggregatorBroadcast,SplitDecision,49120,614
4,6,3,ShareholderToAggregator,Share,3360,2
4,6,3,ShareholderToAggregator,Share,3360,2
4,6,3,AggregatorBroadcast,SplitDecision,49120,614
4,6,3,ShareholderToAggregator,Share,3360,2
4,6,3,AggregatorBroadcast,SplitDecision,49120,614
4,6,3,ShareholderToAggregator,Share,3360,2
4,6,3,AggregatorBroadcast,SplitDecision,49120,614
4,6,3,ShareholderToAggregator,Share,3360,2
4,6,3,ShareholderToAggregator,Share,3360,2
4,6,3,AggregatorBroadcast,SplitDecision,49120,614
4,6,4,ClientToShareholder,CommittedGradientShare,41570256,23946
4,6,4,ShareholderToAggregator,Share,3360,2
4,6,4,ShareholderToAggregator,Share,3360,2
4,6,4,ShareholderToAggregator,Share,3360,2
4,6,4,ShareholderToAggregator,Share,3360,2
4,6,4,AggregatorBroadcast,SplitDecision,49120,614
4,6,4,ShareholderToAggregator,Share,3360,2
4,6,4,AggregatorBroadcast,SplitDecision,49120,614
4,6,4,ShareholderToAggregator,Share,3360,2
4,6,4,AggregatorBroadcast,SplitDecision,49120,614
4,6,4,ShareholderToAggregator,Share,3360,2
4,6,4,AggregatorBroadcast,SplitDecision,49120,614
4,6,4,ShareholderToAggregator,Share,3360,2
4,6,4,AggregatorBroadcast,SplitDecision,49120,614
4,6,4,ShareholderToAggregator,Share,3360,2
4,6,4,AggregatorBroadcast,SplitDecision,49120,614
4,6,4,ShareholderToAggregator,Share,3360,2
4,6,4,AggregatorBroadcast,SplitDecision,49120,614
4,6,4,ShareholderToAggregator,Share,3360,2
4,6,4,AggregatorBroadcast,SplitDecision,49120,614
4,6,4,ShareholderToAggregator,Share,3360,2
4,6,4,ShareholderToAggregator,Share,3360,2
4,6,4,AggregatorBroadcast,SplitDecision,49120,614
4,6,5,ClientToShareholder,CommittedGradientShare,70349664,40524
4,6,5,ShareholderToAggregator,Share,3360,2
4,6,5,ShareholderToAggregator,Share,3360,2
4,6,5,ShareholderToAggregator,Share,3360,2
4,6,5,ShareholderToAggregator,Share,3360,2
4,6,5,ShareholderToAggregator,Share,3360,2
4,6,5,AggregatorBroadcast,SplitDecision,49120,614
4,6,5,ShareholderToAggregator,Share,3360,2
4,6,5,ShareholderToAggregator,Share,3360,2
4,6,5,AggregatorBroadcast,SplitDecision,49120,614
4,6,5,ShareholderToAggregator,Share,3360,2
4,6,5,AggregatorBroadcast,SplitDecision,49120,614
4,6,5,ShareholderToAggregator,Share,3360,2
4,6,5,AggregatorBroadcast,SplitDecision,49120,614
4,6,5,ShareholderToAggregator,Share,3360,2
4,6,5,ShareholderToAggregator,Share,3360,2
4,6,5,ShareholderToAggregator,Share,3360,2
4,6,5,AggregatorBroadcast,SplitDecision,49120,614
4,6,5,ShareholderToAggregator,Share,3360,2
4,6,5,AggregatorBroadcast,SplitDecision,49120,614
4,6,5,ShareholderToAggregator,Share,3360,2
4,6,5,ShareholderToAggregator,Share,3360,2
4,6,5,AggregatorBroadcast,SplitDecision,49120,614
4,6,5,ShareholderToAggregator,Share,3360,2
4,6,5,AggregatorBroadcast,SplitDecision,49120,614
4,6,5,ShareholderToAggregator,Share,3360,2
4,6,5,AggregatorBroadcast,SplitDecision,49120,614
4,6,5,ShareholderToAggregator,Share,3360,2
4,6,5,ShareholderToAggregator,Share,3360,2
4,6,5,AggregatorBroadcast,SplitDecision,49120,614
4,6,5,ShareholderToAggregator,Share,3360,2
4,6,5,AggregatorBroadcast,SplitDecision,49120,614
4,6,5,ShareholderToAggregator,Share,3360,2
4,6,5,ShareholderToAggregator,Share,3360,2
4,7,0,ClientToShareholder,CommittedGradientShare,3197712,1842
4,7,0,ShareholderToAggregator,Share,3360,2
4,7,0,AggregatorBroadcast,SplitDecision,49120,614
4,7,1,ClientToShareholder,CommittedGradientShare,6395424,3684
4,7,1,ShareholderToAggregator,Share,3360,2
4,7,1,AggregatorBroadcast,SplitDecision,49120,614
4,7,1,ShareholderToAggregator,Share,3360,2
4,7,1,AggregatorBroadcast,SplitDecision,49120,614
4,7,2,ClientToShareholder,CommittedGradientShare,12790848,7368
4,7,2,ShareholderToAggregator,Share,3360,2
4,7,2,AggregatorBroadcast,SplitDecision,49120,614
4,7,2,ShareholderToAggregator,Share,3360,2
4,7,2,AggregatorBroadcast,SplitDecision,49120,614
4,7,2,ShareholderToAggregator,Share,3360,2
4,7,2,AggregatorBroadcast,SplitDecision,49120,614
4,7,2,ShareholderToAggregator,Share,3360,2
4,7,2,AggregatorBroadcast,SplitDecision,49120,614
4,7,3,ClientToShareholder,CommittedGradientShare,25581696,14736
4,7,3,ShareholderToAggregator,Share,3360,2
4,7,3,AggregatorBroadcast,SplitDecision,49120,614
4,7,3,ShareholderToAggregator,Share,3360,2
4,7,3,AggregatorBroadcast,SplitDecision,49120,614
4,7,3,ShareholderToAggregator,Share,3360,2
4,7,3,ShareholderToAggregator,Share,3360,2
4,7,3,ShareholderToAggregator,Share,3360,2
4,7,3,ShareholderToAggregator,Share,3360,2
4,7,3,AggregatorBroadcast,SplitDecision,49120,614
4,7,3,ShareholderToAggregator,Share,3360,2
4,7,3,AggregatorBroadcast,SplitDecision,49120,614
4,7,3,ShareholderToAggregator,Share,3360,2
4,7,3,AggregatorBroadcast,SplitDecision,49120,614
4,7,4,ClientToShareholder,CommittedGradientShare,41570256,23946
4,7,4,ShareholderToAggregator,Share,3360,2
4,7,4,ShareholderToAggregator,Share,3360,2
4,7,4,ShareholderToAggregator,Share,3360,2
4,7,4,ShareholderToAggregator,Share,3360,2
4,7,4,AggregatorBroadcast,SplitDecision,49120,614
4,7,4,ShareholderToAggregator,Share,3360,2
4,7,4,AggregatorBroadcast,SplitDecision,49120,614
4,7,4,ShareholderToAggregator,Share,3360,2
4,7,4,AggregatorBroadcast,SplitDecision,49120,614
4,7,4,ShareholderToAggregator,Share,3360,2
4,7,4,AggregatorBroadcast,SplitDecision,49120,614
4,7,4,ShareholderToAggregator,Share,3360,2
4,7,4,AggregatorBroadcast,SplitDecision,49120,614
4,7,4,ShareholderToAggregator,Share,3360,2
4,7,4,AggregatorBroadcast,SplitDecision,49120,614
4,7,4,ShareholderToAggregator,Share,3360,2
4,7,4,AggregatorBroadcast,SplitDecision,49120,614
4,7,4,ShareholderToAggregator,Share,3360,2
4,7,4,AggregatorBroadcast,SplitDecision,49120,614
4,7,4,ShareholderToAggregator,Share,3360,2
4,7,4,AggregatorBroadcast,SplitDecision,49120,614
4,7,4,ShareholderToAggregator,Share,3360,2
4,7,4,AggregatorBroadcast,SplitDecision,49120,614
4,7,5,ClientToShareholder,CommittedGradientShare,73547376,42366
4,7,5,ShareholderToAggregator,Share,3360,2
4,7,5,ShareholderToAggregator,Share,3360,2
4,7,5,ShareholderToAggregator,Share,3360,2
4,7,5,ShareholderToAggregator,Share,3360,2
4,7,5,ShareholderToAggregator,Share,3360,2
4,7,5,ShareholderToAggregator,Share,3360,2
4,7,5,AggregatorBroadcast,SplitDecision,49120,614
4,7,5,ShareholderToAggregator,Share,3360,2
4,7,5,AggregatorBroadcast,SplitDecision,49120,614
4,7,5,ShareholderToAggregator,Share,3360,2
4,7,5,ShareholderToAggregator,Share,3360,2
4,7,5,ShareholderToAggregator,Share,3360,2
4,7,5,ShareholderToAggregator,Share,3360,2
4,7,5,ShareholderToAggregator,Share,3360,2
4,7,5,AggregatorBroadcast,SplitDecision,49120,614
4,7,5,ShareholderToAggregator,Share,3360,2
4,7,5,AggregatorBroadcast,SplitDecision,49120,614
4,7,5,ShareholderToAggregator,Share,3360,2
4,7,5,AggregatorBroadcast,SplitDecision,49120,614
4,7,5,ShareholderToAggregator,Share,3360,2
4,7,5,ShareholderToAggregator,Share,3360,2
4,7,5,AggregatorBroadcast,SplitDecision,49120,614
4,7,5,ShareholderToAggregator,Share,3360,2
4,7,5,AggregatorBroadcast,SplitDecision,49120,614
4,7,5,ShareholderToAggregator,Share,3360,2
4,7,5,AggregatorBroadcast,SplitDecision,49120,614
4,7,5,ShareholderToAggregator,Share,3360,2
4,7,5,AggregatorBroadcast,SplitDecision,49120,614
4,7,5,ShareholderToAggregator,Share,3360,2
4,7,5,AggregatorBroadcast,SplitDecision,49120,614
4,7,5,ShareholderToAggregator,Share,3360,2
4,7,5,ShareholderToAggregator,Share,3360,2
4,7,5,ShareholderToAggregator,Share,3360,2
4,8,0,ClientToShareholder,CommittedGradientShare,3197712,1842
4,8,0,ShareholderToAggregator,Share,3360,2
4,8,0,AggregatorBroadcast,SplitDecision,49120,614
4,8,1,ClientToShareholder,CommittedGradientShare,6395424,3684
4,8,1,ShareholderToAggregator,Share,3360,2
4,8,1,AggregatorBroadcast,SplitDecision,49120,614
4,8,1,ShareholderToAggregator,Share,3360,2
4,8,1,AggregatorBroadcast,SplitDecision,49120,614
4,8,2,ClientToShareholder,CommittedGradientShare,12790848,7368
4,8,2,ShareholderToAggregator,Share,3360,2
4,8,2,AggregatorBroadcast,SplitDecision,49120,614
4,8,2,ShareholderToAggregator,Share,3360,2
4,8,2,AggregatorBroadcast,SplitDecision,49120,614
4,8,2,ShareholderToAggregator,Share,3360,2
4,8,2,AggregatorBroadcast,SplitDecision,49120,614
4,8,2,ShareholderToAggregator,Share,3360,2
4,8,2,AggregatorBroadcast,SplitDecision,49120,614
4,8,3,ClientToShareholder,CommittedGradientShare,25581696,14736
4,8,3,ShareholderToAggregator,Share,3360,2
4,8,3,AggregatorBroadcast,SplitDecision,49120,614
4,8,3,ShareholderToAggregator,Share,3360,2
4,8,3,AggregatorBroadcast,SplitDecision,49120,614
4,8,3,ShareholderToAggregator,Share,3360,2
4,8,3,ShareholderToAggregator,Share,3360,2
4,8,3,ShareholderToAggregator,Share,3360,2
4,8,3,ShareholderToAggregator,Share,3360,2
4,8,3,AggregatorBroadcast,SplitDecision,49120,614
4,8,3,ShareholderToAggregator,Share,3360,2
4,8,3,AggregatorBroadcast,SplitDecision,49120,614
4,8,3,ShareholderToAggregator,Share,3360,2
4,8,3,AggregatorBroadcast,SplitDecision,49120,614
4,8,4,ClientToShareholder,CommittedGradientShare,41570256,23946
4,8,4,ShareholderToAggregator,Share,3360,2
4,8,4,ShareholderToAggregator,Share,3360,2
4,8,4,ShareholderToAggregator,Share,3360,2
4,8,4,ShareholderToAggregator,Share,3360,2
4,8,4,AggregatorBroadcast,SplitDecision,49120,614
4,8,4,ShareholderToAggregator,Share,3360,2
4,8,4,AggregatorBroadcast,SplitDecision,49120,614
4,8,4,ShareholderToAggregator,Share,3360,2
4,8,4,AggregatorBroadcast,SplitDecision,49120,614
4,8,4,ShareholderToAggregator,Share,3360,2
4,8,4,AggregatorBroadcast,SplitDecision,49120,614
4,8,4,ShareholderToAggregator,Share,3360,2
4,8,4,AggregatorBroadcast,SplitDecision,49120,614
4,8,4,ShareholderToAggregator,Share,3360,2
4,8,4,AggregatorBroadcast,SplitDecision,49120,614
4,8,4,ShareholderToAggregator,Share,3360,2
4,8,4,AggregatorBroadcast,SplitDecision,49120,614
4,8,4,ShareholderToAggregator,Share,3360,2
4,8,4,AggregatorBroadcast,SplitDecision,49120,614
4,8,4,ShareholderToAggregator,Share,3360,2
4,8,4,AggregatorBroadcast,SplitDecision,49120,614
4,8,4,ShareholderToAggregator,Share,3360,2
4,8,4,AggregatorBroadcast,SplitDecision,49120,614
4,8,5,ClientToShareholder,CommittedGradientShare,73547376,42366
4,8,5,ShareholderToAggregator,Share,3360,2
4,8,5,ShareholderToAggregator,Share,3360,2
4,8,5,ShareholderToAggregator,Share,3360,2
4,8,5,ShareholderToAggregator,Share,3360,2
4,8,5,AggregatorBroadcast,SplitDecision,49120,614
4,8,5,ShareholderToAggregator,Share,3360,2
4,8,5,ShareholderToAggregator,Share,3360,2
4,8,5,AggregatorBroadcast,SplitDecision,49120,614
4,8,5,ShareholderToAggregator,Share,3360,2
4,8,5,AggregatorBroadcast,SplitDecision,49120,614
4,8,5,ShareholderToAggregator,Share,3360,2
4,8,5,ShareholderToAggregator,Share,3360,2
4,8,5,ShareholderToAggregator,Share,3360,2
4,8,5,ShareholderToAggregator,Share,3360,2
4,8,5,ShareholderToAggregator,Share,3360,2
4,8,5,AggregatorBroadcast,SplitDecision,49120,614
4,8,5,ShareholderToAggregator,Share,3360,2
4,8,5,AggregatorBroadcast,SplitDecision,49120,614
4,8,5,ShareholderToAggregator,Share,3360,2
4,8,5,AggregatorBroadcast,SplitDecision,49120,614
4,8,5,ShareholderToAggregator,Share,3360,2
4,8,5,ShareholderToAggregator,Share,3360,2
4,8,5,AggregatorBroadcast,SplitDecision,49120,614
4,8,5,ShareholderToAggregator,Share,3360,2
4,8,5,AggregatorBroadcast,SplitDecision,49120,614
4,8,5,ShareholderToAggregator,Share,3360,2
4,8,5,AggregatorBroadcast,SplitDecision,49120,614
4,8,5,ShareholderToAggregator,Share,3360,2
4,8,5,AggregatorBroadcast,SplitDecision,49120,614
4,8,5,ShareholderToAggregator,Share,3360,2
4,8,5,AggregatorBroadcast,SplitDecision,49120,614
4,8,5,ShareholderToAggregator,Share,3360,2
4,8,5,ShareholderToAggregator,Share,3360,2
4,8,5,ShareholderToAggregator,Share,3360,2
4,9,0,ClientToShareholder,CommittedGradientShare,3197712,1842
4,9,0,ShareholderToAggregator,Share,3360,2
4,9,0,AggregatorBroadcast,SplitDecision,49120,614
4,9,1,ClientToShareholder,CommittedGradientShare,6395424,3684
4,9,1,ShareholderToAggregator,Share,3360,2
4,9,1,AggregatorBroadcast,SplitDecision,49120,614
4,9,1,ShareholderToAggregator,Share,3360,2
4,9,1,AggregatorBroadcast,SplitDecision,49120,614
4,9,2,ClientToShareholder,CommittedGradientShare,12790848,7368
4,9,2,ShareholderToAggregator,Share,3360,2
4,9,2,AggregatorBroadcast,SplitDecision,49120,614
4,9,2,ShareholderToAggregator,Share,3360,2
4,9,2,AggregatorBroadcast,SplitDecision,49120,614
4,9,2,ShareholderToAggregator,Share,3360,2
4,9,2,AggregatorBroadcast,SplitDecision,49120,614
4,9,2,ShareholderToAggregator,Share,3360,2
4,9,2,AggregatorBroadcast,SplitDecision,49120,614
4,9,3,ClientToShareholder,CommittedGradientShare,25581696,14736
4,9,3,ShareholderToAggregator,Share,3360,2
4,9,3,AggregatorBroadcast,SplitDecision,49120,614
4,9,3,ShareholderToAggregator,Share,3360,2
4,9,3,AggregatorBroadcast,SplitDecision,49120,614
4,9,3,ShareholderToAggregator,Share,3360,2
4,9,3,ShareholderToAggregator,Share,3360,2
4,9,3,ShareholderToAggregator,Share,3360,2
4,9,3,AggregatorBroadcast,SplitDecision,49120,614
4,9,3,ShareholderToAggregator,Share,3360,2
4,9,3,AggregatorBroadcast,SplitDecision,49120,614
4,9,3,ShareholderToAggregator,Share,3360,2
4,9,3,AggregatorBroadcast,SplitDecision,49120,614
4,9,3,ShareholderToAggregator,Share,3360,2
4,9,3,AggregatorBroadcast,SplitDecision,49120,614
4,9,4,ClientToShareholder,CommittedGradientShare,44767968,25788
4,9,4,ShareholderToAggregator,Share,3360,2
4,9,4,ShareholderToAggregator,Share,3360,2
4,9,4,ShareholderToAggregator,Share,3360,2
4,9,4,AggregatorBroadcast,SplitDecision,49120,614
4,9,4,ShareholderToAggregator,Share,3360,2
4,9,4,ShareholderToAggregator,Share,3360,2
4,9,4,AggregatorBroadcast,SplitDecision,49120,614
4,9,4,ShareholderToAggregator,Share,3360,2
4,9,4,AggregatorBroadcast,SplitDecision,49120,614
4,9,4,ShareholderToAggregator,Share,3360,2
4,9,4,AggregatorBroadcast,SplitDecision,49120,614
4,9,4,ShareholderToAggregator,Share,3360,2
4,9,4,ShareholderToAggregator,Share,3360,2
4,9,4,AggregatorBroadcast,SplitDecision,49120,614
4,9,4,ShareholderToAggregator,Share,3360,2
4,9,4,AggregatorBroadcast,SplitDecision,49120,614
4,9,4,ShareholderToAggregator,Share,3360,2
4,9,4,AggregatorBroadcast,SplitDecision,49120,614
4,9,4,ShareholderToAggregator,Share,3360,2
4,9,4,AggregatorBroadcast,SplitDecision,49120,614
4,9,4,ShareholderToAggregator,Share,3360,2
4,9,4,AggregatorBroadcast,SplitDecision,49120,614
4,9,4,ShareholderToAggregator,Share,3360,2
4,9,4,AggregatorBroadcast,SplitDecision,49120,614
4,9,5,ClientToShareholder,CommittedGradientShare,76745088,44208
4,9,5,ShareholderToAggregator,Share,3360,2
4,9,5,ShareholderToAggregator,Share,3360,2
4,9,5,ShareholderToAggregator,Share,3360,2
4,9,5,ShareholderToAggregator,Share,3360,2
4,9,5,ShareholderToAggregator,Share,3360,2
4,9,5,AggregatorBroadcast,SplitDecision,49120,614
4,9,5,ShareholderToAggregator,Share,3360,2
4,9,5,AggregatorBroadcast,SplitDecision,49120,614
4,9,5,ShareholderToAggregator,Share,3360,2
4,9,5,AggregatorBroadcast,SplitDecision,49120,614
4,9,5,ShareholderToAggregator,Share,3360,2
4,9,5,AggregatorBroadcast,SplitDecision,49120,614
4,9,5,ShareholderToAggregator,Share,3360,2
4,9,5,ShareholderToAggregator,Share,3360,2
4,9,5,ShareholderToAggregator,Share,3360,2
4,9,5,AggregatorBroadcast,SplitDecision,49120,614
4,9,5,ShareholderToAggregator,Share,3360,2
4,9,5,AggregatorBroadcast,SplitDecision,49120,614
4,9,5,ShareholderToAggregator,Share,3360,2
4,9,5,ShareholderToAggregator,Share,3360,2
4,9,5,ShareholderToAggregator,Share,3360,2
4,9,5,ShareholderToAggregator,Share,3360,2
4,9,5,ShareholderToAggregator,Share,3360,2
4,9,5,AggregatorBroadcast,SplitDecision,49120,614
4,9,5,ShareholderToAggregator,Share,3360,2
4,9,5,AggregatorBroadcast,SplitDecision,49120,614
4,9,5,ShareholderToAggregator,Share,3360,2
4,9,5,AggregatorBroadcast,SplitDecision,49120,614
4,9,5,ShareholderToAggregator,Share,3360,2
4,9,5,AggregatorBroadcast,SplitDecision,49120,614
4,9,5,ShareholderToAggregator,Share,3360,2
4,9,5,AggregatorBroadcast,SplitDecision,49120,614
4,9,5,ShareholderToAggregator,Share,3360,2
4,9,5,ShareholderToAggregator,Share,3360,2
4,9,5,ShareholderToAggregator,Share,3360,2
4,10,0,ClientToShareholder,CommittedGradientShare,3197712,1842
4,10,0,ShareholderToAggregator,Share,3360,2
4,10,0,AggregatorBroadcast,SplitDecision,49120,614
4,10,1,ClientToShareholder,CommittedGradientShare,6395424,3684
4,10,1,ShareholderToAggregator,Share,3360,2
4,10,1,AggregatorBroadcast,SplitDecision,49120,614
4,10,1,ShareholderToAggregator,Share,3360,2
4,10,1,AggregatorBroadcast,SplitDecision,49120,614
4,10,2,ClientToShareholder,CommittedGradientShare,12790848,7368
4,10,2,ShareholderToAggregator,Share,3360,2
4,10,2,AggregatorBroadcast,SplitDecision,49120,614
4,10,2,ShareholderToAggregator,Share,3360,2
4,10,2,AggregatorBroadcast,SplitDecision,49120,614
4,10,2,ShareholderToAggregator,Share,3360,2
4,10,2,AggregatorBroadcast,SplitDecision,49120,614
4,10,2,ShareholderToAggregator,Share,3360,2
4,10,2,AggregatorBroadcast,SplitDecision,49120,614
4,10,3,ClientToShareholder,CommittedGradientShare,25581696,14736
4,10,3,ShareholderToAggregator,Share,3360,2
4,10,3,AggregatorBroadcast,SplitDecision,49120,614
4,10,3,ShareholderToAggregator,Share,3360,2
4,10,3,AggregatorBroadcast,SplitDecision,49120,614
4,10,3,ShareholderToAggregator,Share,3360,2
4,10,3,ShareholderToAggregator,Share,3360,2
4,10,3,ShareholderToAggregator,Share,3360,2
4,10,3,AggregatorBroadcast,SplitDecision,49120,614
4,10,3,ShareholderToAggregator,Share,3360,2
4,10,3,AggregatorBroadcast,SplitDecision,49120,614
4,10,3,ShareholderToAggregator,Share,3360,2
4,10,3,AggregatorBroadcast,SplitDecision,49120,614
4,10,3,ShareholderToAggregator,Share,3360,2
4,10,3,AggregatorBroadcast,SplitDecision,49120,614
4,10,4,ClientToShareholder,CommittedGradientShare,44767968,25788
4,10,4,ShareholderToAggregator,Share,3360,2
4,10,4,ShareholderToAggregator,Share,3360,2
4,10,4,ShareholderToAggregator,Share,3360,2
4,10,4,AggregatorBroadcast,SplitDecision,49120,614
4,10,4,ShareholderToAggregator,Share,3360,2
4,10,4,ShareholderToAggregator,Share,3360,2
4,10,4,AggregatorBroadcast,SplitDecision,49120,614
4,10,4,ShareholderToAggregator,Share,3360,2
4,10,4,AggregatorBroadcast,SplitDecision,49120,614
4,10,4,ShareholderToAggregator,Share,3360,2
4,10,4,ShareholderToAggregator,Share,3360,2
4,10,4,AggregatorBroadcast,SplitDecision,49120,614
4,10,4,ShareholderToAggregator,Share,3360,2
4,10,4,AggregatorBroadcast,SplitDecision,49120,614
4,10,4,ShareholderToAggregator,Share,3360,2
4,10,4,AggregatorBroadcast,SplitDecision,49120,614
4,10,4,ShareholderToAggregator,Share,3360,2
4,10,4,ShareholderToAggregator,Share,3360,2
4,10,4,AggregatorBroadcast,SplitDecision,49120,614
4,10,4,ShareholderToAggregator,Share,3360,2
4,10,4,ShareholderToAggregator,Share,3360,2
4,10,4,AggregatorBroadcast,SplitDecision,49120,614
4,10,5,ClientToShareholder,CommittedGradientShare,70349664,40524
4,10,5,ShareholderToAggregator,Share,3360,2
4,10,5,ShareholderToAggregator,Share,3360,2
4,10,5,ShareholderToAggregator,Share,3360,2
4,10,5,ShareholderToAggregator,Share,3360,2
4,10,5,ShareholderToAggregator,Share,3360,2
4,10,5,ShareholderToAggregator,Share,3360,2
4,10,5,ShareholderToAggregator,Share,3360,2
4,10,5,ShareholderToAggregator,Share,3360,2
4,10,5,AggregatorBroadcast,SplitDecision,49120,614
4,10,5,ShareholderToAggregator,Share,3360,2
4,10,5,AggregatorBroadcast,SplitDecision,49120,614
4,10,5,ShareholderToAggregator,Share,3360,2
4,10,5,AggregatorBroadcast,SplitDecision,49120,614
4,10,5,ShareholderToAggregator,Share,3360,2
4,10,5,ShareholderToAggregator,Share,3360,2
4,10,5,ShareholderToAggregator,Share,3360,2
4,10,5,AggregatorBroadcast,SplitDecision,49120,614
4,10,5,ShareholderToAggregator,Share,3360,2
4,10,5,ShareholderToAggregator,Share,3360,2
4,10,5,AggregatorBroadcast,SplitDecision,49120,614
4,10,5,ShareholderToAggregator,Share,3360,2
4,10,5,AggregatorBroadcast,SplitDecision,49120,614
4,10,5,ShareholderToAggregator,Share,3360,2
4,10,5,AggregatorBroadcast,SplitDecision,49120,614
4,10,5,ShareholderToAggregator,Share,3360,2
4,10,5,AggregatorBroadcast,SplitDecision,49120,614
4,10,5,ShareholderToAggregator,Share,3360,2
4,10,5,AggregatorBroadcast,SplitDecision,49120,614
4,10,5,ShareholderToAggregator,Share,3360,2
4,10,5,AggregatorBroadcast,SplitDecision,49120,614
4,10,5,ShareholderToAggregator,Share,3360,2
4,10,5,ShareholderToAggregator,Share,3360,2
4,11,0,ClientToShareholder,CommittedGradientShare,3197712,1842
4,11,0,ShareholderToAggregator,Share,3360,2
4,11,0,AggregatorBroadcast,SplitDecision,49120,614
4,11,1,ClientToShareholder,CommittedGradientShare,6395424,3684
4,11,1,ShareholderToAggregator,Share,3360,2
4,11,1,AggregatorBroadcast,SplitDecision,49120,614
4,11,1,ShareholderToAggregator,Share,3360,2
4,11,1,AggregatorBroadcast,SplitDecision,49120,614
4,11,2,ClientToShareholder,CommittedGradientShare,12790848,7368
4,11,2,ShareholderToAggregator,Share,3360,2
4,11,2,AggregatorBroadcast,SplitDecision,49120,614
4,11,2,ShareholderToAggregator,Share,3360,2
4,11,2,AggregatorBroadcast,SplitDecision,49120,614
4,11,2,ShareholderToAggregator,Share,3360,2
4,11,2,AggregatorBroadcast,SplitDecision,49120,614
4,11,2,ShareholderToAggregator,Share,3360,2
4,11,2,AggregatorBroadcast,SplitDecision,49120,614
4,11,3,ClientToShareholder,CommittedGradientShare,25581696,14736
4,11,3,ShareholderToAggregator,Share,3360,2
4,11,3,AggregatorBroadcast,SplitDecision,49120,614
4,11,3,ShareholderToAggregator,Share,3360,2
4,11,3,AggregatorBroadcast,SplitDecision,49120,614
4,11,3,ShareholderToAggregator,Share,3360,2
4,11,3,ShareholderToAggregator,Share,3360,2
4,11,3,ShareholderToAggregator,Share,3360,2
4,11,3,AggregatorBroadcast,SplitDecision,49120,614
4,11,3,ShareholderToAggregator,Share,3360,2
4,11,3,AggregatorBroadcast,SplitDecision,49120,614
4,11,3,ShareholderToAggregator,Share,3360,2
4,11,3,AggregatorBroadcast,SplitDecision,49120,614
4,11,3,ShareholderToAggregator,Share,3360,2
4,11,3,AggregatorBroadcast,SplitDecision,49120,614
4,11,4,ClientToShareholder,CommittedGradientShare,44767968,25788
4,11,4,ShareholderToAggregator,Share,3360,2
4,11,4,ShareholderToAggregator,Share,3360,2
4,11,4,ShareholderToAggregator,Share,3360,2
4,11,4,AggregatorBroadcast,SplitDecision,49120,614
4,11,4,ShareholderToAggregator,Share,3360,2
4,11,4,AggregatorBroadcast,SplitDecision,49120,614
4,11,4,ShareholderToAggregator,Share,3360,2
4,11,4,AggregatorBroadcast,SplitDecision,49120,614
4,11,4,ShareholderToAggregator,Share,3360,2
4,11,4,ShareholderToAggregator,Share,3360,2
4,11,4,AggregatorBroadcast,SplitDecision,49120,614
4,11,4,ShareholderToAggregator,Share,3360,2
4,11,4,ShareholderToAggregator,Share,3360,2
4,11,4,AggregatorBroadcast,SplitDecision,49120,614
4,11,4,ShareholderToAggregator,Share,3360,2
4,11,4,AggregatorBroadcast,SplitDecision,49120,614
4,11,4,ShareholderToAggregator,Share,3360,2
4,11,4,AggregatorBroadcast,SplitDecision,49120,614
4,11,4,ShareholderToAggregator,Share,3360,2
4,11,4,ShareholderToAggregator,Share,3360,2
4,11,4,AggregatorBroadcast,SplitDecision,49120,614
4,11,4,ShareholderToAggregator,Share,3360,2
4,11,4,AggregatorBroadcast,SplitDecision,49120,614
4,11,5,ClientToShareholder,CommittedGradientShare,73547376,42366
4,11,5,ShareholderToAggregator,Share,3360,2
4,11,5,ShareholderToAggregator,Share,3360,2
4,11,5,ShareholderToAggregator,Share,3360,2
4,11,5,ShareholderToAggregator,Share,3360,2
4,11,5,ShareholderToAggregator,Share,3360,2
4,11,5,ShareholderToAggregator,Share,3360,2
4,11,5,AggregatorBroadcast,SplitDecision,49120,614
4,11,5,ShareholderToAggregator,Share,3360,2
4,11,5,ShareholderToAggregator,Share,3360,2
4,11,5,ShareholderToAggregator,Share,3360,2
4,11,5,AggregatorBroadcast,SplitDecision,49120,614
4,11,5,ShareholderToAggregator,Share,3360,2
4,11,5,AggregatorBroadcast,SplitDecision,49120,614
4,11,5,ShareholderToAggregator,Share,3360,2
4,11,5,ShareholderToAggregator,Share,3360,2
4,11,5,ShareholderToAggregator,Share,3360,2
4,11,5,AggregatorBroadcast,SplitDecision,49120,614
4,11,5,ShareholderToAggregator,Share,3360,2
4,11,5,ShareholderToAggregator,Share,3360,2
4,11,5,ShareholderToAggregator,Share,3360,2
4,11,5,ShareholderToAggregator,Share,3360,2
4,11,5,ShareholderToAggregator,Share,3360,2
4,11,5,AggregatorBroadcast,SplitDecision,49120,614
4,11,5,ShareholderToAggregator,Share,3360,2
4,11,5,AggregatorBroadcast,SplitDecision,49120,614
4,11,5,ShareholderToAggregator,Share,3360,2
4,11,5,AggregatorBroadcast,SplitDecision,49120,614
4,11,5,ShareholderToAggregator,Share,3360,2
4,11,5,AggregatorBroadcast,SplitDecision,49120,614
4,11,5,ShareholderToAggregator,Share,3360,2
4,11,5,AggregatorBroadcast,SplitDecision,49120,614
4,11,5,ShareholderToAggregator,Share,3360,2
4,11,5,AggregatorBroadcast,SplitDecision,49120,614
4,12,0,ClientToShareholder,CommittedGradientShare,3197712,1842
4,12,0,ShareholderToAggregator,Share,3360,2
4,12,0,AggregatorBroadcast,SplitDecision,49120,614
4,12,1,ClientToShareholder,CommittedGradientShare,6395424,3684
4,12,1,ShareholderToAggregator,Share,3360,2
4,12,1,AggregatorBroadcast,SplitDecision,49120,614
4,12,1,ShareholderToAggregator,Share,3360,2
4,12,1,AggregatorBroadcast,SplitDecision,49120,614
4,12,2,ClientToShareholder,CommittedGradientShare,12790848,7368
4,12,2,ShareholderToAggregator,Share,3360,2
4,12,2,ShareholderToAggregator,Share,3360,2
4,12,2,AggregatorBroadcast,SplitDecision,49120,614
4,12,2,ShareholderToAggregator,Share,3360,2
4,12,2,AggregatorBroadcast,SplitDecision,49120,614
4,12,2,ShareholderToAggregator,Share,3360,2
4,12,2,AggregatorBroadcast,SplitDecision,49120,614
4,12,3,ClientToShareholder,CommittedGradientShare,22383984,12894
4,12,3,ShareholderToAggregator,Share,3360,2
4,12,3,ShareholderToAggregator,Share,3360,2
4,12,3,AggregatorBroadcast,SplitDecision,49120,614
4,12,3,ShareholderToAggregator,Share,3360,2
4,12,3,AggregatorBroadcast,SplitDecision,49120,614
4,12,3,ShareholderToAggregator,Share,3360,2
4,12,3,AggregatorBroadcast,SplitDecision,49120,614
4,12,3,ShareholderToAggregator,Share,3360,2
4,12,3,AggregatorBroadcast,SplitDecision,49120,614
4,12,3,ShareholderToAggregator,Share,3360,2
4,12,3,ShareholderToAggregator,Share,3360,2
4,12,3,AggregatorBroadcast,SplitDecision,49120,614
4,12,4,ClientToShareholder,CommittedGradientShare,38372544,22104
4,12,4,ShareholderToAggregator,Share,3360,2
4,12,4,ShareholderToAggregator,Share,3360,2
4,12,4,ShareholderToAggregator,Share,3360,2
4,12,4,AggregatorBroadcast,SplitDecision,49120,614
4,12,4,ShareholderToAggregator,Share,3360,2
4,12,4,AggregatorBroadcast,SplitDecision,49120,614
4,12,4,ShareholderToAggregator,Share,3360,2
4,12,4,ShareholderToAggregator,Share,3360,2
4,12,4,ShareholderToAggregator,Share,3360,2
4,12,4,AggregatorBroadcast,SplitDecision,49120,614
4,12,4,ShareholderToAggregator,Share,3360,2
4,12,4,ShareholderToAggregator,Share,3360,2
4,12,4,AggregatorBroadcast,SplitDecision,49120,614
4,12,4,ShareholderToAggregator,Share,3360,2
4,12,4,AggregatorBroadcast,SplitDecision,49120,614
4,12,4,ShareholderToAggregator,Share,3360,2
4,12,4,ShareholderToAggregator,Share,3360,2
4,12,5,ClientToShareholder,CommittedGradientShare,54361104,31314
4,12,5,ShareholderToAggregator,Share,3360,2
4,12,5,ShareholderToAggregator,Share,3360,2
4,12,5,ShareholderToAggregator,Share,3360,2
4,12,5,ShareholderToAggregator,Share,3360,2
4,12,5,ShareholderToAggregator,Share,3360,2
4,12,5,ShareholderToAggregator,Share,3360,2
4,12,5,ShareholderToAggregator,Share,3360,2
4,12,5,ShareholderToAggregator,Share,3360,2
4,12,5,AggregatorBroadcast,SplitDecision,49120,614
4,12,5,ShareholderToAggregator,Share,3360,2
4,12,5,AggregatorBroadcast,SplitDecision,49120,614
4,12,5,ShareholderToAggregator,Share,3360,2
4,12,5,AggregatorBroadcast,SplitDecision,49120,614
4,12,5,ShareholderToAggregator,Share,3360,2
4,12,5,ShareholderToAggregator,Share,3360,2
4,12,5,ShareholderToAggregator,Share,3360,2
4,12,5,AggregatorBroadcast,SplitDecision,49120,614
4,12,5,ShareholderToAggregator,Share,3360,2
4,12,5,AggregatorBroadcast,SplitDecision,49120,614
4,12,5,ShareholderToAggregator,Share,3360,2
4,12,5,AggregatorBroadcast,SplitDecision,49120,614
4,12,5,ShareholderToAggregator,Share,3360,2
4,12,5,AggregatorBroadcast,SplitDecision,49120,614
4,12,5,ShareholderToAggregator,Share,3360,2
4,12,5,AggregatorBroadcast,SplitDecision,49120,614
4,13,0,ClientToShareholder,CommittedGradientShare,3197712,1842
4,13,0,ShareholderToAggregator,Share,3360,2
4,13,0,AggregatorBroadcast,SplitDecision,49120,614
4,13,1,ClientToShareholder,CommittedGradientShare,6395424,3684
4,13,1,ShareholderToAggregator,Share,3360,2
4,13,1,AggregatorBroadcast,SplitDecision,49120,614
4,13,1,ShareholderToAggregator,Share,3360,2
4,13,1,AggregatorBroadcast,SplitDecision,49120,614
4,13,2,ClientToShareholder,CommittedGradientShare,12790848,7368
4,13,2,ShareholderToAggregator,Share,3360,2
4,13,2,ShareholderToAggregator,Share,3360,2
4,13,2,AggregatorBroadcast,SplitDecision,49120,614
4,13,2,ShareholderToAggregator,Share,3360,2
4,13,2,AggregatorBroadcast,SplitDecision,49120,614
4,13,2,ShareholderToAggregator,Share,3360,2
4,13,2,AggregatorBroadcast,SplitDecision,49120,614
4,13,3,ClientToShareholder,CommittedGradientShare,22383984,12894
4,13,3,ShareholderToAggregator,Share,3360,2
4,13,3,ShareholderToAggregator,Share,3360,2
4,13,3,AggregatorBroadcast,SplitDecision,49120,614
4,13,3,ShareholderToAggregator,Share,3360,2
4,13,3,AggregatorBroadcast,SplitDecision,49120,614
4,13,3,ShareholderToAggregator,Share,3360,2
4,13,3,AggregatorBroadcast,SplitDecision,49120,614
4,13,3,ShareholderToAggregator,Share,3360,2
4,13,3,AggregatorBroadcast,SplitDecision,49120,614
4,13,3,ShareholderToAggregator,Share,3360,2
4,13,3,AggregatorBroadcast,SplitDecision,49120,614
4,13,3,ShareholderToAggregator,Share,3360,2
4,13,3,AggregatorBroadcast,SplitDecision,49120,614
4,13,4,ClientToShareholder,CommittedGradientShare,41570256,23946
4,13,4,ShareholderToAggregator,Share,3360,2
4,13,4,ShareholderToAggregator,Share,3360,2
4,13,4,AggregatorBroadcast,SplitDecision,49120,614
4,13,4,ShareholderToAggregator,Share,3360,2
4,13,4,AggregatorBroadcast,SplitDecision,49120,614
4,13,4,ShareholderToAggregator,Share,3360,2
4,13,4,ShareholderToAggregator,Share,3360,2
4,13,4,ShareholderToAggregator,Share,3360,2
4,13,4,ShareholderToAggregator,Share,3360,2
4,13,4,ShareholderToAggregator,Share,3360,2
4,13,4,AggregatorBroadcast,SplitDecision,49120,614
4,13,4,ShareholderToAggregator,Share,3360,2
4,13,4,AggregatorBroadcast,SplitDecision,49120,614
4,13,4,ShareholderToAggregator,Share,3360,2
4,13,4,AggregatorBroadcast,SplitDecision,49120,614
4,13,4,ShareholderToAggregator,Share,3360,2
4,13,4,AggregatorBroadcast,SplitDecision,49120,614
4,13,4,ShareholderToAggregator,Share,3360,2
4,13,4,AggregatorBroadcast,SplitDecision,49120,614
4,13,4,ShareholderToAggregator,Share,3360,2
4,13,4,AggregatorBroadcast,SplitDecision,49120,614
4,13,5,ClientToShareholder,CommittedGradientShare,67151952,38682
4,13,5,ShareholderToAggregator,Share,3360,2
4,13,5,ShareholderToAggregator,Share,3360,2
4,13,5,ShareholderToAggregator,Share,3360,2
4,13,5,ShareholderToAggregator,Share,3360,2
4,13,5,ShareholderToAggregator,Share,3360,2
4,13,5,ShareholderToAggregator,Share,3360,2
4,13,5,AggregatorBroadcast,SplitDecision,49120,614
4,13,5,ShareholderToAggregator,Share,3360,2
4,13,5,AggregatorBroadcast,SplitDecision,49120,614
4,13,5,ShareholderToAggregator,Share,3360,2
4,13,5,AggregatorBroadcast,SplitDecision,49120,614
4,13,5,ShareholderToAggregator,Share,3360,2
4,13,5,ShareholderToAggregator,Share,3360,2
4,13,5,AggregatorBroadcast,SplitDecision,49120,614
4,13,5,ShareholderToAggregator,Share,3360,2
4,13,5,ShareholderToAggregator,Share,3360,2
4,13,5,AggregatorBroadcast,SplitDecision,49120,614
4,13,5,ShareholderToAggregator,Share,3360,2
4,13,5,ShareholderToAggregator,Share,3360,2
4,13,5,AggregatorBroadcast,SplitDecision,49120,614
4,13,5,ShareholderToAggregator,Share,3360,2
4,13,5,AggregatorBroadcast,SplitDecision,49120,614
4,13,5,ShareholderToAggregator,Share,3360,2
4,13,5,AggregatorBroadcast,SplitDecision,49120,614
4,13,5,ShareholderToAggregator,Share,3360,2
4,13,5,AggregatorBroadcast,SplitDecision,49120,614
4,13,5,ShareholderToAggregator,Share,3360,2
4,13,5,AggregatorBroadcast,SplitDecision,49120,614
4,13,5,ShareholderToAggregator,Share,3360,2
4,13,5,ShareholderToAggregator,Share,3360,2
4,13,5,ShareholderToAggregator,Share,3360,2
4,14,0,ClientToShareholder,CommittedGradientShare,3197712,1842
4,14,0,ShareholderToAggregator,Share,3360,2
4,14,0,AggregatorBroadcast,SplitDecision,49120,614
4,14,1,ClientToShareholder,CommittedGradientShare,6395424,3684
4,14,1,ShareholderToAggregator,Share,3360,2
4,14,1,AggregatorBroadcast,SplitDecision,49120,614
4,14,1,ShareholderToAggregator,Share,3360,2
4,14,1,AggregatorBroadcast,SplitDecision,49120,614
4,14,2,ClientToShareholder,CommittedGradientShare,12790848,7368
4,14,2,ShareholderToAggregator,Share,3360,2
4,14,2,ShareholderToAggregator,Share,3360,2
4,14,2,AggregatorBroadcast,SplitDecision,49120,614
4,14,2,ShareholderToAggregator,Share,3360,2
4,14,2,AggregatorBroadcast,SplitDecision,49120,614
4,14,2,ShareholderToAggregator,Share,3360,2
4,14,2,AggregatorBroadcast,SplitDecision,49120,614
4,14,3,ClientToShareholder,CommittedGradientShare,22383984,12894
4,14,3,ShareholderToAggregator,Share,3360,2
4,14,3,ShareholderToAggregator,Share,3360,2
4,14,3,AggregatorBroadcast,SplitDecision,49120,614
4,14,3,ShareholderToAggregator,Share,3360,2
4,14,3,AggregatorBroadcast,SplitDecision,49120,614
4,14,3,ShareholderToAggregator,Share,3360,2
4,14,3,AggregatorBroadcast,SplitDecision,49120,614
4,14,3,ShareholderToAggregator,Share,3360,2
4,14,3,AggregatorBroadcast,SplitDecision,49120,614
4,14,3,ShareholderToAggregator,Share,3360,2
4,14,3,AggregatorBroadcast,SplitDecision,49120,614
4,14,3,ShareholderToAggregator,Share,3360,2
4,14,3,AggregatorBroadcast,SplitDecision,49120,614
4,14,4,ClientToShareholder,CommittedGradientShare,41570256,23946
4,14,4,ShareholderToAggregator,Share,3360,2
4,14,4,ShareholderToAggregator,Share,3360,2
4,14,4,AggregatorBroadcast,SplitDecision,49120,614
4,14,4,ShareholderToAggregator,Share,3360,2
4,14,4,AggregatorBroadcast,SplitDecision,49120,614
4,14,4,ShareholderToAggregator,Share,3360,2
4,14,4,ShareholderToAggregator,Share,3360,2
4,14,4,ShareholderToAggregator,Share,3360,2
4,14,4,AggregatorBroadcast,SplitDecision,49120,614
4,14,4,ShareholderToAggregator,Share,3360,2
4,14,4,AggregatorBroadcast,SplitDecision,49120,614
4,14,4,ShareholderToAggregator,Share,3360,2
4,14,4,AggregatorBroadcast,SplitDecision,49120,614
4,14,4,ShareholderToAggregator,Share,3360,2
4,14,4,AggregatorBroadcast,SplitDecision,49120,614
4,14,4,ShareholderToAggregator,Share,3360,2
4,14,4,AggregatorBroadcast,SplitDecision,49120,614
4,14,4,ShareholderToAggregator,Share,3360,2
4,14,4,ShareholderToAggregator,Share,3360,2
4,14,4,ShareholderToAggregator,Share,3360,2
4,14,5,ClientToShareholder,CommittedGradientShare,63954240,36840
4,14,5,ShareholderToAggregator,Share,3360,2
4,14,5,ShareholderToAggregator,Share,3360,2
4,14,5,ShareholderToAggregator,Share,3360,2
4,14,5,ShareholderToAggregator,Share,3360,2
4,14,5,ShareholderToAggregator,Share,3360,2
4,14,5,ShareholderToAggregator,Share,3360,2
4,14,5,ShareholderToAggregator,Share,3360,2
4,14,5,AggregatorBroadcast,SplitDecision,49120,614
4,14,5,ShareholderToAggregator,Share,3360,2
4,14,5,ShareholderToAggregator,Share,3360,2
4,14,5,AggregatorBroadcast,SplitDecision,49120,614
4,14,5,ShareholderToAggregator,Share,3360,2
4,14,5,ShareholderToAggregator,Share,3360,2
4,14,5,AggregatorBroadcast,SplitDecision,49120,614
4,14,5,ShareholderToAggregator,Share,3360,2
4,14,5,AggregatorBroadcast,SplitDecision,49120,614
4,14,5,ShareholderToAggregator,Share,3360,2
4,14,5,AggregatorBroadcast,SplitDecision,49120,614
4,14,5,ShareholderToAggregator,Share,3360,2
4,14,5,AggregatorBroadcast,SplitDecision,49120,614
4,14,5,ShareholderToAggregator,Share,3360,2
4,14,5,AggregatorBroadcast,SplitDecision,49120,614
4,14,5,ShareholderToAggregator,Share,3360,2
4,14,5,AggregatorBroadcast,SplitDecision,49120,614
4,14,5,ShareholderToAggregator,Share,3360,2
4,14,5,ShareholderToAggregator,Share,3360,2
4,14,5,AggregatorBroadcast,SplitDecision,49120,614
4,14,5,ShareholderToAggregator,Share,3360,2
4,14,5,ShareholderToAggregator,Share,3360,2
