split_id,tree,depth,direction,message_type,bytes,count
0,0,0,ClientToShareholder,CommittedStatsShare,353664,1842
0,0,0,ShareholderToAggregator,Share,320,2
0,0,0,AggregatorBroadcast,BinConfiguration,73680,614
0,0,0,AggregatorBroadcast,BinConfiguration,73680,614
0,0,0,AggregatorBroadcast,BinConfiguration,73680,614
0,0,0,AggregatorBroadcast,BinConfiguration,73680,614
0,0,0,AggregatorBroadcast,BinConfiguration,73680,614
0,0,0,AggregatorBroadcast,BinConfiguration,73680,614
0,0,0,AggregatorBroadcast,BinConfiguration,73680,614
0,0,0,AggregatorBroadcast,BinConfiguration,73680,614
0,0,0,ClientToShareholder,CommittedGradientShare,3197712,1842
0,0,0,ShareholderToAggregator,Share,3360,2
0,0,0,AggregatorBroadcast,SplitDecision,49120,614
0,0,1,ClientToShareholder,CommittedGradientShare,3197712,1842
0,0,1,ShareholderToAggregator,Share,3360,2
0,0,1,AggregatorBroadcast,SplitDecision,49120,614
0,0,1,ShareholderToAggregator,Share,3360,2
0,0,1,AggregatorBroadcast,SplitDecision,49120,614
0,0,2,ClientToShareholder,CommittedGradientShare,3197712,1842
0,0,2,ShareholderToAggregator,Share,3360,2
0,0,2,AggregatorBroadcast,SplitDecision,49120,614
0,0,2,ShareholderToAggregator,Share,3360,2
0,0,2,AggregatorBroadcast,SplitDecision,49120,614
0,0,2,ShareholderToAggregator,Share,3360,2
0,0,2,AggregatorBroadcast,SplitDecision,49120,614
0,0,2,ShareholderToAggregator,Share,3360,2
0,0,2,AggregatorBroadcast,SplitDecision,49120,614
0,0,3,ClientToShareholder,CommittedGradientShare,3197712,1842
0,0,3,ShareholderToAggregator,Share,3360,2
0,0,3,AggregatorBroadcast,SplitDecision,49120,614
0,0,3,ShareholderToAggregator,Share,3360,2
0,0,3,AggregatorBroadcast,SplitDecision,49120,614
0,0,3,ShareholderToAggregator,Share,3360,2
0,0,3,ShareholderToAggregator,Share,3360,2
0,0,3,AggregatorBroadcast,SplitDecision,49120,614
0,0,3,ShareholderToAggregator,Share,3360,2
0,0,3,AggregatorBroadcast,SplitDecision,49120,614
0,0,3,ShareholderToAggregator,Share,3360,2
0,0,3,AggregatorBroadcast,SplitDecision,49120,614
0,0,3,ShareholderToAggregator,Share,3360,2
0,0,3,AggregatorBroadcast,SplitDecision,49120,614
0,0,3,ShareholderToAggregator,Share,3360,2
0,0,4,ClientToShareholder,CommittedGradientShare,3197712,1842
0,0,4,ShareholderToAggregator,Share,3360,2
0,0,4,ShareholderToAggregator,Share,3360,2
0,0,4,ShareholderToAggregator,Share,3360,2
0,0,4,ShareholderToAggregator,Share,3360,2
0,0,4,AggregatorBroadcast,SplitDecision,49120,614
0,0,4,ShareholderToAggregator,Share,3360,2
0,0,4,AggregatorBroadcast,SplitDecision,49120,614
0,0,4,ShareholderToAggregator,Share,3360,2
0,0,4,AggregatorBroadcast,SplitDecision,49120,614
0,0,4,ShareholderToAggregator,Share,3360,2
0,0,4,AggregatorBroadcast,SplitDecision,49120,614
0,0,4,ShareholderToAggregator,Share,3360,2
0,0,4,AggregatorBroadcast,SplitDecision,49120,614
0,0,4,ShareholderToAggregator,Share,3360,2
0,0,4,AggregatorBroadcast,SplitDecision,49120,614
0,0,4,ShareholderToAggregator,Share,3360,2
0,0,4,AggregatorBroadcast,SplitDecision,49120,614
0,0,4,ShareholderToAggregator,Share,3360,2
0,0,5,ClientToShareholder,CommittedGradientShare,3197712,1842
0,0,5,ShareholderToAggregator,Share,3360,2
0,0,5,ShareholderToAggregator,Share,3360,2
0,0,5,ShareholderToAggregator,Share,3360,2
0,0,5,ShareholderToAggregator,Share,3360,2
0,0,5,ShareholderToAggregator,Share,3360,2
0,0,5,AggregatorBroadcast,SplitDecision,49120,614
0,0,5,ShareholderToAggregator,Share,3360,2
0,0,5,AggregatorBroadcast,SplitDecision,49120,614
0,0,5,ShareholderToAggregator,Share,3360,2
0,0,5,AggregatorBroadcast,SplitDecision,49120,614
0,0,5,ShareholderToAggregator,Share,3360,2
0,0,5,AggregatorBroadcast,SplitDecision,49120,614
0,0,5,ShareholderToAggregator,Share,3360,2
0,0,5,AggregatorBroadcast,SplitDecision,49120,614
0,0,5,ShareholderToAggregator,Share,3360,2
0,1,0,ClientToShareholder,CommittedGradientShare,3197712,1842
0,1,0,ShareholderToAggregator,Share,3360,2
0,1,0,AggregatorBroadcast,SplitDecision,49120,614
0,1,1,ClientToShareholder,CommittedGradientShare,3197712,1842
0,1,1,ShareholderToAggregator,Share,3360,2
0,1,1,AggregatorBroadcast,SplitDecision,49120,614
0,1,1,ShareholderToAggregator,Share,3360,2
0,1,1,AggregatorBroadcast,SplitDecision,49120,614
0,1,2,ClientToShareholder,CommittedGradientShare,3197712,1842
0,1,2,ShareholderToAggregator,Share,3360,2
0,1,2,AggregatorBroadcast,SplitDecision,49120,614
0,1,2,ShareholderToAggregator,Share,3360,2
0,1,2,AggregatorBroadcast,SplitDecision,49120,614
0,1,2,ShareholderToAggregator,Share,3360,2
0,1,2,AggregatorBroadcast,SplitDecision,49120,614
0,1,2,ShareholderToAggregator,Share,3360,2
0,1,2,AggregatorBroadcast,SplitDecision,49120,614
0,1,3,ClientToShareholder,CommittedGradientShare,3197712,1842
0,1,3,ShareholderToAggregator,Share,3360,2
0,1,3,AggregatorBroadcast,SplitDecision,49120,614
0,1,3,ShareholderToAggregator,Share,3360,2
0,1,3,AggregatorBroadcast,SplitDecision,49120,614
0,1,3,ShareholderToAggregator,Share,3360,2
0,1,3,ShareholderToAggregator,Share,3360,2
0,1,3,AggregatorBroadcast,SplitDecision,49120,614
0,1,3,ShareholderToAggregator,Share,3360,2
0,1,3,AggregatorBroadcast,SplitDecision,49120,614
0,1,3,ShareholderToAggregator,Share,3360,2
0,1,3,AggregatorBroadcast,SplitDecision,49120,614
0,1,3,ShareholderToAggregator,Share,3360,2
0,1,3,AggregatorBroadcast,SplitDecision,49120,614
0,1,3,ShareholderToAggregator,Share,3360,2
0,1,4,ClientToShareholder,CommittedGradientShare,3197712,1842
0,1,4,ShareholderToAggregator,Share,3360,2
0,1,4,ShareholderToAggregator,Share,3360,2
0,1,4,ShareholderToAggregator,Share,3360,2
0,1,4,ShareholderToAggregator,Share,3360,2
0,1,4,AggregatorBroadcast,SplitDecision,49120,614
0,1,4,ShareholderToAggregator,Share,3360,2
0,1,4,AggregatorBroadcast,SplitDecision,49120,614
0,1,4,ShareholderToAggregator,Share,3360,2
0,1,4,AggregatorBroadcast,SplitDecision,49120,614
0,1,4,ShareholderToAggregator,Share,3360,2
0,1,4,AggregatorBroadcast,SplitDecision,49120,614
0,1,4,ShareholderToAggregator,Share,3360,2
0,1,4,AggregatorBroadcast,SplitDecision,49120,614
0,1,4,ShareholderToAggregator,Share,3360,2
0,1,4,ShareholderToAggregator,Share,3360,2
0,1,4,AggregatorBroadcast,SplitDecision,49120,614
0,1,4,ShareholderToAggregator,Share,3360,2
0,1,4,AggregatorBroadcast,SplitDecision,49120,614
0,1,4,ShareholderToAggregator,Share,3360,2
0,1,4,AggregatorBroadcast,SplitDecision,49120,614
0,1,4,ShareholderToAggregator,Share,3360,2
0,1,4,AggregatorBroadcast,SplitDecision,49120,614
0,1,5,ClientToShareholder,CommittedGradientShare,3197712,1842
0,1,5,ShareholderToAggregator,Share,3360,2
0,1,5,ShareholderToAggregator,Share,3360,2
0,1,5,ShareholderToAggregator,Share,3360,2
0,1,5,ShareholderToAggregator,Share,3360,2
0,1,5,ShareholderToAggregator,Share,3360,2
0,1,5,AggregatorBroadcast,SplitDecision,49120,614
0,1,5,ShareholderToAggregator,Share,3360,2
0,1,5,AggregatorBroadcast,SplitDecision,49120,614
0,1,5,ShareholderToAggregator,Share,3360,2
0,1,5,AggregatorBroadcast,SplitDecision,49120,614
0,1,5,ShareholderToAggregator,Share,3360,2
0,1,5,AggregatorBroadcast,SplitDecision,49120,614
0,1,5,ShareholderToAggregator,Share,3360,2
0,1,5,AggregatorBroadcast,SplitDecision,49120,614
0,1,5,ShareholderToAggregator,Share,3360,2
0,1,5,AggregatorBroadcast,SplitDecision,49120,614
0,1,5,ShareholderToAggregator,Share,3360,2
0,1,5,AggregatorBroadcast,SplitDecision,49120,614
0,1,5,ShareholderToAggregator,Share,3360,2
0,1,5,AggregatorBroadcast,SplitDecision,49120,614
0,1,5,ShareholderToAggregator,Share,3360,2
0,1,5,AggregatorBroadcast,SplitDecision,49120,614
0,1,5,ShareholderToAggregator,Share,3360,2
0,1,5,AggregatorBroadcast,SplitDecision,49120,614
0,1,5,ShareholderToAggregator,Share,3360,2
0,1,5,AggregatorBroadcast,SplitDecision,49120,614
0,2,0,ClientToShareholder,CommittedGradientShare,3197712,1842
0,2,0,ShareholderToAggregator,Share,3360,2
0,2,0,AggregatorBroadcast,SplitDecision,49120,614
0,2,1,ClientToShareholder,CommittedGradientShare,3197712,1842
0,2,1,ShareholderToAggregator,Share,3360,2
0,2,1,AggregatorBroadcast,SplitDecision,49120,614
0,2,1,ShareholderToAggregator,Share,3360,2
0,2,1,AggregatorBroadcast,SplitDecision,49120,614
0,2,2,ClientToShareholder,CommittedGradientShare,3197712,1842
0,2,2,ShareholderToAggregator,Share,3360,2
0,2,2,AggregatorBroadcast,SplitDecision,49120,614
0,2,2,ShareholderToAggregator,Share,3360,2
0,2,2,AggregatorBroadcast,SplitDecision,49120,614
0,2,2,ShareholderToAggregator,Share,3360,2
0,2,2,AggregatorBroadcast,SplitDecision,49120,614
0,2,2,ShareholderToAggregator,Share,3360,2
0,2,3,ClientToShareholder,CommittedGradientShare,3197712,1842
0,2,3,ShareholderToAggregator,Share,3360,2
0,2,3,ShareholderToAggregator,Share,3360,2
0,2,3,AggregatorBroadcast,SplitDecision,49120,614
0,2,3,ShareholderToAggregator,Share,3360,2
0,2,3,AggregatorBroadcast,SplitDecision,49120,614
0,2,3,ShareholderToAggregator,Share,3360,2
0,2,3,ShareholderToAggregator,Share,3360,2
0,2,3,AggregatorBroadcast,SplitDecision,49120,614
0,2,3,ShareholderToAggregator,Share,3360,2
0,2,3,AggregatorBroadcast,SplitDecision,49120,614
0,2,3,ShareholderToAggregator,Share,3360,2
0,2,3,AggregatorBroadcast,SplitDecision,49120,614
0,2,4,ClientToShareholder,CommittedGradientShare,3197712,1842
0,2,4,ShareholderToAggregator,Share,3360,2
0,2,4,ShareholderToAggregator,Share,3360,2
0,2,4,ShareholderToAggregator,Share,3360,2
0,2,4,ShareholderToAggregator,Share,3360,2
0,2,4,AggregatorBroadcast,SplitDecision,49120,614
0,2,4,ShareholderToAggregator,Share,3360,2
0,2,4,AggregatorBroadcast,SplitDecision,49120,614
0,2,4,ShareholderToAggregator,Share,3360,2
0,2,4,AggregatorBroadcast,SplitDecision,49120,614
0,2,4,ShareholderToAggregator,Share,3360,2
0,2,4,AggregatorBroadcast,SplitDecision,49120,614
0,2,4,ShareholderToAggregator,Share,3360,2
0,2,4,AggregatorBroadcast,SplitDecision,49120,614
0,2,4,ShareholderToAggregator,Share,3360,2
0,2,4,AggregatorBroadcast,SplitDecision,49120,614
0,2,5,ClientToShareholder,CommittedGradientShare,3197712,1842
0,2,5,ShareholderToAggregator,Share,3360,2
0,2,5,ShareholderToAggregator,Share,3360,2
0,2,5,ShareholderToAggregator,Share,3360,2
0,2,5,ShareholderToAggregator,Share,3360,2
0,2,5,AggregatorBroadcast,SplitDecision,49120,614
0,2,5,ShareholderToAggregator,Share,3360,2
0,2,5,AggregatorBroadcast,SplitDecision,49120,614
0,2,5,ShareholderToAggregator,Share,3360,2
0,2,5,ShareholderToAggregator,Share,3360,2
0,2,5,AggregatorBroadcast,SplitDecision,49120,614
0,2,5,ShareholderToAggregator,Share,3360,2
0,2,5,AggregatorBroadcast,SplitDecision,49120,614
0,2,5,ShareholderToAggregator,Share,3360,2
0,2,5,ShareholderToAggregator,Share,3360,2
0,2,5,AggregatorBroadcast,SplitDecision,49120,614
0,3,0,ClientToShareholder,CommittedGradientShare,3197712,1842
0,3,0,ShareholderToAggregator,Share,3360,2
0,3,0,AggregatorBroadcast,SplitDecision,49120,614
0,3,1,ClientToShareholder,CommittedGradientShare,3197712,1842
0,3,1,ShareholderToAggregator,Share,3360,2
0,3,1,AggregatorBroadcast,SplitDecision,49120,614
0,3,1,ShareholderToAggregator,Share,3360,2
0,3,1,AggregatorBroadcast,SplitDecision,49120,614
0,3,2,ClientToShareholder,CommittedGradientShare,3197712,1842
0,3,2,ShareholderToAggregator,Share,3360,2
0,3,2,AggregatorBroadcast,SplitDecision,49120,614
0,3,2,ShareholderToAggregator,Share,3360,2
0,3,2,AggregatorBroadcast,SplitDecision,49120,614
0,3,2,ShareholderToAggregator,Share,3360,2
0,3,2,AggregatorBroadcast,SplitDecision,49120,614
0,3,2,ShareholderToAggregator,Share,3360,2
0,3,2,AggregatorBroadcast,SplitDecision,49120,614
0,3,3,ClientToShareholder,CommittedGradientShare,3197712,1842
0,3,3,ShareholderToAggregator,Share,3360,2
0,3,3,ShareholderToAggregator,Share,3360,2
0,3,3,AggregatorBroadcast,SplitDecision,49120,614
0,3,3,ShareholderToAggregator,Share,3360,2
0,3,3,AggregatorBroadcast,SplitDecision,49120,614
0,3,3,ShareholderToAggregator,Share,3360,2
0,3,3,AggregatorBroadcast,SplitDecision,49120,614
0,3,3,ShareholderToAggregator,Share,3360,2
0,3,3,AggregatorBroadcast,SplitDecision,49120,614
0,3,3,ShareholderToAggregator,Share,3360,2
0,3,3,AggregatorBroadcast,SplitDecision,49120,614
0,3,3,ShareholderToAggregator,Share,3360,2
0,3,3,AggregatorBroadcast,SplitDecision,49120,614
0,3,3,ShareholderToAggregator,Share,3360,2
0,3,3,AggregatorBroadcast,SplitDecision,49120,614
0,3,4,ClientToShareholder,CommittedGradientShare,3197712,1842
0,3,4,ShareholderToAggregator,Share,3360,2
0,3,4,ShareholderToAggregator,Share,3360,2
0,3,4,AggregatorBroadcast,SplitDecision,49120,614
0,3,4,ShareholderToAggregator,Share,3360,2
0,3,4,AggregatorBroadcast,SplitDecision,49120,614
0,3,4,ShareholderToAggregator,Share,3360,2
0,3,4,AggregatorBroadcast,SplitDecision,49120,614
0,3,4,ShareholderToAggregator,Share,3360,2
0,3,4,AggregatorBroadcast,SplitDecision,49120,614
0,3,4,ShareholderToAggregator,Share,3360,2
0,3,4,ShareholderToAggregator,Share,3360,2
0,3,4,AggregatorBroadcast,SplitDecision,49120,614
0,3,4,ShareholderToAggregator,Share,3360,2
0,3,4,AggregatorBroadcast,SplitDecision,49120,614
0,3,4,ShareholderToAggregator,Share,3360,2
0,3,4,AggregatorBroadcast,SplitDecision,49120,614
0,3,4,ShareholderToAggregator,Share,3360,2
0,3,4,AggregatorBroadcast,SplitDecision,49120,614
0,3,4,ShareholderToAggregator,Share,3360,2
0,3,4,AggregatorBroadcast,SplitDecision,49120,614
0,3,4,ShareholderToAggregator,Share,3360,2
0,3,4,AggregatorBroadcast,SplitDecision,49120,614
0,3,5,ClientToShareholder,CommittedGradientShare,3197712,1842
0,3,5,ShareholderToAggregator,Share,3360,2
0,3,5,ShareholderToAggregator,Share,3360,2
0,3,5,ShareholderToAggregator,Share,3360,2
0,3,5,AggregatorBroadcast,SplitDecision,49120,614
0,3,5,ShareholderToAggregator,Share,3360,2
0,3,5,AggregatorBroadcast,SplitDecision,49120,614
0,3,5,ShareholderToAggregator,Share,3360,2
0,3,5,ShareholderToAggregator,Share,3360,2
0,3,5,ShareholderToAggregator,Share,3360,2
0,3,5,ShareholderToAggregator,Share,3360,2
0,3,5,AggregatorBroadcast,SplitDecision,49120,614
0,3,5,ShareholderToAggregator,Share,3360,2
0,3,5,AggregatorBroadcast,SplitDecision,49120,614
0,3,5,ShareholderToAggregator,Share,3360,2
0,3,5,AggregatorBroadcast,SplitDecision,49120,614
0,3,5,ShareholderToAggregator,Share,3360,2
0,3,5,AggregatorBroadcast,SplitDecision,49120,614
0,3,5,ShareholderToAggregator,Share,3360,2
0,3,5,AggregatorBroadcast,SplitDecision,49120,614
0,3,5,ShareholderToAggregator,Share,3360,2
0,3,5,AggregatorBroadcast,SplitDecision,49120,614
0,3,5,ShareholderToAggregator,Share,3360,2
0,3,5,ShareholderToAggregator,Share,3360,2
0,3,5,AggregatorBroadcast,SplitDecision,49120,614
0,3,5,ShareholderToAggregator,Share,3360,2
0,3,5,ShareholderToAggregator,Share,3360,2
0,3,5,AggregatorBroadcast,SplitDecision,49120,614
0,4,0,ClientToShareholder,CommittedGradientShare,3197712,1842
0,4,0,ShareholderToAggregator,Share,3360,2
0,4,0,AggregatorBroadcast,SplitDecision,49120,614
0,4,1,ClientToShareholder,CommittedGradientShare,3197712,1842
0,4,1,ShareholderToAggregator,Share,3360,2
0,4,1,AggregatorBroadcast,SplitDecision,49120,614
0,4,1,ShareholderToAggregator,Share,3360,2
0,4,1,AggregatorBroadcast,SplitDecision,49120,614
0,4,2,ClientToShareholder,CommittedGradientShare,3197712,1842
0,4,2,ShareholderToAggregator,Share,3360,2
0,4,2,AggregatorBroadcast,SplitDecision,49120,614
0,4,2,ShareholderToAggregator,Share,3360,2
0,4,2,AggregatorBroadcast,SplitDecision,49120,614
0,4,2,ShareholderToAggregator,Share,3360,2
0,4,2,AggregatorBroadcast,SplitDecision,49120,614
0,4,2,ShareholderToAggregator,Share,3360,2
0,4,2,AggregatorBroadcast,SplitDecision,49120,614
0,4,3,ClientToShareholder,CommittedGradientShare,3197712,1842
0,4,3,ShareholderToAggregator,Share,3360,2
0,4,3,ShareholderToAggregator,Share,3360,2
0,4,3,AggregatorBroadcast,SplitDecision,49120,614
0,4,3,ShareholderToAggregator,Share,3360,2
0,4,3,AggregatorBroadcast,SplitDecision,49120,614
0,4,3,ShareholderToAggregator,Share,3360,2
0,4,3,AggregatorBroadcast,SplitDecision,49120,614
0,4,3,ShareholderToAggregator,Share,3360,2
0,4,3,AggregatorBroadcast,SplitDecision,49120,614
0,4,3,ShareholderToAggregator,Share,3360,2
0,4,3,AggregatorBroadcast,SplitDecision,49120,614
0,4,3,ShareholderToAggregator,Share,3360,2
0,4,3,AggregatorBroadcast,SplitDecision,49120,614
0,4,3,ShareholderToAggregator,Share,3360,2
0,4,3,AggregatorBroadcast,SplitDecision,49120,614
0,4,4,ClientToShareholder,CommittedGradientShare,3197712,1842
0,4,4,ShareholderToAggregator,Share,3360,2
0,4,4,ShareholderToAggregator,Share,3360,2
0,4,4,AggregatorBroadcast,SplitDecision,49120,614
0,4,4,ShareholderToAggregator,Share,3360,2
0,4,4,AggregatorBroadcast,SplitDecision,49120,614
0,4,4,ShareholderToAggregator,Share,3360,2
0,4,4,AggregatorBroadcast,SplitDecision,49120,614
0,4,4,ShareholderToAggregator,Share,3360,2
0,4,4,AggregatorBroadcast,SplitDecision,49120,614
0,4,4,ShareholderToAggregator,Share,3360,2
0,4,4,AggregatorBroadcast,SplitDecision,49120,614
0,4,4,ShareholderToAggregator,Share,3360,2
0,4,4,AggregatorBroadcast,SplitDecision,49120,614
0,4,4,ShareholderToAggregator,Share,3360,2
0,4,4,ShareholderToAggregator,Share,3360,2
0,4,4,AggregatorBroadcast,SplitDecision,49120,614
0,4,4,ShareholderToAggregator,Share,3360,2
0,4,4,AggregatorBroadcast,SplitDecision,49120,614
0,4,4,ShareholderToAggregator,Share,3360,2
0,4,4,AggregatorBroadcast,SplitDecision,49120,614
0,4,4,ShareholderToAggregator,Share,3360,2
0,4,4,AggregatorBroadcast,SplitDecision,49120,614
0,4,4,ShareholderToAggregator,Share,3360,2
0,4,4,AggregatorBroadcast,SplitDecision,49120,614
0,4,4,ShareholderToAggregator,Share,3360,2
0,4,5,ClientToShareholder,CommittedGradientShare,3197712,1842
0,4,5,ShareholderToAggregator,Share,3360,2
0,4,5,ShareholderToAggregator,Share,3360,2
0,4,5,ShareholderToAggregator,Share,3360,2
0,4,5,ShareholderToAggregator,Share,3360,2
0,4,5,AggregatorBroadcast,SplitDecision,49120,614
0,4,5,ShareholderToAggregator,Share,3360,2
0,4,5,AggregatorBroadcast,SplitDecision,49120,614
0,4,5,ShareholderToAggregator,Share,3360,2
0,4,5,ShareholderToAggregator,Share,3360,2
0,4,5,ShareholderToAggregator,Share,3360,2
0,4,5,ShareholderToAggregator,Share,3360,2
0,4,5,AggregatorBroadcast,SplitDecision,49120,614
0,4,5,ShareholderToAggregator,Share,3360,2
0,4,5,AggregatorBroadcast,SplitDecision,49120,614
0,4,5,ShareholderToAggregator,Share,3360,2
0,4,5,AggregatorBroadcast,SplitDecision,49120,614
0,4,5,ShareholderToAggregator,Share,3360,2
0,4,5,ShareholderToAggregator,Share,3360,2
0,4,5,AggregatorBroadcast,SplitDecision,49120,614
0,4,5,ShareholderToAggregator,Share,3360,2
0,4,5,AggregatorBroadcast,SplitDecision,49120,614
0,4,5,ShareholderToAggregator,Share,3360,2
0,4,5,AggregatorBroadcast,SplitDecision,49120,614
0,4,5,ShareholderToAggregator,Share,3360,2
0,4,5,ShareholderToAggregator,Share,3360,2
0,4,5,AggregatorBroadcast,SplitDecision,49120,614
0,4,5,ShareholderToAggregator,Share,3360,2
0,5,0,ClientToShareholder,CommittedGradientShare,3197712,1842
0,5,0,ShareholderToAggregator,Share,3360,2
0,5,0,AggregatorBroadcast,SplitDecision,49120,614
0,5,1,ClientToShareholder,CommittedGradientShare,3197712,1842
0,5,1,ShareholderToAggregator,Share,3360,2
0,5,1,AggregatorBroadcast,SplitDecision,49120,614
0,5,1,ShareholderToAggregator,Share,3360,2
0,5,1,AggregatorBroadcast,SplitDecision,49120,614
0,5,2,ClientToShareholder,CommittedGradientShare,3197712,1842
0,5,2,ShareholderToAggregator,Share,3360,2
0,5,2,AggregatorBroadcast,SplitDecision,49120,614
0,5,2,ShareholderToAggregator,Share,3360,2
0,5,2,AggregatorBroadcast,SplitDecision,49120,614
0,5,2,ShareholderToAggregator,Share,3360,2
0,5,2,AggregatorBroadcast,SplitDecision,49120,614
0,5,2,ShareholderToAggregator,Share,3360,2
0,5,2,AggregatorBroadcast,SplitDecision,49120,614
0,5,3,ClientToShareholder,CommittedGradientShare,3197712,1842
0,5,3,ShareholderToAggregator,Share,3360,2
0,5,3,AggregatorBroadcast,SplitDecision,49120,614
0,5,3,ShareholderToAggregator,Share,3360,2
0,5,3,AggregatorBroadcast,SplitDecision,49120,614
0,5,3,ShareholderToAggregator,Share,3360,2
0,5,3,AggregatorBroadcast,SplitDecision,49120,614
0,5,3,ShareholderToAggregator,Share,3360,2
0,5,3,AggregatorBroadcast,SplitDecision,49120,614
0,5,3,ShareholderToAggregator,Share,3360,2
0,5,3,AggregatorBroadcast,SplitDecision,49120,614
0,5,3,ShareholderToAggregator,Share,3360,2
0,5,3,AggregatorBroadcast,SplitDecision,49120,614
0,5,3,ShareholderToAggregator,Share,3360,2
0,5,3,AggregatorBroadcast,SplitDecision,49120,614
0,5,4,ClientToShareholder,CommittedGradientShare,3197712,1842
0,5,4,ShareholderToAggregator,Share,3360,2
0,5,4,AggregatorBroadcast,SplitDecision,49120,614
0,5,4,ShareholderToAggregator,Share,3360,2
0,5,4,AggregatorBroadcast,SplitDecision,49120,614
0,5,4,ShareholderToAggregator,Share,3360,2
0,5,4,AggregatorBroadcast,SplitDecision,49120,614
0,5,4,ShareholderToAggregator,Share,3360,2
0,5,4,ShareholderToAggregator,Share,3360,2
0,5,4,AggregatorBroadcast,SplitDecision,49120,614
0,5,4,ShareholderToAggregator,Share,3360,2
0,5,4,ShareholderToAggregator,Share,3360,2
0,5,4,ShareholderToAggregator,Share,3360,2
0,5,4,ShareholderToAggregator,Share,3360,2
0,5,4,AggregatorBroadcast,SplitDecision,49120,614
0,5,4,ShareholderToAggregator,Share,3360,2
0,5,4,AggregatorBroadcast,SplitDecision,49120,614
0,5,4,ShareholderToAggregator,Share,3360,2
0,5,4,AggregatorBroadcast,SplitDecision,49120,614
0,5,4,ShareholderToAggregator,Share,3360,2
0,5,4,ShareholderToAggregator,Share,3360,2
0,5,4,AggregatorBroadcast,SplitDecision,49120,614
0,5,5,ClientToShareholder,CommittedGradientShare,3197712,1842
0,5,5,ShareholderToAggregator,Share,3360,2
0,5,5,ShareholderToAggregator,Share,3360,2
0,5,5,ShareholderToAggregator,Share,3360,2
0,5,5,ShareholderToAggregator,Share,3360,2
0,5,5,ShareholderToAggregator,Share,3360,2
0,5,5,ShareholderToAggregator,Share,3360,2
0,5,5,ShareholderToAggregator,Share,3360,2
0,5,5,AggregatorBroadcast,SplitDecision,49120,614
0,5,5,ShareholderToAggregator,Share,3360,2
0,5,5,AggregatorBroadcast,SplitDecision,49120,614
0,5,5,ShareholderToAggregator,Share,3360,2
0,5,5,AggregatorBroadcast,SplitDecision,49120,614
0,5,5,ShareholderToAggregator,Share,3360,2
0,5,5,AggregatorBroadcast,SplitDecision,49120,614
0,5,5,ShareholderToAggregator,Share,3360,2
0,5,5,AggregatorBroadcast,SplitDecision,49120,614
0,5,5,ShareholderToAggregator,Share,3360,2
0,5,5,AggregatorBroadcast,SplitDecision,49120,614
0,5,5,ShareholderToAggregator,Share,3360,2
0,5,5,AggregatorBroadcast,SplitDecision,49120,614
0,5,5,ShareholderToAggregator,Share,3360,2
0,5,5,AggregatorBroadcast,SplitDecision,49120,614
0,6,0,ClientToShareholder,CommittedGradientShare,3197712,1842
0,6,0,ShareholderToAggregator,Share,3360,2
0,6,0,AggregatorBroadcast,SplitDecision,49120,614
0,6,1,ClientToShareholder,CommittedGradientShare,3197712,1842
0,6,1,ShareholderToAggregator,Share,3360,2
0,6,1,AggregatorBroadcast,SplitDecision,49120,614
0,6,1,ShareholderToAggregator,Share,3360,2
0,6,1,AggregatorBroadcast,SplitDecision,49120,614
0,6,2,ClientToShareholder,CommittedGradientShare,3197712,1842
0,6,2,ShareholderToAggregator,Share,3360,2
0,6,2,AggregatorBroadcast,SplitDecision,49120,614
0,6,2,ShareholderToAggregator,Share,3360,2
0,6,2,AggregatorBroadcast,SplitDecision,49120,614
0,6,2,ShareholderToAggregator,Share,3360,2
0,6,2,AggregatorBroadcast,SplitDecision,49120,614
0,6,2,ShareholderToAggregator,Share,3360,2
0,6,2,AggregatorBroadcast,SplitDecision,49120,614
0,6,3,ClientToShareholder,CommittedGradientShare,3197712,1842
0,6,3,ShareholderToAggregator,Share,3360,2
0,6,3,ShareholderToAggregator,Share,3360,2
0,6,3,AggregatorBroadcast,SplitDecision,49120,614
0,6,3,ShareholderToAggregator,Share,3360,2
0,6,3,AggregatorBroadcast,SplitDecision,49120,614
0,6,3,ShareholderToAggregator,Share,3360,2
0,6,3,AggregatorBroadcast,SplitDecision,49120,614
0,6,3,ShareholderToAggregator,Share,3360,2
0,6,3,AggregatorBroadcast,SplitDecision,49120,614
0,6,3,ShareholderToAggregator,Share,3360,2
0,6,3,AggregatorBroadcast,SplitDecision,49120,614
0,6,3,ShareholderToAggregator,Share,3360,2
0,6,3,AggregatorBroadcast,SplitDecision,49120,614
0,6,4,ClientToShareholder,CommittedGradientShare,3197712,1842
0,6,4,ShareholderToAggregator,Share,3360,2
0,6,4,ShareholderToAggregator,Share,3360,2
0,6,4,AggregatorBroadcast,SplitDecision,49120,614
0,6,4,ShareholderToAggregator,Share,3360,2
0,6,4,AggregatorBroadcast,SplitDecision,49120,614
0,6,4,ShareholderToAggregator,Share,3360,2
0,6,4,AggregatorBroadcast,SplitDecision,49120,614
0,6,4,ShareholderToAggregator,Share,3360,2
0,6,4,ShareholderToAggregator,Share,3360,2
0,6,4,AggregatorBroadcast,SplitDecision,49120,614
0,6,4,ShareholderToAggregator,Share,3360,2
0,6,4,ShareholderToAggregator,Share,3360,2
0,6,4,AggregatorBroadcast,SplitDecision,49120,614
0,6,4,ShareholderToAggregator,Share,3360,2
0,6,4,AggregatorBroadcast,SplitDecision,49120,614
0,6,4,ShareholderToAggregator,Share,3360,2
0,6,4,AggregatorBroadcast,SplitDecision,49120,614
0,6,4,ShareholderToAggregator,Share,3360,2
0,6,4,AggregatorBroadcast,SplitDecision,49120,614
0,6,4,ShareholderToAggregator,Share,3360,2
0,6,4,AggregatorBroadcast,SplitDecision,49120,614
0,6,5,ClientToShareholder,CommittedGradientShare,3197712,1842
0,6,5,ShareholderToAggregator,Share,3360,2
0,6,5,ShareholderToAggregator,Share,3360,2
0,6,5,ShareholderToAggregator,Share,3360,2
0,6,5,ShareholderToAggregator,Share,3360,2
0,6,5,AggregatorBroadcast,SplitDecision,49120,614
0,6,5,ShareholderToAggregator,Share,3360,2
0,6,5,AggregatorBroadcast,SplitDecision,49120,614
0,6,5,ShareholderToAggregator,Share,3360,2
0,6,5,ShareholderToAggregator,Share,3360,2
0,6,5,ShareholderToAggregator,Share,3360,2
0,6,5,AggregatorBroadcast,SplitDecision,49120,614
0,6,5,ShareholderToAggregator,Share,3360,2
0,6,5,AggregatorBroadcast,SplitDecision,49120,614
0,6,5,ShareholderToAggregator,Share,3360,2
0,6,5,AggregatorBroadcast,SplitDecision,49120,614
0,6,5,ShareholderToAggregator,Share,3360,2
0,6,5,AggregatorBroadcast,SplitDecision,49120,614
0,6,5,ShareholderToAggregator,Share,3360,2
0,6,5,AggregatorBroadcast,SplitDecision,49120,614
0,6,5,ShareholderToAggregator,Share,3360,2
0,6,5,AggregatorBroadcast,SplitDecision,49120,614
0,6,5,ShareholderToAggregator,Share,3360,2
0,7,0,ClientToShareholder,CommittedGradientShare,3197712,1842
0,7,0,ShareholderToAggregator,Share,3360,2
0,7,0,AggregatorBroadcast,SplitDecision,49120,614
0,7,1,ClientToShareholder,CommittedGradientShare,3197712,1842
0,7,1,ShareholderToAggregator,Share,3360,2
0,7,1,AggregatorBroadcast,SplitDecision,49120,614
0,7,1,ShareholderToAggregator,Share,3360,2
0,7,1,AggregatorBroadcast,SplitDecision,49120,614
0,7,2,ClientToShareholder,CommittedGradientShare,3197712,1842
0,7,2,ShareholderToAggregator,Share,3360,2
0,7,2,AggregatorBroadcast,SplitDecision,49120,614
0,7,2,ShareholderToAggregator,Share,3360,2
0,7,2,AggregatorBroadcast,SplitDecision,49120,614
0,7,2,ShareholderToAggregator,Share,3360,2
0,7,2,AggregatorBroadcast,SplitDecision,49120,614
0,7,2,ShareholderToAggregator,Share,3360,2
0,7,2,AggregatorBroadcast,SplitDecision,49120,614
0,7,3,ClientToShareholder,CommittedGradientShare,3197712,1842
0,7,3,ShareholderToAggregator,Share,3360,2
0,7,3,ShareholderToAggregator,Share,3360,2
0,7,3,AggregatorBroadcast,SplitDecision,49120,614
0,7,3,ShareholderToAggregator,Share,3360,2
0,7,3,AggregatorBroadcast,SplitDecision,49120,614
0,7,3,ShareholderToAggregator,Share,3360,2
0,7,3,AggregatorBroadcast,SplitDecision,49120,614
0,7,3,ShareholderToAggregator,Share,3360,2
0,7,3,AggregatorBroadcast,SplitDecision,49120,614
0,7,3,ShareholderToAggregator,Share,3360,2
0,7,3,AggregatorBroadcast,SplitDecision,49120,614
0,7,3,ShareholderToAggregator,Share,3360,2
0,7,3,AggregatorBroadcast,SplitDecision,49120,614
0,7,4,ClientToShareholder,CommittedGradientShare,3197712,1842
0,7,4,ShareholderToAggregator,Share,3360,2
0,7,4,ShareholderToAggregator,Share,3360,2
0,7,4,ShareholderToAggregator,Share,3360,2
0,7,4,AggregatorBroadcast,SplitDecision,49120,614
0,7,4,ShareholderToAggregator,Share,3360,2
0,7,4,AggregatorBroadcast,SplitDecision,49120,614
0,7,4,ShareholderToAggregator,Share,3360,2
0,7,4,AggregatorBroadcast,SplitDecision,49120,614
0,7,4,ShareholderToAggregator,Share,3360,2
0,7,4,ShareholderToAggregator,Share,3360,2
0,7,4,AggregatorBroadcast,SplitDecision,49120,614
0,7,4,ShareholderToAggregator,Share,3360,2
0,7,4,AggregatorBroadcast,SplitDecision,49120,614
0,7,4,ShareholderToAggregator,Share,3360,2
0,7,4,AggregatorBroadcast,SplitDecision,49120,614
0,7,4,ShareholderToAggregator,Share,3360,2
0,7,4,AggregatorBroadcast,SplitDecision,49120,614
0,7,4,ShareholderToAggregator,Share,3360,2
0,7,4,AggregatorBroadcast,SplitDecision,49120,614
0,7,4,ShareholderToAggregator,Share,3360,2
0,7,4,AggregatorBroadcast,SplitDecision,49120,614
0,7,5,ClientToShareholder,CommittedGradientShare,3197712,1842
0,7,5,ShareholderToAggregator,Share,3360,2
0,7,5,ShareholderToAggregator,Share,3360,2
0,7,5,ShareholderToAggregator,Share,3360,2
0,7,5,ShareholderToAggregator,Share,3360,2
0,7,5,AggregatorBroadcast,SplitDecision,49120,614
0,7,5,ShareholderToAggregator,Share,3360,2
0,7,5,AggregatorBroadcast,SplitDecision,49120,614
0,7,5,ShareholderToAggregator,Share,3360,2
0,7,5,AggregatorBroadcast,SplitDecision,49120,614
0,7,5,ShareholderToAggregator,Share,3360,2
0,7,5,AggregatorBroadcast,SplitDecision,49120,614
0,7,5,ShareholderToAggregator,Share,3360,2
0,7,5,AggregatorBroadcast,SplitDecision,49120,614
0,7,5,ShareholderToAggregator,Share,3360,2
0,7,5,ShareholderToAggregator,Share,3360,2
0,7,5,AggregatorBroadcast,SplitDecision,49120,614
0,7,5,ShareholderToAggregator,Share,3360,2
0,7,5,AggregatorBroadcast,SplitDecision,49120,614
0,7,5,ShareholderToAggregator,Share,3360,2
0,7,5,AggregatorBroadcast,SplitDecision,49120,614
0,7,5,ShareholderToAggregator,Share,3360,2
0,7,5,AggregatorBroadcast,SplitDecision,49120,614
0,7,5,ShareholderToAggregator,Share,3360,2
0,7,5,ShareholderToAggregator,Share,3360,2
0,7,5,AggregatorBroadcast,SplitDecision,49120,614
0,7,5,ShareholderToAggregator,Share,3360,2
0,7,5,AggregatorBroadcast,SplitDecision,49120,614
0,7,5,ShareholderToAggregator,Share,3360,2
0,7,5,AggregatorBroadcast,SplitDecision,49120,614
0,7,5,ShareholderToAggregator,Share,3360,2
0,7,5,AggregatorBroadcast,SplitDecision,49120,614
0,8,0,ClientToShareholder,CommittedGradientShare,3197712,1842
0,8,0,ShareholderToAggregator,Share,3360,2
0,8,0,AggregatorBroadcast,SplitDecision,49120,614
0,8,1,ClientToShareholder,CommittedGradientShare,3197712,1842
0,8,1,ShareholderToAggregator,Share,3360,2
0,8,1,AggregatorBroadcast,SplitDecision,49120,614
0,8,1,ShareholderToAggregator,Share,3360,2
0,8,1,AggregatorBroadcast,SplitDecision,49120,614
0,8,2,ClientToShareholder,CommittedGradientShare,3197712,1842
0,8,2,ShareholderToAggregator,Share,3360,2
0,8,2,AggregatorBroadcast,SplitDecision,49120,614
0,8,2,ShareholderToAggregator,Share,3360,2
0,8,2,AggregatorBroadcast,SplitDecision,49120,614
0,8,2,ShareholderToAggregator,Share,3360,2
0,8,2,AggregatorBroadcast,SplitDecision,49120,614
0,8,2,ShareholderToAggregator,Share,3360,2
0,8,2,AggregatorBroadcast,SplitDecision,49120,614
0,8,3,ClientToShareholder,CommittedGradientShare,3197712,1842
0,8,3,ShareholderToAggregator,Share,3360,2
0,8,3,ShareholderToAggregator,Share,3360,2
0,8,3,AggregatorBroadcast,SplitDecision,49120,614
0,8,3,ShareholderToAggregator,Share,3360,2
0,8,3,AggregatorBroadcast,SplitDecision,49120,614
0,8,3,ShareholderToAggregator,Share,3360,2
0,8,3,AggregatorBroadcast,SplitDecision,49120,614
0,8,3,ShareholderToAggregator,Share,3360,2
0,8,3,AggregatorBroadcast,SplitDecision,49120,614
0,8,3,ShareholderToAggregator,Share,3360,2
0,8,3,AggregatorBroadcast,SplitDecision,49120,614
0,8,3,ShareholderToAggregator,Share,3360,2
0,8,3,AggregatorBroadcast,SplitDecision,49120,614
0,8,3,ShareholderToAggregator,Share,3360,2
0,8,3,AggregatorBroadcast,SplitDecision,49120,614
0,8,4,ClientToShareholder,CommittedGradientShare,3197712,1842
0,8,4,ShareholderToAggregator,Share,3360,2
0,8,4,ShareholderToAggregator,Share,3360,2
0,8,4,AggregatorBroadcast,SplitDecision,49120,614
0,8,4,ShareholderToAggregator,Share,3360,2
0,8,4,AggregatorBroadcast,SplitDecision,49120,614
0,8,4,ShareholderToAggregator,Share,3360,2
0,8,4,ShareholderToAggregator,Share,3360,2
0,8,4,AggregatorBroadcast,SplitDecision,49120,614
0,8,4,ShareholderToAggregator,Share,3360,2
0,8,4,AggregatorBroadcast,SplitDecision,49120,614
0,8,4,ShareholderToAggregator,Share,3360,2
0,8,4,ShareholderToAggregator,Share,3360,2
0,8,4,AggregatorBroadcast,SplitDecision,49120,614
0,8,4,ShareholderToAggregator,Share,3360,2
0,8,4,AggregatorBroadcast,SplitDecision,49120,614
0,8,4,ShareholderToAggregator,Share,3360,2
0,8,4,AggregatorBroadcast,SplitDecision,49120,614
0,8,4,ShareholderToAggregator,Share,3360,2
0,8,4,AggregatorBroadcast,SplitDecision,49120,614
0,8,4,ShareholderToAggregator,Share,3360,2
0,8,4,AggregatorBroadcast,SplitDecision,49120,614
0,8,4,ShareholderToAggregator,Share,3360,2
0,8,4,AggregatorBroadcast,SplitDecision,49120,614
0,8,5,ClientToShareholder,CommittedGradientShare,3197712,1842
0,8,5,ShareholderToAggregator,Share,3360,2
0,8,5,ShareholderToAggregator,Share,3360,2
0,8,5,ShareholderToAggregator,Share,3360,2
0,8,5,ShareholderToAggregator,Share,3360,2
0,8,5,AggregatorBroadcast,SplitDecision,49120,614
0,8,5,ShareholderToAggregator,Share,3360,2
0,8,5,AggregatorBroadcast,SplitDecision,49120,614
0,8,5,ShareholderToAggregator,Share,3360,2
0,8,5,ShareholderToAggregator,Share,3360,2
0,8,5,ShareholderToAggregator,Share,3360,2
0,8,5,AggregatorBroadcast,SplitDecision,49120,614
0,8,5,ShareholderToAggregator,Share,3360,2
0,8,5,AggregatorBroadcast,SplitDecision,49120,614
0,8,5,ShareholderToAggregator,Share,3360,2
0,8,5,AggregatorBroadcast,SplitDecision,49120,614
0,8,5,ShareholderToAggregator,Share,3360,2
0,8,5,AggregatorBroadcast,SplitDecision,49120,614
0,8,5,ShareholderToAggregator,Share,3360,2
0,8,5,AggregatorBroadcast,SplitDecision,49120,614
0,8,5,ShareholderToAggregator,Share,3360,2
0,8,5,AggregatorBroadcast,SplitDecision,49120,614
0,8,5,ShareholderToAggregator,Share,3360,2
0,8,5,AggregatorBroadcast,SplitDecision,49120,614
0,8,5,ShareholderToAggregator,Share,3360,2
0,9,0,ClientToShareholder,CommittedGradientShare,3197712,1842
0,9,0,ShareholderToAggregator,Share,3360,2
0,9,0,AggregatorBroadcast,SplitDecision,49120,614
0,9,1,ClientToShareholder,CommittedGradientShare,3197712,1842
0,9,1,ShareholderToAggregator,Share,3360,2
0,9,1,AggregatorBroadcast,SplitDecision,49120,614
0,9,1,ShareholderToAggregator,Share,3360,2
0,9,1,AggregatorBroadcast,SplitDecision,49120,614
0,9,2,ClientToShareholder,CommittedGradientShare,3197712,1842
0,9,2,ShareholderToAggregator,Share,3360,2
0,9,2,AggregatorBroadcast,SplitDecision,49120,614
0,9,2,ShareholderToAggregator,Share,3360,2
0,9,2,AggregatorBroadcast,SplitDecision,49120,614
0,9,2,ShareholderToAggregator,Share,3360,2
0,9,2,AggregatorBroadcast,SplitDecision,49120,614
0,9,2,ShareholderToAggregator,Share,3360,2
0,9,2,AggregatorBroadcast,SplitDecision,49120,614
0,9,3,ClientToShareholder,CommittedGradientShare,3197712,1842
0,9,3,ShareholderToAggregator,Share,3360,2
0,9,3,AggregatorBroadcast,SplitDecision,49120,614
0,9,3,ShareholderToAggregator,Share,3360,2
0,9,3,AggregatorBroadcast,SplitDecision,49120,614
0,9,3,ShareholderToAggregator,Share,3360,2
0,9,3,AggregatorBroadcast,SplitDecision,49120,614
0,9,3,ShareholderToAggregator,Share,3360,2
0,9,3,AggregatorBroadcast,SplitDecision,49120,614
0,9,3,ShareholderToAggregator,Share,3360,2
0,9,3,AggregatorBroadcast,SplitDecision,49120,614
0,9,3,ShareholderToAggregator,Share,3360,2
0,9,3,AggregatorBroadcast,SplitDecision,49120,614
0,9,3,ShareholderToAggregator,Share,3360,2
0,9,3,AggregatorBroadcast,SplitDecision,49120,614
0,9,3,ShareholderToAggregator,Share,3360,2
0,9,3,AggregatorBroadcast,SplitDecision,49120,614
0,9,4,ClientToShareholder,CommittedGradientShare,3197712,1842
0,9,4,ShareholderToAggregator,Share,3360,2
0,9,4,ShareholderToAggregator,Share,3360,2
0,9,4,ShareholderToAggregator,Share,3360,2
0,9,4,AggregatorBroadcast,SplitDecision,49120,614
0,9,4,ShareholderToAggregator,Share,3360,2
0,9,4,AggregatorBroadcast,SplitDecision,49120,614
0,9,4,ShareholderToAggregator,Share,3360,2
0,9,4,ShareholderToAggregator,Share,3360,2
0,9,4,AggregatorBroadcast,SplitDecision,49120,614
0,9,4,ShareholderToAggregator,Share,3360,2
0,9,4,AggregatorBroadcast,SplitDecision,49120,614
0,9,4,ShareholderToAggregator,Share,3360,2
0,9,4,ShareholderToAggregator,Share,3360,2
0,9,4,AggregatorBroadcast,SplitDecision,49120,614
0,9,4,ShareholderToAggregator,Share,3360,2
0,9,4,AggregatorBroadcast,SplitDecision,49120,614
0,9,4,ShareholderToAggregator,Share,3360,2
0,9,4,AggregatorBroadcast,SplitDecision,49120,614
0,9,4,ShareholderToAggregator,Share,3360,2
0,9,4,AggregatorBroadcast,SplitDecision,49120,614
0,9,4,ShareholderToAggregator,Share,3360,2
0,9,4,AggregatorBroadcast,SplitDecision,49120,614
0,9,5,ClientToShareholder,CommittedGradientShare,3197712,1842
0,9,5,ShareholderToAggregator,Share,3360,2
0,9,5,ShareholderToAggregator,Share,3360,2
0,9,5,ShareholderToAggregator,Share,3360,2
0,9,5,ShareholderToAggregator,Share,3360,2
0,9,5,ShareholderToAggregator,Share,3360,2
0,9,5,AggregatorBroadcast,SplitDecision,49120,614
0,9,5,ShareholderToAggregator,Share,3360,2
0,9,5,AggregatorBroadcast,SplitDecision,49120,614
0,9,5,ShareholderToAggregator,Share,3360,2
0,9,5,ShareholderToAggregator,Share,3360,2
0,9,5,ShareholderToAggregator,Share,3360,2
0,9,5,AggregatorBroadcast,SplitDecision,49120,614
0,9,5,ShareholderToAggregator,Share,3360,2
0,9,5,AggregatorBroadcast,SplitDecision,49120,614
0,9,5,ShareholderToAggregator,Share,3360,2
0,9,5,AggregatorBroadcast,SplitDecision,49120,614
0,9,5,ShareholderToAggregator,Share,3360,2
0,9,5,AggregatorBroadcast,SplitDecision,49120,614
0,9,5,ShareholderToAggregator,Share,3360,2
0,9,5,AggregatorBroadcast,SplitDecision,49120,614
0,9,5,ShareholderToAggregator,Share,3360,2
0,9,5,AggregatorBroadcast,SplitDecision,49120,614
0,9,5,ShareholderToAggregator,Share,3360,2
0,9,5,AggregatorBroadcast,SplitDecision,49120,614
0,9,5,ShareholderToAggregator,Share,3360,2
0,9,5,AggregatorBroadcast,SplitDecision,49120,614
0,9,5,ShareholderToAggregator,Share,3360,2
0,10,0,ClientToShareholder,CommittedGradientShare,3197712,1842
0,10,0,ShareholderToAggregator,Share,3360,2
0,10,0,AggregatorBroadcast,SplitDecision,49120,614
0,10,1,ClientToShareholder,CommittedGradientShare,3197712,1842
0,10,1,ShareholderToAggregator,Share,3360,2
0,10,1,AggregatorBroadcast,SplitDecision,49120,614
0,10,1,ShareholderToAggregator,Share,3360,2
0,10,1,AggregatorBroadcast,SplitDecision,49120,614
0,10,2,ClientToShareholder,CommittedGradientShare,3197712,1842
0,10,2,ShareholderToAggregator,Share,3360,2
0,10,2,AggregatorBroadcast,SplitDecision,49120,614
0,10,2,ShareholderToAggregator,Share,3360,2
0,10,2,AggregatorBroadcast,SplitDecision,49120,614
0,10,2,ShareholderToAggregator,Share,3360,2
0,10,2,AggregatorBroadcast,SplitDecision,49120,614
0,10,2,ShareholderToAggregator,Share,3360,2
0,10,2,AggregatorBroadcast,SplitDecision,49120,614
0,10,3,ClientToShareholder,CommittedGradientShare,3197712,1842
0,10,3,ShareholderToAggregator,Share,3360,2
0,10,3,AggregatorBroadcast,SplitDecision,49120,614
0,10,3,ShareholderToAggregator,Share,3360,2
0,10,3,AggregatorBroadcast,SplitDecision,49120,614
0,10,3,ShareholderToAggregator,Share,3360,2
0,10,3,ShareholderToAggregator,Share,3360,2
0,10,3,AggregatorBroadcast,SplitDecision,49120,614
0,10,3,ShareholderToAggregator,Share,3360,2
0,10,3,AggregatorBroadcast,SplitDecision,49120,614
0,10,3,ShareholderToAggregator,Share,3360,2
0,10,3,AggregatorBroadcast,SplitDecision,49120,614
0,10,3,ShareholderToAggregator,Share,3360,2
0,10,3,AggregatorBroadcast,SplitDecision,49120,614
0,10,3,ShareholderToAggregator,Share,3360,2
0,10,4,ClientToShareholder,CommittedGradientShare,3197712,1842
0,10,4,ShareholderToAggregator,Share,3360,2
0,10,4,ShareholderToAggregator,Share,3360,2
0,10,4,ShareholderToAggregator,Share,3360,2
0,10,4,ShareholderToAggregator,Share,3360,2
0,10,4,ShareholderToAggregator,Share,3360,2
0,10,4,ShareholderToAggregator,Share,3360,2
0,10,4,AggregatorBroadcast,SplitDecision,49120,614
0,10,4,ShareholderToAggregator,Share,3360,2
0,10,4,ShareholderToAggregator,Share,3360,2
0,10,4,AggregatorBroadcast,SplitDecision,49120,614
0,10,4,ShareholderToAggregator,Share,3360,2
0,10,4,AggregatorBroadcast,SplitDecision,49120,614
0,10,4,ShareholderToAggregator,Share,3360,2
0,10,4,AggregatorBroadcast,SplitDecision,49120,614
0,10,4,ShareholderToAggregator,Share,3360,2
0,10,4,AggregatorBroadcast,SplitDecision,49120,614
0,10,4,ShareholderToAggregator,Share,3360,2
0,10,4,AggregatorBroadcast,SplitDecision,49120,614
0,10,4,ShareholderToAggregator,Share,3360,2
0,10,4,AggregatorBroadcast,SplitDecision,49120,614
0,10,5,ClientToShareholder,CommittedGradientShare,3197712,1842
0,10,5,ShareholderToAggregator,Share,3360,2
0,10,5,ShareholderToAggregator,Share,3360,2
0,10,5,ShareholderToAggregator,Share,3360,2
0,10,5,ShareholderToAggregator,Share,3360,2
0,10,5,ShareholderToAggregator,Share,3360,2
0,10,5,ShareholderToAggregator,Share,3360,2
0,10,5,ShareholderToAggregator,Share,3360,2
0,10,5,AggregatorBroadcast,SplitDecision,49120,614
0,10,5,ShareholderToAggregator,Share,3360,2
0,10,5,AggregatorBroadcast,SplitDecision,49120,614
0,10,5,ShareholderToAggregator,Share,3360,2
0,10,5,AggregatorBroadcast,SplitDecision,49120,614
0,10,5,ShareholderToAggregator,Share,3360,2
0,10,5,AggregatorBroadcast,SplitDecision,49120,614
0,10,5,ShareholderToAggregator,Share,3360,2
0,10,5,AggregatorBroadcast,SplitDecision,49120,614
0,10,5,ShareholderToAggregator,Share,3360,2
0,10,5,ShareholderToAggregator,Share,3360,2
0,10,5,ShareholderToAggregator,Share,3360,2
0,11,0,ClientToShareholder,CommittedGradientShare,3197712,1842
0,11,0,ShareholderToAggregator,Share,3360,2
0,11,0,AggregatorBroadcast,SplitDecision,49120,614
0,11,1,ClientToShareholder,CommittedGradientShare,3197712,1842
0,11,1,ShareholderToAggregator,Share,3360,2
0,11,1,AggregatorBroadcast,SplitDecision,49120,614
0,11,1,ShareholderToAggregator,Share,3360,2
0,11,1,AggregatorBroadcast,SplitDecision,49120,614
0,11,2,ClientToShareholder,CommittedGradientShare,3197712,1842
0,11,2,ShareholderToAggregator,Share,3360,2
0,11,2,AggregatorBroadcast,SplitDecision,49120,614
0,11,2,ShareholderToAggregator,Share,3360,2
0,11,2,AggregatorBroadcast,SplitDecision,49120,614
0,11,2,ShareholderToAggregator,Share,3360,2
0,11,2,AggregatorBroadcast,SplitDecision,49120,614
0,11,2,ShareholderToAggregator,Share,3360,2
0,11,2,AggregatorBroadcast,SplitDecision,49120,614
0,11,3,ClientToShareholder,CommittedGradientShare,3197712,1842
0,11,3,ShareholderToAggregator,Share,3360,2
0,11,3,AggregatorBroadcast,SplitDecision,49120,614
0,11,3,ShareholderToAggregator,Share,3360,2
0,11,3,AggregatorBroadcast,SplitDecision,49120,614
0,11,3,ShareholderToAggregator,Share,3360,2
0,11,3,ShareholderToAggregator,Share,3360,2
0,11,3,AggregatorBroadcast,SplitDecision,49120,614
0,11,3,ShareholderToAggregator,Share,3360,2
0,11,3,AggregatorBroadcast,SplitDecision,49120,614
0,11,3,ShareholderToAggregator,Share,3360,2
0,11,3,AggregatorBroadcast,SplitDecision,49120,614
0,11,3,ShareholderToAggregator,Share,3360,2
0,11,3,AggregatorBroadcast,SplitDecision,49120,614
0,11,3,ShareholderToAggregator,Share,3360,2
0,11,3,AggregatorBroadcast,SplitDecision,49120,614
0,11,4,ClientToShareholder,CommittedGradientShare,3197712,1842
0,11,4,ShareholderToAggregator,Share,3360,2
0,11,4,ShareholderToAggregator,Share,3360,2
0,11,4,ShareholderToAggregator,Share,3360,2
0,11,4,ShareholderToAggregator,Share,3360,2
0,11,4,AggregatorBroadcast,SplitDecision,49120,614
0,11,4,ShareholderToAggregator,Share,3360,2
0,11,4,AggregatorBroadcast,SplitDecision,49120,614
0,11,4,ShareholderToAggregator,Share,3360,2
0,11,4,ShareholderToAggregator,Share,3360,2
0,11,4,AggregatorBroadcast,SplitDecision,49120,614
0,11,4,ShareholderToAggregator,Share,3360,2
0,11,4,AggregatorBroadcast,SplitDecision,49120,614
0,11,4,ShareholderToAggregator,Share,3360,2
0,11,4,ShareholderToAggregator,Share,3360,2
0,11,4,AggregatorBroadcast,SplitDecision,49120,614
0,11,4,ShareholderToAggregator,Share,3360,2
0,11,4,AggregatorBroadcast,SplitDecision,49120,614
0,11,4,ShareholderToAggregator,Share,3360,2
0,11,4,AggregatorBroadcast,SplitDecision,49120,614
0,11,4,ShareholderToAggregator,Share,3360,2
0,11,4,AggregatorBroadcast,SplitDecision,49120,614
0,11,4,ShareholderToAggregator,Share,3360,2
0,11,4,AggregatorBroadcast,SplitDecision,49120,614
0,11,5,ClientToShareholder,CommittedGradientShare,3197712,1842
0,11,5,ShareholderToAggregator,Share,3360,2
0,11,5,ShareholderToAggregator,Share,3360,2
0,11,5,ShareholderToAggregator,Share,3360,2
0,11,5,ShareholderToAggregator,Share,3360,2
0,11,5,ShareholderToAggregator,Share,3360,2
0,11,5,ShareholderToAggregator,Share,3360,2
0,11,5,ShareholderToAggregator,Share,3360,2
0,11,5,AggregatorBroadcast,SplitDecision,49120,614
0,11,5,ShareholderToAggregator,Share,3360,2
0,11,5,AggregatorBroadcast,SplitDecision,49120,614
0,11,5,ShareholderToAggregator,Share,3360,2
0,11,5,ShareholderToAggregator,Share,3360,2
0,11,5,ShareholderToAggregator,Share,3360,2
0,11,5,ShareholderToAggregator,Share,3360,2
0,11,5,AggregatorBroadcast,SplitDecision,49120,614
0,11,5,ShareholderToAggregator,Share,3360,2
0,11,5,AggregatorBroadcast,SplitDecision,49120,614
0,11,5,ShareholderToAggregator,Share,3360,2
0,11,5,AggregatorBroadcast,SplitDecision,49120,614
0,11,5,ShareholderToAggregator,Share,3360,2
0,11,5,AggregatorBroadcast,SplitDecision,49120,614
0,11,5,ShareholderToAggregator,Share,3360,2
0,11,5,AggregatorBroadcast,SplitDecision,49120,614
0,11,5,ShareholderToAggregator,Share,3360,2
0,11,5,AggregatorBroadcast,SplitDecision,49120,614
0,11,5,ShareholderToAggregator,Share,3360,2
0,11,5,ShareholderToAggregator,Share,3360,2
0,11,5,AggregatorBroadcast,SplitDecision,49120,614
0,12,0,ClientToShareholder,CommittedGradientShare,3197712,1842
0,12,0,ShareholderToAggregator,Share,3360,2
0,12,0,AggregatorBroadcast,SplitDecision,49120,614
0,12,1,ClientToShareholder,CommittedGradientShare,3197712,1842
0,12,1,ShareholderToAggregator,Share,3360,2
0,12,1,AggregatorBroadcast,SplitDecision,49120,614
0,12,1,ShareholderToAggregator,Share,3360,2
0,12,1,AggregatorBroadcast,SplitDecision,49120,614
0,12,2,ClientToShareholder,CommittedGradientShare,3197712,1842
0,12,2,ShareholderToAggregator,Share,3360,2
0,12,2,AggregatorBroadcast,SplitDecision,49120,614
0,12,2,ShareholderToAggregator,Share,3360,2
0,12,2,AggregatorBroadcast,SplitDecision,49120,614
0,12,2,ShareholderToAggregator,Share,3360,2
0,12,2,AggregatorBroadcast,SplitDecision,49120,614
0,12,3,ClientToShareholder,CommittedGradientShare,3197712,1842
0,12,3,ShareholderToAggregator,Share,3360,2
0,12,3,AggregatorBroadcast,SplitDecision,49120,614
0,12,3,ShareholderToAggregator,Share,3360,2
0,12,3,AggregatorBroadcast,SplitDecision,49120,614
0,12,3,ShareholderToAggregator,Share,3360,2
0,12,3,AggregatorBroadcast,SplitDecision,49120,614
0,12,3,ShareholderToAggregator,Share,3360,2
0,12,3,AggregatorBroadcast,SplitDecision,49120,614
0,12,3,ShareholderToAggregator,Share,3360,2
0,12,3,AggregatorBroadcast,SplitDecision,49120,614
0,12,3,ShareholderToAggregator,Share,3360,2
0,12,3,AggregatorBroadcast,SplitDecision,49120,614
0,12,4,ClientToShareholder,CommittedGradientShare,3197712,1842
0,12,4,ShareholderToAggregator,Share,3360,2
0,12,4,AggregatorBroadcast,SplitDecision,49120,614
0,12,4,ShareholderToAggregator,Share,3360,2
0,12,4,ShareholderToAggregator,Share,3360,2
0,12,4,ShareholderToAggregator,Share,3360,2
0,12,4,AggregatorBroadcast,SplitDecision,49120,614
0,12,4,ShareholderToAggregator,Share,3360,2
0,12,4,AggregatorBroadcast,SplitDecision,49120,614
0,12,4,ShareholderToAggregator,Share,3360,2
0,12,4,AggregatorBroadcast,SplitDecision,49120,614
0,12,4,ShareholderToAggregator,Share,3360,2
0,12,4,AggregatorBroadcast,SplitDecision,49120,614
0,12,4,ShareholderToAggregator,Share,3360,2
0,12,4,AggregatorBroadcast,SplitDecision,49120,614
0,12,4,ShareholderToAggregator,Share,3360,2
0,12,4,AggregatorBroadcast,SplitDecision,49120,614
0,12,4,ShareholderToAggregator,Share,3360,2
0,12,5,ClientToShareholder,CommittedGradientShare,3197712,1842
0,12,5,ShareholderToAggregator,Share,3360,2
0,12,5,ShareholderToAggregator,Share,3360,2
0,12,5,ShareholderToAggregator,Share,3360,2
0,12,5,ShareholderToAggregator,Share,3360,2
0,12,5,AggregatorBroadcast,SplitDecision,49120,614
0,12,5,ShareholderToAggregator,Share,3360,2
0,12,5,ShareholderToAggregator,Share,3360,2
0,12,5,AggregatorBroadcast,SplitDecision,49120,614
0,12,5,ShareholderToAggregator,Share,3360,2
0,12,5,ShareholderToAggregator,Share,3360,2
0,12,5,AggregatorBroadcast,SplitDecision,49120,614
0,12,5,ShareholderToAggregator,Share,3360,2
0,12,5,AggregatorBroadcast,SplitDecision,49120,614
0,12,5,ShareholderToAggregator,Share,3360,2
0,12,5,AggregatorBroadcast,SplitDecision,49120,614
0,12,5,ShareholderToAggregator,Share,3360,2
0,12,5,AggregatorBroadcast,SplitDecision,49120,614
0,12,5,ShareholderToAggregator,Share,3360,2
0,12,5,AggregatorBroadcast,SplitDecision,49120,614
0,13,0,ClientToShareholder,CommittedGradientShare,3197712,1842
0,13,0,ShareholderToAggregator,Share,3360,2
0,13,0,AggregatorBroadcast,SplitDecision,49120,614
0,13,1,ClientToShareholder,CommittedGradientShare,3197712,1842
0,13,1,ShareholderToAggregator,Share,3360,2
0,13,1,AggregatorBroadcast,SplitDecision,49120,614
0,13,1,ShareholderToAggregator,Share,3360,2
0,13,1,AggregatorBroadcast,SplitDecision,49120,614
0,13,2,ClientToShareholder,CommittedGradientShare,3197712,1842
0,13,2,ShareholderToAggregator,Share,3360,2
0,13,2,AggregatorBroadcast,SplitDecision,49120,614
0,13,2,ShareholderToAggregator,Share,3360,2
0,13,2,AggregatorBroadcast,SplitDecision,49120,614
0,13,2,ShareholderToAggregator,Share,3360,2
0,13,2,AggregatorBroadcast,SplitDecision,49120,614
0,13,2,ShareholderToAggregator,Share,3360,2
0,13,2,AggregatorBroadcast,SplitDecision,49120,614
0,13,3,ClientToShareholder,CommittedGradientShare,3197712,1842
0,13,3,ShareholderToAggregator,Share,3360,2
0,13,3,AggregatorBroadcast,SplitDecision,49120,614
0,13,3,ShareholderToAggregator,Share,3360,2
0,13,3,ShareholderToAggregator,Share,3360,2
0,13,3,AggregatorBroadcast,SplitDecision,49120,614
0,13,3,ShareholderToAggregator,Share,3360,2
0,13,3,AggregatorBroadcast,SplitDecision,49120,614
0,13,3,ShareholderToAggregator,Share,3360,2
0,13,3,AggregatorBroadcast,SplitDecision,49120,614
0,13,3,ShareholderToAggregator,Share,3360,2
0,13,3,AggregatorBroadcast,SplitDecision,49120,614
0,13,3,ShareholderToAggregator,Share,3360,2
0,13,3,AggregatorBroadcast,SplitDecision,49120,614
0,13,4,ClientToShareholder,CommittedGradientShare,3197712,1842
0,13,4,ShareholderToAggregator,Share,3360,2
0,13,4,ShareholderToAggregator,Share,3360,2
0,13,4,ShareholderToAggregator,Share,3360,2
0,13,4,AggregatorBroadcast,SplitDecision,49120,614
0,13,4,ShareholderToAggregator,Share,3360,2
0,13,4,AggregatorBroadcast,SplitDecision,49120,614
0,13,4,ShareholderToAggregator,Share,3360,2
0,13,4,AggregatorBroadcast,SplitDecision,49120,614
0,13,4,ShareholderToAggregator,Share,3360,2
0,13,4,AggregatorBroadcast,SplitDecision,49120,614
0,13,4,ShareholderToAggregator,Share,3360,2
0,13,4,ShareholderToAggregator,Share,3360,2
0,13,4,AggregatorBroadcast,SplitDecision,49120,614
0,13,4,ShareholderToAggregator,Share,3360,2
0,13,4,AggregatorBroadcast,SplitDecision,49120,614
0,13,4,ShareholderToAggregator,Share,3360,2
0,13,4,AggregatorBroadcast,SplitDecision,49120,614
0,13,4,ShareholderToAggregator,Share,3360,2
0,13,4,AggregatorBroadcast,SplitDecision,49120,614
0,13,4,ShareholderToAggregator,Share,3360,2
0,13,4,AggregatorBroadcast,SplitDecision,49120,614
0,13,4,ShareholderToAggregator,Share,3360,2
0,13,4,AggregatorBroadcast,SplitDecision,49120,614
0,13,5,ClientToShareholder,CommittedGradientShare,3197712,1842
0,13,5,ShareholderToAggregator,Share,3360,2
0,13,5,ShareholderToAggregator,Share,3360,2
0,13,5,ShareholderToAggregator,Share,3360,2
0,13,5,ShareholderToAggregator,Share,3360,2
0,13,5,AggregatorBroadcast,SplitDecision,49120,614
0,13,5,ShareholderToAggregator,Share,3360,2
0,13,5,AggregatorBroadcast,SplitDecision,49120,614
0,13,5,ShareholderToAggregator,Share,3360,2
0,13,5,AggregatorBroadcast,SplitDecision,49120,614
0,13,5,ShareholderToAggregator,Share,3360,2
0,13,5,ShareholderToAggregator,Share,3360,2
0,13,5,AggregatorBroadcast,SplitDecision,49120,614
0,13,5,ShareholderToAggregator,Share,3360,2
0,13,5,AggregatorBroadcast,SplitDecision,49120,614
0,13,5,ShareholderToAggregator,Share,3360,2
0,13,5,AggregatorBroadcast,SplitDecision,49120,614
0,13,5,ShareholderToAggregator,Share,3360,2
0,13,5,AggregatorBroadcast,SplitDecision,49120,614
0,13,5,ShareholderToAggregator,Share,3360,2
0,13,5,AggregatorBroadcast,SplitDecision,49120,614
0,13,5,ShareholderToAggregator,Share,3360,2
0,13,5,ShareholderToAggregator,Share,3360,2
0,13,5,AggregatorBroadcast,SplitDecision,49120,614
0,13,5,ShareholderToAggregator,Share,3360,2
0,13,5,AggregatorBroadcast,SplitDecision,49120,614
0,14,0,ClientToShareholder,CommittedGradientShare,3197712,1842
0,14,0,ShareholderToAggregator,Share,3360,2
0,14,0,AggregatorBroadcast,SplitDecision,49120,614
0,14,1,ClientToShareholder,CommittedGradientShare,3197712,1842
0,14,1,ShareholderToAggregator,Share,3360,2
0,14,1,AggregatorBroadcast,SplitDecision,49120,614
0,14,1,ShareholderToAggregator,Share,3360,2
0,14,1,AggregatorBroadcast,SplitDecision,49120,614
0,14,2,ClientToShareholder,CommittedGradientShare,3197712,1842
0,14,2,ShareholderToAggregator,Share,3360,2
0,14,2,AggregatorBroadcast,SplitDecision,49120,614
0,14,2,ShareholderToAggregator,Share,3360,2
0,14,2,AggregatorBroadcast,SplitDecision,49120,614
0,14,2,ShareholderToAggregator,Share,3360,2
0,14,2,AggregatorBroadcast,SplitDecision,49120,614
0,14,3,ClientToShareholder,CommittedGradientShare,3197712,1842
0,14,3,ShareholderToAggregator,Share,3360,2
0,14,3,AggregatorBroadcast,SplitDecision,49120,614
0,14,3,ShareholderToAggregator,Share,3360,2
0,14,3,AggregatorBroadcast,SplitDecision,49120,614
0,14,3,ShareholderToAggregator,Share,3360,2
0,14,3,AggregatorBroadcast,SplitDecision,49120,614
0,14,3,ShareholderToAggregator,Share,3360,2
0,14,3,AggregatorBroadcast,SplitDecision,49120,614
0,14,3,ShareholderToAggregator,Share,3360,2
0,14,3,AggregatorBroadcast,SplitDecision,49120,614
0,14,3,ShareholderToAggregator,Share,3360,2
0,14,3,AggregatorBroadcast,SplitDecision,49120,614
0,14,4,ClientToShareholder,CommittedGradientShare,3197712,1842
0,14,4,ShareholderToAggregator,Share,3360,2
0,14,4,AggregatorBroadcast,SplitDecision,49120,614
0,14,4,ShareholderToAggregator,Share,3360,2
0,14,4,ShareholderToAggregator,Share,3360,2
0,14,4,AggregatorBroadcast,SplitDecision,49120,614
0,14,4,ShareholderToAggregator,Share,3360,2
0,14,4,AggregatorBroadcast,SplitDecision,49120,614
0,14,4,ShareholderToAggregator,Share,3360,2
0,14,4,AggregatorBroadcast,SplitDecision,49120,614
0,14,4,ShareholderToAggregator,Share,3360,2
0,14,4,AggregatorBroadcast,SplitDecision,49120,614
0,14,4,ShareholderToAggregator,Share,3360,2
0,14,4,AggregatorBroadcast,SplitDecision,49120,614
0,14,4,ShareholderToAggregator,Share,3360,2
0,14,4,AggregatorBroadcast,SplitDecision,49120,614
0,14,4,ShareholderToAggregator,Share,3360,2
0,14,4,AggregatorBroadcast,SplitDecision,49120,614
0,14,4,ShareholderToAggregator,Share,3360,2
0,14,4,AggregatorBroadcast,SplitDecision,49120,614
0,14,5,ClientToShareholder,CommittedGradientShare,3197712,1842
0,14,5,ShareholderToAggregator,Share,3360,2
0,14,5,ShareholderToAggregator,Share,3360,2
0,14,5,AggregatorBroadcast,SplitDecision,49120,614
0,14,5,ShareholderToAggregator,Share,3360,2
0,14,5,AggregatorBroadcast,SplitDecision,49120,614
0,14,5,ShareholderToAggregator,Share,3360,2
0,14,5,AggregatorBroadcast,SplitDecision,49120,614
0,14,5,ShareholderToAggregator,Share,3360,2
0,14,5,AggregatorBroadcast,SplitDecision,49120,614
0,14,5,ShareholderToAggregator,Share,3360,2
0,14,5,AggregatorBroadcast,SplitDecision,49120,614
0,14,5,ShareholderToAggregator,Share,3360,2
0,14,5,AggregatorBroadcast,SplitDecision,49120,614
0,14,5,ShareholderToAggregator,Share,3360,2
0,14,5,AggregatorBroadcast,SplitDecision,49120,614
0,14,5,ShareholderToAggregator,Share,3360,2
0,14,5,AggregatorBroadcast,SplitDecision,49120,614
0,14,5,ShareholderToAggregator,Share,3360,2
0,14,5,AggregatorBroadcast,SplitDecision,49120,614
0,14,5,ShareholderToAggregator,Share,3360,2
0,14,5,ShareholderToAggregator,Share,3360,2
0,14,5,AggregatorBroadcast,SplitDecision,49120,614
0,14,5,ShareholderToAggregator,Share,3360,2
0,14,5,AggregatorBroadcast,SplitDecision,49120,614
1,0,0,ClientToShareholder,CommittedStatsShare,353664,1842
1,0,0,ShareholderToAggregator,Share,320,2
1,0,0,AggregatorBroadcast,BinConfiguration,73680,614
1,0,0,AggregatorBroadcast,BinConfiguration,73680,614
1,0,0,AggregatorBroadcast,BinConfiguration,73680,614
1,0,0,AggregatorBroadcast,BinConfiguration,73680,614
1,0,0,AggregatorBroadcast,BinConfiguration,73680,614
1,0,0,AggregatorBroadcast,BinConfiguration,73680,614
1,0,0,AggregatorBroadcast,BinConfiguration,73680,614
1,0,0,AggregatorBroadcast,BinConfiguration,73680,614
1,0,0,ClientToShareholder,CommittedGradientShare,3197712,1842
1,0,0,ShareholderToAggregator,Share,3360,2
1,0,0,AggregatorBroadcast,SplitDecision,49120,614
1,0,1,ClientToShareholder,CommittedGradientShare,3197712,1842
1,0,1,ShareholderToAggregator,Share,3360,2
1,0,1,AggregatorBroadcast,SplitDecision,49120,614
1,0,1,ShareholderToAggregator,Share,3360,2
1,0,1,AggregatorBroadcast,SplitDecision,49120,614
1,0,2,ClientToShareholder,CommittedGradientShare,3197712,1842
1,0,2,ShareholderToAggregator,Share,3360,2
1,0,2,AggregatorBroadcast,SplitDecision,49120,614
1,0,2,ShareholderToAggregator,Share,3360,2
1,0,2,AggregatorBroadcast,SplitDecision,49120,614
1,0,2,ShareholderToAggregator,Share,3360,2
1,0,2,AggregatorBroadcast,SplitDecision,49120,614
1,0,2,ShareholderToAggregator,Share,3360,2
1,0,2,AggregatorBroadcast,SplitDecision,49120,614
1,0,3,ClientToShareholder,CommittedGradientShare,3197712,1842
1,0,3,ShareholderToAggregator,Share,3360,2
1,0,3,AggregatorBroadcast,SplitDecision,49120,614
1,0,3,ShareholderToAggregator,Share,3360,2
1,0,3,AggregatorBroadcast,SplitDecision,49120,614
1,0,3,ShareholderToAggregator,Share,3360,2
1,0,3,AggregatorBroadcast,SplitDecision,49120,614
1,0,3,ShareholderToAggregator,Share,3360,2
1,0,3,AggregatorBroadcast,SplitDecision,49120,614
1,0,3,ShareholderToAggregator,Share,3360,2
1,0,3,AggregatorBroadcast,SplitDecision,49120,614
1,0,3,ShareholderToAggregator,Share,3360,2
1,0,3,AggregatorBroadcast,SplitDecision,49120,614
1,0,3,ShareholderToAggregator,Share,3360,2
1,0,3,AggregatorBroadcast,SplitDecision,49120,614
1,0,3,ShareholderToAggregator,Share,3360,2
1,0,4,ClientToShareholder,CommittedGradientShare,3197712,1842
1,0,4,ShareholderToAggregator,Share,3360,2
1,0,4,ShareholderToAggregator,Share,3360,2
1,0,4,ShareholderToAggregator,Share,3360,2
1,0,4,AggregatorBroadcast,SplitDecision,49120,614
1,0,4,ShareholderToAggregator,Share,3360,2
1,0,4,AggregatorBroadcast,SplitDecision,49120,614
1,0,4,ShareholderToAggregator,Share,3360,2
1,0,4,ShareholderToAggregator,Share,3360,2
1,0,4,AggregatorBroadcast,SplitDecision,49120,614
1,0,4,ShareholderToAggregator,Share,3360,2
1,0,4,AggregatorBroadcast,SplitDecision,49120,614
1,0,4,ShareholderToAggregator,Share,3360,2
1,0,4,AggregatorBroadcast,SplitDecision,49120,614
1,0,4,ShareholderToAggregator,Share,3360,2
1,0,4,AggregatorBroadcast,SplitDecision,49120,614
1,0,4,ShareholderToAggregator,Share,3360,2
1,0,5,ClientToShareholder,CommittedGradientShare,3197712,1842
1,0,5,ShareholderToAggregator,Share,3360,2
1,0,5,ShareholderToAggregator,Share,3360,2
1,0,5,ShareholderToAggregator,Share,3360,2
1,0,5,ShareholderToAggregator,Share,3360,2
1,0,5,ShareholderToAggregator,Share,3360,2
1,0,5,AggregatorBroadcast,SplitDecision,49120,614
1,0,5,ShareholderToAggregator,Share,3360,2
1,0,5,AggregatorBroadcast,SplitDecision,49120,614
1,0,5,ShareholderToAggregator,Share,3360,2
1,0,5,ShareholderToAggregator,Share,3360,2
1,0,5,AggregatorBroadcast,SplitDecision,49120,614
1,0,5,ShareholderToAggregator,Share,3360,2
1,0,5,ShareholderToAggregator,Share,3360,2
1,0,5,AggregatorBroadcast,SplitDecision,49120,614
1,0,5,ShareholderToAggregator,Share,3360,2
1,0,5,ShareholderToAggregator,Share,3360,2
1,0,5,AggregatorBroadcast,SplitDecision,49120,614
1,1,0,ClientToShareholder,CommittedGradientShare,3197712,1842
1,1,0,ShareholderToAggregator,Share,3360,2
1,1,0,AggregatorBroadcast,SplitDecision,49120,614
1,1,1,ClientToShareholder,CommittedGradientShare,3197712,1842
1,1,1,ShareholderToAggregator,Share,3360,2
1,1,1,AggregatorBroadcast,SplitDecision,49120,614
1,1,1,ShareholderToAggregator,Share,3360,2
1,1,1,AggregatorBroadcast,SplitDecision,49120,614
1,1,2,ClientToShareholder,CommittedGradientShare,3197712,1842
1,1,2,ShareholderToAggregator,Share,3360,2
1,1,2,AggregatorBroadcast,SplitDecision,49120,614
1,1,2,ShareholderToAggregator,Share,3360,2
1,1,2,AggregatorBroadcast,SplitDecision,49120,614
1,1,2,ShareholderToAggregator,Share,3360,2
1,1,2,AggregatorBroadcast,SplitDecision,49120,614
1,1,2,ShareholderToAggregator,Share,3360,2
1,1,2,AggregatorBroadcast,SplitDecision,49120,614
1,1,3,ClientToShareholder,CommittedGradientShare,3197712,1842
1,1,3,ShareholderToAggregator,Share,3360,2
1,1,3,AggregatorBroadcast,SplitDecision,49120,614
1,1,3,ShareholderToAggregator,Share,3360,2
1,1,3,AggregatorBroadcast,SplitDecision,49120,614
1,1,3,ShareholderToAggregator,Share,3360,2
1,1,3,AggregatorBroadcast,SplitDecision,49120,614
1,1,3,ShareholderToAggregator,Share,3360,2
1,1,3,AggregatorBroadcast,SplitDecision,49120,614
1,1,3,ShareholderToAggregator,Share,3360,2
1,1,3,AggregatorBroadcast,SplitDecision,49120,614
1,1,3,ShareholderToAggregator,Share,3360,2
1,1,3,AggregatorBroadcast,SplitDecision,49120,614
1,1,3,ShareholderToAggregator,Share,3360,2
1,1,3,AggregatorBroadcast,SplitDecision,49120,614
1,1,3,ShareholderToAggregator,Share,3360,2
1,1,4,ClientToShareholder,CommittedGradientShare,3197712,1842
1,1,4,ShareholderToAggregator,Share,3360,2
1,1,4,ShareholderToAggregator,Share,3360,2
1,1,4,ShareholderToAggregator,Share,3360,2
1,1,4,AggregatorBroadcast,SplitDecision,49120,614
1,1,4,ShareholderToAggregator,Share,3360,2
1,1,4,AggregatorBroadcast,SplitDecision,49120,614
1,1,4,ShareholderToAggregator,Share,3360,2
1,1,4,AggregatorBroadcast,SplitDecision,49120,614
1,1,4,ShareholderToAggregator,Share,3360,2
1,1,4,AggregatorBroadcast,SplitDecision,49120,614
1,1,4,ShareholderToAggregator,Share,3360,2
1,1,4,AggregatorBroadcast,SplitDecision,49120,614
1,1,4,ShareholderToAggregator,Share,3360,2
1,1,4,AggregatorBroadcast,SplitDecision,49120,614
1,1,4,ShareholderToAggregator,Share,3360,2
1,1,4,AggregatorBroadcast,SplitDecision,49120,614
1,1,4,ShareholderToAggregator,Share,3360,2
1,1,4,AggregatorBroadcast,SplitDecision,49120,614
1,1,5,ClientToShareholder,CommittedGradientShare,3197712,1842
1,1,5,ShareholderToAggregator,Share,3360,2
1,1,5,ShareholderToAggregator,Share,3360,2
1,1,5,ShareholderToAggregator,Share,3360,2
1,1,5,AggregatorBroadcast,SplitDecision,49120,614
1,1,5,ShareholderToAggregator,Share,3360,2
1,1,5,AggregatorBroadcast,SplitDecision,49120,614
1,1,5,ShareholderToAggregator,Share,3360,2
1,1,5,ShareholderToAggregator,Share,3360,2
1,1,5,AggregatorBroadcast,SplitDecision,49120,614
1,1,5,ShareholderToAggregator,Share,3360,2
1,1,5,AggregatorBroadcast,SplitDecision,49120,614
1,1,5,ShareholderToAggregator,Share,3360,2
1,1,5,AggregatorBroadcast,SplitDecision,49120,614
1,1,5,ShareholderToAggregator,Share,3360,2
1,1,5,AggregatorBroadcast,SplitDecision,49120,614
1,1,5,ShareholderToAggregator,Share,3360,2
1,1,5,AggregatorBroadcast,SplitDecision,49120,614
1,1,5,ShareholderToAggregator,Share,3360,2
1,2,0,ClientToShareholder,CommittedGradientShare,3197712,1842
1,2,0,ShareholderToAggregator,Share,3360,2
1,2,0,AggregatorBroadcast,SplitDecision,49120,614
1,2,1,ClientToShareholder,CommittedGradientShare,3197712,1842
1,2,1,ShareholderToAggregator,Share,3360,2
1,2,1,AggregatorBroadcast,SplitDecision,49120,614
1,2,1,ShareholderToAggregator,Share,3360,2
1,2,1,AggregatorBroadcast,SplitDecision,49120,614
1,2,2,ClientToShareholder,CommittedGradientShare,3197712,1842
1,2,2,ShareholderToAggregator,Share,3360,2
1,2,2,AggregatorBroadcast,SplitDecision,49120,614
1,2,2,ShareholderToAggregator,Share,3360,2
1,2,2,AggregatorBroadcast,SplitDecision,49120,614
1,2,2,ShareholderToAggregator,Share,3360,2
1,2,2,AggregatorBroadcast,SplitDecision,49120,614
1,2,2,ShareholderToAggregator,Share,3360,2
1,2,2,AggregatorBroadcast,SplitDecision,49120,614
1,2,3,ClientToShareholder,CommittedGradientShare,3197712,1842
1,2,3,ShareholderToAggregator,Share,3360,2
1,2,3,AggregatorBroadcast,SplitDecision,49120,614
1,2,3,ShareholderToAggregator,Share,3360,2
1,2,3,AggregatorBroadcast,SplitDecision,49120,614
1,2,3,ShareholderToAggregator,Share,3360,2
1,2,3,AggregatorBroadcast,SplitDecision,49120,614
1,2,3,ShareholderToAggregator,Share,3360,2
1,2,3,AggregatorBroadcast,SplitDecision,49120,614
1,2,3,ShareholderToAggregator,Share,3360,2
1,2,3,AggregatorBroadcast,SplitDecision,49120,614
1,2,3,ShareholderToAggregator,Share,3360,2
1,2,3,AggregatorBroadcast,SplitDecision,49120,614
1,2,3,ShareholderToAggregator,Share,3360,2
1,2,3,AggregatorBroadcast,SplitDecision,49120,614
1,2,3,ShareholderToAggregator,Share,3360,2
1,2,3,AggregatorBroadcast,SplitDecision,49120,614
1,2,4,ClientToShareholder,CommittedGradientShare,3197712,1842
1,2,4,ShareholderToAggregator,Share,3360,2
1,2,4,ShareholderToAggregator,Share,3360,2
1,2,4,AggregatorBroadcast,SplitDecision,49120,614
1,2,4,ShareholderToAggregator,Share,3360,2
1,2,4,AggregatorBroadcast,SplitDecision,49120,614
1,2,4,ShareholderToAggregator,Share,3360,2
1,2,4,AggregatorBroadcast,SplitDecision,49120,614
1,2,4,ShareholderToAggregator,Share,3360,2
1,2,4,AggregatorBroadcast,SplitDecision,49120,614
1,2,4,ShareholderToAggregator,Share,3360,2
1,2,4,AggregatorBroadcast,SplitDecision,49120,614
1,2,4,ShareholderToAggregator,Share,3360,2
1,2,4,ShareholderToAggregator,Share,3360,2
1,2,4,AggregatorBroadcast,SplitDecision,49120,614
1,2,4,ShareholderToAggregator,Share,3360,2
1,2,4,AggregatorBroadcast,SplitDecision,49120,614
1,2,4,ShareholderToAggregator,Share,3360,2
1,2,4,ShareholderToAggregator,Share,3360,2
1,2,5,ClientToShareholder,CommittedGradientShare,3197712,1842
1,2,5,ShareholderToAggregator,Share,3360,2
1,2,5,ShareholderToAggregator,Share,3360,2
1,2,5,ShareholderToAggregator,Share,3360,2
1,2,5,ShareholderToAggregator,Share,3360,2
1,2,5,ShareholderToAggregator,Share,3360,2
1,2,5,ShareholderToAggregator,Share,3360,2
1,2,5,AggregatorBroadcast,SplitDecision,49120,614
1,2,5,ShareholderToAggregator,Share,3360,2
1,2,5,AggregatorBroadcast,SplitDecision,49120,614
1,2,5,ShareholderToAggregator,Share,3360,2
1,2,5,ShareholderToAggregator,Share,3360,2
1,2,5,AggregatorBroadcast,SplitDecision,49120,614
1,2,5,ShareholderToAggregator,Share,3360,2
1,2,5,AggregatorBroadcast,SplitDecision,49120,614
1,2,5,ShareholderToAggregator,Share,3360,2
1,2,5,AggregatorBroadcast,SplitDecision,49120,614
1,2,5,ShareholderToAggregator,Share,3360,2
1,2,5,AggregatorBroadcast,SplitDecision,49120,614
1,2,5,ShareholderToAggregator,Share,3360,2
1,2,5,AggregatorBroadcast,SplitDecision,49120,614
1,2,5,ShareholderToAggregator,Share,3360,2
1,2,5,AggregatorBroadcast,SplitDecision,49120,614
1,2,5,ShareholderToAggregator,Share,3360,2
1,2,5,AggregatorBroadcast,SplitDecision,49120,614
1,3,0,ClientToShareholder,CommittedGradientShare,3197712,1842
1,3,0,ShareholderToAggregator,Share,3360,2
1,3,0,AggregatorBroadcast,SplitDecision,49120,614
1,3,1,ClientToShareholder,CommittedGradientShare,3197712,1842
1,3,1,ShareholderToAggregator,Share,3360,2
1,3,1,AggregatorBroadcast,SplitDecision,49120,614
1,3,1,ShareholderToAggregator,Share,3360,2
1,3,1,AggregatorBroadcast,SplitDecision,49120,614
1,3,2,ClientToShareholder,CommittedGradientShare,3197712,1842
1,3,2,ShareholderToAggregator,Share,3360,2
1,3,2,AggregatorBroadcast,SplitDecision,49120,614
1,3,2,ShareholderToAggregator,Share,3360,2
1,3,2,AggregatorBroadcast,SplitDecision,49120,614
1,3,2,ShareholderToAggregator,Share,3360,2
1,3,2,AggregatorBroadcast,SplitDecision,49120,614
1,3,2,ShareholderToAggregator,Share,3360,2
1,3,2,AggregatorBroadcast,SplitDecision,49120,614
1,3,3,ClientToShareholder,CommittedGradientShare,3197712,1842
1,3,3,ShareholderToAggregator,Share,3360,2
1,3,3,AggregatorBroadcast,SplitDecision,49120,614
1,3,3,ShareholderToAggregator,Share,3360,2
1,3,3,ShareholderToAggregator,Share,3360,2
1,3,3,AggregatorBroadcast,SplitDecision,49120,614
1,3,3,ShareholderToAggregator,Share,3360,2
1,3,3,AggregatorBroadcast,SplitDecision,49120,614
1,3,3,ShareholderToAggregator,Share,3360,2
1,3,3,AggregatorBroadcast,SplitDecision,49120,614
1,3,3,ShareholderToAggregator,Share,3360,2
1,3,3,AggregatorBroadcast,SplitDecision,49120,614
1,3,3,ShareholderToAggregator,Share,3360,2
1,3,3,AggregatorBroadcast,SplitDecision,49120,614
1,3,4,ClientToShareholder,CommittedGradientShare,3197712,1842
1,3,4,ShareholderToAggregator,Share,3360,2
1,3,4,ShareholderToAggregator,Share,3360,2
1,3,4,ShareholderToAggregator,Share,3360,2
1,3,4,AggregatorBroadcast,SplitDecision,49120,614
1,3,4,ShareholderToAggregator,Share,3360,2
1,3,4,AggregatorBroadcast,SplitDecision,49120,614
1,3,4,ShareholderToAggregator,Share,3360,2
1,3,4,AggregatorBroadcast,SplitDecision,49120,614
1,3,4,ShareholderToAggregator,Share,3360,2
1,3,4,ShareholderToAggregator,Share,3360,2
1,3,4,AggregatorBroadcast,SplitDecision,49120,614
1,3,4,ShareholderToAggregator,Share,3360,2
1,3,4,AggregatorBroadcast,SplitDecision,49120,614
1,3,4,ShareholderToAggregator,Share,3360,2
1,3,4,AggregatorBroadcast,SplitDecision,49120,614
1,3,4,ShareholderToAggregator,Share,3360,2
1,3,4,AggregatorBroadcast,SplitDecision,49120,614
1,3,4,ShareholderToAggregator,Share,3360,2
1,3,4,AggregatorBroadcast,SplitDecision,49120,614
1,3,4,ShareholderToAggregator,Share,3360,2
1,3,4,ShareholderToAggregator,Share,3360,2
1,3,4,AggregatorBroadcast,SplitDecision,49120,614
1,3,5,ClientToShareholder,CommittedGradientShare,3197712,1842
1,3,5,ShareholderToAggregator,Share,3360,2
1,3,5,ShareholderToAggregator,Share,3360,2
1,3,5,ShareholderToAggregator,Share,3360,2
1,3,5,ShareholderToAggregator,Share,3360,2
1,3,5,ShareholderToAggregator,Share,3360,2
1,3,5,AggregatorBroadcast,SplitDecision,49120,614
1,3,5,ShareholderToAggregator,Share,3360,2
1,3,5,AggregatorBroadcast,SplitDecision,49120,614
1,3,5,ShareholderToAggregator,Share,3360,2
1,3,5,AggregatorBroadcast,SplitDecision,49120,614
1,3,5,ShareholderToAggregator,Share,3360,2
1,3,5,AggregatorBroadcast,SplitDecision,49120,614
1,3,5,ShareholderToAggregator,Share,3360,2
1,3,5,AggregatorBroadcast,SplitDecision,49120,614
1,3,5,ShareholderToAggregator,Share,3360,2
1,3,5,AggregatorBroadcast,SplitDecision,49120,614
1,3,5,ShareholderToAggregator,Share,3360,2
1,3,5,ShareholderToAggregator,Share,3360,2
1,3,5,AggregatorBroadcast,SplitDecision,49120,614
1,3,5,ShareholderToAggregator,Share,3360,2
1,3,5,ShareholderToAggregator,Share,3360,2
1,3,5,AggregatorBroadcast,SplitDecision,49120,614
1,3,5,ShareholderToAggregator,Share,3360,2
1,3,5,ShareholderToAggregator,Share,3360,2
1,3,5,AggregatorBroadcast,SplitDecision,49120,614
1,3,5,ShareholderToAggregator,Share,3360,2
1,3,5,ShareholderToAggregator,Share,3360,2
1,3,5,AggregatorBroadcast,SplitDecision,49120,614
1,4,0,ClientToShareholder,CommittedGradientShare,3197712,1842
1,4,0,ShareholderToAggregator,Share,3360,2
1,4,0,AggregatorBroadcast,SplitDecision,49120,614
1,4,1,ClientToShareholder,CommittedGradientShare,3197712,1842
1,4,1,ShareholderToAggregator,Share,3360,2
1,4,1,AggregatorBroadcast,SplitDecision,49120,614
1,4,1,ShareholderToAggregator,Share,3360,2
1,4,1,AggregatorBroadcast,SplitDecision,49120,614
1,4,2,ClientToShareholder,CommittedGradientShare,3197712,1842
1,4,2,ShareholderToAggregator,Share,3360,2
1,4,2,AggregatorBroadcast,SplitDecision,49120,614
1,4,2,ShareholderToAggregator,Share,3360,2
1,4,2,AggregatorBroadcast,SplitDecision,49120,614
1,4,2,ShareholderToAggregator,Share,3360,2
1,4,2,AggregatorBroadcast,SplitDecision,49120,614
1,4,2,ShareholderToAggregator,Share,3360,2
1,4,2,AggregatorBroadcast,SplitDecision,49120,614
1,4,3,ClientToShareholder,CommittedGradientShare,3197712,1842
1,4,3,ShareholderToAggregator,Share,3360,2
1,4,3,AggregatorBroadcast,SplitDecision,49120,614
1,4,3,ShareholderToAggregator,Share,3360,2
1,4,3,ShareholderToAggregator,Share,3360,2
1,4,3,AggregatorBroadcast,SplitDecision,49120,614
1,4,3,ShareholderToAggregator,Share,3360,2
1,4,3,ShareholderToAggregator,Share,3360,2
1,4,3,AggregatorBroadcast,SplitDecision,49120,614
1,4,3,ShareholderToAggregator,Share,3360,2
1,4,3,AggregatorBroadcast,SplitDecision,49120,614
1,4,3,ShareholderToAggregator,Share,3360,2
1,4,3,AggregatorBroadcast,SplitDecision,49120,614
1,4,4,ClientToShareholder,CommittedGradientShare,3197712,1842
1,4,4,ShareholderToAggregator,Share,3360,2
1,4,4,ShareholderToAggregator,Share,3360,2
1,4,4,ShareholderToAggregator,Share,3360,2
1,4,4,ShareholderToAggregator,Share,3360,2
1,4,4,AggregatorBroadcast,SplitDecision,49120,614
1,4,4,ShareholderToAggregator,Share,3360,2
1,4,4,AggregatorBroadcast,SplitDecision,49120,614
1,4,4,ShareholderToAggregator,Share,3360,2
1,4,4,AggregatorBroadcast,SplitDecision,49120,614
1,4,4,ShareholderToAggregator,Share,3360,2
1,4,4,AggregatorBroadcast,SplitDecision,49120,614
1,4,4,ShareholderToAggregator,Share,3360,2
1,4,4,ShareholderToAggregator,Share,3360,2
1,4,4,AggregatorBroadcast,SplitDecision,49120,614
1,4,4,ShareholderToAggregator,Share,3360,2
1,4,4,ShareholderToAggregator,Share,3360,2
1,4,4,ShareholderToAggregator,Share,3360,2
1,4,4,AggregatorBroadcast,SplitDecision,49120,614
1,4,5,ClientToShareholder,CommittedGradientShare,3197712,1842
1,4,5,ShareholderToAggregator,Share,3360,2
1,4,5,ShareholderToAggregator,Share,3360,2
1,4,5,ShareholderToAggregator,Share,3360,2
1,4,5,ShareholderToAggregator,Share,3360,2
1,4,5,ShareholderToAggregator,Share,3360,2
1,4,5,ShareholderToAggregator,Share,3360,2
1,4,5,ShareholderToAggregator,Share,3360,2
1,4,5,AggregatorBroadcast,SplitDecision,49120,614
1,4,5,ShareholderToAggregator,Share,3360,2
1,4,5,AggregatorBroadcast,SplitDecision,49120,614
1,4,5,ShareholderToAggregator,Share,3360,2
1,4,5,AggregatorBroadcast,SplitDecision,49120,614
1,4,5,ShareholderToAggregator,Share,3360,2
1,4,5,AggregatorBroadcast,SplitDecision,49120,614
1,4,5,ShareholderToAggregator,Share,3360,2
1,4,5,AggregatorBroadcast,SplitDecision,49120,614
1,4,5,ShareholderToAggregator,Share,3360,2
1,4,5,AggregatorBroadcast,SplitDecision,49120,614
1,4,5,ShareholderToAggregator,Share,3360,2
1,4,5,AggregatorBroadcast,SplitDecision,49120,614
1,4,5,ShareholderToAggregator,Share,3360,2
1,4,5,AggregatorBroadcast,SplitDecision,49120,614
1,5,0,ClientToShareholder,CommittedGradientShare,3197712,1842
1,5,0,ShareholderToAggregator,Share,3360,2
1,5,0,AggregatorBroadcast,SplitDecision,49120,614
1,5,1,ClientToShareholder,CommittedGradientShare,3197712,1842
1,5,1,ShareholderToAggregator,Share,3360,2
1,5,1,AggregatorBroadcast,SplitDecision,49120,614
1,5,1,ShareholderToAggregator,Share,3360,2
1,5,1,AggregatorBroadcast,SplitDecision,49120,614
1,5,2,ClientToShareholder,CommittedGradientShare,3197712,1842
1,5,2,ShareholderToAggregator,Share,3360,2
1,5,2,AggregatorBroadcast,SplitDecision,49120,614
1,5,2,ShareholderToAggregator,Share,3360,2
1,5,2,AggregatorBroadcast,SplitDecision,49120,614
1,5,2,ShareholderToAggregator,Share,3360,2
1,5,2,AggregatorBroadcast,SplitDecision,49120,614
1,5,2,ShareholderToAggregator,Share,3360,2
1,5,2,AggregatorBroadcast,SplitDecision,49120,614
1,5,3,ClientToShareholder,CommittedGradientShare,3197712,1842
1,5,3,ShareholderToAggregator,Share,3360,2
1,5,3,ShareholderToAggregator,Share,3360,2
1,5,3,AggregatorBroadcast,SplitDecision,49120,614
1,5,3,ShareholderToAggregator,Share,3360,2
1,5,3,AggregatorBroadcast,SplitDecision,49120,614
1,5,3,ShareholderToAggregator,Share,3360,2
1,5,3,AggregatorBroadcast,SplitDecision,49120,614
1,5,3,ShareholderToAggregator,Share,3360,2
1,5,3,ShareholderToAggregator,Share,3360,2
1,5,3,AggregatorBroadcast,SplitDecision,49120,614
1,5,3,ShareholderToAggregator,Share,3360,2
1,5,3,AggregatorBroadcast,SplitDecision,49120,614
1,5,3,ShareholderToAggregator,Share,3360,2
1,5,3,AggregatorBroadcast,SplitDecision,49120,614
1,5,4,ClientToShareholder,CommittedGradientShare,3197712,1842
1,5,4,ShareholderToAggregator,Share,3360,2
1,5,4,ShareholderToAggregator,Share,3360,2
1,5,4,ShareholderToAggregator,Share,3360,2
1,5,4,AggregatorBroadcast,SplitDecision,49120,614
1,5,4,ShareholderToAggregator,Share,3360,2
1,5,4,AggregatorBroadcast,SplitDecision,49120,614
1,5,4,ShareholderToAggregator,Share,3360,2
1,5,4,ShareholderToAggregator,Share,3360,2
1,5,4,AggregatorBroadcast,SplitDecision,49120,614
1,5,4,ShareholderToAggregator,Share,3360,2
1,5,4,AggregatorBroadcast,SplitDecision,49120,614
1,5,4,ShareholderToAggregator,Share,3360,2
1,5,4,AggregatorBroadcast,SplitDecision,49120,614
1,5,4,ShareholderToAggregator,Share,3360,2
1,5,4,ShareholderToAggregator,Share,3360,2
1,5,4,AggregatorBroadcast,SplitDecision,49120,614
1,5,4,ShareholderToAggregator,Share,3360,2
1,5,4,AggregatorBroadcast,SplitDecision,49120,614
1,5,4,ShareholderToAggregator,Share,3360,2
1,5,4,ShareholderToAggregator,Share,3360,2
1,5,4,AggregatorBroadcast,SplitDecision,49120,614
1,5,5,ClientToShareholder,CommittedGradientShare,3197712,1842
1,5,5,ShareholderToAggregator,Share,3360,2
1,5,5,ShareholderToAggregator,Share,3360,2
1,5,5,ShareholderToAggregator,Share,3360,2
1,5,5,ShareholderToAggregator,Share,3360,2
1,5,5,ShareholderToAggregator,Share,3360,2
1,5,5,ShareholderToAggregator,Share,3360,2
1,5,5,AggregatorBroadcast,SplitDecision,49120,614
1,5,5,ShareholderToAggregator,Share,3360,2
1,5,5,AggregatorBroadcast,SplitDecision,49120,614
1,5,5,ShareholderToAggregator,Share,3360,2
1,5,5,AggregatorBroadcast,SplitDecision,49120,614
1,5,5,ShareholderToAggregator,Share,3360,2
1,5,5,AggregatorBroadcast,SplitDecision,49120,614
1,5,5,ShareholderToAggregator,Share,3360,2
1,5,5,AggregatorBroadcast,SplitDecision,49120,614
1,5,5,ShareholderToAggregator,Share,3360,2
1,5,5,AggregatorBroadcast,SplitDecision,49120,614
1,5,5,ShareholderToAggregator,Share,3360,2
1,5,5,AggregatorBroadcast,SplitDecision,49120,614
1,5,5,ShareholderToAggregator,Share,3360,2
1,5,5,AggregatorBroadcast,SplitDecision,49120,614
1,5,5,ShareholderToAggregator,Share,3360,2
1,5,5,AggregatorBroadcast,SplitDecision,49120,614
1,5,5,ShareholderToAggregator,Share,3360,2
1,5,5,AggregatorBroadcast,SplitDecision,49120,614
1,5,5,ShareholderToAggregator,Share,3360,2
1,5,5,AggregatorBroadcast,SplitDecision,49120,614
1,5,5,ShareholderToAggregator,Share,3360,2
1,6,0,ClientToShareholder,CommittedGradientShare,3197712,1842
1,6,0,ShareholderToAggregator,Share,3360,2
1,6,0,AggregatorBroadcast,SplitDecision,49120,614
1,6,1,ClientToShareholder,CommittedGradientShare,3197712,1842
1,6,1,ShareholderToAggregator,Share,3360,2
1,6,1,AggregatorBroadcast,SplitDecision,49120,614
1,6,1,ShareholderToAggregator,Share,3360,2
1,6,1,AggregatorBroadcast,SplitDecision,49120,614
1,6,2,ClientToShareholder,CommittedGradientShare,3197712,1842
1,6,2,ShareholderToAggregator,Share,3360,2
1,6,2,AggregatorBroadcast,SplitDecision,49120,614
1,6,2,ShareholderToAggregator,Share,3360,2
1,6,2,AggregatorBroadcast,SplitDecision,49120,614
1,6,2,ShareholderToAggregator,Share,3360,2
1,6,2,AggregatorBroadcast,SplitDecision,49120,614
1,6,2,ShareholderToAggregator,Share,3360,2
1,6,2,AggregatorBroadcast,SplitDecision,49120,614
1,6,3,ClientToShareholder,CommittedGradientShare,3197712,1842
1,6,3,ShareholderToAggregator,Share,3360,2
1,6,3,AggregatorBroadcast,SplitDecision,49120,614
1,6,3,ShareholderToAggregator,Share,3360,2
1,6,3,AggregatorBroadcast,SplitDecision,49120,614
1,6,3,ShareholderToAggregator,Share,3360,2
1,6,3,AggregatorBroadcast,SplitDecision,49120,614
1,6,3,ShareholderToAggregator,Share,3360,2
1,6,3,AggregatorBroadcast,SplitDecision,49120,614
1,6,3,ShareholderToAggregator,Share,3360,2
1,6,3,AggregatorBroadcast,SplitDecision,49120,614
1,6,3,ShareholderToAggregator,Share,3360,2
1,6,3,AggregatorBroadcast,SplitDecision,49120,614
1,6,3,ShareholderToAggregator,Share,3360,2
1,6,3,AggregatorBroadcast,SplitDecision,49120,614
1,6,3,ShareholderToAggregator,Share,3360,2
1,6,3,AggregatorBroadcast,SplitDecision,49120,614
1,6,4,ClientToShareholder,CommittedGradientShare,3197712,1842
1,6,4,ShareholderToAggregator,Share,3360,2
1,6,4,AggregatorBroadcast,SplitDecision,49120,614
1,6,4,ShareholderToAggregator,Share,3360,2
1,6,4,AggregatorBroadcast,SplitDecision,49120,614
1,6,4,ShareholderToAggregator,Share,3360,2
1,6,4,AggregatorBroadcast,SplitDecision,49120,614
1,6,4,ShareholderToAggregator,Share,3360,2
1,6,4,AggregatorBroadcast,SplitDecision,49120,614
1,6,4,ShareholderToAggregator,Share,3360,2
1,6,4,ShareholderToAggregator,Share,3360,2
1,6,4,AggregatorBroadcast,SplitDecision,49120,614
1,6,4,ShareholderToAggregator,Share,3360,2
1,6,4,AggregatorBroadcast,SplitDecision,49120,614
1,6,4,ShareholderToAggregator,Share,3360,2
1,6,4,ShareholderToAggregator,Share,3360,2
1,6,4,AggregatorBroadcast,SplitDecision,49120,614
1,6,4,ShareholderToAggregator,Share,3360,2
1,6,4,AggregatorBroadcast,SplitDecision,49120,614
1,6,4,ShareholderToAggregator,Share,3360,2
1,6,4,AggregatorBroadcast,SplitDecision,49120,614
1,6,4,ShareholderToAggregator,Share,3360,2
1,6,4,AggregatorBroadcast,SplitDecision,49120,614
1,6,4,ShareholderToAggregator,Share,3360,2
1,6,4,AggregatorBroadcast,SplitDecision,49120,614
1,6,4,ShareholderToAggregator,Share,3360,2
1,6,4,AggregatorBroadcast,SplitDecision,49120,614
1,6,4,ShareholderToAggregator,Share,3360,2
1,6,4,AggregatorBroadcast,SplitDecision,49120,614
1,6,5,ClientToShareholder,CommittedGradientShare,3197712,1842
1,6,5,ShareholderToAggregator,Share,3360,2
1,6,5,ShareholderToAggregator,Share,3360,2
1,6,5,ShareholderToAggregator,Share,3360,2
1,6,5,ShareholderToAggregator,Share,3360,2
1,6,5,AggregatorBroadcast,SplitDecision,49120,614
1,6,5,ShareholderToAggregator,Share,3360,2
1,6,5,AggregatorBroadcast,SplitDecision,49120,614
1,6,5,ShareholderToAggregator,Share,3360,2
1,6,5,AggregatorBroadcast,SplitDecision,49120,614
1,6,5,ShareholderToAggregator,Share,3360,2
1,6,5,AggregatorBroadcast,SplitDecision,49120,614
1,6,5,ShareholderToAggregator,Share,3360,2
1,6,5,AggregatorBroadcast,SplitDecision,49120,614
1,6,5,ShareholderToAggregator,Share,3360,2
1,6,5,AggregatorBroadcast,SplitDecision,49120,614
1,6,5,ShareholderToAggregator,Share,3360,2
1,6,5,ShareholderToAggregator,Share,3360,2
1,6,5,AggregatorBroadcast,SplitDecision,49120,614
1,6,5,ShareholderToAggregator,Share,3360,2
1,6,5,AggregatorBroadcast,SplitDecision,49120,614
1,6,5,ShareholderToAggregator,Share,3360,2
1,6,5,AggregatorBroadcast,SplitDecision,49120,614
1,6,5,ShareholderToAggregator,Share,3360,2
1,6,5,ShareholderToAggregator,Share,3360,2
1,6,5,ShareholderToAggregator,Share,3360,2
1,6,5,AggregatorBroadcast,SplitDecision,49120,614
1,6,5,ShareholderToAggregator,Share,3360,2
1,6,5,AggregatorBroadcast,SplitDecision,49120,614
1,6,5,ShareholderToAggregator,Share,3360,2
1,6,5,AggregatorBroadcast,SplitDecision,49120,614
1,7,0,ClientToShareholder,CommittedGradientShare,3197712,1842
1,7,0,ShareholderToAggregator,Share,3360,2
1,7,0,AggregatorBroadcast,SplitDecision,49120,614
1,7,1,ClientToShareholder,CommittedGradientShare,3197712,1842
1,7,1,ShareholderToAggregator,Share,3360,2
1,7,1,AggregatorBroadcast,SplitDecision,49120,614
1,7,1,ShareholderToAggregator,Share,3360,2
1,7,1,AggregatorBroadcast,SplitDecision,49120,614
1,7,2,ClientToShareholder,CommittedGradientShare,3197712,1842
1,7,2,ShareholderToAggregator,Share,3360,2
1,7,2,AggregatorBroadcast,SplitDecision,49120,614
1,7,2,ShareholderToAggregator,Share,3360,2
1,7,2,AggregatorBroadcast,SplitDecision,49120,614
1,7,2,ShareholderToAggregator,Share,3360,2
1,7,2,AggregatorBroadcast,SplitDecision,49120,614
1,7,2,ShareholderToAggregator,Share,3360,2
1,7,2,AggregatorBroadcast,SplitDecision,49120,614
1,7,3,ClientToShareholder,CommittedGradientShare,3197712,1842
1,7,3,ShareholderToAggregator,Share,3360,2
1,7,3,ShareholderToAggregator,Share,3360,2
1,7,3,AggregatorBroadcast,SplitDecision,49120,614
1,7,3,ShareholderToAggregator,Share,3360,2
1,7,3,AggregatorBroadcast,SplitDecision,49120,614
1,7,3,ShareholderToAggregator,Share,3360,2
1,7,3,AggregatorBroadcast,SplitDecision,49120,614
1,7,3,ShareholderToAggregator,Share,3360,2
1,7,3,AggregatorBroadcast,SplitDecision,49120,614
1,7,3,ShareholderToAggregator,Share,3360,2
1,7,3,AggregatorBroadcast,SplitDecision,49120,614
1,7,3,ShareholderToAggregator,Share,3360,2
1,7,3,AggregatorBroadcast,SplitDecision,49120,614
1,7,4,ClientToShareholder,CommittedGradientShare,3197712,1842
1,7,4,ShareholderToAggregator,Share,3360,2
1,7,4,ShareholderToAggregator,Share,3360,2
1,7,4,ShareholderToAggregator,Share,3360,2
1,7,4,AggregatorBroadcast,SplitDecision,49120,614
1,7,4,ShareholderToAggregator,Share,3360,2
1,7,4,AggregatorBroadcast,SplitDecision,49120,614
1,7,4,ShareholderToAggregator,Share,3360,2
1,7,4,AggregatorBroadcast,SplitDecision,49120,614
1,7,4,ShareholderToAggregator,Share,3360,2
1,7,4,AggregatorBroadcast,SplitDecision,49120,614
1,7,4,ShareholderToAggregator,Share,3360,2
1,7,4,AggregatorBroadcast,SplitDecision,49120,614
1,7,4,ShareholderToAggregator,Share,3360,2
1,7,4,AggregatorBroadcast,SplitDecision,49120,614
1,7,4,ShareholderToAggregator,Share,3360,2
1,7,4,AggregatorBroadcast,SplitDecision,49120,614
1,7,4,ShareholderToAggregator,Share,3360,2
1,7,4,AggregatorBroadcast,SplitDecision,49120,614
1,7,4,ShareholderToAggregator,Share,3360,2
1,7,4,AggregatorBroadcast,SplitDecision,49120,614
1,7,5,ClientToShareholder,CommittedGradientShare,3197712,1842
1,7,5,ShareholderToAggregator,Share,3360,2
1,7,5,ShareholderToAggregator,Share,3360,2
1,7,5,ShareholderToAggregator,Share,3360,2
1,7,5,ShareholderToAggregator,Share,3360,2
1,7,5,AggregatorBroadcast,SplitDecision,49120,614
1,7,5,ShareholderToAggregator,Share,3360,2
1,7,5,ShareholderToAggregator,Share,3360,2
1,7,5,AggregatorBroadcast,SplitDecision,49120,614
1,7,5,ShareholderToAggregator,Share,3360,2
1,7,5,ShareholderToAggregator,Share,3360,2
1,7,5,AggregatorBroadcast,SplitDecision,49120,614
1,7,5,ShareholderToAggregator,Share,3360,2
1,7,5,AggregatorBroadcast,SplitDecision,49120,614
1,7,5,ShareholderToAggregator,Share,3360,2
1,7,5,AggregatorBroadcast,SplitDecision,49120,614
1,7,5,ShareholderToAggregator,Share,3360,2
1,7,5,AggregatorBroadcast,SplitDecision,49120,614
1,7,5,ShareholderToAggregator,Share,3360,2
1,7,5,AggregatorBroadcast,SplitDecision,49120,614
1,7,5,ShareholderToAggregator,Share,3360,2
1,7,5,AggregatorBroadcast,SplitDecision,49120,614
1,7,5,ShareholderToAggregator,Share,3360,2
1,7,5,AggregatorBroadcast,SplitDecision,49120,614
1,7,5,ShareholderToAggregator,Share,3360,2
1,7,5,AggregatorBroadcast,SplitDecision,49120,614
1,7,5,ShareholderToAggregator,Share,3360,2
1,7,5,ShareholderToAggregator,Share,3360,2
1,7,5,AggregatorBroadcast,SplitDecision,49120,614
1,7,5,ShareholderToAggregator,Share,3360,2
1,8,0,ClientToShareholder,CommittedGradientShare,3197712,1842
1,8,0,ShareholderToAggregator,Share,3360,2
1,8,0,AggregatorBroadcast,SplitDecision,49120,614
1,8,1,ClientToShareholder,CommittedGradientShare,3197712,1842
1,8,1,ShareholderToAggregator,Share,3360,2
1,8,1,AggregatorBroadcast,SplitDecision,49120,614
1,8,1,ShareholderToAggregator,Share,3360,2
1,8,1,AggregatorBroadcast,SplitDecision,49120,614
1,8,2,ClientToShareholder,CommittedGradientShare,3197712,1842
1,8,2,ShareholderToAggregator,Share,3360,2
1,8,2,AggregatorBroadcast,SplitDecision,49120,614
1,8,2,ShareholderToAggregator,Share,3360,2
1,8,2,AggregatorBroadcast,SplitDecision,49120,614
1,8,2,ShareholderToAggregator,Share,3360,2
1,8,2,AggregatorBroadcast,SplitDecision,49120,614
1,8,2,ShareholderToAggregator,Share,3360,2
1,8,2,AggregatorBroadcast,SplitDecision,49120,614
1,8,3,ClientToShareholder,CommittedGradientShare,3197712,1842
1,8,3,ShareholderToAggregator,Share,3360,2
1,8,3,AggregatorBroadcast,SplitDecision,49120,614
1,8,3,ShareholderToAggregator,Share,3360,2
1,8,3,AggregatorBroadcast,SplitDecision,49120,614
1,8,3,ShareholderToAggregator,Share,3360,2
1,8,3,AggregatorBroadcast,SplitDecision,49120,614
1,8,3,ShareholderToAggregator,Share,3360,2
1,8,3,AggregatorBroadcast,SplitDecision,49120,614
1,8,3,ShareholderToAggregator,Share,3360,2
1,8,3,AggregatorBroadcast,SplitDecision,49120,614
1,8,3,ShareholderToAggregator,Share,3360,2
1,8,3,AggregatorBroadcast,SplitDecision,49120,614
1,8,3,ShareholderToAggregator,Share,3360,2
1,8,3,AggregatorBroadcast,SplitDecision,49120,614
1,8,4,ClientToShareholder,CommittedGradientShare,3197712,1842
1,8,4,ShareholderToAggregator,Share,3360,2
1,8,4,ShareholderToAggregator,Share,3360,2
1,8,4,AggregatorBroadcast,SplitDecision,49120,614
1,8,4,ShareholderToAggregator,Share,3360,2
1,8,4,AggregatorBroadcast,SplitDecision,49120,614
1,8,4,ShareholderToAggregator,Share,3360,2
1,8,4,AggregatorBroadcast,SplitDecision,49120,614
1,8,4,ShareholderToAggregator,Share,3360,2
1,8,4,AggregatorBroadcast,SplitDecision,49120,614
1,8,4,ShareholderToAggregator,Share,3360,2
1,8,4,AggregatorBroadcast,SplitDecision,49120,614
1,8,4,ShareholderToAggregator,Share,3360,2
1,8,4,AggregatorBroadcast,SplitDecision,49120,614
1,8,4,ShareholderToAggregator,Share,3360,2
1,8,4,AggregatorBroadcast,SplitDecision,49120,614
1,8,4,ShareholderToAggregator,Share,3360,2
1,8,4,AggregatorBroadcast,SplitDecision,49120,614
1,8,4,ShareholderToAggregator,Share,3360,2
1,8,4,AggregatorBroadcast,SplitDecision,49120,614
1,8,4,ShareholderToAggregator,Share,3360,2
1,8,4,AggregatorBroadcast,SplitDecision,49120,614
1,8,4,ShareholderToAggregator,Share,3360,2
1,8,4,AggregatorBroadcast,SplitDecision,49120,614
1,8,5,ClientToShareholder,CommittedGradientShare,3197712,1842
1,8,5,ShareholderToAggregator,Share,3360,2
1,8,5,ShareholderToAggregator,Share,3360,2
1,8,5,AggregatorBroadcast,SplitDecision,49120,614
1,8,5,ShareholderToAggregator,Share,3360,2
1,8,5,AggregatorBroadcast,SplitDecision,49120,614
1,8,5,ShareholderToAggregator,Share,3360,2
1,8,5,AggregatorBroadcast,SplitDecision,49120,614
1,8,5,ShareholderToAggregator,Share,3360,2
1,8,5,AggregatorBroadcast,SplitDecision,49120,614
1,8,5,ShareholderToAggregator,Share,3360,2
1,8,5,AggregatorBroadcast,SplitDecision,49120,614
1,8,5,ShareholderToAggregator,Share,3360,2
1,8,5,AggregatorBroadcast,SplitDecision,49120,614
1,8,5,ShareholderToAggregator,Share,3360,2
1,8,5,AggregatorBroadcast,SplitDecision,49120,614
1,8,5,ShareholderToAggregator,Share,3360,2
1,8,5,ShareholderToAggregator,Share,3360,2
1,8,5,AggregatorBroadcast,SplitDecision,49120,614
1,8,5,ShareholderToAggregator,Share,3360,2
1,8,5,AggregatorBroadcast,SplitDecision,49120,614
1,8,5,ShareholderToAggregator,Share,3360,2
1,8,5,AggregatorBroadcast,SplitDecision,49120,614
1,8,5,ShareholderToAggregator,Share,3360,2
1,8,5,AggregatorBroadcast,SplitDecision,49120,614
1,8,5,ShareholderToAggregator,Share,3360,2
1,9,0,ClientToShareholder,CommittedGradientShare,3197712,1842
1,9,0,ShareholderToAggregator,Share,3360,2
1,9,0,AggregatorBroadcast,SplitDecision,49120,614
1,9,1,ClientToShareholder,CommittedGradientShare,3197712,1842
1,9,1,ShareholderToAggregator,Share,3360,2
1,9,1,AggregatorBroadcast,SplitDecision,49120,614
1,9,1,ShareholderToAggregator,Share,3360,2
1,9,1,AggregatorBroadcast,SplitDecision,49120,614
1,9,2,ClientToShareholder,CommittedGradientShare,3197712,1842
1,9,2,ShareholderToAggregator,Share,3360,2
1,9,2,AggregatorBroadcast,SplitDecision,49120,614
1,9,2,ShareholderToAggregator,Share,3360,2
1,9,2,AggregatorBroadcast,SplitDecision,49120,614
1,9,2,ShareholderToAggregator,Share,3360,2
1,9,2,AggregatorBroadcast,SplitDecision,49120,614
1,9,2,ShareholderToAggregator,Share,3360,2
1,9,2,AggregatorBroadcast,SplitDecision,49120,614
1,9,3,ClientToShareholder,CommittedGradientShare,3197712,1842
1,9,3,ShareholderToAggregator,Share,3360,2
1,9,3,ShareholderToAggregator,Share,3360,2
1,9,3,AggregatorBroadcast,SplitDecision,49120,614
1,9,3,ShareholderToAggregator,Share,3360,2
1,9,3,AggregatorBroadcast,SplitDecision,49120,614
1,9,3,ShareholderToAggregator,Share,3360,2
1,9,3,AggregatorBroadcast,SplitDecision,49120,614
1,9,3,ShareholderToAggregator,Share,3360,2
1,9,3,AggregatorBroadcast,SplitDecision,49120,614
1,9,3,ShareholderToAggregator,Share,3360,2
1,9,3,AggregatorBroadcast,SplitDecision,49120,614
1,9,3,ShareholderToAggregator,Share,3360,2
1,9,3,AggregatorBroadcast,SplitDecision,49120,614
1,9,4,ClientToShareholder,CommittedGradientShare,3197712,1842
1,9,4,ShareholderToAggregator,Share,3360,2
1,9,4,ShareholderToAggregator,Share,3360,2
1,9,4,ShareholderToAggregator,Share,3360,2
1,9,4,AggregatorBroadcast,SplitDecision,49120,614
1,9,4,ShareholderToAggregator,Share,3360,2
1,9,4,AggregatorBroadcast,SplitDecision,49120,614
1,9,4,ShareholderToAggregator,Share,3360,2
1,9,4,AggregatorBroadcast,SplitDecision,49120,614
1,9,4,ShareholderToAggregator,Share,3360,2
1,9,4,AggregatorBroadcast,SplitDecision,49120,614
1,9,4,ShareholderToAggregator,Share,3360,2
1,9,4,AggregatorBroadcast,SplitDecision,49120,614
1,9,4,ShareholderToAggregator,Share,3360,2
1,9,4,AggregatorBroadcast,SplitDecision,49120,614
1,9,4,ShareholderToAggregator,Share,3360,2
1,9,4,AggregatorBroadcast,SplitDecision,49120,614
1,9,4,ShareholderToAggregator,Share,3360,2
1,9,4,AggregatorBroadcast,SplitDecision,49120,614
1,9,4,ShareholderToAggregator,Share,3360,2
1,9,4,AggregatorBroadcast,SplitDecision,49120,614
1,9,4,ShareholderToAggregator,Share,3360,2
1,9,4,AggregatorBroadcast,SplitDecision,49120,614
1,9,5,ClientToShareholder,CommittedGradientShare,3197712,1842
1,9,5,ShareholderToAggregator,Share,3360,2
1,9,5,ShareholderToAggregator,Share,3360,2
1,9,5,ShareholderToAggregator,Share,3360,2
1,9,5,ShareholderToAggregator,Share,3360,2
1,9,5,AggregatorBroadcast,SplitDecision,49120,614
1,9,5,ShareholderToAggregator,Share,3360,2
1,9,5,AggregatorBroadcast,SplitDecision,49120,614
1,9,5,ShareholderToAggregator,Share,3360,2
1,9,5,AggregatorBroadcast,SplitDecision,49120,614
1,9,5,ShareholderToAggregator,Share,3360,2
1,9,5,ShareholderToAggregator,Share,3360,2
1,9,5,AggregatorBroadcast,SplitDecision,49120,614
1,9,5,ShareholderToAggregator,Share,3360,2
1,9,5,AggregatorBroadcast,SplitDecision,49120,614
1,9,5,ShareholderToAggregator,Share,3360,2
1,9,5,AggregatorBroadcast,SplitDecision,49120,614
1,9,5,ShareholderToAggregator,Share,3360,2
1,9,5,AggregatorBroadcast,SplitDecision,49120,614
1,9,5,ShareholderToAggregator,Share,3360,2
1,9,5,AggregatorBroadcast,SplitDecision,49120,614
1,9,5,ShareholderToAggregator,Share,3360,2
1,9,5,AggregatorBroadcast,SplitDecision,49120,614
1,9,5,ShareholderToAggregator,Share,3360,2
1,9,5,AggregatorBroadcast,SplitDecision,49120,614
1,9,5,ShareholderToAggregator,Share,3360,2
1,9,5,ShareholderToAggregator,Share,3360,2
1,9,5,AggregatorBroadcast,SplitDecision,49120,614
1,9,5,ShareholderToAggregator,Share,3360,2
1,10,0,ClientToShareholder,CommittedGradientShare,3197712,1842
1,10,0,ShareholderToAggregator,Share,3360,2
1,10,0,AggregatorBroadcast,SplitDecision,49120,614
1,10,1,ClientToShareholder,CommittedGradientShare,3197712,1842
1,10,1,ShareholderToAggregator,Share,3360,2
1,10,1,AggregatorBroadcast,SplitDecision,49120,614
1,10,1,ShareholderToAggregator,Share,3360,2
1,10,1,AggregatorBroadcast,SplitDecision,49120,614
1,10,2,ClientToShareholder,CommittedGradientShare,3197712,1842
1,10,2,ShareholderToAggregator,Share,3360,2
1,10,2,AggregatorBroadcast,SplitDecision,49120,614
1,10,2,ShareholderToAggregator,Share,3360,2
1,10,2,AggregatorBroadcast,SplitDecision,49120,614
1,10,2,ShareholderToAggregator,Share,3360,2
1,10,2,AggregatorBroadcast,SplitDecision,49120,614
1,10,2,ShareholderToAggregator,Share,3360,2
1,10,2,AggregatorBroadcast,SplitDecision,49120,614
1,10,3,ClientToShareholder,CommittedGradientShare,3197712,1842
1,10,3,ShareholderToAggregator,Share,3360,2
1,10,3,ShareholderToAggregator,Share,3360,2
1,10,3,AggregatorBroadcast,SplitDecision,49120,614
1,10,3,ShareholderToAggregator,Share,3360,2
1,10,3,AggregatorBroadcast,SplitDecision,49120,614
1,10,3,ShareholderToAggregator,Share,3360,2
1,10,3,AggregatorBroadcast,SplitDecision,49120,614
1,10,3,ShareholderToAggregator,Share,3360,2
1,10,3,AggregatorBroadcast,SplitDecision,49120,614
1,10,3,ShareholderToAggregator,Share,3360,2
1,10,3,AggregatorBroadcast,SplitDecision,49120,614
1,10,3,ShareholderToAggregator,Share,3360,2
1,10,3,AggregatorBroadcast,SplitDecision,49120,614
1,10,4,ClientToShareholder,CommittedGradientShare,3197712,1842
1,10,4,ShareholderToAggregator,Share,3360,2
1,10,4,ShareholderToAggregator,Share,3360,2
1,10,4,ShareholderToAggregator,Share,3360,2
1,10,4,AggregatorBroadcast,SplitDecision,49120,614
1,10,4,ShareholderToAggregator,Share,3360,2
1,10,4,AggregatorBroadcast,SplitDecision,49120,614
1,10,4,ShareholderToAggregator,Share,3360,2
1,10,4,AggregatorBroadcast,SplitDecision,49120,614
1,10,4,ShareholderToAggregator,Share,3360,2
1,10,4,AggregatorBroadcast,SplitDecision,49120,614
1,10,4,ShareholderToAggregator,Share,3360,2
1,10,4,AggregatorBroadcast,SplitDecision,49120,614
1,10,4,ShareholderToAggregator,Share,3360,2
1,10,4,AggregatorBroadcast,SplitDecision,49120,614
1,10,4,ShareholderToAggregator,Share,3360,2
1,10,4,AggregatorBroadcast,SplitDecision,49120,614
1,10,4,ShareholderToAggregator,Share,3360,2
1,10,4,ShareholderToAggregator,Share,3360,2
1,10,4,AggregatorBroadcast,SplitDecision,49120,614
1,10,5,ClientToShareholder,CommittedGradientShare,3197712,1842
1,10,5,ShareholderToAggregator,Share,3360,2
1,10,5,ShareholderToAggregator,Share,3360,2
1,10,5,ShareholderToAggregator,Share,3360,2
1,10,5,ShareholderToAggregator,Share,3360,2
1,10,5,ShareholderToAggregator,Share,3360,2
1,10,5,AggregatorBroadcast,SplitDecision,49120,614
1,10,5,ShareholderToAggregator,Share,3360,2
1,10,5,ShareholderToAggregator,Share,3360,2
1,10,5,AggregatorBroadcast,SplitDecision,49120,614
1,10,5,ShareholderToAggregator,Share,3360,2
1,10,5,ShareholderToAggregator,Share,3360,2
1,10,5,AggregatorBroadcast,SplitDecision,49120,614
1,10,5,ShareholderToAggregator,Share,3360,2
1,10,5,AggregatorBroadcast,SplitDecision,49120,614
1,10,5,ShareholderToAggregator,Share,3360,2
1,10,5,AggregatorBroadcast,SplitDecision,49120,614
1,10,5,ShareholderToAggregator,Share,3360,2
1,10,5,AggregatorBroadcast,SplitDecision,49120,614
1,10,5,ShareholderToAggregator,Share,3360,2
1,10,5,AggregatorBroadcast,SplitDecision,49120,614
1,10,5,ShareholderToAggregator,Share,3360,2
1,10,5,AggregatorBroadcast,SplitDecision,49120,614
1,10,5,ShareholderToAggregator,Share,3360,2
1,10,5,AggregatorBroadcast,SplitDecision,49120,614
1,10,5,ShareholderToAggregator,Share,3360,2
1,10,5,AggregatorBroadcast,SplitDecision,49120,614
1,11,0,ClientToShareholder,CommittedGradientShare,3197712,1842
1,11,0,ShareholderToAggregator,Share,3360,2
1,11,0,AggregatorBroadcast,SplitDecision,49120,614
1,11,1,ClientToShareholder,CommittedGradientShare,3197712,1842
1,11,1,ShareholderToAggregator,Share,3360,2
1,11,1,AggregatorBroadcast,SplitDecision,49120,614
1,11,1,ShareholderToAggregator,Share,3360,2
1,11,1,AggregatorBroadcast,SplitDecision,49120,614
1,11,2,ClientToShareholder,CommittedGradientShare,3197712,1842
1,11,2,ShareholderToAggregator,Share,3360,2
1,11,2,AggregatorBroadcast,SplitDecision,49120,614
1,11,2,ShareholderToAggregator,Share,3360,2
1,11,2,AggregatorBroadcast,SplitDecision,49120,614
1,11,2,ShareholderToAggregator,Share,3360,2
1,11,2,AggregatorBroadcast,SplitDecision,49120,614
1,11,2,ShareholderToAggregator,Share,3360,2
1,11,2,AggregatorBroadcast,SplitDecision,49120,614
1,11,3,ClientToShareholder,CommittedGradientShare,3197712,1842
1,11,3,ShareholderToAggregator,Share,3360,2
1,11,3,ShareholderToAggregator,Share,3360,2
1,11,3,AggregatorBroadcast,SplitDecision,49120,614
1,11,3,ShareholderToAggregator,Share,3360,2
1,11,3,AggregatorBroadcast,SplitDecision,49120,614
1,11,3,ShareholderToAggregator,Share,3360,2
1,11,3,AggregatorBroadcast,SplitDecision,49120,614
1,11,3,ShareholderToAggregator,Share,3360,2
1,11,3,AggregatorBroadcast,SplitDecision,49120,614
1,11,3,ShareholderToAggregator,Share,3360,2
1,11,3,AggregatorBroadcast,SplitDecision,49120,614
1,11,3,ShareholderToAggregator,Share,3360,2
1,11,3,ShareholderToAggregator,Share,3360,2
1,11,3,AggregatorBroadcast,SplitDecision,49120,614
1,11,4,ClientToShareholder,CommittedGradientShare,3197712,1842
1,11,4,ShareholderToAggregator,Share,3360,2
1,11,4,ShareholderToAggregator,Share,3360,2
1,11,4,ShareholderToAggregator,Share,3360,2
1,11,4,ShareholderToAggregator,Share,3360,2
1,11,4,AggregatorBroadcast,SplitDecision,49120,614
1,11,4,ShareholderToAggregator,Share,3360,2
1,11,4,AggregatorBroadcast,SplitDecision,49120,614
1,11,4,ShareholderToAggregator,Share,3360,2
1,11,4,AggregatorBroadcast,SplitDecision,49120,614
1,11,4,ShareholderToAggregator,Share,3360,2
1,11,4,AggregatorBroadcast,SplitDecision,49120,614
1,11,4,ShareholderToAggregator,Share,3360,2
1,11,4,AggregatorBroadcast,SplitDecision,49120,614
1,11,4,ShareholderToAggregator,Share,3360,2
1,11,4,AggregatorBroadcast,SplitDecision,49120,614
1,11,4,ShareholderToAggregator,Share,3360,2
1,11,4,AggregatorBroadcast,SplitDecision,49120,614
1,11,4,ShareholderToAggregator,Share,3360,2
1,11,4,AggregatorBroadcast,SplitDecision,49120,614
1,11,5,ClientToShareholder,CommittedGradientShare,3197712,1842
1,11,5,ShareholderToAggregator,Share,3360,2
1,11,5,ShareholderToAggregator,Share,3360,2
1,11,5,ShareholderToAggregator,Share,3360,2
1,11,5,ShareholderToAggregator,Share,3360,2
1,11,5,AggregatorBroadcast,SplitDecision,49120,614
1,11,5,ShareholderToAggregator,Share,3360,2
1,11,5,AggregatorBroadcast,SplitDecision,49120,614
1,11,5,ShareholderToAggregator,Share,3360,2
1,11,5,AggregatorBroadcast,SplitDecision,49120,614
1,11,5,ShareholderToAggregator,Share,3360,2
1,11,5,AggregatorBroadcast,SplitDecision,49120,614
1,11,5,ShareholderToAggregator,Share,3360,2
1,11,5,AggregatorBroadcast,SplitDecision,49120,614
1,11,5,ShareholderToAggregator,Share,3360,2
1,11,5,AggregatorBroadcast,SplitDecision,49120,614
1,11,5,ShareholderToAggregator,Share,3360,2
1,11,5,ShareholderToAggregator,Share,3360,2
1,11,5,AggregatorBroadcast,SplitDecision,49120,614
1,11,5,ShareholderToAggregator,Share,3360,2
1,11,5,AggregatorBroadcast,SplitDecision,49120,614
1,11,5,ShareholderToAggregator,Share,3360,2
1,12,0,ClientToShareholder,CommittedGradientShare,3197712,1842
1,12,0,ShareholderToAggregator,Share,3360,2
1,12,0,AggregatorBroadcast,SplitDecision,49120,614
1,12,1,ClientToShareholder,CommittedGradientShare,3197712,1842
1,12,1,ShareholderToAggregator,Share,3360,2
1,12,1,AggregatorBroadcast,SplitDecision,49120,614
1,12,1,ShareholderToAggregator,Share,3360,2
1,12,1,AggregatorBroadcast,SplitDecision,49120,614
1,12,2,ClientToShareholder,CommittedGradientShare,3197712,1842
1,12,2,ShareholderToAggregator,Share,3360,2
1,12,2,AggregatorBroadcast,SplitDecision,49120,614
1,12,2,ShareholderToAggregator,Share,3360,2
1,12,2,AggregatorBroadcast,SplitDecision,49120,614
1,12,2,ShareholderToAggregator,Share,3360,2
1,12,2,AggregatorBroadcast,SplitDecision,49120,614
1,12,2,ShareholderToAggregator,Share,3360,2
1,12,2,AggregatorBroadcast,SplitDecision,49120,614
1,12,3,ClientToShareholder,CommittedGradientShare,3197712,1842
1,12,3,ShareholderToAggregator,Share,3360,2
1,12,3,AggregatorBroadcast,SplitDecision,49120,614
1,12,3,ShareholderToAggregator,Share,3360,2
1,12,3,AggregatorBroadcast,SplitDecision,49120,614
1,12,3,ShareholderToAggregator,Share,3360,2
1,12,3,AggregatorBroadcast,SplitDecision,49120,614
1,12,3,ShareholderToAggregator,Share,3360,2
1,12,3,AggregatorBroadcast,SplitDecision,49120,614
1,12,3,ShareholderToAggregator,Share,3360,2
1,12,3,ShareholderToAggregator,Share,3360,2
1,12,3,AggregatorBroadcast,SplitDecision,49120,614
1,12,3,ShareholderToAggregator,Share,3360,2
1,12,3,AggregatorBroadcast,SplitDecision,49120,614
1,12,3,ShareholderToAggregator,Share,3360,2
1,12,3,AggregatorBroadcast,SplitDecision,49120,614
1,12,4,ClientToShareholder,CommittedGradientShare,3197712,1842
1,12,4,ShareholderToAggregator,Share,3360,2
1,12,4,ShareholderToAggregator,Share,3360,2
1,12,4,AggregatorBroadcast,SplitDecision,49120,614
1,12,4,ShareholderToAggregator,Share,3360,2
1,12,4,AggregatorBroadcast,SplitDecision,49120,614
1,12,4,ShareholderToAggregator,Share,3360,2
1,12,4,AggregatorBroadcast,SplitDecision,49120,614
1,12,4,ShareholderToAggregator,Share,3360,2
1,12,4,AggregatorBroadcast,SplitDecision,49120,614
1,12,4,ShareholderToAggregator,Share,3360,2
1,12,4,AggregatorBroadcast,SplitDecision,49120,614
1,12,4,ShareholderToAggregator,Share,3360,2
1,12,4,AggregatorBroadcast,SplitDecision,49120,614
1,12,4,ShareholderToAggregator,Share,3360,2
1,12,4,AggregatorBroadcast,SplitDecision,49120,614
1,12,4,ShareholderToAggregator,Share,3360,2
1,12,4,AggregatorBroadcast,SplitDecision,49120,614
1,12,4,ShareholderToAggregator,Share,3360,2
1,12,4,AggregatorBroadcast,SplitDecision,49120,614
1,12,4,ShareholderToAggregator,Share,3360,2
1,12,4,AggregatorBroadcast,SplitDecision,49120,614
1,12,4,ShareholderToAggregator,Share,3360,2
1,12,4,AggregatorBroadcast,SplitDecision,49120,614
1,12,4,ShareholderToAggregator,Share,3360,2
1,12,4,AggregatorBroadcast,SplitDecision,49120,614
1,12,5,ClientToShareholder,CommittedGradientShare,3197712,1842
1,12,5,ShareholderToAggregator,Share,3360,2
1,12,5,ShareholderToAggregator,Share,3360,2
1,12,5,ShareholderToAggregator,Share,3360,2
1,12,5,AggregatorBroadcast,SplitDecision,49120,614
1,12,5,ShareholderToAggregator,Share,3360,2
1,12,5,ShareholderToAggregator,Share,3360,2
1,12,5,AggregatorBroadcast,SplitDecision,49120,614
1,12,5,ShareholderToAggregator,Share,3360,2
1,12,5,AggregatorBroadcast,SplitDecision,49120,614
1,12,5,ShareholderToAggregator,Share,3360,2
1,12,5,AggregatorBroadcast,SplitDecision,49120,614
1,12,5,ShareholderToAggregator,Share,3360,2
1,12,5,AggregatorBroadcast,SplitDecision,49120,614
1,12,5,ShareholderToAggregator,Share,3360,2
1,12,5,ShareholderToAggregator,Share,3360,2
1,12,5,ShareholderToAggregator,Share,3360,2
1,12,5,AggregatorBroadcast,SplitDecision,49120,614
1,12,5,ShareholderToAggregator,Share,3360,2
1,12,5,AggregatorBroadcast,SplitDecision,49120,614
1,12,5,ShareholderToAggregator,Share,3360,2
1,12,5,AggregatorBroadcast,SplitDecision,49120,614
1,12,5,ShareholderToAggregator,Share,3360,2
1,12,5,AggregatorBroadcast,SplitDecision,49120,614
1,12,5,ShareholderToAggregator,Share,3360,2
1,12,5,AggregatorBroadcast,SplitDecision,49120,614
1,12,5,ShareholderToAggregator,Share,3360,2
1,12,5,AggregatorBroadcast,SplitDecision,49120,614
1,12,5,ShareholderToAggregator,Share,3360,2
1,12,5,AggregatorBroadcast,SplitDecision,49120,614
1,12,5,ShareholderToAggregator,Share,3360,2
1,12,5,AggregatorBroadcast,SplitDecision,49120,614
1,13,0,ClientToShareholder,CommittedGradientShare,3197712,1842
1,13,0,ShareholderToAggregator,Share,3360,2
1,13,0,AggregatorBroadcast,SplitDecision,49120,614
1,13,1,ClientToShareholder,CommittedGradientShare,3197712,1842
1,13,1,ShareholderToAggregator,Share,3360,2
1,13,1,AggregatorBroadcast,SplitDecision,49120,614
1,13,1,ShareholderToAggregator,Share,3360,2
1,13,1,AggregatorBroadcast,SplitDecision,49120,614
1,13,2,ClientToShareholder,CommittedGradientShare,3197712,1842
1,13,2,ShareholderToAggregator,Share,3360,2
1,13,2,AggregatorBroadcast,SplitDecision,49120,614
1,13,2,ShareholderToAggregator,Share,3360,2
1,13,2,AggregatorBroadcast,SplitDecision,49120,614
1,13,2,ShareholderToAggregator,Share,3360,2
1,13,2,AggregatorBroadcast,SplitDecision,49120,614
1,13,2,ShareholderToAggregator,Share,3360,2
1,13,2,AggregatorBroadcast,SplitDecision,49120,614
1,13,3,ClientToShareholder,CommittedGradientShare,3197712,1842
1,13,3,ShareholderToAggregator,Share,3360,2
1,13,3,AggregatorBroadcast,SplitDecision,49120,614
1,13,3,ShareholderToAggregator,Share,3360,2
1,13,3,AggregatorBroadcast,SplitDecision,49120,614
1,13,3,ShareholderToAggregator,Share,3360,2
1,13,3,AggregatorBroadcast,SplitDecision,49120,614
1,13,3,ShareholderToAggregator,Share,3360,2
1,13,3,ShareholderToAggregator,Share,3360,2
1,13,3,AggregatorBroadcast,SplitDecision,49120,614
1,13,3,ShareholderToAggregator,Share,3360,2
1,13,3,AggregatorBroadcast,SplitDecision,49120,614
1,13,3,ShareholderToAggregator,Share,3360,2
1,13,3,AggregatorBroadcast,SplitDecision,49120,614
1,13,4,ClientToShareholder,CommittedGradientShare,3197712,1842
1,13,4,ShareholderToAggregator,Share,3360,2
1,13,4,ShareholderToAggregator,Share,3360,2
1,13,4,AggregatorBroadcast,SplitDecision,49120,614
1,13,4,ShareholderToAggregator,Share,3360,2
1,13,4,AggregatorBroadcast,SplitDecision,49120,614
1,13,4,ShareholderToAggregator,Share,3360,2
1,13,4,AggregatorBroadcast,SplitDecision,49120,614
1,13,4,ShareholderToAggregator,Share,3360,2
1,13,4,AggregatorBroadcast,SplitDecision,49120,614
1,13,4,ShareholderToAggregator,Share,3360,2
1,13,4,AggregatorBroadcast,SplitDecision,49120,614
1,13,4,ShareholderToAggregator,Share,3360,2
1,13,4,ShareholderToAggregator,Share,3360,2
1,13,4,AggregatorBroadcast,SplitDecision,49120,614
1,13,4,ShareholderToAggregator,Share,3360,2
1,13,4,AggregatorBroadcast,SplitDecision,49120,614
1,13,4,ShareholderToAggregator,Share,3360,2
1,13,4,AggregatorBroadcast,SplitDecision,49120,614
1,13,5,ClientToShareholder,CommittedGradientShare,3197712,1842
1,13,5,ShareholderToAggregator,Share,3360,2
1,13,5,ShareholderToAggregator,Share,3360,2
1,13,5,ShareholderToAggregator,Share,3360,2
1,13,5,ShareholderToAggregator,Share,3360,2
1,13,5,AggregatorBroadcast,SplitDecision,49120,614
1,13,5,ShareholderToAggregator,Share,3360,2
1,13,5,AggregatorBroadcast,SplitDecision,49120,614
1,13,5,ShareholderToAggregator,Share,3360,2
1,13,5,AggregatorBroadcast,SplitDecision,49120,614
1,13,5,ShareholderToAggregator,Share,3360,2
1,13,5,AggregatorBroadcast,SplitDecision,49120,614
1,13,5,ShareholderToAggregator,Share,3360,2
1,13,5,AggregatorBroadcast,SplitDecision,49120,614
1,13,5,ShareholderToAggregator,Share,3360,2
1,13,5,ShareholderToAggregator,Share,3360,2
1,13,5,AggregatorBroadcast,SplitDecision,49120,614
1,13,5,ShareholderToAggregator,Share,3360,2
1,13,5,ShareholderToAggregator,Share,3360,2
1,13,5,AggregatorBroadcast,SplitDecision,49120,614
1,14,0,ClientToShareholder,CommittedGradientShare,3197712,1842
1,14,0,ShareholderToAggregator,Share,3360,2
1,14,0,AggregatorBroadcast,SplitDecision,49120,614
1,14,1,ClientToShareholder,CommittedGradientShare,3197712,1842
1,14,1,ShareholderToAggregator,Share,3360,2
1,14,1,AggregatorBroadcast,SplitDecision,49120,614
1,14,1,ShareholderToAggregator,Share,3360,2
1,14,1,AggregatorBroadcast,SplitDecision,49120,614
1,14,2,ClientToShareholder,CommittedGradientShare,3197712,1842
1,14,2,ShareholderToAggregator,Share,3360,2
1,14,2,AggregatorBroadcast,SplitDecision,49120,614
1,14,2,ShareholderToAggregator,Share,3360,2
1,14,2,AggregatorBroadcast,SplitDecision,49120,614
1,14,2,ShareholderToAggregator,Share,3360,2
1,14,2,AggregatorBroadcast,SplitDecision,49120,614
1,14,2,ShareholderToAggregator,Share,3360,2
1,14,2,AggregatorBroadcast,SplitDecision,49120,614
1,14,3,ClientToShareholder,CommittedGradientShare,3197712,1842
1,14,3,ShareholderToAggregator,Share,3360,2
1,14,3,AggregatorBroadcast,SplitDecision,49120,614
1,14,3,ShareholderToAggregator,Share,3360,2
1,14,3,AggregatorBroadcast,SplitDecision,49120,614
1,14,3,ShareholderToAggregator,Share,3360,2
1,14,3,AggregatorBroadcast,SplitDecision,49120,614
1,14,3,ShareholderToAggregator,Share,3360,2
1,14,3,AggregatorBroadcast,SplitDecision,49120,614
1,14,3,ShareholderToAggregator,Share,3360,2
1,14,3,AggregatorBroadcast,SplitDecision,49120,614
1,14,3,ShareholderToAggregator,Share,3360,2
1,14,3,AggregatorBroadcast,SplitDecision,49120,614
1,14,3,ShareholderToAggregator,Share,3360,2
1,14,3,AggregatorBroadcast,SplitDecision,49120,614
1,14,3,ShareholderToAggregator,Share,3360,2
1,14,3,AggregatorBroadcast,SplitDecision,49120,614
1,14,4,ClientToShareholder,CommittedGradientShare,3197712,1842
1,14,4,ShareholderToAggregator,Share,3360,2
1,14,4,ShareholderToAggregator,Share,3360,2
1,14,4,AggregatorBroadcast,SplitDecision,49120,614
1,14,4,ShareholderToAggregator,Share,3360,2
1,14,4,ShareholderToAggregator,Share,3360,2
1,14,4,AggregatorBroadcast,SplitDecision,49120,614
1,14,4,ShareholderToAggregator,Share,3360,2
1,14,4,ShareholderToAggregator,Share,3360,2
1,14,4,ShareholderToAggregator,Share,3360,2
1,14,4,AggregatorBroadcast,SplitDecision,49120,614
1,14,4,ShareholderToAggregator,Share,3360,2
1,14,4,AggregatorBroadcast,SplitDecision,49120,614
1,14,4,ShareholderToAggregator,Share,3360,2
1,14,4,AggregatorBroadcast,SplitDecision,49120,614
1,14,4,ShareholderToAggregator,Share,3360,2
1,14,4,AggregatorBroadcast,SplitDecision,49120,614
1,14,4,ShareholderToAggregator,Share,3360,2
1,14,4,AggregatorBroadcast,SplitDecision,49120,614
1,14,4,ShareholderToAggregator,Share,3360,2
1,14,4,ShareholderToAggregator,Share,3360,2
1,14,4,AggregatorBroadcast,SplitDecision,49120,614
1,14,4,ShareholderToAggregator,Share,3360,2
1,14,4,AggregatorBroadcast,SplitDecision,49120,614
1,14,4,ShareholderToAggregator,Share,3360,2
1,14,5,ClientToShareholder,CommittedGradientShare,3197712,1842
1,14,5,ShareholderToAggregator,Share,3360,2
1,14,5,ShareholderToAggregator,Share,3360,2
1,14,5,ShareholderToAggregator,Share,3360,2
1,14,5,ShareholderToAggregator,Share,3360,2
1,14,5,ShareholderToAggregator,Share,3360,2
1,14,5,ShareholderToAggregator,Share,3360,2
1,14,5,ShareholderToAggregator,Share,3360,2
1,14,5,ShareholderToAggregator,Share,3360,2
1,14,5,ShareholderToAggregator,Share,3360,2
1,14,5,AggregatorBroadcast,SplitDecision,49120,614
1,14,5,ShareholderToAggregator,Share,3360,2
1,14,5,AggregatorBroadcast,SplitDecision,49120,614
1,14,5,ShareholderToAggregator,Share,3360,2
1,14,5,ShareholderToAggregator,Share,3360,2
1,14,5,AggregatorBroadcast,SplitDecision,49120,614
1,14,5,ShareholderToAggregator,Share,3360,2
1,14,5,AggregatorBroadcast,SplitDecision,49120,614
1,14,5,ShareholderToAggregator,Share,3360,2
1,14,5,AggregatorBroadcast,SplitDecision,49120,614
1,14,5,ShareholderToAggregator,Share,3360,2
1,14,5,AggregatorBroadcast,SplitDecision,49120,614
1,14,5,ShareholderToAggregator,Share,3360,2
1,14,5,AggregatorBroadcast,SplitDecision,49120,614
1,14,5,ShareholderToAggregator,Share,3360,2
1,14,5,AggregatorBroadcast,SplitDecision,49120,614
1,14,5,ShareholderToAggregator,Share,3360,2
1,14,5,AggregatorBroadcast,SplitDecision,49120,614
2,0,0,ClientToShareholder,CommittedStatsShare,353664,1842
2,0,0,ShareholderToAggregator,Share,320,2
2,0,0,AggregatorBroadcast,BinConfiguration,73680,614
2,0,0,AggregatorBroadcast,BinConfiguration,73680,614
2,0,0,AggregatorBroadcast,BinConfiguration,73680,614
2,0,0,AggregatorBroadcast,BinConfiguration,73680,614
2,0,0,AggregatorBroadcast,BinConfiguration,73680,614
2,0,0,AggregatorBroadcast,BinConfiguration,73680,614
2,0,0,AggregatorBroadcast,BinConfiguration,73680,614
2,0,0,AggregatorBroadcast,BinConfiguration,73680,614
2,0,0,ClientToShareholder,CommittedGradientShare,3197712,1842
2,0,0,ShareholderToAggregator,Share,3360,2
2,0,0,AggregatorBroadcast,SplitDecision,49120,614
2,0,1,ClientToShareholder,CommittedGradientShare,3197712,1842
2,0,1,ShareholderToAggregator,Share,3360,2
2,0,1,AggregatorBroadcast,SplitDecision,49120,614
2,0,1,ShareholderToAggregator,Share,3360,2
2,0,1,AggregatorBroadcast,SplitDecision,49120,614
2,0,2,ClientToShareholder,CommittedGradientShare,3197712,1842
2,0,2,ShareholderToAggregator,Share,3360,2
2,0,2,AggregatorBroadcast,SplitDecision,49120,614
2,0,2,ShareholderToAggregator,Share,3360,2
2,0,2,AggregatorBroadcast,SplitDecision,49120,614
2,0,2,ShareholderToAggregator,Share,3360,2
2,0,2,AggregatorBroadcast,SplitDecision,49120,614
2,0,2,ShareholderToAggregator,Share,3360,2
2,0,2,AggregatorBroadcast,SplitDecision,49120,614
2,0,3,ClientToShareholder,CommittedGradientShare,3197712,1842
2,0,3,ShareholderToAggregator,Share,3360,2
2,0,3,AggregatorBroadcast,SplitDecision,49120,614
2,0,3,ShareholderToAggregator,Share,3360,2
2,0,3,AggregatorBroadcast,SplitDecision,49120,614
2,0,3,ShareholderToAggregator,Share,3360,2
2,0,3,AggregatorBroadcast,SplitDecision,49120,614
2,0,3,ShareholderToAggregator,Share,3360,2
2,0,3,AggregatorBroadcast,SplitDecision,49120,614
2,0,3,ShareholderToAggregator,Share,3360,2
2,0,3,AggregatorBroadcast,SplitDecision,49120,614
2,0,3,ShareholderToAggregator,Share,3360,2
2,0,3,AggregatorBroadcast,SplitDecision,49120,614
2,0,3,ShareholderToAggregator,Share,3360,2
2,0,3,AggregatorBroadcast,SplitDecision,49120,614
2,0,3,ShareholderToAggregator,Share,3360,2
2,0,4,ClientToShareholder,CommittedGradientShare,3197712,1842
2,0,4,ShareholderToAggregator,Share,3360,2
2,0,4,ShareholderToAggregator,Share,3360,2
2,0,4,ShareholderToAggregator,Share,3360,2
2,0,4,AggregatorBroadcast,SplitDecision,49120,614
2,0,4,ShareholderToAggregator,Share,3360,2
2,0,4,AggregatorBroadcast,SplitDecision,49120,614
2,0,4,ShareholderToAggregator,Share,3360,2
2,0,4,ShareholderToAggregator,Share,3360,2
2,0,4,AggregatorBroadcast,SplitDecision,49120,614
2,0,4,ShareholderToAggregator,Share,3360,2
2,0,4,AggregatorBroadcast,SplitDecision,49120,614
2,0,4,ShareholderToAggregator,Share,3360,2
2,0,4,ShareholderToAggregator,Share,3360,2
2,0,4,AggregatorBroadcast,SplitDecision,49120,614
2,0,4,ShareholderToAggregator,Share,3360,2
2,0,4,AggregatorBroadcast,SplitDecision,49120,614
2,0,4,ShareholderToAggregator,Share,3360,2
2,0,4,AggregatorBroadcast,SplitDecision,49120,614
2,0,4,ShareholderToAggregator,Share,3360,2
2,0,4,AggregatorBroadcast,SplitDecision,49120,614
2,0,5,ClientToShareholder,CommittedGradientShare,3197712,1842
2,0,5,ShareholderToAggregator,Share,3360,2
2,0,5,ShareholderToAggregator,Share,3360,2
2,0,5,ShareholderToAggregator,Share,3360,2
2,0,5,ShareholderToAggregator,Share,3360,2
2,0,5,ShareholderToAggregator,Share,3360,2
2,0,5,AggregatorBroadcast,SplitDecision,49120,614
2,0,5,ShareholderToAggregator,Share,3360,2
2,0,5,ShareholderToAggregator,Share,3360,2
2,0,5,AggregatorBroadcast,SplitDecision,49120,614
2,0,5,ShareholderToAggregator,Share,3360,2
2,0,5,AggregatorBroadcast,SplitDecision,49120,614
2,0,5,ShareholderToAggregator,Share,3360,2
2,0,5,AggregatorBroadcast,SplitDecision,49120,614
2,0,5,ShareholderToAggregator,Share,3360,2
2,0,5,AggregatorBroadcast,SplitDecision,49120,614
2,0,5,ShareholderToAggregator,Share,3360,2
2,0,5,ShareholderToAggregator,Share,3360,2
2,0,5,AggregatorBroadcast,SplitDecision,49120,614
2,0,5,ShareholderToAggregator,Share,3360,2
2,0,5,AggregatorBroadcast,SplitDecision,49120,614
2,1,0,ClientToShareholder,CommittedGradientShare,3197712,1842
2,1,0,ShareholderToAggregator,Share,3360,2
2,1,0,AggregatorBroadcast,SplitDecision,49120,614
2,1,1,ClientToShareholder,CommittedGradientShare,3197712,1842
2,1,1,ShareholderToAggregator,Share,3360,2
2,1,1,AggregatorBroadcast,SplitDecision,49120,614
2,1,1,ShareholderToAggregator,Share,3360,2
2,1,1,AggregatorBroadcast,SplitDecision,49120,614
2,1,2,ClientToShareholder,CommittedGradientShare,3197712,1842
2,1,2,ShareholderToAggregator,Share,3360,2
2,1,2,AggregatorBroadcast,SplitDecision,49120,614
2,1,2,ShareholderToAggregator,Share,3360,2
2,1,2,AggregatorBroadcast,SplitDecision,49120,614
2,1,2,ShareholderToAggregator,Share,3360,2
2,1,2,AggregatorBroadcast,SplitDecision,49120,614
2,1,2,ShareholderToAggregator,Share,3360,2
2,1,2,AggregatorBroadcast,SplitDecision,49120,614
2,1,3,ClientToShareholder,CommittedGradientShare,3197712,1842
2,1,3,ShareholderToAggregator,Share,3360,2
2,1,3,AggregatorBroadcast,SplitDecision,49120,614
2,1,3,ShareholderToAggregator,Share,3360,2
2,1,3,AggregatorBroadcast,SplitDecision,49120,614
2,1,3,ShareholderToAggregator,Share,3360,2
2,1,3,AggregatorBroadcast,SplitDecision,49120,614
2,1,3,ShareholderToAggregator,Share,3360,2
2,1,3,AggregatorBroadcast,SplitDecision,49120,614
2,1,3,ShareholderToAggregator,Share,3360,2
2,1,3,AggregatorBroadcast,SplitDecision,49120,614
2,1,3,ShareholderToAggregator,Share,3360,2
2,1,3,AggregatorBroadcast,SplitDecision,49120,614
2,1,3,ShareholderToAggregator,Share,3360,2
2,1,3,AggregatorBroadcast,SplitDecision,49120,614
2,1,3,ShareholderToAggregator,Share,3360,2
2,1,4,ClientToShareholder,CommittedGradientShare,3197712,1842
2,1,4,ShareholderToAggregator,Share,3360,2
2,1,4,ShareholderToAggregator,Share,3360,2
2,1,4,ShareholderToAggregator,Share,3360,2
2,1,4,AggregatorBroadcast,SplitDecision,49120,614
2,1,4,ShareholderToAggregator,Share,3360,2
2,1,4,AggregatorBroadcast,SplitDecision,49120,614
2,1,4,ShareholderToAggregator,Share,3360,2
2,1,4,ShareholderToAggregator,Share,3360,2
2,1,4,AggregatorBroadcast,SplitDecision,49120,614
2,1,4,ShareholderToAggregator,Share,3360,2
2,1,4,AggregatorBroadcast,SplitDecision,49120,614
2,1,4,ShareholderToAggregator,Share,3360,2
2,1,4,AggregatorBroadcast,SplitDecision,49120,614
2,1,4,ShareholderToAggregator,Share,3360,2
2,1,4,ShareholderToAggregator,Share,3360,2
2,1,4,AggregatorBroadcast,SplitDecision,49120,614
2,1,4,ShareholderToAggregator,Share,3360,2
2,1,4,AggregatorBroadcast,SplitDecision,49120,614
2,1,4,ShareholderToAggregator,Share,3360,2
2,1,4,AggregatorBroadcast,SplitDecision,49120,614
2,1,5,ClientToShareholder,CommittedGradientShare,3197712,1842
2,1,5,ShareholderToAggregator,Share,3360,2
2,1,5,ShareholderToAggregator,Share,3360,2
2,1,5,ShareholderToAggregator,Share,3360,2
2,1,5,ShareholderToAggregator,Share,3360,2
2,1,5,ShareholderToAggregator,Share,3360,2
2,1,5,AggregatorBroadcast,SplitDecision,49120,614
2,1,5,ShareholderToAggregator,Share,3360,2
2,1,5,AggregatorBroadcast,SplitDecision,49120,614
2,1,5,ShareholderToAggregator,Share,3360,2
2,1,5,AggregatorBroadcast,SplitDecision,49120,614
2,1,5,ShareholderToAggregator,Share,3360,2
2,1,5,AggregatorBroadcast,SplitDecision,49120,614
2,1,5,ShareholderToAggregator,Share,3360,2
2,1,5,AggregatorBroadcast,SplitDecision,49120,614
2,1,5,ShareholderToAggregator,Share,3360,2
2,1,5,AggregatorBroadcast,SplitDecision,49120,614
2,1,5,ShareholderToAggregator,Share,3360,2
2,1,5,ShareholderToAggregator,Share,3360,2
2,1,5,ShareholderToAggregator,Share,3360,2
2,1,5,AggregatorBroadcast,SplitDecision,49120,614
2,1,5,ShareholderToAggregator,Share,3360,2
2,1,5,AggregatorBroadcast,SplitDecision,49120,614
2,1,5,ShareholderToAggregator,Share,3360,2
2,2,0,ClientToShareholder,CommittedGradientShare,3197712,1842
2,2,0,ShareholderToAggregator,Share,3360,2
2,2,0,AggregatorBroadcast,SplitDecision,49120,614
2,2,1,ClientToShareholder,CommittedGradientShare,3197712,1842
2,2,1,ShareholderToAggregator,Share,3360,2
2,2,1,AggregatorBroadcast,SplitDecision,49120,614
2,2,1,ShareholderToAggregator,Share,3360,2
2,2,1,AggregatorBroadcast,SplitDecision,49120,614
2,2,2,ClientToShareholder,CommittedGradientShare,3197712,1842
2,2,2,ShareholderToAggregator,Share,3360,2
2,2,2,AggregatorBroadcast,SplitDecision,49120,614
2,2,2,ShareholderToAggregator,Share,3360,2
2,2,2,AggregatorBroadcast,SplitDecision,49120,614
2,2,2,ShareholderToAggregator,Share,3360,2
2,2,2,AggregatorBroadcast,SplitDecision,49120,614
2,2,2,ShareholderToAggregator,Share,3360,2
2,2,2,AggregatorBroadcast,SplitDecision,49120,614
2,2,3,ClientToShareholder,CommittedGradientShare,3197712,1842
2,2,3,ShareholderToAggregator,Share,3360,2
2,2,3,AggregatorBroadcast,SplitDecision,49120,614
2,2,3,ShareholderToAggregator,Share,3360,2
2,2,3,AggregatorBroadcast,SplitDecision,49120,614
2,2,3,ShareholderToAggregator,Share,3360,2
2,2,3,AggregatorBroadcast,SplitDecision,49120,614
2,2,3,ShareholderToAggregator,Share,3360,2
2,2,3,AggregatorBroadcast,SplitDecision,49120,614
2,2,3,ShareholderToAggregator,Share,3360,2
2,2,3,AggregatorBroadcast,SplitDecision,49120,614
2,2,3,ShareholderToAggregator,Share,3360,2
2,2,3,AggregatorBroadcast,SplitDecision,49120,614
2,2,3,ShareholderToAggregator,Share,3360,2
2,2,3,AggregatorBroadcast,SplitDecision,49120,614
2,2,3,ShareholderToAggregator,Share,3360,2
2,2,4,ClientToShareholder,CommittedGradientShare,3197712,1842
2,2,4,ShareholderToAggregator,Share,3360,2
2,2,4,ShareholderToAggregator,Share,3360,2
2,2,4,ShareholderToAggregator,Share,3360,2
2,2,4,AggregatorBroadcast,SplitDecision,49120,614
2,2,4,ShareholderToAggregator,Share,3360,2
2,2,4,AggregatorBroadcast,SplitDecision,49120,614
2,2,4,ShareholderToAggregator,Share,3360,2
2,2,4,ShareholderToAggregator,Share,3360,2
2,2,4,AggregatorBroadcast,SplitDecision,49120,614
2,2,4,ShareholderToAggregator,Share,3360,2
2,2,4,AggregatorBroadcast,SplitDecision,49120,614
2,2,4,ShareholderToAggregator,Share,3360,2
2,2,4,AggregatorBroadcast,SplitDecision,49120,614
2,2,4,ShareholderToAggregator,Share,3360,2
2,2,4,ShareholderToAggregator,Share,3360,2
2,2,4,AggregatorBroadcast,SplitDecision,49120,614
2,2,4,ShareholderToAggregator,Share,3360,2
2,2,4,AggregatorBroadcast,SplitDecision,49120,614
2,2,4,ShareholderToAggregator,Share,3360,2
2,2,5,ClientToShareholder,CommittedGradientShare,3197712,1842
2,2,5,ShareholderToAggregator,Share,3360,2
2,2,5,ShareholderToAggregator,Share,3360,2
2,2,5,ShareholderToAggregator,Share,3360,2
2,2,5,ShareholderToAggregator,Share,3360,2
2,2,5,ShareholderToAggregator,Share,3360,2
2,2,5,ShareholderToAggregator,Share,3360,2
2,2,5,AggregatorBroadcast,SplitDecision,49120,614
2,2,5,ShareholderToAggregator,Share,3360,2
2,2,5,AggregatorBroadcast,SplitDecision,49120,614
2,2,5,ShareholderToAggregator,Share,3360,2
2,2,5,AggregatorBroadcast,SplitDecision,49120,614
2,2,5,ShareholderToAggregator,Share,3360,2
2,2,5,AggregatorBroadcast,SplitDecision,49120,614
2,2,5,ShareholderToAggregator,Share,3360,2
2,2,5,AggregatorBroadcast,SplitDecision,49120,614
2,2,5,ShareholderToAggregator,Share,3360,2
2,2,5,AggregatorBroadcast,SplitDecision,49120,614
2,2,5,ShareholderToAggregator,Share,3360,2
2,2,5,AggregatorBroadcast,SplitDecision,49120,614
2,2,5,ShareholderToAggregator,Share,3360,2
2,2,5,AggregatorBroadcast,SplitDecision,49120,614
2,2,5,ShareholderToAggregator,Share,3360,2
2,2,5,ShareholderToAggregator,Share,3360,2
2,2,5,AggregatorBroadcast,SplitDecision,49120,614
2,3,0,ClientToShareholder,CommittedGradientShare,3197712,1842
2,3,0,ShareholderToAggregator,Share,3360,2
2,3,0,AggregatorBroadcast,SplitDecision,49120,614
2,3,1,ClientToShareholder,CommittedGradientShare,3197712,1842
2,3,1,ShareholderToAggregator,Share,3360,2
2,3,1,AggregatorBroadcast,SplitDecision,49120,614
2,3,1,ShareholderToAggregator,Share,3360,2
2,3,1,AggregatorBroadcast,SplitDecision,49120,614
2,3,2,ClientToShareholder,CommittedGradientShare,3197712,1842
2,3,2,ShareholderToAggregator,Share,3360,2
2,3,2,AggregatorBroadcast,SplitDecision,49120,614
2,3,2,ShareholderToAggregator,Share,3360,2
2,3,2,AggregatorBroadcast,SplitDecision,49120,614
2,3,2,ShareholderToAggregator,Share,3360,2
2,3,2,AggregatorBroadcast,SplitDecision,49120,614
2,3,2,ShareholderToAggregator,Share,3360,2
2,3,2,AggregatorBroadcast,SplitDecision,49120,614
2,3,3,ClientToShareholder,CommittedGradientShare,3197712,1842
2,3,3,ShareholderToAggregator,Share,3360,2
2,3,3,AggregatorBroadcast,SplitDecision,49120,614
2,3,3,ShareholderToAggregator,Share,3360,2
2,3,3,AggregatorBroadcast,SplitDecision,49120,614
2,3,3,ShareholderToAggregator,Share,3360,2
2,3,3,AggregatorBroadcast,SplitDecision,49120,614
2,3,3,ShareholderToAggregator,Share,3360,2
2,3,3,AggregatorBroadcast,SplitDecision,49120,614
2,3,3,ShareholderToAggregator,Share,3360,2
2,3,3,AggregatorBroadcast,SplitDecision,49120,614
2,3,3,ShareholderToAggregator,Share,3360,2
2,3,3,AggregatorBroadcast,SplitDecision,49120,614
2,3,3,ShareholderToAggregator,Share,3360,2
2,3,3,AggregatorBroadcast,SplitDecision,49120,614
2,3,3,ShareholderToAggregator,Share,3360,2
2,3,4,ClientToShareholder,CommittedGradientShare,3197712,1842
2,3,4,ShareholderToAggregator,Share,3360,2
2,3,4,ShareholderToAggregator,Share,3360,2
2,3,4,ShareholderToAggregator,Share,3360,2
2,3,4,AggregatorBroadcast,SplitDecision,49120,614
2,3,4,ShareholderToAggregator,Share,3360,2
2,3,4,AggregatorBroadcast,SplitDecision,49120,614
2,3,4,ShareholderToAggregator,Share,3360,2
2,3,4,ShareholderToAggregator,Share,3360,2
2,3,4,AggregatorBroadcast,SplitDecision,49120,614
2,3,4,ShareholderToAggregator,Share,3360,2
2,3,4,AggregatorBroadcast,SplitDecision,49120,614
2,3,4,ShareholderToAggregator,Share,3360,2
2,3,4,AggregatorBroadcast,SplitDecision,49120,614
2,3,4,ShareholderToAggregator,Share,3360,2
2,3,4,ShareholderToAggregator,Share,3360,2
2,3,4,AggregatorBroadcast,SplitDecision,49120,614
2,3,4,ShareholderToAggregator,Share,3360,2
2,3,4,AggregatorBroadcast,SplitDecision,49120,614
2,3,5,ClientToShareholder,CommittedGradientShare,3197712,1842
2,3,5,ShareholderToAggregator,Share,3360,2
2,3,5,ShareholderToAggregator,Share,3360,2
2,3,5,ShareholderToAggregator,Share,3360,2
2,3,5,ShareholderToAggregator,Share,3360,2
2,3,5,ShareholderToAggregator,Share,3360,2
2,3,5,AggregatorBroadcast,SplitDecision,49120,614
2,3,5,ShareholderToAggregator,Share,3360,2
2,3,5,AggregatorBroadcast,SplitDecision,49120,614
2,3,5,ShareholderToAggregator,Share,3360,2
2,3,5,AggregatorBroadcast,SplitDecision,49120,614
2,3,5,ShareholderToAggregator,Share,3360,2
2,3,5,AggregatorBroadcast,SplitDecision,49120,614
2,3,5,ShareholderToAggregator,Share,3360,2
2,3,5,AggregatorBroadcast,SplitDecision,49120,614
2,3,5,ShareholderToAggregator,Share,3360,2
2,3,5,AggregatorBroadcast,SplitDecision,49120,614
2,3,5,ShareholderToAggregator,Share,3360,2
2,3,5,AggregatorBroadcast,SplitDecision,49120,614
2,3,5,ShareholderToAggregator,Share,3360,2
2,3,5,ShareholderToAggregator,Share,3360,2
2,3,5,AggregatorBroadcast,SplitDecision,49120,614
2,3,5,ShareholderToAggregator,Share,3360,2
2,3,5,AggregatorBroadcast,SplitDecision,49120,614
2,4,0,ClientToShareholder,CommittedGradientShare,3197712,1842
2,4,0,ShareholderToAggregator,Share,3360,2
2,4,0,AggregatorBroadcast,SplitDecision,49120,614
2,4,1,ClientToShareholder,CommittedGradientShare,3197712,1842
2,4,1,ShareholderToAggregator,Share,3360,2
2,4,1,AggregatorBroadcast,SplitDecision,49120,614
2,4,1,ShareholderToAggregator,Share,3360,2
2,4,1,AggregatorBroadcast,SplitDecision,49120,614
2,4,2,ClientToShareholder,CommittedGradientShare,3197712,1842
2,4,2,ShareholderToAggregator,Share,3360,2
2,4,2,AggregatorBroadcast,SplitDecision,49120,614
2,4,2,ShareholderToAggregator,Share,3360,2
2,4,2,AggregatorBroadcast,SplitDecision,49120,614
2,4,2,ShareholderToAggregator,Share,3360,2
2,4,2,AggregatorBroadcast,SplitDecision,49120,614
2,4,2,ShareholderToAggregator,Share,3360,2
2,4,2,AggregatorBroadcast,SplitDecision,49120,614
2,4,3,ClientToShareholder,CommittedGradientShare,3197712,1842
2,4,3,ShareholderToAggregator,Share,3360,2
2,4,3,AggregatorBroadcast,SplitDecision,49120,614
2,4,3,ShareholderToAggregator,Share,3360,2
2,4,3,AggregatorBroadcast,SplitDecision,49120,614
2,4,3,ShareholderToAggregator,Share,3360,2
2,4,3,AggregatorBroadcast,SplitDecision,49120,614
2,4,3,ShareholderToAggregator,Share,3360,2
2,4,3,AggregatorBroadcast,SplitDecision,49120,614
2,4,3,ShareholderToAggregator,Share,3360,2
2,4,3,AggregatorBroadcast,SplitDecision,49120,614
2,4,3,ShareholderToAggregator,Share,3360,2
2,4,3,AggregatorBroadcast,SplitDecision,49120,614
2,4,3,ShareholderToAggregator,Share,3360,2
2,4,4,ClientToShareholder,CommittedGradientShare,3197712,1842
2,4,4,ShareholderToAggregator,Share,3360,2
2,4,4,ShareholderToAggregator,Share,3360,2
2,4,4,AggregatorBroadcast,SplitDecision,49120,614
2,4,4,ShareholderToAggregator,Share,3360,2
2,4,4,AggregatorBroadcast,SplitDecision,49120,614
2,4,4,ShareholderToAggregator,Share,3360,2
2,4,4,AggregatorBroadcast,SplitDecision,49120,614
2,4,4,ShareholderToAggregator,Share,3360,2
2,4,4,AggregatorBroadcast,SplitDecision,49120,614
2,4,4,ShareholderToAggregator,Share,3360,2
2,4,4,AggregatorBroadcast,SplitDecision,49120,614
2,4,4,ShareholderToAggregator,Share,3360,2
2,4,4,AggregatorBroadcast,SplitDecision,49120,614
2,4,4,ShareholderToAggregator,Share,3360,2
2,4,4,AggregatorBroadcast,SplitDecision,49120,614
2,4,4,ShareholderToAggregator,Share,3360,2
2,4,4,AggregatorBroadcast,SplitDecision,49120,614
2,4,4,ShareholderToAggregator,Share,3360,2
2,4,4,AggregatorBroadcast,SplitDecision,49120,614
2,4,5,ClientToShareholder,CommittedGradientShare,3197712,1842
2,4,5,ShareholderToAggregator,Share,3360,2
2,4,5,ShareholderToAggregator,Share,3360,2
2,4,5,ShareholderToAggregator,Share,3360,2
2,4,5,AggregatorBroadcast,SplitDecision,49120,614
2,4,5,ShareholderToAggregator,Share,3360,2
2,4,5,ShareholderToAggregator,Share,3360,2
2,4,5,ShareholderToAggregator,Share,3360,2
2,4,5,AggregatorBroadcast,SplitDecision,49120,614
2,4,5,ShareholderToAggregator,Share,3360,2
2,4,5,ShareholderToAggregator,Share,3360,2
2,4,5,AggregatorBroadcast,SplitDecision,49120,614
2,4,5,ShareholderToAggregator,Share,3360,2
2,4,5,AggregatorBroadcast,SplitDecision,49120,614
2,4,5,ShareholderToAggregator,Share,3360,2
2,4,5,AggregatorBroadcast,SplitDecision,49120,614
2,4,5,ShareholderToAggregator,Share,3360,2
2,4,5,ShareholderToAggregator,Share,3360,2
2,4,5,ShareholderToAggregator,Share,3360,2
2,4,5,AggregatorBroadcast,SplitDecision,49120,614
2,5,0,ClientToShareholder,CommittedGradientShare,3197712,1842
2,5,0,ShareholderToAggregator,Share,3360,2
2,5,0,AggregatorBroadcast,SplitDecision,49120,614
2,5,1,ClientToShareholder,CommittedGradientShare,3197712,1842
2,5,1,ShareholderToAggregator,Share,3360,2
2,5,1,AggregatorBroadcast,SplitDecision,49120,614
2,5,1,ShareholderToAggregator,Share,3360,2
2,5,1,AggregatorBroadcast,SplitDecision,49120,614
2,5,2,ClientToShareholder,CommittedGradientShare,3197712,1842
2,5,2,ShareholderToAggregator,Share,3360,2
2,5,2,AggregatorBroadcast,SplitDecision,49120,614
2,5,2,ShareholderToAggregator,Share,3360,2
2,5,2,AggregatorBroadcast,SplitDecision,49120,614
2,5,2,ShareholderToAggregator,Share,3360,2
2,5,2,AggregatorBroadcast,SplitDecision,49120,614
2,5,2,ShareholderToAggregator,Share,3360,2
2,5,2,AggregatorBroadcast,SplitDecision,49120,614
2,5,3,ClientToShareholder,CommittedGradientShare,3197712,1842
2,5,3,ShareholderToAggregator,Share,3360,2
2,5,3,AggregatorBroadcast,SplitDecision,49120,614
2,5,3,ShareholderToAggregator,Share,3360,2
2,5,3,AggregatorBroadcast,SplitDecision,49120,614
2,5,3,ShareholderToAggregator,Share,3360,2
2,5,3,AggregatorBroadcast,SplitDecision,49120,614
2,5,3,ShareholderToAggregator,Share,3360,2
2,5,3,AggregatorBroadcast,SplitDecision,49120,614
2,5,3,ShareholderToAggregator,Share,3360,2
2,5,3,AggregatorBroadcast,SplitDecision,49120,614
2,5,3,ShareholderToAggregator,Share,3360,2
2,5,3,AggregatorBroadcast,SplitDecision,49120,614
2,5,3,ShareholderToAggregator,Share,3360,2
2,5,3,AggregatorBroadcast,SplitDecision,49120,614
2,5,3,ShareholderToAggregator,Share,3360,2
2,5,3,AggregatorBroadcast,SplitDecision,49120,614
2,5,4,ClientToShareholder,CommittedGradientShare,3197712,1842
2,5,4,ShareholderToAggregator,Share,3360,2
2,5,4,AggregatorBroadcast,SplitDecision,49120,614
2,5,4,ShareholderToAggregator,Share,3360,2
2,5,4,AggregatorBroadcast,SplitDecision,49120,614
2,5,4,ShareholderToAggregator,Share,3360,2
2,5,4,AggregatorBroadcast,SplitDecision,49120,614
2,5,4,ShareholderToAggregator,Share,3360,2
2,5,4,ShareholderToAggregator,Share,3360,2
2,5,4,AggregatorBroadcast,SplitDecision,49120,614
2,5,4,ShareholderToAggregator,Share,3360,2
2,5,4,AggregatorBroadcast,SplitDecision,49120,614
2,5,4,ShareholderToAggregator,Share,3360,2
2,5,4,AggregatorBroadcast,SplitDecision,49120,614
2,5,4,ShareholderToAggregator,Share,3360,2
2,5,4,AggregatorBroadcast,SplitDecision,49120,614
2,5,4,ShareholderToAggregator,Share,3360,2
2,5,4,AggregatorBroadcast,SplitDecision,49120,614
2,5,4,ShareholderToAggregator,Share,3360,2
2,5,5,ClientToShareholder,CommittedGradientShare,3197712,1842
2,5,5,ShareholderToAggregator,Share,3360,2
2,5,5,ShareholderToAggregator,Share,3360,2
2,5,5,ShareholderToAggregator,Share,3360,2
2,5,5,ShareholderToAggregator,Share,3360,2
2,5,5,AggregatorBroadcast,SplitDecision,49120,614
2,5,5,ShareholderToAggregator,Share,3360,2
2,5,5,AggregatorBroadcast,SplitDecision,49120,614
2,5,5,ShareholderToAggregator,Share,3360,2
2,5,5,AggregatorBroadcast,SplitDecision,49120,614
2,5,5,ShareholderToAggregator,Share,3360,2
2,5,5,AggregatorBroadcast,SplitDecision,49120,614
2,5,5,ShareholderToAggregator,Share,3360,2
2,5,5,AggregatorBroadcast,SplitDecision,49120,614
2,5,5,ShareholderToAggregator,Share,3360,2
2,5,5,AggregatorBroadcast,SplitDecision,49120,614
2,5,5,ShareholderToAggregator,Share,3360,2
2,5,5,AggregatorBroadcast,SplitDecision,49120,614
2,5,5,ShareholderToAggregator,Share,3360,2
2,5,5,ShareholderToAggregator,Share,3360,2
2,5,5,ShareholderToAggregator,Share,3360,2
2,5,5,AggregatorBroadcast,SplitDecision,49120,614
2,6,0,ClientToShareholder,CommittedGradientShare,3197712,1842
2,6,0,ShareholderToAggregator,Share,3360,2
2,6,0,AggregatorBroadcast,SplitDecision,49120,614
2,6,1,ClientToShareholder,CommittedGradientShare,3197712,1842
2,6,1,ShareholderToAggregator,Share,3360,2
2,6,1,AggregatorBroadcast,SplitDecision,49120,614
2,6,1,ShareholderToAggregator,Share,3360,2
2,6,1,AggregatorBroadcast,SplitDecision,49120,614
2,6,2,ClientToShareholder,CommittedGradientShare,3197712,1842
2,6,2,ShareholderToAggregator,Share,3360,2
2,6,2,AggregatorBroadcast,SplitDecision,49120,614
2,6,2,ShareholderToAggregator,Share,3360,2
2,6,2,AggregatorBroadcast,SplitDecision,49120,614
2,6,2,ShareholderToAggregator,Share,3360,2
2,6,2,AggregatorBroadcast,SplitDecision,49120,614
2,6,2,ShareholderToAggregator,Share,3360,2
2,6,3,ClientToShareholder,CommittedGradientShare,3197712,1842
2,6,3,ShareholderToAggregator,Share,3360,2
2,6,3,ShareholderToAggregator,Share,3360,2
2,6,3,AggregatorBroadcast,SplitDecision,49120,614
2,6,3,ShareholderToAggregator,Share,3360,2
2,6,3,AggregatorBroadcast,SplitDecision,49120,614
2,6,3,ShareholderToAggregator,Share,3360,2
2,6,3,AggregatorBroadcast,SplitDecision,49120,614
2,6,3,ShareholderToAggregator,Share,3360,2
2,6,3,AggregatorBroadcast,SplitDecision,49120,614
2,6,3,ShareholderToAggregator,Share,3360,2
2,6,3,AggregatorBroadcast,SplitDecision,49120,614
2,6,3,ShareholderToAggregator,Share,3360,2
2,6,3,AggregatorBroadcast,SplitDecision,49120,614
2,6,4,ClientToShareholder,CommittedGradientShare,3197712,1842
2,6,4,ShareholderToAggregator,Share,3360,2
2,6,4,ShareholderToAggregator,Share,3360,2
2,6,4,ShareholderToAggregator,Share,3360,2
2,6,4,ShareholderToAggregator,Share,3360,2
2,6,4,AggregatorBroadcast,SplitDecision,49120,614
2,6,4,ShareholderToAggregator,Share,3360,2
2,6,4,AggregatorBroadcast,SplitDecision,49120,614
2,6,4,ShareholderToAggregator,Share,3360,2
2,6,4,AggregatorBroadcast,SplitDecision,49120,614
2,6,4,ShareholderToAggregator,Share,3360,2
2,6,4,AggregatorBroadcast,SplitDecision,49120,614
2,6,4,ShareholderToAggregator,Share,3360,2
2,6,4,AggregatorBroadcast,SplitDecision,49120,614
2,6,4,ShareholderToAggregator,Share,3360,2
2,6,4,AggregatorBroadcast,SplitDecision,49120,614
2,6,4,ShareholderToAggregator,Share,3360,2
2,6,4,AggregatorBroadcast,SplitDecision,49120,614
2,6,5,ClientToShareholder,CommittedGradientShare,3197712,1842
2,6,5,ShareholderToAggregator,Share,3360,2
2,6,5,ShareholderToAggregator,Share,3360,2
2,6,5,ShareholderToAggregator,Share,3360,2
2,6,5,ShareholderToAggregator,Share,3360,2
2,6,5,AggregatorBroadcast,SplitDecision,49120,614
2,6,5,ShareholderToAggregator,Share,3360,2
2,6,5,AggregatorBroadcast,SplitDecision,49120,614
2,6,5,ShareholderToAggregator,Share,3360,2
2,6,5,AggregatorBroadcast,SplitDecision,49120,614
2,6,5,ShareholderToAggregator,Share,3360,2
2,6,5,AggregatorBroadcast,SplitDecision,49120,614
2,6,5,ShareholderToAggregator,Share,3360,2
2,6,5,AggregatorBroadcast,SplitDecision,49120,614
2,6,5,ShareholderToAggregator,Share,3360,2
2,7,0,ClientToShareholder,CommittedGradientShare,3197712,1842
2,7,0,ShareholderToAggregator,Share,3360,2
2,7,0,AggregatorBroadcast,SplitDecision,49120,614
2,7,1,ClientToShareholder,CommittedGradientShare,3197712,1842
2,7,1,ShareholderToAggregator,Share,3360,2
2,7,1,AggregatorBroadcast,SplitDecision,49120,614
2,7,1,ShareholderToAggregator,Share,3360,2
2,7,1,AggregatorBroadcast,SplitDecision,49120,614
2,7,2,ClientToShareholder,CommittedGradientShare,3197712,1842
2,7,2,ShareholderToAggregator,Share,3360,2
2,7,2,AggregatorBroadcast,SplitDecision,49120,614
2,7,2,ShareholderToAggregator,Share,3360,2
2,7,2,AggregatorBroadcast,SplitDecision,49120,614
2,7,2,ShareholderToAggregator,Share,3360,2
2,7,2,AggregatorBroadcast,SplitDecision,49120,614
2,7,2,ShareholderToAggregator,Share,3360,2
2,7,2,AggregatorBroadcast,SplitDecision,49120,614
2,7,3,ClientToShareholder,CommittedGradientShare,3197712,1842
2,7,3,ShareholderToAggregator,Share,3360,2
2,7,3,AggregatorBroadcast,SplitDecision,49120,614
2,7,3,ShareholderToAggregator,Share,3360,2
2,7,3,AggregatorBroadcast,SplitDecision,49120,614
2,7,3,ShareholderToAggregator,Share,3360,2
2,7,3,AggregatorBroadcast,SplitDecision,49120,614
2,7,3,ShareholderToAggregator,Share,3360,2
2,7,3,AggregatorBroadcast,SplitDecision,49120,614
2,7,3,ShareholderToAggregator,Share,3360,2
2,7,3,AggregatorBroadcast,SplitDecision,49120,614
2,7,3,ShareholderToAggregator,Share,3360,2
2,7,3,AggregatorBroadcast,SplitDecision,49120,614
2,7,3,ShareholderToAggregator,Share,3360,2
2,7,3,AggregatorBroadcast,SplitDecision,49120,614
2,7,4,ClientToShareholder,CommittedGradientShare,3197712,1842
2,7,4,ShareholderToAggregator,Share,3360,2
2,7,4,ShareholderToAggregator,Share,3360,2
2,7,4,AggregatorBroadcast,SplitDecision,49120,614
2,7,4,ShareholderToAggregator,Share,3360,2
2,7,4,AggregatorBroadcast,SplitDecision,49120,614
2,7,4,ShareholderToAggregator,Share,3360,2
2,7,4,AggregatorBroadcast,SplitDecision,49120,614
2,7,4,ShareholderToAggregator,Share,3360,2
2,7,4,AggregatorBroadcast,SplitDecision,49120,614
2,7,4,ShareholderToAggregator,Share,3360,2
2,7,4,AggregatorBroadcast,SplitDecision,49120,614
2,7,4,ShareholderToAggregator,Share,3360,2
2,7,4,ShareholderToAggregator,Share,3360,2
2,7,4,AggregatorBroadcast,SplitDecision,49120,614
2,7,4,ShareholderToAggregator,Share,3360,2
2,7,4,AggregatorBroadcast,SplitDecision,49120,614
2,7,4,ShareholderToAggregator,Share,3360,2
2,7,4,AggregatorBroadcast,SplitDecision,49120,614
2,7,4,ShareholderToAggregator,Share,3360,2
2,7,4,AggregatorBroadcast,SplitDecision,49120,614
2,7,4,ShareholderToAggregator,Share,3360,2
2,7,4,AggregatorBroadcast,SplitDecision,49120,614
2,7,4,ShareholderToAggregator,Share,3360,2
2,7,4,AggregatorBroadcast,SplitDecision,49120,614
2,7,4,ShareholderToAggregator,Share,3360,2
2,7,4,AggregatorBroadcast,SplitDecision,49120,614
2,7,5,ClientToShareholder,CommittedGradientShare,3197712,1842
2,7,5,ShareholderToAggregator,Share,3360,2
2,7,5,ShareholderToAggregator,Share,3360,2
2,7,5,ShareholderToAggregator,Share,3360,2
2,7,5,ShareholderToAggregator,Share,3360,2
2,7,5,AggregatorBroadcast,SplitDecision,49120,614
2,7,5,ShareholderToAggregator,Share,3360,2
2,7,5,ShareholderToAggregator,Share,3360,2
2,7,5,AggregatorBroadcast,SplitDecision,49120,614
2,7,5,ShareholderToAggregator,Share,3360,2
2,7,5,ShareholderToAggregator,Share,3360,2
2,7,5,AggregatorBroadcast,SplitDecision,49120,614
2,7,5,ShareholderToAggregator,Share,3360,2
2,7,5,AggregatorBroadcast,SplitDecision,49120,614
2,7,5,ShareholderToAggregator,Share,3360,2
2,7,5,AggregatorBroadcast,SplitDecision,49120,614
2,7,5,ShareholderToAggregator,Share,3360,2
2,7,5,AggregatorBroadcast,SplitDecision,49120,614
2,7,5,ShareholderToAggregator,Share,3360,2
2,7,5,AggregatorBroadcast,SplitDecision,49120,614
2,7,5,ShareholderToAggregator,Share,3360,2
2,7,5,AggregatorBroadcast,SplitDecision,49120,614
2,7,5,ShareholderToAggregator,Share,3360,2
2,7,5,AggregatorBroadcast,SplitDecision,49120,614
2,7,5,ShareholderToAggregator,Share,3360,2
2,7,5,AggregatorBroadcast,SplitDecision,49120,614
2,7,5,ShareholderToAggregator,Share,3360,2
2,7,5,AggregatorBroadcast,SplitDecision,49120,614
2,7,5,ShareholderToAggregator,Share,3360,2
2,8,0,ClientToShareholder,CommittedGradientShare,3197712,1842
2,8,0,ShareholderToAggregator,Share,3360,2
2,8,0,AggregatorBroadcast,SplitDecision,49120,614
2,8,1,ClientToShareholder,CommittedGradientShare,3197712,1842
2,8,1,ShareholderToAggregator,Share,3360,2
2,8,1,AggregatorBroadcast,SplitDecision,49120,614
2,8,1,ShareholderToAggregator,Share,3360,2
2,8,1,AggregatorBroadcast,SplitDecision,49120,614
2,8,2,ClientToShareholder,CommittedGradientShare,3197712,1842
2,8,2,ShareholderToAggregator,Share,3360,2
2,8,2,AggregatorBroadcast,SplitDecision,49120,614
2,8,2,ShareholderToAggregator,Share,3360,2
2,8,2,AggregatorBroadcast,SplitDecision,49120,614
2,8,2,ShareholderToAggregator,Share,3360,2
2,8,2,AggregatorBroadcast,SplitDecision,49120,614
2,8,2,ShareholderToAggregator,Share,3360,2
2,8,2,AggregatorBroadcast,SplitDecision,49120,614
2,8,3,ClientToShareholder,CommittedGradientShare,3197712,1842
2,8,3,ShareholderToAggregator,Share,3360,2
2,8,3,AggregatorBroadcast,SplitDecision,49120,614
2,8,3,ShareholderToAggregator,Share,3360,2
2,8,3,AggregatorBroadcast,SplitDecision,49120,614
2,8,3,ShareholderToAggregator,Share,3360,2
2,8,3,AggregatorBroadcast,SplitDecision,49120,614
2,8,3,ShareholderToAggregator,Share,3360,2
2,8,3,AggregatorBroadcast,SplitDecision,49120,614
2,8,3,ShareholderToAggregator,Share,3360,2
2,8,3,AggregatorBroadcast,SplitDecision,49120,614
2,8,3,ShareholderToAggregator,Share,3360,2
2,8,3,AggregatorBroadcast,SplitDecision,49120,614
2,8,3,ShareholderToAggregator,Share,3360,2
2,8,3,AggregatorBroadcast,SplitDecision,49120,614
2,8,4,ClientToShareholder,CommittedGradientShare,3197712,1842
2,8,4,ShareholderToAggregator,Share,3360,2
2,8,4,ShareholderToAggregator,Share,3360,2
2,8,4,AggregatorBroadcast,SplitDecision,49120,614
2,8,4,ShareholderToAggregator,Share,3360,2
2,8,4,ShareholderToAggregator,Share,3360,2
2,8,4,AggregatorBroadcast,SplitDecision,49120,614
2,8,4,ShareholderToAggregator,Share,3360,2
2,8,4,AggregatorBroadcast,SplitDecision,49120,614
2,8,4,ShareholderToAggregator,Share,3360,2
2,8,4,AggregatorBroadcast,SplitDecision,49120,614
2,8,4,ShareholderToAggregator,Share,3360,2
2,8,4,AggregatorBroadcast,SplitDecision,49120,614
2,8,4,ShareholderToAggregator,Share,3360,2
2,8,4,AggregatorBroadcast,SplitDecision,49120,614
2,8,4,ShareholderToAggregator,Share,3360,2
2,8,4,AggregatorBroadcast,SplitDecision,49120,614
2,8,4,ShareholderToAggregator,Share,3360,2
2,8,4,AggregatorBroadcast,SplitDecision,49120,614
2,8,4,ShareholderToAggregator,Share,3360,2
2,8,4,ShareholderToAggregator,Share,3360,2
2,8,4,AggregatorBroadcast,SplitDecision,49120,614
2,8,5,ClientToShareholder,CommittedGradientShare,3197712,1842
2,8,5,ShareholderToAggregator,Share,3360,2
2,8,5,ShareholderToAggregator,Share,3360,2
2,8,5,ShareholderToAggregator,Share,3360,2
2,8,5,ShareholderToAggregator,Share,3360,2
2,8,5,AggregatorBroadcast,SplitDecision,49120,614
2,8,5,ShareholderToAggregator,Share,3360,2
2,8,5,AggregatorBroadcast,SplitDecision,49120,614
2,8,5,ShareholderToAggregator,Share,3360,2
2,8,5,AggregatorBroadcast,SplitDecision,49120,614
2,8,5,ShareholderToAggregator,Share,3360,2
2,8,5,ShareholderToAggregator,Share,3360,2
2,8,5,AggregatorBroadcast,SplitDecision,49120,614
2,8,5,ShareholderToAggregator,Share,3360,2
2,8,5,ShareholderToAggregator,Share,3360,2
2,8,5,AggregatorBroadcast,SplitDecision,49120,614
2,8,5,ShareholderToAggregator,Share,3360,2
2,8,5,AggregatorBroadcast,SplitDecision,49120,614
2,8,5,ShareholderToAggregator,Share,3360,2
2,8,5,AggregatorBroadcast,SplitDecision,49120,614
2,8,5,ShareholderToAggregator,Share,3360,2
2,9,0,ClientToShareholder,CommittedGradientShare,3197712,1842
2,9,0,ShareholderToAggregator,Share,3360,2
2,9,0,AggregatorBroadcast,SplitDecision,49120,614
2,9,1,ClientToShareholder,CommittedGradientShare,3197712,1842
2,9,1,ShareholderToAggregator,Share,3360,2
2,9,1,AggregatorBroadcast,SplitDecision,49120,614
2,9,1,ShareholderToAggregator,Share,3360,2
2,9,1,AggregatorBroadcast,SplitDecision,49120,614
2,9,2,ClientToShareholder,CommittedGradientShare,3197712,1842
2,9,2,ShareholderToAggregator,Share,3360,2
2,9,2,AggregatorBroadcast,SplitDecision,49120,614
2,9,2,ShareholderToAggregator,Share,3360,2
2,9,2,AggregatorBroadcast,SplitDecision,49120,614
2,9,2,ShareholderToAggregator,Share,3360,2
2,9,2,AggregatorBroadcast,SplitDecision,49120,614
2,9,2,ShareholderToAggregator,Share,3360,2
2,9,2,AggregatorBroadcast,SplitDecision,49120,614
2,9,3,ClientToShareholder,CommittedGradientShare,3197712,1842
2,9,3,ShareholderToAggregator,Share,3360,2
2,9,3,AggregatorBroadcast,SplitDecision,49120,614
2,9,3,ShareholderToAggregator,Share,3360,2
2,9,3,AggregatorBroadcast,SplitDecision,49120,614
2,9,3,ShareholderToAggregator,Share,3360,2
2,9,3,AggregatorBroadcast,SplitDecision,49120,614
2,9,3,ShareholderToAggregator,Share,3360,2
2,9,3,AggregatorBroadcast,SplitDecision,49120,614
2,9,3,ShareholderToAggregator,Share,3360,2
2,9,3,AggregatorBroadcast,SplitDecision,49120,614
2,9,3,ShareholderToAggregator,Share,3360,2
2,9,3,AggregatorBroadcast,SplitDecision,49120,614
2,9,3,ShareholderToAggregator,Share,3360,2
2,9,3,AggregatorBroadcast,SplitDecision,49120,614
2,9,4,ClientToShareholder,CommittedGradientShare,3197712,1842
2,9,4,ShareholderToAggregator,Share,3360,2
2,9,4,ShareholderToAggregator,Share,3360,2
2,9,4,AggregatorBroadcast,SplitDecision,49120,614
2,9,4,ShareholderToAggregator,Share,3360,2
2,9,4,ShareholderToAggregator,Share,3360,2
2,9,4,AggregatorBroadcast,SplitDecision,49120,614
2,9,4,ShareholderToAggregator,Share,3360,2
2,9,4,ShareholderToAggregator,Share,3360,2
2,9,4,AggregatorBroadcast,SplitDecision,49120,614
2,9,4,ShareholderToAggregator,Share,3360,2
2,9,4,AggregatorBroadcast,SplitDecision,49120,614
2,9,4,ShareholderToAggregator,Share,3360,2
2,9,4,AggregatorBroadcast,SplitDecision,49120,614
2,9,4,ShareholderToAggregator,Share,3360,2
2,9,4,AggregatorBroadcast,SplitDecision,49120,614
2,9,4,ShareholderToAggregator,Share,3360,2
2,9,4,AggregatorBroadcast,SplitDecision,49120,614
2,9,4,ShareholderToAggregator,Share,3360,2
2,9,4,AggregatorBroadcast,SplitDecision,49120,614
2,9,5,ClientToShareholder,CommittedGradientShare,3197712,1842
2,9,5,ShareholderToAggregator,Share,3360,2
2,9,5,ShareholderToAggregator,Share,3360,2
2,9,5,ShareholderToAggregator,Share,3360,2
2,9,5,ShareholderToAggregator,Share,3360,2
2,9,5,AggregatorBroadcast,SplitDecision,49120,614
2,9,5,ShareholderToAggregator,Share,3360,2
2,9,5,ShareholderToAggregator,Share,3360,2
2,9,5,AggregatorBroadcast,SplitDecision,49120,614
2,9,5,ShareholderToAggregator,Share,3360,2
2,9,5,AggregatorBroadcast,SplitDecision,49120,614
2,9,5,ShareholderToAggregator,Share,3360,2
2,9,5,AggregatorBroadcast,SplitDecision,49120,614
2,9,5,ShareholderToAggregator,Share,3360,2
2,9,5,AggregatorBroadcast,SplitDecision,49120,614
2,9,5,ShareholderToAggregator,Share,3360,2
2,9,5,AggregatorBroadcast,SplitDecision,49120,614
2,9,5,ShareholderToAggregator,Share,3360,2
2,9,5,AggregatorBroadcast,SplitDecision,49120,614
2,9,5,ShareholderToAggregator,Share,3360,2
2,9,5,AggregatorBroadcast,SplitDecision,49120,614
2,9,5,ShareholderToAggregator,Share,3360,2
2,9,5,ShareholderToAggregator,Share,3360,2
2,9,5,AggregatorBroadcast,SplitDecision,49120,614
2,10,0,ClientToShareholder,CommittedGradientShare,3197712,1842
2,10,0,ShareholderToAggregator,Share,3360,2
2,10,0,AggregatorBroadcast,SplitDecision,49120,614
2,10,1,ClientToShareholder,CommittedGradientShare,3197712,1842
2,10,1,ShareholderToAggregator,Share,3360,2
2,10,1,AggregatorBroadcast,SplitDecision,49120,614
2,10,1,ShareholderToAggregator,Share,3360,2
2,10,1,AggregatorBroadcast,SplitDecision,49120,614
2,10,2,ClientToShareholder,CommittedGradientShare,3197712,1842
2,10,2,ShareholderToAggregator,Share,3360,2
2,10,2,AggregatorBroadcast,SplitDecision,49120,614
2,10,2,ShareholderToAggregator,Share,3360,2
2,10,2,AggregatorBroadcast,SplitDecision,49120,614
2,10,2,ShareholderToAggregator,Share,3360,2
2,10,2,AggregatorBroadcast,SplitDecision,49120,614
2,10,2,ShareholderToAggregator,Share,3360,2
2,10,2,AggregatorBroadcast,SplitDecision,49120,614
2,10,3,ClientToShareholder,CommittedGradientShare,3197712,1842
2,10,3,ShareholderToAggregator,Share,3360,2
2,10,3,ShareholderToAggregator,Share,3360,2
2,10,3,ShareholderToAggregator,Share,3360,2
2,10,3,AggregatorBroadcast,SplitDecision,49120,614
2,10,3,ShareholderToAggregator,Share,3360,2
2,10,3,AggregatorBroadcast,SplitDecision,49120,614
2,10,3,ShareholderToAggregator,Share,3360,2
2,10,3,AggregatorBroadcast,SplitDecision,49120,614
2,10,3,ShareholderToAggregator,Share,3360,2
2,10,3,AggregatorBroadcast,SplitDecision,49120,614
2,10,3,ShareholderToAggregator,Share,3360,2
2,10,3,AggregatorBroadcast,SplitDecision,49120,614
2,10,3,ShareholderToAggregator,Share,3360,2
2,10,3,AggregatorBroadcast,SplitDecision,49120,614
2,10,4,ClientToShareholder,CommittedGradientShare,3197712,1842
2,10,4,ShareholderToAggregator,Share,3360,2
2,10,4,ShareholderToAggregator,Share,3360,2
2,10,4,ShareholderToAggregator,Share,3360,2
2,10,4,AggregatorBroadcast,SplitDecision,49120,614
2,10,4,ShareholderToAggregator,Share,3360,2
2,10,4,AggregatorBroadcast,SplitDecision,49120,614
2,10,4,ShareholderToAggregator,Share,3360,2
2,10,4,AggregatorBroadcast,SplitDecision,49120,614
2,10,4,ShareholderToAggregator,Share,3360,2
2,10,4,AggregatorBroadcast,SplitDecision,49120,614
2,10,4,ShareholderToAggregator,Share,3360,2
2,10,4,ShareholderToAggregator,Share,3360,2
2,10,4,AggregatorBroadcast,SplitDecision,49120,614
2,10,4,ShareholderToAggregator,Share,3360,2
2,10,4,AggregatorBroadcast,SplitDecision,49120,614
2,10,4,ShareholderToAggregator,Share,3360,2
2,10,4,AggregatorBroadcast,SplitDecision,49120,614
2,10,4,ShareholderToAggregator,Share,3360,2
2,10,4,AggregatorBroadcast,SplitDecision,49120,614
2,10,4,ShareholderToAggregator,Share,3360,2
2,10,4,AggregatorBroadcast,SplitDecision,49120,614
2,10,4,ShareholderToAggregator,Share,3360,2
2,10,4,AggregatorBroadcast,SplitDecision,49120,614
2,10,5,ClientToShareholder,CommittedGradientShare,3197712,1842
2,10,5,ShareholderToAggregator,Share,3360,2
2,10,5,ShareholderToAggregator,Share,3360,2
2,10,5,ShareholderToAggregator,Share,3360,2
2,10,5,ShareholderToAggregator,Share,3360,2
2,10,5,ShareholderToAggregator,Share,3360,2
2,10,5,AggregatorBroadcast,SplitDecision,49120,614
2,10,5,ShareholderToAggregator,Share,3360,2
2,10,5,AggregatorBroadcast,SplitDecision,49120,614
2,10,5,ShareholderToAggregator,Share,3360,2
2,10,5,AggregatorBroadcast,SplitDecision,49120,614
2,10,5,ShareholderToAggregator,Share,3360,2
2,10,5,AggregatorBroadcast,SplitDecision,49120,614
2,10,5,ShareholderToAggregator,Share,3360,2
2,10,5,AggregatorBroadcast,SplitDecision,49120,614
2,10,5,ShareholderToAggregator,Share,3360,2
2,10,5,AggregatorBroadcast,SplitDecision,49120,614
2,10,5,ShareholderToAggregator,Share,3360,2
2,10,5,ShareholderToAggregator,Share,3360,2
2,10,5,AggregatorBroadcast,SplitDecision,49120,614
2,10,5,ShareholderToAggregator,Share,3360,2
2,10,5,AggregatorBroadcast,SplitDecision,49120,614
2,10,5,ShareholderToAggregator,Share,3360,2
2,10,5,AggregatorBroadcast,SplitDecision,49120,614
2,10,5,ShareholderToAggregator,Share,3360,2
2,10,5,AggregatorBroadcast,SplitDecision,49120,614
2,10,5,ShareholderToAggregator,Share,3360,2
2,10,5,ShareholderToAggregator,Share,3360,2
2,10,5,ShareholderToAggregator,Share,3360,2
2,10,5,AggregatorBroadcast,SplitDecision,49120,614
2,11,0,ClientToShareholder,CommittedGradientShare,3197712,1842
2,11,0,ShareholderToAggregator,Share,3360,2
2,11,0,AggregatorBroadcast,SplitDecision,49120,614
2,11,1,ClientToShareholder,CommittedGradientShare,3197712,1842
2,11,1,ShareholderToAggregator,Share,3360,2
2,11,1,AggregatorBroadcast,SplitDecision,49120,614
2,11,1,ShareholderToAggregator,Share,3360,2
2,11,1,AggregatorBroadcast,SplitDecision,49120,614
2,11,2,ClientToShareholder,CommittedGradientShare,3197712,1842
2,11,2,ShareholderToAggregator,Share,3360,2
2,11,2,AggregatorBroadcast,SplitDecision,49120,614
2,11,2,ShareholderToAggregator,Share,3360,2
2,11,2,AggregatorBroadcast,SplitDecision,49120,614
2,11,2,ShareholderToAggregator,Share,3360,2
2,11,2,AggregatorBroadcast,SplitDecision,49120,614
2,11,2,ShareholderToAggregator,Share,3360,2
2,11,2,AggregatorBroadcast,SplitDecision,49120,614
2,11,3,ClientToShareholder,CommittedGradientShare,3197712,1842
2,11,3,ShareholderToAggregator,Share,3360,2
2,11,3,AggregatorBroadcast,SplitDecision,49120,614
2,11,3,ShareholderToAggregator,Share,3360,2
2,11,3,AggregatorBroadcast,SplitDecision,49120,614
2,11,3,ShareholderToAggregator,Share,3360,2
2,11,3,AggregatorBroadcast,SplitDecision,49120,614
2,11,3,ShareholderToAggregator,Share,3360,2
2,11,3,AggregatorBroadcast,SplitDecision,49120,614
2,11,3,ShareholderToAggregator,Share,3360,2
2,11,3,AggregatorBroadcast,SplitDecision,49120,614
2,11,3,ShareholderToAggregator,Share,3360,2
2,11,3,AggregatorBroadcast,SplitDecision,49120,614
2,11,3,ShareholderToAggregator,Share,3360,2
2,11,3,AggregatorBroadcast,SplitDecision,49120,614
2,11,3,ShareholderToAggregator,Share,3360,2
2,11,3,AggregatorBroadcast,SplitDecision,49120,614
2,11,4,ClientToShareholder,CommittedGradientShare,3197712,1842
2,11,4,ShareholderToAggregator,Share,3360,2
2,11,4,ShareholderToAggregator,Share,3360,2
2,11,4,ShareholderToAggregator,Share,3360,2
2,11,4,ShareholderToAggregator,Share,3360,2
2,11,4,ShareholderToAggregator,Share,3360,2
2,11,4,AggregatorBroadcast,SplitDecision,49120,614
2,11,4,ShareholderToAggregator,Share,3360,2
2,11,4,ShareholderToAggregator,Share,3360,2
2,11,4,AggregatorBroadcast,SplitDecision,49120,614
2,11,4,ShareholderToAggregator,Share,3360,2
2,11,4,AggregatorBroadcast,SplitDecision,49120,614
2,11,4,ShareholderToAggregator,Share,3360,2
2,11,4,AggregatorBroadcast,SplitDecision,49120,614
2,11,4,ShareholderToAggregator,Share,3360,2
2,11,4,AggregatorBroadcast,SplitDecision,49120,614
2,11,4,ShareholderToAggregator,Share,3360,2
2,11,4,AggregatorBroadcast,SplitDecision,49120,614
2,11,4,ShareholderToAggregator,Share,3360,2
2,11,4,ShareholderToAggregator,Share,3360,2
2,11,5,ClientToShareholder,CommittedGradientShare,3197712,1842
2,11,5,ShareholderToAggregator,Share,3360,2
2,11,5,ShareholderToAggregator,Share,3360,2
2,11,5,ShareholderToAggregator,Share,3360,2
2,11,5,ShareholderToAggregator,Share,3360,2
2,11,5,ShareholderToAggregator,Share,3360,2
2,11,5,ShareholderToAggregator,Share,3360,2
2,11,5,ShareholderToAggregator,Share,3360,2
2,11,5,ShareholderToAggregator,Share,3360,2
2,11,5,AggregatorBroadcast,SplitDecision,49120,614
2,11,5,ShareholderToAggregator,Share,3360,2
2,11,5,ShareholderToAggregator,Share,3360,2
2,11,5,AggregatorBroadcast,SplitDecision,49120,614
2,11,5,ShareholderToAggregator,Share,3360,2
2,11,5,AggregatorBroadcast,SplitDecision,49120,614
2,11,5,ShareholderToAggregator,Share,3360,2
2,11,5,AggregatorBroadcast,SplitDecision,49120,614
2,11,5,ShareholderToAggregator,Share,3360,2
2,11,5,AggregatorBroadcast,SplitDecision,49120,614
2,12,0,ClientToShareholder,CommittedGradientShare,3197712,1842
2,12,0,ShareholderToAggregator,Share,3360,2
2,12,0,AggregatorBroadcast,SplitDecision,49120,614
2,12,1,ClientToShareholder,CommittedGradientShare,3197712,1842
2,12,1,ShareholderToAggregator,Share,3360,2
2,12,1,AggregatorBroadcast,SplitDecision,49120,614
2,12,1,ShareholderToAggregator,Share,3360,2
2,12,1,AggregatorBroadcast,SplitDecision,49120,614
2,12,2,ClientToShareholder,CommittedGradientShare,3197712,1842
2,12,2,ShareholderToAggregator,Share,3360,2
2,12,2,AggregatorBroadcast,SplitDecision,49120,614
2,12,2,ShareholderToAggregator,Share,3360,2
2,12,2,AggregatorBroadcast,SplitDecision,49120,614
2,12,2,ShareholderToAggregator,Share,3360,2
2,12,2,AggregatorBroadcast,SplitDecision,49120,614
2,12,2,ShareholderToAggregator,Share,3360,2
2,12,2,AggregatorBroadcast,SplitDecision,49120,614
2,12,3,ClientToShareholder,CommittedGradientShare,3197712,1842
2,12,3,ShareholderToAggregator,Share,3360,2
2,12,3,ShareholderToAggregator,Share,3360,2
2,12,3,ShareholderToAggregator,Share,3360,2
2,12,3,AggregatorBroadcast,SplitDecision,49120,614
2,12,3,ShareholderToAggregator,Share,3360,2
2,12,3,AggregatorBroadcast,SplitDecision,49120,614
2,12,3,ShareholderToAggregator,Share,3360,2
2,12,3,AggregatorBroadcast,SplitDecision,49120,614
2,12,3,ShareholderToAggregator,Share,3360,2
2,12,3,AggregatorBroadcast,SplitDecision,49120,614
2,12,3,ShareholderToAggregator,Share,3360,2
2,12,3,AggregatorBroadcast,SplitDecision,49120,614
2,12,3,ShareholderToAggregator,Share,3360,2
2,12,3,AggregatorBroadcast,SplitDecision,49120,614
2,12,4,ClientToShareholder,CommittedGradientShare,3197712,1842
2,12,4,ShareholderToAggregator,Share,3360,2
2,12,4,ShareholderToAggregator,Share,3360,2
2,12,4,ShareholderToAggregator,Share,3360,2
2,12,4,AggregatorBroadcast,SplitDecision,49120,614
2,12,4,ShareholderToAggregator,Share,3360,2
2,12,4,AggregatorBroadcast,SplitDecision,49120,614
2,12,4,ShareholderToAggregator,Share,3360,2
2,12,4,AggregatorBroadcast,SplitDecision,49120,614
2,12,4,ShareholderToAggregator,Share,3360,2
2,12,4,AggregatorBroadcast,SplitDecision,49120,614
2,12,4,ShareholderToAggregator,Share,3360,2
2,12,4,ShareholderToAggregator,Share,3360,2
2,12,4,AggregatorBroadcast,SplitDecision,49120,614
2,12,4,ShareholderToAggregator,Share,3360,2
2,12,4,AggregatorBroadcast,SplitDecision,49120,614
2,12,4,ShareholderToAggregator,Share,3360,2
2,12,4,AggregatorBroadcast,SplitDecision,49120,614
2,12,4,ShareholderToAggregator,Share,3360,2
2,12,4,AggregatorBroadcast,SplitDecision,49120,614
2,12,5,ClientToShareholder,CommittedGradientShare,3197712,1842
2,12,5,ShareholderToAggregator,Share,3360,2
2,12,5,ShareholderToAggregator,Share,3360,2
2,12,5,ShareholderToAggregator,Share,3360,2
2,12,5,ShareholderToAggregator,Share,3360,2
2,12,5,ShareholderToAggregator,Share,3360,2
2,12,5,AggregatorBroadcast,SplitDecision,49120,614
2,12,5,ShareholderToAggregator,Share,3360,2
2,12,5,AggregatorBroadcast,SplitDecision,49120,614
2,12,5,ShareholderToAggregator,Share,3360,2
2,12,5,AggregatorBroadcast,SplitDecision,49120,614
2,12,5,ShareholderToAggregator,Share,3360,2
2,12,5,AggregatorBroadcast,SplitDecision,49120,614
2,12,5,ShareholderToAggregator,Share,3360,2
2,12,5,AggregatorBroadcast,SplitDecision,49120,614
2,12,5,ShareholderToAggregator,Share,3360,2
2,12,5,AggregatorBroadcast,SplitDecision,49120,614
2,12,5,ShareholderToAggregator,Share,3360,2
2,12,5,AggregatorBroadcast,SplitDecision,49120,614
2,12,5,ShareholderToAggregator,Share,3360,2
2,12,5,AggregatorBroadcast,SplitDecision,49120,614
2,12,5,ShareholderToAggregator,Share,3360,2
2,12,5,ShareholderToAggregator,Share,3360,2
2,12,5,AggregatorBroadcast,SplitDecision,49120,614
2,12,5,ShareholderToAggregator,Share,3360,2
2,12,5,AggregatorBroadcast,SplitDecision,49120,614
2,13,0,ClientToShareholder,CommittedGradientShare,3197712,1842
2,13,0,ShareholderToAggregator,Share,3360,2
2,13,0,AggregatorBroadcast,SplitDecision,49120,614
2,13,1,ClientToShareholder,CommittedGradientShare,3197712,1842
2,13,1,ShareholderToAggregator,Share,3360,2
2,13,1,AggregatorBroadcast,SplitDecision,49120,614
2,13,1,ShareholderToAggregator,Share,3360,2
2,13,1,AggregatorBroadcast,SplitDecision,49120,614
2,13,2,ClientToShareholder,CommittedGradientShare,3197712,1842
2,13,2,ShareholderToAggregator,Share,3360,2
2,13,2,AggregatorBroadcast,SplitDecision,49120,614
2,13,2,ShareholderToAggregator,Share,3360,2
2,13,2,AggregatorBroadcast,SplitDecision,49120,614
2,13,2,ShareholderToAggregator,Share,3360,2
2,13,2,AggregatorBroadcast,SplitDecision,49120,614
2,13,2,ShareholderToAggregator,Share,3360,2
2,13,2,AggregatorBroadcast,SplitDecision,49120,614
2,13,3,ClientToShareholder,CommittedGradientShare,3197712,1842
2,13,3,ShareholderToAggregator,Share,3360,2
2,13,3,ShareholderToAggregator,Share,3360,2
2,13,3,AggregatorBroadcast,SplitDecision,49120,614
2,13,3,ShareholderToAggregator,Share,3360,2
2,13,3,AggregatorBroadcast,SplitDecision,49120,614
2,13,3,ShareholderToAggregator,Share,3360,2
2,13,3,AggregatorBroadcast,SplitDecision,49120,614
2,13,3,ShareholderToAggregator,Share,3360,2
2,13,3,AggregatorBroadcast,SplitDecision,49120,614
2,13,3,ShareholderToAggregator,Share,3360,2
2,13,3,AggregatorBroadcast,SplitDecision,49120,614
2,13,3,ShareholderToAggregator,Share,3360,2
2,13,3,AggregatorBroadcast,SplitDecision,49120,614
2,13,3,ShareholderToAggregator,Share,3360,2
2,13,3,AggregatorBroadcast,SplitDecision,49120,614
2,13,4,ClientToShareholder,CommittedGradientShare,3197712,1842
2,13,4,ShareholderToAggregator,Share,3360,2
2,13,4,ShareholderToAggregator,Share,3360,2
2,13,4,ShareholderToAggregator,Share,3360,2
2,13,4,AggregatorBroadcast,SplitDecision,49120,614
2,13,4,ShareholderToAggregator,Share,3360,2
2,13,4,AggregatorBroadcast,SplitDecision,49120,614
2,13,4,ShareholderToAggregator,Share,3360,2
2,13,4,AggregatorBroadcast,SplitDecision,49120,614
2,13,4,ShareholderToAggregator,Share,3360,2
2,13,4,AggregatorBroadcast,SplitDecision,49120,614
2,13,4,ShareholderToAggregator,Share,3360,2
2,13,4,AggregatorBroadcast,SplitDecision,49120,614
2,13,4,ShareholderToAggregator,Share,3360,2
2,13,4,AggregatorBroadcast,SplitDecision,49120,614
2,13,4,ShareholderToAggregator,Share,3360,2
2,13,4,AggregatorBroadcast,SplitDecision,49120,614
2,13,4,ShareholderToAggregator,Share,3360,2
2,13,4,AggregatorBroadcast,SplitDecision,49120,614
2,13,4,ShareholderToAggregator,Share,3360,2
2,13,4,AggregatorBroadcast,SplitDecision,49120,614
2,13,4,ShareholderToAggregator,Share,3360,2
2,13,5,ClientToShareholder,CommittedGradientShare,3197712,1842
2,13,5,ShareholderToAggregator,Share,3360,2
2,13,5,ShareholderToAggregator,Share,3360,2
2,13,5,ShareholderToAggregator,Share,3360,2
2,13,5,ShareholderToAggregator,Share,3360,2
2,13,5,ShareholderToAggregator,Share,3360,2
2,13,5,AggregatorBroadcast,SplitDecision,49120,614
2,13,5,ShareholderToAggregator,Share,3360,2
2,13,5,AggregatorBroadcast,SplitDecision,49120,614
2,13,5,ShareholderToAggregator,Share,3360,2
2,13,5,AggregatorBroadcast,SplitDecision,49120,614
2,13,5,ShareholderToAggregator,Share,3360,2
2,13,5,AggregatorBroadcast,SplitDecision,49120,614
2,13,5,ShareholderToAggregator,Share,3360,2
2,13,5,AggregatorBroadcast,SplitDecision,49120,614
2,13,5,ShareholderToAggregator,Share,3360,2
2,13,5,ShareholderToAggregator,Share,3360,2
2,13,5,AggregatorBroadcast,SplitDecision,49120,614
2,13,5,ShareholderToAggregator,Share,3360,2
2,13,5,AggregatorBroadcast,SplitDecision,49120,614
2,14,0,ClientToShareholder,CommittedGradientShare,3197712,1842
2,14,0,ShareholderToAggregator,Share,3360,2
2,14,0,AggregatorBroadcast,SplitDecision,49120,614
2,14,1,ClientToShareholder,CommittedGradientShare,3197712,1842
2,14,1,ShareholderToAggregator,Share,3360,2
2,14,1,AggregatorBroadcast,SplitDecision,49120,614
2,14,1,ShareholderToAggregator,Share,3360,2
2,14,1,AggregatorBroadcast,SplitDecision,49120,614
2,14,2,ClientToShareholder,CommittedGradientShare,3197712,1842
2,14,2,ShareholderToAggregator,Share,3360,2
2,14,2,AggregatorBroadcast,SplitDecision,49120,614
2,14,2,ShareholderToAggregator,Share,3360,2
2,14,2,AggregatorBroadcast,SplitDecision,49120,614
2,14,2,ShareholderToAggregator,Share,3360,2
2,14,2,AggregatorBroadcast,SplitDecision,49120,614
2,14,2,ShareholderToAggregator,Share,3360,2
2,14,2,AggregatorBroadcast,SplitDecision,49120,614
2,14,3,ClientToShareholder,CommittedGradientShare,3197712,1842
2,14,3,ShareholderToAggregator,Share,3360,2
2,14,3,ShareholderToAggregator,Share,3360,2
2,14,3,AggregatorBroadcast,SplitDecision,49120,614
2,14,3,ShareholderToAggregator,Share,3360,2
2,14,3,AggregatorBroadcast,SplitDecision,49120,614
2,14,3,ShareholderToAggregator,Share,3360,2
2,14,3,AggregatorBroadcast,SplitDecision,49120,614
2,14,3,ShareholderToAggregator,Share,3360,2
2,14,3,AggregatorBroadcast,SplitDecision,49120,614
2,14,3,ShareholderToAggregator,Share,3360,2
2,14,3,AggregatorBroadcast,SplitDecision,49120,614
2,14,3,ShareholderToAggregator,Share,3360,2
2,14,3,AggregatorBroadcast,SplitDecision,49120,614
2,14,3,ShareholderToAggregator,Share,3360,2
2,14,4,ClientToShareholder,CommittedGradientShare,3197712,1842
2,14,4,ShareholderToAggregator,Share,3360,2
2,14,4,ShareholderToAggregator,Share,3360,2
2,14,4,ShareholderToAggregator,Share,3360,2
2,14,4,AggregatorBroadcast,SplitDecision,49120,614
2,14,4,ShareholderToAggregator,Share,3360,2
2,14,4,AggregatorBroadcast,SplitDecision,49120,614
2,14,4,ShareholderToAggregator,Share,3360,2
2,14,4,AggregatorBroadcast,SplitDecision,49120,614
2,14,4,ShareholderToAggregator,Share,3360,2
2,14,4,ShareholderToAggregator,Share,3360,2
2,14,4,ShareholderToAggregator,Share,3360,2
2,14,4,AggregatorBroadcast,SplitDecision,49120,614
2,14,4,ShareholderToAggregator,Share,3360,2
2,14,4,AggregatorBroadcast,SplitDecision,49120,614
2,14,4,ShareholderToAggregator,Share,3360,2
2,14,4,AggregatorBroadcast,SplitDecision,49120,614
2,14,4,ShareholderToAggregator,Share,3360,2
2,14,4,AggregatorBroadcast,SplitDecision,49120,614
2,14,4,ShareholderToAggregator,Share,3360,2
2,14,4,AggregatorBroadcast,SplitDecision,49120,614
2,14,5,ClientToShareholder,CommittedGradientShare,3197712,1842
2,14,5,ShareholderToAggregator,Share,3360,2
2,14,5,ShareholderToAggregator,Share,3360,2
2,14,5,ShareholderToAggregator,Share,3360,2
2,14,5,ShareholderToAggregator,Share,3360,2
2,14,5,ShareholderToAggregator,Share,3360,2
2,14,5,ShareholderToAggregator,Share,3360,2
2,14,5,ShareholderToAggregator,Share,3360,2
2,14,5,AggregatorBroadcast,SplitDecision,49120,614
2,14,5,ShareholderToAggregator,Share,3360,2
2,14,5,AggregatorBroadcast,SplitDecision,49120,614
2,14,5,ShareholderToAggregator,Share,3360,2
2,14,5,AggregatorBroadcast,SplitDecision,49120,614
2,14,5,ShareholderToAggregator,Share,3360,2
2,14,5,AggregatorBroadcast,SplitDecision,49120,614
2,14,5,ShareholderToAggregator,Share,3360,2
2,14,5,ShareholderToAggregator,Share,3360,2
2,14,5,AggregatorBroadcast,SplitDecision,49120,614
2,14,5,ShareholderToAggregator,Share,3360,2
2,14,5,AggregatorBroadcast,SplitDecision,49120,614
2,14,5,ShareholderToAggregator,Share,3360,2
2,14,5,AggregatorBroadcast,SplitDecision,49120,614
2,14,5,ShareholderToAggregator,Share,3360,2
2,14,5,AggregatorBroadcast,SplitDecision,49120,614
2,14,5,ShareholderToAggregator,Share,3360,2
3,0,0,ClientToShareholder,CommittedStatsShare,353664,1842
3,0,0,ShareholderToAggregator,Share,320,2
3,0,0,AggregatorBroadcast,BinConfiguration,73680,614
3,0,0,AggregatorBroadcast,BinConfiguration,73680,614
3,0,0,AggregatorBroadcast,BinConfiguration,73680,614
3,0,0,AggregatorBroadcast,BinConfiguration,73680,614
3,0,0,AggregatorBroadcast,BinConfiguration,73680,614
3,0,0,AggregatorBroadcast,BinConfiguration,73680,614
3,0,0,AggregatorBroadcast,BinConfiguration,73680,614
3,0,0,AggregatorBroadcast,BinConfiguration,73680,614
3,0,0,ClientToShareholder,CommittedGradientShare,3197712,1842
3,0,0,ShareholderToAggregator,Share,3360,2
3,0,0,AggregatorBroadcast,SplitDecision,49120,614
3,0,1,ClientToShareholder,CommittedGradientShare,3197712,1842
3,0,1,ShareholderToAggregator,Share,3360,2
3,0,1,AggregatorBroadcast,SplitDecision,49120,614
3,0,1,ShareholderToAggregator,Share,3360,2
3,0,1,AggregatorBroadcast,SplitDecision,49120,614
3,0,2,ClientToShareholder,CommittedGradientShare,3197712,1842
3,0,2,ShareholderToAggregator,Share,3360,2
3,0,2,AggregatorBroadcast,SplitDecision,49120,614
3,0,2,ShareholderToAggregator,Share,3360,2
3,0,2,AggregatorBroadcast,SplitDecision,49120,614
3,0,2,ShareholderToAggregator,Share,3360,2
3,0,2,AggregatorBroadcast,SplitDecision,49120,614
3,0,2,ShareholderToAggregator,Share,3360,2
3,0,2,AggregatorBroadcast,SplitDecision,49120,614
3,0,3,ClientToShareholder,CommittedGradientShare,3197712,1842
3,0,3,ShareholderToAggregator,Share,3360,2
3,0,3,AggregatorBroadcast,SplitDecision,49120,614
3,0,3,ShareholderToAggregator,Share,3360,2
3,0,3,AggregatorBroadcast,SplitDecision,49120,614
3,0,3,ShareholderToAggregator,Share,3360,2
3,0,3,AggregatorBroadcast,SplitDecision,49120,614
3,0,3,ShareholderToAggregator,Share,3360,2
3,0,3,AggregatorBroadcast,SplitDecision,49120,614
3,0,3,ShareholderToAggregator,Share,3360,2
3,0,3,AggregatorBroadcast,SplitDecision,49120,614
3,0,3,ShareholderToAggregator,Share,3360,2
3,0,3,AggregatorBroadcast,SplitDecision,49120,614
3,0,3,ShareholderToAggregator,Share,3360,2
3,0,3,AggregatorBroadcast,SplitDecision,49120,614
3,0,3,ShareholderToAggregator,Share,3360,2
3,0,4,ClientToShareholder,CommittedGradientShare,3197712,1842
3,0,4,ShareholderToAggregator,Share,3360,2
3,0,4,ShareholderToAggregator,Share,3360,2
3,0,4,AggregatorBroadcast,SplitDecision,49120,614
3,0,4,ShareholderToAggregator,Share,3360,2
3,0,4,AggregatorBroadcast,SplitDecision,49120,614
3,0,4,ShareholderToAggregator,Share,3360,2
3,0,4,ShareholderToAggregator,Share,3360,2
3,0,4,AggregatorBroadcast,SplitDecision,49120,614
3,0,4,ShareholderToAggregator,Share,3360,2
3,0,4,AggregatorBroadcast,SplitDecision,49120,614
3,0,4,ShareholderToAggregator,Share,3360,2
3,0,4,AggregatorBroadcast,SplitDecision,49120,614
3,0,4,ShareholderToAggregator,Share,3360,2
3,0,4,AggregatorBroadcast,SplitDecision,49120,614
3,0,5,ClientToShareholder,CommittedGradientShare,3197712,1842
3,0,5,ShareholderToAggregator,Share,3360,2
3,0,5,ShareholderToAggregator,Share,3360,2
3,0,5,ShareholderToAggregator,Share,3360,2
3,0,5,AggregatorBroadcast,SplitDecision,49120,614
3,0,5,ShareholderToAggregator,Share,3360,2
3,0,5,AggregatorBroadcast,SplitDecision,49120,614
3,0,5,ShareholderToAggregator,Share,3360,2
3,0,5,AggregatorBroadcast,SplitDecision,49120,614
3,0,5,ShareholderToAggregator,Share,3360,2
3,0,5,AggregatorBroadcast,SplitDecision,49120,614
3,0,5,ShareholderToAggregator,Share,3360,2
3,0,5,AggregatorBroadcast,SplitDecision,49120,614
3,0,5,ShareholderToAggregator,Share,3360,2
3,0,5,AggregatorBroadcast,SplitDecision,49120,614
3,0,5,ShareholderToAggregator,Share,3360,2
3,1,0,ClientToShareholder,CommittedGradientShare,3197712,1842
3,1,0,ShareholderToAggregator,Share,3360,2
3,1,0,AggregatorBroadcast,SplitDecision,49120,614
3,1,1,ClientToShareholder,CommittedGradientShare,3197712,1842
3,1,1,ShareholderToAggregator,Share,3360,2
3,1,1,AggregatorBroadcast,SplitDecision,49120,614
3,1,1,ShareholderToAggregator,Share,3360,2
3,1,1,AggregatorBroadcast,SplitDecision,49120,614
3,1,2,ClientToShareholder,CommittedGradientShare,3197712,1842
3,1,2,ShareholderToAggregator,Share,3360,2
3,1,2,AggregatorBroadcast,SplitDecision,49120,614
3,1,2,ShareholderToAggregator,Share,3360,2
3,1,2,AggregatorBroadcast,SplitDecision,49120,614
3,1,2,ShareholderToAggregator,Share,3360,2
3,1,2,AggregatorBroadcast,SplitDecision,49120,614
3,1,2,ShareholderToAggregator,Share,3360,2
3,1,3,ClientToShareholder,CommittedGradientShare,3197712,1842
3,1,3,ShareholderToAggregator,Share,3360,2
3,1,3,ShareholderToAggregator,Share,3360,2
3,1,3,AggregatorBroadcast,SplitDecision,49120,614
3,1,3,ShareholderToAggregator,Share,3360,2
3,1,3,AggregatorBroadcast,SplitDecision,49120,614
3,1,3,ShareholderToAggregator,Share,3360,2
3,1,3,AggregatorBroadcast,SplitDecision,49120,614
3,1,3,ShareholderToAggregator,Share,3360,2
3,1,3,AggregatorBroadcast,SplitDecision,49120,614
3,1,3,ShareholderToAggregator,Share,3360,2
3,1,3,AggregatorBroadcast,SplitDecision,49120,614
3,1,3,ShareholderToAggregator,Share,3360,2
3,1,3,AggregatorBroadcast,SplitDecision,49120,614
3,1,4,ClientToShareholder,CommittedGradientShare,3197712,1842
3,1,4,ShareholderToAggregator,Share,3360,2
3,1,4,ShareholderToAggregator,Share,3360,2
3,1,4,ShareholderToAggregator,Share,3360,2
3,1,4,AggregatorBroadcast,SplitDecision,49120,614
3,1,4,ShareholderToAggregator,Share,3360,2
3,1,4,AggregatorBroadcast,SplitDecision,49120,614
3,1,4,ShareholderToAggregator,Share,3360,2
3,1,4,AggregatorBroadcast,SplitDecision,49120,614
3,1,4,ShareholderToAggregator,Share,3360,2
3,1,4,AggregatorBroadcast,SplitDecision,49120,614
3,1,4,ShareholderToAggregator,Share,3360,2
3,1,4,ShareholderToAggregator,Share,3360,2
3,1,4,AggregatorBroadcast,SplitDecision,49120,614
3,1,4,ShareholderToAggregator,Share,3360,2
3,1,4,AggregatorBroadcast,SplitDecision,49120,614
3,1,4,ShareholderToAggregator,Share,3360,2
3,1,4,AggregatorBroadcast,SplitDecision,49120,614
3,1,5,ClientToShareholder,CommittedGradientShare,3197712,1842
3,1,5,ShareholderToAggregator,Share,3360,2
3,1,5,ShareholderToAggregator,Share,3360,2
3,1,5,ShareholderToAggregator,Share,3360,2
3,1,5,ShareholderToAggregator,Share,3360,2
3,1,5,AggregatorBroadcast,SplitDecision,49120,614
3,1,5,ShareholderToAggregator,Share,3360,2
3,1,5,AggregatorBroadcast,SplitDecision,49120,614
3,1,5,ShareholderToAggregator,Share,3360,2
3,1,5,AggregatorBroadcast,SplitDecision,49120,614
3,1,5,ShareholderToAggregator,Share,3360,2
3,1,5,AggregatorBroadcast,SplitDecision,49120,614
3,1,5,ShareholderToAggregator,Share,3360,2
3,1,5,AggregatorBroadcast,SplitDecision,49120,614
3,1,5,ShareholderToAggregator,Share,3360,2
3,1,5,AggregatorBroadcast,SplitDecision,49120,614
3,1,5,ShareholderToAggregator,Share,3360,2
3,1,5,AggregatorBroadcast,SplitDecision,49120,614
3,1,5,ShareholderToAggregator,Share,3360,2
3,1,5,AggregatorBroadcast,SplitDecision,49120,614
3,1,5,ShareholderToAggregator,Share,3360,2
3,1,5,AggregatorBroadcast,SplitDecision,49120,614
3,1,5,ShareholderToAggregator,Share,3360,2
3,1,5,AggregatorBroadcast,SplitDecision,49120,614
3,1,5,ShareholderToAggregator,Share,3360,2
3,2,0,ClientToShareholder,CommittedGradientShare,3197712,1842
3,2,0,ShareholderToAggregator,Share,3360,2
3,2,0,AggregatorBroadcast,SplitDecision,49120,614
3,2,1,ClientToShareholder,CommittedGradientShare,3197712,1842
3,2,1,ShareholderToAggregator,Share,3360,2
3,2,1,AggregatorBroadcast,SplitDecision,49120,614
3,2,1,ShareholderToAggregator,Share,3360,2
3,2,1,AggregatorBroadcast,SplitDecision,49120,614
3,2,2,ClientToShareholder,CommittedGradientShare,3197712,1842
3,2,2,ShareholderToAggregator,Share,3360,2
3,2,2,AggregatorBroadcast,SplitDecision,49120,614
3,2,2,ShareholderToAggregator,Share,3360,2
3,2,2,AggregatorBroadcast,SplitDecision,49120,614
3,2,2,ShareholderToAggregator,Share,3360,2
3,2,2,AggregatorBroadcast,SplitDecision,49120,614
3,2,2,ShareholderToAggregator,Share,3360,2
3,2,2,AggregatorBroadcast,SplitDecision,49120,614
3,2,3,ClientToShareholder,CommittedGradientShare,3197712,1842
3,2,3,ShareholderToAggregator,Share,3360,2
3,2,3,AggregatorBroadcast,SplitDecision,49120,614
3,2,3,ShareholderToAggregator,Share,3360,2
3,2,3,AggregatorBroadcast,SplitDecision,49120,614
3,2,3,ShareholderToAggregator,Share,3360,2
3,2,3,AggregatorBroadcast,SplitDecision,49120,614
3,2,3,ShareholderToAggregator,Share,3360,2
3,2,3,AggregatorBroadcast,SplitDecision,49120,614
3,2,3,ShareholderToAggregator,Share,3360,2
3,2,3,AggregatorBroadcast,SplitDecision,49120,614
3,2,3,ShareholderToAggregator,Share,3360,2
3,2,3,AggregatorBroadcast,SplitDecision,49120,614
3,2,3,ShareholderToAggregator,Share,3360,2
3,2,3,AggregatorBroadcast,SplitDecision,49120,614
3,2,3,ShareholderToAggregator,Share,3360,2
3,2,4,ClientToShareholder,CommittedGradientShare,3197712,1842
3,2,4,ShareholderToAggregator,Share,3360,2
3,2,4,ShareholderToAggregator,Share,3360,2
3,2,4,AggregatorBroadcast,SplitDecision,49120,614
3,2,4,ShareholderToAggregator,Share,3360,2
3,2,4,AggregatorBroadcast,SplitDecision,49120,614
3,2,4,ShareholderToAggregator,Share,3360,2
3,2,4,AggregatorBroadcast,SplitDecision,49120,614
3,2,4,ShareholderToAggregator,Share,3360,2
3,2,4,AggregatorBroadcast,SplitDecision,49120,614
3,2,4,ShareholderToAggregator,Share,3360,2
3,2,4,ShareholderToAggregator,Share,3360,2
3,2,4,AggregatorBroadcast,SplitDecision,49120,614
3,2,4,ShareholderToAggregator,Share,3360,2
3,2,4,AggregatorBroadcast,SplitDecision,49120,614
3,2,4,ShareholderToAggregator,Share,3360,2
3,2,4,AggregatorBroadcast,SplitDecision,49120,614
3,2,4,ShareholderToAggregator,Share,3360,2
3,2,4,AggregatorBroadcast,SplitDecision,49120,614
3,2,4,ShareholderToAggregator,Share,3360,2
3,2,4,AggregatorBroadcast,SplitDecision,49120,614
3,2,5,ClientToShareholder,CommittedGradientShare,3197712,1842
3,2,5,ShareholderToAggregator,Share,3360,2
3,2,5,ShareholderToAggregator,Share,3360,2
3,2,5,ShareholderToAggregator,Share,3360,2
3,2,5,ShareholderToAggregator,Share,3360,2
3,2,5,AggregatorBroadcast,SplitDecision,49120,614
3,2,5,ShareholderToAggregator,Share,3360,2
3,2,5,AggregatorBroadcast,SplitDecision,49120,614
3,2,5,ShareholderToAggregator,Share,3360,2
3,2,5,AggregatorBroadcast,SplitDecision,49120,614
3,2,5,ShareholderToAggregator,Share,3360,2
3,2,5,AggregatorBroadcast,SplitDecision,49120,614
3,2,5,ShareholderToAggregator,Share,3360,2
3,2,5,AggregatorBroadcast,SplitDecision,49120,614
3,2,5,ShareholderToAggregator,Share,3360,2
3,2,5,AggregatorBroadcast,SplitDecision,49120,614
3,2,5,ShareholderToAggregator,Share,3360,2
3,2,5,AggregatorBroadcast,SplitDecision,49120,614
3,2,5,ShareholderToAggregator,Share,3360,2
3,2,5,AggregatorBroadcast,SplitDecision,49120,614
3,2,5,ShareholderToAggregator,Share,3360,2
3,2,5,AggregatorBroadcast,SplitDecision,49120,614
3,2,5,ShareholderToAggregator,Share,3360,2
3,2,5,AggregatorBroadcast,SplitDecision,49120,614
3,2,5,ShareholderToAggregator,Share,3360,2
3,2,5,AggregatorBroadcast,SplitDecision,49120,614
3,3,0,ClientToShareholder,CommittedGradientShare,3197712,1842
3,3,0,ShareholderToAggregator,Share,3360,2
3,3,0,AggregatorBroadcast,SplitDecision,49120,614
3,3,1,ClientToShareholder,CommittedGradientShare,3197712,1842
3,3,1,ShareholderToAggregator,Share,3360,2
3,3,1,AggregatorBroadcast,SplitDecision,49120,614
3,3,1,ShareholderToAggregator,Share,3360,2
3,3,1,AggregatorBroadcast,SplitDecision,49120,614
3,3,2,ClientToShareholder,CommittedGradientShare,3197712,1842
3,3,2,ShareholderToAggregator,Share,3360,2
3,3,2,AggregatorBroadcast,SplitDecision,49120,614
3,3,2,ShareholderToAggregator,Share,3360,2
3,3,2,AggregatorBroadcast,SplitDecision,49120,614
3,3,2,ShareholderToAggregator,Share,3360,2
3,3,2,AggregatorBroadcast,SplitDecision,49120,614
3,3,2,ShareholderToAggregator,Share,3360,2
3,3,2,AggregatorBroadcast,SplitDecision,49120,614
3,3,3,ClientToShareholder,CommittedGradientShare,3197712,1842
3,3,3,ShareholderToAggregator,Share,3360,2
3,3,3,ShareholderToAggregator,Share,3360,2
3,3,3,AggregatorBroadcast,SplitDecision,49120,614
3,3,3,ShareholderToAggregator,Share,3360,2
3,3,3,AggregatorBroadcast,SplitDecision,49120,614
3,3,3,ShareholderToAggregator,Share,3360,2
3,3,3,AggregatorBroadcast,SplitDecision,49120,614
3,3,3,ShareholderToAggregator,Share,3360,2
3,3,3,AggregatorBroadcast,SplitDecision,49120,614
3,3,3,ShareholderToAggregator,Share,3360,2
3,3,3,AggregatorBroadcast,SplitDecision,49120,614
3,3,3,ShareholderToAggregator,Share,3360,2
3,3,4,ClientToShareholder,CommittedGradientShare,3197712,1842
3,3,4,ShareholderToAggregator,Share,3360,2
3,3,4,ShareholderToAggregator,Share,3360,2
3,3,4,ShareholderToAggregator,Share,3360,2
3,3,4,AggregatorBroadcast,SplitDecision,49120,614
3,3,4,ShareholderToAggregator,Share,3360,2
3,3,4,AggregatorBroadcast,SplitDecision,49120,614
3,3,4,ShareholderToAggregator,Share,3360,2
3,3,4,AggregatorBroadcast,SplitDecision,49120,614
3,3,4,ShareholderToAggregator,Share,3360,2
3,3,4,AggregatorBroadcast,SplitDecision,49120,614
3,3,4,ShareholderToAggregator,Share,3360,2
3,3,4,ShareholderToAggregator,Share,3360,2
3,3,4,AggregatorBroadcast,SplitDecision,49120,614
3,3,4,ShareholderToAggregator,Share,3360,2
3,3,4,AggregatorBroadcast,SplitDecision,49120,614
3,3,5,ClientToShareholder,CommittedGradientShare,3197712,1842
3,3,5,ShareholderToAggregator,Share,3360,2
3,3,5,ShareholderToAggregator,Share,3360,2
3,3,5,ShareholderToAggregator,Share,3360,2
3,3,5,ShareholderToAggregator,Share,3360,2
3,3,5,AggregatorBroadcast,SplitDecision,49120,614
3,3,5,ShareholderToAggregator,Share,3360,2
3,3,5,AggregatorBroadcast,SplitDecision,49120,614
3,3,5,ShareholderToAggregator,Share,3360,2
3,3,5,ShareholderToAggregator,Share,3360,2
3,3,5,AggregatorBroadcast,SplitDecision,49120,614
3,3,5,ShareholderToAggregator,Share,3360,2
3,3,5,ShareholderToAggregator,Share,3360,2
3,3,5,AggregatorBroadcast,SplitDecision,49120,614
3,3,5,ShareholderToAggregator,Share,3360,2
3,3,5,AggregatorBroadcast,SplitDecision,49120,614
3,3,5,ShareholderToAggregator,Share,3360,2
3,3,5,AggregatorBroadcast,SplitDecision,49120,614
3,3,5,ShareholderToAggregator,Share,3360,2
3,3,5,AggregatorBroadcast,SplitDecision,49120,614
3,4,0,ClientToShareholder,CommittedGradientShare,3197712,1842
3,4,0,ShareholderToAggregator,Share,3360,2
3,4,0,AggregatorBroadcast,SplitDecision,49120,614
3,4,1,ClientToShareholder,CommittedGradientShare,3197712,1842
3,4,1,ShareholderToAggregator,Share,3360,2
3,4,1,AggregatorBroadcast,SplitDecision,49120,614
3,4,1,ShareholderToAggregator,Share,3360,2
3,4,1,AggregatorBroadcast,SplitDecision,49120,614
3,4,2,ClientToShareholder,CommittedGradientShare,3197712,1842
3,4,2,ShareholderToAggregator,Share,3360,2
3,4,2,AggregatorBroadcast,SplitDecision,49120,614
3,4,2,ShareholderToAggregator,Share,3360,2
3,4,2,AggregatorBroadcast,SplitDecision,49120,614
3,4,2,ShareholderToAggregator,Share,3360,2
3,4,2,AggregatorBroadcast,SplitDecision,49120,614
3,4,2,ShareholderToAggregator,Share,3360,2
3,4,2,AggregatorBroadcast,SplitDecision,49120,614
3,4,3,ClientToShareholder,CommittedGradientShare,3197712,1842
3,4,3,ShareholderToAggregator,Share,3360,2
3,4,3,AggregatorBroadcast,SplitDecision,49120,614
3,4,3,ShareholderToAggregator,Share,3360,2
3,4,3,AggregatorBroadcast,SplitDecision,49120,614
3,4,3,ShareholderToAggregator,Share,3360,2
3,4,3,AggregatorBroadcast,SplitDecision,49120,614
3,4,3,ShareholderToAggregator,Share,3360,2
3,4,3,AggregatorBroadcast,SplitDecision,49120,614
3,4,3,ShareholderToAggregator,Share,3360,2
3,4,3,AggregatorBroadcast,SplitDecision,49120,614
3,4,3,ShareholderToAggregator,Share,3360,2
3,4,3,AggregatorBroadcast,SplitDecision,49120,614
3,4,3,ShareholderToAggregator,Share,3360,2
3,4,3,ShareholderToAggregator,Share,3360,2
3,4,3,AggregatorBroadcast,SplitDecision,49120,614
3,4,4,ClientToShareholder,CommittedGradientShare,3197712,1842
3,4,4,ShareholderToAggregator,Share,3360,2
3,4,4,ShareholderToAggregator,Share,3360,2
3,4,4,AggregatorBroadcast,SplitDecision,49120,614
3,4,4,ShareholderToAggregator,Share,3360,2
3,4,4,AggregatorBroadcast,SplitDecision,49120,614
3,4,4,ShareholderToAggregator,Share,3360,2
3,4,4,AggregatorBroadcast,SplitDecision,49120,614
3,4,4,ShareholderToAggregator,Share,3360,2
3,4,4,AggregatorBroadcast,SplitDecision,49120,614
3,4,4,ShareholderToAggregator,Share,3360,2
3,4,4,ShareholderToAggregator,Share,3360,2
3,4,4,AggregatorBroadcast,SplitDecision,49120,614
3,4,4,ShareholderToAggregator,Share,3360,2
3,4,4,AggregatorBroadcast,SplitDecision,49120,614
3,4,4,ShareholderToAggregator,Share,3360,2
3,4,4,AggregatorBroadcast,SplitDecision,49120,614
3,4,4,ShareholderToAggregator,Share,3360,2
3,4,4,AggregatorBroadcast,SplitDecision,49120,614
3,4,4,ShareholderToAggregator,Share,3360,2
3,4,4,AggregatorBroadcast,SplitDecision,49120,614
3,4,5,ClientToShareholder,CommittedGradientShare,3197712,1842
3,4,5,ShareholderToAggregator,Share,3360,2
3,4,5,ShareholderToAggregator,Share,3360,2
3,4,5,ShareholderToAggregator,Share,3360,2
3,4,5,ShareholderToAggregator,Share,3360,2
3,4,5,AggregatorBroadcast,SplitDecision,49120,614
3,4,5,ShareholderToAggregator,Share,3360,2
3,4,5,AggregatorBroadcast,SplitDecision,49120,614
3,4,5,ShareholderToAggregator,Share,3360,2
3,4,5,AggregatorBroadcast,SplitDecision,49120,614
3,4,5,ShareholderToAggregator,Share,3360,2
3,4,5,AggregatorBroadcast,SplitDecision,49120,614
3,4,5,ShareholderToAggregator,Share,3360,2
3,4,5,AggregatorBroadcast,SplitDecision,49120,614
3,4,5,ShareholderToAggregator,Share,3360,2
3,4,5,AggregatorBroadcast,SplitDecision,49120,614
3,4,5,ShareholderToAggregator,Share,3360,2
3,4,5,AggregatorBroadcast,SplitDecision,49120,614
3,4,5,ShareholderToAggregator,Share,3360,2
3,4,5,AggregatorBroadcast,SplitDecision,49120,614
3,4,5,ShareholderToAggregator,Share,3360,2
3,4,5,AggregatorBroadcast,SplitDecision,49120,614
3,4,5,ShareholderToAggregator,Share,3360,2
3,4,5,AggregatorBroadcast,SplitDecision,49120,614
3,4,5,ShareholderToAggregator,Share,3360,2
3,4,5,AggregatorBroadcast,SplitDecision,49120,614
3,5,0,ClientToShareholder,CommittedGradientShare,3197712,1842
3,5,0,ShareholderToAggregator,Share,3360,2
3,5,0,AggregatorBroadcast,SplitDecision,49120,614
3,5,1,ClientToShareholder,CommittedGradientShare,3197712,1842
3,5,1,ShareholderToAggregator,Share,3360,2
3,5,1,AggregatorBroadcast,SplitDecision,49120,614
3,5,1,ShareholderToAggregator,Share,3360,2
3,5,1,AggregatorBroadcast,SplitDecision,49120,614
3,5,2,ClientToShareholder,CommittedGradientShare,3197712,1842
3,5,2,ShareholderToAggregator,Share,3360,2
3,5,2,AggregatorBroadcast,SplitDecision,49120,614
3,5,2,ShareholderToAggregator,Share,3360,2
3,5,2,AggregatorBroadcast,SplitDecision,49120,614
3,5,2,ShareholderToAggregator,Share,3360,2
3,5,2,AggregatorBroadcast,SplitDecision,49120,614
3,5,2,ShareholderToAggregator,Share,3360,2
3,5,2,AggregatorBroadcast,SplitDecision,49120,614
3,5,3,ClientToShareholder,CommittedGradientShare,3197712,1842
3,5,3,ShareholderToAggregator,Share,3360,2
3,5,3,AggregatorBroadcast,SplitDecision,49120,614
3,5,3,ShareholderToAggregator,Share,3360,2
3,5,3,AggregatorBroadcast,SplitDecision,49120,614
3,5,3,ShareholderToAggregator,Share,3360,2
3,5,3,AggregatorBroadcast,SplitDecision,49120,614
3,5,3,ShareholderToAggregator,Share,3360,2
3,5,3,AggregatorBroadcast,SplitDecision,49120,614
3,5,3,ShareholderToAggregator,Share,3360,2
3,5,3,AggregatorBroadcast,SplitDecision,49120,614
3,5,3,ShareholderToAggregator,Share,3360,2
3,5,3,AggregatorBroadcast,SplitDecision,49120,614
3,5,3,ShareholderToAggregator,Share,3360,2
3,5,3,AggregatorBroadcast,SplitDecision,49120,614
3,5,4,ClientToShareholder,CommittedGradientShare,3197712,1842
3,5,4,ShareholderToAggregator,Share,3360,2
3,5,4,AggregatorBroadcast,SplitDecision,49120,614
3,5,4,ShareholderToAggregator,Share,3360,2
3,5,4,AggregatorBroadcast,SplitDecision,49120,614
3,5,4,ShareholderToAggregator,Share,3360,2
3,5,4,ShareholderToAggregator,Share,3360,2
3,5,4,AggregatorBroadcast,SplitDecision,49120,614
3,5,4,ShareholderToAggregator,Share,3360,2
3,5,4,AggregatorBroadcast,SplitDecision,49120,614
3,5,4,ShareholderToAggregator,Share,3360,2
3,5,4,AggregatorBroadcast,SplitDecision,49120,614
3,5,4,ShareholderToAggregator,Share,3360,2
3,5,4,AggregatorBroadcast,SplitDecision,49120,614
3,5,4,ShareholderToAggregator,Share,3360,2
3,5,4,AggregatorBroadcast,SplitDecision,49120,614
3,5,4,ShareholderToAggregator,Share,3360,2
3,5,4,AggregatorBroadcast,SplitDecision,49120,614
3,5,4,ShareholderToAggregator,Share,3360,2
3,5,4,ShareholderToAggregator,Share,3360,2
3,5,4,AggregatorBroadcast,SplitDecision,49120,614
3,5,5,ClientToShareholder,CommittedGradientShare,3197712,1842
3,5,5,ShareholderToAggregator,Share,3360,2
3,5,5,ShareholderToAggregator,Share,3360,2
3,5,5,ShareholderToAggregator,Share,3360,2
3,5,5,AggregatorBroadcast,SplitDecision,49120,614
3,5,5,ShareholderToAggregator,Share,3360,2
3,5,5,AggregatorBroadcast,SplitDecision,49120,614
3,5,5,ShareholderToAggregator,Share,3360,2
3,5,5,ShareholderToAggregator,Share,3360,2
3,5,5,AggregatorBroadcast,SplitDecision,49120,614
3,5,5,ShareholderToAggregator,Share,3360,2
3,5,5,AggregatorBroadcast,SplitDecision,49120,614
3,5,5,ShareholderToAggregator,Share,3360,2
3,5,5,ShareholderToAggregator,Share,3360,2
3,5,5,AggregatorBroadcast,SplitDecision,49120,614
3,5,5,ShareholderToAggregator,Share,3360,2
3,5,5,AggregatorBroadcast,SplitDecision,49120,614
3,5,5,ShareholderToAggregator,Share,3360,2
3,5,5,AggregatorBroadcast,SplitDecision,49120,614
3,5,5,ShareholderToAggregator,Share,3360,2
3,5,5,AggregatorBroadcast,SplitDecision,49120,614
3,5,5,ShareholderToAggregator,Share,3360,2
3,5,5,AggregatorBroadcast,SplitDecision,49120,614
3,6,0,ClientToShareholder,CommittedGradientShare,3197712,1842
3,6,0,ShareholderToAggregator,Share,3360,2
3,6,0,AggregatorBroadcast,SplitDecision,49120,614
3,6,1,ClientToShareholder,CommittedGradientShare,3197712,1842
3,6,1,ShareholderToAggregator,Share,3360,2
3,6,1,AggregatorBroadcast,SplitDecision,49120,614
3,6,1,ShareholderToAggregator,Share,3360,2
3,6,1,AggregatorBroadcast,SplitDecision,49120,614
3,6,2,ClientToShareholder,CommittedGradientShare,3197712,1842
3,6,2,ShareholderToAggregator,Share,3360,2
3,6,2,AggregatorBroadcast,SplitDecision,49120,614
3,6,2,ShareholderToAggregator,Share,3360,2
3,6,2,AggregatorBroadcast,SplitDecision,49120,614
3,6,2,ShareholderToAggregator,Share,3360,2
3,6,2,AggregatorBroadcast,SplitDecision,49120,614
3,6,2,ShareholderToAggregator,Share,3360,2
3,6,2,AggregatorBroadcast,SplitDecision,49120,614
3,6,3,ClientToShareholder,CommittedGradientShare,3197712,1842
3,6,3,ShareholderToAggregator,Share,3360,2
3,6,3,AggregatorBroadcast,SplitDecision,49120,614
3,6,3,ShareholderToAggregator,Share,3360,2
3,6,3,AggregatorBroadcast,SplitDecision,49120,614
3,6,3,ShareholderToAggregator,Share,3360,2
3,6,3,AggregatorBroadcast,SplitDecision,49120,614
3,6,3,ShareholderToAggregator,Share,3360,2
3,6,3,AggregatorBroadcast,SplitDecision,49120,614
3,6,3,ShareholderToAggregator,Share,3360,2
3,6,3,AggregatorBroadcast,SplitDecision,49120,614
3,6,3,ShareholderToAggregator,Share,3360,2
3,6,3,AggregatorBroadcast,SplitDecision,49120,614
3,6,3,ShareholderToAggregator,Share,3360,2
3,6,3,AggregatorBroadcast,SplitDecision,49120,614
3,6,3,ShareholderToAggregator,Share,3360,2
3,6,3,AggregatorBroadcast,SplitDecision,49120,614
3,6,4,ClientToShareholder,CommittedGradientShare,3197712,1842
3,6,4,ShareholderToAggregator,Share,3360,2
3,6,4,AggregatorBroadcast,SplitDecision,49120,614
3,6,4,ShareholderToAggregator,Share,3360,2
3,6,4,AggregatorBroadcast,SplitDecision,49120,614
3,6,4,ShareholderToAggregator,Share,3360,2
3,6,4,AggregatorBroadcast,SplitDecision,49120,614
3,6,4,ShareholderToAggregator,Share,3360,2
3,6,4,AggregatorBroadcast,SplitDecision,49120,614
3,6,4,ShareholderToAggregator,Share,3360,2
3,6,4,ShareholderToAggregator,Share,3360,2
3,6,4,AggregatorBroadcast,SplitDecision,49120,614
3,6,4,ShareholderToAggregator,Share,3360,2
3,6,4,AggregatorBroadcast,SplitDecision,49120,614
3,6,4,ShareholderToAggregator,Share,3360,2
3,6,4,AggregatorBroadcast,SplitDecision,49120,614
3,6,4,ShareholderToAggregator,Share,3360,2
3,6,4,AggregatorBroadcast,SplitDecision,49120,614
3,6,4,ShareholderToAggregator,Share,3360,2
3,6,4,AggregatorBroadcast,SplitDecision,49120,614
3,6,4,ShareholderToAggregator,Share,3360,2
3,6,4,ShareholderToAggregator,Share,3360,2
3,6,4,AggregatorBroadcast,SplitDecision,49120,614
3,6,5,ClientToShareholder,CommittedGradientShare,3197712,1842
3,6,5,ShareholderToAggregator,Share,3360,2
3,6,5,ShareholderToAggregator,Share,3360,2
3,6,5,ShareholderToAggregator,Share,3360,2
3,6,5,ShareholderToAggregator,Share,3360,2
3,6,5,AggregatorBroadcast,SplitDecision,49120,614
3,6,5,ShareholderToAggregator,Share,3360,2
3,6,5,AggregatorBroadcast,SplitDecision,49120,614
3,6,5,ShareholderToAggregator,Share,3360,2
3,6,5,AggregatorBroadcast,SplitDecision,49120,614
3,6,5,ShareholderToAggregator,Share,3360,2
3,6,5,AggregatorBroadcast,SplitDecision,49120,614
3,6,5,ShareholderToAggregator,Share,3360,2
3,6,5,ShareholderToAggregator,Share,3360,2
3,6,5,ShareholderToAggregator,Share,3360,2
3,6,5,AggregatorBroadcast,SplitDecision,49120,614
3,6,5,ShareholderToAggregator,Share,3360,2
3,6,5,AggregatorBroadcast,SplitDecision,49120,614
3,6,5,ShareholderToAggregator,Share,3360,2
3,6,5,AggregatorBroadcast,SplitDecision,49120,614
3,6,5,ShareholderToAggregator,Share,3360,2
3,6,5,AggregatorBroadcast,SplitDecision,49120,614
3,6,5,ShareholderToAggregator,Share,3360,2
3,7,0,ClientToShareholder,CommittedGradientShare,3197712,1842
3,7,0,ShareholderToAggregator,Share,3360,2
3,7,0,AggregatorBroadcast,SplitDecision,49120,614
3,7,1,ClientToShareholder,CommittedGradientShare,3197712,1842
3,7,1,ShareholderToAggregator,Share,3360,2
3,7,1,AggregatorBroadcast,SplitDecision,49120,614
3,7,1,ShareholderToAggregator,Share,3360,2
3,7,1,AggregatorBroadcast,SplitDecision,49120,614
3,7,2,ClientToShareholder,CommittedGradientShare,3197712,1842
3,7,2,ShareholderToAggregator,Share,3360,2
3,7,2,ShareholderToAggregator,Share,3360,2
3,7,2,AggregatorBroadcast,SplitDecision,49120,614
3,7,2,ShareholderToAggregator,Share,3360,2
3,7,2,AggregatorBroadcast,SplitDecision,49120,614
3,7,2,ShareholderToAggregator,Share,3360,2
3,7,2,AggregatorBroadcast,SplitDecision,49120,614
3,7,3,ClientToShareholder,CommittedGradientShare,3197712,1842
3,7,3,ShareholderToAggregator,Share,3360,2
3,7,3,ShareholderToAggregator,Share,3360,2
3,7,3,AggregatorBroadcast,SplitDecision,49120,614
3,7,3,ShareholderToAggregator,Share,3360,2
3,7,3,AggregatorBroadcast,SplitDecision,49120,614
3,7,3,ShareholderToAggregator,Share,3360,2
3,7,3,AggregatorBroadcast,SplitDecision,49120,614
3,7,3,ShareholderToAggregator,Share,3360,2
3,7,3,AggregatorBroadcast,SplitDecision,49120,614
3,7,3,ShareholderToAggregator,Share,3360,2
3,7,3,AggregatorBroadcast,SplitDecision,49120,614
3,7,3,ShareholderToAggregator,Share,3360,2
3,7,3,AggregatorBroadcast,SplitDecision,49120,614
3,7,4,ClientToShareholder,CommittedGradientShare,3197712,1842
3,7,4,ShareholderToAggregator,Share,3360,2
3,7,4,ShareholderToAggregator,Share,3360,2
3,7,4,AggregatorBroadcast,SplitDecision,49120,614
3,7,4,ShareholderToAggregator,Share,3360,2
3,7,4,AggregatorBroadcast,SplitDecision,49120,614
3,7,4,ShareholderToAggregator,Share,3360,2
3,7,4,AggregatorBroadcast,SplitDecision,49120,614
3,7,4,ShareholderToAggregator,Share,3360,2
3,7,4,ShareholderToAggregator,Share,3360,2
3,7,4,AggregatorBroadcast,SplitDecision,49120,614
3,7,4,ShareholderToAggregator,Share,3360,2
3,7,4,AggregatorBroadcast,SplitDecision,49120,614
3,7,4,ShareholderToAggregator,Share,3360,2
3,7,4,AggregatorBroadcast,SplitDecision,49120,614
3,7,4,ShareholderToAggregator,Share,3360,2
3,7,5,ClientToShareholder,CommittedGradientShare,3197712,1842
3,7,5,ShareholderToAggregator,Share,3360,2
3,7,5,ShareholderToAggregator,Share,3360,2
3,7,5,ShareholderToAggregator,Share,3360,2
3,7,5,ShareholderToAggregator,Share,3360,2
3,7,5,AggregatorBroadcast,SplitDecision,49120,614
3,7,5,ShareholderToAggregator,Share,3360,2
3,7,5,AggregatorBroadcast,SplitDecision,49120,614
3,7,5,ShareholderToAggregator,Share,3360,2
3,7,5,AggregatorBroadcast,SplitDecision,49120,614
3,7,5,ShareholderToAggregator,Share,3360,2
3,7,5,AggregatorBroadcast,SplitDecision,49120,614
3,7,5,ShareholderToAggregator,Share,3360,2
3,7,5,ShareholderToAggregator,Share,3360,2
3,7,5,AggregatorBroadcast,SplitDecision,49120,614
3,7,5,ShareholderToAggregator,Share,3360,2
3,7,5,AggregatorBroadcast,SplitDecision,49120,614
3,7,5,ShareholderToAggregator,Share,3360,2
3,7,5,AggregatorBroadcast,SplitDecision,49120,614
3,7,5,ShareholderToAggregator,Share,3360,2
3,7,5,AggregatorBroadcast,SplitDecision,49120,614
3,7,5,ShareholderToAggregator,Share,3360,2
3,7,5,AggregatorBroadcast,SplitDecision,49120,614
3,7,5,ShareholderToAggregator,Share,3360,2
3,7,5,AggregatorBroadcast,SplitDecision,49120,614
3,8,0,ClientToShareholder,CommittedGradientShare,3197712,1842
3,8,0,ShareholderToAggregator,Share,3360,2
3,8,0,AggregatorBroadcast,SplitDecision,49120,614
3,8,1,ClientToShareholder,CommittedGradientShare,3197712,1842
3,8,1,ShareholderToAggregator,Share,3360,2
3,8,1,AggregatorBroadcast,SplitDecision,49120,614
3,8,1,ShareholderToAggregator,Share,3360,2
3,8,1,AggregatorBroadcast,SplitDecision,49120,614
3,8,2,ClientToShareholder,CommittedGradientShare,3197712,1842
3,8,2,ShareholderToAggregator,Share,3360,2
3,8,2,AggregatorBroadcast,SplitDecision,49120,614
3,8,2,ShareholderToAggregator,Share,3360,2
3,8,2,AggregatorBroadcast,SplitDecision,49120,614
3,8,2,ShareholderToAggregator,Share,3360,2
3,8,2,AggregatorBroadcast,SplitDecision,49120,614
3,8,2,ShareholderToAggregator,Share,3360,2
3,8,2,AggregatorBroadcast,SplitDecision,49120,614
3,8,3,ClientToShareholder,CommittedGradientShare,3197712,1842
3,8,3,ShareholderToAggregator,Share,3360,2
3,8,3,AggregatorBroadcast,SplitDecision,49120,614
3,8,3,ShareholderToAggregator,Share,3360,2
3,8,3,ShareholderToAggregator,Share,3360,2
3,8,3,ShareholderToAggregator,Share,3360,2
3,8,3,AggregatorBroadcast,SplitDecision,49120,614
3,8,3,ShareholderToAggregator,Share,3360,2
3,8,3,AggregatorBroadcast,SplitDecision,49120,614
3,8,3,ShareholderToAggregator,Share,3360,2
3,8,3,AggregatorBroadcast,SplitDecision,49120,614
3,8,3,ShareholderToAggregator,Share,3360,2
3,8,3,AggregatorBroadcast,SplitDecision,49120,614
3,8,3,ShareholderToAggregator,Share,3360,2
3,8,3,AggregatorBroadcast,SplitDecision,49120,614
3,8,4,ClientToShareholder,CommittedGradientShare,3197712,1842
3,8,4,ShareholderToAggregator,Share,3360,2
3,8,4,ShareholderToAggregator,Share,3360,2
3,8,4,ShareholderToAggregator,Share,3360,2
3,8,4,AggregatorBroadcast,SplitDecision,49120,614
3,8,4,ShareholderToAggregator,Share,3360,2
3,8,4,ShareholderToAggregator,Share,3360,2
3,8,4,ShareholderToAggregator,Share,3360,2
3,8,4,AggregatorBroadcast,SplitDecision,49120,614
3,8,4,ShareholderToAggregator,Share,3360,2
3,8,4,AggregatorBroadcast,SplitDecision,49120,614
3,8,4,ShareholderToAggregator,Share,3360,2
3,8,4,AggregatorBroadcast,SplitDecision,49120,614
3,8,4,ShareholderToAggregator,Share,3360,2
3,8,4,AggregatorBroadcast,SplitDecision,49120,614
3,8,4,ShareholderToAggregator,Share,3360,2
3,8,4,AggregatorBroadcast,SplitDecision,49120,614
3,8,5,ClientToShareholder,CommittedGradientShare,3197712,1842
3,8,5,ShareholderToAggregator,Share,3360,2
3,8,5,ShareholderToAggregator,Share,3360,2
3,8,5,ShareholderToAggregator,Share,3360,2
3,8,5,ShareholderToAggregator,Share,3360,2
3,8,5,ShareholderToAggregator,Share,3360,2
3,8,5,ShareholderToAggregator,Share,3360,2
3,8,5,ShareholderToAggregator,Share,3360,2
3,8,5,ShareholderToAggregator,Share,3360,2
3,8,5,AggregatorBroadcast,SplitDecision,49120,614
3,8,5,ShareholderToAggregator,Share,3360,2
3,8,5,AggregatorBroadcast,SplitDecision,49120,614
3,8,5,ShareholderToAggregator,Share,3360,2
3,8,5,AggregatorBroadcast,SplitDecision,49120,614
3,8,5,ShareholderToAggregator,Share,3360,2
3,8,5,AggregatorBroadcast,SplitDecision,49120,614
3,8,5,ShareholderToAggregator,Share,3360,2
3,8,5,AggregatorBroadcast,SplitDecision,49120,614
3,8,5,ShareholderToAggregator,Share,3360,2
3,8,5,AggregatorBroadcast,SplitDecision,49120,614
3,8,5,ShareholderToAggregator,Share,3360,2
3,8,5,AggregatorBroadcast,SplitDecision,49120,614
3,8,5,ShareholderToAggregator,Share,3360,2
3,8,5,AggregatorBroadcast,SplitDecision,49120,614
3,8,5,ShareholderToAggregator,Share,3360,2
3,9,0,ClientToShareholder,CommittedGradientShare,3197712,1842
3,9,0,ShareholderToAggregator,Share,3360,2
3,9,0,AggregatorBroadcast,SplitDecision,49120,614
3,9,1,ClientToShareholder,CommittedGradientShare,3197712,1842
3,9,1,ShareholderToAggregator,Share,3360,2
3,9,1,AggregatorBroadcast,SplitDecision,49120,614
3,9,1,ShareholderToAggregator,Share,3360,2
3,9,1,AggregatorBroadcast,SplitDecision,49120,614
3,9,2,ClientToShareholder,CommittedGradientShare,3197712,1842
3,9,2,ShareholderToAggregator,Share,3360,2
3,9,2,AggregatorBroadcast,SplitDecision,49120,614
3,9,2,ShareholderToAggregator,Share,3360,2
3,9,2,AggregatorBroadcast,SplitDecision,49120,614
3,9,2,ShareholderToAggregator,Share,3360,2
3,9,2,AggregatorBroadcast,SplitDecision,49120,614
3,9,2,ShareholderToAggregator,Share,3360,2
3,9,2,AggregatorBroadcast,SplitDecision,49120,614
3,9,3,ClientToShareholder,CommittedGradientShare,3197712,1842
3,9,3,ShareholderToAggregator,Share,3360,2
3,9,3,AggregatorBroadcast,SplitDecision,49120,614
3,9,3,ShareholderToAggregator,Share,3360,2
3,9,3,ShareholderToAggregator,Share,3360,2
3,9,3,ShareholderToAggregator,Share,3360,2
3,9,3,AggregatorBroadcast,SplitDecision,49120,614
3,9,3,ShareholderToAggregator,Share,3360,2
3,9,3,AggregatorBroadcast,SplitDecision,49120,614
3,9,3,ShareholderToAggregator,Share,3360,2
3,9,3,AggregatorBroadcast,SplitDecision,49120,614
3,9,3,ShareholderToAggregator,Share,3360,2
3,9,3,AggregatorBroadcast,SplitDecision,49120,614
3,9,3,ShareholderToAggregator,Share,3360,2
3,9,3,AggregatorBroadcast,SplitDecision,49120,614
3,9,4,ClientToShareholder,CommittedGradientShare,3197712,1842
3,9,4,ShareholderToAggregator,Share,3360,2
3,9,4,ShareholderToAggregator,Share,3360,2
3,9,4,ShareholderToAggregator,Share,3360,2
3,9,4,AggregatorBroadcast,SplitDecision,49120,614
3,9,4,ShareholderToAggregator,Share,3360,2
3,9,4,ShareholderToAggregator,Share,3360,2
3,9,4,AggregatorBroadcast,SplitDecision,49120,614
3,9,4,ShareholderToAggregator,Share,3360,2
3,9,4,AggregatorBroadcast,SplitDecision,49120,614
3,9,4,ShareholderToAggregator,Share,3360,2
3,9,4,AggregatorBroadcast,SplitDecision,49120,614
3,9,4,ShareholderToAggregator,Share,3360,2
3,9,4,AggregatorBroadcast,SplitDecision,49120,614
3,9,4,ShareholderToAggregator,Share,3360,2
3,9,4,AggregatorBroadcast,SplitDecision,49120,614
3,9,4,ShareholderToAggregator,Share,3360,2
3,9,4,AggregatorBroadcast,SplitDecision,49120,614
3,9,5,ClientToShareholder,CommittedGradientShare,3197712,1842
3,9,5,ShareholderToAggregator,Share,3360,2
3,9,5,ShareholderToAggregator,Share,3360,2
3,9,5,ShareholderToAggregator,Share,3360,2
3,9,5,ShareholderToAggregator,Share,3360,2
3,9,5,ShareholderToAggregator,Share,3360,2
3,9,5,ShareholderToAggregator,Share,3360,2
3,9,5,ShareholderToAggregator,Share,3360,2
3,9,5,AggregatorBroadcast,SplitDecision,49120,614
3,9,5,ShareholderToAggregator,Share,3360,2
3,9,5,ShareholderToAggregator,Share,3360,2
3,9,5,AggregatorBroadcast,SplitDecision,49120,614
3,9,5,ShareholderToAggregator,Share,3360,2
3,9,5,AggregatorBroadcast,SplitDecision,49120,614
3,9,5,ShareholderToAggregator,Share,3360,2
3,9,5,ShareholderToAggregator,Share,3360,2
3,9,5,AggregatorBroadcast,SplitDecision,49120,614
3,9,5,ShareholderToAggregator,Share,3360,2
3,9,5,AggregatorBroadcast,SplitDecision,49120,614
3,9,5,ShareholderToAggregator,Share,3360,2
3,10,0,ClientToShareholder,CommittedGradientShare,3197712,1842
3,10,0,ShareholderToAggregator,Share,3360,2
3,10,0,AggregatorBroadcast,SplitDecision,49120,614
3,10,1,ClientToShareholder,CommittedGradientShare,3197712,1842
3,10,1,ShareholderToAggregator,Share,3360,2
3,10,1,AggregatorBroadcast,SplitDecision,49120,614
3,10,1,ShareholderToAggregator,Share,3360,2
3,10,1,AggregatorBroadcast,SplitDecision,49120,614
3,10,2,ClientToShareholder,CommittedGradientShare,3197712,1842
3,10,2,ShareholderToAggregator,Share,3360,2
3,10,2,AggregatorBroadcast,SplitDecision,49120,614
3,10,2,ShareholderToAggregator,Share,3360,2
3,10,2,AggregatorBroadcast,SplitDecision,49120,614
3,10,2,ShareholderToAggregator,Share,3360,2
3,10,2,AggregatorBroadcast,SplitDecision,49120,614
3,10,2,ShareholderToAggregator,Share,3360,2
3,10,2,AggregatorBroadcast,SplitDecision,49120,614
3,10,3,ClientToShareholder,CommittedGradientShare,3197712,1842
3,10,3,ShareholderToAggregator,Share,3360,2
3,10,3,AggregatorBroadcast,SplitDecision,49120,614
3,10,3,ShareholderToAggregator,Share,3360,2
3,10,3,ShareholderToAggregator,Share,3360,2
3,10,3,AggregatorBroadcast,SplitDecision,49120,614
3,10,3,ShareholderToAggregator,Share,3360,2
3,10,3,AggregatorBroadcast,SplitDecision,49120,614
3,10,3,ShareholderToAggregator,Share,3360,2
3,10,3,AggregatorBroadcast,SplitDecision,49120,614
3,10,3,ShareholderToAggregator,Share,3360,2
3,10,3,AggregatorBroadcast,SplitDecision,49120,614
3,10,3,ShareholderToAggregator,Share,3360,2
3,10,3,AggregatorBroadcast,SplitDecision,49120,614
3,10,4,ClientToShareholder,CommittedGradientShare,3197712,1842
3,10,4,ShareholderToAggregator,Share,3360,2
3,10,4,ShareholderToAggregator,Share,3360,2
3,10,4,ShareholderToAggregator,Share,3360,2
3,10,4,ShareholderToAggregator,Share,3360,2
3,10,4,ShareholderToAggregator,Share,3360,2
3,10,4,AggregatorBroadcast,SplitDecision,49120,614
3,10,4,ShareholderToAggregator,Share,3360,2
3,10,4,AggregatorBroadcast,SplitDecision,49120,614
3,10,4,ShareholderToAggregator,Share,3360,2
3,10,4,AggregatorBroadcast,SplitDecision,49120,614
3,10,4,ShareholderToAggregator,Share,3360,2
3,10,4,AggregatorBroadcast,SplitDecision,49120,614
3,10,4,ShareholderToAggregator,Share,3360,2
3,10,4,AggregatorBroadcast,SplitDecision,49120,614
3,10,4,ShareholderToAggregator,Share,3360,2
3,10,5,ClientToShareholder,CommittedGradientShare,3197712,1842
3,10,5,ShareholderToAggregator,Share,3360,2
3,10,5,ShareholderToAggregator,Share,3360,2
3,10,5,ShareholderToAggregator,Share,3360,2
3,10,5,ShareholderToAggregator,Share,3360,2
3,10,5,ShareholderToAggregator,Share,3360,2
3,10,5,ShareholderToAggregator,Share,3360,2
3,10,5,AggregatorBroadcast,SplitDecision,49120,614
3,10,5,ShareholderToAggregator,Share,3360,2
3,10,5,AggregatorBroadcast,SplitDecision,49120,614
3,10,5,ShareholderToAggregator,Share,3360,2
3,10,5,AggregatorBroadcast,SplitDecision,49120,614
3,10,5,ShareholderToAggregator,Share,3360,2
3,10,5,AggregatorBroadcast,SplitDecision,49120,614
3,10,5,ShareholderToAggregator,Share,3360,2
3,10,5,AggregatorBroadcast,SplitDecision,49120,614
3,10,5,ShareholderToAggregator,Share,3360,2
3,10,5,AggregatorBroadcast,SplitDecision,49120,614
3,11,0,ClientToShareholder,CommittedGradientShare,3197712,1842
3,11,0,ShareholderToAggregator,Share,3360,2
3,11,0,AggregatorBroadcast,SplitDecision,49120,614
3,11,1,ClientToShareholder,CommittedGradientShare,3197712,1842
3,11,1,ShareholderToAggregator,Share,3360,2
3,11,1,AggregatorBroadcast,SplitDecision,49120,614
3,11,1,ShareholderToAggregator,Share,3360,2
3,11,1,AggregatorBroadcast,SplitDecision,49120,614
3,11,2,ClientToShareholder,CommittedGradientShare,3197712,1842
3,11,2,ShareholderToAggregator,Share,3360,2
3,11,2,AggregatorBroadcast,SplitDecision,49120,614
3,11,2,ShareholderToAggregator,Share,3360,2
3,11,2,AggregatorBroadcast,SplitDecision,49120,614
3,11,2,ShareholderToAggregator,Share,3360,2
3,11,2,AggregatorBroadcast,SplitDecision,49120,614
3,11,2,ShareholderToAggregator,Share,3360,2
3,11,2,AggregatorBroadcast,SplitDecision,49120,614
3,11,3,ClientToShareholder,CommittedGradientShare,3197712,1842
3,11,3,ShareholderToAggregator,Share,3360,2
3,11,3,ShareholderToAggregator,Share,3360,2
3,11,3,AggregatorBroadcast,SplitDecision,49120,614
3,11,3,ShareholderToAggregator,Share,3360,2
3,11,3,AggregatorBroadcast,SplitDecision,49120,614
3,11,3,ShareholderToAggregator,Share,3360,2
3,11,3,AggregatorBroadcast,SplitDecision,49120,614
3,11,3,ShareholderToAggregator,Share,3360,2
3,11,3,AggregatorBroadcast,SplitDecision,49120,614
3,11,3,ShareholderToAggregator,Share,3360,2
3,11,3,AggregatorBroadcast,SplitDecision,49120,614
3,11,3,ShareholderToAggregator,Share,3360,2
3,11,3,AggregatorBroadcast,SplitDecision,49120,614
3,11,3,ShareholderToAggregator,Share,3360,2
3,11,3,AggregatorBroadcast,SplitDecision,49120,614
3,11,4,ClientToShareholder,CommittedGradientShare,3197712,1842
3,11,4,ShareholderToAggregator,Share,3360,2
3,11,4,ShareholderToAggregator,Share,3360,2
3,11,4,AggregatorBroadcast,SplitDecision,49120,614
3,11,4,ShareholderToAggregator,Share,3360,2
3,11,4,AggregatorBroadcast,SplitDecision,49120,614
3,11,4,ShareholderToAggregator,Share,3360,2
3,11,4,ShareholderToAggregator,Share,3360,2
3,11,4,AggregatorBroadcast,SplitDecision,49120,614
3,11,4,ShareholderToAggregator,Share,3360,2
3,11,4,ShareholderToAggregator,Share,3360,2
3,11,4,AggregatorBroadcast,SplitDecision,49120,614
3,11,4,ShareholderToAggregator,Share,3360,2
3,11,4,AggregatorBroadcast,SplitDecision,49120,614
3,11,4,ShareholderToAggregator,Share,3360,2
3,11,4,AggregatorBroadcast,SplitDecision,49120,614
3,11,4,ShareholderToAggregator,Share,3360,2
3,11,4,AggregatorBroadcast,SplitDecision,49120,614
3,11,4,ShareholderToAggregator,Share,3360,2
3,11,4,AggregatorBroadcast,SplitDecision,49120,614
3,11,4,ShareholderToAggregator,Share,3360,2
3,11,5,ClientToShareholder,CommittedGradientShare,3197712,1842
3,11,5,ShareholderToAggregator,Share,3360,2
3,11,5,ShareholderToAggregator,Share,3360,2
3,11,5,ShareholderToAggregator,Share,3360,2
3,11,5,ShareholderToAggregator,Share,3360,2
3,11,5,ShareholderToAggregator,Share,3360,2
3,11,5,ShareholderToAggregator,Share,3360,2
3,11,5,ShareholderToAggregator,Share,3360,2
3,11,5,ShareholderToAggregator,Share,3360,2
3,11,5,ShareholderToAggregator,Share,3360,2
3,11,5,AggregatorBroadcast,SplitDecision,49120,614
3,11,5,ShareholderToAggregator,Share,3360,2
3,11,5,AggregatorBroadcast,SplitDecision,49120,614
3,11,5,ShareholderToAggregator,Share,3360,2
3,11,5,AggregatorBroadcast,SplitDecision,49120,614
3,11,5,ShareholderToAggregator,Share,3360,2
3,11,5,AggregatorBroadcast,SplitDecision,49120,614
3,11,5,ShareholderToAggregator,Share,3360,2
3,11,5,AggregatorBroadcast,SplitDecision,49120,614
3,11,5,ShareholderToAggregator,Share,3360,2
3,11,5,AggregatorBroadcast,SplitDecision,49120,614
3,11,5,ShareholderToAggregator,Share,3360,2
3,11,5,AggregatorBroadcast,SplitDecision,49120,614
3,11,5,ShareholderToAggregator,Share,3360,2
3,11,5,ShareholderToAggregator,Share,3360,2
3,11,5,AggregatorBroadcast,SplitDecision,49120,614
3,11,5,ShareholderToAggregator,Share,3360,2
3,12,0,ClientToShareholder,CommittedGradientShare,3197712,1842
3,12,0,ShareholderToAggregator,Share,3360,2
3,12,0,AggregatorBroadcast,SplitDecision,49120,614
3,12,1,ClientToShareholder,CommittedGradientShare,3197712,1842
3,12,1,ShareholderToAggregator,Share,3360,2
3,12,1,AggregatorBroadcast,SplitDecision,49120,614
3,12,1,ShareholderToAggregator,Share,3360,2
3,12,1,AggregatorBroadcast,SplitDecision,49120,614
3,12,2,ClientToShareholder,CommittedGradientShare,3197712,1842
3,12,2,ShareholderToAggregator,Share,3360,2
3,12,2,AggregatorBroadcast,SplitDecision,49120,614
3,12,2,ShareholderToAggregator,Share,3360,2
3,12,2,AggregatorBroadcast,SplitDecision,49120,614
3,12,2,ShareholderToAggregator,Share,3360,2
3,12,2,AggregatorBroadcast,SplitDecision,49120,614
3,12,2,ShareholderToAggregator,Share,3360,2
3,12,2,AggregatorBroadcast,SplitDecision,49120,614
3,12,3,ClientToShareholder,CommittedGradientShare,3197712,1842
3,12,3,ShareholderToAggregator,Share,3360,2
3,12,3,AggregatorBroadcast,SplitDecision,49120,614
3,12,3,ShareholderToAggregator,Share,3360,2
3,12,3,ShareholderToAggregator,Share,3360,2
3,12,3,AggregatorBroadcast,SplitDecision,49120,614
3,12,3,ShareholderToAggregator,Share,3360,2
3,12,3,AggregatorBroadcast,SplitDecision,49120,614
3,12,3,ShareholderToAggregator,Share,3360,2
3,12,3,AggregatorBroadcast,SplitDecision,49120,614
3,12,3,ShareholderToAggregator,Share,3360,2
3,12,3,AggregatorBroadcast,SplitDecision,49120,614
3,12,3,ShareholderToAggregator,Share,3360,2
3,12,3,AggregatorBroadcast,SplitDecision,49120,614
3,12,4,ClientToShareholder,CommittedGradientShare,3197712,1842
3,12,4,ShareholderToAggregator,Share,3360,2
3,12,4,ShareholderToAggregator,Share,3360,2
3,12,4,ShareholderToAggregator,Share,3360,2
3,12,4,AggregatorBroadcast,SplitDecision,49120,614
3,12,4,ShareholderToAggregator,Share,3360,2
3,12,4,ShareholderToAggregator,Share,3360,2
3,12,4,AggregatorBroadcast,SplitDecision,49120,614
3,12,4,ShareholderToAggregator,Share,3360,2
3,12,4,AggregatorBroadcast,SplitDecision,49120,614
3,12,4,ShareholderToAggregator,Share,3360,2
3,12,4,AggregatorBroadcast,SplitDecision,49120,614
3,12,4,ShareholderToAggregator,Share,3360,2
3,12,4,AggregatorBroadcast,SplitDecision,49120,614
3,12,4,ShareholderToAggregator,Share,3360,2
3,12,4,AggregatorBroadcast,SplitDecision,49120,614
3,12,4,ShareholderToAggregator,Share,3360,2
3,12,5,ClientToShareholder,CommittedGradientShare,3197712,1842
3,12,5,ShareholderToAggregator,Share,3360,2
3,12,5,ShareholderToAggregator,Share,3360,2
3,12,5,ShareholderToAggregator,Share,3360,2
3,12,5,ShareholderToAggregator,Share,3360,2
3,12,5,ShareholderToAggregator,Share,3360,2
3,12,5,AggregatorBroadcast,SplitDecision,49120,614
3,12,5,ShareholderToAggregator,Share,3360,2
3,12,5,AggregatorBroadcast,SplitDecision,49120,614
3,12,5,ShareholderToAggregator,Share,3360,2
3,12,5,AggregatorBroadcast,SplitDecision,49120,614
3,12,5,ShareholderToAggregator,Share,3360,2
3,12,5,AggregatorBroadcast,SplitDecision,49120,614
3,12,5,ShareholderToAggregator,Share,3360,2
3,12,5,AggregatorBroadcast,SplitDecision,49120,614
3,12,5,ShareholderToAggregator,Share,3360,2
3,13,0,ClientToShareholder,CommittedGradientShare,3197712,1842
3,13,0,ShareholderToAggregator,Share,3360,2
3,13,0,AggregatorBroadcast,SplitDecision,49120,614
3,13,1,ClientToShareholder,CommittedGradientShare,3197712,1842
3,13,1,ShareholderToAggregator,Share,3360,2
3,13,1,AggregatorBroadcast,SplitDecision,49120,614
3,13,1,ShareholderToAggregator,Share,3360,2
3,13,1,AggregatorBroadcast,SplitDecision,49120,614
3,13,2,ClientToShareholder,CommittedGradientShare,3197712,1842
3,13,2,ShareholderToAggregator,Share,3360,2
3,13,2,ShareholderToAggregator,Share,3360,2
3,13,2,AggregatorBroadcast,SplitDecision,49120,614
3,13,2,ShareholderToAggregator,Share,3360,2
3,13,2,AggregatorBroadcast,SplitDecision,49120,614
3,13,2,ShareholderToAggregator,Share,3360,2
3,13,2,AggregatorBroadcast,SplitDecision,49120,614
3,13,3,ClientToShareholder,CommittedGradientShare,3197712,1842
3,13,3,ShareholderToAggregator,Share,3360,2
3,13,3,ShareholderToAggregator,Share,3360,2
3,13,3,AggregatorBroadcast,SplitDecision,49120,614
3,13,3,ShareholderToAggregator,Share,3360,2
3,13,3,AggregatorBroadcast,SplitDecision,49120,614
3,13,3,ShareholderToAggregator,Share,3360,2
3,13,3,AggregatorBroadcast,SplitDecision,49120,614
3,13,3,ShareholderToAggregator,Share,3360,2
3,13,3,AggregatorBroadcast,SplitDecision,49120,614
3,13,3,ShareholderToAggregator,Share,3360,2
3,13,3,AggregatorBroadcast,SplitDecision,49120,614
3,13,3,ShareholderToAggregator,Share,3360,2
3,13,3,AggregatorBroadcast,SplitDecision,49120,614
3,13,4,ClientToShareholder,CommittedGradientShare,3197712,1842
3,13,4,ShareholderToAggregator,Share,3360,2
3,13,4,ShareholderToAggregator,Share,3360,2
3,13,4,AggregatorBroadcast,SplitDecision,49120,614
3,13,4,ShareholderToAggregator,Share,3360,2
3,13,4,AggregatorBroadcast,SplitDecision,49120,614
3,13,4,ShareholderToAggregator,Share,3360,2
3,13,4,AggregatorBroadcast,SplitDecision,49120,614
3,13,4,ShareholderToAggregator,Share,3360,2
3,13,4,ShareholderToAggregator,Share,3360,2
3,13,4,AggregatorBroadcast,SplitDecision,49120,614
3,13,4,ShareholderToAggregator,Share,3360,2
3,13,4,AggregatorBroadcast,SplitDecision,49120,614
3,13,4,ShareholderToAggregator,Share,3360,2
3,13,4,ShareholderToAggregator,Share,3360,2
3,13,4,AggregatorBroadcast,SplitDecision,49120,614
3,13,4,ShareholderToAggregator,Share,3360,2
3,13,4,AggregatorBroadcast,SplitDecision,49120,614
3,13,4,ShareholderToAggregator,Share,3360,2
3,13,4,AggregatorBroadcast,SplitDecision,49120,614
3,13,5,ClientToShareholder,CommittedGradientShare,3197712,1842
3,13,5,ShareholderToAggregator,Share,3360,2
3,13,5,ShareholderToAggregator,Share,3360,2
3,13,5,ShareholderToAggregator,Share,3360,2
3,13,5,ShareholderToAggregator,Share,3360,2
3,13,5,AggregatorBroadcast,SplitDecision,49120,614
3,13,5,ShareholderToAggregator,Share,3360,2
3,13,5,AggregatorBroadcast,SplitDecision,49120,614
3,13,5,ShareholderToAggregator,Share,3360,2
3,13,5,AggregatorBroadcast,SplitDecision,49120,614
3,13,5,ShareholderToAggregator,Share,3360,2
3,13,5,AggregatorBroadcast,SplitDecision,49120,614
3,13,5,ShareholderToAggregator,Share,3360,2
3,13,5,AggregatorBroadcast,SplitDecision,49120,614
3,13,5,ShareholderToAggregator,Share,3360,2
3,13,5,AggregatorBroadcast,SplitDecision,49120,614
3,13,5,ShareholderToAggregator,Share,3360,2
3,13,5,AggregatorBroadcast,SplitDecision,49120,614
3,13,5,ShareholderToAggregator,Share,3360,2
3,13,5,AggregatorBroadcast,SplitDecision,49120,614
3,13,5,ShareholderToAggregator,Share,3360,2
3,13,5,ShareholderToAggregator,Share,3360,2
3,13,5,ShareholderToAggregator,Share,3360,2
3,13,5,AggregatorBroadcast,SplitDecision,49120,614
3,14,0,ClientToShareholder,CommittedGradientShare,3197712,1842
3,14,0,ShareholderToAggregator,Share,3360,2
3,14,0,AggregatorBroadcast,SplitDecision,49120,614
3,14,1,ClientToShareholder,CommittedGradientShare,3197712,1842
3,14,1,ShareholderToAggregator,Share,3360,2
3,14,1,AggregatorBroadcast,SplitDecision,49120,614
3,14,1,ShareholderToAggregator,Share,3360,2
3,14,1,AggregatorBroadcast,SplitDecision,49120,614
3,14,2,ClientToShareholder,CommittedGradientShare,3197712,1842
3,14,2,ShareholderToAggregator,Share,3360,2
3,14,2,AggregatorBroadcast,SplitDecision,49120,614
3,14,2,ShareholderToAggregator,Share,3360,2
3,14,2,AggregatorBroadcast,SplitDecision,49120,614
3,14,2,ShareholderToAggregator,Share,3360,2
3,14,2,AggregatorBroadcast,SplitDecision,49120,614
3,14,2,ShareholderToAggregator,Share,3360,2
3,14,2,AggregatorBroadcast,SplitDecision,49120,614
3,14,3,ClientToShareholder,CommittedGradientShare,3197712,1842
3,14,3,ShareholderToAggregator,Share,3360,2
3,14,3,AggregatorBroadcast,SplitDecision,49120,614
3,14,3,ShareholderToAggregator,Share,3360,2
3,14,3,ShareholderToAggregator,Share,3360,2
3,14,3,ShareholderToAggregator,Share,3360,2
3,14,3,AggregatorBroadcast,SplitDecision,49120,614
3,14,3,ShareholderToAggregator,Share,3360,2
3,14,3,AggregatorBroadcast,SplitDecision,49120,614
3,14,3,ShareholderToAggregator,Share,3360,2
3,14,3,AggregatorBroadcast,SplitDecision,49120,614
3,14,3,ShareholderToAggregator,Share,3360,2
3,14,3,AggregatorBroadcast,SplitDecision,49120,614
3,14,3,ShareholderToAggregator,Share,3360,2
3,14,3,AggregatorBroadcast,SplitDecision,49120,614
3,14,4,ClientToShareholder,CommittedGradientShare,3197712,1842
3,14,4,ShareholderToAggregator,Share,3360,2
3,14,4,ShareholderToAggregator,Share,3360,2
3,14,4,ShareholderToAggregator,Share,3360,2
3,14,4,AggregatorBroadcast,SplitDecision,49120,614
3,14,4,ShareholderToAggregator,Share,3360,2
3,14,4,AggregatorBroadcast,SplitDecision,49120,614
3,14,4,ShareholderToAggregator,Share,3360,2
3,14,4,AggregatorBroadcast,SplitDecision,49120,614
3,14,4,ShareholderToAggregator,Share,3360,2
3,14,4,AggregatorBroadcast,SplitDecision,49120,614
3,14,4,ShareholderToAggregator,Share,3360,2
3,14,4,AggregatorBroadcast,SplitDecision,49120,614
3,14,4,ShareholderToAggregator,Share,3360,2
3,14,4,AggregatorBroadcast,SplitDecision,49120,614
3,14,4,ShareholderToAggregator,Share,3360,2
3,14,4,AggregatorBroadcast,SplitDecision,49120,614
3,14,4,ShareholderToAggregator,Share,3360,2
3,14,4,AggregatorBroadcast,SplitDecision,49120,614
3,14,4,ShareholderToAggregator,Share,3360,2
3,14,5,ClientToShareholder,CommittedGradientShare,3197712,1842
3,14,5,ShareholderToAggregator,Share,3360,2
3,14,5,ShareholderToAggregator,Share,3360,2
3,14,5,ShareholderToAggregator,Share,3360,2
3,14,5,ShareholderToAggregator,Share,3360,2
3,14,5,ShareholderToAggregator,Share,3360,2
3,14,5,AggregatorBroadcast,SplitDecision,49120,614
3,14,5,ShareholderToAggregator,Share,3360,2
3,14,5,ShareholderToAggregator,Share,3360,2
3,14,5,AggregatorBroadcast,SplitDecision,49120,614
3,14,5,ShareholderToAggregator,Share,3360,2
3,14,5,ShareholderToAggregator,Share,3360,2
3,14,5,AggregatorBroadcast,SplitDecision,49120,614
3,14,5,ShareholderToAggregator,Share,3360,2
3,14,5,AggregatorBroadcast,SplitDecision,49120,614
3,14,5,ShareholderToAggregator,Share,3360,2
3,14,5,AggregatorBroadcast,SplitDecision,49120,614
3,14,5,ShareholderToAggregator,Share,3360,2
3,14,5,AggregatorBroadcast,SplitDecision,49120,614
3,14,5,ShareholderToAggregator,Share,3360,2
3,14,5,AggregatorBroadcast,SplitDecision,49120,614
3,14,5,ShareholderToAggregator,Share,3360,2
3,14,5,AggregatorBroadcast,SplitDecision,49120,614
4,0,0,ClientToShareholder,CommittedStatsShare,353664,1842
4,0,0,ShareholderToAggregator,Share,320,2
4,0,0,AggregatorBroadcast,BinConfiguration,73680,614
4,0,0,AggregatorBroadcast,BinConfiguration,73680,614
4,0,0,AggregatorBroadcast,BinConfiguration,73680,614
4,0,0,AggregatorBroadcast,BinConfiguration,73680,614
4,0,0,AggregatorBroadcast,BinConfiguration,73680,614
4,0,0,AggregatorBroadcast,BinConfiguration,73680,614
4,0,0,AggregatorBroadcast,BinConfiguration,73680,614
4,0,0,AggregatorBroadcast,BinConfiguration,73680,614
4,0,0,ClientToShareholder,CommittedGradientShare,3197712,1842
4,0,0,ShareholderToAggregator,Share,3360,2
4,0,0,AggregatorBroadcast,SplitDecision,49120,614
4,0,1,ClientToShareholder,CommittedGradientShare,3197712,1842
4,0,1,ShareholderToAggregator,Share,3360,2
4,0,1,AggregatorBroadcast,SplitDecision,49120,614
4,0,1,ShareholderToAggregator,Share,3360,2
4,0,1,AggregatorBroadcast,SplitDecision,49120,614
4,0,2,ClientToShareholder,CommittedGradientShare,3197712,1842
4,0,2,ShareholderToAggregator,Share,3360,2
4,0,2,AggregatorBroadcast,SplitDecision,49120,614
4,0,2,ShareholderToAggregator,Share,3360,2
4,0,2,AggregatorBroadcast,SplitDecision,49120,614
4,0,2,ShareholderToAggregator,Share,3360,2
4,0,2,AggregatorBroadcast,SplitDecision,49120,614
4,0,2,ShareholderToAggregator,Share,3360,2
4,0,3,ClientToShareholder,CommittedGradientShare,3197712,1842
4,0,3,ShareholderToAggregator,Share,3360,2
4,0,3,ShareholderToAggregator,Share,3360,2
4,0,3,AggregatorBroadcast,SplitDecision,49120,614
4,0,3,ShareholderToAggregator,Share,3360,2
4,0,3,AggregatorBroadcast,SplitDecision,49120,614
4,0,3,ShareholderToAggregator,Share,3360,2
4,0,3,AggregatorBroadcast,SplitDecision,49120,614
4,0,3,ShareholderToAggregator,Share,3360,2
4,0,3,AggregatorBroadcast,SplitDecision,49120,614
4,0,3,ShareholderToAggregator,Share,3360,2
4,0,3,AggregatorBroadcast,SplitDecision,49120,614
4,0,3,ShareholderToAggregator,Share,3360,2
4,0,3,AggregatorBroadcast,SplitDecision,49120,614
4,0,4,ClientToShareholder,CommittedGradientShare,3197712,1842
4,0,4,ShareholderToAggregator,Share,3360,2
4,0,4,ShareholderToAggregator,Share,3360,2
4,0,4,ShareholderToAggregator,Share,3360,2
4,0,4,AggregatorBroadcast,SplitDecision,49120,614
4,0,4,ShareholderToAggregator,Share,3360,2
4,0,4,ShareholderToAggregator,Share,3360,2
4,0,4,AggregatorBroadcast,SplitDecision,49120,614
4,0,4,ShareholderToAggregator,Share,3360,2
4,0,4,ShareholderToAggregator,Share,3360,2
4,0,4,AggregatorBroadcast,SplitDecision,49120,614
4,0,4,ShareholderToAggregator,Share,3360,2
4,0,4,AggregatorBroadcast,SplitDecision,49120,614
4,0,4,ShareholderToAggregator,Share,3360,2
4,0,4,AggregatorBroadcast,SplitDecision,49120,614
4,0,4,ShareholderToAggregator,Share,3360,2
4,0,4,AggregatorBroadcast,SplitDecision,49120,614
4,0,4,ShareholderToAggregator,Share,3360,2
4,0,5,ClientToShareholder,CommittedGradientShare,3197712,1842
4,0,5,ShareholderToAggregator,Share,3360,2
4,0,5,ShareholderToAggregator,Share,3360,2
4,0,5,ShareholderToAggregator,Share,3360,2
4,0,5,ShareholderToAggregator,Share,3360,2
4,0,5,ShareholderToAggregator,Share,3360,2
4,0,5,ShareholderToAggregator,Share,3360,2
4,0,5,ShareholderToAggregator,Share,3360,2
4,0,5,ShareholderToAggregator,Share,3360,2
4,0,5,AggregatorBroadcast,SplitDecision,49120,614
4,0,5,ShareholderToAggregator,Share,3360,2
4,0,5,AggregatorBroadcast,SplitDecision,49120,614
4,0,5,ShareholderToAggregator,Share,3360,2
4,0,5,ShareholderToAggregator,Share,3360,2
4,0,5,AggregatorBroadcast,SplitDecision,49120,614
4,0,5,ShareholderToAggregator,Share,3360,2
4,0,5,AggregatorBroadcast,SplitDecision,49120,614
4,0,5,ShareholderToAggregator,Share,3360,2
4,0,5,AggregatorBroadcast,SplitDecision,49120,614
4,1,0,ClientToShareholder,CommittedGradientShare,3197712,1842
4,1,0,ShareholderToAggregator,Share,3360,2
4,1,0,AggregatorBroadcast,SplitDecision,49120,614
4,1,1,ClientToShareholder,CommittedGradientShare,3197712,1842
4,1,1,ShareholderToAggregator,Share,3360,2
4,1,1,AggregatorBroadcast,SplitDecision,49120,614
4,1,1,ShareholderToAggregator,Share,3360,2
4,1,1,AggregatorBroadcast,SplitDecision,49120,614
4,1,2,ClientToShareholder,CommittedGradientShare,3197712,1842
4,1,2,ShareholderToAggregator,Share,3360,2
4,1,2,AggregatorBroadcast,SplitDecision,49120,614
4,1,2,ShareholderToAggregator,Share,3360,2
4,1,2,AggregatorBroadcast,SplitDecision,49120,614
4,1,2,ShareholderToAggregator,Share,3360,2
4,1,2,AggregatorBroadcast,SplitDecision,49120,614
4,1,2,ShareholderToAggregator,Share,3360,2
4,1,2,AggregatorBroadcast,SplitDecision,49120,614
4,1,3,ClientToShareholder,CommittedGradientShare,3197712,1842
4,1,3,ShareholderToAggregator,Share,3360,2
4,1,3,AggregatorBroadcast,SplitDecision,49120,614
4,1,3,ShareholderToAggregator,Share,3360,2
4,1,3,AggregatorBroadcast,SplitDecision,49120,614
4,1,3,ShareholderToAggregator,Share,3360,2
4,1,3,ShareholderToAggregator,Share,3360,2
4,1,3,AggregatorBroadcast,SplitDecision,49120,614
4,1,3,ShareholderToAggregator,Share,3360,2
4,1,3,AggregatorBroadcast,SplitDecision,49120,614
4,1,3,ShareholderToAggregator,Share,3360,2
4,1,3,AggregatorBroadcast,SplitDecision,49120,614
4,1,3,ShareholderToAggregator,Share,3360,2
4,1,3,AggregatorBroadcast,SplitDecision,49120,614
4,1,3,ShareholderToAggregator,Share,3360,2
4,1,4,ClientToShareholder,CommittedGradientShare,3197712,1842
4,1,4,ShareholderToAggregator,Share,3360,2
4,1,4,ShareholderToAggregator,Share,3360,2
4,1,4,ShareholderToAggregator,Share,3360,2
4,1,4,ShareholderToAggregator,Share,3360,2
4,1,4,ShareholderToAggregator,Share,3360,2
4,1,4,AggregatorBroadcast,SplitDecision,49120,614
4,1,4,ShareholderToAggregator,Share,3360,2
4,1,4,AggregatorBroadcast,SplitDecision,49120,614
4,1,4,ShareholderToAggregator,Share,3360,2
4,1,4,AggregatorBroadcast,SplitDecision,49120,614
4,1,4,ShareholderToAggregator,Share,3360,2
4,1,4,ShareholderToAggregator,Share,3360,2
4,1,4,AggregatorBroadcast,SplitDecision,49120,614
4,1,4,ShareholderToAggregator,Share,3360,2
4,1,4,AggregatorBroadcast,SplitDecision,49120,614
4,1,4,ShareholderToAggregator,Share,3360,2
4,1,4,AggregatorBroadcast,SplitDecision,49120,614
4,1,4,ShareholderToAggregator,Share,3360,2
4,1,4,AggregatorBroadcast,SplitDecision,49120,614
4,1,4,ShareholderToAggregator,Share,3360,2
4,1,4,AggregatorBroadcast,SplitDecision,49120,614
4,1,5,ClientToShareholder,CommittedGradientShare,3197712,1842
4,1,5,ShareholderToAggregator,Share,3360,2
4,1,5,ShareholderToAggregator,Share,3360,2
4,1,5,ShareholderToAggregator,Share,3360,2
4,1,5,ShareholderToAggregator,Share,3360,2
4,1,5,ShareholderToAggregator,Share,3360,2
4,1,5,ShareholderToAggregator,Share,3360,2
4,1,5,AggregatorBroadcast,SplitDecision,49120,614
4,1,5,ShareholderToAggregator,Share,3360,2
4,1,5,ShareholderToAggregator,Share,3360,2
4,1,5,ShareholderToAggregator,Share,3360,2
4,1,5,AggregatorBroadcast,SplitDecision,49120,614
4,1,5,ShareholderToAggregator,Share,3360,2
4,1,5,AggregatorBroadcast,SplitDecision,49120,614
4,1,5,ShareholderToAggregator,Share,3360,2
4,1,5,AggregatorBroadcast,SplitDecision,49120,614
4,1,5,ShareholderToAggregator,Share,3360,2
4,1,5,AggregatorBroadcast,SplitDecision,49120,614
4,1,5,ShareholderToAggregator,Share,3360,2
4,1,5,AggregatorBroadcast,SplitDecision,49120,614
4,1,5,ShareholderToAggregator,Share,3360,2
4,1,5,AggregatorBroadcast,SplitDecision,49120,614
4,1,5,ShareholderToAggregator,Share,3360,2
4,2,0,ClientToShareholder,CommittedGradientShare,3197712,1842
4,2,0,ShareholderToAggregator,Share,3360,2
4,2,0,AggregatorBroadcast,SplitDecision,49120,614
4,2,1,ClientToShareholder,CommittedGradientShare,3197712,1842
4,2,1,ShareholderToAggregator,Share,3360,2
4,2,1,AggregatorBroadcast,SplitDecision,49120,614
4,2,1,ShareholderToAggregator,Share,3360,2
4,2,1,AggregatorBroadcast,SplitDecision,49120,614
4,2,2,ClientToShareholder,CommittedGradientShare,3197712,1842
4,2,2,ShareholderToAggregator,Share,3360,2
4,2,2,AggregatorBroadcast,SplitDecision,49120,614
4,2,2,ShareholderToAggregator,Share,3360,2
4,2,2,AggregatorBroadcast,SplitDecision,49120,614
4,2,2,ShareholderToAggregator,Share,3360,2
4,2,2,AggregatorBroadcast,SplitDecision,49120,614
4,2,2,ShareholderToAggregator,Share,3360,2
4,2,2,AggregatorBroadcast,SplitDecision,49120,614
4,2,3,ClientToShareholder,CommittedGradientShare,3197712,1842
4,2,3,ShareholderToAggregator,Share,3360,2
4,2,3,AggregatorBroadcast,SplitDecision,49120,614
4,2,3,ShareholderToAggregator,Share,3360,2
4,2,3,AggregatorBroadcast,SplitDecision,49120,614
4,2,3,ShareholderToAggregator,Share,3360,2
4,2,3,ShareholderToAggregator,Share,3360,2
4,2,3,AggregatorBroadcast,SplitDecision,49120,614
4,2,3,ShareholderToAggregator,Share,3360,2
4,2,3,AggregatorBroadcast,SplitDecision,49120,614
4,2,3,ShareholderToAggregator,Share,3360,2
4,2,3,AggregatorBroadcast,SplitDecision,49120,614
4,2,3,ShareholderToAggregator,Share,3360,2
4,2,3,AggregatorBroadcast,SplitDecision,49120,614
4,2,3,ShareholderToAggregator,Share,3360,2
4,2,3,AggregatorBroadcast,SplitDecision,49120,614
4,2,4,ClientToShareholder,CommittedGradientShare,3197712,1842
4,2,4,ShareholderToAggregator,Share,3360,2
4,2,4,ShareholderToAggregator,Share,3360,2
4,2,4,ShareholderToAggregator,Share,3360,2
4,2,4,ShareholderToAggregator,Share,3360,2
4,2,4,AggregatorBroadcast,SplitDecision,49120,614
4,2,4,ShareholderToAggregator,Share,3360,2
4,2,4,AggregatorBroadcast,SplitDecision,49120,614
4,2,4,ShareholderToAggregator,Share,3360,2
4,2,4,AggregatorBroadcast,SplitDecision,49120,614
4,2,4,ShareholderToAggregator,Share,3360,2
4,2,4,AggregatorBroadcast,SplitDecision,49120,614
4,2,4,ShareholderToAggregator,Share,3360,2
4,2,4,AggregatorBroadcast,SplitDecision,49120,614
4,2,4,ShareholderToAggregator,Share,3360,2
4,2,4,AggregatorBroadcast,SplitDecision,49120,614
4,2,4,ShareholderToAggregator,Share,3360,2
4,2,4,AggregatorBroadcast,SplitDecision,49120,614
4,2,4,ShareholderToAggregator,Share,3360,2
4,2,4,AggregatorBroadcast,SplitDecision,49120,614
4,2,4,ShareholderToAggregator,Share,3360,2
4,2,4,AggregatorBroadcast,SplitDecision,49120,614
4,2,4,ShareholderToAggregator,Share,3360,2
4,2,5,ClientToShareholder,CommittedGradientShare,3197712,1842
4,2,5,ShareholderToAggregator,Share,3360,2
4,2,5,ShareholderToAggregator,Share,3360,2
4,2,5,ShareholderToAggregator,Share,3360,2
4,2,5,ShareholderToAggregator,Share,3360,2
4,2,5,ShareholderToAggregator,Share,3360,2
4,2,5,AggregatorBroadcast,SplitDecision,49120,614
4,2,5,ShareholderToAggregator,Share,3360,2
4,2,5,AggregatorBroadcast,SplitDecision,49120,614
4,2,5,ShareholderToAggregator,Share,3360,2
4,2,5,AggregatorBroadcast,SplitDecision,49120,614
4,2,5,ShareholderToAggregator,Share,3360,2
4,2,5,ShareholderToAggregator,Share,3360,2
4,2,5,AggregatorBroadcast,SplitDecision,49120,614
4,2,5,ShareholderToAggregator,Share,3360,2
4,2,5,AggregatorBroadcast,SplitDecision,49120,614
4,2,5,ShareholderToAggregator,Share,3360,2
4,2,5,AggregatorBroadcast,SplitDecision,49120,614
4,2,5,ShareholderToAggregator,Share,3360,2
4,2,5,AggregatorBroadcast,SplitDecision,49120,614
4,2,5,ShareholderToAggregator,Share,3360,2
4,2,5,AggregatorBroadcast,SplitDecision,49120,614
4,2,5,ShareholderToAggregator,Share,3360,2
4,2,5,AggregatorBroadcast,SplitDecision,49120,614
4,2,5,ShareholderToAggregator,Share,3360,2
4,2,5,AggregatorBroadcast,SplitDecision,49120,614
4,2,5,ShareholderToAggregator,Share,3360,2
4,3,0,ClientToShareholder,CommittedGradientShare,3197712,1842
4,3,0,ShareholderToAggregator,Share,3360,2
4,3,0,AggregatorBroadcast,SplitDecision,49120,614
4,3,1,ClientToShareholder,CommittedGradientShare,3197712,1842
4,3,1,ShareholderToAggregator,Share,3360,2
4,3,1,AggregatorBroadcast,SplitDecision,49120,614
4,3,1,ShareholderToAggregator,Share,3360,2
4,3,1,AggregatorBroadcast,SplitDecision,49120,614
4,3,2,ClientToShareholder,CommittedGradientShare,3197712,1842
4,3,2,ShareholderToAggregator,Share,3360,2
4,3,2,AggregatorBroadcast,SplitDecision,49120,614
4,3,2,ShareholderToAggregator,Share,3360,2
4,3,2,AggregatorBroadcast,SplitDecision,49120,614
4,3,2,ShareholderToAggregator,Share,3360,2
4,3,2,AggregatorBroadcast,SplitDecision,49120,614
4,3,2,ShareholderToAggregator,Share,3360,2
4,3,2,AggregatorBroadcast,SplitDecision,49120,614
4,3,3,ClientToShareholder,CommittedGradientShare,3197712,1842
4,3,3,ShareholderToAggregator,Share,3360,2
4,3,3,ShareholderToAggregator,Share,3360,2
4,3,3,AggregatorBroadcast,SplitDecision,49120,614
4,3,3,ShareholderToAggregator,Share,3360,2
4,3,3,ShareholderToAggregator,Share,3360,2
4,3,3,AggregatorBroadcast,SplitDecision,49120,614
4,3,3,ShareholderToAggregator,Share,3360,2
4,3,3,AggregatorBroadcast,SplitDecision,49120,614
4,3,3,ShareholderToAggregator,Share,3360,2
4,3,3,AggregatorBroadcast,SplitDecision,49120,614
4,3,3,ShareholderToAggregator,Share,3360,2
4,3,3,AggregatorBroadcast,SplitDecision,49120,614
4,3,3,ShareholderToAggregator,Share,3360,2
4,3,3,AggregatorBroadcast,SplitDecision,49120,614
4,3,4,ClientToShareholder,CommittedGradientShare,3197712,1842
4,3,4,ShareholderToAggregator,Share,3360,2
4,3,4,ShareholderToAggregator,Share,3360,2
4,3,4,ShareholderToAggregator,Share,3360,2
4,3,4,AggregatorBroadcast,SplitDecision,49120,614
4,3,4,ShareholderToAggregator,Share,3360,2
4,3,4,AggregatorBroadcast,SplitDecision,49120,614
4,3,4,ShareholderToAggregator,Share,3360,2
4,3,4,AggregatorBroadcast,SplitDecision,49120,614
4,3,4,ShareholderToAggregator,Share,3360,2
4,3,4,AggregatorBroadcast,SplitDecision,49120,614
4,3,4,ShareholderToAggregator,Share,3360,2
4,3,4,AggregatorBroadcast,SplitDecision,49120,614
4,3,4,ShareholderToAggregator,Share,3360,2
4,3,4,AggregatorBroadcast,SplitDecision,49120,614
4,3,4,ShareholderToAggregator,Share,3360,2
4,3,4,AggregatorBroadcast,SplitDecision,49120,614
4,3,4,ShareholderToAggregator,Share,3360,2
4,3,4,AggregatorBroadcast,SplitDecision,49120,614
4,3,4,ShareholderToAggregator,Share,3360,2
4,3,4,AggregatorBroadcast,SplitDecision,49120,614
4,3,4,ShareholderToAggregator,Share,3360,2
4,3,4,AggregatorBroadcast,SplitDecision,49120,614
4,3,4,ShareholderToAggregator,Share,3360,2
4,3,4,AggregatorBroadcast,SplitDecision,49120,614
4,3,4,ShareholderToAggregator,Share,3360,2
4,3,4,AggregatorBroadcast,SplitDecision,49120,614
4,3,5,ClientToShareholder,CommittedGradientShare,3197712,1842
4,3,5,ShareholderToAggregator,Share,3360,2
4,3,5,ShareholderToAggregator,Share,3360,2
4,3,5,ShareholderToAggregator,Share,3360,2
4,3,5,ShareholderToAggregator,Share,3360,2
4,3,5,ShareholderToAggregator,Share,3360,2
4,3,5,AggregatorBroadcast,SplitDecision,49120,614
4,3,5,ShareholderToAggregator,Share,3360,2
4,3,5,AggregatorBroadcast,SplitDecision,49120,614
4,3,5,ShareholderToAggregator,Share,3360,2
4,3,5,AggregatorBroadcast,SplitDecision,49120,614
4,3,5,ShareholderToAggregator,Share,3360,2
4,3,5,ShareholderToAggregator,Share,3360,2
4,3,5,AggregatorBroadcast,SplitDecision,49120,614
4,3,5,ShareholderToAggregator,Share,3360,2
4,3,5,AggregatorBroadcast,SplitDecision,49120,614
4,3,5,ShareholderToAggregator,Share,3360,2
4,3,5,AggregatorBroadcast,SplitDecision,49120,614
4,3,5,ShareholderToAggregator,Share,3360,2
4,3,5,ShareholderToAggregator,Share,3360,2
4,3,5,AggregatorBroadcast,SplitDecision,49120,614
4,3,5,ShareholderToAggregator,Share,3360,2
4,3,5,AggregatorBroadcast,SplitDecision,49120,614
4,3,5,ShareholderToAggregator,Share,3360,2
4,3,5,ShareholderToAggregator,Share,3360,2
4,3,5,AggregatorBroadcast,SplitDecision,49120,614
4,3,5,ShareholderToAggregator,Share,3360,2
4,3,5,ShareholderToAggregator,Share,3360,2
4,3,5,AggregatorBroadcast,SplitDecision,49120,614
4,4,0,ClientToShareholder,CommittedGradientShare,3197712,1842
4,4,0,ShareholderToAggregator,Share,3360,2
4,4,0,AggregatorBroadcast,SplitDecision,49120,614
4,4,1,ClientToShareholder,CommittedGradientShare,3197712,1842
4,4,1,ShareholderToAggregator,Share,3360,2
4,4,1,AggregatorBroadcast,SplitDecision,49120,614
4,4,1,ShareholderToAggregator,Share,3360,2
4,4,1,AggregatorBroadcast,SplitDecision,49120,614
4,4,2,ClientToShareholder,CommittedGradientShare,3197712,1842
4,4,2,ShareholderToAggregator,Share,3360,2
4,4,2,AggregatorBroadcast,SplitDecision,49120,614
4,4,2,ShareholderToAggregator,Share,3360,2
4,4,2,AggregatorBroadcast,SplitDecision,49120,614
4,4,2,ShareholderToAggregator,Share,3360,2
4,4,2,AggregatorBroadcast,SplitDecision,49120,614
4,4,2,ShareholderToAggregator,Share,3360,2
4,4,2,AggregatorBroadcast,SplitDecision,49120,614
4,4,3,ClientToShareholder,CommittedGradientShare,3197712,1842
4,4,3,ShareholderToAggregator,Share,3360,2
4,4,3,ShareholderToAggregator,Share,3360,2
4,4,3,AggregatorBroadcast,SplitDecision,49120,614
4,4,3,ShareholderToAggregator,Share,3360,2
4,4,3,ShareholderToAggregator,Share,3360,2
4,4,3,AggregatorBroadcast,SplitDecision,49120,614
4,4,3,ShareholderToAggregator,Share,3360,2
4,4,3,AggregatorBroadcast,SplitDecision,49120,614
4,4,3,ShareholderToAggregator,Share,3360,2
4,4,3,AggregatorBroadcast,SplitDecision,49120,614
4,4,3,ShareholderToAggregator,Share,3360,2
4,4,3,AggregatorBroadcast,SplitDecision,49120,614
4,4,3,ShareholderToAggregator,Share,3360,2
4,4,4,ClientToShareholder,CommittedGradientShare,3197712,1842
4,4,4,ShareholderToAggregator,Share,3360,2
4,4,4,ShareholderToAggregator,Share,3360,2
4,4,4,ShareholderToAggregator,Share,3360,2
4,4,4,ShareholderToAggregator,Share,3360,2
4,4,4,ShareholderToAggregator,Share,3360,2
4,4,4,AggregatorBroadcast,SplitDecision,49120,614
4,4,4,ShareholderToAggregator,Share,3360,2
4,4,4,AggregatorBroadcast,SplitDecision,49120,614
4,4,4,ShareholderToAggregator,Share,3360,2
4,4,4,AggregatorBroadcast,SplitDecision,49120,614
4,4,4,ShareholderToAggregator,Share,3360,2
4,4,4,AggregatorBroadcast,SplitDecision,49120,614
4,4,4,ShareholderToAggregator,Share,3360,2
4,4,4,AggregatorBroadcast,SplitDecision,49120,614
4,4,4,ShareholderToAggregator,Share,3360,2
4,4,4,AggregatorBroadcast,SplitDecision,49120,614
4,4,4,ShareholderToAggregator,Share,3360,2
4,4,4,AggregatorBroadcast,SplitDecision,49120,614
4,4,4,ShareholderToAggregator,Share,3360,2
4,4,4,AggregatorBroadcast,SplitDecision,49120,614
4,4,5,ClientToShareholder,CommittedGradientShare,3197712,1842
4,4,5,ShareholderToAggregator,Share,3360,2
4,4,5,ShareholderToAggregator,Share,3360,2
4,4,5,ShareholderToAggregator,Share,3360,2
4,4,5,ShareholderToAggregator,Share,3360,2
4,4,5,ShareholderToAggregator,Share,3360,2
4,4,5,AggregatorBroadcast,SplitDecision,49120,614
4,4,5,ShareholderToAggregator,Share,3360,2
4,4,5,AggregatorBroadcast,SplitDecision,49120,614
4,4,5,ShareholderToAggregator,Share,3360,2
4,4,5,AggregatorBroadcast,SplitDecision,49120,614
4,4,5,ShareholderToAggregator,Share,3360,2
4,4,5,ShareholderToAggregator,Share,3360,2
4,4,5,AggregatorBroadcast,SplitDecision,49120,614
4,4,5,ShareholderToAggregator,Share,3360,2
4,4,5,ShareholderToAggregator,Share,3360,2
4,4,5,AggregatorBroadcast,SplitDecision,49120,614
4,4,5,ShareholderToAggregator,Share,3360,2
4,4,5,AggregatorBroadcast,SplitDecision,49120,614
4,4,5,ShareholderToAggregator,Share,3360,2
4,4,5,AggregatorBroadcast,SplitDecision,49120,614
4,4,5,ShareholderToAggregator,Share,3360,2
4,4,5,AggregatorBroadcast,SplitDecision,49120,614
4,4,5,ShareholderToAggregator,Share,3360,2
4,4,5,AggregatorBroadcast,SplitDecision,49120,614
4,4,5,ShareholderToAggregator,Share,3360,2
4,4,5,AggregatorBroadcast,SplitDecision,49120,614
4,4,5,ShareholderToAggregator,Share,3360,2
4,4,5,AggregatorBroadcast,SplitDecision,49120,614
4,4,5,ShareholderToAggregator,Share,3360,2
4,5,0,ClientToShareholder,CommittedGradientShare,3197712,1842
4,5,0,ShareholderToAggregator,Share,3360,2
4,5,0,AggregatorBroadcast,SplitDecision,49120,614
4,5,1,ClientToShareholder,CommittedGradientShare,3197712,1842
4,5,1,ShareholderToAggregator,Share,3360,2
4,5,1,AggregatorBroadcast,SplitDecision,49120,614
4,5,1,ShareholderToAggregator,Share,3360,2
4,5,1,AggregatorBroadcast,SplitDecision,49120,614
4,5,2,ClientToShareholder,CommittedGradientShare,3197712,1842
4,5,2,ShareholderToAggregator,Share,3360,2
4,5,2,AggregatorBroadcast,SplitDecision,49120,614
4,5,2,ShareholderToAggregator,Share,3360,2
4,5,2,AggregatorBroadcast,SplitDecision,49120,614
4,5,2,ShareholderToAggregator,Share,3360,2
4,5,2,AggregatorBroadcast,SplitDecision,49120,614
4,5,2,ShareholderToAggregator,Share,3360,2
4,5,2,AggregatorBroadcast,SplitDecision,49120,614
4,5,3,ClientToShareholder,CommittedGradientShare,3197712,1842
4,5,3,ShareholderToAggregator,Share,3360,2
4,5,3,ShareholderToAggregator,Share,3360,2
4,5,3,AggregatorBroadcast,SplitDecision,49120,614
4,5,3,ShareholderToAggregator,Share,3360,2
4,5,3,ShareholderToAggregator,Share,3360,2
4,5,3,AggregatorBroadcast,SplitDecision,49120,614
4,5,3,ShareholderToAggregator,Share,3360,2
4,5,3,AggregatorBroadcast,SplitDecision,49120,614
4,5,3,ShareholderToAggregator,Share,3360,2
4,5,3,AggregatorBroadcast,SplitDecision,49120,614
4,5,3,ShareholderToAggregator,Share,3360,2
4,5,3,AggregatorBroadcast,SplitDecision,49120,614
4,5,3,ShareholderToAggregator,Share,3360,2
4,5,3,AggregatorBroadcast,SplitDecision,49120,614
4,5,4,ClientToShareholder,CommittedGradientShare,3197712,1842
4,5,4,ShareholderToAggregator,Share,3360,2
4,5,4,ShareholderToAggregator,Share,3360,2
4,5,4,ShareholderToAggregator,Share,3360,2
4,5,4,AggregatorBroadcast,SplitDecision,49120,614
4,5,4,ShareholderToAggregator,Share,3360,2
4,5,4,AggregatorBroadcast,SplitDecision,49120,614
4,5,4,ShareholderToAggregator,Share,3360,2
4,5,4,AggregatorBroadcast,SplitDecision,49120,614
4,5,4,ShareholderToAggregator,Share,3360,2
4,5,4,AggregatorBroadcast,SplitDecision,49120,614
4,5,4,ShareholderToAggregator,Share,3360,2
4,5,4,ShareholderToAggregator,Share,3360,2
4,5,4,AggregatorBroadcast,SplitDecision,49120,614
4,5,4,ShareholderToAggregator,Share,3360,2
4,5,4,AggregatorBroadcast,SplitDecision,49120,614
4,5,4,ShareholderToAggregator,Share,3360,2
4,5,4,AggregatorBroadcast,SplitDecision,49120,614
4,5,4,ShareholderToAggregator,Share,3360,2
4,5,4,AggregatorBroadcast,SplitDecision,49120,614
4,5,4,ShareholderToAggregator,Share,3360,2
4,5,4,AggregatorBroadcast,SplitDecision,49120,614
4,5,4,ShareholderToAggregator,Share,3360,2
4,5,4,AggregatorBroadcast,SplitDecision,49120,614
4,5,4,ShareholderToAggregator,Share,3360,2
4,5,5,ClientToShareholder,CommittedGradientShare,3197712,1842
4,5,5,ShareholderToAggregator,Share,3360,2
4,5,5,ShareholderToAggregator,Share,3360,2
4,5,5,ShareholderToAggregator,Share,3360,2
4,5,5,ShareholderToAggregator,Share,3360,2
4,5,5,ShareholderToAggregator,Share,3360,2
4,5,5,AggregatorBroadcast,SplitDecision,49120,614
4,5,5,ShareholderToAggregator,Share,3360,2
4,5,5,AggregatorBroadcast,SplitDecision,49120,614
4,5,5,ShareholderToAggregator,Share,3360,2
4,5,5,AggregatorBroadcast,SplitDecision,49120,614
4,5,5,ShareholderToAggregator,Share,3360,2
4,5,5,AggregatorBroadcast,SplitDecision,49120,614
4,5,5,ShareholderToAggregator,Share,3360,2
4,5,5,AggregatorBroadcast,SplitDecision,49120,614
4,5,5,ShareholderToAggregator,Share,3360,2
4,5,5,ShareholderToAggregator,Share,3360,2
4,5,5,AggregatorBroadcast,SplitDecision,49120,614
4,5,5,ShareholderToAggregator,Share,3360,2
4,5,5,AggregatorBroadcast,SplitDecision,49120,614
4,5,5,ShareholderToAggregator,Share,3360,2
4,5,5,AggregatorBroadcast,SplitDecision,49120,614
4,5,5,ShareholderToAggregator,Share,3360,2
4,5,5,ShareholderToAggregator,Share,3360,2
4,5,5,AggregatorBroadcast,SplitDecision,49120,614
4,5,5,ShareholderToAggregator,Share,3360,2
4,5,5,ShareholderToAggregator,Share,3360,2
4,5,5,AggregatorBroadcast,SplitDecision,49120,614
4,6,0,ClientToShareholder,CommittedGradientShare,3197712,1842
4,6,0,ShareholderToAggregator,Share,3360,2
4,6,0,AggregatorBroadcast,SplitDecision,49120,614
4,6,1,ClientToShareholder,CommittedGradientShare,3197712,1842
4,6,1,ShareholderToAggregator,Share,3360,2
4,6,1,AggregatorBroadcast,SplitDecision,49120,614
4,6,1,ShareholderToAggregator,Share,3360,2
4,6,1,AggregatorBroadcast,SplitDecision,49120,614
4,6,2,ClientToShareholder,CommittedGradientShare,3197712,1842
4,6,2,ShareholderToAggregator,Share,3360,2
4,6,2,AggregatorBroadcast,SplitDecision,49120,614
4,6,2,ShareholderToAggregator,Share,3360,2
4,6,2,AggregatorBroadcast,SplitDecision,49120,614
4,6,2,ShareholderToAggregator,Share,3360,2
4,6,2,AggregatorBroadcast,SplitDecision,49120,614
4,6,2,ShareholderToAggregator,Share,3360,2
4,6,2,AggregatorBroadcast,SplitDecision,49120,614
4,6,3,ClientToShareholder,CommittedGradientShare,3197712,1842
4,6,3,ShareholderToAggregator,Share,3360,2
4,6,3,ShareholderToAggregator,Share,3360,2
4,6,3,AggregatorBroadcast,SplitDecision,49120,614
4,6,3,ShareholderToAggregator,Share,3360,2
4,6,3,ShareholderToAggregator,Share,3360,2
4,6,3,AggregatorBroadcast,SplitDecision,49120,614
4,6,3,ShareholderToAggregator,Share,3360,2
4,6,3,AggregatorBroadcast,SplitDecision,49120,614
4,6,3,ShareholderToAggregator,Share,3360,2
4,6,3,AggregatorBroadcast,SplitDecision,49120,614
4,6,3,ShareholderToAggregator,Share,3360,2
4,6,3,AggregatorBroadcast,SplitDecision,49120,614
4,6,4,ClientToShareholder,CommittedGradientShare,3197712,1842
4,6,4,ShareholderToAggregator,Share,3360,2
4,6,4,ShareholderToAggregator,Share,3360,2
4,6,4,ShareholderToAggregator,Share,3360,2
4,6,4,AggregatorBroadcast,SplitDecision,49120,614
4,6,4,ShareholderToAggregator,Share,3360,2
4,6,4,AggregatorBroadcast,SplitDecision,49120,614
4,6,4,ShareholderToAggregator,Share,3360,2
4,6,4,AggregatorBroadcast,SplitDecision,49120,614
4,6,4,ShareholderToAggregator,Share,3360,2
4,6,4,AggregatorBroadcast,SplitDecision,49120,614
4,6,4,ShareholderToAggregator,Share,3360,2
4,6,4,AggregatorBroadcast,SplitDecision,49120,614
4,6,4,ShareholderToAggregator,Share,3360,2
4,6,4,AggregatorBroadcast,SplitDecision,49120,614
4,6,4,ShareholderToAggregator,Share,3360,2
4,6,4,AggregatorBroadcast,SplitDecision,49120,614
4,6,4,ShareholderToAggregator,Share,3360,2
4,6,4,AggregatorBroadcast,SplitDecision,49120,614
4,6,4,ShareholderToAggregator,Share,3360,2
4,6,4,ShareholderToAggregator,Share,3360,2
4,6,4,AggregatorBroadcast,SplitDecision,49120,614
4,6,5,ClientToShareholder,CommittedGradientShare,3197712,1842
4,6,5,ShareholderToAggregator,Share,3360,2
4,6,5,ShareholderToAggregator,Share,3360,2
4,6,5,ShareholderToAggregator,Share,3360,2
4,6,5,ShareholderToAggregator,Share,3360,2
4,6,5,AggregatorBroadcast,SplitDecision,49120,614
4,6,5,ShareholderToAggregator,Share,3360,2
4,6,5,AggregatorBroadcast,SplitDecision,49120,614
4,6,5,ShareholderToAggregator,Share,3360,2
4,6,5,AggregatorBroadcast,SplitDecision,49120,614
4,6,5,ShareholderToAggregator,Share,3360,2
4,6,5,AggregatorBroadcast,SplitDecision,49120,614
4,6,5,ShareholderToAggregator,Share,3360,2
4,6,5,ShareholderToAggregator,Share,3360,2
4,6,5,AggregatorBroadcast,SplitDecision,49120,614
4,6,5,ShareholderToAggregator,Share,3360,2
4,6,5,AggregatorBroadcast,SplitDecision,49120,614
4,6,5,ShareholderToAggregator,Share,3360,2
4,6,5,ShareholderToAggregator,Share,3360,2
4,6,5,AggregatorBroadcast,SplitDecision,49120,614
4,6,5,ShareholderToAggregator,Share,3360,2
4,6,5,AggregatorBroadcast,SplitDecision,49120,614
4,6,5,ShareholderToAggregator,Share,3360,2
4,6,5,AggregatorBroadcast,SplitDecision,49120,614
4,6,5,ShareholderToAggregator,Share,3360,2
4,6,5,AggregatorBroadcast,SplitDecision,49120,614
4,6,5,ShareholderToAggregator,Share,3360,2
4,6,5,AggregatorBroadcast,SplitDecision,49120,614
4,7,0,ClientToShareholder,CommittedGradientShare,3197712,1842
4,7,0,ShareholderToAggregator,Share,3360,2
4,7,0,AggregatorBroadcast,SplitDecision,49120,614
4,7,1,ClientToShareholder,CommittedGradientShare,3197712,1842
4,7,1,ShareholderToAggregator,Share,3360,2
4,7,1,AggregatorBroadcast,SplitDecision,49120,614
4,7,1,ShareholderToAggregator,Share,3360,2
4,7,1,AggregatorBroadcast,SplitDecision,49120,614
4,7,2,ClientToShareholder,CommittedGradientShare,3197712,1842
4,7,2,ShareholderToAggregator,Share,3360,2
4,7,2,AggregatorBroadcast,SplitDecision,49120,614
4,7,2,ShareholderToAggregator,Share,3360,2
4,7,2,AggregatorBroadcast,SplitDecision,49120,614
4,7,2,ShareholderToAggregator,Share,3360,2
4,7,2,AggregatorBroadcast,SplitDecision,49120,614
4,7,2,ShareholderToAggregator,Share,3360,2
4,7,2,AggregatorBroadcast,SplitDecision,49120,614
4,7,3,ClientToShareholder,CommittedGradientShare,3197712,1842
4,7,3,ShareholderToAggregator,Share,3360,2
4,7,3,AggregatorBroadcast,SplitDecision,49120,614
4,7,3,ShareholderToAggregator,Share,3360,2
4,7,3,AggregatorBroadcast,SplitDecision,49120,614
4,7,3,ShareholderToAggregator,Share,3360,2
4,7,3,ShareholderToAggregator,Share,3360,2
4,7,3,AggregatorBroadcast,SplitDecision,49120,614
4,7,3,ShareholderToAggregator,Share,3360,2
4,7,3,AggregatorBroadcast,SplitDecision,49120,614
4,7,3,ShareholderToAggregator,Share,3360,2
4,7,3,AggregatorBroadcast,SplitDecision,49120,614
4,7,4,ClientToShareholder,CommittedGradientShare,3197712,1842
4,7,4,ShareholderToAggregator,Share,3360,2
4,7,4,ShareholderToAggregator,Share,3360,2
4,7,4,AggregatorBroadcast,SplitDecision,49120,614
4,7,4,ShareholderToAggregator,Share,3360,2
4,7,4,AggregatorBroadcast,SplitDecision,49120,614
4,7,4,ShareholderToAggregator,Share,3360,2
4,7,4,AggregatorBroadcast,SplitDecision,49120,614
4,7,4,ShareholderToAggregator,Share,3360,2
4,7,4,AggregatorBroadcast,SplitDecision,49120,614
4,7,4,ShareholderToAggregator,Share,3360,2
4,7,4,AggregatorBroadcast,SplitDecision,49120,614
4,7,4,ShareholderToAggregator,Share,3360,2
4,7,4,AggregatorBroadcast,SplitDecision,49120,614
4,7,4,ShareholderToAggregator,Share,3360,2
4,7,4,AggregatorBroadcast,SplitDecision,49120,614
4,7,4,ShareholderToAggregator,Share,3360,2
4,7,4,AggregatorBroadcast,SplitDecision,49120,614
4,7,4,ShareholderToAggregator,Share,3360,2
4,7,4,AggregatorBroadcast,SplitDecision,49120,614
4,7,4,ShareholderToAggregator,Share,3360,2
4,7,4,AggregatorBroadcast,SplitDecision,49120,614
4,7,5,ClientToShareholder,CommittedGradientShare,3197712,1842
4,7,5,ShareholderToAggregator,Share,3360,2
4,7,5,ShareholderToAggregator,Share,3360,2
4,7,5,ShareholderToAggregator,Share,3360,2
4,7,5,AggregatorBroadcast,SplitDecision,49120,614
4,7,5,ShareholderToAggregator,Share,3360,2
4,7,5,AggregatorBroadcast,SplitDecision,49120,614
4,7,5,ShareholderToAggregator,Share,3360,2
4,7,5,ShareholderToAggregator,Share,3360,2
4,7,5,AggregatorBroadcast,SplitDecision,49120,614
4,7,5,ShareholderToAggregator,Share,3360,2
4,7,5,AggregatorBroadcast,SplitDecision,49120,614
4,7,5,ShareholderToAggregator,Share,3360,2
4,7,5,AggregatorBroadcast,SplitDecision,49120,614
4,7,5,ShareholderToAggregator,Share,3360,2
4,7,5,AggregatorBroadcast,SplitDecision,49120,614
4,7,5,ShareholderToAggregator,Share,3360,2
4,7,5,AggregatorBroadcast,SplitDecision,49120,614
4,7,5,ShareholderToAggregator,Share,3360,2
4,7,5,AggregatorBroadcast,SplitDecision,49120,614
4,7,5,ShareholderToAggregator,Share,3360,2
4,7,5,AggregatorBroadcast,SplitDecision,49120,614
4,7,5,ShareholderToAggregator,Share,3360,2
4,7,5,AggregatorBroadcast,SplitDecision,49120,614
4,7,5,ShareholderToAggregator,Share,3360,2
4,8,0,ClientToShareholder,CommittedGradientShare,3197712,1842
4,8,0,ShareholderToAggregator,Share,3360,2
4,8,0,AggregatorBroadcast,SplitDecision,49120,614
4,8,1,ClientToShareholder,CommittedGradientShare,3197712,1842
4,8,1,ShareholderToAggregator,Share,3360,2
4,8,1,AggregatorBroadcast,SplitDecision,49120,614
4,8,1,ShareholderToAggregator,Share,3360,2
4,8,1,AggregatorBroadcast,SplitDecision,49120,614
4,8,2,ClientToShareholder,CommittedGradientShare,3197712,1842
4,8,2,ShareholderToAggregator,Share,3360,2
4,8,2,AggregatorBroadcast,SplitDecision,49120,614
4,8,2,ShareholderToAggregator,Share,3360,2
4,8,2,AggregatorBroadcast,SplitDecision,49120,614
4,8,2,ShareholderToAggregator,Share,3360,2
4,8,2,AggregatorBroadcast,SplitDecision,49120,614
4,8,2,ShareholderToAggregator,Share,3360,2
4,8,2,AggregatorBroadcast,SplitDecision,49120,614
4,8,3,ClientToShareholder,CommittedGradientShare,3197712,1842
4,8,3,ShareholderToAggregator,Share,3360,2
4,8,3,AggregatorBroadcast,SplitDecision,49120,614
4,8,3,ShareholderToAggregator,Share,3360,2
4,8,3,AggregatorBroadcast,SplitDecision,49120,614
4,8,3,ShareholderToAggregator,Share,3360,2
4,8,3,ShareholderToAggregator,Share,3360,2
4,8,3,AggregatorBroadcast,SplitDecision,49120,614
4,8,3,ShareholderToAggregator,Share,3360,2
4,8,3,AggregatorBroadcast,SplitDecision,49120,614
4,8,3,ShareholderToAggregator,Share,3360,2
4,8,3,AggregatorBroadcast,SplitDecision,49120,614
4,8,4,ClientToShareholder,CommittedGradientShare,3197712,1842
4,8,4,ShareholderToAggregator,Share,3360,2
4,8,4,ShareholderToAggregator,Share,3360,2
4,8,4,AggregatorBroadcast,SplitDecision,49120,614
4,8,4,ShareholderToAggregator,Share,3360,2
4,8,4,AggregatorBroadcast,SplitDecision,49120,614
4,8,4,ShareholderToAggregator,Share,3360,2
4,8,4,AggregatorBroadcast,SplitDecision,49120,614
4,8,4,ShareholderToAggregator,Share,3360,2
4,8,4,AggregatorBroadcast,SplitDecision,49120,614
4,8,4,ShareholderToAggregator,Share,3360,2
4,8,4,AggregatorBroadcast,SplitDecision,49120,614
4,8,4,ShareholderToAggregator,Share,3360,2
4,8,4,AggregatorBroadcast,SplitDecision,49120,614
4,8,4,ShareholderToAggregator,Share,3360,2
4,8,4,AggregatorBroadcast,SplitDecision,49120,614
4,8,4,ShareholderToAggregator,Share,3360,2
4,8,4,AggregatorBroadcast,SplitDecision,49120,614
4,8,4,ShareholderToAggregator,Share,3360,2
4,8,4,AggregatorBroadcast,SplitDecision,49120,614
4,8,4,ShareholderToAggregator,Share,3360,2
4,8,4,AggregatorBroadcast,SplitDecision,49120,614
4,8,5,ClientToShareholder,CommittedGradientShare,3197712,1842
4,8,5,ShareholderToAggregator,Share,3360,2
4,8,5,ShareholderToAggregator,Share,3360,2
4,8,5,AggregatorBroadcast,SplitDecision,49120,614
4,8,5,ShareholderToAggregator,Share,3360,2
4,8,5,AggregatorBroadcast,SplitDecision,49120,614
4,8,5,ShareholderToAggregator,Share,3360,2
4,8,5,AggregatorBroadcast,SplitDecision,49120,614
4,8,5,ShareholderToAggregator,Share,3360,2
4,8,5,ShareholderToAggregator,Share,3360,2
4,8,5,AggregatorBroadcast,SplitDecision,49120,614
4,8,5,ShareholderToAggregator,Share,3360,2
4,8,5,AggregatorBroadcast,SplitDecision,49120,614
4,8,5,ShareholderToAggregator,Share,3360,2
4,8,5,AggregatorBroadcast,SplitDecision,49120,614
4,8,5,ShareholderToAggregator,Share,3360,2
4,8,5,AggregatorBroadcast,SplitDecision,49120,614
4,8,5,ShareholderToAggregator,Share,3360,2
4,8,5,AggregatorBroadcast,SplitDecision,49120,614
4,8,5,ShareholderToAggregator,Share,3360,2
4,8,5,AggregatorBroadcast,SplitDecision,49120,614
4,8,5,ShareholderToAggregator,Share,3360,2
4,8,5,AggregatorBroadcast,SplitDecision,49120,614
4,8,5,ShareholderToAggregator,Share,3360,2
4,8,5,AggregatorBroadcast,SplitDecision,49120,614
4,8,5,ShareholderToAggregator,Share,3360,2
4,9,0,ClientToShareholder,CommittedGradientShare,3197712,1842
4,9,0,ShareholderToAggregator,Share,3360,2
4,9,0,AggregatorBroadcast,SplitDecision,49120,614
4,9,1,ClientToShareholder,CommittedGradientShare,3197712,1842
4,9,1,ShareholderToAggregator,Share,3360,2
4,9,1,AggregatorBroadcast,SplitDecision,49120,614
4,9,1,ShareholderToAggregator,Share,3360,2
4,9,1,AggregatorBroadcast,SplitDecision,49120,614
4,9,2,ClientToShareholder,CommittedGradientShare,3197712,1842
4,9,2,ShareholderToAggregator,Share,3360,2
4,9,2,AggregatorBroadcast,SplitDecision,49120,614
4,9,2,ShareholderToAggregator,Share,3360,2
4,9,2,AggregatorBroadcast,SplitDecision,49120,614
4,9,2,ShareholderToAggregator,Share,3360,2
4,9,2,AggregatorBroadcast,SplitDecision,49120,614
4,9,2,ShareholderToAggregator,Share,3360,2
4,9,2,AggregatorBroadcast,SplitDecision,49120,614
4,9,3,ClientToShareholder,CommittedGradientShare,3197712,1842
4,9,3,ShareholderToAggregator,Share,3360,2
4,9,3,AggregatorBroadcast,SplitDecision,49120,614
4,9,3,ShareholderToAggregator,Share,3360,2
4,9,3,AggregatorBroadcast,SplitDecision,49120,614
4,9,3,ShareholderToAggregator,Share,3360,2
4,9,3,AggregatorBroadcast,SplitDecision,49120,614
4,9,3,ShareholderToAggregator,Share,3360,2
4,9,3,AggregatorBroadcast,SplitDecision,49120,614
4,9,3,ShareholderToAggregator,Share,3360,2
4,9,3,AggregatorBroadcast,SplitDecision,49120,614
4,9,3,ShareholderToAggregator,Share,3360,2
4,9,3,AggregatorBroadcast,SplitDecision,49120,614
4,9,4,ClientToShareholder,CommittedGradientShare,3197712,1842
4,9,4,ShareholderToAggregator,Share,3360,2
4,9,4,AggregatorBroadcast,SplitDecision,49120,614
4,9,4,ShareholderToAggregator,Share,3360,2
4,9,4,ShareholderToAggregator,Share,3360,2
4,9,4,AggregatorBroadcast,SplitDecision,49120,614
4,9,4,ShareholderToAggregator,Share,3360,2
4,9,4,AggregatorBroadcast,SplitDecision,49120,614
4,9,4,ShareholderToAggregator,Share,3360,2
4,9,4,AggregatorBroadcast,SplitDecision,49120,614
4,9,4,ShareholderToAggregator,Share,3360,2
4,9,4,ShareholderToAggregator,Share,3360,2
4,9,4,AggregatorBroadcast,SplitDecision,49120,614
4,9,4,ShareholderToAggregator,Share,3360,2
4,9,4,AggregatorBroadcast,SplitDecision,49120,614
4,9,4,ShareholderToAggregator,Share,3360,2
4,9,4,AggregatorBroadcast,SplitDecision,49120,614
4,9,4,ShareholderToAggregator,Share,3360,2
4,9,4,AggregatorBroadcast,SplitDecision,49120,614
4,9,4,ShareholderToAggregator,Share,3360,2
4,9,4,AggregatorBroadcast,SplitDecision,49120,614
4,9,4,ShareholderToAggregator,Share,3360,2
4,9,4,AggregatorBroadcast,SplitDecision,49120,614
4,9,5,ClientToShareholder,CommittedGradientShare,3197712,1842
4,9,5,ShareholderToAggregator,Share,3360,2
4,9,5,ShareholderToAggregator,Share,3360,2
4,9,5,ShareholderToAggregator,Share,3360,2
4,9,5,AggregatorBroadcast,SplitDecision,49120,614
4,9,5,ShareholderToAggregator,Share,3360,2
4,9,5,AggregatorBroadcast,SplitDecision,49120,614
4,9,5,ShareholderToAggregator,Share,3360,2
4,9,5,AggregatorBroadcast,SplitDecision,49120,614
4,9,5,ShareholderToAggregator,Share,3360,2
4,9,5,AggregatorBroadcast,SplitDecision,49120,614
4,9,5,ShareholderToAggregator,Share,3360,2
4,9,5,AggregatorBroadcast,SplitDecision,49120,614
4,9,5,ShareholderToAggregator,Share,3360,2
4,9,5,AggregatorBroadcast,SplitDecision,49120,614
4,9,5,ShareholderToAggregator,Share,3360,2
4,9,5,ShareholderToAggregator,Share,3360,2
4,9,5,AggregatorBroadcast,SplitDecision,49120,614
4,9,5,ShareholderToAggregator,Share,3360,2
4,9,5,AggregatorBroadcast,SplitDecision,49120,614
4,9,5,ShareholderToAggregator,Share,3360,2
4,9,5,AggregatorBroadcast,SplitDecision,49120,614
4,9,5,ShareholderToAggregator,Share,3360,2
4,9,5,AggregatorBroadcast,SplitDecision,49120,614
4,9,5,ShareholderToAggregator,Share,3360,2
4,9,5,AggregatorBroadcast,SplitDecision,49120,614
4,9,5,ShareholderToAggregator,Share,3360,2
4,10,0,ClientToShareholder,CommittedGradientShare,3197712,1842
4,10,0,ShareholderToAggregator,Share,3360,2
4,10,0,AggregatorBroadcast,SplitDecision,49120,614
4,10,1,ClientToShareholder,CommittedGradientShare,3197712,1842
4,10,1,ShareholderToAggregator,Share,3360,2
4,10,1,AggregatorBroadcast,SplitDecision,49120,614
4,10,1,ShareholderToAggregator,Share,3360,2
4,10,1,AggregatorBroadcast,SplitDecision,49120,614
4,10,2,ClientToShareholder,CommittedGradientShare,3197712,1842
4,10,2,ShareholderToAggregator,Share,3360,2
4,10,2,AggregatorBroadcast,SplitDecision,49120,614
4,10,2,ShareholderToAggregator,Share,3360,2
4,10,2,AggregatorBroadcast,SplitDecision,49120,614
4,10,2,ShareholderToAggregator,Share,3360,2
4,10,2,AggregatorBroadcast,SplitDecision,49120,614
4,10,2,ShareholderToAggregator,Share,3360,2
4,10,2,AggregatorBroadcast,SplitDecision,49120,614
4,10,3,ClientToShareholder,CommittedGradientShare,3197712,1842
4,10,3,ShareholderToAggregator,Share,3360,2
4,10,3,AggregatorBroadcast,SplitDecision,49120,614
4,10,3,ShareholderToAggregator,Share,3360,2
4,10,3,AggregatorBroadcast,SplitDecision,49120,614
4,10,3,ShareholderToAggregator,Share,3360,2
4,10,3,AggregatorBroadcast,SplitDecision,49120,614
4,10,3,ShareholderToAggregator,Share,3360,2
4,10,3,AggregatorBroadcast,SplitDecision,49120,614
4,10,3,ShareholderToAggregator,Share,3360,2
4,10,3,AggregatorBroadcast,SplitDecision,49120,614
4,10,3,ShareholderToAggregator,Share,3360,2
4,10,3,AggregatorBroadcast,SplitDecision,49120,614
4,10,4,ClientToShareholder,CommittedGradientShare,3197712,1842
4,10,4,ShareholderToAggregator,Share,3360,2
4,10,4,AggregatorBroadcast,SplitDecision,49120,614
4,10,4,ShareholderToAggregator,Share,3360,2
4,10,4,ShareholderToAggregator,Share,3360,2
4,10,4,AggregatorBroadcast,SplitDecision,49120,614
4,10,4,ShareholderToAggregator,Share,3360,2
4,10,4,AggregatorBroadcast,SplitDecision,49120,614
4,10,4,ShareholderToAggregator,Share,3360,2
4,10,4,AggregatorBroadcast,SplitDecision,49120,614
4,10,4,ShareholderToAggregator,Share,3360,2
4,10,4,AggregatorBroadcast,SplitDecision,49120,614
4,10,4,ShareholderToAggregator,Share,3360,2
4,10,4,AggregatorBroadcast,SplitDecision,49120,614
4,10,4,ShareholderToAggregator,Share,3360,2
4,10,4,AggregatorBroadcast,SplitDecision,49120,614
4,10,4,ShareholderToAggregator,Share,3360,2
4,10,4,ShareholderToAggregator,Share,3360,2
4,10,4,AggregatorBroadcast,SplitDecision,49120,614
4,10,5,ClientToShareholder,CommittedGradientShare,3197712,1842
4,10,5,ShareholderToAggregator,Share,3360,2
4,10,5,ShareholderToAggregator,Share,3360,2
4,10,5,ShareholderToAggregator,Share,3360,2
4,10,5,ShareholderToAggregator,Share,3360,2
4,10,5,AggregatorBroadcast,SplitDecision,49120,614
4,10,5,ShareholderToAggregator,Share,3360,2
4,10,5,AggregatorBroadcast,SplitDecision,49120,614
4,10,5,ShareholderToAggregator,Share,3360,2
4,10,5,AggregatorBroadcast,SplitDecision,49120,614
4,10,5,ShareholderToAggregator,Share,3360,2
4,10,5,AggregatorBroadcast,SplitDecision,49120,614
4,10,5,ShareholderToAggregator,Share,3360,2
4,10,5,ShareholderToAggregator,Share,3360,2
4,10,5,AggregatorBroadcast,SplitDecision,49120,614
4,10,5,ShareholderToAggregator,Share,3360,2
4,10,5,AggregatorBroadcast,SplitDecision,49120,614
4,10,5,ShareholderToAggregator,Share,3360,2
4,10,5,AggregatorBroadcast,SplitDecision,49120,614
4,10,5,ShareholderToAggregator,Share,3360,2
4,10,5,AggregatorBroadcast,SplitDecision,49120,614
4,10,5,ShareholderToAggregator,Share,3360,2
4,10,5,AggregatorBroadcast,SplitDecision,49120,614
4,10,5,ShareholderToAggregator,Share,3360,2
4,10,5,AggregatorBroadcast,SplitDecision,49120,614
4,11,0,ClientToShareholder,CommittedGradientShare,3197712,1842
4,11,0,ShareholderToAggregator,Share,3360,2
4,11,0,AggregatorBroadcast,SplitDecision,49120,614
4,11,1,ClientToShareholder,CommittedGradientShare,3197712,1842
4,11,1,ShareholderToAggregator,Share,3360,2
4,11,1,AggregatorBroadcast,SplitDecision,49120,614
4,11,1,ShareholderToAggregator,Share,3360,2
4,11,1,AggregatorBroadcast,SplitDecision,49120,614
4,11,2,ClientToShareholder,CommittedGradientShare,3197712,1842
4,11,2,ShareholderToAggregator,Share,3360,2
4,11,2,AggregatorBroadcast,SplitDecision,49120,614
4,11,2,ShareholderToAggregator,Share,3360,2
4,11,2,AggregatorBroadcast,SplitDecision,49120,614
4,11,2,ShareholderToAggregator,Share,3360,2
4,11,2,AggregatorBroadcast,SplitDecision,49120,614
4,11,2,ShareholderToAggregator,Share,3360,2
4,11,2,AggregatorBroadcast,SplitDecision,49120,614
4,11,3,ClientToShareholder,CommittedGradientShare,3197712,1842
4,11,3,ShareholderToAggregator,Share,3360,2
4,11,3,AggregatorBroadcast,SplitDecision,49120,614
4,11,3,ShareholderToAggregator,Share,3360,2
4,11,3,AggregatorBroadcast,SplitDecision,49120,614
4,11,3,ShareholderToAggregator,Share,3360,2
4,11,3,ShareholderToAggregator,Share,3360,2
4,11,3,AggregatorBroadcast,SplitDecision,49120,614
4,11,3,ShareholderToAggregator,Share,3360,2
4,11,3,AggregatorBroadcast,SplitDecision,49120,614
4,11,3,ShareholderToAggregator,Share,3360,2
4,11,3,AggregatorBroadcast,SplitDecision,49120,614
4,11,3,ShareholderToAggregator,Share,3360,2
4,11,3,AggregatorBroadcast,SplitDecision,49120,614
4,11,4,ClientToShareholder,CommittedGradientShare,3197712,1842
4,11,4,ShareholderToAggregator,Share,3360,2
4,11,4,ShareholderToAggregator,Share,3360,2
4,11,4,AggregatorBroadcast,SplitDecision,49120,614
4,11,4,ShareholderToAggregator,Share,3360,2
4,11,4,AggregatorBroadcast,SplitDecision,49120,614
4,11,4,ShareholderToAggregator,Share,3360,2
4,11,4,AggregatorBroadcast,SplitDecision,49120,614
4,11,4,ShareholderToAggregator,Share,3360,2
4,11,4,AggregatorBroadcast,SplitDecision,49120,614
4,11,4,ShareholderToAggregator,Share,3360,2
4,11,4,ShareholderToAggregator,Share,3360,2
4,11,4,AggregatorBroadcast,SplitDecision,49120,614
4,11,4,ShareholderToAggregator,Share,3360,2
4,11,4,AggregatorBroadcast,SplitDecision,49120,614
4,11,4,ShareholderToAggregator,Share,3360,2
4,11,4,AggregatorBroadcast,SplitDecision,49120,614
4,11,4,ShareholderToAggregator,Share,3360,2
4,11,4,AggregatorBroadcast,SplitDecision,49120,614
4,11,4,ShareholderToAggregator,Share,3360,2
4,11,4,AggregatorBroadcast,SplitDecision,49120,614
4,11,5,ClientToShareholder,CommittedGradientShare,3197712,1842
4,11,5,ShareholderToAggregator,Share,3360,2
4,11,5,ShareholderToAggregator,Share,3360,2
4,11,5,ShareholderToAggregator,Share,3360,2
4,11,5,AggregatorBroadcast,SplitDecision,49120,614
4,11,5,ShareholderToAggregator,Share,3360,2
4,11,5,ShareholderToAggregator,Share,3360,2
4,11,5,AggregatorBroadcast,SplitDecision,49120,614
4,11,5,ShareholderToAggregator,Share,3360,2
4,11,5,AggregatorBroadcast,SplitDecision,49120,614
4,11,5,ShareholderToAggregator,Share,3360,2
4,11,5,ShareholderToAggregator,Share,3360,2
4,11,5,AggregatorBroadcast,SplitDecision,49120,614
4,11,5,ShareholderToAggregator,Share,3360,2
4,11,5,ShareholderToAggregator,Share,3360,2
4,11,5,AggregatorBroadcast,SplitDecision,49120,614
4,11,5,ShareholderToAggregator,Share,3360,2
4,11,5,AggregatorBroadcast,SplitDecision,49120,614
4,11,5,ShareholderToAggregator,Share,3360,2
4,11,5,AggregatorBroadcast,SplitDecision,49120,614
4,11,5,ShareholderToAggregator,Share,3360,2
4,11,5,AggregatorBroadcast,SplitDecision,49120,614
4,11,5,ShareholderToAggregator,Share,3360,2
4,11,5,AggregatorBroadcast,SplitDecision,49120,614
4,11,5,ShareholderToAggregator,Share,3360,2
4,11,5,AggregatorBroadcast,SplitDecision,49120,614
4,12,0,ClientToShareholder,CommittedGradientShare,3197712,1842
4,12,0,ShareholderToAggregator,Share,3360,2
4,12,0,AggregatorBroadcast,SplitDecision,49120,614
4,12,1,ClientToShareholder,CommittedGradientShare,3197712,1842
4,12,1,ShareholderToAggregator,Share,3360,2
4,12,1,AggregatorBroadcast,SplitDecision,49120,614
4,12,1,ShareholderToAggregator,Share,3360,2
4,12,1,AggregatorBroadcast,SplitDecision,49120,614
4,12,2,ClientToShareholder,CommittedGradientShare,3197712,1842
4,12,2,ShareholderToAggregator,Share,3360,2
4,12,2,ShareholderToAggregator,Share,3360,2
4,12,2,AggregatorBroadcast,SplitDecision,49120,614
4,12,2,ShareholderToAggregator,Share,3360,2
4,12,2,AggregatorBroadcast,SplitDecision,49120,614
4,12,2,ShareholderToAggregator,Share,3360,2
4,12,2,AggregatorBroadcast,SplitDecision,49120,614
4,12,3,ClientToShareholder,CommittedGradientShare,3197712,1842
4,12,3,ShareholderToAggregator,Share,3360,2
4,12,3,ShareholderToAggregator,Share,3360,2
4,12,3,AggregatorBroadcast,SplitDecision,49120,614
4,12,3,ShareholderToAggregator,Share,3360,2
4,12,3,AggregatorBroadcast,SplitDecision,49120,614
4,12,3,ShareholderToAggregator,Share,3360,2
4,12,3,AggregatorBroadcast,SplitDecision,49120,614
4,12,3,ShareholderToAggregator,Share,3360,2
4,12,3,AggregatorBroadcast,SplitDecision,49120,614
4,12,3,ShareholderToAggregator,Share,3360,2
4,12,3,ShareholderToAggregator,Share,3360,2
4,12,3,AggregatorBroadcast,SplitDecision,49120,614
4,12,4,ClientToShareholder,CommittedGradientShare,3197712,1842
4,12,4,ShareholderToAggregator,Share,3360,2
4,12,4,ShareholderToAggregator,Share,3360,2
4,12,4,ShareholderToAggregator,Share,3360,2
4,12,4,AggregatorBroadcast,SplitDecision,49120,614
4,12,4,ShareholderToAggregator,Share,3360,2
4,12,4,AggregatorBroadcast,SplitDecision,49120,614
4,12,4,ShareholderToAggregator,Share,3360,2
4,12,4,ShareholderToAggregator,Share,3360,2
4,12,4,AggregatorBroadcast,SplitDecision,49120,614
4,12,4,ShareholderToAggregator,Share,3360,2
4,12,4,AggregatorBroadcast,SplitDecision,49120,614
4,12,4,ShareholderToAggregator,Share,3360,2
4,12,4,AggregatorBroadcast,SplitDecision,49120,614
4,12,5,ClientToShareholder,CommittedGradientShare,3197712,1842
4,12,5,ShareholderToAggregator,Share,3360,2
4,12,5,ShareholderToAggregator,Share,3360,2
4,12,5,ShareholderToAggregator,Share,3360,2
4,12,5,ShareholderToAggregator,Share,3360,2
4,12,5,AggregatorBroadcast,SplitDecision,49120,614
4,12,5,ShareholderToAggregator,Share,3360,2
4,12,5,AggregatorBroadcast,SplitDecision,49120,614
4,12,5,ShareholderToAggregator,Share,3360,2
4,12,5,AggregatorBroadcast,SplitDecision,49120,614
4,12,5,ShareholderToAggregator,Share,3360,2
4,12,5,AggregatorBroadcast,SplitDecision,49120,614
4,12,5,ShareholderToAggregator,Share,3360,2
4,12,5,AggregatorBroadcast,SplitDecision,49120,614
4,12,5,ShareholderToAggregator,Share,3360,2
4,12,5,AggregatorBroadcast,SplitDecision,49120,614
4,12,5,ShareholderToAggregator,Share,3360,2
4,12,5,AggregatorBroadcast,SplitDecision,49120,614
4,12,5,ShareholderToAggregator,Share,3360,2
4,12,5,AggregatorBroadcast,SplitDecision,49120,614
4,13,0,ClientToShareholder,CommittedGradientShare,3197712,1842
4,13,0,ShareholderToAggregator,Share,3360,2
4,13,0,AggregatorBroadcast,SplitDecision,49120,614
4,13,1,ClientToShareholder,CommittedGradientShare,3197712,1842
4,13,1,ShareholderToAggregator,Share,3360,2
4,13,1,AggregatorBroadcast,SplitDecision,49120,614
4,13,1,ShareholderToAggregator,Share,3360,2
4,13,1,AggregatorBroadcast,SplitDecision,49120,614
4,13,2,ClientToShareholder,CommittedGradientShare,3197712,1842
4,13,2,ShareholderToAggregator,Share,3360,2
4,13,2,ShareholderToAggregator,Share,3360,2
4,13,2,AggregatorBroadcast,SplitDecision,49120,614
4,13,2,ShareholderToAggregator,Share,3360,2
4,13,2,AggregatorBroadcast,SplitDecision,49120,614
4,13,2,ShareholderToAggregator,Share,3360,2
4,13,2,AggregatorBroadcast,SplitDecision,49120,614
4,13,3,ClientToShareholder,CommittedGradientShare,3197712,1842
4,13,3,ShareholderToAggregator,Share,3360,2
4,13,3,ShareholderToAggregator,Share,3360,2
4,13,3,AggregatorBroadcast,SplitDecision,49120,614
4,13,3,ShareholderToAggregator,Share,3360,2
4,13,3,AggregatorBroadcast,SplitDecision,49120,614
4,13,3,ShareholderToAggregator,Share,3360,2
4,13,3,AggregatorBroadcast,SplitDecision,49120,614
4,13,3,ShareholderToAggregator,Share,3360,2
4,13,3,AggregatorBroadcast,SplitDecision,49120,614
4,13,3,ShareholderToAggregator,Share,3360,2
4,13,3,AggregatorBroadcast,SplitDecision,49120,614
4,13,3,ShareholderToAggregator,Share,3360,2
4,13,3,AggregatorBroadcast,SplitDecision,49120,614
4,13,4,ClientToShareholder,CommittedGradientShare,3197712,1842
4,13,4,ShareholderToAggregator,Share,3360,2
4,13,4,ShareholderToAggregator,Share,3360,2
4,13,4,AggregatorBroadcast,SplitDecision,49120,614
4,13,4,ShareholderToAggregator,Share,3360,2
4,13,4,AggregatorBroadcast,SplitDecision,49120,614
4,13,4,ShareholderToAggregator,Share,3360,2
4,13,4,ShareholderToAggregator,Share,3360,2
4,13,4,ShareholderToAggregator,Share,3360,2
4,13,4,ShareholderToAggregator,Share,3360,2
4,13,4,AggregatorBroadcast,SplitDecision,49120,614
4,13,4,ShareholderToAggregator,Share,3360,2
4,13,4,AggregatorBroadcast,SplitDecision,49120,614
4,13,4,ShareholderToAggregator,Share,3360,2
4,13,4,AggregatorBroadcast,SplitDecision,49120,614
4,13,4,ShareholderToAggregator,Share,3360,2
4,13,4,AggregatorBroadcast,SplitDecision,49120,614
4,13,4,ShareholderToAggregator,Share,3360,2
4,13,4,AggregatorBroadcast,SplitDecision,49120,614
4,13,4,ShareholderToAggregator,Share,3360,2
4,13,4,AggregatorBroadcast,SplitDecision,49120,614
4,13,5,ClientToShareholder,CommittedGradientShare,3197712,1842
4,13,5,ShareholderToAggregator,Share,3360,2
4,13,5,ShareholderToAggregator,Share,3360,2
4,13,5,ShareholderToAggregator,Share,3360,2
4,13,5,ShareholderToAggregator,Share,3360,2
4,13,5,ShareholderToAggregator,Share,3360,2
4,13,5,AggregatorBroadcast,SplitDecision,49120,614
4,13,5,ShareholderToAggregator,Share,3360,2
4,13,5,AggregatorBroadcast,SplitDecision,49120,614
4,13,5,ShareholderToAggregator,Share,3360,2
4,13,5,AggregatorBroadcast,SplitDecision,49120,614
4,13,5,ShareholderToAggregator,Share,3360,2
4,13,5,AggregatorBroadcast,SplitDecision,49120,614
4,13,5,ShareholderToAggregator,Share,3360,2
4,13,5,AggregatorBroadcast,SplitDecision,49120,614
4,13,5,ShareholderToAggregator,Share,3360,2
4,13,5,AggregatorBroadcast,SplitDecision,49120,614
4,13,5,ShareholderToAggregator,Share,3360,2
4,13,5,AggregatorBroadcast,SplitDecision,49120,614
4,13,5,ShareholderToAggregator,Share,3360,2
4,13,5,AggregatorBroadcast,SplitDecision,49120,614
4,13,5,ShareholderToAggregator,Share,3360,2
4,13,5,AggregatorBroadcast,SplitDecision,49120,614
4,13,5,ShareholderToAggregator,Share,3360,2
4,13,5,AggregatorBroadcast,SplitDecision,49120,614
4,13,5,ShareholderToAggregator,Share,3360,2
4,14,0,ClientToShareholder,CommittedGradientShare,3197712,1842
4,14,0,ShareholderToAggregator,Share,3360,2
4,14,0,AggregatorBroadcast,SplitDecision,49120,614
4,14,1,ClientToShareholder,CommittedGradientShare,3197712,1842
4,14,1,ShareholderToAggregator,Share,3360,2
4,14,1,AggregatorBroadcast,SplitDecision,49120,614
4,14,1,ShareholderToAggregator,Share,3360,2
4,14,1,AggregatorBroadcast,SplitDecision,49120,614
4,14,2,ClientToShareholder,CommittedGradientShare,3197712,1842
4,14,2,ShareholderToAggregator,Share,3360,2
4,14,2,ShareholderToAggregator,Share,3360,2
4,14,2,AggregatorBroadcast,SplitDecision,49120,614
4,14,2,ShareholderToAggregator,Share,3360,2
4,14,2,AggregatorBroadcast,SplitDecision,49120,614
4,14,2,ShareholderToAggregator,Share,3360,2
4,14,2,AggregatorBroadcast,SplitDecision,49120,614
4,14,3,ClientToShareholder,CommittedGradientShare,3197712,1842
4,14,3,ShareholderToAggregator,Share,3360,2
4,14,3,ShareholderToAggregator,Share,3360,2
4,14,3,AggregatorBroadcast,SplitDecision,49120,614
4,14,3,ShareholderToAggregator,Share,3360,2
4,14,3,AggregatorBroadcast,SplitDecision,49120,614
4,14,3,ShareholderToAggregator,Share,3360,2
4,14,3,AggregatorBroadcast,SplitDecision,49120,614
4,14,3,ShareholderToAggregator,Share,3360,2
4,14,3,AggregatorBroadcast,SplitDecision,49120,614
4,14,3,ShareholderToAggregator,Share,3360,2
4,14,3,AggregatorBroadcast,SplitDecision,49120,614
4,14,3,ShareholderToAggregator,Share,3360,2
4,14,3,AggregatorBroadcast,SplitDecision,49120,614
4,14,4,ClientToShareholder,CommittedGradientShare,3197712,1842
4,14,4,ShareholderToAggregator,Share,3360,2
4,14,4,ShareholderToAggregator,Share,3360,2
4,14,4,AggregatorBroadcast,SplitDecision,49120,614
4,14,4,ShareholderToAggregator,Share,3360,2
4,14,4,AggregatorBroadcast,SplitDecision,49120,614
4,14,4,ShareholderToAggregator,Share,3360,2
4,14,4,AggregatorBroadcast,SplitDecision,49120,614
4,14,4,ShareholderToAggregator,Share,3360,2
4,14,4,AggregatorBroadcast,SplitDecision,49120,614
4,14,4,ShareholderToAggregator,Share,3360,2
4,14,4,AggregatorBroadcast,SplitDecision,49120,614
4,14,4,ShareholderToAggregator,Share,3360,2
4,14,4,AggregatorBroadcast,SplitDecision,49120,614
4,14,4,ShareholderToAggregator,Share,3360,2
4,14,4,AggregatorBroadcast,SplitDecision,49120,614
4,14,4,ShareholderToAggregator,Share,3360,2
4,14,5,ClientToShareholder,CommittedGradientShare,3197712,1842
4,14,5,ShareholderToAggregator,Share,3360,2
4,14,5,ShareholderToAggregator,Share,3360,2
4,14,5,ShareholderToAggregator,Share,3360,2
4,14,5,AggregatorBroadcast,SplitDecision,49120,614
4,14,5,ShareholderToAggregator,Share,3360,2
4,14,5,ShareholderToAggregator,Share,3360,2
4,14,5,AggregatorBroadcast,SplitDecision,49120,614
4,14,5,ShareholderToAggregator,Share,3360,2
4,14,5,AggregatorBroadcast,SplitDecision,49120,614
4,14,5,ShareholderToAggregator,Share,3360,2
4,14,5,AggregatorBroadcast,SplitDecision,49120,614
4,14,5,ShareholderToAggregator,Share,3360,2
4,14,5,AggregatorBroadcast,SplitDecision,49120,614
4,14,5,ShareholderToAggregator,Share,3360,2
4,14,5,AggregatorBroadcast,SplitDecision,49120,614
4,14,5,ShareholderToAggregator,Share,3360,2
4,14,5,AggregatorBroadcast,SplitDecision,49120,614
4,14,5,ShareholderToAggregator,Share,3360,2
4,14,5,AggregatorBroadcast,SplitDecision,49120,614
4,14,5,ShareholderToAggregator,Share,3360,2
4,14,5,ShareholderToAggregator,Share,3360,2
4,14,5,AggregatorBroadcast,SplitDecision,49120,614
