split_id,tree,depth,direction,message_type,bytes,count
0,0,0,ClientToShareholder,CommittedStatsShare,744192,1368
0,0,0,ShareholderToAggregator,Share,1024,2
0,0,0,AggregatorBroadcast,BinConfiguration,54720,456
0,0,0,AggregatorBroadcast,BinConfiguration,54720,456
0,0,0,AggregatorBroadcast,BinConfiguration,54720,456
0,0,0,AggregatorBroadcast,BinConfiguration,54720,456
0,0,0,AggregatorBroadcast,BinConfiguration,54720,456
0,0,0,AggregatorBroadcast,BinConfiguration,54720,456
0,0,0,AggregatorBroadcast,BinConfiguration,54720,456
0,0,0,AggregatorBroadcast,BinConfiguration,54720,456
0,0,0,AggregatorBroadcast,BinConfiguration,54720,456
0,0,0,AggregatorBroadcast,BinConfiguration,54720,456
0,0,0,AggregatorBroadcast,BinConfiguration,54720,456
0,0,0,AggregatorBroadcast,BinConfiguration,54720,456
0,0,0,AggregatorBroadcast,BinConfiguration,54720,456
0,0,0,AggregatorBroadcast,BinConfiguration,54720,456
0,0,0,AggregatorBroadcast,BinConfiguration,54720,456
0,0,0,AggregatorBroadcast,BinConfiguration,54720,456
0,0,0,AggregatorBroadcast,BinConfiguration,54720,456
0,0,0,AggregatorBroadcast,BinConfiguration,54720,456
0,0,0,AggregatorBroadcast,BinConfiguration,54720,456
0,0,0,AggregatorBroadcast,BinConfiguration,54720,456
0,0,0,AggregatorBroadcast,BinConfiguration,54720,456
0,0,0,AggregatorBroadcast,BinConfiguration,54720,456
0,0,0,AggregatorBroadcast,BinConfiguration,54720,456
0,0,0,AggregatorBroadcast,BinConfiguration,54720,456
0,0,0,AggregatorBroadcast,BinConfiguration,54720,456
0,0,0,AggregatorBroadcast,BinConfiguration,54720,456
0,0,0,AggregatorBroadcast,BinConfiguration,54720,456
0,0,0,AggregatorBroadcast,BinConfiguration,54720,456
0,0,0,AggregatorBroadcast,BinConfiguration,54720,456
0,0,0,AggregatorBroadcast,BinConfiguration,54720,456
0,0,0,ClientToShareholder,CommittedGradientShare,8634816,1368
0,0,0,ShareholderToAggregator,Share,12512,2
0,0,0,AggregatorBroadcast,SplitDecision,36480,456
0,0,1,ClientToShareholder,CommittedGradientShare,17269632,2736
0,0,1,ShareholderToAggregator,Share,12512,2
0,0,1,AggregatorBroadcast,SplitDecision,36480,456
0,0,1,ShareholderToAggregator,Share,12512,2
0,0,1,AggregatorBroadcast,SplitDecision,36480,456
0,0,2,ClientToShareholder,CommittedGradientShare,34539264,5472
0,0,2,ShareholderToAggregator,Share,12512,2
0,0,2,AggregatorBroadcast,SplitDecision,36480,456
0,0,2,ShareholderToAggregator,Share,12512,2
0,0,2,AggregatorBroadcast,SplitDecision,36480,456
0,0,2,ShareholderToAggregator,Share,12512,2
0,0,2,ShareholderToAggregator,Share,12512,2
0,0,3,ClientToShareholder,CommittedGradientShare,51808896,8208
0,0,3,ShareholderToAggregator,Share,12512,2
0,0,3,ShareholderToAggregator,Share,12512,2
0,0,3,ShareholderToAggregator,Share,12512,2
0,0,3,AggregatorBroadcast,SplitDecision,36480,456
0,0,3,ShareholderToAggregator,Share,12512,2
0,0,3,ShareholderToAggregator,Share,12512,2
0,0,3,ShareholderToAggregator,Share,12512,2
0,1,0,ClientToShareholder,CommittedGradientShare,8634816,1368
0,1,0,ShareholderToAggregator,Share,12512,2
0,1,0,AggregatorBroadcast,SplitDecision,36480,456
0,1,1,ClientToShareholder,CommittedGradientShare,17269632,2736
0,1,1,ShareholderToAggregator,Share,12512,2
0,1,1,AggregatorBroadcast,SplitDecision,36480,456
0,1,1,ShareholderToAggregator,Share,12512,2
0,1,1,AggregatorBroadcast,SplitDecision,36480,456
0,1,2,ClientToShareholder,CommittedGradientShare,34539264,5472
0,1,2,ShareholderToAggregator,Share,12512,2
0,1,2,AggregatorBroadcast,SplitDecision,36480,456
0,1,2,ShareholderToAggregator,Share,12512,2
0,1,2,AggregatorBroadcast,SplitDecision,36480,456
0,1,2,ShareholderToAggregator,Share,12512,2
0,1,2,ShareholderToAggregator,Share,12512,2
0,1,2,AggregatorBroadcast,SplitDecision,36480,456
0,1,3,ClientToShareholder,CommittedGradientShare,60443712,9576
0,1,3,ShareholderToAggregator,Share,12512,2
0,1,3,ShareholderToAggregator,Share,12512,2
0,1,3,AggregatorBroadcast,SplitDecision,36480,456
0,1,3,ShareholderToAggregator,Share,12512,2
0,1,3,AggregatorBroadcast,SplitDecision,36480,456
0,1,3,ShareholderToAggregator,Share,12512,2
0,1,3,ShareholderToAggregator,Share,12512,2
0,1,3,AggregatorBroadcast,SplitDecision,36480,456
0,1,3,ShareholderToAggregator,Share,12512,2
0,1,3,ShareholderToAggregator,Share,12512,2
0,2,0,ClientToShareholder,CommittedGradientShare,8634816,1368
0,2,0,ShareholderToAggregator,Share,12512,2
0,2,0,AggregatorBroadcast,SplitDecision,36480,456
0,2,1,ClientToShareholder,CommittedGradientShare,17269632,2736
0,2,1,ShareholderToAggregator,Share,12512,2
0,2,1,AggregatorBroadcast,SplitDecision,36480,456
0,2,1,ShareholderToAggregator,Share,12512,2
0,2,1,AggregatorBroadcast,SplitDecision,36480,456
0,2,2,ClientToShareholder,CommittedGradientShare,34539264,5472
0,2,2,ShareholderToAggregator,Share,12512,2
0,2,2,AggregatorBroadcast,SplitDecision,36480,456
0,2,2,ShareholderToAggregator,Share,12512,2
0,2,2,AggregatorBroadcast,SplitDecision,36480,456
0,2,2,ShareholderToAggregator,Share,12512,2
0,2,2,AggregatorBroadcast,SplitDecision,36480,456
0,2,2,ShareholderToAggregator,Share,12512,2
0,2,3,ClientToShareholder,CommittedGradientShare,60443712,9576
0,2,3,ShareholderToAggregator,Share,12512,2
0,2,3,ShareholderToAggregator,Share,12512,2
0,2,3,AggregatorBroadcast,SplitDecision,36480,456
0,2,3,ShareholderToAggregator,Share,12512,2
0,2,3,AggregatorBroadcast,SplitDecision,36480,456
0,2,3,ShareholderToAggregator,Share,12512,2
0,2,3,ShareholderToAggregator,Share,12512,2
0,2,3,AggregatorBroadcast,SplitDecision,36480,456
0,2,3,ShareholderToAggregator,Share,12512,2
0,2,3,ShareholderToAggregator,Share,12512,2
0,3,0,ClientToShareholder,CommittedGradientShare,8634816,1368
0,3,0,ShareholderToAggregator,Share,12512,2
0,3,0,AggregatorBroadcast,SplitDecision,36480,456
0,3,1,ClientToShareholder,CommittedGradientShare,17269632,2736
0,3,1,ShareholderToAggregator,Share,12512,2
0,3,1,AggregatorBroadcast,SplitDecision,36480,456
0,3,1,ShareholderToAggregator,Share,12512,2
0,3,1,AggregatorBroadcast,SplitDecision,36480,456
0,3,2,ClientToShareholder,CommittedGradientShare,34539264,5472
0,3,2,ShareholderToAggregator,Share,12512,2
0,3,2,AggregatorBroadcast,SplitDecision,36480,456
0,3,2,ShareholderToAggregator,Share,12512,2
0,3,2,AggregatorBroadcast,SplitDecision,36480,456
0,3,2,ShareholderToAggregator,Share,12512,2
0,3,2,AggregatorBroadcast,SplitDecision,36480,456
0,3,2,ShareholderToAggregator,Share,12512,2
0,3,2,AggregatorBroadcast,SplitDecision,36480,456
0,3,3,ClientToShareholder,CommittedGradientShare,69078528,10944
0,3,3,ShareholderToAggregator,Share,12512,2
0,3,3,AggregatorBroadcast,SplitDecision,36480,456
0,3,3,ShareholderToAggregator,Share,12512,2
0,3,3,ShareholderToAggregator,Share,12512,2
0,3,3,ShareholderToAggregator,Share,12512,2
0,3,3,ShareholderToAggregator,Share,12512,2
0,3,3,ShareholderToAggregator,Share,12512,2
0,3,3,ShareholderToAggregator,Share,12512,2
0,3,3,AggregatorBroadcast,SplitDecision,36480,456
0,3,3,ShareholderToAggregator,Share,12512,2
0,3,3,AggregatorBroadcast,SplitDecision,36480,456
0,4,0,ClientToShareholder,CommittedGradientShare,8634816,1368
0,4,0,ShareholderToAggregator,Share,12512,2
0,4,0,AggregatorBroadcast,SplitDecision,36480,456
0,4,1,ClientToShareholder,CommittedGradientShare,17269632,2736
0,4,1,ShareholderToAggregator,Share,12512,2
0,4,1,AggregatorBroadcast,SplitDecision,36480,456
0,4,1,ShareholderToAggregator,Share,12512,2
0,4,1,AggregatorBroadcast,SplitDecision,36480,456
0,4,2,ClientToShareholder,CommittedGradientShare,34539264,5472
0,4,2,ShareholderToAggregator,Share,12512,2
0,4,2,AggregatorBroadcast,SplitDecision,36480,456
0,4,2,ShareholderToAggregator,Share,12512,2
0,4,2,AggregatorBroadcast,SplitDecision,36480,456
0,4,2,ShareholderToAggregator,Share,12512,2
0,4,2,AggregatorBroadcast,SplitDecision,36480,456
0,4,2,ShareholderToAggregator,Share,12512,2
0,4,2,AggregatorBroadcast,SplitDecision,36480,456
0,4,3,ClientToShareholder,CommittedGradientShare,69078528,10944
0,4,3,ShareholderToAggregator,Share,12512,2
0,4,3,AggregatorBroadcast,SplitDecision,36480,456
0,4,3,ShareholderToAggregator,Share,12512,2
0,4,3,ShareholderToAggregator,Share,12512,2
0,4,3,ShareholderToAggregator,Share,12512,2
0,4,3,ShareholderToAggregator,Share,12512,2
0,4,3,ShareholderToAggregator,Share,12512,2
0,4,3,ShareholderToAggregator,Share,12512,2
0,4,3,AggregatorBroadcast,SplitDecision,36480,456
0,4,3,ShareholderToAggregator,Share,12512,2
0,4,3,AggregatorBroadcast,SplitDecision,36480,456
0,5,0,ClientToShareholder,CommittedGradientShare,8634816,1368
0,5,0,ShareholderToAggregator,Share,12512,2
0,5,0,AggregatorBroadcast,SplitDecision,36480,456
0,5,1,ClientToShareholder,CommittedGradientShare,17269632,2736
0,5,1,ShareholderToAggregator,Share,12512,2
0,5,1,AggregatorBroadcast,SplitDecision,36480,456
0,5,1,ShareholderToAggregator,Share,12512,2
0,5,1,AggregatorBroadcast,SplitDecision,36480,456
0,5,2,ClientToShareholder,CommittedGradientShare,34539264,5472
0,5,2,ShareholderToAggregator,Share,12512,2
0,5,2,AggregatorBroadcast,SplitDecision,36480,456
0,5,2,ShareholderToAggregator,Share,12512,2
0,5,2,AggregatorBroadcast,SplitDecision,36480,456
0,5,2,ShareholderToAggregator,Share,12512,2
0,5,2,AggregatorBroadcast,SplitDecision,36480,456
0,5,2,ShareholderToAggregator,Share,12512,2
0,5,3,ClientToShareholder,CommittedGradientShare,60443712,9576
0,5,3,ShareholderToAggregator,Share,12512,2
0,5,3,ShareholderToAggregator,Share,12512,2
0,5,3,ShareholderToAggregator,Share,12512,2
0,5,3,ShareholderToAggregator,Share,12512,2
0,5,3,AggregatorBroadcast,SplitDecision,36480,456
0,5,3,ShareholderToAggregator,Share,12512,2
0,5,3,AggregatorBroadcast,SplitDecision,36480,456
0,5,3,ShareholderToAggregator,Share,12512,2
0,5,3,ShareholderToAggregator,Share,12512,2
0,6,0,ClientToShareholder,CommittedGradientShare,8634816,1368
0,6,0,ShareholderToAggregator,Share,12512,2
0,6,0,AggregatorBroadcast,SplitDecision,36480,456
0,6,1,ClientToShareholder,CommittedGradientShare,17269632,2736
0,6,1,ShareholderToAggregator,Share,12512,2
0,6,1,AggregatorBroadcast,SplitDecision,36480,456
0,6,1,ShareholderToAggregator,Share,12512,2
0,6,1,AggregatorBroadcast,SplitDecision,36480,456
0,6,2,ClientToShareholder,CommittedGradientShare,34539264,5472
0,6,2,ShareholderToAggregator,Share,12512,2
0,6,2,AggregatorBroadcast,SplitDecision,36480,456
0,6,2,ShareholderToAggregator,Share,12512,2
0,6,2,AggregatorBroadcast,SplitDecision,36480,456
0,6,2,ShareholderToAggregator,Share,12512,2
0,6,2,ShareholderToAggregator,Share,12512,2
0,6,3,ClientToShareholder,CommittedGradientShare,51808896,8208
0,6,3,ShareholderToAggregator,Share,12512,2
0,6,3,ShareholderToAggregator,Share,12512,2
0,6,3,ShareholderToAggregator,Share,12512,2
0,6,3,AggregatorBroadcast,SplitDecision,36480,456
0,6,3,ShareholderToAggregator,Share,12512,2
0,6,3,AggregatorBroadcast,SplitDecision,36480,456
0,6,3,ShareholderToAggregator,Share,12512,2
0,6,3,AggregatorBroadcast,SplitDecision,36480,456
0,6,3,ShareholderToAggregator,Share,12512,2
0,7,0,ClientToShareholder,CommittedGradientShare,8634816,1368
0,7,0,ShareholderToAggregator,Share,12512,2
0,7,0,AggregatorBroadcast,SplitDecision,36480,456
0,7,1,ClientToShareholder,CommittedGradientShare,17269632,2736
0,7,1,ShareholderToAggregator,Share,12512,2
0,7,1,AggregatorBroadcast,SplitDecision,36480,456
0,7,1,ShareholderToAggregator,Share,12512,2
0,7,1,AggregatorBroadcast,SplitDecision,36480,456
0,7,2,ClientToShareholder,CommittedGradientShare,34539264,5472
0,7,2,ShareholderToAggregator,Share,12512,2
0,7,2,AggregatorBroadcast,SplitDecision,36480,456
0,7,2,ShareholderToAggregator,Share,12512,2
0,7,2,AggregatorBroadcast,SplitDecision,36480,456
0,7,2,ShareholderToAggregator,Share,12512,2
0,7,2,AggregatorBroadcast,SplitDecision,36480,456
0,7,2,ShareholderToAggregator,Share,12512,2
0,7,2,AggregatorBroadcast,SplitDecision,36480,456
0,7,3,ClientToShareholder,CommittedGradientShare,69078528,10944
0,7,3,ShareholderToAggregator,Share,12512,2
0,7,3,AggregatorBroadcast,SplitDecision,36480,456
0,7,3,ShareholderToAggregator,Share,12512,2
0,7,3,ShareholderToAggregator,Share,12512,2
0,7,3,ShareholderToAggregator,Share,12512,2
0,7,3,ShareholderToAggregator,Share,12512,2
0,7,3,ShareholderToAggregator,Share,12512,2
0,7,3,ShareholderToAggregator,Share,12512,2
0,7,3,AggregatorBroadcast,SplitDecision,36480,456
0,7,3,ShareholderToAggregator,Share,12512,2
0,7,3,AggregatorBroadcast,SplitDecision,36480,456
0,8,0,ClientToShareholder,CommittedGradientShare,8634816,1368
0,8,0,ShareholderToAggregator,Share,12512,2
0,8,0,AggregatorBroadcast,SplitDecision,36480,456
0,8,1,ClientToShareholder,CommittedGradientShare,17269632,2736
0,8,1,ShareholderToAggregator,Share,12512,2
0,8,1,AggregatorBroadcast,SplitDecision,36480,456
0,8,1,ShareholderToAggregator,Share,12512,2
0,8,1,AggregatorBroadcast,SplitDecision,36480,456
0,8,2,ClientToShareholder,CommittedGradientShare,34539264,5472
0,8,2,ShareholderToAggregator,Share,12512,2
0,8,2,AggregatorBroadcast,SplitDecision,36480,456
0,8,2,ShareholderToAggregator,Share,12512,2
0,8,2,AggregatorBroadcast,SplitDecision,36480,456
0,8,2,ShareholderToAggregator,Share,12512,2
0,8,2,AggregatorBroadcast,SplitDecision,36480,456
0,8,2,ShareholderToAggregator,Share,12512,2
0,8,3,ClientToShareholder,CommittedGradientShare,60443712,9576
0,8,3,ShareholderToAggregator,Share,12512,2
0,8,3,ShareholderToAggregator,Share,12512,2
0,8,3,AggregatorBroadcast,SplitDecision,36480,456
0,8,3,ShareholderToAggregator,Share,12512,2
0,8,3,ShareholderToAggregator,Share,12512,2
0,8,3,AggregatorBroadcast,SplitDecision,36480,456
0,8,3,ShareholderToAggregator,Share,12512,2
0,8,3,AggregatorBroadcast,SplitDecision,36480,456
0,8,3,ShareholderToAggregator,Share,12512,2
0,8,3,ShareholderToAggregator,Share,12512,2
0,9,0,ClientToShareholder,CommittedGradientShare,8634816,1368
0,9,0,ShareholderToAggregator,Share,12512,2
0,9,0,AggregatorBroadcast,SplitDecision,36480,456
0,9,1,ClientToShareholder,CommittedGradientShare,17269632,2736
0,9,1,ShareholderToAggregator,Share,12512,2
0,9,1,AggregatorBroadcast,SplitDecision,36480,456
0,9,1,ShareholderToAggregator,Share,12512,2
0,9,1,AggregatorBroadcast,SplitDecision,36480,456
0,9,2,ClientToShareholder,CommittedGradientShare,34539264,5472
0,9,2,ShareholderToAggregator,Share,12512,2
0,9,2,AggregatorBroadcast,SplitDecision,36480,456
0,9,2,ShareholderToAggregator,Share,12512,2
0,9,2,AggregatorBroadcast,SplitDecision,36480,456
0,9,2,ShareholderToAggregator,Share,12512,2
0,9,2,AggregatorBroadcast,SplitDecision,36480,456
0,9,2,ShareholderToAggregator,Share,12512,2
0,9,3,ClientToShareholder,CommittedGradientShare,60443712,9576
0,9,3,ShareholderToAggregator,Share,12512,2
0,9,3,ShareholderToAggregator,Share,12512,2
0,9,3,AggregatorBroadcast,SplitDecision,36480,456
0,9,3,ShareholderToAggregator,Share,12512,2
0,9,3,ShareholderToAggregator,Share,12512,2
0,9,3,AggregatorBroadcast,SplitDecision,36480,456
0,9,3,ShareholderToAggregator,Share,12512,2
0,9,3,AggregatorBroadcast,SplitDecision,36480,456
0,9,3,ShareholderToAggregator,Share,12512,2
0,9,3,ShareholderToAggregator,Share,12512,2
0,10,0,ClientToShareholder,CommittedGradientShare,8634816,1368
0,10,0,ShareholderToAggregator,Share,12512,2
0,10,0,AggregatorBroadcast,SplitDecision,36480,456
0,10,1,ClientToShareholder,CommittedGradientShare,17269632,2736
0,10,1,ShareholderToAggregator,Share,12512,2
0,10,1,AggregatorBroadcast,SplitDecision,36480,456
0,10,1,ShareholderToAggregator,Share,12512,2
0,10,1,AggregatorBroadcast,SplitDecision,36480,456
0,10,2,ClientToShareholder,CommittedGradientShare,34539264,5472
0,10,2,ShareholderToAggregator,Share,12512,2
0,10,2,AggregatorBroadcast,SplitDecision,36480,456
0,10,2,ShareholderToAggregator,Share,12512,2
0,10,2,ShareholderToAggregator,Share,12512,2
0,10,2,AggregatorBroadcast,SplitDecision,36480,456
0,10,2,ShareholderToAggregator,Share,12512,2
0,10,2,AggregatorBroadcast,SplitDecision,36480,456
0,10,3,ClientToShareholder,CommittedGradientShare,60443712,9576
0,10,3,ShareholderToAggregator,Share,12512,2
0,10,3,ShareholderToAggregator,Share,12512,2
0,10,3,AggregatorBroadcast,SplitDecision,36480,456
0,10,3,ShareholderToAggregator,Share,12512,2
0,10,3,AggregatorBroadcast,SplitDecision,36480,456
0,10,3,ShareholderToAggregator,Share,12512,2
0,10,3,ShareholderToAggregator,Share,12512,2
0,10,3,ShareholderToAggregator,Share,12512,2
0,10,3,ShareholderToAggregator,Share,12512,2
0,11,0,ClientToShareholder,CommittedGradientShare,8634816,1368
0,11,0,ShareholderToAggregator,Share,12512,2
0,11,0,AggregatorBroadcast,SplitDecision,36480,456
0,11,1,ClientToShareholder,CommittedGradientShare,17269632,2736
0,11,1,ShareholderToAggregator,Share,12512,2
0,11,1,AggregatorBroadcast,SplitDecision,36480,456
0,11,1,ShareholderToAggregator,Share,12512,2
0,11,1,AggregatorBroadcast,SplitDecision,36480,456
0,11,2,ClientToShareholder,CommittedGradientShare,34539264,5472
0,11,2,ShareholderToAggregator,Share,12512,2
0,11,2,AggregatorBroadcast,SplitDecision,36480,456
0,11,2,ShareholderToAggregator,Share,12512,2
0,11,2,AggregatorBroadcast,SplitDecision,36480,456
0,11,2,ShareholderToAggregator,Share,12512,2
0,11,2,AggregatorBroadcast,SplitDecision,36480,456
0,11,2,ShareholderToAggregator,Share,12512,2
0,11,2,AggregatorBroadcast,SplitDecision,36480,456
0,11,3,ClientToShareholder,CommittedGradientShare,69078528,10944
0,11,3,ShareholderToAggregator,Share,12512,2
0,11,3,AggregatorBroadcast,SplitDecision,36480,456
0,11,3,ShareholderToAggregator,Share,12512,2
0,11,3,ShareholderToAggregator,Share,12512,2
0,11,3,ShareholderToAggregator,Share,12512,2
0,11,3,ShareholderToAggregator,Share,12512,2
0,11,3,ShareholderToAggregator,Share,12512,2
0,11,3,ShareholderToAggregator,Share,12512,2
0,11,3,AggregatorBroadcast,SplitDecision,36480,456
0,11,3,ShareholderToAggregator,Share,12512,2
0,12,0,ClientToShareholder,CommittedGradientShare,8634816,1368
0,12,0,ShareholderToAggregator,Share,12512,2
0,12,0,AggregatorBroadcast,SplitDecision,36480,456
0,12,1,ClientToShareholder,CommittedGradientShare,17269632,2736
0,12,1,ShareholderToAggregator,Share,12512,2
0,12,1,AggregatorBroadcast,SplitDecision,36480,456
0,12,1,ShareholderToAggregator,Share,12512,2
0,12,1,AggregatorBroadcast,SplitDecision,36480,456
0,12,2,ClientToShareholder,CommittedGradientShare,34539264,5472
0,12,2,ShareholderToAggregator,Share,12512,2
0,12,2,AggregatorBroadcast,SplitDecision,36480,456
0,12,2,ShareholderToAggregator,Share,12512,2
0,12,2,AggregatorBroadcast,SplitDecision,36480,456
0,12,2,ShareholderToAggregator,Share,12512,2
0,12,2,AggregatorBroadcast,SplitDecision,36480,456
0,12,2,ShareholderToAggregator,Share,12512,2
0,12,3,ClientToShareholder,CommittedGradientShare,60443712,9576
0,12,3,ShareholderToAggregator,Share,12512,2
0,12,3,ShareholderToAggregator,Share,12512,2
0,12,3,AggregatorBroadcast,SplitDecision,36480,456
0,12,3,ShareholderToAggregator,Share,12512,2
0,12,3,ShareholderToAggregator,Share,12512,2
0,12,3,ShareholderToAggregator,Share,12512,2
0,12,3,AggregatorBroadcast,SplitDecision,36480,456
0,12,3,ShareholderToAggregator,Share,12512,2
0,12,3,ShareholderToAggregator,Share,12512,2
0,13,0,ClientToShareholder,CommittedGradientShare,8634816,1368
0,13,0,ShareholderToAggregator,Share,12512,2
0,13,0,AggregatorBroadcast,SplitDecision,36480,456
0,13,1,ClientToShareholder,CommittedGradientShare,17269632,2736
0,13,1,ShareholderToAggregator,Share,12512,2
0,13,1,AggregatorBroadcast,SplitDecision,36480,456
0,13,1,ShareholderToAggregator,Share,12512,2
0,13,1,AggregatorBroadcast,SplitDecision,36480,456
0,13,2,ClientToShareholder,CommittedGradientShare,34539264,5472
0,13,2,ShareholderToAggregator,Share,12512,2
0,13,2,AggregatorBroadcast,SplitDecision,36480,456
0,13,2,ShareholderToAggregator,Share,12512,2
0,13,2,AggregatorBroadcast,SplitDecision,36480,456
0,13,2,ShareholderToAggregator,Share,12512,2
0,13,2,ShareholderToAggregator,Share,12512,2
0,13,2,AggregatorBroadcast,SplitDecision,36480,456
0,13,3,ClientToShareholder,CommittedGradientShare,60443712,9576
0,13,3,ShareholderToAggregator,Share,12512,2
0,13,3,ShareholderToAggregator,Share,12512,2
0,13,3,AggregatorBroadcast,SplitDecision,36480,456
0,13,3,ShareholderToAggregator,Share,12512,2
0,13,3,ShareholderToAggregator,Share,12512,2
0,13,3,ShareholderToAggregator,Share,12512,2
0,13,3,ShareholderToAggregator,Share,12512,2
0,13,3,ShareholderToAggregator,Share,12512,2
0,13,3,AggregatorBroadcast,SplitDecision,36480,456
0,14,0,ClientToShareholder,CommittedGradientShare,8634816,1368
0,14,0,ShareholderToAggregator,Share,12512,2
0,14,0,AggregatorBroadcast,SplitDecision,36480,456
0,14,1,ClientToShareholder,CommittedGradientShare,17269632,2736
0,14,1,ShareholderToAggregator,Share,12512,2
0,14,1,AggregatorBroadcast,SplitDecision,36480,456
0,14,1,ShareholderToAggregator,Share,12512,2
0,14,1,AggregatorBroadcast,SplitDecision,36480,456
0,14,2,ClientToShareholder,CommittedGradientShare,34539264,5472
0,14,2,ShareholderToAggregator,Share,12512,2
0,14,2,AggregatorBroadcast,SplitDecision,36480,456
0,14,2,ShareholderToAggregator,Share,12512,2
0,14,2,ShareholderToAggregator,Share,12512,2
0,14,2,AggregatorBroadcast,SplitDecision,36480,456
0,14,2,ShareholderToAggregator,Share,12512,2
0,14,2,AggregatorBroadcast,SplitDecision,36480,456
0,14,3,ClientToShareholder,CommittedGradientShare,60443712,9576
0,14,3,ShareholderToAggregator,Share,12512,2
0,14,3,ShareholderToAggregator,Share,12512,2
0,14,3,AggregatorBroadcast,SplitDecision,36480,456
0,14,3,ShareholderToAggregator,Share,12512,2
0,14,3,AggregatorBroadcast,SplitDecision,36480,456
0,14,3,ShareholderToAggregator,Share,12512,2
0,14,3,ShareholderToAggregator,Share,12512,2
0,14,3,ShareholderToAggregator,Share,12512,2
0,14,3,ShareholderToAggregator,Share,12512,2
0,14,3,AggregatorBroadcast,SplitDecision,36480,456
1,0,0,ClientToShareholder,CommittedStatsShare,744192,1368
1,0,0,ShareholderToAggregator,Share,1024,2
1,0,0,AggregatorBroadcast,BinConfiguration,54720,456
1,0,0,AggregatorBroadcast,BinConfiguration,54720,456
1,0,0,AggregatorBroadcast,BinConfiguration,54720,456
1,0,0,AggregatorBroadcast,BinConfiguration,54720,456
1,0,0,AggregatorBroadcast,BinConfiguration,54720,456
1,0,0,AggregatorBroadcast,BinConfiguration,54720,456
1,0,0,AggregatorBroadcast,BinConfiguration,54720,456
1,0,0,AggregatorBroadcast,BinConfiguration,54720,456
1,0,0,AggregatorBroadcast,BinConfiguration,54720,456
1,0,0,AggregatorBroadcast,BinConfiguration,54720,456
1,0,0,AggregatorBroadcast,BinConfiguration,54720,456
1,0,0,AggregatorBroadcast,BinConfiguration,54720,456
1,0,0,AggregatorBroadcast,BinConfiguration,54720,456
1,0,0,AggregatorBroadcast,BinConfiguration,54720,456
1,0,0,AggregatorBroadcast,BinConfiguration,54720,456
1,0,0,AggregatorBroadcast,BinConfiguration,54720,456
1,0,0,AggregatorBroadcast,BinConfiguration,54720,456
1,0,0,AggregatorBroadcast,BinConfiguration,54720,456
1,0,0,AggregatorBroadcast,BinConfiguration,54720,456
1,0,0,AggregatorBroadcast,BinConfiguration,54720,456
1,0,0,AggregatorBroadcast,BinConfiguration,54720,456
1,0,0,AggregatorBroadcast,BinConfiguration,54720,456
1,0,0,AggregatorBroadcast,BinConfiguration,54720,456
1,0,0,AggregatorBroadcast,BinConfiguration,54720,456
1,0,0,AggregatorBroadcast,BinConfiguration,54720,456
1,0,0,AggregatorBroadcast,BinConfiguration,54720,456
1,0,0,AggregatorBroadcast,BinConfiguration,54720,456
1,0,0,AggregatorBroadcast,BinConfiguration,54720,456
1,0,0,AggregatorBroadcast,BinConfiguration,54720,456
1,0,0,AggregatorBroadcast,BinConfiguration,54720,456
1,0,0,ClientToShareholder,CommittedGradientShare,8634816,1368
1,0,0,ShareholderToAggregator,Share,12512,2
1,0,0,AggregatorBroadcast,SplitDecision,36480,456
1,0,1,ClientToShareholder,CommittedGradientShare,17269632,2736
1,0,1,ShareholderToAggregator,Share,12512,2
1,0,1,AggregatorBroadcast,SplitDecision,36480,456
1,0,1,ShareholderToAggregator,Share,12512,2
1,0,1,AggregatorBroadcast,SplitDecision,36480,456
1,0,2,ClientToShareholder,CommittedGradientShare,34539264,5472
1,0,2,ShareholderToAggregator,Share,12512,2
1,0,2,AggregatorBroadcast,SplitDecision,36480,456
1,0,2,ShareholderToAggregator,Share,12512,2
1,0,2,AggregatorBroadcast,SplitDecision,36480,456
1,0,2,ShareholderToAggregator,Share,12512,2
1,0,2,AggregatorBroadcast,SplitDecision,36480,456
1,0,2,ShareholderToAggregator,Share,12512,2
1,0,3,ClientToShareholder,CommittedGradientShare,60443712,9576
1,0,3,ShareholderToAggregator,Share,12512,2
1,0,3,ShareholderToAggregator,Share,12512,2
1,0,3,ShareholderToAggregator,Share,12512,2
1,0,3,ShareholderToAggregator,Share,12512,2
1,0,3,ShareholderToAggregator,Share,12512,2
1,0,3,ShareholderToAggregator,Share,12512,2
1,0,3,AggregatorBroadcast,SplitDecision,36480,456
1,0,3,ShareholderToAggregator,Share,12512,2
1,1,0,ClientToShareholder,CommittedGradientShare,8634816,1368
1,1,0,ShareholderToAggregator,Share,12512,2
1,1,0,AggregatorBroadcast,SplitDecision,36480,456
1,1,1,ClientToShareholder,CommittedGradientShare,17269632,2736
1,1,1,ShareholderToAggregator,Share,12512,2
1,1,1,AggregatorBroadcast,SplitDecision,36480,456
1,1,1,ShareholderToAggregator,Share,12512,2
1,1,1,AggregatorBroadcast,SplitDecision,36480,456
1,1,2,ClientToShareholder,CommittedGradientShare,34539264,5472
1,1,2,ShareholderToAggregator,Share,12512,2
1,1,2,AggregatorBroadcast,SplitDecision,36480,456
1,1,2,ShareholderToAggregator,Share,12512,2
1,1,2,AggregatorBroadcast,SplitDecision,36480,456
1,1,2,ShareholderToAggregator,Share,12512,2
1,1,2,AggregatorBroadcast,SplitDecision,36480,456
1,1,2,ShareholderToAggregator,Share,12512,2
1,1,3,ClientToShareholder,CommittedGradientShare,60443712,9576
1,1,3,ShareholderToAggregator,Share,12512,2
1,1,3,ShareholderToAggregator,Share,12512,2
1,1,3,AggregatorBroadcast,SplitDecision,36480,456
1,1,3,ShareholderToAggregator,Share,12512,2
1,1,3,ShareholderToAggregator,Share,12512,2
1,1,3,ShareholderToAggregator,Share,12512,2
1,1,3,AggregatorBroadcast,SplitDecision,36480,456
1,1,3,ShareholderToAggregator,Share,12512,2
1,1,3,ShareholderToAggregator,Share,12512,2
1,2,0,ClientToShareholder,CommittedGradientShare,8634816,1368
1,2,0,ShareholderToAggregator,Share,12512,2
1,2,0,AggregatorBroadcast,SplitDecision,36480,456
1,2,1,ClientToShareholder,CommittedGradientShare,17269632,2736
1,2,1,ShareholderToAggregator,Share,12512,2
1,2,1,AggregatorBroadcast,SplitDecision,36480,456
1,2,1,ShareholderToAggregator,Share,12512,2
1,2,1,AggregatorBroadcast,SplitDecision,36480,456
1,2,2,ClientToShareholder,CommittedGradientShare,34539264,5472
1,2,2,ShareholderToAggregator,Share,12512,2
1,2,2,AggregatorBroadcast,SplitDecision,36480,456
1,2,2,ShareholderToAggregator,Share,12512,2
1,2,2,AggregatorBroadcast,SplitDecision,36480,456
1,2,2,ShareholderToAggregator,Share,12512,2
1,2,2,AggregatorBroadcast,SplitDecision,36480,456
1,2,2,ShareholderToAggregator,Share,12512,2
1,2,2,AggregatorBroadcast,SplitDecision,36480,456
1,2,3,ClientToShareholder,CommittedGradientShare,69078528,10944
1,2,3,ShareholderToAggregator,Share,12512,2
1,2,3,AggregatorBroadcast,SplitDecision,36480,456
1,2,3,ShareholderToAggregator,Share,12512,2
1,2,3,ShareholderToAggregator,Share,12512,2
1,2,3,ShareholderToAggregator,Share,12512,2
1,2,3,ShareholderToAggregator,Share,12512,2
1,2,3,ShareholderToAggregator,Share,12512,2
1,2,3,ShareholderToAggregator,Share,12512,2
1,2,3,ShareholderToAggregator,Share,12512,2
1,2,3,AggregatorBroadcast,SplitDecision,36480,456
1,3,0,ClientToShareholder,CommittedGradientShare,8634816,1368
1,3,0,ShareholderToAggregator,Share,12512,2
1,3,0,AggregatorBroadcast,SplitDecision,36480,456
1,3,1,ClientToShareholder,CommittedGradientShare,17269632,2736
1,3,1,ShareholderToAggregator,Share,12512,2
1,3,1,AggregatorBroadcast,SplitDecision,36480,456
1,3,1,ShareholderToAggregator,Share,12512,2
1,3,1,AggregatorBroadcast,SplitDecision,36480,456
1,3,2,ClientToShareholder,CommittedGradientShare,34539264,5472
1,3,2,ShareholderToAggregator,Share,12512,2
1,3,2,AggregatorBroadcast,SplitDecision,36480,456
1,3,2,ShareholderToAggregator,Share,12512,2
1,3,2,AggregatorBroadcast,SplitDecision,36480,456
1,3,2,ShareholderToAggregator,Share,12512,2
1,3,2,AggregatorBroadcast,SplitDecision,36480,456
1,3,2,ShareholderToAggregator,Share,12512,2
1,3,3,ClientToShareholder,CommittedGradientShare,60443712,9576
1,3,3,ShareholderToAggregator,Share,12512,2
1,3,3,ShareholderToAggregator,Share,12512,2
1,3,3,AggregatorBroadcast,SplitDecision,36480,456
1,3,3,ShareholderToAggregator,Share,12512,2
1,3,3,ShareholderToAggregator,Share,12512,2
1,3,3,AggregatorBroadcast,SplitDecision,36480,456
1,3,3,ShareholderToAggregator,Share,12512,2
1,3,3,AggregatorBroadcast,SplitDecision,36480,456
1,3,3,ShareholderToAggregator,Share,12512,2
1,3,3,ShareholderToAggregator,Share,12512,2
1,4,0,ClientToShareholder,CommittedGradientShare,8634816,1368
1,4,0,ShareholderToAggregator,Share,12512,2
1,4,0,AggregatorBroadcast,SplitDecision,36480,456
1,4,1,ClientToShareholder,CommittedGradientShare,17269632,2736
1,4,1,ShareholderToAggregator,Share,12512,2
1,4,1,AggregatorBroadcast,SplitDecision,36480,456
1,4,1,ShareholderToAggregator,Share,12512,2
1,4,1,AggregatorBroadcast,SplitDecision,36480,456
1,4,2,ClientToShareholder,CommittedGradientShare,34539264,5472
1,4,2,ShareholderToAggregator,Share,12512,2
1,4,2,AggregatorBroadcast,SplitDecision,36480,456
1,4,2,ShareholderToAggregator,Share,12512,2
1,4,2,AggregatorBroadcast,SplitDecision,36480,456
1,4,2,ShareholderToAggregator,Share,12512,2
1,4,2,AggregatorBroadcast,SplitDecision,36480,456
1,4,2,ShareholderToAggregator,Share,12512,2
1,4,2,AggregatorBroadcast,SplitDecision,36480,456
1,4,3,ClientToShareholder,CommittedGradientShare,69078528,10944
1,4,3,ShareholderToAggregator,Share,12512,2
1,4,3,AggregatorBroadcast,SplitDecision,36480,456
1,4,3,ShareholderToAggregator,Share,12512,2
1,4,3,ShareholderToAggregator,Share,12512,2
1,4,3,ShareholderToAggregator,Share,12512,2
1,4,3,AggregatorBroadcast,SplitDecision,36480,456
1,4,3,ShareholderToAggregator,Share,12512,2
1,4,3,ShareholderToAggregator,Share,12512,2
1,4,3,ShareholderToAggregator,Share,12512,2
1,4,3,ShareholderToAggregator,Share,12512,2
1,4,3,AggregatorBroadcast,SplitDecision,36480,456
1,5,0,ClientToShareholder,CommittedGradientShare,8634816,1368
1,5,0,ShareholderToAggregator,Share,12512,2
1,5,0,AggregatorBroadcast,SplitDecision,36480,456
1,5,1,ClientToShareholder,CommittedGradientShare,17269632,2736
1,5,1,ShareholderToAggregator,Share,12512,2
1,5,1,AggregatorBroadcast,SplitDecision,36480,456
1,5,1,ShareholderToAggregator,Share,12512,2
1,5,1,AggregatorBroadcast,SplitDecision,36480,456
1,5,2,ClientToShareholder,CommittedGradientShare,34539264,5472
1,5,2,ShareholderToAggregator,Share,12512,2
1,5,2,AggregatorBroadcast,SplitDecision,36480,456
1,5,2,ShareholderToAggregator,Share,12512,2
1,5,2,AggregatorBroadcast,SplitDecision,36480,456
1,5,2,ShareholderToAggregator,Share,12512,2
1,5,2,AggregatorBroadcast,SplitDecision,36480,456
1,5,2,ShareholderToAggregator,Share,12512,2
1,5,3,ClientToShareholder,CommittedGradientShare,60443712,9576
1,5,3,ShareholderToAggregator,Share,12512,2
1,5,3,ShareholderToAggregator,Share,12512,2
1,5,3,ShareholderToAggregator,Share,12512,2
1,5,3,ShareholderToAggregator,Share,12512,2
1,5,3,AggregatorBroadcast,SplitDecision,36480,456
1,5,3,ShareholderToAggregator,Share,12512,2
1,5,3,AggregatorBroadcast,SplitDecision,36480,456
1,5,3,ShareholderToAggregator,Share,12512,2
1,5,3,ShareholderToAggregator,Share,12512,2
1,6,0,ClientToShareholder,CommittedGradientShare,8634816,1368
1,6,0,ShareholderToAggregator,Share,12512,2
1,6,0,AggregatorBroadcast,SplitDecision,36480,456
1,6,1,ClientToShareholder,CommittedGradientShare,17269632,2736
1,6,1,ShareholderToAggregator,Share,12512,2
1,6,1,AggregatorBroadcast,SplitDecision,36480,456
1,6,1,ShareholderToAggregator,Share,12512,2
1,6,1,AggregatorBroadcast,SplitDecision,36480,456
1,6,2,ClientToShareholder,CommittedGradientShare,34539264,5472
1,6,2,ShareholderToAggregator,Share,12512,2
1,6,2,AggregatorBroadcast,SplitDecision,36480,456
1,6,2,ShareholderToAggregator,Share,12512,2
1,6,2,AggregatorBroadcast,SplitDecision,36480,456
1,6,2,ShareholderToAggregator,Share,12512,2
1,6,2,ShareholderToAggregator,Share,12512,2
1,6,2,AggregatorBroadcast,SplitDecision,36480,456
1,6,3,ClientToShareholder,CommittedGradientShare,60443712,9576
1,6,3,ShareholderToAggregator,Share,12512,2
1,6,3,ShareholderToAggregator,Share,12512,2
1,6,3,AggregatorBroadcast,SplitDecision,36480,456
1,6,3,ShareholderToAggregator,Share,12512,2
1,6,3,AggregatorBroadcast,SplitDecision,36480,456
1,6,3,ShareholderToAggregator,Share,12512,2
1,6,3,AggregatorBroadcast,SplitDecision,36480,456
1,6,3,ShareholderToAggregator,Share,12512,2
1,6,3,AggregatorBroadcast,SplitDecision,36480,456
1,6,3,ShareholderToAggregator,Share,12512,2
1,6,3,ShareholderToAggregator,Share,12512,2
1,7,0,ClientToShareholder,CommittedGradientShare,8634816,1368
1,7,0,ShareholderToAggregator,Share,12512,2
1,7,0,AggregatorBroadcast,SplitDecision,36480,456
1,7,1,ClientToShareholder,CommittedGradientShare,17269632,2736
1,7,1,ShareholderToAggregator,Share,12512,2
1,7,1,AggregatorBroadcast,SplitDecision,36480,456
1,7,1,ShareholderToAggregator,Share,12512,2
1,7,1,AggregatorBroadcast,SplitDecision,36480,456
1,7,2,ClientToShareholder,CommittedGradientShare,34539264,5472
1,7,2,ShareholderToAggregator,Share,12512,2
1,7,2,AggregatorBroadcast,SplitDecision,36480,456
1,7,2,ShareholderToAggregator,Share,12512,2
1,7,2,ShareholderToAggregator,Share,12512,2
1,7,2,ShareholderToAggregator,Share,12512,2
1,7,2,AggregatorBroadcast,SplitDecision,36480,456
1,7,3,ClientToShareholder,CommittedGradientShare,51808896,8208
1,7,3,ShareholderToAggregator,Share,12512,2
1,7,3,ShareholderToAggregator,Share,12512,2
1,7,3,ShareholderToAggregator,Share,12512,2
1,7,3,AggregatorBroadcast,SplitDecision,36480,456
1,7,3,ShareholderToAggregator,Share,12512,2
1,7,3,ShareholderToAggregator,Share,12512,2
1,7,3,AggregatorBroadcast,SplitDecision,36480,456
1,7,3,ShareholderToAggregator,Share,12512,2
1,7,3,AggregatorBroadcast,SplitDecision,36480,456
1,8,0,ClientToShareholder,CommittedGradientShare,8634816,1368
1,8,0,ShareholderToAggregator,Share,12512,2
1,8,0,AggregatorBroadcast,SplitDecision,36480,456
1,8,1,ClientToShareholder,CommittedGradientShare,17269632,2736
1,8,1,ShareholderToAggregator,Share,12512,2
1,8,1,AggregatorBroadcast,SplitDecision,36480,456
1,8,1,ShareholderToAggregator,Share,12512,2
1,8,1,AggregatorBroadcast,SplitDecision,36480,456
1,8,2,ClientToShareholder,CommittedGradientShare,34539264,5472
1,8,2,ShareholderToAggregator,Share,12512,2
1,8,2,AggregatorBroadcast,SplitDecision,36480,456
1,8,2,ShareholderToAggregator,Share,12512,2
1,8,2,AggregatorBroadcast,SplitDecision,36480,456
1,8,2,ShareholderToAggregator,Share,12512,2
1,8,2,AggregatorBroadcast,SplitDecision,36480,456
1,8,2,ShareholderToAggregator,Share,12512,2
1,8,2,AggregatorBroadcast,SplitDecision,36480,456
1,8,3,ClientToShareholder,CommittedGradientShare,69078528,10944
1,8,3,ShareholderToAggregator,Share,12512,2
1,8,3,ShareholderToAggregator,Share,12512,2
1,8,3,ShareholderToAggregator,Share,12512,2
1,8,3,AggregatorBroadcast,SplitDecision,36480,456
1,8,3,ShareholderToAggregator,Share,12512,2
1,8,3,ShareholderToAggregator,Share,12512,2
1,8,3,ShareholderToAggregator,Share,12512,2
1,8,3,ShareholderToAggregator,Share,12512,2
1,8,3,AggregatorBroadcast,SplitDecision,36480,456
1,8,3,ShareholderToAggregator,Share,12512,2
1,9,0,ClientToShareholder,CommittedGradientShare,8634816,1368
1,9,0,ShareholderToAggregator,Share,12512,2
1,9,0,AggregatorBroadcast,SplitDecision,36480,456
1,9,1,ClientToShareholder,CommittedGradientShare,17269632,2736
1,9,1,ShareholderToAggregator,Share,12512,2
1,9,1,AggregatorBroadcast,SplitDecision,36480,456
1,9,1,ShareholderToAggregator,Share,12512,2
1,9,1,AggregatorBroadcast,SplitDecision,36480,456
1,9,2,ClientToShareholder,CommittedGradientShare,34539264,5472
1,9,2,ShareholderToAggregator,Share,12512,2
1,9,2,AggregatorBroadcast,SplitDecision,36480,456
1,9,2,ShareholderToAggregator,Share,12512,2
1,9,2,AggregatorBroadcast,SplitDecision,36480,456
1,9,2,ShareholderToAggregator,Share,12512,2
1,9,2,AggregatorBroadcast,SplitDecision,36480,456
1,9,2,ShareholderToAggregator,Share,12512,2
1,9,3,ClientToShareholder,CommittedGradientShare,60443712,9576
1,9,3,ShareholderToAggregator,Share,12512,2
1,9,3,ShareholderToAggregator,Share,12512,2
1,9,3,AggregatorBroadcast,SplitDecision,36480,456
1,9,3,ShareholderToAggregator,Share,12512,2
1,9,3,ShareholderToAggregator,Share,12512,2
1,9,3,AggregatorBroadcast,SplitDecision,36480,456
1,9,3,ShareholderToAggregator,Share,12512,2
1,9,3,AggregatorBroadcast,SplitDecision,36480,456
1,9,3,ShareholderToAggregator,Share,12512,2
1,9,3,ShareholderToAggregator,Share,12512,2
1,10,0,ClientToShareholder,CommittedGradientShare,8634816,1368
1,10,0,ShareholderToAggregator,Share,12512,2
1,10,0,AggregatorBroadcast,SplitDecision,36480,456
1,10,1,ClientToShareholder,CommittedGradientShare,17269632,2736
1,10,1,ShareholderToAggregator,Share,12512,2
1,10,1,AggregatorBroadcast,SplitDecision,36480,456
1,10,1,ShareholderToAggregator,Share,12512,2
1,10,1,AggregatorBroadcast,SplitDecision,36480,456
1,10,2,ClientToShareholder,CommittedGradientShare,34539264,5472
1,10,2,ShareholderToAggregator,Share,12512,2
1,10,2,AggregatorBroadcast,SplitDecision,36480,456
1,10,2,ShareholderToAggregator,Share,12512,2
1,10,2,ShareholderToAggregator,Share,12512,2
1,10,2,ShareholderToAggregator,Share,12512,2
1,10,2,AggregatorBroadcast,SplitDecision,36480,456
1,10,3,ClientToShareholder,CommittedGradientShare,51808896,8208
1,10,3,ShareholderToAggregator,Share,12512,2
1,10,3,ShareholderToAggregator,Share,12512,2
1,10,3,ShareholderToAggregator,Share,12512,2
1,10,3,ShareholderToAggregator,Share,12512,2
1,10,3,AggregatorBroadcast,SplitDecision,36480,456
1,10,3,ShareholderToAggregator,Share,12512,2
1,10,3,AggregatorBroadcast,SplitDecision,36480,456
1,10,3,ShareholderToAggregator,Share,12512,2
1,10,3,AggregatorBroadcast,SplitDecision,36480,456
1,11,0,ClientToShareholder,CommittedGradientShare,8634816,1368
1,11,0,ShareholderToAggregator,Share,12512,2
1,11,0,AggregatorBroadcast,SplitDecision,36480,456
1,11,1,ClientToShareholder,CommittedGradientShare,17269632,2736
1,11,1,ShareholderToAggregator,Share,12512,2
1,11,1,AggregatorBroadcast,SplitDecision,36480,456
1,11,1,ShareholderToAggregator,Share,12512,2
1,11,1,AggregatorBroadcast,SplitDecision,36480,456
1,11,2,ClientToShareholder,CommittedGradientShare,34539264,5472
1,11,2,ShareholderToAggregator,Share,12512,2
1,11,2,AggregatorBroadcast,SplitDecision,36480,456
1,11,2,ShareholderToAggregator,Share,12512,2
1,11,2,AggregatorBroadcast,SplitDecision,36480,456
1,11,2,ShareholderToAggregator,Share,12512,2
1,11,2,AggregatorBroadcast,SplitDecision,36480,456
1,11,2,ShareholderToAggregator,Share,12512,2
1,11,2,AggregatorBroadcast,SplitDecision,36480,456
1,11,3,ClientToShareholder,CommittedGradientShare,69078528,10944
1,11,3,ShareholderToAggregator,Share,12512,2
1,11,3,ShareholderToAggregator,Share,12512,2
1,11,3,ShareholderToAggregator,Share,12512,2
1,11,3,AggregatorBroadcast,SplitDecision,36480,456
1,11,3,ShareholderToAggregator,Share,12512,2
1,11,3,ShareholderToAggregator,Share,12512,2
1,11,3,ShareholderToAggregator,Share,12512,2
1,11,3,ShareholderToAggregator,Share,12512,2
1,11,3,AggregatorBroadcast,SplitDecision,36480,456
1,11,3,ShareholderToAggregator,Share,12512,2
1,12,0,ClientToShareholder,CommittedGradientShare,8634816,1368
1,12,0,ShareholderToAggregator,Share,12512,2
1,12,0,AggregatorBroadcast,SplitDecision,36480,456
1,12,1,ClientToShareholder,CommittedGradientShare,17269632,2736
1,12,1,ShareholderToAggregator,Share,12512,2
1,12,1,AggregatorBroadcast,SplitDecision,36480,456
1,12,1,ShareholderToAggregator,Share,12512,2
1,12,1,AggregatorBroadcast,SplitDecision,36480,456
1,12,2,ClientToShareholder,CommittedGradientShare,34539264,5472
1,12,2,ShareholderToAggregator,Share,12512,2
1,12,2,AggregatorBroadcast,SplitDecision,36480,456
1,12,2,ShareholderToAggregator,Share,12512,2
1,12,2,AggregatorBroadcast,SplitDecision,36480,456
1,12,2,ShareholderToAggregator,Share,12512,2
1,12,2,ShareholderToAggregator,Share,12512,2
1,12,2,AggregatorBroadcast,SplitDecision,36480,456
1,12,3,ClientToShareholder,CommittedGradientShare,60443712,9576
1,12,3,ShareholderToAggregator,Share,12512,2
1,12,3,ShareholderToAggregator,Share,12512,2
1,12,3,AggregatorBroadcast,SplitDecision,36480,456
1,12,3,ShareholderToAggregator,Share,12512,2
1,12,3,AggregatorBroadcast,SplitDecision,36480,456
1,12,3,ShareholderToAggregator,Share,12512,2
1,12,3,ShareholderToAggregator,Share,12512,2
1,12,3,ShareholderToAggregator,Share,12512,2
1,12,3,ShareholderToAggregator,Share,12512,2
1,13,0,ClientToShareholder,CommittedGradientShare,8634816,1368
1,13,0,ShareholderToAggregator,Share,12512,2
1,13,0,AggregatorBroadcast,SplitDecision,36480,456
1,13,1,ClientToShareholder,CommittedGradientShare,17269632,2736
1,13,1,ShareholderToAggregator,Share,12512,2
1,13,1,AggregatorBroadcast,SplitDecision,36480,456
1,13,1,ShareholderToAggregator,Share,12512,2
1,13,1,AggregatorBroadcast,SplitDecision,36480,456
1,13,2,ClientToShareholder,CommittedGradientShare,34539264,5472
1,13,2,ShareholderToAggregator,Share,12512,2
1,13,2,AggregatorBroadcast,SplitDecision,36480,456
1,13,2,ShareholderToAggregator,Share,12512,2
1,13,2,AggregatorBroadcast,SplitDecision,36480,456
1,13,2,ShareholderToAggregator,Share,12512,2
1,13,2,AggregatorBroadcast,SplitDecision,36480,456
1,13,2,ShareholderToAggregator,Share,12512,2
1,13,3,ClientToShareholder,CommittedGradientShare,60443712,9576
1,13,3,ShareholderToAggregator,Share,12512,2
1,13,3,ShareholderToAggregator,Share,12512,2
1,13,3,AggregatorBroadcast,SplitDecision,36480,456
1,13,3,ShareholderToAggregator,Share,12512,2
1,13,3,ShareholderToAggregator,Share,12512,2
1,13,3,AggregatorBroadcast,SplitDecision,36480,456
1,13,3,ShareholderToAggregator,Share,12512,2
1,13,3,AggregatorBroadcast,SplitDecision,36480,456
1,13,3,ShareholderToAggregator,Share,12512,2
1,13,3,ShareholderToAggregator,Share,12512,2
1,14,0,ClientToShareholder,CommittedGradientShare,8634816,1368
1,14,0,ShareholderToAggregator,Share,12512,2
1,14,0,AggregatorBroadcast,SplitDecision,36480,456
1,14,1,ClientToShareholder,CommittedGradientShare,17269632,2736
1,14,1,ShareholderToAggregator,Share,12512,2
1,14,1,AggregatorBroadcast,SplitDecision,36480,456
1,14,1,ShareholderToAggregator,Share,12512,2
1,14,1,AggregatorBroadcast,SplitDecision,36480,456
1,14,2,ClientToShareholder,CommittedGradientShare,34539264,5472
1,14,2,ShareholderToAggregator,Share,12512,2
1,14,2,AggregatorBroadcast,SplitDecision,36480,456
1,14,2,ShareholderToAggregator,Share,12512,2
1,14,2,AggregatorBroadcast,SplitDecision,36480,456
1,14,2,ShareholderToAggregator,Share,12512,2
1,14,2,AggregatorBroadcast,SplitDecision,36480,456
1,14,2,ShareholderToAggregator,Share,12512,2
1,14,3,ClientToShareholder,CommittedGradientShare,60443712,9576
1,14,3,ShareholderToAggregator,Share,12512,2
1,14,3,ShareholderToAggregator,Share,12512,2
1,14,3,AggregatorBroadcast,SplitDecision,36480,456
1,14,3,ShareholderToAggregator,Share,12512,2
1,14,3,ShareholderToAggregator,Share,12512,2
1,14,3,ShareholderToAggregator,Share,12512,2
1,14,3,AggregatorBroadcast,SplitDecision,36480,456
1,14,3,ShareholderToAggregator,Share,12512,2
1,14,3,ShareholderToAggregator,Share,12512,2
2,0,0,ClientToShareholder,CommittedStatsShare,744192,1368
2,0,0,ShareholderToAggregator,Share,1024,2
2,0,0,AggregatorBroadcast,BinConfiguration,54720,456
2,0,0,AggregatorBroadcast,BinConfiguration,54720,456
2,0,0,AggregatorBroadcast,BinConfiguration,54720,456
2,0,0,AggregatorBroadcast,BinConfiguration,54720,456
2,0,0,AggregatorBroadcast,BinConfiguration,54720,456
2,0,0,AggregatorBroadcast,BinConfiguration,54720,456
2,0,0,AggregatorBroadcast,BinConfiguration,54720,456
2,0,0,AggregatorBroadcast,BinConfiguration,54720,456
2,0,0,AggregatorBroadcast,BinConfiguration,54720,456
2,0,0,AggregatorBroadcast,BinConfiguration,54720,456
2,0,0,AggregatorBroadcast,BinConfiguration,54720,456
2,0,0,AggregatorBroadcast,BinConfiguration,54720,456
2,0,0,AggregatorBroadcast,BinConfiguration,54720,456
2,0,0,AggregatorBroadcast,BinConfiguration,54720,456
2,0,0,AggregatorBroadcast,BinConfiguration,54720,456
2,0,0,AggregatorBroadcast,BinConfiguration,54720,456
2,0,0,AggregatorBroadcast,BinConfiguration,54720,456
2,0,0,AggregatorBroadcast,BinConfiguration,54720,456
2,0,0,AggregatorBroadcast,BinConfiguration,54720,456
2,0,0,AggregatorBroadcast,BinConfiguration,54720,456
2,0,0,AggregatorBroadcast,BinConfiguration,54720,456
2,0,0,AggregatorBroadcast,BinConfiguration,54720,456
2,0,0,AggregatorBroadcast,BinConfiguration,54720,456
2,0,0,AggregatorBroadcast,BinConfiguration,54720,456
2,0,0,AggregatorBroadcast,BinConfiguration,54720,456
2,0,0,AggregatorBroadcast,BinConfiguration,54720,456
2,0,0,AggregatorBroadcast,BinConfiguration,54720,456
2,0,0,AggregatorBroadcast,BinConfiguration,54720,456
2,0,0,AggregatorBroadcast,BinConfiguration,54720,456
2,0,0,AggregatorBroadcast,BinConfiguration,54720,456
2,0,0,ClientToShareholder,CommittedGradientShare,8634816,1368
2,0,0,ShareholderToAggregator,Share,12512,2
2,0,0,AggregatorBroadcast,SplitDecision,36480,456
2,0,1,ClientToShareholder,CommittedGradientShare,17269632,2736
2,0,1,ShareholderToAggregator,Share,12512,2
2,0,1,AggregatorBroadcast,SplitDecision,36480,456
2,0,1,ShareholderToAggregator,Share,12512,2
2,0,1,AggregatorBroadcast,SplitDecision,36480,456
2,0,2,ClientToShareholder,CommittedGradientShare,34539264,5472
2,0,2,ShareholderToAggregator,Share,12512,2
2,0,2,AggregatorBroadcast,SplitDecision,36480,456
2,0,2,ShareholderToAggregator,Share,12512,2
2,0,2,AggregatorBroadcast,SplitDecision,36480,456
2,0,2,ShareholderToAggregator,Share,12512,2
2,0,2,AggregatorBroadcast,SplitDecision,36480,456
2,0,2,ShareholderToAggregator,Share,12512,2
2,0,2,AggregatorBroadcast,SplitDecision,36480,456
2,0,3,ClientToShareholder,CommittedGradientShare,69078528,10944
2,0,3,ShareholderToAggregator,Share,12512,2
2,0,3,ShareholderToAggregator,Share,12512,2
2,0,3,ShareholderToAggregator,Share,12512,2
2,0,3,ShareholderToAggregator,Share,12512,2
2,0,3,ShareholderToAggregator,Share,12512,2
2,0,3,ShareholderToAggregator,Share,12512,2
2,0,3,ShareholderToAggregator,Share,12512,2
2,0,3,ShareholderToAggregator,Share,12512,2
2,1,0,ClientToShareholder,CommittedGradientShare,8634816,1368
2,1,0,ShareholderToAggregator,Share,12512,2
2,1,0,AggregatorBroadcast,SplitDecision,36480,456
2,1,1,ClientToShareholder,CommittedGradientShare,17269632,2736
2,1,1,ShareholderToAggregator,Share,12512,2
2,1,1,AggregatorBroadcast,SplitDecision,36480,456
2,1,1,ShareholderToAggregator,Share,12512,2
2,1,1,AggregatorBroadcast,SplitDecision,36480,456
2,1,2,ClientToShareholder,CommittedGradientShare,34539264,5472
2,1,2,ShareholderToAggregator,Share,12512,2
2,1,2,AggregatorBroadcast,SplitDecision,36480,456
2,1,2,ShareholderToAggregator,Share,12512,2
2,1,2,AggregatorBroadcast,SplitDecision,36480,456
2,1,2,ShareholderToAggregator,Share,12512,2
2,1,2,AggregatorBroadcast,SplitDecision,36480,456
2,1,2,ShareholderToAggregator,Share,12512,2
2,1,2,AggregatorBroadcast,SplitDecision,36480,456
2,1,3,ClientToShareholder,CommittedGradientShare,69078528,10944
2,1,3,ShareholderToAggregator,Share,12512,2
2,1,3,ShareholderToAggregator,Share,12512,2
2,1,3,ShareholderToAggregator,Share,12512,2
2,1,3,ShareholderToAggregator,Share,12512,2
2,1,3,ShareholderToAggregator,Share,12512,2
2,1,3,ShareholderToAggregator,Share,12512,2
2,1,3,ShareholderToAggregator,Share,12512,2
2,1,3,ShareholderToAggregator,Share,12512,2
2,1,3,AggregatorBroadcast,SplitDecision,36480,456
2,2,0,ClientToShareholder,CommittedGradientShare,8634816,1368
2,2,0,ShareholderToAggregator,Share,12512,2
2,2,0,AggregatorBroadcast,SplitDecision,36480,456
2,2,1,ClientToShareholder,CommittedGradientShare,17269632,2736
2,2,1,ShareholderToAggregator,Share,12512,2
2,2,1,AggregatorBroadcast,SplitDecision,36480,456
2,2,1,ShareholderToAggregator,Share,12512,2
2,2,1,AggregatorBroadcast,SplitDecision,36480,456
2,2,2,ClientToShareholder,CommittedGradientShare,34539264,5472
2,2,2,ShareholderToAggregator,Share,12512,2
2,2,2,AggregatorBroadcast,SplitDecision,36480,456
2,2,2,ShareholderToAggregator,Share,12512,2
2,2,2,AggregatorBroadcast,SplitDecision,36480,456
2,2,2,ShareholderToAggregator,Share,12512,2
2,2,2,AggregatorBroadcast,SplitDecision,36480,456
2,2,2,ShareholderToAggregator,Share,12512,2
2,2,3,ClientToShareholder,CommittedGradientShare,60443712,9576
2,2,3,ShareholderToAggregator,Share,12512,2
2,2,3,ShareholderToAggregator,Share,12512,2
2,2,3,ShareholderToAggregator,Share,12512,2
2,2,3,ShareholderToAggregator,Share,12512,2
2,2,3,ShareholderToAggregator,Share,12512,2
2,2,3,ShareholderToAggregator,Share,12512,2
2,2,3,AggregatorBroadcast,SplitDecision,36480,456
2,2,3,ShareholderToAggregator,Share,12512,2
2,2,3,AggregatorBroadcast,SplitDecision,36480,456
2,3,0,ClientToShareholder,CommittedGradientShare,8634816,1368
2,3,0,ShareholderToAggregator,Share,12512,2
2,3,0,AggregatorBroadcast,SplitDecision,36480,456
2,3,1,ClientToShareholder,CommittedGradientShare,17269632,2736
2,3,1,ShareholderToAggregator,Share,12512,2
2,3,1,AggregatorBroadcast,SplitDecision,36480,456
2,3,1,ShareholderToAggregator,Share,12512,2
2,3,1,AggregatorBroadcast,SplitDecision,36480,456
2,3,2,ClientToShareholder,CommittedGradientShare,34539264,5472
2,3,2,ShareholderToAggregator,Share,12512,2
2,3,2,AggregatorBroadcast,SplitDecision,36480,456
2,3,2,ShareholderToAggregator,Share,12512,2
2,3,2,AggregatorBroadcast,SplitDecision,36480,456
2,3,2,ShareholderToAggregator,Share,12512,2
2,3,2,AggregatorBroadcast,SplitDecision,36480,456
2,3,2,ShareholderToAggregator,Share,12512,2
2,3,2,AggregatorBroadcast,SplitDecision,36480,456
2,3,3,ClientToShareholder,CommittedGradientShare,69078528,10944
2,3,3,ShareholderToAggregator,Share,12512,2
2,3,3,ShareholderToAggregator,Share,12512,2
2,3,3,ShareholderToAggregator,Share,12512,2
2,3,3,ShareholderToAggregator,Share,12512,2
2,3,3,AggregatorBroadcast,SplitDecision,36480,456
2,3,3,ShareholderToAggregator,Share,12512,2
2,3,3,AggregatorBroadcast,SplitDecision,36480,456
2,3,3,ShareholderToAggregator,Share,12512,2
2,3,3,ShareholderToAggregator,Share,12512,2
2,3,3,AggregatorBroadcast,SplitDecision,36480,456
2,3,3,ShareholderToAggregator,Share,12512,2
2,4,0,ClientToShareholder,CommittedGradientShare,8634816,1368
2,4,0,ShareholderToAggregator,Share,12512,2
2,4,0,AggregatorBroadcast,SplitDecision,36480,456
2,4,1,ClientToShareholder,CommittedGradientShare,17269632,2736
2,4,1,ShareholderToAggregator,Share,12512,2
2,4,1,AggregatorBroadcast,SplitDecision,36480,456
2,4,1,ShareholderToAggregator,Share,12512,2
2,4,1,AggregatorBroadcast,SplitDecision,36480,456
2,4,2,ClientToShareholder,CommittedGradientShare,34539264,5472
2,4,2,ShareholderToAggregator,Share,12512,2
2,4,2,AggregatorBroadcast,SplitDecision,36480,456
2,4,2,ShareholderToAggregator,Share,12512,2
2,4,2,AggregatorBroadcast,SplitDecision,36480,456
2,4,2,ShareholderToAggregator,Share,12512,2
2,4,2,AggregatorBroadcast,SplitDecision,36480,456
2,4,2,ShareholderToAggregator,Share,12512,2
2,4,2,AggregatorBroadcast,SplitDecision,36480,456
2,4,3,ClientToShareholder,CommittedGradientShare,69078528,10944
2,4,3,ShareholderToAggregator,Share,12512,2
2,4,3,ShareholderToAggregator,Share,12512,2
2,4,3,AggregatorBroadcast,SplitDecision,36480,456
2,4,3,ShareholderToAggregator,Share,12512,2
2,4,3,ShareholderToAggregator,Share,12512,2
2,4,3,ShareholderToAggregator,Share,12512,2
2,4,3,ShareholderToAggregator,Share,12512,2
2,4,3,ShareholderToAggregator,Share,12512,2
2,4,3,AggregatorBroadcast,SplitDecision,36480,456
2,4,3,ShareholderToAggregator,Share,12512,2
2,4,3,AggregatorBroadcast,SplitDecision,36480,456
2,5,0,ClientToShareholder,CommittedGradientShare,8634816,1368
2,5,0,ShareholderToAggregator,Share,12512,2
2,5,0,AggregatorBroadcast,SplitDecision,36480,456
2,5,1,ClientToShareholder,CommittedGradientShare,17269632,2736
2,5,1,ShareholderToAggregator,Share,12512,2
2,5,1,AggregatorBroadcast,SplitDecision,36480,456
2,5,1,ShareholderToAggregator,Share,12512,2
2,5,1,AggregatorBroadcast,SplitDecision,36480,456
2,5,2,ClientToShareholder,CommittedGradientShare,34539264,5472
2,5,2,ShareholderToAggregator,Share,12512,2
2,5,2,AggregatorBroadcast,SplitDecision,36480,456
2,5,2,ShareholderToAggregator,Share,12512,2
2,5,2,AggregatorBroadcast,SplitDecision,36480,456
2,5,2,ShareholderToAggregator,Share,12512,2
2,5,2,AggregatorBroadcast,SplitDecision,36480,456
2,5,2,ShareholderToAggregator,Share,12512,2
2,5,2,AggregatorBroadcast,SplitDecision,36480,456
2,5,3,ClientToShareholder,CommittedGradientShare,69078528,10944
2,5,3,ShareholderToAggregator,Share,12512,2
2,5,3,ShareholderToAggregator,Share,12512,2
2,5,3,ShareholderToAggregator,Share,12512,2
2,5,3,AggregatorBroadcast,SplitDecision,36480,456
2,5,3,ShareholderToAggregator,Share,12512,2
2,5,3,ShareholderToAggregator,Share,12512,2
2,5,3,AggregatorBroadcast,SplitDecision,36480,456
2,5,3,ShareholderToAggregator,Share,12512,2
2,5,3,ShareholderToAggregator,Share,12512,2
2,5,3,ShareholderToAggregator,Share,12512,2
2,5,3,AggregatorBroadcast,SplitDecision,36480,456
2,6,0,ClientToShareholder,CommittedGradientShare,8634816,1368
2,6,0,ShareholderToAggregator,Share,12512,2
2,6,0,AggregatorBroadcast,SplitDecision,36480,456
2,6,1,ClientToShareholder,CommittedGradientShare,17269632,2736
2,6,1,ShareholderToAggregator,Share,12512,2
2,6,1,AggregatorBroadcast,SplitDecision,36480,456
2,6,1,ShareholderToAggregator,Share,12512,2
2,6,1,AggregatorBroadcast,SplitDecision,36480,456
2,6,2,ClientToShareholder,CommittedGradientShare,34539264,5472
2,6,2,ShareholderToAggregator,Share,12512,2
2,6,2,ShareholderToAggregator,Share,12512,2
2,6,2,ShareholderToAggregator,Share,12512,2
2,6,2,AggregatorBroadcast,SplitDecision,36480,456
2,6,2,ShareholderToAggregator,Share,12512,2
2,6,2,AggregatorBroadcast,SplitDecision,36480,456
2,6,3,ClientToShareholder,CommittedGradientShare,51808896,8208
2,6,3,ShareholderToAggregator,Share,12512,2
2,6,3,ShareholderToAggregator,Share,12512,2
2,6,3,ShareholderToAggregator,Share,12512,2
2,6,3,AggregatorBroadcast,SplitDecision,36480,456
2,6,3,ShareholderToAggregator,Share,12512,2
2,6,3,AggregatorBroadcast,SplitDecision,36480,456
2,6,3,ShareholderToAggregator,Share,12512,2
2,6,3,ShareholderToAggregator,Share,12512,2
2,6,3,AggregatorBroadcast,SplitDecision,36480,456
2,7,0,ClientToShareholder,CommittedGradientShare,8634816,1368
2,7,0,ShareholderToAggregator,Share,12512,2
2,7,0,AggregatorBroadcast,SplitDecision,36480,456
2,7,1,ClientToShareholder,CommittedGradientShare,17269632,2736
2,7,1,ShareholderToAggregator,Share,12512,2
2,7,1,AggregatorBroadcast,SplitDecision,36480,456
2,7,1,ShareholderToAggregator,Share,12512,2
2,7,1,AggregatorBroadcast,SplitDecision,36480,456
2,7,2,ClientToShareholder,CommittedGradientShare,34539264,5472
2,7,2,ShareholderToAggregator,Share,12512,2
2,7,2,AggregatorBroadcast,SplitDecision,36480,456
2,7,2,ShareholderToAggregator,Share,12512,2
2,7,2,ShareholderToAggregator,Share,12512,2
2,7,2,AggregatorBroadcast,SplitDecision,36480,456
2,7,2,ShareholderToAggregator,Share,12512,2
2,7,3,ClientToShareholder,CommittedGradientShare,51808896,8208
2,7,3,ShareholderToAggregator,Share,12512,2
2,7,3,ShareholderToAggregator,Share,12512,2
2,7,3,ShareholderToAggregator,Share,12512,2
2,7,3,AggregatorBroadcast,SplitDecision,36480,456
2,7,3,ShareholderToAggregator,Share,12512,2
2,7,3,AggregatorBroadcast,SplitDecision,36480,456
2,7,3,ShareholderToAggregator,Share,12512,2
2,7,3,ShareholderToAggregator,Share,12512,2
2,8,0,ClientToShareholder,CommittedGradientShare,8634816,1368
2,8,0,ShareholderToAggregator,Share,12512,2
2,8,0,AggregatorBroadcast,SplitDecision,36480,456
2,8,1,ClientToShareholder,CommittedGradientShare,17269632,2736
2,8,1,ShareholderToAggregator,Share,12512,2
2,8,1,AggregatorBroadcast,SplitDecision,36480,456
2,8,1,ShareholderToAggregator,Share,12512,2
2,8,1,AggregatorBroadcast,SplitDecision,36480,456
2,8,2,ClientToShareholder,CommittedGradientShare,34539264,5472
2,8,2,ShareholderToAggregator,Share,12512,2
2,8,2,AggregatorBroadcast,SplitDecision,36480,456
2,8,2,ShareholderToAggregator,Share,12512,2
2,8,2,AggregatorBroadcast,SplitDecision,36480,456
2,8,2,ShareholderToAggregator,Share,12512,2
2,8,2,AggregatorBroadcast,SplitDecision,36480,456
2,8,2,ShareholderToAggregator,Share,12512,2
2,8,2,AggregatorBroadcast,SplitDecision,36480,456
2,8,3,ClientToShareholder,CommittedGradientShare,69078528,10944
2,8,3,ShareholderToAggregator,Share,12512,2
2,8,3,ShareholderToAggregator,Share,12512,2
2,8,3,AggregatorBroadcast,SplitDecision,36480,456
2,8,3,ShareholderToAggregator,Share,12512,2
2,8,3,ShareholderToAggregator,Share,12512,2
2,8,3,ShareholderToAggregator,Share,12512,2
2,8,3,AggregatorBroadcast,SplitDecision,36480,456
2,8,3,ShareholderToAggregator,Share,12512,2
2,8,3,ShareholderToAggregator,Share,12512,2
2,8,3,ShareholderToAggregator,Share,12512,2
2,9,0,ClientToShareholder,CommittedGradientShare,8634816,1368
2,9,0,ShareholderToAggregator,Share,12512,2
2,9,0,AggregatorBroadcast,SplitDecision,36480,456
2,9,1,ClientToShareholder,CommittedGradientShare,17269632,2736
2,9,1,ShareholderToAggregator,Share,12512,2
2,9,1,AggregatorBroadcast,SplitDecision,36480,456
2,9,1,ShareholderToAggregator,Share,12512,2
2,9,1,AggregatorBroadcast,SplitDecision,36480,456
2,9,2,ClientToShareholder,CommittedGradientShare,34539264,5472
2,9,2,ShareholderToAggregator,Share,12512,2
2,9,2,ShareholderToAggregator,Share,12512,2
2,9,2,ShareholderToAggregator,Share,12512,2
2,9,2,AggregatorBroadcast,SplitDecision,36480,456
2,9,2,ShareholderToAggregator,Share,12512,2
2,9,2,AggregatorBroadcast,SplitDecision,36480,456
2,9,3,ClientToShareholder,CommittedGradientShare,51808896,8208
2,9,3,ShareholderToAggregator,Share,12512,2
2,9,3,ShareholderToAggregator,Share,12512,2
2,9,3,ShareholderToAggregator,Share,12512,2
2,9,3,ShareholderToAggregator,Share,12512,2
2,9,3,AggregatorBroadcast,SplitDecision,36480,456
2,9,3,ShareholderToAggregator,Share,12512,2
2,9,3,AggregatorBroadcast,SplitDecision,36480,456
2,9,3,ShareholderToAggregator,Share,12512,2
2,10,0,ClientToShareholder,CommittedGradientShare,8634816,1368
2,10,0,ShareholderToAggregator,Share,12512,2
2,10,0,AggregatorBroadcast,SplitDecision,36480,456
2,10,1,ClientToShareholder,CommittedGradientShare,17269632,2736
2,10,1,ShareholderToAggregator,Share,12512,2
2,10,1,AggregatorBroadcast,SplitDecision,36480,456
2,10,1,ShareholderToAggregator,Share,12512,2
2,10,1,AggregatorBroadcast,SplitDecision,36480,456
2,10,2,ClientToShareholder,CommittedGradientShare,34539264,5472
2,10,2,ShareholderToAggregator,Share,12512,2
2,10,2,ShareholderToAggregator,Share,12512,2
2,10,2,AggregatorBroadcast,SplitDecision,36480,456
2,10,2,ShareholderToAggregator,Share,12512,2
2,10,2,AggregatorBroadcast,SplitDecision,36480,456
2,10,2,ShareholderToAggregator,Share,12512,2
2,10,2,AggregatorBroadcast,SplitDecision,36480,456
2,10,3,ClientToShareholder,CommittedGradientShare,60443712,9576
2,10,3,ShareholderToAggregator,Share,12512,2
2,10,3,ShareholderToAggregator,Share,12512,2
2,10,3,ShareholderToAggregator,Share,12512,2
2,10,3,ShareholderToAggregator,Share,12512,2
2,10,3,AggregatorBroadcast,SplitDecision,36480,456
2,10,3,ShareholderToAggregator,Share,12512,2
2,10,3,ShareholderToAggregator,Share,12512,2
2,10,3,AggregatorBroadcast,SplitDecision,36480,456
2,10,3,ShareholderToAggregator,Share,12512,2
2,10,3,AggregatorBroadcast,SplitDecision,36480,456
2,11,0,ClientToShareholder,CommittedGradientShare,8634816,1368
2,11,0,ShareholderToAggregator,Share,12512,2
2,11,0,AggregatorBroadcast,SplitDecision,36480,456
2,11,1,ClientToShareholder,CommittedGradientShare,17269632,2736
2,11,1,ShareholderToAggregator,Share,12512,2
2,11,1,AggregatorBroadcast,SplitDecision,36480,456
2,11,1,ShareholderToAggregator,Share,12512,2
2,11,1,AggregatorBroadcast,SplitDecision,36480,456
2,11,2,ClientToShareholder,CommittedGradientShare,34539264,5472
2,11,2,ShareholderToAggregator,Share,12512,2
2,11,2,AggregatorBroadcast,SplitDecision,36480,456
2,11,2,ShareholderToAggregator,Share,12512,2
2,11,2,AggregatorBroadcast,SplitDecision,36480,456
2,11,2,ShareholderToAggregator,Share,12512,2
2,11,2,AggregatorBroadcast,SplitDecision,36480,456
2,11,2,ShareholderToAggregator,Share,12512,2
2,11,3,ClientToShareholder,CommittedGradientShare,60443712,9576
2,11,3,ShareholderToAggregator,Share,12512,2
2,11,3,ShareholderToAggregator,Share,12512,2
2,11,3,ShareholderToAggregator,Share,12512,2
2,11,3,AggregatorBroadcast,SplitDecision,36480,456
2,11,3,ShareholderToAggregator,Share,12512,2
2,11,3,AggregatorBroadcast,SplitDecision,36480,456
2,11,3,ShareholderToAggregator,Share,12512,2
2,11,3,AggregatorBroadcast,SplitDecision,36480,456
2,11,3,ShareholderToAggregator,Share,12512,2
2,11,3,ShareholderToAggregator,Share,12512,2
2,12,0,ClientToShareholder,CommittedGradientShare,8634816,1368
2,12,0,ShareholderToAggregator,Share,12512,2
2,12,0,AggregatorBroadcast,SplitDecision,36480,456
2,12,1,ClientToShareholder,CommittedGradientShare,17269632,2736
2,12,1,ShareholderToAggregator,Share,12512,2
2,12,1,AggregatorBroadcast,SplitDecision,36480,456
2,12,1,ShareholderToAggregator,Share,12512,2
2,12,1,AggregatorBroadcast,SplitDecision,36480,456
2,12,2,ClientToShareholder,CommittedGradientShare,34539264,5472
2,12,2,ShareholderToAggregator,Share,12512,2
2,12,2,AggregatorBroadcast,SplitDecision,36480,456
2,12,2,ShareholderToAggregator,Share,12512,2
2,12,2,AggregatorBroadcast,SplitDecision,36480,456
2,12,2,ShareholderToAggregator,Share,12512,2
2,12,2,AggregatorBroadcast,SplitDecision,36480,456
2,12,2,ShareholderToAggregator,Share,12512,2
2,12,3,ClientToShareholder,CommittedGradientShare,60443712,9576
2,12,3,ShareholderToAggregator,Share,12512,2
2,12,3,ShareholderToAggregator,Share,12512,2
2,12,3,AggregatorBroadcast,SplitDecision,36480,456
2,12,3,ShareholderToAggregator,Share,12512,2
2,12,3,AggregatorBroadcast,SplitDecision,36480,456
2,12,3,ShareholderToAggregator,Share,12512,2
2,12,3,ShareholderToAggregator,Share,12512,2
2,12,3,ShareholderToAggregator,Share,12512,2
2,12,3,ShareholderToAggregator,Share,12512,2
2,13,0,ClientToShareholder,CommittedGradientShare,8634816,1368
2,13,0,ShareholderToAggregator,Share,12512,2
2,13,0,AggregatorBroadcast,SplitDecision,36480,456
2,13,1,ClientToShareholder,CommittedGradientShare,17269632,2736
2,13,1,ShareholderToAggregator,Share,12512,2
2,13,1,AggregatorBroadcast,SplitDecision,36480,456
2,13,1,ShareholderToAggregator,Share,12512,2
2,13,1,AggregatorBroadcast,SplitDecision,36480,456
2,13,2,ClientToShareholder,CommittedGradientShare,34539264,5472
2,13,2,ShareholderToAggregator,Share,12512,2
2,13,2,AggregatorBroadcast,SplitDecision,36480,456
2,13,2,ShareholderToAggregator,Share,12512,2
2,13,2,AggregatorBroadcast,SplitDecision,36480,456
2,13,2,ShareholderToAggregator,Share,12512,2
2,13,2,AggregatorBroadcast,SplitDecision,36480,456
2,13,2,ShareholderToAggregator,Share,12512,2
2,13,3,ClientToShareholder,CommittedGradientShare,60443712,9576
2,13,3,ShareholderToAggregator,Share,12512,2
2,13,3,ShareholderToAggregator,Share,12512,2
2,13,3,ShareholderToAggregator,Share,12512,2
2,13,3,AggregatorBroadcast,SplitDecision,36480,456
2,13,3,ShareholderToAggregator,Share,12512,2
2,13,3,ShareholderToAggregator,Share,12512,2
2,13,3,ShareholderToAggregator,Share,12512,2
2,13,3,AggregatorBroadcast,SplitDecision,36480,456
2,13,3,ShareholderToAggregator,Share,12512,2
2,14,0,ClientToShareholder,CommittedGradientShare,8634816,1368
2,14,0,ShareholderToAggregator,Share,12512,2
2,14,0,AggregatorBroadcast,SplitDecision,36480,456
2,14,1,ClientToShareholder,CommittedGradientShare,17269632,2736
2,14,1,ShareholderToAggregator,Share,12512,2
2,14,1,AggregatorBroadcast,SplitDecision,36480,456
2,14,1,ShareholderToAggregator,Share,12512,2
2,14,1,AggregatorBroadcast,SplitDecision,36480,456
2,14,2,ClientToShareholder,CommittedGradientShare,34539264,5472
2,14,2,ShareholderToAggregator,Share,12512,2
2,14,2,ShareholderToAggregator,Share,12512,2
2,14,2,ShareholderToAggregator,Share,12512,2
2,14,2,AggregatorBroadcast,SplitDecision,36480,456
2,14,2,ShareholderToAggregator,Share,12512,2
2,14,2,AggregatorBroadcast,SplitDecision,36480,456
2,14,3,ClientToShareholder,CommittedGradientShare,51808896,8208
2,14,3,ShareholderToAggregator,Share,12512,2
2,14,3,ShareholderToAggregator,Share,12512,2
2,14,3,ShareholderToAggregator,Share,12512,2
2,14,3,AggregatorBroadcast,SplitDecision,36480,456
2,14,3,ShareholderToAggregator,Share,12512,2
2,14,3,ShareholderToAggregator,Share,12512,2
2,14,3,ShareholderToAggregator,Share,12512,2
3,0,0,ClientToShareholder,CommittedStatsShare,744192,1368
3,0,0,ShareholderToAggregator,Share,1024,2
3,0,0,AggregatorBroadcast,BinConfiguration,54720,456
3,0,0,AggregatorBroadcast,BinConfiguration,54720,456
3,0,0,AggregatorBroadcast,BinConfiguration,54720,456
3,0,0,AggregatorBroadcast,BinConfiguration,54720,456
3,0,0,AggregatorBroadcast,BinConfiguration,54720,456
3,0,0,AggregatorBroadcast,BinConfiguration,54720,456
3,0,0,AggregatorBroadcast,BinConfiguration,54720,456
3,0,0,AggregatorBroadcast,BinConfiguration,54720,456
3,0,0,AggregatorBroadcast,BinConfiguration,54720,456
3,0,0,AggregatorBroadcast,BinConfiguration,54720,456
3,0,0,AggregatorBroadcast,BinConfiguration,54720,456
3,0,0,AggregatorBroadcast,BinConfiguration,54720,456
3,0,0,AggregatorBroadcast,BinConfiguration,54720,456
3,0,0,AggregatorBroadcast,BinConfiguration,54720,456
3,0,0,AggregatorBroadcast,BinConfiguration,54720,456
3,0,0,AggregatorBroadcast,BinConfiguration,54720,456
3,0,0,AggregatorBroadcast,BinConfiguration,54720,456
3,0,0,AggregatorBroadcast,BinConfiguration,54720,456
3,0,0,AggregatorBroadcast,BinConfiguration,54720,456
3,0,0,AggregatorBroadcast,BinConfiguration,54720,456
3,0,0,AggregatorBroadcast,BinConfiguration,54720,456
3,0,0,AggregatorBroadcast,BinConfiguration,54720,456
3,0,0,AggregatorBroadcast,BinConfiguration,54720,456
3,0,0,AggregatorBroadcast,BinConfiguration,54720,456
3,0,0,AggregatorBroadcast,BinConfiguration,54720,456
3,0,0,AggregatorBroadcast,BinConfiguration,54720,456
3,0,0,AggregatorBroadcast,BinConfiguration,54720,456
3,0,0,AggregatorBroadcast,BinConfiguration,54720,456
3,0,0,AggregatorBroadcast,BinConfiguration,54720,456
3,0,0,AggregatorBroadcast,BinConfiguration,54720,456
3,0,0,ClientToShareholder,CommittedGradientShare,8634816,1368
3,0,0,ShareholderToAggregator,Share,12512,2
3,0,0,AggregatorBroadcast,SplitDecision,36480,456
3,0,1,ClientToShareholder,CommittedGradientShare,17269632,2736
3,0,1,ShareholderToAggregator,Share,12512,2
3,0,1,AggregatorBroadcast,SplitDecision,36480,456
3,0,1,ShareholderToAggregator,Share,12512,2
3,0,1,AggregatorBroadcast,SplitDecision,36480,456
3,0,2,ClientToShareholder,CommittedGradientShare,34539264,5472
3,0,2,ShareholderToAggregator,Share,12512,2
3,0,2,AggregatorBroadcast,SplitDecision,36480,456
3,0,2,ShareholderToAggregator,Share,12512,2
3,0,2,AggregatorBroadcast,SplitDecision,36480,456
3,0,2,ShareholderToAggregator,Share,12512,2
3,0,2,AggregatorBroadcast,SplitDecision,36480,456
3,0,2,ShareholderToAggregator,Share,12512,2
3,0,2,AggregatorBroadcast,SplitDecision,36480,456
3,0,3,ClientToShareholder,CommittedGradientShare,69078528,10944
3,0,3,ShareholderToAggregator,Share,12512,2
3,0,3,AggregatorBroadcast,SplitDecision,36480,456
3,0,3,ShareholderToAggregator,Share,12512,2
3,0,3,ShareholderToAggregator,Share,12512,2
3,0,3,ShareholderToAggregator,Share,12512,2
3,0,3,ShareholderToAggregator,Share,12512,2
3,0,3,ShareholderToAggregator,Share,12512,2
3,0,3,ShareholderToAggregator,Share,12512,2
3,0,3,ShareholderToAggregator,Share,12512,2
3,0,3,AggregatorBroadcast,SplitDecision,36480,456
3,1,0,ClientToShareholder,CommittedGradientShare,8634816,1368
3,1,0,ShareholderToAggregator,Share,12512,2
3,1,0,AggregatorBroadcast,SplitDecision,36480,456
3,1,1,ClientToShareholder,CommittedGradientShare,17269632,2736
3,1,1,ShareholderToAggregator,Share,12512,2
3,1,1,AggregatorBroadcast,SplitDecision,36480,456
3,1,1,ShareholderToAggregator,Share,12512,2
3,1,1,AggregatorBroadcast,SplitDecision,36480,456
3,1,2,ClientToShareholder,CommittedGradientShare,34539264,5472
3,1,2,ShareholderToAggregator,Share,12512,2
3,1,2,AggregatorBroadcast,SplitDecision,36480,456
3,1,2,ShareholderToAggregator,Share,12512,2
3,1,2,AggregatorBroadcast,SplitDecision,36480,456
3,1,2,ShareholderToAggregator,Share,12512,2
3,1,2,AggregatorBroadcast,SplitDecision,36480,456
3,1,2,ShareholderToAggregator,Share,12512,2
3,1,2,AggregatorBroadcast,SplitDecision,36480,456
3,1,3,ClientToShareholder,CommittedGradientShare,69078528,10944
3,1,3,ShareholderToAggregator,Share,12512,2
3,1,3,AggregatorBroadcast,SplitDecision,36480,456
3,1,3,ShareholderToAggregator,Share,12512,2
3,1,3,ShareholderToAggregator,Share,12512,2
3,1,3,ShareholderToAggregator,Share,12512,2
3,1,3,ShareholderToAggregator,Share,12512,2
3,1,3,ShareholderToAggregator,Share,12512,2
3,1,3,ShareholderToAggregator,Share,12512,2
3,1,3,AggregatorBroadcast,SplitDecision,36480,456
3,1,3,ShareholderToAggregator,Share,12512,2
3,1,3,AggregatorBroadcast,SplitDecision,36480,456
3,2,0,ClientToShareholder,CommittedGradientShare,8634816,1368
3,2,0,ShareholderToAggregator,Share,12512,2
3,2,0,AggregatorBroadcast,SplitDecision,36480,456
3,2,1,ClientToShareholder,CommittedGradientShare,17269632,2736
3,2,1,ShareholderToAggregator,Share,12512,2
3,2,1,AggregatorBroadcast,SplitDecision,36480,456
3,2,1,ShareholderToAggregator,Share,12512,2
3,2,1,AggregatorBroadcast,SplitDecision,36480,456
3,2,2,ClientToShareholder,CommittedGradientShare,34539264,5472
3,2,2,ShareholderToAggregator,Share,12512,2
3,2,2,AggregatorBroadcast,SplitDecision,36480,456
3,2,2,ShareholderToAggregator,Share,12512,2
3,2,2,AggregatorBroadcast,SplitDecision,36480,456
3,2,2,ShareholderToAggregator,Share,12512,2
3,2,2,AggregatorBroadcast,SplitDecision,36480,456
3,2,2,ShareholderToAggregator,Share,12512,2
3,2,2,AggregatorBroadcast,SplitDecision,36480,456
3,2,3,ClientToShareholder,CommittedGradientShare,69078528,10944
3,2,3,ShareholderToAggregator,Share,12512,2
3,2,3,AggregatorBroadcast,SplitDecision,36480,456
3,2,3,ShareholderToAggregator,Share,12512,2
3,2,3,ShareholderToAggregator,Share,12512,2
3,2,3,ShareholderToAggregator,Share,12512,2
3,2,3,ShareholderToAggregator,Share,12512,2
3,2,3,ShareholderToAggregator,Share,12512,2
3,2,3,ShareholderToAggregator,Share,12512,2
3,2,3,ShareholderToAggregator,Share,12512,2
3,2,3,AggregatorBroadcast,SplitDecision,36480,456
3,3,0,ClientToShareholder,CommittedGradientShare,8634816,1368
3,3,0,ShareholderToAggregator,Share,12512,2
3,3,0,AggregatorBroadcast,SplitDecision,36480,456
3,3,1,ClientToShareholder,CommittedGradientShare,17269632,2736
3,3,1,ShareholderToAggregator,Share,12512,2
3,3,1,AggregatorBroadcast,SplitDecision,36480,456
3,3,1,ShareholderToAggregator,Share,12512,2
3,3,1,AggregatorBroadcast,SplitDecision,36480,456
3,3,2,ClientToShareholder,CommittedGradientShare,34539264,5472
3,3,2,ShareholderToAggregator,Share,12512,2
3,3,2,AggregatorBroadcast,SplitDecision,36480,456
3,3,2,ShareholderToAggregator,Share,12512,2
3,3,2,AggregatorBroadcast,SplitDecision,36480,456
3,3,2,ShareholderToAggregator,Share,12512,2
3,3,2,AggregatorBroadcast,SplitDecision,36480,456
3,3,2,ShareholderToAggregator,Share,12512,2
3,3,2,AggregatorBroadcast,SplitDecision,36480,456
3,3,3,ClientToShareholder,CommittedGradientShare,69078528,10944
3,3,3,ShareholderToAggregator,Share,12512,2
3,3,3,AggregatorBroadcast,SplitDecision,36480,456
3,3,3,ShareholderToAggregator,Share,12512,2
3,3,3,ShareholderToAggregator,Share,12512,2
3,3,3,ShareholderToAggregator,Share,12512,2
3,3,3,ShareholderToAggregator,Share,12512,2
3,3,3,ShareholderToAggregator,Share,12512,2
3,3,3,ShareholderToAggregator,Share,12512,2
3,3,3,ShareholderToAggregator,Share,12512,2
3,4,0,ClientToShareholder,CommittedGradientShare,8634816,1368
3,4,0,ShareholderToAggregator,Share,12512,2
3,4,0,AggregatorBroadcast,SplitDecision,36480,456
3,4,1,ClientToShareholder,CommittedGradientShare,17269632,2736
3,4,1,ShareholderToAggregator,Share,12512,2
3,4,1,AggregatorBroadcast,SplitDecision,36480,456
3,4,1,ShareholderToAggregator,Share,12512,2
3,4,1,AggregatorBroadcast,SplitDecision,36480,456
3,4,2,ClientToShareholder,CommittedGradientShare,34539264,5472
3,4,2,ShareholderToAggregator,Share,12512,2
3,4,2,AggregatorBroadcast,SplitDecision,36480,456
3,4,2,ShareholderToAggregator,Share,12512,2
3,4,2,AggregatorBroadcast,SplitDecision,36480,456
3,4,2,ShareholderToAggregator,Share,12512,2
3,4,2,ShareholderToAggregator,Share,12512,2
3,4,3,ClientToShareholder,CommittedGradientShare,51808896,8208
3,4,3,ShareholderToAggregator,Share,12512,2
3,4,3,ShareholderToAggregator,Share,12512,2
3,4,3,ShareholderToAggregator,Share,12512,2
3,4,3,AggregatorBroadcast,SplitDecision,36480,456
3,4,3,ShareholderToAggregator,Share,12512,2
3,4,3,AggregatorBroadcast,SplitDecision,36480,456
3,4,3,ShareholderToAggregator,Share,12512,2
3,4,3,ShareholderToAggregator,Share,12512,2
3,4,3,AggregatorBroadcast,SplitDecision,36480,456
3,5,0,ClientToShareholder,CommittedGradientShare,8634816,1368
3,5,0,ShareholderToAggregator,Share,12512,2
3,5,0,AggregatorBroadcast,SplitDecision,36480,456
3,5,1,ClientToShareholder,CommittedGradientShare,17269632,2736
3,5,1,ShareholderToAggregator,Share,12512,2
3,5,1,AggregatorBroadcast,SplitDecision,36480,456
3,5,1,ShareholderToAggregator,Share,12512,2
3,5,1,AggregatorBroadcast,SplitDecision,36480,456
3,5,2,ClientToShareholder,CommittedGradientShare,34539264,5472
3,5,2,ShareholderToAggregator,Share,12512,2
3,5,2,AggregatorBroadcast,SplitDecision,36480,456
3,5,2,ShareholderToAggregator,Share,12512,2
3,5,2,AggregatorBroadcast,SplitDecision,36480,456
3,5,2,ShareholderToAggregator,Share,12512,2
3,5,2,AggregatorBroadcast,SplitDecision,36480,456
3,5,2,ShareholderToAggregator,Share,12512,2
3,5,2,AggregatorBroadcast,SplitDecision,36480,456
3,5,3,ClientToShareholder,CommittedGradientShare,69078528,10944
3,5,3,ShareholderToAggregator,Share,12512,2
3,5,3,AggregatorBroadcast,SplitDecision,36480,456
3,5,3,ShareholderToAggregator,Share,12512,2
3,5,3,ShareholderToAggregator,Share,12512,2
3,5,3,ShareholderToAggregator,Share,12512,2
3,5,3,ShareholderToAggregator,Share,12512,2
3,5,3,ShareholderToAggregator,Share,12512,2
3,5,3,ShareholderToAggregator,Share,12512,2
3,5,3,ShareholderToAggregator,Share,12512,2
3,6,0,ClientToShareholder,CommittedGradientShare,8634816,1368
3,6,0,ShareholderToAggregator,Share,12512,2
3,6,0,AggregatorBroadcast,SplitDecision,36480,456
3,6,1,ClientToShareholder,CommittedGradientShare,17269632,2736
3,6,1,ShareholderToAggregator,Share,12512,2
3,6,1,AggregatorBroadcast,SplitDecision,36480,456
3,6,1,ShareholderToAggregator,Share,12512,2
3,6,1,AggregatorBroadcast,SplitDecision,36480,456
3,6,2,ClientToShareholder,CommittedGradientShare,34539264,5472
3,6,2,ShareholderToAggregator,Share,12512,2
3,6,2,AggregatorBroadcast,SplitDecision,36480,456
3,6,2,ShareholderToAggregator,Share,12512,2
3,6,2,AggregatorBroadcast,SplitDecision,36480,456
3,6,2,ShareholderToAggregator,Share,12512,2
3,6,2,AggregatorBroadcast,SplitDecision,36480,456
3,6,2,ShareholderToAggregator,Share,12512,2
3,6,2,AggregatorBroadcast,SplitDecision,36480,456
3,6,3,ClientToShareholder,CommittedGradientShare,69078528,10944
3,6,3,ShareholderToAggregator,Share,12512,2
3,6,3,AggregatorBroadcast,SplitDecision,36480,456
3,6,3,ShareholderToAggregator,Share,12512,2
3,6,3,ShareholderToAggregator,Share,12512,2
3,6,3,AggregatorBroadcast,SplitDecision,36480,456
3,6,3,ShareholderToAggregator,Share,12512,2
3,6,3,ShareholderToAggregator,Share,12512,2
3,6,3,ShareholderToAggregator,Share,12512,2
3,6,3,ShareholderToAggregator,Share,12512,2
3,6,3,AggregatorBroadcast,SplitDecision,36480,456
3,6,3,ShareholderToAggregator,Share,12512,2
3,7,0,ClientToShareholder,CommittedGradientShare,8634816,1368
3,7,0,ShareholderToAggregator,Share,12512,2
3,7,0,AggregatorBroadcast,SplitDecision,36480,456
3,7,1,ClientToShareholder,CommittedGradientShare,17269632,2736
3,7,1,ShareholderToAggregator,Share,12512,2
3,7,1,AggregatorBroadcast,SplitDecision,36480,456
3,7,1,ShareholderToAggregator,Share,12512,2
3,7,1,AggregatorBroadcast,SplitDecision,36480,456
3,7,2,ClientToShareholder,CommittedGradientShare,34539264,5472
3,7,2,ShareholderToAggregator,Share,12512,2
3,7,2,AggregatorBroadcast,SplitDecision,36480,456
3,7,2,ShareholderToAggregator,Share,12512,2
3,7,2,ShareholderToAggregator,Share,12512,2
3,7,2,AggregatorBroadcast,SplitDecision,36480,456
3,7,2,ShareholderToAggregator,Share,12512,2
3,7,2,AggregatorBroadcast,SplitDecision,36480,456
3,7,3,ClientToShareholder,CommittedGradientShare,60443712,9576
3,7,3,ShareholderToAggregator,Share,12512,2
3,7,3,ShareholderToAggregator,Share,12512,2
3,7,3,ShareholderToAggregator,Share,12512,2
3,7,3,AggregatorBroadcast,SplitDecision,36480,456
3,7,3,ShareholderToAggregator,Share,12512,2
3,7,3,AggregatorBroadcast,SplitDecision,36480,456
3,7,3,ShareholderToAggregator,Share,12512,2
3,7,3,AggregatorBroadcast,SplitDecision,36480,456
3,7,3,ShareholderToAggregator,Share,12512,2
3,7,3,ShareholderToAggregator,Share,12512,2
3,7,3,AggregatorBroadcast,SplitDecision,36480,456
3,8,0,ClientToShareholder,CommittedGradientShare,8634816,1368
3,8,0,ShareholderToAggregator,Share,12512,2
3,8,0,AggregatorBroadcast,SplitDecision,36480,456
3,8,1,ClientToShareholder,CommittedGradientShare,17269632,2736
3,8,1,ShareholderToAggregator,Share,12512,2
3,8,1,AggregatorBroadcast,SplitDecision,36480,456
3,8,1,ShareholderToAggregator,Share,12512,2
3,8,1,AggregatorBroadcast,SplitDecision,36480,456
3,8,2,ClientToShareholder,CommittedGradientShare,34539264,5472
3,8,2,ShareholderToAggregator,Share,12512,2
3,8,2,AggregatorBroadcast,SplitDecision,36480,456
3,8,2,ShareholderToAggregator,Share,12512,2
3,8,2,AggregatorBroadcast,SplitDecision,36480,456
3,8,2,ShareholderToAggregator,Share,12512,2
3,8,2,ShareholderToAggregator,Share,12512,2
3,8,3,ClientToShareholder,CommittedGradientShare,51808896,8208
3,8,3,ShareholderToAggregator,Share,12512,2
3,8,3,ShareholderToAggregator,Share,12512,2
3,8,3,ShareholderToAggregator,Share,12512,2
3,8,3,AggregatorBroadcast,SplitDecision,36480,456
3,8,3,ShareholderToAggregator,Share,12512,2
3,8,3,AggregatorBroadcast,SplitDecision,36480,456
3,8,3,ShareholderToAggregator,Share,12512,2
3,8,3,ShareholderToAggregator,Share,12512,2
3,9,0,ClientToShareholder,CommittedGradientShare,8634816,1368
3,9,0,ShareholderToAggregator,Share,12512,2
3,9,0,AggregatorBroadcast,SplitDecision,36480,456
3,9,1,ClientToShareholder,CommittedGradientShare,17269632,2736
3,9,1,ShareholderToAggregator,Share,12512,2
3,9,1,AggregatorBroadcast,SplitDecision,36480,456
3,9,1,ShareholderToAggregator,Share,12512,2
3,9,1,AggregatorBroadcast,SplitDecision,36480,456
3,9,2,ClientToShareholder,CommittedGradientShare,34539264,5472
3,9,2,ShareholderToAggregator,Share,12512,2
3,9,2,AggregatorBroadcast,SplitDecision,36480,456
3,9,2,ShareholderToAggregator,Share,12512,2
3,9,2,AggregatorBroadcast,SplitDecision,36480,456
3,9,2,ShareholderToAggregator,Share,12512,2
3,9,2,ShareholderToAggregator,Share,12512,2
3,9,3,ClientToShareholder,CommittedGradientShare,51808896,8208
3,9,3,ShareholderToAggregator,Share,12512,2
3,9,3,ShareholderToAggregator,Share,12512,2
3,9,3,ShareholderToAggregator,Share,12512,2
3,9,3,AggregatorBroadcast,SplitDecision,36480,456
3,9,3,ShareholderToAggregator,Share,12512,2
3,9,3,ShareholderToAggregator,Share,12512,2
3,9,3,AggregatorBroadcast,SplitDecision,36480,456
3,9,3,ShareholderToAggregator,Share,12512,2
3,9,3,AggregatorBroadcast,SplitDecision,36480,456
3,10,0,ClientToShareholder,CommittedGradientShare,8634816,1368
3,10,0,ShareholderToAggregator,Share,12512,2
3,10,0,AggregatorBroadcast,SplitDecision,36480,456
3,10,1,ClientToShareholder,CommittedGradientShare,17269632,2736
3,10,1,ShareholderToAggregator,Share,12512,2
3,10,1,AggregatorBroadcast,SplitDecision,36480,456
3,10,1,ShareholderToAggregator,Share,12512,2
3,10,1,AggregatorBroadcast,SplitDecision,36480,456
3,10,2,ClientToShareholder,CommittedGradientShare,34539264,5472
3,10,2,ShareholderToAggregator,Share,12512,2
3,10,2,AggregatorBroadcast,SplitDecision,36480,456
3,10,2,ShareholderToAggregator,Share,12512,2
3,10,2,ShareholderToAggregator,Share,12512,2
3,10,2,AggregatorBroadcast,SplitDecision,36480,456
3,10,2,ShareholderToAggregator,Share,12512,2
3,10,3,ClientToShareholder,CommittedGradientShare,51808896,8208
3,10,3,ShareholderToAggregator,Share,12512,2
3,10,3,ShareholderToAggregator,Share,12512,2
3,10,3,ShareholderToAggregator,Share,12512,2
3,10,3,AggregatorBroadcast,SplitDecision,36480,456
3,10,3,ShareholderToAggregator,Share,12512,2
3,10,3,ShareholderToAggregator,Share,12512,2
3,10,3,AggregatorBroadcast,SplitDecision,36480,456
3,10,3,ShareholderToAggregator,Share,12512,2
3,10,3,AggregatorBroadcast,SplitDecision,36480,456
3,11,0,ClientToShareholder,CommittedGradientShare,8634816,1368
3,11,0,ShareholderToAggregator,Share,12512,2
3,11,0,AggregatorBroadcast,SplitDecision,36480,456
3,11,1,ClientToShareholder,CommittedGradientShare,17269632,2736
3,11,1,ShareholderToAggregator,Share,12512,2
3,11,1,AggregatorBroadcast,SplitDecision,36480,456
3,11,1,ShareholderToAggregator,Share,12512,2
3,11,1,AggregatorBroadcast,SplitDecision,36480,456
3,11,2,ClientToShareholder,CommittedGradientShare,34539264,5472
3,11,2,ShareholderToAggregator,Share,12512,2
3,11,2,AggregatorBroadcast,SplitDecision,36480,456
3,11,2,ShareholderToAggregator,Share,12512,2
3,11,2,AggregatorBroadcast,SplitDecision,36480,456
3,11,2,ShareholderToAggregator,Share,12512,2
3,11,2,AggregatorBroadcast,SplitDecision,36480,456
3,11,2,ShareholderToAggregator,Share,12512,2
3,11,2,AggregatorBroadcast,SplitDecision,36480,456
3,11,3,ClientToShareholder,CommittedGradientShare,69078528,10944
3,11,3,ShareholderToAggregator,Share,12512,2
3,11,3,ShareholderToAggregator,Share,12512,2
3,11,3,ShareholderToAggregator,Share,12512,2
3,11,3,ShareholderToAggregator,Share,12512,2
3,11,3,ShareholderToAggregator,Share,12512,2
3,11,3,ShareholderToAggregator,Share,12512,2
3,11,3,ShareholderToAggregator,Share,12512,2
3,11,3,ShareholderToAggregator,Share,12512,2
3,11,3,AggregatorBroadcast,SplitDecision,36480,456
3,12,0,ClientToShareholder,CommittedGradientShare,8634816,1368
3,12,0,ShareholderToAggregator,Share,12512,2
3,12,0,AggregatorBroadcast,SplitDecision,36480,456
3,12,1,ClientToShareholder,CommittedGradientShare,17269632,2736
3,12,1,ShareholderToAggregator,Share,12512,2
3,12,1,AggregatorBroadcast,SplitDecision,36480,456
3,12,1,ShareholderToAggregator,Share,12512,2
3,12,1,AggregatorBroadcast,SplitDecision,36480,456
3,12,2,ClientToShareholder,CommittedGradientShare,34539264,5472
3,12,2,ShareholderToAggregator,Share,12512,2
3,12,2,AggregatorBroadcast,SplitDecision,36480,456
3,12,2,ShareholderToAggregator,Share,12512,2
3,12,2,AggregatorBroadcast,SplitDecision,36480,456
3,12,2,ShareholderToAggregator,Share,12512,2
3,12,2,AggregatorBroadcast,SplitDecision,36480,456
3,12,2,ShareholderToAggregator,Share,12512,2
3,12,3,ClientToShareholder,CommittedGradientShare,60443712,9576
3,12,3,ShareholderToAggregator,Share,12512,2
3,12,3,ShareholderToAggregator,Share,12512,2
3,12,3,AggregatorBroadcast,SplitDecision,36480,456
3,12,3,ShareholderToAggregator,Share,12512,2
3,12,3,AggregatorBroadcast,SplitDecision,36480,456
3,12,3,ShareholderToAggregator,Share,12512,2
3,12,3,AggregatorBroadcast,SplitDecision,36480,456
3,12,3,ShareholderToAggregator,Share,12512,2
3,12,3,AggregatorBroadcast,SplitDecision,36480,456
3,12,3,ShareholderToAggregator,Share,12512,2
3,12,3,ShareholderToAggregator,Share,12512,2
3,13,0,ClientToShareholder,CommittedGradientShare,8634816,1368
3,13,0,ShareholderToAggregator,Share,12512,2
3,13,0,AggregatorBroadcast,SplitDecision,36480,456
3,13,1,ClientToShareholder,CommittedGradientShare,17269632,2736
3,13,1,ShareholderToAggregator,Share,12512,2
3,13,1,AggregatorBroadcast,SplitDecision,36480,456
3,13,1,ShareholderToAggregator,Share,12512,2
3,13,1,AggregatorBroadcast,SplitDecision,36480,456
3,13,2,ClientToShareholder,CommittedGradientShare,34539264,5472
3,13,2,ShareholderToAggregator,Share,12512,2
3,13,2,AggregatorBroadcast,SplitDecision,36480,456
3,13,2,ShareholderToAggregator,Share,12512,2
3,13,2,AggregatorBroadcast,SplitDecision,36480,456
3,13,2,ShareholderToAggregator,Share,12512,2
3,13,2,AggregatorBroadcast,SplitDecision,36480,456
3,13,2,ShareholderToAggregator,Share,12512,2
3,13,3,ClientToShareholder,CommittedGradientShare,60443712,9576
3,13,3,ShareholderToAggregator,Share,12512,2
3,13,3,ShareholderToAggregator,Share,12512,2
3,13,3,AggregatorBroadcast,SplitDecision,36480,456
3,13,3,ShareholderToAggregator,Share,12512,2
3,13,3,AggregatorBroadcast,SplitDecision,36480,456
3,13,3,ShareholderToAggregator,Share,12512,2
3,13,3,AggregatorBroadcast,SplitDecision,36480,456
3,13,3,ShareholderToAggregator,Share,12512,2
3,13,3,AggregatorBroadcast,SplitDecision,36480,456
3,13,3,ShareholderToAggregator,Share,12512,2
3,13,3,ShareholderToAggregator,Share,12512,2
3,14,0,ClientToShareholder,CommittedGradientShare,8634816,1368
3,14,0,ShareholderToAggregator,Share,12512,2
3,14,0,AggregatorBroadcast,SplitDecision,36480,456
3,14,1,ClientToShareholder,CommittedGradientShare,17269632,2736
3,14,1,ShareholderToAggregator,Share,12512,2
3,14,1,AggregatorBroadcast,SplitDecision,36480,456
3,14,1,ShareholderToAggregator,Share,12512,2
3,14,1,AggregatorBroadcast,SplitDecision,36480,456
3,14,2,ClientToShareholder,CommittedGradientShare,34539264,5472
3,14,2,ShareholderToAggregator,Share,12512,2
3,14,2,AggregatorBroadcast,SplitDecision,36480,456
3,14,2,ShareholderToAggregator,Share,12512,2
3,14,2,AggregatorBroadcast,SplitDecision,36480,456
3,14,2,ShareholderToAggregator,Share,12512,2
3,14,2,AggregatorBroadcast,SplitDecision,36480,456
3,14,2,ShareholderToAggregator,Share,12512,2
3,14,3,ClientToShareholder,CommittedGradientShare,60443712,9576
3,14,3,ShareholderToAggregator,Share,12512,2
3,14,3,ShareholderToAggregator,Share,12512,2
3,14,3,ShareholderToAggregator,Share,12512,2
3,14,3,AggregatorBroadcast,SplitDecision,36480,456
3,14,3,ShareholderToAggregator,Share,12512,2
3,14,3,ShareholderToAggregator,Share,12512,2
3,14,3,ShareholderToAggregator,Share,12512,2
3,14,3,ShareholderToAggregator,Share,12512,2
3,14,3,AggregatorBroadcast,SplitDecision,36480,456
4,0,0,ClientToShareholder,CommittedStatsShare,744192,1368
4,0,0,ShareholderToAggregator,Share,1024,2
4,0,0,AggregatorBroadcast,BinConfiguration,54720,456
4,0,0,AggregatorBroadcast,BinConfiguration,54720,456
4,0,0,AggregatorBroadcast,BinConfiguration,54720,456
4,0,0,AggregatorBroadcast,BinConfiguration,54720,456
4,0,0,AggregatorBroadcast,BinConfiguration,54720,456
4,0,0,AggregatorBroadcast,BinConfiguration,54720,456
4,0,0,AggregatorBroadcast,BinConfiguration,54720,456
4,0,0,AggregatorBroadcast,BinConfiguration,54720,456
4,0,0,AggregatorBroadcast,BinConfiguration,54720,456
4,0,0,AggregatorBroadcast,BinConfiguration,54720,456
4,0,0,AggregatorBroadcast,BinConfiguration,54720,456
4,0,0,AggregatorBroadcast,BinConfiguration,54720,456
4,0,0,AggregatorBroadcast,BinConfiguration,54720,456
4,0,0,AggregatorBroadcast,BinConfiguration,54720,456
4,0,0,AggregatorBroadcast,BinConfiguration,54720,456
4,0,0,AggregatorBroadcast,BinConfiguration,54720,456
4,0,0,AggregatorBroadcast,BinConfiguration,54720,456
4,0,0,AggregatorBroadcast,BinConfiguration,54720,456
4,0,0,AggregatorBroadcast,BinConfiguration,54720,456
4,0,0,AggregatorBroadcast,BinConfiguration,54720,456
4,0,0,AggregatorBroadcast,BinConfiguration,54720,456
4,0,0,AggregatorBroadcast,BinConfiguration,54720,456
4,0,0,AggregatorBroadcast,BinConfiguration,54720,456
4,0,0,AggregatorBroadcast,BinConfiguration,54720,456
4,0,0,AggregatorBroadcast,BinConfiguration,54720,456
4,0,0,AggregatorBroadcast,BinConfiguration,54720,456
4,0,0,AggregatorBroadcast,BinConfiguration,54720,456
4,0,0,AggregatorBroadcast,BinConfiguration,54720,456
4,0,0,AggregatorBroadcast,BinConfiguration,54720,456
4,0,0,AggregatorBroadcast,BinConfiguration,54720,456
4,0,0,ClientToShareholder,CommittedGradientShare,8634816,1368
4,0,0,ShareholderToAggregator,Share,12512,2
4,0,0,AggregatorBroadcast,SplitDecision,36480,456
4,0,1,ClientToShareholder,CommittedGradientShare,17269632,2736
4,0,1,ShareholderToAggregator,Share,12512,2
4,0,1,AggregatorBroadcast,SplitDecision,36480,456
4,0,1,ShareholderToAggregator,Share,12512,2
4,0,1,AggregatorBroadcast,SplitDecision,36480,456
4,0,2,ClientToShareholder,CommittedGradientShare,34539264,5472
4,0,2,ShareholderToAggregator,Share,12512,2
4,0,2,AggregatorBroadcast,SplitDecision,36480,456
4,0,2,ShareholderToAggregator,Share,12512,2
4,0,2,ShareholderToAggregator,Share,12512,2
4,0,2,AggregatorBroadcast,SplitDecision,36480,456
4,0,2,ShareholderToAggregator,Share,12512,2
4,0,2,AggregatorBroadcast,SplitDecision,36480,456
4,0,3,ClientToShareholder,CommittedGradientShare,60443712,9576
4,0,3,ShareholderToAggregator,Share,12512,2
4,0,3,ShareholderToAggregator,Share,12512,2
4,0,3,ShareholderToAggregator,Share,12512,2
4,0,3,AggregatorBroadcast,SplitDecision,36480,456
4,0,3,ShareholderToAggregator,Share,12512,2
4,0,3,AggregatorBroadcast,SplitDecision,36480,456
4,0,3,ShareholderToAggregator,Share,12512,2
4,0,3,ShareholderToAggregator,Share,12512,2
4,0,3,AggregatorBroadcast,SplitDecision,36480,456
4,0,3,ShareholderToAggregator,Share,12512,2
4,1,0,ClientToShareholder,CommittedGradientShare,8634816,1368
4,1,0,ShareholderToAggregator,Share,12512,2
4,1,0,AggregatorBroadcast,SplitDecision,36480,456
4,1,1,ClientToShareholder,CommittedGradientShare,17269632,2736
4,1,1,ShareholderToAggregator,Share,12512,2
4,1,1,AggregatorBroadcast,SplitDecision,36480,456
4,1,1,ShareholderToAggregator,Share,12512,2
4,1,1,AggregatorBroadcast,SplitDecision,36480,456
4,1,2,ClientToShareholder,CommittedGradientShare,34539264,5472
4,1,2,ShareholderToAggregator,Share,12512,2
4,1,2,AggregatorBroadcast,SplitDecision,36480,456
4,1,2,ShareholderToAggregator,Share,12512,2
4,1,2,ShareholderToAggregator,Share,12512,2
4,1,2,AggregatorBroadcast,SplitDecision,36480,456
4,1,2,ShareholderToAggregator,Share,12512,2
4,1,2,AggregatorBroadcast,SplitDecision,36480,456
4,1,3,ClientToShareholder,CommittedGradientShare,60443712,9576
4,1,3,ShareholderToAggregator,Share,12512,2
4,1,3,ShareholderToAggregator,Share,12512,2
4,1,3,AggregatorBroadcast,SplitDecision,36480,456
4,1,3,ShareholderToAggregator,Share,12512,2
4,1,3,AggregatorBroadcast,SplitDecision,36480,456
4,1,3,ShareholderToAggregator,Share,12512,2
4,1,3,AggregatorBroadcast,SplitDecision,36480,456
4,1,3,ShareholderToAggregator,Share,12512,2
4,1,3,ShareholderToAggregator,Share,12512,2
4,1,3,ShareholderToAggregator,Share,12512,2
4,1,3,AggregatorBroadcast,SplitDecision,36480,456
4,2,0,ClientToShareholder,CommittedGradientShare,8634816,1368
4,2,0,ShareholderToAggregator,Share,12512,2
4,2,0,AggregatorBroadcast,SplitDecision,36480,456
4,2,1,ClientToShareholder,CommittedGradientShare,17269632,2736
4,2,1,ShareholderToAggregator,Share,12512,2
4,2,1,AggregatorBroadcast,SplitDecision,36480,456
4,2,1,ShareholderToAggregator,Share,12512,2
4,2,1,AggregatorBroadcast,SplitDecision,36480,456
4,2,2,ClientToShareholder,CommittedGradientShare,34539264,5472
4,2,2,ShareholderToAggregator,Share,12512,2
4,2,2,AggregatorBroadcast,SplitDecision,36480,456
4,2,2,ShareholderToAggregator,Share,12512,2
4,2,2,AggregatorBroadcast,SplitDecision,36480,456
4,2,2,ShareholderToAggregator,Share,12512,2
4,2,2,AggregatorBroadcast,SplitDecision,36480,456
4,2,2,ShareholderToAggregator,Share,12512,2
4,2,3,ClientToShareholder,CommittedGradientShare,60443712,9576
4,2,3,ShareholderToAggregator,Share,12512,2
4,2,3,ShareholderToAggregator,Share,12512,2
4,2,3,AggregatorBroadcast,SplitDecision,36480,456
4,2,3,ShareholderToAggregator,Share,12512,2
4,2,3,AggregatorBroadcast,SplitDecision,36480,456
4,2,3,ShareholderToAggregator,Share,12512,2
4,2,3,ShareholderToAggregator,Share,12512,2
4,2,3,AggregatorBroadcast,SplitDecision,36480,456
4,2,3,ShareholderToAggregator,Share,12512,2
4,2,3,ShareholderToAggregator,Share,12512,2
4,3,0,ClientToShareholder,CommittedGradientShare,8634816,1368
4,3,0,ShareholderToAggregator,Share,12512,2
4,3,0,AggregatorBroadcast,SplitDecision,36480,456
4,3,1,ClientToShareholder,CommittedGradientShare,17269632,2736
4,3,1,ShareholderToAggregator,Share,12512,2
4,3,1,AggregatorBroadcast,SplitDecision,36480,456
4,3,1,ShareholderToAggregator,Share,12512,2
4,3,1,AggregatorBroadcast,SplitDecision,36480,456
4,3,2,ClientToShareholder,CommittedGradientShare,34539264,5472
4,3,2,ShareholderToAggregator,Share,12512,2
4,3,2,AggregatorBroadcast,SplitDecision,36480,456
4,3,2,ShareholderToAggregator,Share,12512,2
4,3,2,AggregatorBroadcast,SplitDecision,36480,456
4,3,2,ShareholderToAggregator,Share,12512,2
4,3,2,AggregatorBroadcast,SplitDecision,36480,456
4,3,2,ShareholderToAggregator,Share,12512,2
4,3,2,AggregatorBroadcast,SplitDecision,36480,456
4,3,3,ClientToShareholder,CommittedGradientShare,69078528,10944
4,3,3,ShareholderToAggregator,Share,12512,2
4,3,3,AggregatorBroadcast,SplitDecision,36480,456
4,3,3,ShareholderToAggregator,Share,12512,2
4,3,3,ShareholderToAggregator,Share,12512,2
4,3,3,ShareholderToAggregator,Share,12512,2
4,3,3,ShareholderToAggregator,Share,12512,2
4,3,3,ShareholderToAggregator,Share,12512,2
4,3,3,ShareholderToAggregator,Share,12512,2
4,3,3,AggregatorBroadcast,SplitDecision,36480,456
4,3,3,ShareholderToAggregator,Share,12512,2
4,3,3,AggregatorBroadcast,SplitDecision,36480,456
4,4,0,ClientToShareholder,CommittedGradientShare,8634816,1368
4,4,0,ShareholderToAggregator,Share,12512,2
4,4,0,AggregatorBroadcast,SplitDecision,36480,456
4,4,1,ClientToShareholder,CommittedGradientShare,17269632,2736
4,4,1,ShareholderToAggregator,Share,12512,2
4,4,1,AggregatorBroadcast,SplitDecision,36480,456
4,4,1,ShareholderToAggregator,Share,12512,2
4,4,1,AggregatorBroadcast,SplitDecision,36480,456
4,4,2,ClientToShareholder,CommittedGradientShare,34539264,5472
4,4,2,ShareholderToAggregator,Share,12512,2
4,4,2,AggregatorBroadcast,SplitDecision,36480,456
4,4,2,ShareholderToAggregator,Share,12512,2
4,4,2,ShareholderToAggregator,Share,12512,2
4,4,2,AggregatorBroadcast,SplitDecision,36480,456
4,4,2,ShareholderToAggregator,Share,12512,2
4,4,2,AggregatorBroadcast,SplitDecision,36480,456
4,4,3,ClientToShareholder,CommittedGradientShare,60443712,9576
4,4,3,ShareholderToAggregator,Share,12512,2
4,4,3,ShareholderToAggregator,Share,12512,2
4,4,3,AggregatorBroadcast,SplitDecision,36480,456
4,4,3,ShareholderToAggregator,Share,12512,2
4,4,3,AggregatorBroadcast,SplitDecision,36480,456
4,4,3,ShareholderToAggregator,Share,12512,2
4,4,3,AggregatorBroadcast,SplitDecision,36480,456
4,4,3,ShareholderToAggregator,Share,12512,2
4,4,3,AggregatorBroadcast,SplitDecision,36480,456
4,4,3,ShareholderToAggregator,Share,12512,2
4,4,3,AggregatorBroadcast,SplitDecision,36480,456
4,4,3,ShareholderToAggregator,Share,12512,2
4,5,0,ClientToShareholder,CommittedGradientShare,8634816,1368
4,5,0,ShareholderToAggregator,Share,12512,2
4,5,0,AggregatorBroadcast,SplitDecision,36480,456
4,5,1,ClientToShareholder,CommittedGradientShare,17269632,2736
4,5,1,ShareholderToAggregator,Share,12512,2
4,5,1,AggregatorBroadcast,SplitDecision,36480,456
4,5,1,ShareholderToAggregator,Share,12512,2
4,5,1,AggregatorBroadcast,SplitDecision,36480,456
4,5,2,ClientToShareholder,CommittedGradientShare,34539264,5472
4,5,2,ShareholderToAggregator,Share,12512,2
4,5,2,AggregatorBroadcast,SplitDecision,36480,456
4,5,2,ShareholderToAggregator,Share,12512,2
4,5,2,AggregatorBroadcast,SplitDecision,36480,456
4,5,2,ShareholderToAggregator,Share,12512,2
4,5,2,AggregatorBroadcast,SplitDecision,36480,456
4,5,2,ShareholderToAggregator,Share,12512,2
4,5,3,ClientToShareholder,CommittedGradientShare,60443712,9576
4,5,3,ShareholderToAggregator,Share,12512,2
4,5,3,ShareholderToAggregator,Share,12512,2
4,5,3,ShareholderToAggregator,Share,12512,2
4,5,3,ShareholderToAggregator,Share,12512,2
4,5,3,AggregatorBroadcast,SplitDecision,36480,456
4,5,3,ShareholderToAggregator,Share,12512,2
4,5,3,AggregatorBroadcast,SplitDecision,36480,456
4,5,3,ShareholderToAggregator,Share,12512,2
4,5,3,ShareholderToAggregator,Share,12512,2
4,6,0,ClientToShareholder,CommittedGradientShare,8634816,1368
4,6,0,ShareholderToAggregator,Share,12512,2
4,6,0,AggregatorBroadcast,SplitDecision,36480,456
4,6,1,ClientToShareholder,CommittedGradientShare,17269632,2736
4,6,1,ShareholderToAggregator,Share,12512,2
4,6,1,AggregatorBroadcast,SplitDecision,36480,456
4,6,1,ShareholderToAggregator,Share,12512,2
4,6,1,AggregatorBroadcast,SplitDecision,36480,456
4,6,2,ClientToShareholder,CommittedGradientShare,34539264,5472
4,6,2,ShareholderToAggregator,Share,12512,2
4,6,2,AggregatorBroadcast,SplitDecision,36480,456
4,6,2,ShareholderToAggregator,Share,12512,2
4,6,2,AggregatorBroadcast,SplitDecision,36480,456
4,6,2,ShareholderToAggregator,Share,12512,2
4,6,2,AggregatorBroadcast,SplitDecision,36480,456
4,6,2,ShareholderToAggregator,Share,12512,2
4,6,2,AggregatorBroadcast,SplitDecision,36480,456
4,6,3,ClientToShareholder,CommittedGradientShare,69078528,10944
4,6,3,ShareholderToAggregator,Share,12512,2
4,6,3,AggregatorBroadcast,SplitDecision,36480,456
4,6,3,ShareholderToAggregator,Share,12512,2
4,6,3,AggregatorBroadcast,SplitDecision,36480,456
4,6,3,ShareholderToAggregator,Share,12512,2
4,6,3,ShareholderToAggregator,Share,12512,2
4,6,3,ShareholderToAggregator,Share,12512,2
4,6,3,ShareholderToAggregator,Share,12512,2
4,6,3,ShareholderToAggregator,Share,12512,2
4,6,3,AggregatorBroadcast,SplitDecision,36480,456
4,6,3,ShareholderToAggregator,Share,12512,2
4,6,3,AggregatorBroadcast,SplitDecision,36480,456
4,7,0,ClientToShareholder,CommittedGradientShare,8634816,1368
4,7,0,ShareholderToAggregator,Share,12512,2
4,7,0,AggregatorBroadcast,SplitDecision,36480,456
4,7,1,ClientToShareholder,CommittedGradientShare,17269632,2736
4,7,1,ShareholderToAggregator,Share,12512,2
4,7,1,AggregatorBroadcast,SplitDecision,36480,456
4,7,1,ShareholderToAggregator,Share,12512,2
4,7,1,AggregatorBroadcast,SplitDecision,36480,456
4,7,2,ClientToShareholder,CommittedGradientShare,34539264,5472
4,7,2,ShareholderToAggregator,Share,12512,2
4,7,2,AggregatorBroadcast,SplitDecision,36480,456
4,7,2,ShareholderToAggregator,Share,12512,2
4,7,2,AggregatorBroadcast,SplitDecision,36480,456
4,7,2,ShareholderToAggregator,Share,12512,2
4,7,2,AggregatorBroadcast,SplitDecision,36480,456
4,7,2,ShareholderToAggregator,Share,12512,2
4,7,2,AggregatorBroadcast,SplitDecision,36480,456
4,7,3,ClientToShareholder,CommittedGradientShare,69078528,10944
4,7,3,ShareholderToAggregator,Share,12512,2
4,7,3,ShareholderToAggregator,Share,12512,2
4,7,3,ShareholderToAggregator,Share,12512,2
4,7,3,AggregatorBroadcast,SplitDecision,36480,456
4,7,3,ShareholderToAggregator,Share,12512,2
4,7,3,AggregatorBroadcast,SplitDecision,36480,456
4,7,3,ShareholderToAggregator,Share,12512,2
4,7,3,ShareholderToAggregator,Share,12512,2
4,7,3,ShareholderToAggregator,Share,12512,2
4,7,3,ShareholderToAggregator,Share,12512,2
4,8,0,ClientToShareholder,CommittedGradientShare,8634816,1368
4,8,0,ShareholderToAggregator,Share,12512,2
4,8,0,AggregatorBroadcast,SplitDecision,36480,456
4,8,1,ClientToShareholder,CommittedGradientShare,17269632,2736
4,8,1,ShareholderToAggregator,Share,12512,2
4,8,1,AggregatorBroadcast,SplitDecision,36480,456
4,8,1,ShareholderToAggregator,Share,12512,2
4,8,1,AggregatorBroadcast,SplitDecision,36480,456
4,8,2,ClientToShareholder,CommittedGradientShare,34539264,5472
4,8,2,ShareholderToAggregator,Share,12512,2
4,8,2,AggregatorBroadcast,SplitDecision,36480,456
4,8,2,ShareholderToAggregator,Share,12512,2
4,8,2,AggregatorBroadcast,SplitDecision,36480,456
4,8,2,ShareholderToAggregator,Share,12512,2
4,8,2,AggregatorBroadcast,SplitDecision,36480,456
4,8,2,ShareholderToAggregator,Share,12512,2
4,8,2,AggregatorBroadcast,SplitDecision,36480,456
4,8,3,ClientToShareholder,CommittedGradientShare,69078528,10944
4,8,3,ShareholderToAggregator,Share,12512,2
4,8,3,AggregatorBroadcast,SplitDecision,36480,456
4,8,3,ShareholderToAggregator,Share,12512,2
4,8,3,AggregatorBroadcast,SplitDecision,36480,456
4,8,3,ShareholderToAggregator,Share,12512,2
4,8,3,ShareholderToAggregator,Share,12512,2
4,8,3,ShareholderToAggregator,Share,12512,2
4,8,3,ShareholderToAggregator,Share,12512,2
4,8,3,ShareholderToAggregator,Share,12512,2
4,8,3,AggregatorBroadcast,SplitDecision,36480,456
4,8,3,ShareholderToAggregator,Share,12512,2
4,8,3,AggregatorBroadcast,SplitDecision,36480,456
4,9,0,ClientToShareholder,CommittedGradientShare,8634816,1368
4,9,0,ShareholderToAggregator,Share,12512,2
4,9,0,AggregatorBroadcast,SplitDecision,36480,456
4,9,1,ClientToShareholder,CommittedGradientShare,17269632,2736
4,9,1,ShareholderToAggregator,Share,12512,2
4,9,1,AggregatorBroadcast,SplitDecision,36480,456
4,9,1,ShareholderToAggregator,Share,12512,2
4,9,1,AggregatorBroadcast,SplitDecision,36480,456
4,9,2,ClientToShareholder,CommittedGradientShare,34539264,5472
4,9,2,ShareholderToAggregator,Share,12512,2
4,9,2,AggregatorBroadcast,SplitDecision,36480,456
4,9,2,ShareholderToAggregator,Share,12512,2
4,9,2,AggregatorBroadcast,SplitDecision,36480,456
4,9,2,ShareholderToAggregator,Share,12512,2
4,9,2,AggregatorBroadcast,SplitDecision,36480,456
4,9,2,ShareholderToAggregator,Share,12512,2
4,9,2,AggregatorBroadcast,SplitDecision,36480,456
4,9,3,ClientToShareholder,CommittedGradientShare,69078528,10944
4,9,3,ShareholderToAggregator,Share,12512,2
4,9,3,ShareholderToAggregator,Share,12512,2
4,9,3,ShareholderToAggregator,Share,12512,2
4,9,3,ShareholderToAggregator,Share,12512,2
4,9,3,ShareholderToAggregator,Share,12512,2
4,9,3,ShareholderToAggregator,Share,12512,2
4,9,3,ShareholderToAggregator,Share,12512,2
4,9,3,AggregatorBroadcast,SplitDecision,36480,456
4,9,3,ShareholderToAggregator,Share,12512,2
4,10,0,ClientToShareholder,CommittedGradientShare,8634816,1368
4,10,0,ShareholderToAggregator,Share,12512,2
4,10,0,AggregatorBroadcast,SplitDecision,36480,456
4,10,1,ClientToShareholder,CommittedGradientShare,17269632,2736
4,10,1,ShareholderToAggregator,Share,12512,2
4,10,1,AggregatorBroadcast,SplitDecision,36480,456
4,10,1,ShareholderToAggregator,Share,12512,2
4,10,1,AggregatorBroadcast,SplitDecision,36480,456
4,10,2,ClientToShareholder,CommittedGradientShare,34539264,5472
4,10,2,ShareholderToAggregator,Share,12512,2
4,10,2,AggregatorBroadcast,SplitDecision,36480,456
4,10,2,ShareholderToAggregator,Share,12512,2
4,10,2,AggregatorBroadcast,SplitDecision,36480,456
4,10,2,ShareholderToAggregator,Share,12512,2
4,10,2,ShareholderToAggregator,Share,12512,2
4,10,2,AggregatorBroadcast,SplitDecision,36480,456
4,10,3,ClientToShareholder,CommittedGradientShare,60443712,9576
4,10,3,ShareholderToAggregator,Share,12512,2
4,10,3,ShareholderToAggregator,Share,12512,2
4,10,3,AggregatorBroadcast,SplitDecision,36480,456
4,10,3,ShareholderToAggregator,Share,12512,2
4,10,3,ShareholderToAggregator,Share,12512,2
4,10,3,ShareholderToAggregator,Share,12512,2
4,10,3,AggregatorBroadcast,SplitDecision,36480,456
4,10,3,ShareholderToAggregator,Share,12512,2
4,10,3,ShareholderToAggregator,Share,12512,2
4,11,0,ClientToShareholder,CommittedGradientShare,8634816,1368
4,11,0,ShareholderToAggregator,Share,12512,2
4,11,0,AggregatorBroadcast,SplitDecision,36480,456
4,11,1,ClientToShareholder,CommittedGradientShare,17269632,2736
4,11,1,ShareholderToAggregator,Share,12512,2
4,11,1,AggregatorBroadcast,SplitDecision,36480,456
4,11,1,ShareholderToAggregator,Share,12512,2
4,11,1,AggregatorBroadcast,SplitDecision,36480,456
4,11,2,ClientToShareholder,CommittedGradientShare,34539264,5472
4,11,2,ShareholderToAggregator,Share,12512,2
4,11,2,AggregatorBroadcast,SplitDecision,36480,456
4,11,2,ShareholderToAggregator,Share,12512,2
4,11,2,AggregatorBroadcast,SplitDecision,36480,456
4,11,2,ShareholderToAggregator,Share,12512,2
4,11,2,AggregatorBroadcast,SplitDecision,36480,456
4,11,2,ShareholderToAggregator,Share,12512,2
4,11,2,AggregatorBroadcast,SplitDecision,36480,456
4,11,3,ClientToShareholder,CommittedGradientShare,69078528,10944
4,11,3,ShareholderToAggregator,Share,12512,2
4,11,3,AggregatorBroadcast,SplitDecision,36480,456
4,11,3,ShareholderToAggregator,Share,12512,2
4,11,3,AggregatorBroadcast,SplitDecision,36480,456
4,11,3,ShareholderToAggregator,Share,12512,2
4,11,3,ShareholderToAggregator,Share,12512,2
4,11,3,ShareholderToAggregator,Share,12512,2
4,11,3,ShareholderToAggregator,Share,12512,2
4,11,3,ShareholderToAggregator,Share,12512,2
4,11,3,ShareholderToAggregator,Share,12512,2
4,12,0,ClientToShareholder,CommittedGradientShare,8634816,1368
4,12,0,ShareholderToAggregator,Share,12512,2
4,12,0,AggregatorBroadcast,SplitDecision,36480,456
4,12,1,ClientToShareholder,CommittedGradientShare,17269632,2736
4,12,1,ShareholderToAggregator,Share,12512,2
4,12,1,AggregatorBroadcast,SplitDecision,36480,456
4,12,1,ShareholderToAggregator,Share,12512,2
4,12,1,AggregatorBroadcast,SplitDecision,36480,456
4,12,2,ClientToShareholder,CommittedGradientShare,34539264,5472
4,12,2,ShareholderToAggregator,Share,12512,2
4,12,2,AggregatorBroadcast,SplitDecision,36480,456
4,12,2,ShareholderToAggregator,Share,12512,2
4,12,2,AggregatorBroadcast,SplitDecision,36480,456
4,12,2,ShareholderToAggregator,Share,12512,2
4,12,2,AggregatorBroadcast,SplitDecision,36480,456
4,12,2,ShareholderToAggregator,Share,12512,2
4,12,3,ClientToShareholder,CommittedGradientShare,60443712,9576
4,12,3,ShareholderToAggregator,Share,12512,2
4,12,3,ShareholderToAggregator,Share,12512,2
4,12,3,ShareholderToAggregator,Share,12512,2
4,12,3,ShareholderToAggregator,Share,12512,2
4,12,3,ShareholderToAggregator,Share,12512,2
4,12,3,ShareholderToAggregator,Share,12512,2
4,12,3,AggregatorBroadcast,SplitDecision,36480,456
4,12,3,ShareholderToAggregator,Share,12512,2
4,12,3,AggregatorBroadcast,SplitDecision,36480,456
4,13,0,ClientToShareholder,CommittedGradientShare,8634816,1368
4,13,0,ShareholderToAggregator,Share,12512,2
4,13,0,AggregatorBroadcast,SplitDecision,36480,456
4,13,1,ClientToShareholder,CommittedGradientShare,17269632,2736
4,13,1,ShareholderToAggregator,Share,12512,2
4,13,1,AggregatorBroadcast,SplitDecision,36480,456
4,13,1,ShareholderToAggregator,Share,12512,2
4,13,1,AggregatorBroadcast,SplitDecision,36480,456
4,13,2,ClientToShareholder,CommittedGradientShare,34539264,5472
4,13,2,ShareholderToAggregator,Share,12512,2
4,13,2,AggregatorBroadcast,SplitDecision,36480,456
4,13,2,ShareholderToAggregator,Share,12512,2
4,13,2,AggregatorBroadcast,SplitDecision,36480,456
4,13,2,ShareholderToAggregator,Share,12512,2
4,13,2,AggregatorBroadcast,SplitDecision,36480,456
4,13,2,ShareholderToAggregator,Share,12512,2
4,13,3,ClientToShareholder,CommittedGradientShare,60443712,9576
4,13,3,ShareholderToAggregator,Share,12512,2
4,13,3,ShareholderToAggregator,Share,12512,2
4,13,3,ShareholderToAggregator,Share,12512,2
4,13,3,ShareholderToAggregator,Share,12512,2
4,13,3,AggregatorBroadcast,SplitDecision,36480,456
4,13,3,ShareholderToAggregator,Share,12512,2
4,13,3,AggregatorBroadcast,SplitDecision,36480,456
4,13,3,ShareholderToAggregator,Share,12512,2
4,13,3,ShareholderToAggregator,Share,12512,2
4,14,0,ClientToShareholder,CommittedGradientShare,8634816,1368
4,14,0,ShareholderToAggregator,Share,12512,2
4,14,0,AggregatorBroadcast,SplitDecision,36480,456
4,14,1,ClientToShareholder,CommittedGradientShare,17269632,2736
4,14,1,ShareholderToAggregator,Share,12512,2
4,14,1,AggregatorBroadcast,SplitDecision,36480,456
4,14,1,ShareholderToAggregator,Share,12512,2
4,14,1,AggregatorBroadcast,SplitDecision,36480,456
4,14,2,ClientToShareholder,CommittedGradientShare,34539264,5472
4,14,2,ShareholderToAggregator,Share,12512,2
4,14,2,AggregatorBroadcast,SplitDecision,36480,456
4,14,2,ShareholderToAggregator,Share,12512,2
4,14,2,AggregatorBroadcast,SplitDecision,36480,456
4,14,2,ShareholderToAggregator,Share,12512,2
4,14,2,AggregatorBroadcast,SplitDecision,36480,456
4,14,2,ShareholderToAggregator,Share,12512,2
4,14,3,ClientToShareholder,CommittedGradientShare,60443712,9576
4,14,3,ShareholderToAggregator,Share,12512,2
4,14,3,ShareholderToAggregator,Share,12512,2
4,14,3,ShareholderToAggregator,Share,12512,2
4,14,3,ShareholderToAggregator,Share,12512,2
4,14,3,AggregatorBroadcast,SplitDecision,36480,456
4,14,3,ShareholderToAggregator,Share,12512,2
4,14,3,AggregatorBroadcast,SplitDecision,36480,456
4,14,3,ShareholderToAggregator,Share,12512,2
4,14,3,ShareholderToAggregator,Share,12512,2
